time,det_valid,det_conf,det_t,det_u,det_v,det_w,det_h,det_theta,u_filtered,v_filtered,area_filtered,sin_filtered,cos_filtered,theta_filtered,e_u,e_v,e_area,e_theta,vx,vy,vz,wx,wy,wz
1773482609,FALSE,,,,,,,,,,,,,,,,,,0,0,0,0,0,0
1773482609,FALSE,,,,,,,,,,,,,,,,,,0,0,0,0,0,0
1773482609,FALSE,,,,,,,,,,,,,,,,,,0,0,0,0,0,0
1773482609,FALSE,,,,,,,,,,,,,,,,,,0,0,0,0,0,0
1773482609,FALSE,,,,,,,,,,,,,,,,,,0,0,0,0,0,0
1773482609,FALSE,,,,,,,,,,,,,,,,,,0,0,0,0,0,0
1773482609,FALSE,,,,,,,,,,,,,,,,,,0,0,0,0,0,0
1773482609,FALSE,,,,,,,,,,,,,,,,,,0,0,0,0,0,0
1773482609,FALSE,,,,,,,,,,,,,,,,,,0,0,0,0,0,0
1773482609,FALSE,,,,,,,,,,,,,,,,,,0,0,0,0,0,0
1773482609,FALSE,,,,,,,,,,,,,,,,,,0,0,0,0,0,0
1773482609,FALSE,,,,,,,,,,,,,,,,,,0,0,0,0,0,0
1773482609,FALSE,,,,,,,,,,,,,,,,,,0,0,0,0,0,0
1773482609,FALSE,,,,,,,,,,,,,,,,,,0,0,0,0,0,0
1773482609,FALSE,,,,,,,,,,,,,,,,,,0,0,0,0,0,0
1773482609,FALSE,,,,,,,,,,,,,,,,,,0,0,0,0,0,0
1773482609,FALSE,,,,,,,,,,,,,,,,,,0,0,0,0,0,0
1773482609,FALSE,,,,,,,,,,,,,,,,,,0,0,0,0,0,0
1773482609,FALSE,,,,,,,,,,,,,,,,,,0,0,0,0,0,0
1773482609,FALSE,,,,,,,,,,,,,,,,,,0,0,0,0,0,0
1773482609,FALSE,,,,,,,,,,,,,,,,,,0,0,0,0,0,0
1773482609,FALSE,,,,,,,,,,,,,,,,,,0,0,0,0,0,0
1773482609,FALSE,,,,,,,,,,,,,,,,,,0,0,0,0,0,0
1773482609,FALSE,,,,,,,,,,,,,,,,,,0,0,0,0,0,0
1773482609,FALSE,,,,,,,,,,,,,,,,,,0,0,0,0,0,0
1773482609,FALSE,,,,,,,,,,,,,,,,,,0,0,0,0,0,0
1773482609,FALSE,,,,,,,,,,,,,,,,,,0,0,0,0,0,0
1773482609,FALSE,,,,,,,,,,,,,,,,,,0,0,0,0,0,0
1773482609,FALSE,,,,,,,,,,,,,,,,,,0,0,0,0,0,0
1773482609,FALSE,,,,,,,,,,,,,,,,,,0,0,0,0,0,0
1773482609,FALSE,,,,,,,,,,,,,,,,,,0,0,0,0,0,0
1773482609,FALSE,,,,,,,,,,,,,,,,,,0,0,0,0,0,0
1773482609,FALSE,,,,,,,,,,,,,,,,,,0,0,0,0,0,0
1773482609,FALSE,,,,,,,,,,,,,,,,,,0,0,0,0,0,0
1773482609,FALSE,,,,,,,,,,,,,,,,,,0,0,0,0,0,0
1773482609,FALSE,,,,,,,,,,,,,,,,,,0,0,0,0,0,0
1773482609,FALSE,,,,,,,,,,,,,,,,,,0,0,0,0,0,0
1773482609,FALSE,,,,,,,,,,,,,,,,,,0,0,0,0,0,0
1773482609,FALSE,,,,,,,,,,,,,,,,,,0,0,0,0,0,0
1773482609,FALSE,,,,,,,,,,,,,,,,,,0,0,0,0,0,0
1773482609,FALSE,,,,,,,,,,,,,,,,,,0,0,0,0,0,0
1773482609,FALSE,,,,,,,,,,,,,,,,,,0,0,0,0,0,0
1773482609,FALSE,,,,,,,,,,,,,,,,,,0,0,0,0,0,0
1773482609,FALSE,,,,,,,,,,,,,,,,,,0,0,0,0,0,0
1773482610,FALSE,,,,,,,,,,,,,,,,,,0,0,0,0,0,0
1773482610,FALSE,,,,,,,,,,,,,,,,,,0,0,0,0,0,0
1773482610,FALSE,,,,,,,,,,,,,,,,,,0,0,0,0,0,0
1773482610,FALSE,,,,,,,,,,,,,,,,,,0,0,0,0,0,0
1773482610,FALSE,,,,,,,,,,,,,,,,,,0,0,0,0,0,0
1773482610,FALSE,,,,,,,,,,,,,,,,,,0,0,0,0,0,0
1773482610,FALSE,,,,,,,,,,,,,,,,,,0,0,0,0,0,0
1773482610,FALSE,,,,,,,,,,,,,,,,,,0,0,0,0,0,0
1773482610,FALSE,,,,,,,,,,,,,,,,,,0,0,0,0,0,0
1773482610,FALSE,,,,,,,,,,,,,,,,,,0,0,0,0,0,0
1773482610,FALSE,,,,,,,,,,,,,,,,,,0,0,0,0,0,0
1773482610,FALSE,,,,,,,,,,,,,,,,,,0,0,0,0,0,0
1773482610,FALSE,,,,,,,,,,,,,,,,,,0,0,0,0,0,0
1773482610,FALSE,,,,,,,,,,,,,,,,,,0,0,0,0,0,0
1773482610,FALSE,,,,,,,,,,,,,,,,,,0,0,0,0,0,0
1773482610,FALSE,,,,,,,,,,,,,,,,,,0,0,0,0,0,0
1773482610,FALSE,,,,,,,,,,,,,,,,,,0,0,0,0,0,0
1773482610,FALSE,,,,,,,,,,,,,,,,,,0,0,0,0,0,0
1773482610,FALSE,,,,,,,,,,,,,,,,,,0,0,0,0,0,0
1773482610,FALSE,,,,,,,,,,,,,,,,,,0,0,0,0,0,0
1773482610,FALSE,,,,,,,,,,,,,,,,,,0,0,0,0,0,0
1773482610,FALSE,,,,,,,,,,,,,,,,,,0,0,0,0,0,0
1773482610,FALSE,,,,,,,,,,,,,,,,,,0,0,0,0,0,0
1773482610,FALSE,,,,,,,,,,,,,,,,,,0,0,0,0,0,0
1773482610,FALSE,,,,,,,,,,,,,,,,,,0,0,0,0,0,0
1773482610,FALSE,,,,,,,,,,,,,,,,,,0,0,0,0,0,0
1773482610,FALSE,,,,,,,,,,,,,,,,,,0,0,0,0,0,0
1773482610,FALSE,,,,,,,,,,,,,,,,,,0,0,0,0,0,0
1773482610,FALSE,,,,,,,,,,,,,,,,,,0,0,0,0,0,0
1773482610,FALSE,,,,,,,,,,,,,,,,,,0,0,0,0,0,0
1773482610,FALSE,,,,,,,,,,,,,,,,,,0,0,0,0,0,0
1773482610,FALSE,,,,,,,,,,,,,,,,,,0,0,0,0,0,0
1773482610,FALSE,,,,,,,,,,,,,,,,,,0,0,0,0,0,0
1773482610,FALSE,,,,,,,,,,,,,,,,,,0,0,0,0,0,0
1773482610,FALSE,,,,,,,,,,,,,,,,,,0,0,0,0,0,0
1773482610,FALSE,,,,,,,,,,,,,,,,,,0,0,0,0,0,0
1773482610,FALSE,,,,,,,,,,,,,,,,,,0,0,0,0,0,0
1773482610,FALSE,,,,,,,,,,,,,,,,,,0,0,0,0,0,0
1773482610,FALSE,,,,,,,,,,,,,,,,,,0,0,0,0,0,0
1773482610,FALSE,,,,,,,,,,,,,,,,,,0,0,0,0,0,0
1773482610,FALSE,,,,,,,,,,,,,,,,,,0,0,0,0,0,0
1773482610,FALSE,,,,,,,,,,,,,,,,,,0,0,0,0,0,0
1773482610,FALSE,,,,,,,,,,,,,,,,,,0,0,0,0,0,0
1773482610,FALSE,,,,,,,,,,,,,,,,,,0,0,0,0,0,0
1773482610,FALSE,,,,,,,,,,,,,,,,,,0,0,0,0,0,0
1773482610,FALSE,,,,,,,,,,,,,,,,,,0,0,0,0,0,0
1773482610,FALSE,,,,,,,,,,,,,,,,,,0,0,0,0,0,0
1773482610,FALSE,,,,,,,,,,,,,,,,,,0,0,0,0,0,0
1773482610,FALSE,,,,,,,,,,,,,,,,,,0,0,0,0,0,0
1773482610,FALSE,,,,,,,,,,,,,,,,,,0,0,0,0,0,0
1773482610,FALSE,,,,,,,,,,,,,,,,,,0,0,0,0,0,0
1773482610,FALSE,,,,,,,,,,,,,,,,,,0,0,0,0,0,0
1773482613,FALSE,,,,,,,,,,,,,,,,,,0,0,0,0,0,0
1773482613,FALSE,,,,,,,,,,,,,,,,,,0,0,0,0,0,0
1773482613,FALSE,,,,,,,,,,,,,,,,,,0,0,0,0,0,0
1773482613,FALSE,,,,,,,,,,,,,,,,,,0,0,0,0,0,0
1773482613,FALSE,,,,,,,,,,,,,,,,,,0,0,0,0,0,0
1773482613,FALSE,,,,,,,,,,,,,,,,,,0,0,0,0,0,0
1773482613,FALSE,,,,,,,,,,,,,,,,,,0,0,0,0,0,0
1773482613,FALSE,,,,,,,,,,,,,,,,,,0,0,0,0,0,0
1773482613,FALSE,,,,,,,,,,,,,,,,,,0,0,0,0,0,0
1773482613,FALSE,,,,,,,,,,,,,,,,,,0,0,0,0,0,0
1773482613,FALSE,,,,,,,,,,,,,,,,,,0,0,0,0,0,0
1773482613,FALSE,,,,,,,,,,,,,,,,,,0,0,0,0,0,0
1773482613,FALSE,,,,,,,,,,,,,,,,,,0,0,0,0,0,0
1773482613,FALSE,,,,,,,,,,,,,,,,,,0,0,0,0,0,0
1773482613,FALSE,,,,,,,,,,,,,,,,,,0,0,0,0,0,0
1773482613,FALSE,,,,,,,,,,,,,,,,,,0,0,0,0,0,0
1773482613,FALSE,,,,,,,,,,,,,,,,,,0,0,0,0,0,0
1773482613,FALSE,,,,,,,,,,,,,,,,,,0,0,0,0,0,0
1773482613,FALSE,,,,,,,,,,,,,,,,,,0,0,0,0,0,0
1773482613,FALSE,,,,,,,,,,,,,,,,,,0,0,0,0,0,0
1773482613,FALSE,,,,,,,,,,,,,,,,,,0,0,0,0,0,0
1773482613,FALSE,,,,,,,,,,,,,,,,,,0,0,0,0,0,0
1773482613,FALSE,,,,,,,,,,,,,,,,,,0,0,0,0,0,0
1773482613,FALSE,,,,,,,,,,,,,,,,,,0,0,0,0,0,0
1773482613,FALSE,,,,,,,,,,,,,,,,,,0,0,0,0,0,0
1773482613,FALSE,,,,,,,,,,,,,,,,,,0,0,0,0,0,0
1773482613,FALSE,,,,,,,,,,,,,,,,,,0,0,0,0,0,0
1773482613,FALSE,,,,,,,,,,,,,,,,,,0,0,0,0,0,0
1773482613,FALSE,,,,,,,,,,,,,,,,,,0,0,0,0,0,0
1773482613,FALSE,,,,,,,,,,,,,,,,,,0,0,0,0,0,0
1773482613,FALSE,,,,,,,,,,,,,,,,,,0,0,0,0,0,0
1773482613,FALSE,,,,,,,,,,,,,,,,,,0,0,0,0,0,0
1773482613,FALSE,,,,,,,,,,,,,,,,,,0,0,0,0,0,0
1773482613,FALSE,,,,,,,,,,,,,,,,,,0,0,0,0,0,0
1773482613,FALSE,,,,,,,,,,,,,,,,,,0,0,0,0,0,0
1773482613,FALSE,,,,,,,,,,,,,,,,,,0,0,0,0,0,0
1773482613,FALSE,,,,,,,,,,,,,,,,,,0,0,0,0,0,0
1773482613,FALSE,,,,,,,,,,,,,,,,,,0,0,0,0,0,0
1773482613,FALSE,,,,,,,,,,,,,,,,,,0,0,0,0,0,0
1773482613,FALSE,,,,,,,,,,,,,,,,,,0,0,0,0,0,0
1773482613,FALSE,,,,,,,,,,,,,,,,,,0,0,0,0,0,0
1773482613,FALSE,,,,,,,,,,,,,,,,,,0,0,0,0,0,0
1773482613,FALSE,,,,,,,,,,,,,,,,,,0,0,0,0,0,0
1773482613,FALSE,,,,,,,,,,,,,,,,,,0,0,0,0,0,0
1773482613,FALSE,,,,,,,,,,,,,,,,,,0,0,0,0,0,0
1773482613,FALSE,,,,,,,,,,,,,,,,,,0,0,0,0,0,0
1773482613,FALSE,,,,,,,,,,,,,,,,,,0,0,0,0,0,0
1773482613,FALSE,,,,,,,,,,,,,,,,,,0,0,0,0,0,0
1773482613,FALSE,,,,,,,,,,,,,,,,,,0,0,0,0,0,0
1773482613,FALSE,,,,,,,,,,,,,,,,,,0,0,0,0,0,0
1773482613,FALSE,,,,,,,,,,,,,,,,,,0,0,0,0,0,0
1773482613,FALSE,,,,,,,,,,,,,,,,,,0,0,0,0,0,0
1773482613,FALSE,,,,,,,,,,,,,,,,,,0,0,0,0,0,0
1773482613,FALSE,,,,,,,,,,,,,,,,,,0,0,0,0,0,0
1773482613,FALSE,,,,,,,,,,,,,,,,,,0,0,0,0,0,0
1773482613,FALSE,,,,,,,,,,,,,,,,,,0,0,0,0,0,0
1773482613,FALSE,,,,,,,,,,,,,,,,,,0,0,0,0,0,0
1773482613,FALSE,,,,,,,,,,,,,,,,,,0,0,0,0,0,0
1773482613,FALSE,,,,,,,,,,,,,,,,,,0,0,0,0,0,0
1773482613,FALSE,,,,,,,,,,,,,,,,,,0,0,0,0,0,0
1773482613,FALSE,,,,,,,,,,,,,,,,,,0,0,0,0,0,0
1773482613,FALSE,,,,,,,,,,,,,,,,,,0,0,0,0,0,0
1773482613,FALSE,,,,,,,,,,,,,,,,,,0,0,0,0,0,0
1773482613,FALSE,,,,,,,,,,,,,,,,,,0,0,0,0,0,0
1773482613,FALSE,,,,,,,,,,,,,,,,,,0,0,0,0,0,0
1773482613,FALSE,,,,,,,,,,,,,,,,,,0,0,0,0,0,0
1773482613,FALSE,,,,,,,,,,,,,,,,,,0,0,0,0,0,0
1773482613,FALSE,,,,,,,,,,,,,,,,,,0,0,0,0,0,0
1773482613,FALSE,,,,,,,,,,,,,,,,,,0,0,0,0,0,0
1773482613,FALSE,,,,,,,,,,,,,,,,,,0,0,0,0,0,0
1773482613,FALSE,,,,,,,,,,,,,,,,,,0,0,0,0,0,0
1773482613,FALSE,,,,,,,,,,,,,,,,,,0,0,0,0,0,0
1773482613,FALSE,,,,,,,,,,,,,,,,,,0,0,0,0,0,0
1773482613,FALSE,,,,,,,,,,,,,,,,,,0,0,0,0,0,0
1773482613,FALSE,,,,,,,,,,,,,,,,,,0,0,0,0,0,0
1773482613,FALSE,,,,,,,,,,,,,,,,,,0,0,0,0,0,0
1773482613,FALSE,,,,,,,,,,,,,,,,,,0,0,0,0,0,0
1773482613,FALSE,,,,,,,,,,,,,,,,,,0,0,0,0,0,0
1773482613,FALSE,,,,,,,,,,,,,,,,,,0,0,0,0,0,0
1773482613,FALSE,,,,,,,,,,,,,,,,,,0,0,0,0,0,0
1773482613,FALSE,,,,,,,,,,,,,,,,,,0,0,0,0,0,0
1773482613,FALSE,,,,,,,,,,,,,,,,,,0,0,0,0,0,0
1773482613,FALSE,,,,,,,,,,,,,,,,,,0,0,0,0,0,0
1773482613,FALSE,,,,,,,,,,,,,,,,,,0,0,0,0,0,0
1773482613,FALSE,,,,,,,,,,,,,,,,,,0,0,0,0,0,0
1773482613,FALSE,,,,,,,,,,,,,,,,,,0,0,0,0,0,0
1773482613,FALSE,,,,,,,,,,,,,,,,,,0,0,0,0,0,0
1773482613,FALSE,,,,,,,,,,,,,,,,,,0,0,0,0,0,0
1773482613,FALSE,,,,,,,,,,,,,,,,,,0,0,0,0,0,0
1773482613,FALSE,,,,,,,,,,,,,,,,,,0,0,0,0,0,0
1773482613,FALSE,,,,,,,,,,,,,,,,,,0,0,0,0,0,0
1773482614,FALSE,,,,,,,,,,,,,,,,,,0,0,0,0,0,0
1773482614,FALSE,,,,,,,,,,,,,,,,,,0,0,0,0,0,0
1773482614,FALSE,,,,,,,,,,,,,,,,,,0,0,0,0,0,0
1773482614,FALSE,,,,,,,,,,,,,,,,,,0,0,0,0,0,0
1773482614,FALSE,,,,,,,,,,,,,,,,,,0,0,0,0,0,0
1773482614,FALSE,,,,,,,,,,,,,,,,,,0,0,0,0,0,0
1773482614,FALSE,,,,,,,,,,,,,,,,,,0,0,0,0,0,0
1773482614,FALSE,,,,,,,,,,,,,,,,,,0,0,0,0,0,0
1773482614,FALSE,,,,,,,,,,,,,,,,,,0,0,0,0,0,0
1773482614,FALSE,,,,,,,,,,,,,,,,,,0,0,0,0,0,0
1773482614,FALSE,,,,,,,,,,,,,,,,,,0,0,0,0,0,0
1773482614,FALSE,,,,,,,,,,,,,,,,,,0,0,0,0,0,0
1773482614,FALSE,,,,,,,,,,,,,,,,,,0,0,0,0,0,0
1773482614,FALSE,,,,,,,,,,,,,,,,,,0,0,0,0,0,0
1773482614,FALSE,,,,,,,,,,,,,,,,,,0,0,0,0,0,0
1773482614,FALSE,,,,,,,,,,,,,,,,,,0,0,0,0,0,0
1773482614,FALSE,,,,,,,,,,,,,,,,,,0,0,0,0,0,0
1773482614,FALSE,,,,,,,,,,,,,,,,,,0,0,0,0,0,0
1773482614,FALSE,,,,,,,,,,,,,,,,,,0,0,0,0,0,0
1773482614,FALSE,,,,,,,,,,,,,,,,,,0,0,0,0,0,0
1773482614,FALSE,,,,,,,,,,,,,,,,,,0,0,0,0,0,0
1773482614,FALSE,,,,,,,,,,,,,,,,,,0,0,0,0,0,0
1773482614,FALSE,,,,,,,,,,,,,,,,,,0,0,0,0,0,0
1773482614,FALSE,,,,,,,,,,,,,,,,,,0,0,0,0,0,0
1773482614,FALSE,,,,,,,,,,,,,,,,,,0,0,0,0,0,0
1773482614,FALSE,,,,,,,,,,,,,,,,,,0,0,0,0,0,0
1773482614,FALSE,,,,,,,,,,,,,,,,,,0,0,0,0,0,0
1773482614,FALSE,,,,,,,,,,,,,,,,,,0,0,0,0,0,0
1773482614,FALSE,,,,,,,,,,,,,,,,,,0,0,0,0,0,0
1773482614,FALSE,,,,,,,,,,,,,,,,,,0,0,0,0,0,0
1773482614,FALSE,,,,,,,,,,,,,,,,,,0,0,0,0,0,0
1773482614,FALSE,,,,,,,,,,,,,,,,,,0,0,0,0,0,0
1773482614,FALSE,,,,,,,,,,,,,,,,,,0,0,0,0,0,0
1773482614,FALSE,,,,,,,,,,,,,,,,,,0,0,0,0,0,0
1773482614,FALSE,,,,,,,,,,,,,,,,,,0,0,0,0,0,0
1773482614,FALSE,,,,,,,,,,,,,,,,,,0,0,0,0,0,0
1773482614,FALSE,,,,,,,,,,,,,,,,,,0,0,0,0,0,0
1773482614,FALSE,,,,,,,,,,,,,,,,,,0,0,0,0,0,0
1773482614,FALSE,,,,,,,,,,,,,,,,,,0,0,0,0,0,0
1773482614,FALSE,,,,,,,,,,,,,,,,,,0,0,0,0,0,0
1773482614,FALSE,,,,,,,,,,,,,,,,,,0,0,0,0,0,0
1773482614,FALSE,,,,,,,,,,,,,,,,,,0,0,0,0,0,0
1773482614,FALSE,,,,,,,,,,,,,,,,,,0,0,0,0,0,0
1773482614,FALSE,,,,,,,,,,,,,,,,,,0,0,0,0,0,0
1773482614,FALSE,,,,,,,,,,,,,,,,,,0,0,0,0,0,0
1773482614,FALSE,,,,,,,,,,,,,,,,,,0,0,0,0,0,0
1773482614,FALSE,,,,,,,,,,,,,,,,,,0,0,0,0,0,0
1773482614,FALSE,,,,,,,,,,,,,,,,,,0,0,0,0,0,0
1773482614,FALSE,,,,,,,,,,,,,,,,,,0,0,0,0,0,0
1773482614,FALSE,,,,,,,,,,,,,,,,,,0,0,0,0,0,0
1773482614,FALSE,,,,,,,,,,,,,,,,,,0,0,0,0,0,0
1773482614,FALSE,,,,,,,,,,,,,,,,,,0,0,0,0,0,0
1773482614,FALSE,,,,,,,,,,,,,,,,,,0,0,0,0,0,0
1773482614,FALSE,,,,,,,,,,,,,,,,,,0,0,0,0,0,0
1773482614,FALSE,,,,,,,,,,,,,,,,,,0,0,0,0,0,0
1773482614,FALSE,,,,,,,,,,,,,,,,,,0,0,0,0,0,0
1773482614,FALSE,,,,,,,,,,,,,,,,,,0,0,0,0,0,0
1773482614,FALSE,,,,,,,,,,,,,,,,,,0,0,0,0,0,0
1773482614,FALSE,,,,,,,,,,,,,,,,,,0,0,0,0,0,0
1773482614,FALSE,,,,,,,,,,,,,,,,,,0,0,0,0,0,0
1773482614,FALSE,,,,,,,,,,,,,,,,,,0,0,0,0,0,0
1773482614,FALSE,,,,,,,,,,,,,,,,,,0,0,0,0,0,0
1773482614,FALSE,,,,,,,,,,,,,,,,,,0,0,0,0,0,0
1773482614,FALSE,,,,,,,,,,,,,,,,,,0,0,0,0,0,0
1773482614,FALSE,,,,,,,,,,,,,,,,,,0,0,0,0,0,0
1773482614,FALSE,,,,,,,,,,,,,,,,,,0,0,0,0,0,0
1773482614,FALSE,,,,,,,,,,,,,,,,,,0,0,0,0,0,0
1773482614,FALSE,,,,,,,,,,,,,,,,,,0,0,0,0,0,0
1773482614,FALSE,,,,,,,,,,,,,,,,,,0,0,0,0,0,0
1773482614,FALSE,,,,,,,,,,,,,,,,,,0,0,0,0,0,0
1773482614,FALSE,,,,,,,,,,,,,,,,,,0,0,0,0,0,0
1773482614,FALSE,,,,,,,,,,,,,,,,,,0,0,0,0,0,0
1773482614,FALSE,,,,,,,,,,,,,,,,,,0,0,0,0,0,0
1773482614,FALSE,,,,,,,,,,,,,,,,,,0,0,0,0,0,0
1773482614,FALSE,,,,,,,,,,,,,,,,,,0,0,0,0,0,0
1773482614,FALSE,,,,,,,,,,,,,,,,,,0,0,0,0,0,0
1773482614,FALSE,,,,,,,,,,,,,,,,,,0,0,0,0,0,0
1773482614,FALSE,,,,,,,,,,,,,,,,,,0,0,0,0,0,0
1773482614,FALSE,,,,,,,,,,,,,,,,,,0,0,0,0,0,0
1773482614,FALSE,,,,,,,,,,,,,,,,,,0,0,0,0,0,0
1773482614,FALSE,,,,,,,,,,,,,,,,,,0,0,0,0,0,0
1773482614,FALSE,,,,,,,,,,,,,,,,,,0,0,0,0,0,0
1773482614,FALSE,,,,,,,,,,,,,,,,,,0,0,0,0,0,0
1773482614,FALSE,,,,,,,,,,,,,,,,,,0,0,0,0,0,0
1773482614,FALSE,,,,,,,,,,,,,,,,,,0,0,0,0,0,0
1773482614,FALSE,,,,,,,,,,,,,,,,,,0,0,0,0,0,0
1773482614,TRUE,0.8277932,1773482614,221.54297,173.06348,18.877018,7.615701,0.7886693,221.54297,173.06348,143.76173,0.709416028,0.704789968,0.788669288,-98.45703,-66.93652,-22356.238,-0.788669288,0.05,0.040161915,-0.03,0,0,-0.6
1773482614,TRUE,0.8277932,1773482614,221.54297,173.06348,18.877018,7.615701,0.7886693,221.54297,173.06348,143.76173,0.709416028,0.704789968,0.788669288,-98.45703,-66.93652,-22356.238,-0.788669288,0.05,0.040161915,-0.03,0,0,-0.6
1773482614,TRUE,0.8277932,1773482614,221.54297,173.06348,18.877018,7.615701,0.7886693,221.54297,173.06348,143.76173,0.709416028,0.704789968,0.788669288,-98.45703,-66.93652,-22356.238,-0.788669288,0.05,0.040161915,-0.03,0,0,-0.6
1773482614,TRUE,0.8277932,1773482614,221.54297,173.06348,18.877018,7.615701,0.7886693,221.54297,173.06348,143.76173,0.709416028,0.704789968,0.788669288,-98.45703,-66.93652,-22356.238,-0.788669288,0.05,0.040161915,-0.03,0,0,-0.6
1773482614,TRUE,0.8277932,1773482614,221.54297,173.06348,18.877018,7.615701,0.7886693,221.54297,173.06348,143.76173,0.709416028,0.704789968,0.788669288,-98.45703,-66.93652,-22356.238,-0.788669288,0.05,0.040161915,-0.03,0,0,-0.6
1773482614,TRUE,0.8277932,1773482614,221.54297,173.06348,18.877018,7.615701,0.7886693,221.54297,173.06348,143.76173,0.709416028,0.704789968,0.788669288,-98.45703,-66.93652,-22356.238,-0.788669288,0.05,0.040161915,-0.03,0,0,-0.6
1773482614,TRUE,0.8277932,1773482614,221.54297,173.06348,18.877018,7.615701,0.7886693,221.54297,173.06348,143.76173,0.709416028,0.704789968,0.788669288,-98.45703,-66.93652,-22356.238,-0.788669288,0.05,0.040161915,-0.03,0,0,-0.6
1773482614,TRUE,0.8165887,1773482614,221.7173,173.20117,19.023205,7.568784,0.7861642,221.58655,173.0979,143.81822,0.708974086,0.705233698,0.788043022,-98.41345,-66.9021,-22356.182,-0.788043022,0.05,0.040141262,-0.03,0,0,-0.6
1773482614,TRUE,0.8165887,1773482614,221.7173,173.20117,19.023205,7.568784,0.7861642,221.61923,173.12372,143.86003,0.70864263,0.705566495,0.787573323,-98.38077,-66.87628,-22356.14,-0.787573323,0.05,0.040125772,-0.03,0,0,-0.6
1773482615,TRUE,0.8165887,1773482614,221.7173,173.20117,19.023205,7.568784,0.7861642,221.64374,173.14308,143.89107,0.708394038,0.705816093,0.787221048,-98.35626,-66.85692,-22356.11,-0.787221048,0.05,0.040114153,-0.03,0,0,-0.6
1773482615,TRUE,0.8165887,1773482614,221.7173,173.20117,19.023205,7.568784,0.7861642,221.66212,173.15761,143.91417,0.708207593,0.706003291,0.786956842,-98.337875,-66.84239,-22356.086,-0.786956842,0.05,0.040105436,-0.03,0,0,-0.6
1773482615,TRUE,0.8165887,1773482614,221.7173,173.20117,19.023205,7.568784,0.7861642,221.67592,173.1685,143.93138,0.70806776,0.70614369,0.786758687,-98.32408,-66.8315,-22356.068,-0.786758687,0.05,0.0400989,-0.03,0,0,-0.6
1773482615,TRUE,0.8165887,1773482614,221.7173,173.20117,19.023205,7.568784,0.7861642,221.68626,173.17667,143.94424,0.707962885,0.70624899,0.786610071,-98.313736,-66.82333,-22356.057,-0.786610071,0.05,0.040094003,-0.03,0,0,-0.6
1773482615,TRUE,0.8165887,1773482614,221.7173,173.20117,19.023205,7.568784,0.7861642,221.69402,173.1828,143.95387,0.707884229,0.706327964,0.78649861,-98.305984,-66.8172,-22356.047,-0.78649861,0.05,0.040090322,-0.03,0,0,-0.6
1773482615,TRUE,0.82463163,1773482615,221.906,173.41956,19.409847,7.916779,0.79963785,221.74701,173.24199,146.35526,0.710189105,0.703987586,0.789783386,-98.25299,-66.75801,-22353.645,-0.789783386,0.05,0.04005481,-0.03,0,0,-0.6
1773482615,TRUE,0.82463163,1773482615,221.906,173.41956,19.409847,7.916779,0.79963785,221.78676,173.28638,148.16766,0.711917763,0.702232302,0.792247019,-98.21324,-66.71362,-22351.832,-0.792247019,0.05,0.040028177,-0.03,0,0,-0.6
1773482615,TRUE,0.82463163,1773482615,221.906,173.41956,19.409847,7.916779,0.79963785,221.81657,173.31967,149.53337,0.713214256,0.700915839,0.794094751,-98.183426,-66.68033,-22350.467,-0.794094751,0.05,0.0400082,-0.03,0,0,-0.6
1773482615,TRUE,0.82463163,1773482615,221.906,173.41956,19.409847,7.916779,0.79963785,221.83893,173.34464,150.56128,0.714186625,0.699928492,0.795480546,-98.16107,-66.655365,-22349.44,-0.795480546,0.05,0.03999322,-0.03,0,0,-0.6
1773482615,TRUE,0.82463163,1773482615,221.906,173.41956,19.409847,7.916779,0.79963785,221.8557,173.36337,151.33421,0.714915903,0.699187982,0.796519887,-98.1443,-66.63663,-22348.666,-0.796519887,0.05,0.03998198,-0.03,0,0,-0.6
1773482615,TRUE,0.82463163,1773482615,221.906,173.41956,19.409847,7.916779,0.79963785,221.86827,173.37741,151.91507,0.71546286,0.698632599,0.797299387,-98.13173,-66.62259,-22348.084,-0.797299387,0.05,0.039973557,-0.03,0,0,-0.6
1773482615,TRUE,0.82463163,1773482615,221.906,173.41956,19.409847,7.916779,0.79963785,221.8777,173.38794,152.35135,0.715873079,0.698216062,0.797884009,-98.1223,-66.61206,-22347.648,-0.797884009,0.05,0.03996724,-0.03,0,0,-0.6
1773482615,TRUE,0.77563953,1773482615,221.92503,173.47365,19.385725,7.9073052,0.8141115,221.88954,173.40936,152.58551,0.718683784,0.695290729,0.801940839,-98.11046,-66.59064,-22347.414,-0.801940839,0.05,0.039954383,-0.03,0,0,-0.6
1773482615,TRUE,0.77563953,1773482615,221.92503,173.47365,19.385725,7.9073052,0.8141115,221.89842,173.42543,152.76123,0.720791812,0.693096728,0.804983542,-98.10158,-66.57457,-22347.238,-0.804983542,0.05,0.039944742,-0.03,0,0,-0.6
1773482615,TRUE,0.77563953,1773482615,221.92503,173.47365,19.385725,7.9073052,0.8141115,221.90508,173.43748,152.89307,0.722372833,0.691451228,0.807265578,-98.094925,-66.562515,-22347.107,-0.807265578,0.05,0.03993751,-0.03,0,0,-0.6
1773482615,TRUE,0.77563953,1773482615,221.92503,173.47365,19.385725,7.9073052,0.8141115,221.91006,173.44652,152.99197,0.7235586,0.690217103,0.808977093,-98.089935,-66.55348,-22347.008,-0.808977093,0.05,0.03993209,-0.03,0,0,-0.6
1773482615,TRUE,0.77563953,1773482615,221.92503,173.47365,19.385725,7.9073052,0.8141115,221.91382,173.4533,153.06618,0.724447924,0.689291509,0.810260716,-98.08618,-66.54671,-22346.934,-0.810260716,0.05,0.039928026,-0.03,0,0,-0.6
1773482615,TRUE,0.77563953,1773482615,221.92503,173.47365,19.385725,7.9073052,0.8141115,221.91663,173.45837,153.12183,0.725114917,0.688597314,0.811223423,-98.083374,-66.541626,-22346.879,-0.811223423,0.05,0.03992498,-0.03,0,0,-0.6
1773482615,TRUE,0.5156835,1773482615,222.36566,173.98366,20.008986,8.064709,0.81210464,222.02888,173.58969,155.16373,0.725270367,0.688441121,0.811443731,-97.971115,-66.41031,-22344.836,-0.811443731,0.05,0.039846186,-0.03,0,0,-0.6
1773482615,TRUE,0.5156835,1773482615,222.36566,173.98366,20.008986,8.064709,0.81210464,222.11308,173.68817,156.7036,0.725386955,0.688323976,0.811608961,-97.88692,-66.31183,-22343.297,-0.811608961,0.05,0.0397871,-0.03,0,0,-0.6
1773482615,TRUE,0.5156835,1773482615,222.36566,173.98366,20.008986,8.064709,0.81210464,222.17622,173.76204,157.86325,0.725474395,0.688236117,0.811732882,-97.82378,-66.23796,-22342.137,-0.811732882,0.05,0.03974278,-0.03,0,0,-0.6
1773482615,TRUE,0.5156835,1773482615,222.36566,173.98366,20.008986,8.064709,0.81210464,222.22359,173.81744,158.73567,0.725539976,0.688170223,0.811825823,-97.77641,-66.182556,-22341.264,-0.811825823,0.05,0.039709534,-0.03,0,0,-0.6
1773482615,TRUE,0.5156835,1773482615,222.36566,173.98366,20.008986,8.064709,0.81210464,222.25911,173.859,159.39148,0.725589161,0.688120803,0.811895528,-97.74089,-66.14101,-22340.61,-0.811895528,0.05,0.039684605,-0.03,0,0,-0.6
1773482615,TRUE,0.5156835,1773482615,222.36566,173.98366,20.008986,8.064709,0.81210464,222.28575,173.89015,159.88417,0.72562605,0.688083738,0.811947807,-97.71425,-66.10985,-22340.115,-0.811947807,0.05,0.03966591,-0.03,0,0,-0.6
1773482615,TRUE,0.5156835,1773482615,222.36566,173.98366,20.008986,8.064709,0.81210464,222.30573,173.91353,160.25418,0.725653717,0.688055939,0.811987016,-97.694275,-66.08647,-22339.746,-0.811987016,0.05,0.039651886,-0.03,0,0,-0.6
1773482615,TRUE,0.29914078,1773482615,223.72879,175.81099,22.10462,8.714146,0.8260088,222.6615,174.3879,168.072,0.728048271,0.685495857,0.815492426,-97.3385,-65.61211,-22331.928,-0.815492426,0.05,0.039367266,-0.03,0,0,-0.6
1773482615,TRUE,0.29914078,1773482615,223.72879,175.81099,22.10462,8.714146,0.8260088,222.92831,174.74367,174.0554,0.729844187,0.683575795,0.818121541,-97.071686,-65.25633,-22325.945,-0.818121541,0.05,0.039153803,-0.03,0,0,-0.6
1773482615,TRUE,0.29914078,1773482615,223.72879,175.81099,22.10462,8.714146,0.8260088,223.12842,175.0105,178.61047,0.731191124,0.682135749,0.820093385,-96.87158,-64.9895,-22321.389,-0.820093385,0.05,0.0389937,-0.03,0,0,-0.6
1773482615,TRUE,0.29914078,1773482615,223.72879,175.81099,22.10462,8.714146,0.8260088,223.2785,175.21062,182.06474,0.732201326,0.681055715,0.821572263,-96.7215,-64.78938,-22317.936,-0.821572263,0.05,0.03887363,-0.03,0,0,-0.6
1773482615,TRUE,0.29914078,1773482615,223.72879,175.81099,22.10462,8.714146,0.8260088,223.39108,175.3607,184.67682,0.732958978,0.680245689,0.822681413,-96.60892,-64.6393,-22315.322,-0.822681413,0.05,0.03878358,-0.03,0,0,-0.6
1773482615,TRUE,0.29914078,1773482615,223.72879,175.81099,22.10462,8.714146,0.8260088,223.4755,175.47327,186.64789,0.733527217,0.679638169,0.82351327,-96.524506,-64.52673,-22313.352,-0.82351327,0.05,0.03871604,-0.03,0,0,-0.6
1773482615,TRUE,0.29914078,1773482615,223.72879,175.81099,22.10462,8.714146,0.8260088,223.53882,175.5577,188.13295,0.733953397,0.67918253,0.824137158,-96.46118,-64.44231,-22311.867,-0.824137158,0.05,0.038665384,-0.03,0,0,-0.6
1773482615,TRUE,0.29914078,1773482615,223.72879,175.81099,22.10462,8.714146,0.8260088,223.5863,175.62102,189.25053,0.734273031,0.6788408,0.824605072,-96.4137,-64.37898,-22310.75,-0.824605072,0.05,0.03862739,-0.03,0,0,-0.6
1773482615,TRUE,0.29914078,1773482615,223.72879,175.81099,22.10462,8.714146,0.8260088,223.62192,175.6685,190.09088,0.734512757,0.678584503,0.824956006,-96.37808,-64.3315,-22309.908,-0.824956006,0.05,0.0385989,-0.03,0,0,-0.6
1773482615,TRUE,0.29914078,1773482615,223.72879,175.81099,22.10462,8.714146,0.8260088,223.64862,175.70412,190.72235,0.734692551,0.67839228,0.825219205,-96.35138,-64.29588,-22309.277,-0.825219205,0.05,0.03857753,-0.03,0,0,-0.6
1773482615,TRUE,0.29914078,1773482615,223.72879,175.81099,22.10462,8.714146,0.8260088,223.66867,175.73083,191.19661,0.734827397,0.678248113,0.825416604,-96.33133,-64.269165,-22308.803,-0.825416604,0.05,0.0385615,-0.03,0,0,-0.6
1773482615,TRUE,0.29914078,1773482615,223.72879,175.81099,22.10462,8.714146,0.8260088,223.68369,175.75087,191.55267,0.734928531,0.678139987,0.825564652,-96.316315,-64.24913,-22308.447,-0.825564652,0.05,0.03854948,-0.03,0,0,-0.6
1773482615,TRUE,0.29914078,1773482615,223.72879,175.81099,22.10462,8.714146,0.8260088,223.69495,175.7659,191.81995,0.735004382,0.678058893,0.825675689,-96.30505,-64.2341,-22308.18,-0.825675689,0.05,0.038540464,-0.03,0,0,-0.6
1773482615,TRUE,0.39976725,1773482615,225.18819,179.11798,22.912256,9.138661,0.81039184,224.06825,176.60393,196.14081,0.73239261,0.680847813,0.821854776,-95.93175,-63.396072,-22303.86,-0.821854776,0.05,0.038037647,-0.03,0,0,-0.6
1773482615,TRUE,0.39976725,1773482615,225.18819,179.11798,22.912256,9.138661,0.81039184,224.34824,177.23244,199.41252,0.730433781,0.682939503,0.818989016,-95.651764,-62.767563,-22300.588,-0.818989016,0.05,0.03766054,-0.03,0,0,-0.6
1773482615,TRUE,0.39976725,1773482615,225.18819,179.11798,22.912256,9.138661,0.81039184,224.55821,177.70383,201.88376,0.728964659,0.684508271,0.816839684,-95.44179,-62.296173,-22298.117,-0.816839684,0.05,0.037377704,-0.03,0,0,-0.6
1773482615,TRUE,0.39976725,1773482615,225.18819,179.11798,22.912256,9.138661,0.81039184,224.7157,178.05736,203.74702,0.727862818,0.685684846,0.815227692,-95.2843,-61.942642,-22296.254,-0.815227692,0.05,0.037165586,-0.03,0,0,-0.6
1773482615,TRUE,0.39976725,1773482615,225.18819,179.11798,22.912256,9.138661,0.81039184,224.83382,178.32251,205.15,0.727036437,0.686567278,0.814018708,-95.16618,-61.67749,-22294.85,-0.814018708,0.05,0.037006497,-0.03,0,0,-0.6
1773482615,TRUE,0.39976725,1773482615,225.18819,179.11798,22.912256,9.138661,0.81039184,224.92241,178.52138,206.2053,0.726416651,0.687229102,0.813111978,-95.07759,-61.478622,-22293.795,-0.813111978,0.05,0.036887176,-0.03,0,0,-0.6
1773482615,TRUE,0.39976725,1773482615,225.18819,179.11798,22.912256,9.138661,0.81039184,224.98885,178.67053,206.99857,0.725951812,0.687725469,0.812431936,-95.011154,-61.329468,-22293.002,-0.812431936,0.05,0.036797684,-0.03,0,0,-0.6
1773482615,TRUE,0.39976725,1773482615,225.18819,179.11798,22.912256,9.138661,0.81039184,225.03868,178.7824,207.59448,0.725603183,0.688097745,0.811921908,-94.96132,-61.217606,-22292.406,-0.811921908,0.05,0.036730565,-0.03,0,0,-0.6
1773482615,TRUE,0.33208358,1773482615,226.29092,180.44922,19.5981,7.8775797,0.81267446,225.35175,179.1991,193.55566,0.725734542,0.687963032,0.812110048,-94.648254,-60.800903,-22306.445,-0.812110048,0.05,0.036480542,-0.03,0,0,-0.6
1773482615,TRUE,0.33208358,1773482615,226.29092,180.44922,19.5981,7.8775797,0.81267446,225.58655,179.51163,183.3488,0.725833061,0.687861996,0.812251152,-94.41345,-60.488373,-22316.65,-0.812251152,0.05,0.036293026,-0.03,0,0,-0.6
1773482615,TRUE,0.33208358,1773482615,226.29092,180.44922,19.5981,7.8775797,0.81267446,225.76263,179.74603,175.87492,0.725906951,0.68778622,0.812356981,-94.237366,-60.253967,-22324.125,-0.812356981,0.05,0.03615238,-0.03,0,0,-0.6
1773482615,TRUE,0.33208358,1773482615,226.29092,180.44922,19.5981,7.8775797,0.81267446,225.89471,179.92183,170.37149,0.725962368,0.687729387,0.812436351,-94.105286,-60.07817,-22329.629,-0.812436351,0.05,0.036046904,-0.03,0,0,-0.6
1773482615,TRUE,0.33208358,1773482615,226.29092,180.44922,19.5981,7.8775797,0.81267446,225.99377,180.05368,166.30127,0.726003931,0.687686763,0.812495879,-94.006226,-59.94632,-22333.7,-0.812495879,0.05,0.035967793,-0.03,0,0,-0.6
1773482615,TRUE,0.33208358,1773482615,226.29092,180.44922,19.5981,7.8775797,0.81267446,226.06805,180.15256,163.28087,0.726035103,0.687654795,0.812540525,-93.931946,-59.847443,-22336.719,-0.812540525,0.05,0.035908468,-0.03,0,0,-0.6
1773482615,TRUE,0.7415622,1773482615,227.21198,182.55559,18.302187,7.534147,0.7922657,226.35403,180.75331,156.73708,0.722512867,0.69129961,0.807471945,-93.645966,-59.24669,-22343.264,-0.807471945,0.05,0.035548016,-0.03,0,0,-0.6
1773482615,TRUE,0.7415622,1773482615,227.21198,182.55559,18.302187,7.534147,0.7922657,226.56853,181.20389,151.91516,0.71987119,0.694033221,0.803670328,-93.43147,-58.796112,-22348.084,-0.803670328,0.05,0.03527767,-0.03,0,0,-0.6
1773482615,TRUE,0.7415622,1773482615,227.21198,182.55559,18.302187,7.534147,0.7922657,226.72939,181.54182,148.34708,0.717889933,0.696083429,0.800819087,-93.270615,-58.458176,-22351.652,-0.800819087,0.05,0.03507491,-0.03,0,0,-0.6
1773482615,TRUE,0.7415622,1773482615,227.21198,182.55559,18.302187,7.534147,0.7922657,226.85004,181.79527,145.69821,0.716403989,0.697621085,0.798680672,-93.14996,-58.204727,-22354.303,-0.798680672,0.05,0.03492284,-0.03,0,0,-0.6
1773482615,TRUE,0.7415622,1773482615,227.21198,182.55559,18.302187,7.534147,0.7922657,226.94052,181.98535,143.72684,0.715289532,0.698774327,0.797076882,-93.05948,-58.01465,-22356.273,-0.797076882,0.05,0.034808792,-0.03,0,0,-0.6
1773482615,TRUE,0.7415622,1773482615,227.21198,182.55559,18.302187,7.534147,0.7922657,227.00838,182.12791,142.2569,0.714453689,0.699639259,0.795874057,-92.99162,-57.872086,-22357.742,-0.795874057,0.05,0.034723252,-0.03,0,0,-0.6
1773482615,TRUE,0.6003911,1773482615,229.40082,185.96815,20.988579,8.432351,0.75361544,227.60649,183.08797,150.58607,0.706910185,0.707034361,0.785310341,-92.39351,-56.912033,-22349.414,-0.785310341,0.05,0.03414722,-0.03,0,0,-0.6
1773482615,TRUE,0.6003911,1773482615,229.40082,185.96815,20.988579,8.432351,0.75361544,228.05507,183.80801,156.9871,0.701252558,0.712580688,0.777385982,-91.94493,-56.191986,-22343.014,-0.777385982,0.05,0.033715192,-0.03,0,0,-0.6
1773482615,TRUE,0.6003911,1773482615,229.40082,185.96815,20.988579,8.432351,0.75361544,228.39151,184.34805,161.87459,0.697009337,0.716740433,0.771442501,-91.60849,-55.651947,-22338.125,-0.771442501,0.05,0.03339117,-0.03,0,0,-0.6
1773482615,TRUE,0.6003911,1773482615,229.40082,185.96815,20.988579,8.432351,0.75361544,228.64384,184.75308,165.58899,0.693826922,0.719860242,0.766985053,-91.356155,-55.246918,-22334.41,-0.766985053,0.05,0.03314815,-0.03,0,0,-0.6
1773482615,TRUE,0.6003911,1773482615,229.40082,185.96815,20.988579,8.432351,0.75361544,228.83308,185.05685,168.40222,0.69144011,0.722200099,0.763642178,-91.166916,-54.943146,-22331.598,-0.763642178,0.05,0.032965887,-0.03,0,0,-0.6
1773482615,TRUE,0.6003911,1773482615,229.40082,185.96815,20.988579,8.432351,0.75361544,228.97502,185.28467,170.52759,0.689650002,0.723954991,0.761135192,-91.02498,-54.715332,-22329.473,-0.761135192,0.05,0.0328292,-0.03,0,0,-0.6
1773482615,TRUE,0.6003911,1773482615,229.40082,185.96815,20.988579,8.432351,0.75361544,229.08147,185.45554,172.13028,0.68830742,0.725271161,0.759255068,-90.91853,-54.544464,-22327.87,-0.759255068,0.05,0.03272668,-0.03,0,0,-0.6
1773482615,TRUE,0.444703,1773482615,231.3679,188.52663,22.26739,8.93236,0.7166121,229.65308,186.2233,178.64162,0.680439028,0.732462205,0.74859468,-90.346924,-53.776703,-22321.357,-0.74859468,0.05,0.032266025,-0.03,0,0,-0.598875744
1773482615,TRUE,0.444703,1773482615,231.3679,188.52663,22.26739,8.93236,0.7166121,230.08179,186.79913,183.60437,0.674537733,0.737855489,0.740598041,-89.91821,-53.200867,-22316.396,-0.740598041,0.05,0.031920522,-0.03,0,0,-0.592478433
1773482615,TRUE,0.444703,1773482615,231.3679,188.52663,22.26739,8.93236,0.7166121,230.40332,187.231,187.37103,0.670111763,0.741900451,0.734600494,-89.59668,-52.768997,-22312.629,-0.734600494,0.05,0.0316614,-0.03,0,0,-0.587680395
1773482615,TRUE,0.444703,1773482615,231.3679,188.52663,22.26739,8.93236,0.7166121,230.64447,187.5549,190.2211,0.666792285,0.744934173,0.730102586,-89.35553,-52.4451,-22309.78,-0.730102586,0.05,0.03146706,-0.03,0,0,-0.584082068
1773482615,TRUE,0.444703,1773482615,231.3679,188.52663,22.26739,8.93236,0.7166121,230.82533,187.79782,192.37276,0.664302676,0.747209465,0.726729419,-89.17467,-52.20218,-22307.627,-0.726729419,0.05,0.03132131,-0.03,0,0,-0.581383535
1773482615,TRUE,0.444703,1773482615,231.3679,188.52663,22.26739,8.93236,0.7166121,230.96098,187.98001,193.99445,0.66243547,0.748915933,0.724199745,-89.03902,-52.01999,-22306.006,-0.724199745,0.05,0.031211995,-0.03,0,0,-0.579359796
1773482615,TRUE,0.48406163,1773482615,232.62347,190.24628,22.250147,9.497547,0.72464156,231.3766,188.54659,198.29268,0.66254338,0.748871217,0.724310212,-88.6234,-51.453415,-22301.707,-0.724310212,0.05,0.03087205,-0.03,0,0,-0.57944817
1773482615,TRUE,0.48406163,1773482615,232.62347,190.24628,22.250147,9.497547,0.72464156,231.68832,188.97151,201.53104,0.662624312,0.748837679,0.724393056,-88.311676,-51.02849,-22298.469,-0.724393056,0.05,0.030617094,-0.03,0,0,-0.579514445
1773482615,TRUE,0.48406163,1773482615,232.62347,190.24628,22.250147,9.497547,0.72464156,231.9221,189.2902,203.9681,0.662685011,0.748812526,0.724455187,-88.077896,-50.709793,-22296.031,-0.724455187,0.05,0.030425876,-0.03,0,0,-0.579564149
1773482615,TRUE,0.48406163,1773482615,232.62347,190.24628,22.250147,9.497547,0.72464156,232.09744,189.52922,205.80055,0.662730536,0.748793662,0.724501783,-87.90256,-50.47078,-22294.2,-0.724501783,0.05,0.03028247,-0.03,0,0,-0.579601426
1773482615,TRUE,0.48406163,1773482615,232.62347,190.24628,22.250147,9.497547,0.72464156,232.22896,189.70848,207.1775,0.662764679,0.748779513,0.724536729,-87.77104,-50.29152,-22292.822,-0.724536729,0.05,0.030174913,-0.03,0,0,-0.579629383
1773482615,TRUE,0.48406163,1773482615,232.62347,190.24628,22.250147,9.497547,0.72464156,232.32759,189.84293,208.21169,0.662790287,0.748768902,0.724562938,-87.67241,-50.157074,-22291.79,-0.724562938,0.05,0.030094245,-0.03,0,0,-0.57965035
1773482615,TRUE,0.8771679,1773482615,234.56018,193.661,20.453135,7.7483573,0.73181033,232.88574,190.79745,195.24377,0.664147103,0.747568158,0.726374817,-87.11426,-49.202545,-22304.756,-0.726374817,0.05,0.029521529,-0.03,0,0,-0.581099853
1773482615,TRUE,0.8771679,1773482615,234.56018,193.661,20.453135,7.7483573,0.73181033,233.30435,191.51334,185.7517,0.665164716,0.7466676,0.727733719,-86.69565,-48.486664,-22314.248,-0.727733719,0.05,0.029091999,-0.03,0,0,-0.582186975
1773482615,TRUE,0.8771679,1773482615,234.56018,193.661,20.453135,7.7483573,0.73181033,233.61832,192.05026,178.76418,0.665927926,0.745992182,0.728752887,-86.38168,-47.949738,-22321.236,-0.728752887,0.05,0.028769843,-0.03,0,0,-0.58300231
1773482615,TRUE,0.8771679,1773482615,234.56018,193.661,20.453135,7.7483573,0.73181033,233.85379,192.45294,173.59753,0.666500333,0.745485618,0.729517258,-86.14621,-47.54706,-22326.402,-0.729517258,0.05,0.028528236,-0.03,0,0,-0.583613807
1773482615,TRUE,0.8771679,1773482615,234.56018,193.661,20.453135,7.7483573,0.73181033,234.0304,192.75496,169.76418,0.666929638,0.745105695,0.730090532,-85.969604,-47.24504,-22330.236,-0.730090532,0.05,0.028347027,-0.03,0,0,-0.584072426
1773482615,TRUE,0.8771679,1773482615,234.56018,193.661,20.453135,7.7483573,0.73181033,234.16284,192.98148,166.91257,0.667251617,0.744820753,0.730520486,-85.83716,-47.018524,-22333.088,-0.730520486,0.05,0.028211115,-0.03,0,0,-0.584416389
1773482615,TRUE,0.8771679,1773482615,234.56018,193.661,20.453135,7.7483573,0.73181033,234.26218,193.15137,164.78705,0.667493101,0.744607047,0.730842949,-85.73782,-46.848633,-22335.213,-0.730842949,0.05,0.028109182,-0.03,0,0,-0.584674359
1773482615,TRUE,0.5988516,1773482615,237.3005,196.58878,22.25316,7.9282327,0.70796096,235.02176,194.01071,167.70839,0.663191348,0.748377638,0.725122611,-84.97824,-45.98929,-22332.291,-0.725122611,0.05,0.027593574,-0.03,0,0,-0.580098089
1773482615,TRUE,0.5988516,1773482615,237.3005,196.58878,22.25316,7.9282327,0.70796096,235.59146,194.65521,169.89456,0.659965034,0.751205581,0.720832104,-84.40854,-45.344788,-22330.105,-0.720832104,0.05,0.027206874,-0.03,0,0,-0.576665683
1773482615,TRUE,0.5988516,1773482615,237.3005,196.58878,22.25316,7.9282327,0.70796096,236.01874,195.13861,171.53146,0.657545297,0.753326539,0.717614188,-83.98126,-44.86139,-22328.469,-0.717614188,0.05,0.026916835,-0.03,0,0,-0.57409135
1773482615,TRUE,0.5988516,1773482615,237.3005,196.58878,22.25316,7.9282327,0.70796096,236.33917,195.50116,172.75761,0.655730495,0.754917257,0.715200775,-83.66083,-44.49884,-22327.242,-0.715200775,0.05,0.026699305,-0.03,0,0,-0.57216062
1773482615,TRUE,0.5988516,1773482615,237.3005,196.58878,22.25316,7.9282327,0.70796096,236.5795,195.77307,173.67636,0.654369394,0.756110296,0.713390748,-83.4205,-44.22693,-22326.324,-0.713390748,0.05,0.02653616,-0.03,0,0,-0.570712599
1773482615,TRUE,0.5988516,1773482615,237.3005,196.58878,22.25316,7.9282327,0.70796096,236.75977,195.97699,174.36494,0.653348568,0.757005075,0.712033255,-83.240234,-44.02301,-22325.635,-0.712033255,0.049944144,0.026413808,-0.03,0,0,-0.569626604
1773482615,TRUE,0.5988516,1773482615,237.3005,196.58878,22.25316,7.9282327,0.70796096,236.89496,196.12994,174.88112,0.652582948,0.757676159,0.711015153,-83.10504,-43.870056,-22325.12,-0.711015153,0.049863026,0.026322035,-0.03,0,0,-0.568812122
1773482615,TRUE,0.67153555,1773482615,241.08855,200.87885,22.25448,7.7634277,0.70883006,237.94336,197.31717,174.36029,0.652173733,0.75803811,0.710468867,-82.05664,-42.68283,-22325.64,-0.710468867,0.049233988,0.0256097,-0.03,0,0,-0.568375093
1773482615,TRUE,0.67153555,1773482615,241.08855,200.87885,22.25448,7.7634277,0.70883006,238.72966,198.2076,173.96675,0.651866821,0.758309574,0.710059157,-81.27034,-41.792404,-22326.033,-0.710059157,0.048762206,0.025075443,-0.03,0,0,-0.568047326
1773482615,TRUE,0.67153555,1773482615,241.08855,200.87885,22.25448,7.7634277,0.70883006,239.31938,198.87541,173.66994,0.651636637,0.758513171,0.709751879,-80.68062,-41.124588,-22326.33,-0.709751879,0.048408374,0.024674755,-0.03,0,0,-0.567801503
1773482615,TRUE,0.67153555,1773482615,241.08855,200.87885,22.25448,7.7634277,0.70883006,239.76167,199.37627,173.4464,0.651464,0.75866587,0.709521421,-80.23833,-40.623734,-22326.553,-0.709521421,0.048143,0.024374241,-0.03,0,0,-0.567617137
1773482615,TRUE,0.67153555,1773482615,241.08855,200.87885,22.25448,7.7634277,0.70883006,240.0934,199.7519,173.27824,0.651334521,0.758780393,0.709348579,-79.9066,-40.248093,-22326.723,-0.709348579,0.047943965,0.024148857,-0.03,0,0,-0.567478863
1773482615,TRUE,0.67153555,1773482615,241.08855,200.87885,22.25448,7.7634277,0.70883006,240.3422,200.03365,173.15182,0.651237412,0.758866286,0.709218948,-79.65781,-39.966354,-22326.848,-0.709218948,0.047794685,0.023979813,-0.03,0,0,-0.567375159
1773482615,TRUE,0.67153555,1773482615,241.08855,200.87885,22.25448,7.7634277,0.70883006,240.5288,200.24495,173.05684,0.651164581,0.758930705,0.709121725,-79.47121,-39.75505,-22326.943,-0.709121725,0.047682725,0.023853032,-0.03,0,0,-0.56729738
1773482615,TRUE,0.67153555,1773482615,241.08855,200.87885,22.25448,7.7634277,0.70883006,240.66873,200.40343,172.9855,0.651109957,0.75897902,0.709048808,-79.33127,-39.596573,-22327.014,-0.709048808,0.047598764,0.023757946,-0.03,0,0,-0.567239047
1773482615,TRUE,0.7710065,1773482615,244.11337,204.66718,21.81618,7.918484,0.6589666,241.5299,201.46936,172.93768,0.641407505,0.766890616,0.696530188,-78.47009,-38.53064,-22327.062,-0.696530188,0.04708206,0.023118384,-0.03,0,0,-0.557224151
1773482616,TRUE,0.7710065,1773482615,244.11337,204.66718,21.81618,7.918484,0.6589666,242.17578,202.26881,172.8971,0.634130665,0.772824313,0.687138446,-77.82422,-37.731186,-22327.104,-0.687138446,0.046694532,0.022638712,-0.03,0,0,-0.549710757
1773482616,TRUE,0.7710065,1773482615,244.11337,204.66718,21.81618,7.918484,0.6589666,242.66019,202.86841,172.864,0.628673036,0.777274586,0.680094193,-77.33981,-37.13159,-22327.137,-0.680094193,0.04640389,0.022278955,-0.03,0,0,-0.544075355
1773482616,TRUE,0.7710065,1773482615,244.11337,204.66718,21.81618,7.918484,0.6589666,243.0235,203.3181,172.83768,0.624579814,0.78061229,0.674811225,-76.9765,-36.6819,-22327.162,-0.674811225,0.046185903,0.022009142,-0.03,0,0,-0.53984898
1773482616,TRUE,0.7710065,1773482615,244.11337,204.66718,21.81618,7.918484,0.6589666,243.29596,203.65536,172.81711,0.621509897,0.783115569,0.670849322,-76.70404,-36.344635,-22327.184,-0.670849322,0.046022426,0.021806782,-0.03,0,0,-0.536679458
1773482616,TRUE,0.7710065,1773482615,244.11337,204.66718,21.81618,7.918484,0.6589666,243.5003,203.90831,172.8012,0.61920746,0.784993028,0.667878161,-76.499695,-36.09169,-22327.2,-0.667878161,0.04589982,0.021655016,-0.03,0,0,-0.534302528
1773482616,TRUE,0.33837426,1773482616,248.39803,208.83827,22.488598,7.3075604,0.6408801,244.72473,205.1408,170.75084,0.61388088,0.789137233,0.661128023,-75.27527,-34.859207,-22329.25,-0.661128023,0.045165163,0.020915525,-0.03,0,0,-0.528902418
1773482616,TRUE,0.33837426,1773482616,248.39803,208.83827,22.488598,7.3075604,0.6408801,245.64305,206.06516,169.18431,0.609885945,0.792245388,0.65606539,-74.35695,-33.934845,-22330.816,-0.65606539,0.04461417,0.020360908,-0.03,0,0,-0.524852312
1773482616,TRUE,0.33837426,1773482616,248.39803,208.83827,22.488598,7.3075604,0.6408801,246.33179,206.75842,167.99326,0.606889744,0.794576504,0.652268574,-73.66821,-33.241577,-22332.006,-0.652268574,0.04420093,0.019944947,-0.03,0,0,-0.521814859
1773482616,TRUE,0.33837426,1773482616,248.39803,208.83827,22.488598,7.3075604,0.6408801,246.84834,207.27838,167.09084,0.604642593,0.79632484,0.649421125,-73.15166,-32.72162,-22332.908,-0.649421125,0.043890998,0.019632973,-0.03,0,0,-0.5195369
1773482616,TRUE,0.33837426,1773482616,248.39803,208.83827,22.488598,7.3075604,0.6408801,247.23576,207.66835,166.40892,0.60295723,0.797636093,0.647285661,-72.76424,-32.33165,-22333.592,-0.647285661,0.043658543,0.019398991,-0.03,0,0,-0.517828529
1773482616,TRUE,0.33837426,1773482616,248.39803,208.83827,22.488598,7.3075604,0.6408801,247.52632,207.96083,165.89459,0.601693208,0.798619532,0.645684145,-72.47368,-32.03917,-22334.105,-0.645684145,0.04348421,0.019223502,-0.03,0,0,-0.516547316
1773482616,TRUE,0.33837426,1773482616,248.39803,208.83827,22.488598,7.3075604,0.6408801,247.74425,208.18019,165.50723,0.600745191,0.799357112,0.64448306,-72.25575,-31.819809,-22334.492,-0.64448306,0.043353453,0.019091886,-0.03,0,0,-0.515586448
1773482616,TRUE,0.33837426,1773482616,248.39803,208.83827,22.488598,7.3075604,0.6408801,247.90768,208.34471,165.2158,0.600034178,0.799910297,0.643582278,-72.092316,-31.655289,-22334.785,-0.643582278,0.043255392,0.018993175,-0.03,0,0,-0.514865822
1773482616,TRUE,0.5906609,1773482616,252.2522,212.41704,23.70706,7.7805123,0.6427354,248.9938,209.3628,169.92584,0.599872452,0.800047517,0.643370556,-71.006195,-30.637207,-22330.074,-0.643370556,0.04260372,0.018382326,-0.03,0,0,-0.514696444
1773482616,TRUE,0.5906609,1773482616,252.2522,212.41704,23.70706,7.7805123,0.6427354,249.80841,210.12636,173.5018,0.599751158,0.800150432,0.643211767,-70.19159,-29.873642,-22326.498,-0.643211767,0.042114954,0.017924186,-0.03,0,0,-0.514569414
1773482616,TRUE,0.5906609,1773482616,252.2522,212.41704,23.70706,7.7805123,0.6427354,250.41936,210.69904,176.2082,0.599660187,0.800227619,0.643092678,-69.58064,-29.300964,-22323.791,-0.643092678,0.041748386,0.01758058,-0.03,0,0,-0.514474143
1773482616,TRUE,0.5906609,1773482616,252.2522,212.41704,23.70706,7.7805123,0.6427354,250.87756,211.12854,178.25174,0.599591959,0.800285508,0.643003363,-69.12244,-28.87146,-22321.748,-0.643003363,0.041473463,0.017322877,-0.03,0,0,-0.51440269
1773482616,TRUE,0.5906609,1773482616,252.2522,212.41704,23.70706,7.7805123,0.6427354,251.22122,211.45067,179.79213,0.599540788,0.800328926,0.642936377,-68.77878,-28.549332,-22320.207,-0.642936377,0.04126727,0.0171296,-0.03,0,0,-0.514349101
1773482616,TRUE,0.5906609,1773482616,252.2522,212.41704,23.70706,7.7805123,0.6427354,251.47897,211.69226,180.95178,0.599502409,0.800361489,0.642886137,-68.52103,-28.30774,-22319.049,-0.642886137,0.041112617,0.016984645,-0.03,0,0,-0.51430891
1773482616,TRUE,0.5906609,1773482616,252.2522,212.41704,23.70706,7.7805123,0.6427354,251.67227,211.87346,181.82396,0.599473626,0.800385911,0.642848458,-68.32773,-28.126541,-22318.176,-0.642848458,0.040996637,0.016875926,-0.03,0,0,-0.514278767
1773482616,TRUE,0.84522706,1773482616,254.71584,214.76906,24.436333,8.508762,0.5914229,252.43317,212.59735,188.2165,0.588990924,0.807826479,0.629994132,-67.56683,-27.402649,-22311.783,-0.629994132,0.040540103,0.01644159,-0.03,0,0,-0.503995305
1773482616,TRUE,0.84522706,1773482616,254.71584,214.76906,24.436333,8.508762,0.5914229,253.00383,213.14027,193.06877,0.581128897,0.813406905,0.620350394,-66.99617,-26.859726,-22306.932,-0.620350394,0.040197704,0.016115837,-0.03,0,0,-0.496280315
1773482616,TRUE,0.84522706,1773482616,254.71584,214.76906,24.436333,8.508762,0.5914229,253.43182,213.54747,196.74046,0.575232377,0.817592225,0.613117116,-66.56818,-26.45253,-22303.26,-0.613117116,0.03994091,0.01587152,-0.03,0,0,-0.490493693
1773482616,TRUE,0.84522706,1773482616,254.71584,214.76906,24.436333,8.508762,0.5914229,253.75282,213.85286,199.51254,0.570809987,0.820731214,0.607692401,-66.24718,-26.14714,-22300.488,-0.607692401,0.039748307,0.015688285,-0.03,0,0,-0.486153921
1773482616,TRUE,0.84522706,1773482616,254.71584,214.76906,24.436333,8.508762,0.5914229,253.99358,214.08191,201.6019,0.567493195,0.823085457,0.603624218,-66.006424,-25.91809,-22298.398,-0.603624218,0.039603855,0.015550856,-0.03,0,0,-0.482899374
1773482616,TRUE,0.84522706,1773482616,254.71584,214.76906,24.436333,8.508762,0.5914229,254.17413,214.2537,203.17473,0.565005601,0.824851138,0.600573369,-65.82587,-25.746307,-22296.826,-0.600573369,0.03949552,0.015447785,-0.03,0,0,-0.480458696
1773482616,TRUE,0.84522706,1773482616,254.71584,214.76906,24.436333,8.508762,0.5914229,254.30956,214.38254,204.35759,0.563139905,0.8261754,0.598285434,-65.690445,-25.617462,-22295.643,-0.598285434,0.039414268,0.015370478,-0.03,0,0,-0.478628347
1773482616,TRUE,0.9058986,1773482616,257.10638,216.60068,24.138844,7.809113,0.5791788,255.00876,214.93707,200.37415,0.559189143,0.82885965,0.593508336,-64.99124,-25.062927,-22299.625,-0.593508336,0.03899475,0.015037757,-0.03,0,0,-0.474806669
1773482616,TRUE,0.9058986,1773482616,257.10638,216.60068,24.138844,7.809113,0.5791788,255.53316,215.35297,197.39522,0.556226072,0.830872837,0.589925598,-64.46684,-24.647034,-22302.605,-0.589925598,0.038680106,0.014788221,-0.03,0,0,-0.471940479
1773482616,TRUE,0.9058986,1773482616,257.10638,216.60068,24.138844,7.809113,0.5791788,255.92647,215.66489,195.16588,0.554003768,0.832382728,0.587238656,-64.07353,-24.335114,-22304.834,-0.587238656,0.03844412,0.014601069,-0.03,0,0,-0.469790925
1773482616,TRUE,0.9058986,1773482616,257.10638,216.60068,24.138844,7.809113,0.5791788,256.22144,215.89883,193.49661,0.55233704,0.833515146,0.585223537,-63.778564,-24.101166,-22306.504,-0.585223537,0.03826714,0.014460701,-0.03,0,0,-0.46817883
1773482616,TRUE,0.9058986,1773482616,257.10638,216.60068,24.138844,7.809113,0.5791788,256.4427,216.07431,192.2462,0.551086995,0.834364459,0.583712259,-63.557312,-23.92569,-22307.754,-0.583712259,0.03813439,0.014355415,-0.03,0,0,-0.466969807
1773482616,TRUE,0.9058986,1773482616,257.10638,216.60068,24.138844,7.809113,0.5791788,256.6086,216.2059,191.30928,0.55014946,0.835001444,0.582578839,-63.391388,-23.794098,-22308.691,-0.582578839,0.038034834,0.01427646,-0.03,0,0,-0.466063071
1773482616,TRUE,0.9058986,1773482616,257.10638,216.60068,24.138844,7.809113,0.5791788,256.73303,216.3046,190.60706,0.54944631,0.835479183,0.581728798,-63.266968,-23.695404,-22309.393,-0.581728798,0.037960183,0.014217244,-0.03,0,0,-0.465383038
1773482616,TRUE,0.9096548,1773482616,258.18338,217.47853,23.91786,8.339916,0.58305013,257.0956,216.59808,192.84424,0.549727908,0.835306191,0.582059142,-62.90439,-23.401917,-22307.156,-0.582059142,0.037742633,0.014041151,-0.03,0,0,-0.465647313
1773482616,TRUE,0.9096548,1773482616,258.18338,217.47853,23.91786,8.339916,0.58305013,257.36755,216.81819,194.51309,0.549939108,0.835176448,0.582306895,-62.632446,-23.181808,-22305.486,-0.582306895,0.03757947,0.013909086,-0.03,0,0,-0.465845516
1773482616,TRUE,0.9096548,1773482616,258.18338,217.47853,23.91786,8.339916,0.58305013,257.5715,216.98328,195.75961,0.550097507,0.83507914,0.582492708,-62.428497,-23.016724,-22304.24,-0.582492708,0.0374571,0.013810035,-0.03,0,0,-0.465994166
1773482616,TRUE,0.9096548,1773482616,258.18338,217.47853,23.91786,8.339916,0.58305013,257.72446,217.10709,196.69165,0.550216306,0.835006159,0.582632065,-62.275543,-22.892914,-22303.309,-0.582632065,0.03736533,0.013735749,-0.03,0,0,-0.466105652
1773482616,TRUE,0.9096548,1773482616,258.18338,217.47853,23.91786,8.339916,0.58305013,257.83917,217.19995,197.38905,0.550305406,0.834951423,0.582736583,-62.160828,-22.800049,-22302.611,-0.582736583,0.0372965,0.01368003,-0.03,0,0,-0.466189266
1773482616,TRUE,0.9096548,1773482616,258.18338,217.47853,23.91786,8.339916,0.58305013,257.92523,217.26959,197.9112,0.550372231,0.834910372,0.582814971,-62.074768,-22.730408,-22302.088,-0.582814971,0.037244864,0.013638245,-0.03,0,0,-0.466251977
1773482616,TRUE,0.9096548,1773482616,258.18338,217.47853,23.91786,8.339916,0.58305013,257.98978,217.32182,198.30228,0.550422349,0.834879583,0.582873761,-62.010223,-22.678177,-22301.697,-0.582873761,0.037206136,0.013606907,-0.03,0,0,-0.466299009
1773482616,TRUE,0.84866124,1773482616,258.3293,217.8918,24.271542,8.408125,0.58952147,258.07468,217.46431,199.73853,0.551807594,0.833961392,0.58453569,-61.925323,-22.53569,-22300.262,-0.58453569,0.037155196,0.013521415,-0.03,0,0,-0.467628552
1773482616,TRUE,0.84866124,1773482616,258.3293,217.8918,24.271542,8.408125,0.58952147,258.13834,217.57118,200.8191,0.552846527,0.833272749,0.585782141,-61.861664,-22.428818,-22299.182,-0.585782141,0.037117,0.013457291,-0.03,0,0,-0.468625713
1773482616,TRUE,0.84866124,1773482616,258.3293,217.8918,24.271542,8.408125,0.58952147,258.1861,217.65134,201.63142,0.553625727,0.832756267,0.586716978,-61.813904,-22.348663,-22298.37,-0.586716978,0.037088346,0.013409198,-0.03,0,0,-0.469373582
1773482616,TRUE,0.84866124,1773482616,258.3293,217.8918,24.271542,8.408125,0.58952147,258.2219,217.71144,202.24173,0.554210127,0.832368906,0.587418104,-61.778107,-22.288559,-22297.758,-0.587418104,0.037066866,0.013373136,-0.03,0,0,-0.469934483
1773482616,TRUE,0.84866124,1773482616,258.3293,217.8918,24.271542,8.408125,0.58952147,258.24875,217.75653,202.70009,0.554648427,0.832078384,0.587943947,-61.75125,-22.24347,-22297.3,-0.587943947,0.037050754,0.013346083,-0.03,0,0,-0.470355158
1773482616,TRUE,0.84866124,1773482616,258.3293,217.8918,24.271542,8.408125,0.58952147,258.2689,217.79034,203.04416,0.554977152,0.831860493,0.588338329,-61.73111,-22.209656,-22296.955,-0.588338329,0.03703867,0.013325794,-0.03,0,0,-0.470670663
1773482616,TRUE,0.84866124,1773482616,258.3293,217.8918,24.271542,8.408125,0.58952147,258.284,217.8157,203.30241,0.555223696,0.831697075,0.588634115,-61.716003,-22.184296,-22296.697,-0.588634115,0.037029605,0.013310578,-0.03,0,0,-0.470907292
1773482616,TRUE,0.8848003,1773482616,258.2033,217.76985,24.242762,8.523724,0.5776762,258.26382,217.80424,204.1361,0.552937439,0.833206282,0.585894644,-61.736176,-22.195755,-22295.863,-0.585894644,0.03704171,0.013317454,-0.03,0,0,-0.468715715
1773482616,TRUE,0.8848003,1773482616,258.2033,217.76985,24.242762,8.523724,0.5776762,258.24872,217.79564,204.76152,0.551222746,0.834338186,0.583840015,-61.75128,-22.204361,-22295.238,-0.583840015,0.037050772,0.013322617,-0.03,0,0,-0.467072012
1773482616,TRUE,0.8848003,1773482616,258.2033,217.76985,24.242762,8.523724,0.5776762,258.23737,217.78918,205.23067,0.549936727,0.835187115,0.58229904,-61.762634,-22.210815,-22294.77,-0.58229904,0.037057582,0.01332649,-0.03,0,0,-0.465839232
1773482616,TRUE,0.8848003,1773482616,258.2033,217.76985,24.242762,8.523724,0.5776762,258.22885,217.78435,205.58258,0.548972212,0.835823812,0.581143312,-61.77115,-22.215652,-22294.418,-0.581143312,0.03706269,0.013329392,-0.03,0,0,-0.464914649
1773482616,TRUE,0.8848003,1773482616,258.2033,217.76985,24.242762,8.523724,0.5776762,258.22247,217.78072,205.84653,0.548248826,0.836301334,0.58027652,-61.777527,-22.219284,-22294.154,-0.58027652,0.03706652,0.013331571,-0.03,0,0,-0.464221216
1773482616,TRUE,0.8848003,1773482616,258.2033,217.76985,24.242762,8.523724,0.5776762,258.21768,217.778,206.04453,0.547706286,0.836659476,0.579626429,-61.78232,-22.222,-22293.955,-0.579626429,0.03706939,0.013333201,-0.03,0,0,-0.463701143
1773482616,TRUE,0.8848003,1773482616,258.2033,217.76985,24.242762,8.523724,0.5776762,258.2141,217.77596,206.19304,0.547299382,0.836928082,0.579138862,-61.78589,-22.224045,-22293.807,-0.579138862,0.037071534,0.013334428,-0.03,0,0,-0.46331109
1773482616,TRUE,0.78251916,1773482616,258.74243,218.44897,25.031641,8.751513,0.56720465,258.3462,217.94421,209.37454,0.544793671,0.838547597,0.57615532,-61.65381,-22.055786,-22290.625,-0.57615532,0.036992285,0.013233473,-0.03,0,0,-0.460924256
1773482616,TRUE,0.78251916,1773482616,258.74243,218.44897,25.031641,8.751513,0.56720465,258.44525,218.0704,211.77661,0.542914388,0.839762233,0.573917633,-61.55475,-21.929596,-22288.223,-0.573917633,0.036932852,0.013157758,-0.03,0,0,-0.459134107
1773482616,TRUE,0.78251916,1773482616,258.74243,218.44897,25.031641,8.751513,0.56720465,258.51953,218.16504,213.5871,0.541504926,0.84067321,0.572239366,-61.48047,-21.83496,-22286.412,-0.572239366,0.036888283,0.013100977,-0.03,0,0,-0.457791493
1773482616,TRUE,0.78251916,1773482616,258.74243,218.44897,25.031641,8.751513,0.56720465,258.57526,218.23602,214.95004,0.540447829,0.841356443,0.570980671,-61.424744,-21.763977,-22285.05,-0.570980671,0.03685485,0.013058387,-0.03,0,0,-0.456784537
1773482616,TRUE,0.78251916,1773482616,258.74243,218.44897,25.031641,8.751513,0.56720465,258.61707,218.28926,215.97507,0.539655007,0.841868868,0.570036655,-61.382935,-21.71074,-22284.025,-0.570036655,0.036829762,0.013026444,-0.03,0,0,-0.456029324
1773482616,TRUE,0.78251916,1773482616,258.74243,218.44897,25.031641,8.751513,0.56720465,258.6484,218.3292,216.74542,0.53906039,0.842253187,0.569328647,-61.351593,-21.670807,-22283.254,-0.569328647,0.036810957,0.013002485,-0.03,0,0,-0.455462918
1773482616,TRUE,0.78251916,1773482616,258.74243,218.44897,25.031641,8.751513,0.56720465,258.6719,218.35913,217.32408,0.538614427,0.842541425,0.568797644,-61.328094,-21.64087,-22282.676,-0.568797644,0.036796857,0.012984522,-0.03,0,0,-0.455038116
1773482616,TRUE,0.6548568,1773482616,259.83044,219.45055,26.005796,8.658872,0.55300784,258.96155,218.63199,219.3004,0.5352731,0.844643196,0.564850228,-61.038452,-21.368011,-22280.7,-0.564850228,0.036623072,0.012820807,-0.03,0,0,-0.451880182
1773482616,TRUE,0.6548568,1773482616,259.83044,219.45055,26.005796,8.658872,0.55300784,259.17877,218.83664,220.77733,0.532767105,0.846219524,0.56188959,-60.821228,-21.16336,-22279.223,-0.56188959,0.03649274,0.012698017,-0.03,0,0,-0.449511672
1773482616,TRUE,0.6548568,1773482616,259.83044,219.45055,26.005796,8.658872,0.55300784,259.34167,218.99011,221.88205,0.530887608,0.84740177,0.559669104,-60.658325,-21.009888,-22278.117,-0.559669104,0.036395,0.012605934,-0.03,0,0,-0.447735283
1773482616,TRUE,0.6548568,1773482616,259.83044,219.45055,26.005796,8.658872,0.55300784,259.46387,219.10522,222.70892,0.529477986,0.848288454,0.55800375,-60.536133,-20.894775,-22277.291,-0.55800375,0.03632168,0.012536866,-0.03,0,0,-0.446403
1773482616,TRUE,0.6548568,1773482616,259.83044,219.45055,26.005796,8.658872,0.55300784,259.5555,219.19156,223.32811,0.528420769,0.848953468,0.556754747,-60.44449,-20.808441,-22276.672,-0.556754747,0.036266696,0.012485066,-0.03,0,0,-0.445403797
1773482616,TRUE,0.6548568,1773482616,259.83044,219.45055,26.005796,8.658872,0.55300784,259.62424,219.25632,223.79199,0.527627857,0.849452228,0.555818004,-60.375763,-20.743683,-22276.207,-0.555818004,0.03622546,0.012446211,-0.03,0,0,-0.444654403
1773482616,TRUE,0.57497406,1773482616,261.04272,220.72044,24.313145,8.418891,0.56878537,259.97885,219.62234,218.9459,0.530373156,0.847728123,0.559059859,-60.02115,-20.377655,-22281.055,-0.559059859,0.03601269,0.012226594,-0.03,0,0,-0.447247888
1773482616,TRUE,0.57497406,1773482616,261.04272,220.72044,24.313145,8.418891,0.56878537,260.2448,219.89688,215.3422,0.53243213,0.846435044,0.561491278,-59.755188,-20.103119,-22284.658,-0.561491278,0.035853114,0.012061872,-0.03,0,0,-0.449193023
1773482616,TRUE,0.57497406,1773482616,261.04272,220.72044,24.313145,8.418891,0.56878537,260.44427,220.10278,212.65675,0.53397636,0.845465235,0.563314839,-59.555725,-19.897217,-22287.344,-0.563314839,0.035733435,0.011938331,-0.03,0,0,-0.450651871
1773482616,TRUE,0.57497406,1773482616,261.04272,220.72044,24.313145,8.418891,0.56878537,260.59387,220.2572,210.65244,0.535134533,0.844737878,0.564682498,-59.406128,-19.742798,-22289.348,-0.564682498,0.03564368,0.011845679,-0.03,0,0,-0.451745999
1773482616,TRUE,0.57497406,1773482616,261.04272,220.72044,24.313145,8.418891,0.56878537,260.7061,220.37302,209.1547,0.536003163,0.84419236,0.565708234,-59.293915,-19.626984,-22290.846,-0.565708234,0.03557635,0.011776191,-0.03,0,0,-0.452566587
1773482616,TRUE,0.57497406,1773482616,261.04272,220.72044,24.313145,8.418891,0.56878537,260.79025,220.45987,208.03447,0.536654635,0.843783222,0.566477529,-59.209747,-19.54013,-22291.965,-0.566477529,0.03552585,0.011724079,-0.03,0,0,-0.453182023
1773482616,TRUE,0.57497406,1773482616,261.04272,220.72044,24.313145,8.418891,0.56878537,260.85336,220.52502,207.19603,0.53714324,0.843476369,0.567054496,-59.146637,-19.474976,-22292.805,-0.567054496,0.035487983,0.011684986,-0.03,0,0,-0.453643597
1773482616,TRUE,0.57497406,1773482616,261.04272,220.72044,24.313145,8.418891,0.56878537,260.9007,220.57388,206.56819,0.537509693,0.843246228,0.567487218,-59.099304,-19.426117,-22293.432,-0.567487218,0.035459585,0.011655671,-0.03,0,0,-0.453989774
1773482616,TRUE,0.2726922,1773482616,262.60944,222.21344,24.105696,8.473164,0.52465683,261.32788,220.98378,205.99098,0.528361276,0.848808644,0.556780773,-58.67212,-19.01622,-22294.01,-0.556780773,0.035203274,0.011409733,-0.03,0,0,-0.445424618
1773482616,TRUE,0.2726922,1773482616,262.60944,222.21344,24.105696,8.473164,0.52465683,261.64825,221.2912,205.55722,0.521499963,0.852980456,0.548749226,-58.351746,-18.708801,-22294.443,-0.548749226,0.03501105,0.011225281,-0.03,0,0,-0.438999381
1773482616,TRUE,0.2726922,1773482616,262.60944,222.21344,24.105696,8.473164,0.52465683,261.88855,221.52176,205.2314,0.516353978,0.856109314,0.542725302,-58.11145,-18.478241,-22294.77,-0.542725302,0.034866873,0.011086945,-0.03,0,0,-0.434180242
1773482616,TRUE,0.2726922,1773482616,262.60944,222.21344,24.105696,8.473164,0.52465683,262.0688,221.69469,204.98679,0.512494489,0.858455959,0.538207505,-57.931213,-18.305313,-22295.014,-0.538207505,0.034758728,0.010983189,-0.03,0,0,-0.430566004
1773482616,TRUE,0.2726922,1773482616,262.60944,222.21344,24.105696,8.473164,0.52465683,262.20395,221.82437,204.80315,0.509599873,0.860215942,0.534819364,-57.79605,-18.175629,-22295.197,-0.534819364,0.034677632,0.010905378,-0.03,0,0,-0.427855491
1773482616,TRUE,0.2726922,1773482616,262.60944,222.21344,24.105696,8.473164,0.52465683,262.3053,221.92165,204.66536,0.507428911,0.861535929,0.532278427,-57.694702,-18.078354,-22295.334,-0.532278427,0.034616824,0.010847013,-0.03,0,0,-0.425822741
1773482616,TRUE,0.2726922,1773482616,262.60944,222.21344,24.105696,8.473164,0.52465683,262.38135,221.9946,204.56197,0.505800689,0.862525919,0.530372841,-57.618652,-18.005402,-22295.438,-0.530372841,0.034571193,0.010803241,-0.03,0,0,-0.424298273
1773482616,TRUE,0.6284767,1773482616,263.28726,223.90988,22.547539,9.122664,0.475194,262.60782,222.47342,205.04163,0.493728259,0.869195434,0.516579647,-57.39218,-17.52658,-22294.959,-0.516579647,0.03443531,0.010515949,-0.03,0,0,-0.413263718
1773482616,TRUE,0.6284767,1773482616,263.28726,223.90988,22.547539,9.122664,0.475194,262.77768,222.83255,205.31529,0.484673936,0.87419757,0.506231504,-57.22232,-17.16745,-22294.686,-0.506231504,0.034333393,0.010300471,-0.03,0,0,-0.404985204
1773482616,TRUE,0.6284767,1773482616,263.28726,223.90988,22.547539,9.122664,0.475194,262.90506,223.1019,205.47212,0.477883194,0.877949172,0.498470065,-57.09494,-16.898102,-22294.527,-0.498470065,0.034256965,0.010138862,-0.03,0,0,-0.398776052
1773482616,TRUE,0.6284767,1773482616,263.28726,223.90988,22.547539,9.122664,0.475194,263.0006,223.3039,205.56252,0.472790137,0.880762873,0.492649429,-56.99939,-16.696106,-22294.438,-0.492649429,0.034199636,0.010017664,-0.03,0,0,-0.394119543
1773482616,TRUE,0.6284767,1773482616,263.28726,223.90988,22.547539,9.122664,0.475194,263.07227,223.45538,205.61497,0.468970345,0.88287315,0.488284468,-56.927734,-16.544617,-22294.385,-0.488284468,0.034156643,0.009926771,-0.03,0,0,-0.390627574
1773482616,TRUE,0.6284767,1773482616,263.28726,223.90988,22.547539,9.122664,0.475194,263.126,223.569,205.64572,0.466105501,0.884455857,0.485011149,-56.873993,-16.431,-22294.354,-0.485011149,0.034124397,0.0098586,-0.03,0,0,-0.388008919
1773482616,TRUE,0.6284767,1773482616,263.28726,223.90988,22.547539,9.122664,0.475194,263.16632,223.65424,205.66394,0.463956867,0.885642887,0.482556433,-56.83368,-16.345764,-22294.336,-0.482556433,0.03410021,0.009807459,-0.03,0,0,-0.386045146
1773482616,TRUE,0.6284767,1773482616,263.28726,223.90988,22.547539,9.122664,0.475194,263.19656,223.71814,205.67488,0.462345392,0.88653316,0.48071557,-56.803436,-16.28186,-22294.324,-0.48071557,0.034082063,0.009769117,-0.03,0,0,-0.384572456
1773482616,TRUE,0.42337608,1773482616,265.0787,226.02293,22.245419,9.112937,0.50345063,263.6671,224.29434,204.94127,0.467371768,0.883880625,0.486399782,-56.332886,-15.705658,-22295.059,-0.486399782,0.033799734,0.009423396,-0.03,0,0,-0.389119826
1773482616,TRUE,0.42337608,1773482616,265.0787,226.02293,22.245419,9.112937,0.50345063,264.02002,224.7265,204.38895,0.471141549,0.881891223,0.490662927,-55.97998,-15.273499,-22295.611,-0.490662927,0.03358799,0.0091641,-0.03,0,0,-0.392530341
1773482616,TRUE,0.42337608,1773482616,265.0787,226.02293,22.245419,9.112937,0.50345063,264.2847,225.05061,203.97351,0.473968885,0.880399172,0.493860172,-55.7153,-14.949387,-22296.027,-0.493860172,0.033429183,0.008969632,-0.03,0,0,-0.395088138
1773482616,TRUE,0.42337608,1773482616,265.0787,226.02293,22.245419,9.112937,0.50345063,264.48322,225.2937,203.66127,0.476089387,0.879280134,0.496257999,-55.516785,-14.706299,-22296.338,-0.496257999,0.03331007,0.008823779,-0.03,0,0,-0.397006399
1773482616,TRUE,0.42337608,1773482616,265.0787,226.02293,22.245419,9.112937,0.50345063,264.63208,225.47601,203.42673,0.477679763,0.878440855,0.49805629,-55.36792,-14.523987,-22296.574,-0.49805629,0.033220753,0.008714393,-0.03,0,0,-0.398445032
1773482616,TRUE,0.42337608,1773482616,265.0787,226.02293,22.245419,9.112937,0.50345063,264.74374,225.61275,203.2506,0.478872546,0.877811396,0.499404956,-55.256256,-14.387253,-22296.75,-0.499404956,0.033153754,0.008632352,-0.03,0,0,-0.399523965
1773482616,TRUE,0.42337608,1773482616,265.0787,226.02293,22.245419,9.112937,0.50345063,264.82748,225.7153,203.11838,0.479767133,0.877339302,0.500416423,-55.172516,-14.2846985,-22296.88,-0.500416423,0.03310351,0.008570819,-0.03,0,0,-0.400333138
1773482616,TRUE,0.42337608,1773482616,265.0787,226.02293,22.245419,9.112937,0.50345063,264.8903,225.7922,203.01918,0.480438073,0.876985231,0.501175003,-55.10971,-14.207794,-22296.98,-0.501175003,0.03306583,0.008524677,-0.03,0,0,-0.400940002
1773482616,TRUE,0.42337608,1773482616,265.0787,226.02293,22.245419,9.112937,0.50345063,264.9374,225.84988,202.9447,0.480941278,0.876719678,0.501743926,-55.06259,-14.150116,-22297.055,-0.501743926,0.03303756,0.00849007,-0.03,0,0,-0.401395141
1773482617,TRUE,0.42337608,1773482616,265.0787,226.02293,22.245419,9.112937,0.50345063,264.97275,225.89316,202.88882,0.481318682,0.876520514,0.502170612,-55.027252,-14.106842,-22297.111,-0.502170612,0.033016354,0.008464105,-0.03,0,0,-0.401736489
1773482617,TRUE,0.42337608,1773482616,265.0787,226.02293,22.245419,9.112937,0.50345063,264.99924,225.9256,202.84692,0.481601734,0.87637114,0.502490622,-55.000763,-14.074402,-22297.152,-0.502490622,0.033000458,0.008444642,-0.03,0,0,-0.401992498
1773482617,TRUE,0.42337608,1773482616,265.0787,226.02293,22.245419,9.112937,0.50345063,265.0191,225.94994,202.8155,0.481814024,0.87625911,0.502730628,-54.980896,-14.050064,-22297.184,-0.502730628,0.03298854,0.008430039,-0.03,0,0,-0.402184502
1773482617,TRUE,0.42337608,1773482616,265.0787,226.02293,22.245419,9.112937,0.50345063,265.034,225.96819,202.79192,0.481973241,0.876175087,0.50291063,-54.966003,-14.031815,-22297.209,-0.50291063,0.032979604,0.008419089,-0.03,0,0,-0.402328504
1773482617,TRUE,0.42337608,1773482616,265.0787,226.02293,22.245419,9.112937,0.50345063,265.04517,225.98187,202.77422,0.482092654,0.87611207,0.503045632,-54.954834,-14.018127,-22297.227,-0.503045632,0.032972902,0.008410877,-0.03,0,0,-0.402436505
1773482617,TRUE,0.42337608,1773482616,265.0787,226.02293,22.245419,9.112937,0.50345063,265.05356,225.99214,202.76093,0.482182214,0.876064808,0.503146882,-54.94644,-14.007858,-22297.238,-0.503146882,0.032967865,0.008404715,-0.03,0,0,-0.402517506
1773482617,TRUE,0.42337608,1773482616,265.0787,226.02293,22.245419,9.112937,0.50345063,265.05984,225.99985,202.75099,0.482249384,0.876029361,0.50322282,-54.940155,-14.000153,-22297.248,-0.50322282,0.032964095,0.008400092,-0.03,0,0,-0.402578256
1773482617,TRUE,0.42337608,1773482616,265.0787,226.02293,22.245419,9.112937,0.50345063,265.06458,226.00562,202.74352,0.482299761,0.876002775,0.503279773,-54.935425,-13.994385,-22297.256,-0.503279773,0.032961257,0.008396631,-0.03,0,0,-0.402623819
1773482617,TRUE,0.42337608,1773482616,265.0787,226.02293,22.245419,9.112937,0.50345063,265.0681,226.00995,202.73793,0.482337544,0.875982836,0.503322488,-54.931885,-13.990051,-22297.262,-0.503322488,0.032959133,0.008394031,-0.03,0,0,-0.40265799
1773482617,TRUE,0.42337608,1773482616,265.0787,226.02293,22.245419,9.112937,0.50345063,265.07077,226.0132,202.73372,0.482365881,0.875967882,0.503354524,-54.92923,-13.986801,-22297.266,-0.503354524,0.03295754,0.008392081,-0.03,0,0,-0.402683619
1773482617,TRUE,0.42337608,1773482616,265.0787,226.02293,22.245419,9.112937,0.50345063,265.07275,226.01564,202.73059,0.482387134,0.875956666,0.503378551,-54.927246,-13.98436,-22297.27,-0.503378551,0.03295635,0.008390617,-0.03,0,0,-0.402702841
1773482617,FALSE,0.42337608,1773482616,265.0787,226.02293,22.245419,9.112937,0.50345063,,,,,,,,,,,0,0,0,0,0,0
1773482617,FALSE,0.42337608,1773482616,265.0787,226.02293,22.245419,9.112937,0.50345063,,,,,,,,,,,0,0,0,0,0,0
1773482617,FALSE,0.42337608,1773482616,265.0787,226.02293,22.245419,9.112937,0.50345063,,,,,,,,,,,0,0,0,0,0,0
1773482617,FALSE,0.42337608,1773482616,265.0787,226.02293,22.245419,9.112937,0.50345063,,,,,,,,,,,0,0,0,0,0,0
1773482617,FALSE,0.42337608,1773482616,265.0787,226.02293,22.245419,9.112937,0.50345063,,,,,,,,,,,0,0,0,0,0,0
1773482617,FALSE,0.42337608,1773482616,265.0787,226.02293,22.245419,9.112937,0.50345063,,,,,,,,,,,0,0,0,0,0,0
1773482617,FALSE,0.42337608,1773482616,265.0787,226.02293,22.245419,9.112937,0.50345063,,,,,,,,,,,0,0,0,0,0,0
1773482617,FALSE,0.42337608,1773482616,265.0787,226.02293,22.245419,9.112937,0.50345063,,,,,,,,,,,0,0,0,0,0,0
1773482617,FALSE,0.42337608,1773482616,265.0787,226.02293,22.245419,9.112937,0.50345063,,,,,,,,,,,0,0,0,0,0,0
1773482617,FALSE,0.42337608,1773482616,265.0787,226.02293,22.245419,9.112937,0.50345063,,,,,,,,,,,0,0,0,0,0,0
1773482617,FALSE,0.42337608,1773482616,265.0787,226.02293,22.245419,9.112937,0.50345063,,,,,,,,,,,0,0,0,0,0,0
1773482617,FALSE,0.42337608,1773482616,265.0787,226.02293,22.245419,9.112937,0.50345063,,,,,,,,,,,0,0,0,0,0,0
1773482617,FALSE,0.42337608,1773482616,265.0787,226.02293,22.245419,9.112937,0.50345063,,,,,,,,,,,0,0,0,0,0,0
1773482617,FALSE,0.42337608,1773482616,265.0787,226.02293,22.245419,9.112937,0.50345063,,,,,,,,,,,0,0,0,0,0,0
1773482617,FALSE,0.42337608,1773482616,265.0787,226.02293,22.245419,9.112937,0.50345063,,,,,,,,,,,0,0,0,0,0,0
1773482617,FALSE,0.42337608,1773482616,265.0787,226.02293,22.245419,9.112937,0.50345063,,,,,,,,,,,0,0,0,0,0,0
1773482617,FALSE,0.42337608,1773482616,265.0787,226.02293,22.245419,9.112937,0.50345063,,,,,,,,,,,0,0,0,0,0,0
1773482617,FALSE,0.42337608,1773482616,265.0787,226.02293,22.245419,9.112937,0.50345063,,,,,,,,,,,0,0,0,0,0,0
1773482617,FALSE,0.42337608,1773482616,265.0787,226.02293,22.245419,9.112937,0.50345063,,,,,,,,,,,0,0,0,0,0,0
1773482617,FALSE,0.42337608,1773482616,265.0787,226.02293,22.245419,9.112937,0.50345063,,,,,,,,,,,0,0,0,0,0,0
1773482617,FALSE,0.42337608,1773482616,265.0787,226.02293,22.245419,9.112937,0.50345063,,,,,,,,,,,0,0,0,0,0,0
1773482617,FALSE,0.42337608,1773482616,265.0787,226.02293,22.245419,9.112937,0.50345063,,,,,,,,,,,0,0,0,0,0,0
1773482617,FALSE,0.42337608,1773482616,265.0787,226.02293,22.245419,9.112937,0.50345063,,,,,,,,,,,0,0,0,0,0,0
1773482617,FALSE,0.42337608,1773482616,265.0787,226.02293,22.245419,9.112937,0.50345063,,,,,,,,,,,0,0,0,0,0,0
1773482617,FALSE,0.42337608,1773482616,265.0787,226.02293,22.245419,9.112937,0.50345063,,,,,,,,,,,0,0,0,0,0,0
1773482617,FALSE,0.42337608,1773482616,265.0787,226.02293,22.245419,9.112937,0.50345063,,,,,,,,,,,0,0,0,0,0,0
1773482617,FALSE,0.42337608,1773482616,265.0787,226.02293,22.245419,9.112937,0.50345063,,,,,,,,,,,0,0,0,0,0,0
1773482617,FALSE,0.42337608,1773482616,265.0787,226.02293,22.245419,9.112937,0.50345063,,,,,,,,,,,0,0,0,0,0,0
1773482617,FALSE,0.42337608,1773482616,265.0787,226.02293,22.245419,9.112937,0.50345063,,,,,,,,,,,0,0,0,0,0,0
1773482617,FALSE,0.42337608,1773482616,265.0787,226.02293,22.245419,9.112937,0.50345063,,,,,,,,,,,0,0,0,0,0,0
1773482617,FALSE,0.42337608,1773482616,265.0787,226.02293,22.245419,9.112937,0.50345063,,,,,,,,,,,0,0,0,0,0,0
1773482617,FALSE,0.42337608,1773482616,265.0787,226.02293,22.245419,9.112937,0.50345063,,,,,,,,,,,0,0,0,0,0,0
1773482617,FALSE,0.42337608,1773482616,265.0787,226.02293,22.245419,9.112937,0.50345063,,,,,,,,,,,0,0,0,0,0,0
1773482617,FALSE,0.42337608,1773482616,265.0787,226.02293,22.245419,9.112937,0.50345063,,,,,,,,,,,0,0,0,0,0,0
1773482617,FALSE,0.42337608,1773482616,265.0787,226.02293,22.245419,9.112937,0.50345063,,,,,,,,,,,0,0,0,0,0,0
1773482617,FALSE,0.42337608,1773482616,265.0787,226.02293,22.245419,9.112937,0.50345063,,,,,,,,,,,0,0,0,0,0,0
1773482617,FALSE,0.42337608,1773482616,265.0787,226.02293,22.245419,9.112937,0.50345063,,,,,,,,,,,0,0,0,0,0,0
1773482617,FALSE,0.42337608,1773482616,265.0787,226.02293,22.245419,9.112937,0.50345063,,,,,,,,,,,0,0,0,0,0,0
1773482617,FALSE,0.42337608,1773482616,265.0787,226.02293,22.245419,9.112937,0.50345063,,,,,,,,,,,0,0,0,0,0,0
1773482617,FALSE,0.42337608,1773482616,265.0787,226.02293,22.245419,9.112937,0.50345063,,,,,,,,,,,0,0,0,0,0,0
1773482617,FALSE,0.42337608,1773482616,265.0787,226.02293,22.245419,9.112937,0.50345063,,,,,,,,,,,0,0,0,0,0,0
1773482617,FALSE,0.42337608,1773482616,265.0787,226.02293,22.245419,9.112937,0.50345063,,,,,,,,,,,0,0,0,0,0,0
1773482617,FALSE,0.42337608,1773482616,265.0787,226.02293,22.245419,9.112937,0.50345063,,,,,,,,,,,0,0,0,0,0,0
1773482617,FALSE,0.42337608,1773482616,265.0787,226.02293,22.245419,9.112937,0.50345063,,,,,,,,,,,0,0,0,0,0,0
1773482617,FALSE,0.42337608,1773482616,265.0787,226.02293,22.245419,9.112937,0.50345063,,,,,,,,,,,0,0,0,0,0,0
1773482617,FALSE,0.42337608,1773482616,265.0787,226.02293,22.245419,9.112937,0.50345063,,,,,,,,,,,0,0,0,0,0,0
1773482617,FALSE,0.42337608,1773482616,265.0787,226.02293,22.245419,9.112937,0.50345063,,,,,,,,,,,0,0,0,0,0,0
1773482617,FALSE,0.42337608,1773482616,265.0787,226.02293,22.245419,9.112937,0.50345063,,,,,,,,,,,0,0,0,0,0,0
1773482617,FALSE,0.42337608,1773482616,265.0787,226.02293,22.245419,9.112937,0.50345063,,,,,,,,,,,0,0,0,0,0,0
1773482617,FALSE,0.42337608,1773482616,265.0787,226.02293,22.245419,9.112937,0.50345063,,,,,,,,,,,0,0,0,0,0,0
1773482617,FALSE,0.42337608,1773482616,265.0787,226.02293,22.245419,9.112937,0.50345063,,,,,,,,,,,0,0,0,0,0,0
1773482617,FALSE,0.42337608,1773482616,265.0787,226.02293,22.245419,9.112937,0.50345063,,,,,,,,,,,0,0,0,0,0,0
1773482617,FALSE,0.42337608,1773482616,265.0787,226.02293,22.245419,9.112937,0.50345063,,,,,,,,,,,0,0,0,0,0,0
1773482617,FALSE,0.42337608,1773482616,265.0787,226.02293,22.245419,9.112937,0.50345063,,,,,,,,,,,0,0,0,0,0,0
1773482617,FALSE,0.42337608,1773482616,265.0787,226.02293,22.245419,9.112937,0.50345063,,,,,,,,,,,0,0,0,0,0,0
1773482617,FALSE,0.42337608,1773482616,265.0787,226.02293,22.245419,9.112937,0.50345063,,,,,,,,,,,0,0,0,0,0,0
1773482617,FALSE,0.42337608,1773482616,265.0787,226.02293,22.245419,9.112937,0.50345063,,,,,,,,,,,0,0,0,0,0,0
1773482617,FALSE,0.42337608,1773482616,265.0787,226.02293,22.245419,9.112937,0.50345063,,,,,,,,,,,0,0,0,0,0,0
1773482617,FALSE,0.42337608,1773482616,265.0787,226.02293,22.245419,9.112937,0.50345063,,,,,,,,,,,0,0,0,0,0,0
1773482617,FALSE,0.42337608,1773482616,265.0787,226.02293,22.245419,9.112937,0.50345063,,,,,,,,,,,0,0,0,0,0,0
1773482617,FALSE,0.42337608,1773482616,265.0787,226.02293,22.245419,9.112937,0.50345063,,,,,,,,,,,0,0,0,0,0,0
1773482617,FALSE,0.42337608,1773482616,265.0787,226.02293,22.245419,9.112937,0.50345063,,,,,,,,,,,0,0,0,0,0,0
1773482617,FALSE,0.42337608,1773482616,265.0787,226.02293,22.245419,9.112937,0.50345063,,,,,,,,,,,0,0,0,0,0,0
1773482617,FALSE,0.42337608,1773482616,265.0787,226.02293,22.245419,9.112937,0.50345063,,,,,,,,,,,0,0,0,0,0,0
1773482617,FALSE,0.42337608,1773482616,265.0787,226.02293,22.245419,9.112937,0.50345063,,,,,,,,,,,0,0,0,0,0,0
1773482617,FALSE,0.42337608,1773482616,265.0787,226.02293,22.245419,9.112937,0.50345063,,,,,,,,,,,0,0,0,0,0,0
1773482617,FALSE,0.42337608,1773482616,265.0787,226.02293,22.245419,9.112937,0.50345063,,,,,,,,,,,0,0,0,0,0,0
1773482617,FALSE,0.42337608,1773482616,265.0787,226.02293,22.245419,9.112937,0.50345063,,,,,,,,,,,0,0,0,0,0,0
1773482617,FALSE,0.42337608,1773482616,265.0787,226.02293,22.245419,9.112937,0.50345063,,,,,,,,,,,0,0,0,0,0,0
1773482617,FALSE,0.42337608,1773482616,265.0787,226.02293,22.245419,9.112937,0.50345063,,,,,,,,,,,0,0,0,0,0,0
1773482617,FALSE,0.42337608,1773482616,265.0787,226.02293,22.245419,9.112937,0.50345063,,,,,,,,,,,0,0,0,0,0,0
1773482617,FALSE,0.42337608,1773482616,265.0787,226.02293,22.245419,9.112937,0.50345063,,,,,,,,,,,0,0,0,0,0,0
1773482617,FALSE,0.42337608,1773482616,265.0787,226.02293,22.245419,9.112937,0.50345063,,,,,,,,,,,0,0,0,0,0,0
1773482617,FALSE,0.42337608,1773482616,265.0787,226.02293,22.245419,9.112937,0.50345063,,,,,,,,,,,0,0,0,0,0,0
1773482617,FALSE,0.42337608,1773482616,265.0787,226.02293,22.245419,9.112937,0.50345063,,,,,,,,,,,0,0,0,0,0,0
1773482617,FALSE,0.42337608,1773482616,265.0787,226.02293,22.245419,9.112937,0.50345063,,,,,,,,,,,0,0,0,0,0,0
1773482617,FALSE,0.42337608,1773482616,265.0787,226.02293,22.245419,9.112937,0.50345063,,,,,,,,,,,0,0,0,0,0,0
1773482617,FALSE,0.42337608,1773482616,265.0787,226.02293,22.245419,9.112937,0.50345063,,,,,,,,,,,0,0,0,0,0,0
1773482617,FALSE,0.42337608,1773482616,265.0787,226.02293,22.245419,9.112937,0.50345063,,,,,,,,,,,0,0,0,0,0,0
1773482617,FALSE,0.42337608,1773482616,265.0787,226.02293,22.245419,9.112937,0.50345063,,,,,,,,,,,0,0,0,0,0,0
1773482617,FALSE,0.42337608,1773482616,265.0787,226.02293,22.245419,9.112937,0.50345063,,,,,,,,,,,0,0,0,0,0,0
1773482617,FALSE,0.42337608,1773482616,265.0787,226.02293,22.245419,9.112937,0.50345063,,,,,,,,,,,0,0,0,0,0,0
1773482617,FALSE,0.42337608,1773482616,265.0787,226.02293,22.245419,9.112937,0.50345063,,,,,,,,,,,0,0,0,0,0,0
1773482617,FALSE,0.42337608,1773482616,265.0787,226.02293,22.245419,9.112937,0.50345063,,,,,,,,,,,0,0,0,0,0,0
1773482617,FALSE,0.42337608,1773482616,265.0787,226.02293,22.245419,9.112937,0.50345063,,,,,,,,,,,0,0,0,0,0,0
1773482617,FALSE,0.42337608,1773482616,265.0787,226.02293,22.245419,9.112937,0.50345063,,,,,,,,,,,0,0,0,0,0,0
1773482617,FALSE,0.42337608,1773482616,265.0787,226.02293,22.245419,9.112937,0.50345063,,,,,,,,,,,0,0,0,0,0,0
1773482617,FALSE,0.42337608,1773482616,265.0787,226.02293,22.245419,9.112937,0.50345063,,,,,,,,,,,0,0,0,0,0,0
1773482617,FALSE,0.42337608,1773482616,265.0787,226.02293,22.245419,9.112937,0.50345063,,,,,,,,,,,0,0,0,0,0,0
1773482618,FALSE,0.42337608,1773482616,265.0787,226.02293,22.245419,9.112937,0.50345063,,,,,,,,,,,0,0,0,0,0,0
1773482618,FALSE,0.42337608,1773482616,265.0787,226.02293,22.245419,9.112937,0.50345063,,,,,,,,,,,0,0,0,0,0,0
1773482618,FALSE,0.42337608,1773482616,265.0787,226.02293,22.245419,9.112937,0.50345063,,,,,,,,,,,0,0,0,0,0,0
1773482618,FALSE,0.42337608,1773482616,265.0787,226.02293,22.245419,9.112937,0.50345063,,,,,,,,,,,0,0,0,0,0,0
1773482618,FALSE,0.42337608,1773482616,265.0787,226.02293,22.245419,9.112937,0.50345063,,,,,,,,,,,0,0,0,0,0,0
1773482618,FALSE,0.42337608,1773482616,265.0787,226.02293,22.245419,9.112937,0.50345063,,,,,,,,,,,0,0,0,0,0,0
1773482618,FALSE,0.42337608,1773482616,265.0787,226.02293,22.245419,9.112937,0.50345063,,,,,,,,,,,0,0,0,0,0,0
1773482618,FALSE,0.42337608,1773482616,265.0787,226.02293,22.245419,9.112937,0.50345063,,,,,,,,,,,0,0,0,0,0,0
1773482618,FALSE,0.42337608,1773482616,265.0787,226.02293,22.245419,9.112937,0.50345063,,,,,,,,,,,0,0,0,0,0,0
1773482618,FALSE,0.42337608,1773482616,265.0787,226.02293,22.245419,9.112937,0.50345063,,,,,,,,,,,0,0,0,0,0,0
1773482618,FALSE,0.42337608,1773482616,265.0787,226.02293,22.245419,9.112937,0.50345063,,,,,,,,,,,0,0,0,0,0,0
1773482618,FALSE,0.42337608,1773482616,265.0787,226.02293,22.245419,9.112937,0.50345063,,,,,,,,,,,0,0,0,0,0,0
1773482618,FALSE,0.42337608,1773482616,265.0787,226.02293,22.245419,9.112937,0.50345063,,,,,,,,,,,0,0,0,0,0,0
1773482618,FALSE,0.42337608,1773482616,265.0787,226.02293,22.245419,9.112937,0.50345063,,,,,,,,,,,0,0,0,0,0,0
1773482618,FALSE,0.42337608,1773482616,265.0787,226.02293,22.245419,9.112937,0.50345063,,,,,,,,,,,0,0,0,0,0,0
1773482618,FALSE,0.42337608,1773482616,265.0787,226.02293,22.245419,9.112937,0.50345063,,,,,,,,,,,0,0,0,0,0,0
1773482618,FALSE,0.42337608,1773482616,265.0787,226.02293,22.245419,9.112937,0.50345063,,,,,,,,,,,0,0,0,0,0,0
1773482618,FALSE,0.42337608,1773482616,265.0787,226.02293,22.245419,9.112937,0.50345063,,,,,,,,,,,0,0,0,0,0,0
1773482618,FALSE,0.42337608,1773482616,265.0787,226.02293,22.245419,9.112937,0.50345063,,,,,,,,,,,0,0,0,0,0,0
1773482618,FALSE,0.42337608,1773482616,265.0787,226.02293,22.245419,9.112937,0.50345063,,,,,,,,,,,0,0,0,0,0,0
1773482618,FALSE,0.42337608,1773482616,265.0787,226.02293,22.245419,9.112937,0.50345063,,,,,,,,,,,0,0,0,0,0,0
1773482618,FALSE,0.42337608,1773482616,265.0787,226.02293,22.245419,9.112937,0.50345063,,,,,,,,,,,0,0,0,0,0,0
1773482618,FALSE,0.42337608,1773482616,265.0787,226.02293,22.245419,9.112937,0.50345063,,,,,,,,,,,0,0,0,0,0,0
1773482618,FALSE,0.42337608,1773482616,265.0787,226.02293,22.245419,9.112937,0.50345063,,,,,,,,,,,0,0,0,0,0,0
1773482618,FALSE,0.42337608,1773482616,265.0787,226.02293,22.245419,9.112937,0.50345063,,,,,,,,,,,0,0,0,0,0,0
1773482618,FALSE,0.42337608,1773482616,265.0787,226.02293,22.245419,9.112937,0.50345063,,,,,,,,,,,0,0,0,0,0,0
1773482618,FALSE,0.42337608,1773482616,265.0787,226.02293,22.245419,9.112937,0.50345063,,,,,,,,,,,0,0,0,0,0,0
1773482618,FALSE,0.42337608,1773482616,265.0787,226.02293,22.245419,9.112937,0.50345063,,,,,,,,,,,0,0,0,0,0,0
1773482618,FALSE,0.42337608,1773482616,265.0787,226.02293,22.245419,9.112937,0.50345063,,,,,,,,,,,0,0,0,0,0,0
1773482618,FALSE,0.42337608,1773482616,265.0787,226.02293,22.245419,9.112937,0.50345063,,,,,,,,,,,0,0,0,0,0,0
1773482618,FALSE,0.42337608,1773482616,265.0787,226.02293,22.245419,9.112937,0.50345063,,,,,,,,,,,0,0,0,0,0,0
1773482618,FALSE,0.42337608,1773482616,265.0787,226.02293,22.245419,9.112937,0.50345063,,,,,,,,,,,0,0,0,0,0,0
1773482618,FALSE,0.42337608,1773482616,265.0787,226.02293,22.245419,9.112937,0.50345063,,,,,,,,,,,0,0,0,0,0,0
1773482618,FALSE,0.42337608,1773482616,265.0787,226.02293,22.245419,9.112937,0.50345063,,,,,,,,,,,0,0,0,0,0,0
1773482618,FALSE,0.42337608,1773482616,265.0787,226.02293,22.245419,9.112937,0.50345063,,,,,,,,,,,0,0,0,0,0,0
1773482618,FALSE,0.42337608,1773482616,265.0787,226.02293,22.245419,9.112937,0.50345063,,,,,,,,,,,0,0,0,0,0,0
1773482618,FALSE,0.42337608,1773482616,265.0787,226.02293,22.245419,9.112937,0.50345063,,,,,,,,,,,0,0,0,0,0,0
1773482618,FALSE,0.42337608,1773482616,265.0787,226.02293,22.245419,9.112937,0.50345063,,,,,,,,,,,0,0,0,0,0,0
1773482618,FALSE,0.42337608,1773482616,265.0787,226.02293,22.245419,9.112937,0.50345063,,,,,,,,,,,0,0,0,0,0,0
1773482618,FALSE,0.42337608,1773482616,265.0787,226.02293,22.245419,9.112937,0.50345063,,,,,,,,,,,0,0,0,0,0,0
1773482618,FALSE,0.42337608,1773482616,265.0787,226.02293,22.245419,9.112937,0.50345063,,,,,,,,,,,0,0,0,0,0,0
1773482618,FALSE,0.42337608,1773482616,265.0787,226.02293,22.245419,9.112937,0.50345063,,,,,,,,,,,0,0,0,0,0,0
1773482618,FALSE,0.42337608,1773482616,265.0787,226.02293,22.245419,9.112937,0.50345063,,,,,,,,,,,0,0,0,0,0,0
1773482618,FALSE,0.42337608,1773482616,265.0787,226.02293,22.245419,9.112937,0.50345063,,,,,,,,,,,0,0,0,0,0,0
1773482618,FALSE,0.42337608,1773482616,265.0787,226.02293,22.245419,9.112937,0.50345063,,,,,,,,,,,0,0,0,0,0,0
1773482618,FALSE,0.42337608,1773482616,265.0787,226.02293,22.245419,9.112937,0.50345063,,,,,,,,,,,0,0,0,0,0,0
1773482618,FALSE,0.42337608,1773482616,265.0787,226.02293,22.245419,9.112937,0.50345063,,,,,,,,,,,0,0,0,0,0,0
1773482618,FALSE,0.42337608,1773482616,265.0787,226.02293,22.245419,9.112937,0.50345063,,,,,,,,,,,0,0,0,0,0,0
1773482618,FALSE,0.42337608,1773482616,265.0787,226.02293,22.245419,9.112937,0.50345063,,,,,,,,,,,0,0,0,0,0,0
1773482618,FALSE,0.42337608,1773482616,265.0787,226.02293,22.245419,9.112937,0.50345063,,,,,,,,,,,0,0,0,0,0,0
1773482618,FALSE,0.42337608,1773482616,265.0787,226.02293,22.245419,9.112937,0.50345063,,,,,,,,,,,0,0,0,0,0,0
1773482618,FALSE,0.42337608,1773482616,265.0787,226.02293,22.245419,9.112937,0.50345063,,,,,,,,,,,0,0,0,0,0,0
1773482618,FALSE,0.42337608,1773482616,265.0787,226.02293,22.245419,9.112937,0.50345063,,,,,,,,,,,0,0,0,0,0,0
1773482618,FALSE,0.42337608,1773482616,265.0787,226.02293,22.245419,9.112937,0.50345063,,,,,,,,,,,0,0,0,0,0,0
1773482618,FALSE,0.42337608,1773482616,265.0787,226.02293,22.245419,9.112937,0.50345063,,,,,,,,,,,0,0,0,0,0,0
1773482618,FALSE,0.42337608,1773482616,265.0787,226.02293,22.245419,9.112937,0.50345063,,,,,,,,,,,0,0,0,0,0,0
1773482618,FALSE,0.42337608,1773482616,265.0787,226.02293,22.245419,9.112937,0.50345063,,,,,,,,,,,0,0,0,0,0,0
1773482618,FALSE,0.42337608,1773482616,265.0787,226.02293,22.245419,9.112937,0.50345063,,,,,,,,,,,0,0,0,0,0,0
1773482618,FALSE,0.42337608,1773482616,265.0787,226.02293,22.245419,9.112937,0.50345063,,,,,,,,,,,0,0,0,0,0,0
1773482618,FALSE,0.42337608,1773482616,265.0787,226.02293,22.245419,9.112937,0.50345063,,,,,,,,,,,0,0,0,0,0,0
1773482618,FALSE,0.42337608,1773482616,265.0787,226.02293,22.245419,9.112937,0.50345063,,,,,,,,,,,0,0,0,0,0,0
1773482618,FALSE,0.42337608,1773482616,265.0787,226.02293,22.245419,9.112937,0.50345063,,,,,,,,,,,0,0,0,0,0,0
1773482618,FALSE,0.42337608,1773482616,265.0787,226.02293,22.245419,9.112937,0.50345063,,,,,,,,,,,0,0,0,0,0,0
1773482618,FALSE,0.42337608,1773482616,265.0787,226.02293,22.245419,9.112937,0.50345063,,,,,,,,,,,0,0,0,0,0,0
1773482618,FALSE,0.42337608,1773482616,265.0787,226.02293,22.245419,9.112937,0.50345063,,,,,,,,,,,0,0,0,0,0,0
1773482618,FALSE,0.42337608,1773482616,265.0787,226.02293,22.245419,9.112937,0.50345063,,,,,,,,,,,0,0,0,0,0,0
1773482618,FALSE,0.42337608,1773482616,265.0787,226.02293,22.245419,9.112937,0.50345063,,,,,,,,,,,0,0,0,0,0,0
1773482618,FALSE,0.42337608,1773482616,265.0787,226.02293,22.245419,9.112937,0.50345063,,,,,,,,,,,0,0,0,0,0,0
1773482618,FALSE,0.42337608,1773482616,265.0787,226.02293,22.245419,9.112937,0.50345063,,,,,,,,,,,0,0,0,0,0,0
1773482618,FALSE,0.42337608,1773482616,265.0787,226.02293,22.245419,9.112937,0.50345063,,,,,,,,,,,0,0,0,0,0,0
1773482618,FALSE,0.42337608,1773482616,265.0787,226.02293,22.245419,9.112937,0.50345063,,,,,,,,,,,0,0,0,0,0,0
1773482618,FALSE,0.42337608,1773482616,265.0787,226.02293,22.245419,9.112937,0.50345063,,,,,,,,,,,0,0,0,0,0,0
1773482618,FALSE,0.42337608,1773482616,265.0787,226.02293,22.245419,9.112937,0.50345063,,,,,,,,,,,0,0,0,0,0,0
1773482618,FALSE,0.42337608,1773482616,265.0787,226.02293,22.245419,9.112937,0.50345063,,,,,,,,,,,0,0,0,0,0,0
1773482618,FALSE,0.42337608,1773482616,265.0787,226.02293,22.245419,9.112937,0.50345063,,,,,,,,,,,0,0,0,0,0,0
1773482618,FALSE,0.42337608,1773482616,265.0787,226.02293,22.245419,9.112937,0.50345063,,,,,,,,,,,0,0,0,0,0,0
1773482618,FALSE,0.42337608,1773482616,265.0787,226.02293,22.245419,9.112937,0.50345063,,,,,,,,,,,0,0,0,0,0,0
1773482618,FALSE,0.42337608,1773482616,265.0787,226.02293,22.245419,9.112937,0.50345063,,,,,,,,,,,0,0,0,0,0,0
1773482618,FALSE,0.42337608,1773482616,265.0787,226.02293,22.245419,9.112937,0.50345063,,,,,,,,,,,0,0,0,0,0,0
1773482618,FALSE,0.42337608,1773482616,265.0787,226.02293,22.245419,9.112937,0.50345063,,,,,,,,,,,0,0,0,0,0,0
1773482618,FALSE,0.42337608,1773482616,265.0787,226.02293,22.245419,9.112937,0.50345063,,,,,,,,,,,0,0,0,0,0,0
1773482618,FALSE,0.42337608,1773482616,265.0787,226.02293,22.245419,9.112937,0.50345063,,,,,,,,,,,0,0,0,0,0,0
1773482618,FALSE,0.42337608,1773482616,265.0787,226.02293,22.245419,9.112937,0.50345063,,,,,,,,,,,0,0,0,0,0,0
1773482618,FALSE,0.42337608,1773482616,265.0787,226.02293,22.245419,9.112937,0.50345063,,,,,,,,,,,0,0,0,0,0,0
1773482618,FALSE,0.42337608,1773482616,265.0787,226.02293,22.245419,9.112937,0.50345063,,,,,,,,,,,0,0,0,0,0,0
1773482618,FALSE,0.42337608,1773482616,265.0787,226.02293,22.245419,9.112937,0.50345063,,,,,,,,,,,0,0,0,0,0,0
1773482618,FALSE,0.42337608,1773482616,265.0787,226.02293,22.245419,9.112937,0.50345063,,,,,,,,,,,0,0,0,0,0,0
1773482618,FALSE,0.42337608,1773482616,265.0787,226.02293,22.245419,9.112937,0.50345063,,,,,,,,,,,0,0,0,0,0,0
1773482618,FALSE,0.42337608,1773482616,265.0787,226.02293,22.245419,9.112937,0.50345063,,,,,,,,,,,0,0,0,0,0,0
1773482618,FALSE,0.42337608,1773482616,265.0787,226.02293,22.245419,9.112937,0.50345063,,,,,,,,,,,0,0,0,0,0,0
1773482618,FALSE,0.42337608,1773482616,265.0787,226.02293,22.245419,9.112937,0.50345063,,,,,,,,,,,0,0,0,0,0,0
1773482618,FALSE,0.42337608,1773482616,265.0787,226.02293,22.245419,9.112937,0.50345063,,,,,,,,,,,0,0,0,0,0,0
1773482618,FALSE,0.42337608,1773482616,265.0787,226.02293,22.245419,9.112937,0.50345063,,,,,,,,,,,0,0,0,0,0,0
1773482618,FALSE,0.42337608,1773482616,265.0787,226.02293,22.245419,9.112937,0.50345063,,,,,,,,,,,0,0,0,0,0,0
1773482618,FALSE,0.42337608,1773482616,265.0787,226.02293,22.245419,9.112937,0.50345063,,,,,,,,,,,0,0,0,0,0,0
1773482618,FALSE,0.42337608,1773482616,265.0787,226.02293,22.245419,9.112937,0.50345063,,,,,,,,,,,0,0,0,0,0,0
1773482618,TRUE,0.67814386,1773482618,258.00797,224.42738,25.042646,9.304498,0.3555876,263.30655,225.61858,210.19977,0.448825668,0.89132802,0.466481286,-56.69345,-14.381424,-22289.8,-0.466481286,0.034016073,0.008628855,-0.03,0,0,-0.373185029
1773482618,TRUE,0.67814386,1773482618,258.00797,224.42738,25.042646,9.304498,0.3555876,261.9819,225.32077,215.8456,0.423654568,0.902856536,0.438736549,-58.018097,-14.67923,-22284.154,-0.438736549,0.03481086,0.008807538,-0.03,0,0,-0.35098924
1773482618,TRUE,0.67814386,1773482618,258.00797,224.42738,25.042646,9.304498,0.3555876,260.9884,225.09741,220.10474,0.404776243,0.911502922,0.417916316,-59.011597,-14.902588,-22279.895,-0.417916316,0.03540696,0.008941554,-0.03,0,0,-0.334333053
1773482618,TRUE,0.67814386,1773482618,258.00797,224.42738,25.042646,9.304498,0.3555876,260.2433,224.9299,223.31296,0.390617499,0.917987712,0.402306737,-59.756714,-15.070099,-22276.688,-0.402306737,0.03585403,0.00904206,-0.03,0,0,-0.32184539
1773482619,TRUE,0.67814386,1773482618,258.00797,224.42738,25.042646,9.304498,0.3555876,259.68445,224.80426,225.72697,0.379998441,0.922851305,0.390607827,-60.31555,-15.19574,-22274.273,-0.390607827,0.036189333,0.009117444,-0.03,0,0,-0.312486261
1773482619,TRUE,0.67814386,1773482618,258.00797,224.42738,25.042646,9.304498,0.3555876,259.26532,224.71004,227.54189,0.372034148,0.926498999,0.381840452,-60.73468,-15.289963,-22272.459,-0.381840452,0.03644081,0.009173978,-0.03,0,0,-0.305472361
1773482619,TRUE,0.67814386,1773482618,258.00797,224.42738,25.042646,9.304498,0.3555876,258.951,224.63937,228.90555,0.366060928,0.92923477,0.375269654,-61.04901,-15.360626,-22271.094,-0.375269654,0.03662941,0.009216377,-0.03,0,0,-0.300215724
1773482619,TRUE,0.3391557,1773482619,244.20158,209.0508,23.209536,9.486746,0.32783467,255.26364,220.74222,226.78177,0.355044139,0.933611524,0.363401341,-64.73636,-19.257782,-22273.219,-0.363401341,0.038841818,0.01155467,-0.03,0,0,-0.290721073
1773482619,TRUE,0.3391557,1773482619,244.20158,209.0508,23.209536,9.486746,0.32783467,252.49812,217.81937,225.1641,0.346781547,0.93689409,0.354502651,-67.50188,-22.180634,-22274.836,-0.354502651,0.04050113,0.013308381,-0.03,0,0,-0.283602121
1773482619,TRUE,0.3391557,1773482619,244.20158,209.0508,23.209536,9.486746,0.32783467,250.424,215.62723,223.93681,0.340584604,0.939356014,0.347831014,-69.576004,-24.372772,-22276.062,-0.347831014,0.041745603,0.014623664,-0.03,0,0,-0.278264812
1773482619,TRUE,0.3391557,1773482619,244.20158,209.0508,23.209536,9.486746,0.32783467,248.8684,213.98312,223.00848,0.335936896,0.941202457,0.342829026,-71.13161,-26.016876,-22276.992,-0.342829026,0.042678967,0.015610127,-0.03,0,0,-0.274263221
1773482619,TRUE,0.3391557,1773482619,244.20158,209.0508,23.209536,9.486746,0.32783467,247.70169,212.75003,222.3078,0.332451115,0.942587289,0.339078682,-72.29831,-27.24997,-22277.691,-0.339078682,0.043378986,0.016349982,-0.03,0,0,-0.271262946
1773482619,TRUE,0.3391557,1773482619,244.20158,209.0508,23.209536,9.486746,0.32783467,246.82668,211.82523,221.77977,0.329836779,0.943625914,0.33626664,-73.173325,-28.174774,-22278.22,-0.33626664,0.043903995,0.016904864,-0.03,0,0,-0.269013312
1773482619,TRUE,0.3391557,1773482619,244.20158,209.0508,23.209536,9.486746,0.32783467,246.17041,211.13162,221.38237,0.327876028,0.944404882,0.33415804,-73.82959,-28.868378,-22278.617,-0.33415804,0.044297755,0.017321028,-0.03,0,0,-0.267326432
1773482619,TRUE,0.8666695,1773482619,230.94414,193.44461,21.620207,8.517697,0.28622422,242.36385,206.70987,211.76045,0.316490039,0.948132846,0.322173623,-77.636154,-33.29013,-22288.24,-0.322173623,0.046581693,0.019974079,-0.03,0,0,-0.257738898
1773482619,TRUE,0.8666695,1773482619,230.94414,193.44461,21.620207,8.517697,0.28622422,239.50893,203.39355,204.68181,0.307950548,0.950928818,0.313184036,-80.49107,-36.606445,-22295.318,-0.313184036,0.048294645,0.021963868,-0.03,0,0,-0.250547229
1773482619,TRUE,0.8666695,1773482619,230.94414,193.44461,21.620207,8.517697,0.28622422,237.36774,200.90631,199.45032,0.301545929,0.953025798,0.306442109,-82.63226,-39.09369,-22300.549,-0.306442109,0.04957936,0.023456214,-0.03,0,0,-0.245153687
1773482619,TRUE,0.8666695,1773482619,230.94414,193.44461,21.620207,8.517697,0.28622422,235.76184,199.0409,195.57028,0.296742465,0.954598532,0.301386225,-84.23816,-40.959106,-22304.43,-0.301386225,0.05,0.024575464,-0.03,0,0,-0.24110898
1773482619,TRUE,0.8666695,1773482619,230.94414,193.44461,21.620207,8.517697,0.28622422,234.55742,197.64182,192.68478,0.293139867,0.955778083,0.297594803,-85.44258,-42.358185,-22307.314,-0.297594803,0.05,0.025414912,-0.03,0,0,-0.238075842
1773482619,TRUE,0.8666695,1773482619,230.94414,193.44461,21.620207,8.517697,0.28622422,233.6541,196.5925,190.53444,0.290437919,0.956662746,0.294751585,-86.3459,-43.4075,-22309.465,-0.294751585,0.05,0.026044503,-0.03,0,0,-0.235801268
1773482619,TRUE,0.8666695,1773482619,230.94414,193.44461,21.620207,8.517697,0.28622422,232.97661,195.80551,188.92944,0.288411458,0.957326244,0.292619399,-87.02339,-44.19449,-22311.07,-0.292619399,0.05,0.026516695,-0.03,0,0,-0.234095519
1773482619,TRUE,0.8193161,1773482619,219.60097,182.60483,21.31466,9.063778,0.271334,229.63269,192.50534,190.0378,0.283312809,0.958848238,0.287297509,-90.36731,-47.49466,-22309.963,-0.287297509,0.05,0.028496796,-0.03,0,0,-0.229838007
1773482619,TRUE,0.8193161,1773482619,219.60097,182.60483,21.31466,9.063778,0.271334,227.12476,190.03021,190.85028,0.279488822,0.959989734,0.283306178,-92.875244,-49.969788,-22309.15,-0.283306178,0.05,0.029981874,-0.03,0,0,-0.226644943
1773482619,TRUE,0.8193161,1773482619,219.60097,182.60483,21.31466,9.063778,0.271334,225.2438,188.17386,191.4491,0.276620832,0.960845856,0.280312815,-94.756195,-51.82614,-22308.55,-0.280312815,0.05,0.031095685,-0.03,0,0,-0.224250252
1773482619,TRUE,0.8193161,1773482619,219.60097,182.60483,21.31466,9.063778,0.271334,223.8331,186.78162,191.89227,0.27446984,0.961487947,0.278067905,-96.1669,-53.218384,-22308.107,-0.278067905,0.05,0.03193103,-0.03,0,0,-0.222454324
1773482619,TRUE,0.8193161,1773482619,219.60097,182.60483,21.31466,9.063778,0.271334,222.77505,185.73743,192.22131,0.272856595,0.961969516,0.276384301,-97.224945,-54.262573,-22307.78,-0.276384301,0.05,0.032557547,-0.03,0,0,-0.221107441
1773482619,TRUE,0.8193161,1773482619,219.60097,182.60483,21.31466,9.063778,0.271334,221.98154,184.95428,192.46623,0.271646662,0.962330692,0.275121648,-98.01846,-55.045715,-22307.533,-0.275121648,0.05,0.03302743,-0.03,0,0,-0.220097319
1773482619,TRUE,0.8193161,1773482619,219.60097,182.60483,21.31466,9.063778,0.271334,221.38638,184.36691,192.64886,0.270739212,0.962601574,0.27417469,-98.61362,-55.633087,-22307.352,-0.27417469,0.05,0.033379853,-0.03,0,0,-0.219339752
1773482619,TRUE,0.91950667,1773482619,210.75742,174.16379,20.612202,7.87647,0.21477538,218.72916,181.81613,184.91011,0.256336403,0.966207253,0.25932759,-101.27084,-58.18387,-22315.09,-0.25932759,0.05,0.03491032,-0.03,0,0,-0.207462072
1773482619,TRUE,0.91950667,1773482619,210.75742,174.16379,20.612202,7.87647,0.21477538,216.73624,179.90305,179.17796,0.245534297,0.968911513,0.248187848,-103.26376,-60.096954,-22320.822,-0.248187848,0.05,0.036058173,-0.03,0,0,-0.198550278
1773482619,TRUE,0.91950667,1773482619,210.75742,174.16379,20.612202,7.87647,0.21477538,215.24155,178.46823,174.91933,0.237432717,0.970939707,0.239832421,-104.75845,-61.53177,-22325.08,-0.239832421,0.05,0.036919065,-0.03,0,0,-0.191865937
1773482619,TRUE,0.91950667,1773482619,210.75742,174.16379,20.612202,7.87647,0.21477538,214.12051,177.39212,171.7481,0.231356532,0.972460853,0.233566288,-105.879486,-62.60788,-22328.252,-0.233566288,0.05,0.03756473,-0.03,0,0,-0.18685303
1773482619,TRUE,0.91950667,1773482619,210.75742,174.16379,20.612202,7.87647,0.21477538,213.27975,176.58505,169.38248,0.226799394,0.973601713,0.228867266,-106.720245,-63.414948,-22330.617,-0.228867266,0.05,0.03804897,-0.03,0,0,-0.183093813
1773482619,TRUE,0.91950667,1773482619,210.75742,174.16379,20.612202,7.87647,0.21477538,212.64917,175.97974,167.61545,0.22338154,0.974457357,0.225343464,-107.35083,-64.02026,-22332.385,-0.225343464,0.05,0.03841216,-0.03,0,0,-0.180274771
1773482619,TRUE,0.91950667,1773482619,210.75742,174.16379,20.612202,7.87647,0.21477538,212.17624,175.52576,166.2942,0.220818149,0.975099091,0.222700934,-107.82376,-64.47424,-22333.705,-0.222700934,0.05,0.038684547,-0.03,0,0,-0.178160747
1773482619,TRUE,0.9037103,1773482619,206.31892,170.16905,19.888592,7.915713,0.16937053,210.7119,174.18658,164.06142,0.207754092,0.977747085,0.209368598,-109.2881,-65.813416,-22335.94,-0.209368598,0.05,0.03948805,-0.03,0,0,-0.167494878
1773482619,TRUE,0.9037103,1773482619,206.31892,170.16905,19.888592,7.915713,0.16937053,209.61365,173.1822,162.39441,0.19795605,0.97973308,0.199366896,-110.38635,-66.817795,-22337.605,-0.199366896,0.05,0.04009068,-0.03,0,0,-0.159493517
1773482619,TRUE,0.9037103,1773482619,206.31892,170.16905,19.888592,7.915713,0.16937053,208.78996,172.42892,161.14842,0.190607518,0.981222577,0.191865592,-111.21004,-67.571075,-22338.852,-0.191865592,0.05,0.040542647,-0.03,0,0,-0.153492473
1773482619,TRUE,0.9037103,1773482619,206.31892,170.16905,19.888592,7.915713,0.16937053,208.1722,171.86395,160.21631,0.185096119,0.982339699,0.186240167,-111.827805,-68.13605,-22339.783,-0.186240167,0.05,0.04088163,-0.03,0,0,-0.148992133
1773482619,TRUE,0.9037103,1773482619,206.31892,170.16905,19.888592,7.915713,0.16937053,207.70888,171.44023,159.5186,0.180962569,0.983177541,0.182021649,-112.29112,-68.55977,-22340.48,-0.182021649,0.05,0.041135862,-0.03,0,0,-0.145617319
1773482619,TRUE,0.9037103,1773482619,206.31892,170.16905,19.888592,7.915713,0.16937053,207.36139,171.12244,158.99606,0.177862407,0.983805922,0.178858173,-112.63861,-68.87756,-22341.004,-0.178858173,0.05,0.04132654,-0.03,0,0,-0.143086538
1773482619,TRUE,0.9037103,1773482619,206.31892,170.16905,19.888592,7.915713,0.16937053,207.10077,170.8841,158.6046,0.175537286,0.984277208,0.176485839,-112.89923,-69.115906,-22341.395,-0.176485839,0.05,0.041469544,-0.03,0,0,-0.141188671
1773482619,TRUE,0.8814022,1773482619,204.50052,167.4134,20.940609,8.260276,0.14566563,206.45071,170.01642,162.13905,0.167940725,0.985560283,0.168780132,-113.549286,-69.98358,-22337.861,-0.168780132,0.05,0.04199015,-0.03,0,0,-0.135024105
1773482619,TRUE,0.8814022,1773482619,204.50052,167.4134,20.940609,8.260276,0.14566563,205.96317,169.36566,164.81534,0.162243305,0.98652259,0.163000687,-114.036835,-70.63434,-22335.186,-0.163000687,0.05,0.042380605,-0.03,0,0,-0.13040055
1773482619,TRUE,0.8814022,1773482619,204.50052,167.4134,20.940609,8.260276,0.14566563,205.5975,168.8776,166.83691,0.157970239,0.987244319,0.158666273,-114.4025,-71.122406,-22333.164,-0.158666273,0.05,0.042673446,-0.03,0,0,-0.126933018
1773482619,TRUE,0.8814022,1773482619,204.50052,167.4134,20.940609,8.260276,0.14566563,205.32324,168.51155,168.36113,0.15476544,0.987785616,0.155415666,-114.67676,-71.48845,-22331.639,-0.155415666,0.05,0.04289307,-0.03,0,0,-0.124332533
1773482619,TRUE,0.8814022,1773482619,204.50052,167.4134,20.940609,8.260276,0.14566563,205.11755,168.23701,169.5088,0.152361841,0.988191589,0.152977873,-114.88245,-71.762985,-22330.49,-0.152977873,0.05,0.043057792,-0.03,0,0,-0.122382298
1773482619,TRUE,0.8814022,1773482619,204.50052,167.4134,20.940609,8.260276,0.14566563,204.96329,168.03111,170.37213,0.150559142,0.988496069,0.151149638,-115.03671,-71.96889,-22329.627,-0.151149638,0.05,0.043181334,-0.03,0,0,-0.12091971
1773482619,TRUE,0.8814022,1773482619,204.50052,167.4134,20.940609,8.260276,0.14566563,204.8476,167.87668,171.02106,0.149207117,0.988724429,0.149778532,-115.152405,-72.12332,-22328.979,-0.149778532,0.05,0.043273997,-0.03,0,0,-0.119822825
1773482619,TRUE,0.8814022,1773482619,204.50052,167.4134,20.940609,8.260276,0.14566563,204.76083,167.76086,171.50854,0.148193099,0.988895699,0.148750245,-115.23917,-72.239136,-22328.492,-0.148750245,0.05,0.043343484,-0.03,0,0,-0.119000196
1773482619,TRUE,0.8672087,1773482619,203.7082,167.99937,21.060457,8.426775,0.14084151,204.49767,167.8205,172.99135,0.14623891,0.989196328,0.146772978,-115.502335,-72.179504,-22327.008,-0.146772978,0.05,0.043307703,-0.03,0,0,-0.117418383
1773482619,TRUE,0.8672087,1773482619,203.7082,167.99937,21.060457,8.426775,0.14084151,204.3003,167.86522,174.10693,0.144773269,0.989421801,0.145290057,-115.69971,-72.13478,-22325.893,-0.145290057,0.05,0.04328087,-0.03,0,0,-0.116232046
1773482619,TRUE,0.8672087,1773482619,203.7082,167.99937,21.060457,8.426775,0.14084151,204.15227,167.89876,174.9456,0.143674038,0.989590905,0.144177887,-115.84773,-72.10124,-22325.055,-0.144177887,0.05,0.043260746,-0.03,0,0,-0.11534231
1773482619,TRUE,0.8672087,1773482619,203.7082,167.99937,21.060457,8.426775,0.14084151,204.04124,167.92392,175.57571,0.142849615,0.989717733,0.143343773,-115.958755,-72.07608,-22324.424,-0.143343773,0.05,0.04324565,-0.03,0,0,-0.114675019
1773482619,TRUE,0.8672087,1773482619,203.7082,167.99937,21.060457,8.426775,0.14084151,203.95798,167.94278,176.0489,0.142231298,0.989812855,0.142718196,-116.04202,-72.05722,-22323.951,-0.142718196,0.05,0.043234333,-0.03,0,0,-0.114174557
1773482619,TRUE,0.8672087,1773482619,203.7082,167.99937,21.060457,8.426775,0.14084151,203.89552,167.95692,176.40416,0.14176756,0.989884196,0.142249019,-116.10448,-72.043076,-22323.596,-0.142249019,0.05,0.043225847,-0.03,0,0,-0.113799215
1773482619,TRUE,0.8672087,1773482619,203.7082,167.99937,21.060457,8.426775,0.14084151,203.8487,167.96754,176.67079,0.141419756,0.989937701,0.141897138,-116.151306,-72.032455,-22323.33,-0.141897138,0.05,0.043219477,-0.03,0,0,-0.113517711
1773482619,TRUE,0.83852965,1773482619,204.35464,169.65349,21.552914,8.620384,0.12605973,203.97519,168.38904,178.93018,0.137496347,0.990469523,0.137937812,-116.02481,-71.61096,-22321.07,-0.137937812,0.05,0.04296658,-0.03,0,0,-0.11035025
1773482619,TRUE,0.83852965,1773482619,204.35464,169.65349,21.552914,8.620384,0.12605973,204.07004,168.70515,180.63412,0.134553791,0.99086839,0.134968244,-115.92996,-71.294846,-22319.365,-0.134968244,0.05,0.04277691,-0.03,0,0,-0.107974596
1773482619,TRUE,0.83852965,1773482619,204.35464,169.65349,21.552914,8.620384,0.12605973,204.14117,168.94225,181.91739,0.132346873,0.991167539,0.132741063,-115.858826,-71.057755,-22318.082,-0.132741063,0.05,0.042634655,-0.03,0,0,-0.10619285
1773482619,TRUE,0.83852965,1773482619,204.35464,169.65349,21.552914,8.620384,0.12605973,204.19455,169.12006,182.88281,0.130691685,0.991391902,0.131070689,-115.80545,-70.879944,-22317.117,-0.131070689,0.05,0.04252797,-0.03,0,0,-0.104856551
1773482619,TRUE,0.83852965,1773482619,204.35464,169.65349,21.552914,8.620384,0.12605973,204.23456,169.25342,183.60857,0.129450294,0.991560174,0.129817921,-115.76544,-70.74658,-22316.39,-0.129817921,0.05,0.04244795,-0.03,0,0,-0.103854337
1773482619,TRUE,0.83852965,1773482619,204.35464,169.65349,21.552914,8.620384,0.12605973,204.26459,169.35344,184.1538,0.128519251,0.991686378,0.128878355,-115.73541,-70.64656,-22315.846,-0.128878355,0.05,0.04238794,-0.03,0,0,-0.103102684
1773482619,TRUE,0.88551414,1773482619,205.15453,172.96968,21.36337,8.127287,0.115836896,204.48708,170.25749,181.51367,0.125283942,0.992089385,0.125617975,-115.512924,-69.74251,-22318.486,-0.125617975,0.05,0.041845508,-0.03,0,0,-0.10049438
1773482619,TRUE,0.88551414,1773482619,205.15453,172.96968,21.36337,8.127287,0.115836896,204.65395,170.93553,179.53719,0.122857461,0.99239164,0.123172662,-115.346054,-69.06447,-22320.463,-0.123172662,0.05,0.041438684,-0.03,0,0,-0.09853813
1773482619,TRUE,0.88551414,1773482619,205.15453,172.96968,21.36337,8.127287,0.115836896,204.7791,171.44406,178.05684,0.1210376,0.992618331,0.121338682,-115.2209,-68.55594,-22321.943,-0.121338682,0.05,0.041133564,-0.03,0,0,-0.097070946
1773482619,TRUE,0.88551414,1773482619,205.15453,172.96968,21.36337,8.127287,0.115836896,204.87296,171.82545,176.94771,0.119672704,0.99278835,0.119963208,-115.127045,-68.174545,-22323.053,-0.119963208,0.05,0.04090473,-0.03,0,0,-0.095970566
1773482619,TRUE,0.88551414,1773482619,205.15453,172.96968,21.36337,8.127287,0.115836896,204.94336,172.11151,176.11652,0.118649032,0.992915864,0.118931612,-115.05664,-67.88849,-22323.883,-0.118931612,0.05,0.040733095,-0.03,0,0,-0.09514529
1773482619,TRUE,0.88551414,1773482619,205.15453,172.96968,21.36337,8.127287,0.115836896,204.99615,172.32605,175.4935,0.117881278,0.993011499,0.118157922,-115.003845,-67.67395,-22324.506,-0.118157922,0.05,0.04060437,-0.03,0,0,-0.094526337
1773482619,TRUE,0.88551414,1773482619,205.15453,172.96968,21.36337,8.127287,0.115836896,205.03575,172.48695,175.02643,0.117305463,0.993083226,0.117577658,-114.96425,-67.51305,-22324.973,-0.117577658,0.05,0.04050783,-0.03,0,0,-0.094062127
1773482619,TRUE,0.90548563,1773482619,205.70091,174.17778,21.065647,8.272098,0.107552335,205.20204,172.90967,174.83902,0.114815373,0.993367874,0.11507132,-114.79796,-67.09033,-22325.16,-0.11507132,0.05,0.0402542,-0.03,0,0,-0.092057056
1773482619,TRUE,0.90548563,1773482619,205.70091,174.17778,21.065647,8.272098,0.107552335,205.32677,173.2267,174.69629,0.112947805,0.993581361,0.113191553,-114.67323,-66.7733,-22325.305,-0.113191553,0.05,0.04006398,-0.03,0,0,-0.090553243
1773482619,TRUE,0.90548563,1773482619,205.70091,174.17778,21.065647,8.272098,0.107552335,205.4203,173.46448,174.58804,0.111547129,0.993741476,0.111781731,-114.5797,-66.53552,-22325.412,-0.111781731,0.05,0.039921314,-0.03,0,0,-0.089425385
1773482619,TRUE,0.90548563,1773482619,205.70091,174.17778,21.065647,8.272098,0.107552335,205.49046,173.6428,174.50616,0.110496623,0.993861562,0.110724369,-114.50954,-66.35719,-22325.494,-0.110724369,0.05,0.03981432,-0.03,0,0,-0.088579495
1773482619,TRUE,0.90548563,1773482619,205.70091,174.17778,21.065647,8.272098,0.107552335,205.54308,173.77655,174.4444,0.109708743,0.993951627,0.109931352,-114.456924,-66.22345,-22325.555,-0.109931352,0.05,0.039734073,-0.03,0,0,-0.087945082
1773482619,TRUE,0.90548563,1773482619,205.70091,174.17778,21.065647,8.272098,0.107552335,205.58253,173.87686,174.39783,0.109117833,0.994019175,0.109336593,-114.417465,-66.12314,-22325.602,-0.109336593,0.05,0.039673883,-0.03,0,0,-0.087469274
1773482619,TRUE,0.90548563,1773482619,205.70091,174.17778,21.065647,8.272098,0.107552335,205.61214,173.9521,174.36281,0.10867465,0.994069837,0.108890525,-114.38786,-66.0479,-22325.637,-0.108890525,0.05,0.03962874,-0.03,0,0,-0.08711242
1773482619,TRUE,0.90548563,1773482619,205.70091,174.17778,21.065647,8.272098,0.107552335,205.63434,174.00853,174.33647,0.108342263,0.994107833,0.108555976,-114.36566,-65.99147,-22325.664,-0.108555976,0.05,0.039594885,-0.03,0,0,-0.08684478
1773482619,TRUE,0.8884997,1773482619,205.24226,174.52052,22.283297,8.365866,0.10149712,205.53632,174.13652,177.33438,0.106587434,0.994294271,0.10679126,-114.463684,-65.86348,-22322.666,-0.10679126,0.05,0.039518088,-0.03,0,0,-0.085433008
1773482619,TRUE,0.8884997,1773482619,205.24226,174.52052,22.283297,8.365866,0.10149712,205.4628,174.23251,179.59274,0.105271312,0.9944341,0.105467719,-114.5372,-65.76749,-22320.408,-0.105467719,0.05,0.039460495,-0.03,0,0,-0.084374175
1773482619,TRUE,0.8884997,1773482619,205.24226,174.52052,22.283297,8.365866,0.10149712,205.40767,174.3045,181.29213,0.10428422,0.994538972,0.104475063,-114.59233,-65.695496,-22318.707,-0.104475063,0.05,0.0394173,-0.03,0,0,-0.083580051
1773482619,TRUE,0.8884997,1773482619,205.24226,174.52052,22.283297,8.365866,0.10149712,205.36632,174.3585,182.56981,0.103543902,0.994617626,0.103730573,-114.63368,-65.641495,-22317.43,-0.103730573,0.05,0.039384898,-0.03,0,0,-0.082984459
1773482619,TRUE,0.8884997,1773482619,205.24226,174.52052,22.283297,8.365866,0.10149712,205.3353,174.399,183.52983,0.102988663,0.994676616,0.103172207,-114.6647,-65.601,-22316.47,-0.103172207,0.05,0.0393606,-0.03,0,0,-0.082537766
1773482619,TRUE,0.8884997,1773482619,205.24226,174.52052,22.283297,8.365866,0.10149712,205.31203,174.42938,184.25084,0.102572234,0.994720859,0.102753434,-114.68797,-65.57062,-22315.75,-0.102753434,0.05,0.039342374,-0.03,0,0,-0.082202747
1773482619,TRUE,0.8884997,1773482619,205.24226,174.52052,22.283297,8.365866,0.10149712,205.29459,174.45216,184.79216,0.102259912,0.994754041,0.102439355,-114.705414,-65.54784,-22315.207,-0.102439355,0.05,0.0393287,-0.03,0,0,-0.081951484
1773482619,TRUE,0.9119571,1773482619,206.41734,174.22916,21.303099,8.39915,0.091452934,205.57529,174.39642,183.33334,0.099526311,0.995020805,0.099692763,-114.42471,-65.60358,-22316.666,-0.099692763,0.05,0.039362147,-0.03,0,0,-0.07975421
1773482619,TRUE,0.9119571,1773482619,206.41734,174.22916,21.303099,8.39915,0.091452934,205.7858,174.35461,182.23605,0.09747611,0.995220877,0.097632793,-114.2142,-65.645386,-22317.764,-0.097632793,0.05,0.039387234,-0.03,0,0,-0.078106234
1773482619,TRUE,0.9119571,1773482619,206.41734,174.22916,21.303099,8.39915,0.091452934,205.9437,174.32324,181.41132,0.095938459,0.995370931,0.096087812,-114.056305,-65.67676,-22318.588,-0.096087812,0.05,0.039406057,-0.03,0,0,-0.07687025
1773482619,TRUE,0.9119571,1773482619,206.41734,174.22916,21.303099,8.39915,0.091452934,206.0621,174.29971,180.79176,0.094785221,0.995483472,0.09492908,-113.9379,-65.70029,-22319.209,-0.09492908,0.05,0.039420173,-0.03,0,0,-0.075943264
1773482619,TRUE,0.9119571,1773482619,206.41734,174.22916,21.303099,8.39915,0.091452934,206.15091,174.28207,180.32652,0.093920293,0.995567878,0.094060035,-113.84909,-65.717926,-22319.674,-0.094060035,0.05,0.039430756,-0.03,0,0,-0.075248028
1773482619,TRUE,0.9119571,1773482619,206.41734,174.22916,21.303099,8.39915,0.091452934,206.21753,174.26883,179.97726,0.093271596,0.995631182,0.093408254,-113.78247,-65.73117,-22320.023,-0.093408254,0.05,0.039438706,-0.03,0,0,-0.074726603
1773482619,TRUE,0.9119571,1773482619,206.41734,174.22916,21.303099,8.39915,0.091452934,206.26749,174.25891,179.71518,0.092785074,0.99567866,0.092919421,-113.73251,-65.74109,-22320.285,-0.092919421,0.05,0.039444655,-0.03,0,0,-0.074335537
1773482619,TRUE,0.9119571,1773482619,206.41734,174.22916,21.303099,8.39915,0.091452934,206.30496,174.25146,179.5185,0.092420182,0.995714268,0.092552797,-113.69504,-65.748535,-22320.482,-0.092552797,0.05,0.03944912,-0.03,0,0,-0.074042238
1773482619,TRUE,0.91129047,1773482619,209.85114,172.84508,22.020205,8.491094,0.08012026,207.19151,173.89987,181.37126,0.089323778,0.995983724,0.089444679,-112.80849,-66.10013,-22318.629,-0.089444679,0.05,0.039660078,-0.03,0,0,-0.071555743
1773482619,TRUE,0.91129047,1773482619,209.85114,172.84508,22.020205,8.491094,0.08012026,207.85641,173.63617,182.76587,0.087001476,0.996185815,0.087113553,-112.143585,-66.36383,-22317.234,-0.087113553,0.05,0.0398183,-0.03,0,0,-0.069690843
1773482619,TRUE,0.91129047,1773482619,209.85114,172.84508,22.020205,8.491094,0.08012026,208.35509,173.4384,183.81465,0.085259748,0.996337383,0.085365206,-111.64491,-66.5616,-22316.186,-0.085365206,0.05,0.039936963,-0.03,0,0,-0.068292164
1773482619,TRUE,0.91129047,1773482619,209.85114,172.84508,22.020205,8.491094,0.08012026,208.7291,173.29007,184.60284,0.083953453,0.99645106,0.08405395,-111.270905,-66.70993,-22315.396,-0.08405395,0.05,0.04002596,-0.03,0,0,-0.06724316
1773482619,TRUE,0.91129047,1773482619,209.85114,172.84508,22.020205,8.491094,0.08012026,209.0096,173.17883,185.1949,0.082973731,0.996536317,0.083070514,-110.9904,-66.82117,-22314.805,-0.083070514,0.05,0.040092703,-0.03,0,0,-0.066456411
1773482619,TRUE,0.91129047,1773482619,209.85114,172.84508,22.020205,8.491094,0.08012026,209.21999,173.0954,185.63943,0.08223894,0.99660026,0.082332942,-110.780014,-66.9046,-22314.361,-0.082332942,0.05,0.040142763,-0.03,0,0,-0.065866354
1773482619,TRUE,0.91129047,1773482619,209.85114,172.84508,22.020205,8.491094,0.08012026,209.37778,173.03282,185.97311,0.081687847,0.996648217,0.081779766,-110.62222,-66.96718,-22314.027,-0.081779766,0.05,0.04018031,-0.03,0,0,-0.065423813
1773482619,TRUE,0.91129047,1773482619,209.85114,172.84508,22.020205,8.491094,0.08012026,209.49611,172.98589,186.22354,0.081274527,0.996684185,0.081364886,-110.50389,-67.014114,-22313.777,-0.081364886,0.05,0.04020847,-0.03,0,0,-0.065091909
1773482619,TRUE,0.7902545,1773482619,214.1336,175.7788,22.375423,8.541277,0.059772726,210.65549,173.68411,187.44165,0.07589018,0.997066674,0.075966973,-109.34451,-66.31589,-22312.559,-0.075966973,0.05,0.039789535,-0.03,0,0,-0.060773578
1773482619,TRUE,0.7902545,1773482619,214.1336,175.7788,22.375423,8.541277,0.059772726,211.52501,174.2078,188.35727,0.07185192,0.997353541,0.071918328,-108.47499,-65.792206,-22311.643,-0.071918328,0.05,0.039475325,-0.03,0,0,-0.057534662
1773482619,TRUE,0.7902545,1773482619,214.1336,175.7788,22.375423,8.541277,0.059772726,212.17715,174.60056,189.04514,0.068823225,0.997568692,0.068881815,-107.822845,-65.399445,-22310.955,-0.068881815,0.05,0.039239667,-0.03,0,0,-0.055105452
1773482620,TRUE,0.7902545,1773482619,214.1336,175.7788,22.375423,8.541277,0.059772726,212.66628,174.89511,189.56169,0.066551704,0.997730054,0.066604452,-107.333725,-65.10489,-22310.438,-0.066604452,0.05,0.039062936,-0.03,0,0,-0.053283562
1773482620,TRUE,0.7902545,1773482619,214.1336,175.7788,22.375423,8.541277,0.059772726,213.03311,175.11603,189.9495,0.064848063,0.997851076,0.064896458,-106.96689,-64.88397,-22310.05,-0.064896458,0.05,0.038930386,-0.03,0,0,-0.051917166
1773482620,TRUE,0.7902545,1773482619,214.1336,175.7788,22.375423,8.541277,0.059772726,213.30824,175.28172,190.24052,0.063570332,0.997941843,0.063615485,-106.69176,-64.71828,-22309.76,-0.063615485,0.05,0.03883097,-0.03,0,0,-0.050892388
1773482620,TRUE,0.72529817,1773482620,222.99826,180.94478,22.511137,9.129737,0.026081607,215.73074,176.69748,194.03696,0.054197412,0.998371356,0.054232592,-104.26926,-63.30252,-22305.963,-0.054232592,0.05,0.037981514,-0.03,0,0,-0.043386074
1773482620,TRUE,0.72529817,1773482620,222.99826,180.94478,22.511137,9.129737,0.026081607,217.54764,177.7593,196.89464,0.047167721,0.99869349,0.047194357,-102.45236,-62.240707,-22303.105,-0.047194357,0.05,0.037344426,-0.03,0,0,-0.037755485
1773482620,TRUE,0.72529817,1773482620,222.99826,180.94478,22.511137,9.129737,0.026081607,218.91031,178.55566,199.0437,0.041895453,0.998935091,0.041915551,-101.08969,-61.444336,-22300.957,-0.041915551,0.05,0.0368666,-0.03,0,0,-0.033532441
1773482620,TRUE,0.72529817,1773482620,222.99826,180.94478,22.511137,9.129737,0.026081607,219.93231,179.15294,200.65877,0.037941252,0.999116292,0.037956573,-100.06769,-60.84706,-22299.342,-0.037956573,0.05,0.03650824,-0.03,0,0,-0.030365258
1773482620,TRUE,0.72529817,1773482620,222.99826,180.94478,22.511137,9.129737,0.026081607,220.69879,179.60089,201.8719,0.034975602,0.999252193,0.034987493,-99.30121,-60.39911,-22298.129,-0.034987493,0.05,0.036239468,-0.03,0,0,-0.027989994
1773482620,TRUE,0.72529817,1773482620,222.99826,180.94478,22.511137,9.129737,0.026081607,221.27365,179.93686,202.78279,0.032751364,0.999354118,0.032760806,-98.72635,-60.06314,-22297.217,0,0.05,0.036037885,-0.03,0,0,0
1773482620,TRUE,0.72529817,1773482620,222.99826,180.94478,22.511137,9.129737,0.026081607,221.7048,180.18883,203.46652,0.031083185,0.999430562,0.031090874,-98.2952,-59.811172,-22296.533,0,0.05,0.035886705,-0.03,0,0,0
1773482620,TRUE,0.82837474,1773482620,231.38557,185.35211,23.746462,8.917478,0.051103078,224.12498,181.47964,205.57086,0.036082598,0.999246552,0.036094123,-95.875015,-58.520355,-22294.43,-0.036094123,0.05,0.035112213,-0.03,0,0,-0.028875298
1773482620,TRUE,0.82837474,1773482620,231.38557,185.35211,23.746462,8.917478,0.051103078,225.94012,182.44777,207.1354,0.039832158,0.999108544,0.039846596,-94.059875,-57.55223,-22292.865,-0.039846596,0.05,0.03453134,-0.03,0,0,-0.031877277
1773482620,TRUE,0.82837474,1773482620,231.38557,185.35211,23.746462,8.917478,0.051103078,227.30148,183.17386,208.30109,0.042644328,0.999005039,0.042660901,-92.69852,-56.82614,-22291.7,-0.042660901,0.05,0.034095686,-0.03,0,0,-0.034128721
1773482620,TRUE,0.82837474,1773482620,231.38557,185.35211,23.746462,8.917478,0.051103078,228.3225,183.71843,209.171,0.044753456,0.99892741,0.044771571,-91.677505,-56.28157,-22290.828,-0.044771571,0.05,0.033768944,-0.03,0,0,-0.035817256
1773482620,TRUE,0.82837474,1773482620,231.38557,185.35211,23.746462,8.917478,0.051103078,229.08826,184.12685,209.82103,0.046335301,0.998869188,0.046354527,-90.91174,-55.873154,-22290.18,-0.046354527,0.05,0.033523895,-0.03,0,0,-0.037083622
1773482620,TRUE,0.82837474,1773482620,231.38557,185.35211,23.746462,8.917478,0.051103078,229.66258,184.43317,210.30716,0.047521685,0.998825521,0.047541714,-90.33742,-55.566833,-22289.693,-0.047541714,0.05,0.0333401,-0.03,0,0,-0.038033371
1773482620,TRUE,0.82837474,1773482620,231.38557,185.35211,23.746462,8.917478,0.051103078,230.09332,184.6629,210.67099,0.048411474,0.998792771,0.048432084,-89.90668,-55.337097,-22289.328,-0.048432084,0.05,0.03320226,-0.03,0,0,-0.038745667
1773482620,TRUE,0.8138019,1773482620,236.49138,188.30064,24.212608,9.659434,0.035842102,231.69284,185.57234,216.38705,0.045267212,0.998934014,0.045284538,-88.30716,-54.427658,-22283.613,-0.045284538,0.05,0.032656595,-0.03,0,0,-0.03622763
1773482620,TRUE,0.8138019,1773482620,236.49138,188.30064,24.212608,9.659434,0.035842102,232.89247,186.25443,220.71184,0.042909016,0.999039945,0.04292387,-87.10753,-53.745575,-22279.29,-0.04292387,0.05,0.032247346,-0.03,0,0,-0.034339096
1773482620,TRUE,0.8138019,1773482620,236.49138,188.30064,24.212608,9.659434,0.035842102,233.7922,186.76599,223.97662,0.041140369,0.999119394,0.041153381,-86.207794,-53.23401,-22276.023,-0.041153381,0.05,0.031940408,-0.03,0,0,-0.032922705
1773482620,TRUE,0.8138019,1773482620,236.49138,188.30064,24.212608,9.659434,0.035842102,234.467,187.14966,226.43715,0.039813884,0.999178981,0.03982553,-85.533005,-52.85034,-22273.562,-0.03982553,0.05,0.031710207,-0.03,0,0,-0.031860424
1773482620,TRUE,0.8138019,1773482620,236.49138,188.30064,24.212608,9.659434,0.035842102,234.9731,187.43741,228.28926,0.03881902,0.999223671,0.038829653,-85.0269,-52.56259,-22271.71,-0.038829653,0.05,0.031537555,-0.03,0,0,-0.031063722
1773482620,TRUE,0.8138019,1773482620,236.49138,188.30064,24.212608,9.659434,0.035842102,235.35268,187.65323,229.68211,0.038072872,0.999257188,0.038082753,-84.64732,-52.34677,-22270.318,-0.038082753,0.05,0.031408064,-0.03,0,0,-0.030466202
1773482620,TRUE,0.8138019,1773482620,236.49138,188.30064,24.212608,9.659434,0.035842102,235.63736,187.8151,230.7289,0.037513261,0.999282326,0.037522583,-84.36264,-52.184906,-22269.271,-0.037522583,0.05,0.031310946,-0.03,0,0,-0.030018066
1773482620,TRUE,0.8138019,1773482620,236.49138,188.30064,24.212608,9.659434,0.035842102,235.85088,187.9365,231.51517,0.037093553,0.99930118,0.037102459,-84.149124,-52.063507,-22268.484,-0.037102459,0.05,0.031238105,-0.03,0,0,-0.029681967
1773482620,TRUE,0.89873654,1773482620,242.88919,192.97017,24.279863,9.719645,0.029274654,237.61044,189.1949,232.63103,0.035137783,0.999368767,0.035145499,-82.38956,-50.8051,-22267.37,-0.035145499,0.049433738,0.030483061,-0.03,0,0,-0.028116399
1773482620,TRUE,0.89873654,1773482620,242.88919,192.97017,24.279863,9.719645,0.029274654,238.93011,190.13872,233.46935,0.033670955,0.999419457,0.033677776,-81.069885,-49.861282,-22266.531,0,0.048641935,0.02991677,-0.03,0,0,0
1773482620,TRUE,0.89873654,1773482620,242.88919,192.97017,24.279863,9.719645,0.029274654,239.91989,190.84657,234.09886,0.032570835,0.999457475,0.032576986,-80.08011,-49.153427,-22265.9,0,0.048048068,0.029492058,-0.03,0,0,0
1773482620,TRUE,0.89873654,1773482620,242.88919,192.97017,24.279863,9.719645,0.029274654,240.6622,191.37747,234.57147,0.031745744,0.999485988,0.031751396,-79.3378,-48.622528,-22265.428,0,0.047602683,0.029173518,-0.03,0,0,0
1773482620,TRUE,0.89873654,1773482620,242.88919,192.97017,24.279863,9.719645,0.029274654,241.21893,191.77565,234.92618,0.031126926,0.999507373,0.031132206,-78.78107,-48.22435,-22265.074,0,0.047268644,0.028934611,-0.03,0,0,0
1773482620,TRUE,0.89873654,1773482620,242.88919,192.97017,24.279863,9.719645,0.029274654,241.6365,192.07428,235.19234,0.030662813,0.999523412,0.030667815,-78.363495,-47.92572,-22264.809,0,0.0470181,0.028755434,-0.03,0,0,0
1773482620,TRUE,0.89873654,1773482620,242.88919,192.97017,24.279863,9.719645,0.029274654,241.94968,192.29825,235.39206,0.030314728,0.999535441,0.030319523,-78.05032,-47.70175,-22264.607,0,0.046830196,0.028621051,-0.03,0,0,0
1773482620,TRUE,0.86362624,1773482620,243.0121,193.53966,24.620777,10.17527,0.02239861,242.21527,192.60861,239.14297,0.02833523,0.999588871,0.028339295,-77.78473,-47.391388,-22260.857,0,0.04667084,0.028434834,-0.03,0,0,0
1773482620,TRUE,0.86362624,1773482620,243.0121,193.53966,24.620777,10.17527,0.02239861,242.41447,192.84137,241.97011,0.026850607,0.999628944,0.026854116,-77.585526,-47.15863,-22258.03,0,0.046551317,0.02829518,-0.03,0,0,0
1773482620,TRUE,0.86362624,1773482620,243.0121,193.53966,24.620777,10.17527,0.02239861,242.56387,193.01595,244.09827,0.025737139,0.999658998,0.025740232,-77.43613,-46.984055,-22255.902,0,0.04646168,0.028190434,-0.03,0,0,0
1773482620,TRUE,0.86362624,1773482620,243.0121,193.53966,24.620777,10.17527,0.02239861,242.67593,193.14688,245.69878,0.024902039,0.999681539,0.024904821,-77.324066,-46.85312,-22254.3,0,0.04639444,0.028111873,-0.03,0,0,0
1773482620,TRUE,0.86362624,1773482620,243.0121,193.53966,24.620777,10.17527,0.02239861,242.75998,193.24509,246.90164,0.024275713,0.999698445,0.024278265,-77.24002,-46.754913,-22253.098,0,0.046344016,0.028052948,-0.03,0,0,0
1773482620,TRUE,0.86362624,1773482620,243.0121,193.53966,24.620777,10.17527,0.02239861,242.823,193.31873,247.80522,0.023805969,0.999711124,0.023808349,-77.177,-46.681274,-22252.195,0,0.046306204,0.028008766,-0.03,0,0,0
1773482620,TRUE,0.86362624,1773482620,243.0121,193.53966,24.620777,10.17527,0.02239861,242.87027,193.37396,248.48366,0.023453661,0.999720633,0.023455912,-77.12973,-46.626038,-22251.516,0,0.04627784,0.027975624,-0.03,0,0,0
1773482620,TRUE,0.8607176,1773482620,238.72318,192.46146,23.909733,9.709953,-0.005403949,241.8335,193.14584,244.35332,0.016239265,0.999786825,0.016241299,-78.166504,-46.854156,-22255.646,0,0.046899904,0.028112495,-0.03,0,0,0
1773482620,TRUE,0.8607176,1773482620,238.72318,192.46146,23.909733,9.709953,-0.005403949,241.05591,192.97473,241.27747,0.010828468,0.999836468,0.010829816,-78.94409,-47.02527,-22258.723,0,0.04736646,0.028215162,-0.03,0,0,0
1773482620,TRUE,0.8607176,1773482620,238.72318,192.46146,23.909733,9.709953,-0.005403949,240.47272,192.8464,238.98288,0.00677037,0.999873701,0.006771122,-79.52728,-47.153595,-22261.018,0,0.04771637,0.028292159,-0.03,0,0,0
1773482620,TRUE,0.8607176,1773482620,238.72318,192.46146,23.909733,9.709953,-0.005403949,240.03534,192.75015,237.26886,0.003726797,0.999901625,0.003727146,-79.96466,-47.249847,-22262.73,0,0.0479788,0.02834991,-0.03,0,0,0
1773482620,TRUE,0.8607176,1773482620,238.72318,192.46146,23.909733,9.709953,-0.005403949,239.7073,192.67798,235.98726,0.001444117,0.999922569,0.001444228,-80.292694,-47.32202,-22264.014,0,0.048175618,0.028393215,-0.03,0,0,0
1773482620,TRUE,0.8607176,1773482620,238.72318,192.46146,23.909733,9.709953,-0.005403949,239.46127,192.62384,235.02823,-0.000267893,0.999938276,-0.00026791,-80.53873,-47.37616,-22264.973,0,0.04832324,0.028425697,-0.03,0,0,0
1773482620,TRUE,0.8607176,1773482620,238.72318,192.46146,23.909733,9.709953,-0.005403949,239.27673,192.58325,234.31018,-0.001551901,0.999950057,-0.001551977,-80.72327,-47.416748,-22265.69,0,0.048433963,0.02845005,-0.03,0,0,0
1773482620,TRUE,0.896142,1773482620,242.8087,193.9088,25.97474,9.840006,0.016607702,240.15973,192.91464,239.60223,0.002987809,0.999928066,0.002988015,-79.84027,-47.085358,-22260.398,0,0.047904164,0.028251216,-0.03,0,0,0
1773482620,TRUE,0.896142,1773482620,242.8087,193.9088,25.97474,9.840006,0.016607702,240.82198,193.16318,243.58363,0.006392591,0.999911574,0.00639307,-79.178024,-46.836823,-22256.416,0,0.047506817,0.028102094,-0.03,0,0,0
1773482620,TRUE,0.896142,1773482620,242.8087,193.9088,25.97474,9.840006,0.016607702,241.31866,193.34958,246.57668,0.008946178,0.999899204,0.008946841,-78.681335,-46.65042,-22253.424,0,0.047208805,0.027990254,-0.03,0,0,0
1773482620,TRUE,0.896142,1773482620,242.8087,193.9088,25.97474,9.840006,0.016607702,241.69118,193.48938,248.82535,0.010861368,0.999889927,0.010862137,-78.30882,-46.51062,-22251.174,0,0.046985295,0.027906373,-0.03,0,0,0
1773482620,TRUE,0.896142,1773482620,242.8087,193.9088,25.97474,9.840006,0.016607702,241.97057,193.59424,250.51408,0.012297761,0.999882969,0.01229858,-78.029434,-46.40576,-22249.486,0,0.046817664,0.027843459,-0.03,0,0,0
1773482620,TRUE,0.896142,1773482620,242.8087,193.9088,25.97474,9.840006,0.016607702,242.1801,193.67288,251.78185,0.013375055,0.999877751,0.013375893,-77.8199,-46.327118,-22248.219,0,0.046691943,0.027796272,-0.03,0,0,0
1773482620,TRUE,0.896142,1773482620,242.8087,193.9088,25.97474,9.840006,0.016607702,242.33725,193.73187,252.7334,0.014183026,0.999873837,0.014183864,-77.66275,-46.268127,-22247.266,0,0.046597652,0.027760878,-0.03,0,0,0
1773482620,TRUE,0.896142,1773482620,242.8087,193.9088,25.97474,9.840006,0.016607702,242.45511,193.77611,253.44743,0.014789004,0.999870901,0.014789835,-77.54489,-46.223892,-22246.553,0,0.04652694,0.027734337,-0.03,0,0,0
1773482620,TRUE,0.85192764,1773482620,247.4437,198.10886,24.398836,9.572145,0.004289042,243.70227,194.85928,248.40562,0.01216401,0.999900877,0.012164616,-76.29773,-45.140717,-22251.594,0,0.04577864,0.02708443,-0.03,0,0,0
1773482620,TRUE,0.85192764,1773482620,247.4437,198.10886,24.398836,9.572145,0.004289042,244.63763,195.67169,244.6537,0.010195265,0.999923358,0.010195693,-75.362366,-44.32831,-22255.346,0,0.04521742,0.026596986,-0.03,0,0,0
1773482620,TRUE,0.85192764,1773482620,247.4437,198.10886,24.398836,9.572145,0.004289042,245.33914,196.28098,241.8563,0.008718706,0.999940219,0.008719006,-74.66086,-43.719025,-22258.145,0,0.044796515,0.026231416,-0.03,0,0,0
1773482620,TRUE,0.85192764,1773482620,247.4437,198.10886,24.398836,9.572145,0.004289042,245.8653,196.73795,239.76753,0.007611286,0.999952865,0.007611498,-74.134705,-43.262054,-22260.232,0,0.044480827,0.025957234,-0.03,0,0,0
1773482620,TRUE,0.85192764,1773482620,247.4437,198.10886,24.398836,9.572145,0.004289042,246.25989,197.08069,238.2062,0.006780722,0.999962349,0.006780873,-73.74011,-42.91931,-22261.793,0,0.04424407,0.025751589,-0.03,0,0,0
1773482620,TRUE,0.85192764,1773482620,247.4437,198.10886,24.398836,9.572145,0.004289042,246.55585,197.33774,237.03818,0.006157799,0.999969462,0.006157909,-73.44415,-42.662262,-22262.96,0,0.044066492,0.025597358,-0.03,0,0,0
1773482620,TRUE,0.8865471,1773482620,252.93837,201.5707,25.126383,10.403308,0.000502588,248.15147,198.39597,243.05704,0.004743996,0.999977065,0.004744069,-71.848526,-41.604034,-22256.943,0,0.04310912,0.024962422,-0.03,0,0,0
1773482620,TRUE,0.8865471,1773482620,252.93837,201.5707,25.126383,10.403308,0.000502588,249.34819,199.18964,247.60223,0.003683644,0.999982767,0.003683691,-70.65181,-40.810364,-22252.398,0,0.042391088,0.02448622,-0.03,0,0,0
1773482620,TRUE,0.8865471,1773482620,252.93837,201.5707,25.126383,10.403308,0.000502588,250.24573,199.7849,251.0286,0.00288838,0.999987044,0.00288841,-69.75427,-40.215103,-22248.97,0,0.041852564,0.024129063,-0.03,0,0,0
1773482620,TRUE,0.8865471,1773482620,252.93837,201.5707,25.126383,10.403308,0.000502588,250.91888,200.23134,253.6082,0.002291932,0.999990251,0.002291951,-69.081116,-39.76866,-22246.393,0,0.04144867,0.023861198,-0.03,0,0,0
1773482620,TRUE,0.8865471,1773482620,252.93837,201.5707,25.126383,10.403308,0.000502588,251.42375,200.56618,255.54842,0.001844596,0.999992657,0.001844608,-68.57625,-39.433823,-22244.451,0,0.04114575,0.023660295,-0.03,0,0,0
1773482620,TRUE,0.8865471,1773482620,252.93837,201.5707,25.126383,10.403308,0.000502588,251.8024,200.8173,257.00668,0.001509094,0.999994461,0.001509102,-68.1976,-39.182693,-22242.994,0,0.040918563,0.023509618,-0.03,0,0,0
1773482620,TRUE,0.8620605,1773482620,252.48073,201.60095,25.119537,10.279606,-0.012151489,251.97198,201.01321,257.3095,-0.001905977,0.999977389,-0.001906018,-68.028015,-38.986786,-22242.691,0,0.04081681,0.023392072,-0.03,0,0,0
1773482620,TRUE,0.8620605,1773482620,252.48073,201.60095,25.119537,10.279606,-0.012151489,252.09917,201.16016,257.5367,-0.00446728,0.999964584,-0.004467409,-67.90083,-38.839844,-22242.463,0,0.0407405,0.023303907,-0.03,0,0,0
1773482620,TRUE,0.8620605,1773482620,252.48073,201.60095,25.119537,10.279606,-0.012151489,252.19455,201.27036,257.7072,-0.006388258,0.999954981,-0.006388458,-67.80545,-38.729645,-22242.293,0,0.040683273,0.023237787,-0.03,0,0,0
1773482620,TRUE,0.8620605,1773482620,252.48073,201.60095,25.119537,10.279606,-0.012151489,252.26608,201.353,257.8351,-0.007828991,0.999947779,-0.00782924,-67.73392,-38.647003,-22242.164,0,0.04064035,0.023188204,-0.03,0,0,0
1773482620,TRUE,0.8620605,1773482620,252.48073,201.60095,25.119537,10.279606,-0.012151489,252.31973,201.41498,257.93106,-0.00890954,0.999942377,-0.008909818,-67.68027,-38.585022,-22242.068,0,0.040608164,0.023151014,-0.03,0,0,0
1773482620,TRUE,0.8620605,1773482620,252.48073,201.60095,25.119537,10.279606,-0.012151489,252.35999,201.46147,258.003,-0.009719953,0.999938326,-0.009720246,-67.640015,-38.53853,-22241.996,0,0.04058401,0.023123119,-0.03,0,0,0
1773482620,TRUE,0.8616121,1773482620,252.36247,199.56291,24.933372,9.913149,-0.001360865,252.36061,200.98683,255.28258,-0.007630181,0.999953513,-0.007630387,-67.63939,-39.01317,-22244.717,0,0.040583637,0.023407903,-0.03,0,0,0
1773482620,TRUE,0.8616121,1773482620,252.36247,199.56291,24.933372,9.913149,-0.001360865,252.36108,200.63086,253.24739,-0.006062852,0.999964903,-0.00606299,-67.638916,-39.36914,-22246.752,0,0.04058335,0.023621485,-0.03,0,0,0
1773482620,TRUE,0.8616121,1773482620,252.36247,199.56291,24.933372,9.913149,-0.001360865,252.36143,200.36388,251.72388,-0.004887355,0.999973446,-0.004887446,-67.638565,-39.636124,-22248.275,0,0.04058314,0.023781676,-0.03,0,0,0
1773482620,TRUE,0.8616121,1773482620,252.36247,199.56291,24.933372,9.913149,-0.001360865,252.3617,200.16364,250.58289,-0.004005732,0.999979853,-0.004005792,-67.638306,-39.836365,-22249.418,0,0.040582985,0.02390182,-0.03,0,0,0
1773482620,TRUE,0.8616121,1773482620,252.36247,199.56291,24.933372,9.913149,-0.001360865,252.3619,200.01346,249.72804,-0.003344515,0.999984658,-0.003344554,-67.63811,-39.98654,-22250.271,0,0.040582865,0.023991926,-0.03,0,0,0
1773482620,TRUE,0.8616121,1773482620,252.36247,199.56291,24.933372,9.913149,-0.001360865,252.36205,199.90083,249.08742,-0.002848603,0.999988262,-0.002848628,-67.637955,-40.099167,-22250.912,0,0.040582776,0.0240595,-0.03,0,0,0
1773482620,TRUE,0.8616121,1773482620,252.36247,199.56291,24.933372,9.913149,-0.001360865,252.36215,199.81636,248.60727,-0.002476668,0.999990965,-0.002476685,-67.63785,-40.18364,-22251.393,0,0.04058271,0.024110185,-0.03,0,0,0
1773482620,TRUE,0.90189284,1773482620,251.89168,199.16858,10.748681,26.17984,1.5234103,252.24452,199.65442,300.00928,0.247861872,0.761835293,0.314546957,-67.75548,-40.34558,-22199.99,-0.314546957,0.04065329,0.02420735,-0.03,0,0,-0.251637566
1773482620,TRUE,0.90189284,1773482620,251.89168,199.16858,10.748681,26.17984,1.5234103,252.15631,199.53296,319.659,0.435615777,0.583218538,0.641524997,-67.84369,-40.46704,-22180.342,-0.641524997,0.040706214,0.024280226,-0.03,0,0,-0.513219998
1773482620,TRUE,0.90189284,1773482620,251.89168,199.16858,10.748681,26.17984,1.5234103,252.09015,199.44186,323.76398,0.576431206,0.449255972,0.908758843,-67.90985,-40.558136,-22176.236,-0.908758843,0.040745914,0.024334883,-0.03,0,0,-0.6
1773482620,TRUE,0.90189284,1773482620,251.89168,199.16858,10.748681,26.17984,1.5234103,252.04053,199.37354,320.86206,0.682042778,0.348784048,1.098085043,-67.95947,-40.626465,-22179.139,-1.098085043,0.040775687,0.02437588,-0.03,0,0,-0.6
1773482620,TRUE,0.90189284,1773482620,251.89168,199.16858,10.748681,26.17984,1.5234103,252.00331,199.3223,315.32153,0.761251457,0.273430105,1.225962428,-67.99669,-40.677704,-22184.678,-1.225962428,0.040798016,0.024406623,-0.03,0,0,-0.6
1773482620,TRUE,0.90189284,1773482620,251.89168,199.16858,10.748681,26.17984,1.5234103,251.9754,199.28387,309.27383,0.820657966,0.216914647,1.312387982,-68.0246,-40.716125,-22190.727,-1.312387982,0.04081476,0.024429677,-0.03,0,0,-0.6
1773482620,TRUE,0.90189284,1773482620,251.89168,199.16858,10.748681,26.17984,1.5234103,251.95447,199.25505,303.6736,0.865212848,0.174528054,1.371750447,-68.04553,-40.74495,-22196.326,-1.371750447,0.040827323,0.02444697,-0.03,0,0,-0.6
1773482620,TRUE,0.89233327,1773482620,253.79094,201.31099,11.295671,26.433792,1.5099386,252.41359,199.76903,303.0141,0.898446821,0.146101083,1.409592217,-67.58641,-40.230972,-22196.986,-1.409592217,0.04055185,0.024138585,-0.03,0,0,-0.6
1773482620,TRUE,0.89233327,1773482620,253.79094,201.31099,11.295671,26.433792,1.5099386,252.75793,200.15451,302.25168,0.923372301,0.124780855,1.436474019,-67.242065,-39.84549,-22197.748,-1.436474019,0.04034524,0.023907294,-0.03,0,0,-0.6
1773482620,TRUE,0.89233327,1773482620,253.79094,201.31099,11.295671,26.433792,1.5099386,253.01619,200.44362,301.52927,0.94206641,0.108790684,1.455824696,-66.98381,-39.55638,-22198.47,-1.455824696,0.040190287,0.02373383,-0.03,0,0,-0.6
1773482620,TRUE,0.89233327,1773482620,253.79094,201.31099,11.295671,26.433792,1.5099386,253.20988,200.66046,300.90274,0.956086993,0.096798055,1.46989616,-66.790115,-39.33954,-22199.098,-1.46989616,0.040074073,0.023603724,-0.03,0,0,-0.6
1773482620,TRUE,0.89233327,1773482620,253.79094,201.31099,11.295671,26.433792,1.5099386,253.35515,200.82309,300.38516,0.96660243,0.087803584,1.480207613,-66.64485,-39.17691,-22199.615,-1.480207613,0.039986912,0.023506148,-0.03,0,0,-0.6
1773482620,TRUE,0.89233327,1773482620,253.79094,201.31099,11.295671,26.433792,1.5099386,253.4641,200.94505,299.97018,0.974489007,0.08105773,1.487807643,-66.535904,-39.054947,-22200.03,-1.487807643,0.039921544,0.02343297,-0.03,0,0,-0.6
1773482620,TRUE,0.89233327,1773482620,253.79094,201.31099,11.295671,26.433792,1.5099386,253.5458,201.03653,299.6439,0.98040394,0.07599834,1.49343366,-66.45419,-38.96347,-22200.355,-1.49343366,0.039872516,0.023378083,-0.03,0,0,-0.6
1773482620,TRUE,0.9020613,1773482620,255.22156,203.36072,11.03698,27.078003,1.5260098,253.96475,201.61758,299.52734,0.985052268,0.068191645,1.501680172,-66.03525,-38.382416,-22200.473,-1.501680172,0.039621152,0.02302945,-0.03,0,0,-0.6
1773482620,TRUE,0.9020613,1773482620,255.22156,203.36072,11.03698,27.078003,1.5260098,254.27896,202.05338,299.4051,0.988538514,0.062336623,1.507820336,-65.72104,-37.946625,-22200.596,-1.507820336,0.039432626,0.022767976,-0.03,0,0,-0.6
1773482620,TRUE,0.9020613,1773482620,255.22156,203.36072,11.03698,27.078003,1.5260098,254.51462,202.38022,299.29385,0.991153198,0.057945357,1.512400233,-65.48538,-37.61978,-22200.707,-1.512400233,0.039291233,0.02257187,-0.03,0,0,-0.6
1773482620,TRUE,0.9020613,1773482620,255.22156,203.36072,11.03698,27.078003,1.5260098,254.69135,202.62534,299.19937,0.993114211,0.054651907,1.51582094,-65.308655,-37.374664,-22200.8,-1.51582094,0.039185196,0.0224248,-0.03,0,0,-0.6
1773482620,TRUE,0.9020613,1773482620,255.22156,203.36072,11.03698,27.078003,1.5260098,254.8239,202.80917,299.12234,0.994584971,0.05218182,1.518378464,-65.1761,-37.190826,-22200.877,-1.518378464,0.03910566,0.022314496,-0.03,0,0,-0.6
1773482620,TRUE,0.9020613,1773482620,255.22156,203.36072,11.03698,27.078003,1.5260098,254.92331,202.94705,299.0611,0.995688041,0.050329254,1.520292099,-65.07669,-37.052948,-22200.94,-1.520292099,0.039046016,0.02223177,-0.03,0,0,-0.6
1773482621,TRUE,0.8952076,1773482620,259.37582,205.15935,11.132446,27.075043,1.4831804,256.03644,203.50014,299.64813,0.995807076,0.059622908,1.510993766,-63.963562,-36.499863,-22200.352,-1.510993766,0.038378138,0.021899918,-0.03,0,0,-0.6
1773482621,TRUE,0.8952076,1773482620,259.37582,205.15935,11.132446,27.075043,1.4831804,256.87128,203.91495,300.08865,0.995896352,0.066593148,1.504028173,-63.128723,-36.085052,-22199.912,-1.504028173,0.037877236,0.021651033,-0.03,0,0,-0.6
1773482621,TRUE,0.8952076,1773482620,259.37582,205.15935,11.132446,27.075043,1.4831804,257.4974,204.22606,300.4192,0.995963309,0.071820828,1.498809014,-62.502594,-35.77394,-22199.58,-1.498809014,0.03750156,0.021464366,-0.03,0,0,-0.6
1773482621,TRUE,0.8952076,1773482620,259.37582,205.15935,11.132446,27.075043,1.4831804,257.967,204.45938,300.66714,0.996013527,0.075741588,1.494897666,-62.03299,-35.54062,-22199.332,-1.494897666,0.037219796,0.021324372,-0.03,0,0,-0.6
1773482621,TRUE,0.8952076,1773482620,259.37582,205.15935,11.132446,27.075043,1.4831804,258.3192,204.63438,300.85315,0.99605119,0.078682158,1.491965933,-61.680786,-35.365616,-22199.146,-1.491965933,0.03700847,0.02121937,-0.03,0,0,-0.6
1773482621,TRUE,0.8952076,1773482620,259.37582,205.15935,11.132446,27.075043,1.4831804,258.58337,204.76562,300.9927,0.996079437,0.080887586,1.489768167,-61.416626,-35.234375,-22199.008,-1.489768167,0.036849976,0.021140626,-0.03,0,0,-0.6
1773482621,TRUE,0.89880854,1773482621,265.60797,209.44374,10.95087,26.918175,1.4861912,260.33954,205.93515,299.43463,0.996165357,0.081791758,1.488873484,-59.66046,-34.06485,-22200.564,-1.488873484,0.035796277,0.020438911,-0.03,0,0,-0.6
1773482621,TRUE,0.89880854,1773482621,265.60797,209.44374,10.95087,26.918175,1.4861912,261.65665,206.81229,298.26794,0.996229797,0.082469887,1.488202659,-58.343353,-33.187714,-22201.732,-1.488202659,0.035006013,0.019912628,-0.03,0,0,-0.6
1773482621,TRUE,0.89880854,1773482621,265.60797,209.44374,10.95087,26.918175,1.4861912,262.64447,207.47015,297.39398,0.996278127,0.082978484,1.487699646,-57.35553,-32.529846,-22202.605,-1.487699646,0.03441332,0.019517908,-0.03,0,0,-0.6
1773482621,TRUE,0.89880854,1773482621,265.60797,209.44374,10.95087,26.918175,1.4861912,263.38535,207.96355,296.7391,0.996314374,0.083359932,1.487322446,-56.614655,-32.036453,-22203.262,-1.487322446,0.033968795,0.019221872,-0.03,0,0,-0.6
1773482621,TRUE,0.89880854,1773482621,265.60797,209.44374,10.95087,26.918175,1.4861912,263.94098,208.33359,296.24826,0.99634156,0.083646018,1.487039579,-56.05902,-31.666412,-22203.752,-1.487039579,0.033635415,0.018999849,-0.03,0,0,-0.6
1773482621,TRUE,0.89880854,1773482621,265.60797,209.44374,10.95087,26.918175,1.4861912,264.35773,208.61111,295.8803,0.996361949,0.083860582,1.486827449,-55.642273,-31.388885,-22204.12,-1.486827449,0.033385366,0.018833332,-0.03,0,0,-0.6
1773482621,TRUE,0.89880854,1773482621,265.60797,209.44374,10.95087,26.918175,1.4861912,264.6703,208.81927,295.6045,0.996377241,0.084021505,1.486668361,-55.329712,-31.180725,-22204.395,-1.486668361,0.033197828,0.018708436,-0.03,0,0,-0.6
1773482621,TRUE,0.6472236,1773482621,268.87424,212.51215,10.431371,27.968727,1.5104734,265.72128,209.7425,294.7467,0.996828211,0.078087723,1.492619788,-54.278717,-30.257507,-22205.254,-1.492619788,0.032567233,0.018154506,-0.03,0,0,-0.6
1773482621,TRUE,0.6472236,1773482621,268.87424,212.51215,10.431371,27.968727,1.5104734,266.50952,210.4349,294.0573,0.997166439,0.073637387,1.49708349,-53.49048,-29.565094,-22205.943,-1.49708349,0.03209429,0.017739058,-0.03,0,0,-0.6
1773482621,TRUE,0.6472236,1773482621,268.87424,212.51215,10.431371,27.968727,1.5104734,267.1007,210.95421,293.5143,0.99742011,0.070299635,1.500431219,-52.899292,-29.045792,-22206.486,-1.500431219,0.031739578,0.017427476,-0.03,0,0,-0.6
1773482621,TRUE,0.6472236,1773482621,268.87424,212.51215,10.431371,27.968727,1.5104734,267.5441,211.34369,293.09253,0.997610363,0.067796321,1.50294194,-52.455902,-28.656311,-22206.908,-1.50294194,0.031473543,0.017193787,-0.03,0,0,-0.6
1773482621,TRUE,0.6472236,1773482621,268.87424,212.51215,10.431371,27.968727,1.5104734,267.87665,211.6358,292.76797,0.997753053,0.065918835,1.504824916,-52.123352,-28.364197,-22207.232,-1.504824916,0.031274013,0.01701852,-0.03,0,0,-0.6
1773482621,TRUE,0.6472236,1773482621,268.87424,212.51215,10.431371,27.968727,1.5104734,268.12604,211.85489,292.51996,0.99786007,0.064510721,1.506237103,-51.873962,-28.145111,-22207.48,-1.506237103,0.03112438,0.016887067,-0.03,0,0,-0.6
1773482621,TRUE,0.6472236,1773482621,268.87424,212.51215,10.431371,27.968727,1.5104734,268.31308,212.01921,292.33136,0.997940333,0.063454635,1.507296214,-51.68692,-27.98079,-22207.668,-1.507296214,0.031012153,0.016788475,-0.03,0,0,-0.6
1773482621,TRUE,0.6472236,1773482621,268.87424,212.51215,10.431371,27.968727,1.5104734,268.45337,212.14244,292.18842,0.99800053,0.062662571,1.508090529,-51.54663,-27.85756,-22207.812,-1.508090529,0.03092798,0.016714536,-0.03,0,0,-0.6
1773482621,TRUE,0.6472236,1773482621,268.87424,212.51215,10.431371,27.968727,1.5104734,268.5586,212.23486,292.0804,0.998045678,0.062068523,1.508686254,-51.441406,-27.765137,-22207.92,-1.508686254,0.030864846,0.016659083,-0.03,0,0,-0.6
1773482621,TRUE,0.6472236,1773482621,268.87424,212.51215,10.431371,27.968727,1.5104734,268.6375,212.30418,291.99896,0.998079539,0.061622987,1.509133042,-51.362488,-27.695816,-22208.002,-1.509133042,0.030817494,0.01661749,-0.03,0,0,-0.6
1773482621,TRUE,0.6472236,1773482621,268.87424,212.51215,10.431371,27.968727,1.5104734,268.6967,212.35617,291.9376,0.998104935,0.061288835,1.509468129,-51.303314,-27.64383,-22208.062,-1.509468129,0.03078199,0.016586298,-0.03,0,0,-0.6
1773482621,TRUE,0.6472236,1773482621,268.87424,212.51215,10.431371,27.968727,1.5104734,268.7411,212.39516,291.8914,0.998123982,0.061038221,1.509719442,-51.25891,-27.604843,-22208.11,-1.509719442,0.030755349,0.016562907,-0.03,0,0,-0.6
1773482621,TRUE,0.6472236,1773482621,268.87424,212.51215,10.431371,27.968727,1.5104734,268.77438,212.42441,291.85666,0.998138267,0.06085026,1.509907926,-51.225616,-27.575592,-22208.143,-1.509907926,0.030735372,0.016545355,-0.03,0,0,-0.6
1773482621,TRUE,0.6472236,1773482621,268.87424,212.51215,10.431371,27.968727,1.5104734,268.79935,212.44633,291.8306,0.998148981,0.06070929,1.510049288,-51.200653,-27.553665,-22208.17,-1.510049288,0.030720394,0.0165322,-0.03,0,0,-0.6
1773482621,TRUE,0.6472236,1773482621,268.87424,212.51215,10.431371,27.968727,1.5104734,268.81808,212.46278,291.811,0.998157016,0.060603562,1.510155309,-51.181915,-27.537216,-22208.19,-1.510155309,0.030709151,0.016522331,-0.03,0,0,-0.6
1773482621,TRUE,0.6472236,1773482621,268.87424,212.51215,10.431371,27.968727,1.5104734,268.83212,212.47513,291.79633,0.998163043,0.060524266,1.510234825,-51.167877,-27.524872,-22208.203,-1.510234825,0.030700728,0.016514923,-0.03,0,0,-0.6
1773482621,TRUE,0.6472236,1773482621,268.87424,212.51215,10.431371,27.968727,1.5104734,268.84265,212.48439,291.7853,0.998167562,0.060464794,1.510294461,-51.15735,-27.51561,-22208.215,-1.510294461,0.03069441,0.016509367,-0.03,0,0,-0.6
1773482621,TRUE,0.6472236,1773482621,268.87424,212.51215,10.431371,27.968727,1.5104734,268.85056,212.49133,291.777,0.998170952,0.06042019,1.510339189,-51.149445,-27.508667,-22208.223,-1.510339189,0.030689668,0.0165052,-0.03,0,0,-0.6
1773482621,TRUE,0.6472236,1773482621,268.87424,212.51215,10.431371,27.968727,1.5104734,268.85648,212.49654,291.7708,0.998173495,0.060386737,1.510372734,-51.143524,-27.503464,-22208.229,-1.510372734,0.030686116,0.016502079,-0.03,0,0,-0.6
1773482621,TRUE,0.6472236,1773482621,268.87424,212.51215,10.431371,27.968727,1.5104734,268.86093,212.50044,291.76614,0.998175402,0.060361648,1.510397893,-51.13907,-27.499557,-22208.234,-1.510397893,0.030683443,0.016499735,-0.03,0,0,-0.6
1773482621,FALSE,0.6472236,1773482621,268.87424,212.51215,10.431371,27.968727,1.5104734,,,,,,,,,,,0,0,0,0,0,0
1773482621,FALSE,0.6472236,1773482621,268.87424,212.51215,10.431371,27.968727,1.5104734,,,,,,,,,,,0,0,0,0,0,0
1773482621,FALSE,0.6472236,1773482621,268.87424,212.51215,10.431371,27.968727,1.5104734,,,,,,,,,,,0,0,0,0,0,0
1773482621,FALSE,0.6472236,1773482621,268.87424,212.51215,10.431371,27.968727,1.5104734,,,,,,,,,,,0,0,0,0,0,0
1773482621,FALSE,0.6472236,1773482621,268.87424,212.51215,10.431371,27.968727,1.5104734,,,,,,,,,,,0,0,0,0,0,0
1773482621,FALSE,0.6472236,1773482621,268.87424,212.51215,10.431371,27.968727,1.5104734,,,,,,,,,,,0,0,0,0,0,0
1773482621,FALSE,0.6472236,1773482621,268.87424,212.51215,10.431371,27.968727,1.5104734,,,,,,,,,,,0,0,0,0,0,0
1773482621,FALSE,0.6472236,1773482621,268.87424,212.51215,10.431371,27.968727,1.5104734,,,,,,,,,,,0,0,0,0,0,0
1773482621,FALSE,0.6472236,1773482621,268.87424,212.51215,10.431371,27.968727,1.5104734,,,,,,,,,,,0,0,0,0,0,0
1773482621,FALSE,0.6472236,1773482621,268.87424,212.51215,10.431371,27.968727,1.5104734,,,,,,,,,,,0,0,0,0,0,0
1773482621,FALSE,0.6472236,1773482621,268.87424,212.51215,10.431371,27.968727,1.5104734,,,,,,,,,,,0,0,0,0,0,0
1773482621,FALSE,0.6472236,1773482621,268.87424,212.51215,10.431371,27.968727,1.5104734,,,,,,,,,,,0,0,0,0,0,0
1773482621,FALSE,0.6472236,1773482621,268.87424,212.51215,10.431371,27.968727,1.5104734,,,,,,,,,,,0,0,0,0,0,0
1773482621,FALSE,0.6472236,1773482621,268.87424,212.51215,10.431371,27.968727,1.5104734,,,,,,,,,,,0,0,0,0,0,0
1773482621,FALSE,0.6472236,1773482621,268.87424,212.51215,10.431371,27.968727,1.5104734,,,,,,,,,,,0,0,0,0,0,0
1773482621,FALSE,0.6472236,1773482621,268.87424,212.51215,10.431371,27.968727,1.5104734,,,,,,,,,,,0,0,0,0,0,0
1773482621,FALSE,0.6472236,1773482621,268.87424,212.51215,10.431371,27.968727,1.5104734,,,,,,,,,,,0,0,0,0,0,0
1773482621,FALSE,0.6472236,1773482621,268.87424,212.51215,10.431371,27.968727,1.5104734,,,,,,,,,,,0,0,0,0,0,0
1773482621,FALSE,0.6472236,1773482621,268.87424,212.51215,10.431371,27.968727,1.5104734,,,,,,,,,,,0,0,0,0,0,0
1773482621,FALSE,0.6472236,1773482621,268.87424,212.51215,10.431371,27.968727,1.5104734,,,,,,,,,,,0,0,0,0,0,0
1773482621,FALSE,0.6472236,1773482621,268.87424,212.51215,10.431371,27.968727,1.5104734,,,,,,,,,,,0,0,0,0,0,0
1773482621,FALSE,0.6472236,1773482621,268.87424,212.51215,10.431371,27.968727,1.5104734,,,,,,,,,,,0,0,0,0,0,0
1773482621,FALSE,0.6472236,1773482621,268.87424,212.51215,10.431371,27.968727,1.5104734,,,,,,,,,,,0,0,0,0,0,0
1773482621,FALSE,0.6472236,1773482621,268.87424,212.51215,10.431371,27.968727,1.5104734,,,,,,,,,,,0,0,0,0,0,0
1773482621,FALSE,0.6472236,1773482621,268.87424,212.51215,10.431371,27.968727,1.5104734,,,,,,,,,,,0,0,0,0,0,0
1773482621,FALSE,0.6472236,1773482621,268.87424,212.51215,10.431371,27.968727,1.5104734,,,,,,,,,,,0,0,0,0,0,0
1773482621,FALSE,0.6472236,1773482621,268.87424,212.51215,10.431371,27.968727,1.5104734,,,,,,,,,,,0,0,0,0,0,0
1773482621,FALSE,0.6472236,1773482621,268.87424,212.51215,10.431371,27.968727,1.5104734,,,,,,,,,,,0,0,0,0,0,0
1773482621,FALSE,0.6472236,1773482621,268.87424,212.51215,10.431371,27.968727,1.5104734,,,,,,,,,,,0,0,0,0,0,0
1773482621,FALSE,0.6472236,1773482621,268.87424,212.51215,10.431371,27.968727,1.5104734,,,,,,,,,,,0,0,0,0,0,0
1773482621,FALSE,0.6472236,1773482621,268.87424,212.51215,10.431371,27.968727,1.5104734,,,,,,,,,,,0,0,0,0,0,0
1773482621,FALSE,0.6472236,1773482621,268.87424,212.51215,10.431371,27.968727,1.5104734,,,,,,,,,,,0,0,0,0,0,0
1773482621,FALSE,0.6472236,1773482621,268.87424,212.51215,10.431371,27.968727,1.5104734,,,,,,,,,,,0,0,0,0,0,0
1773482621,FALSE,0.6472236,1773482621,268.87424,212.51215,10.431371,27.968727,1.5104734,,,,,,,,,,,0,0,0,0,0,0
1773482621,FALSE,0.6472236,1773482621,268.87424,212.51215,10.431371,27.968727,1.5104734,,,,,,,,,,,0,0,0,0,0,0
1773482621,FALSE,0.6472236,1773482621,268.87424,212.51215,10.431371,27.968727,1.5104734,,,,,,,,,,,0,0,0,0,0,0
1773482621,FALSE,0.6472236,1773482621,268.87424,212.51215,10.431371,27.968727,1.5104734,,,,,,,,,,,0,0,0,0,0,0
1773482621,FALSE,0.6472236,1773482621,268.87424,212.51215,10.431371,27.968727,1.5104734,,,,,,,,,,,0,0,0,0,0,0
1773482621,FALSE,0.6472236,1773482621,268.87424,212.51215,10.431371,27.968727,1.5104734,,,,,,,,,,,0,0,0,0,0,0
1773482621,FALSE,0.6472236,1773482621,268.87424,212.51215,10.431371,27.968727,1.5104734,,,,,,,,,,,0,0,0,0,0,0
1773482621,FALSE,0.6472236,1773482621,268.87424,212.51215,10.431371,27.968727,1.5104734,,,,,,,,,,,0,0,0,0,0,0
1773482621,FALSE,0.6472236,1773482621,268.87424,212.51215,10.431371,27.968727,1.5104734,,,,,,,,,,,0,0,0,0,0,0
1773482621,FALSE,0.6472236,1773482621,268.87424,212.51215,10.431371,27.968727,1.5104734,,,,,,,,,,,0,0,0,0,0,0
1773482621,FALSE,0.6472236,1773482621,268.87424,212.51215,10.431371,27.968727,1.5104734,,,,,,,,,,,0,0,0,0,0,0
1773482621,FALSE,0.6472236,1773482621,268.87424,212.51215,10.431371,27.968727,1.5104734,,,,,,,,,,,0,0,0,0,0,0
1773482621,FALSE,0.6472236,1773482621,268.87424,212.51215,10.431371,27.968727,1.5104734,,,,,,,,,,,0,0,0,0,0,0
1773482621,FALSE,0.6472236,1773482621,268.87424,212.51215,10.431371,27.968727,1.5104734,,,,,,,,,,,0,0,0,0,0,0
1773482621,FALSE,0.6472236,1773482621,268.87424,212.51215,10.431371,27.968727,1.5104734,,,,,,,,,,,0,0,0,0,0,0
1773482621,FALSE,0.6472236,1773482621,268.87424,212.51215,10.431371,27.968727,1.5104734,,,,,,,,,,,0,0,0,0,0,0
1773482621,FALSE,0.6472236,1773482621,268.87424,212.51215,10.431371,27.968727,1.5104734,,,,,,,,,,,0,0,0,0,0,0
1773482621,FALSE,0.6472236,1773482621,268.87424,212.51215,10.431371,27.968727,1.5104734,,,,,,,,,,,0,0,0,0,0,0
1773482621,FALSE,0.6472236,1773482621,268.87424,212.51215,10.431371,27.968727,1.5104734,,,,,,,,,,,0,0,0,0,0,0
1773482621,FALSE,0.6472236,1773482621,268.87424,212.51215,10.431371,27.968727,1.5104734,,,,,,,,,,,0,0,0,0,0,0
1773482621,FALSE,0.6472236,1773482621,268.87424,212.51215,10.431371,27.968727,1.5104734,,,,,,,,,,,0,0,0,0,0,0
1773482621,FALSE,0.6472236,1773482621,268.87424,212.51215,10.431371,27.968727,1.5104734,,,,,,,,,,,0,0,0,0,0,0
1773482621,FALSE,0.6472236,1773482621,268.87424,212.51215,10.431371,27.968727,1.5104734,,,,,,,,,,,0,0,0,0,0,0
1773482621,FALSE,0.6472236,1773482621,268.87424,212.51215,10.431371,27.968727,1.5104734,,,,,,,,,,,0,0,0,0,0,0
1773482621,FALSE,0.6472236,1773482621,268.87424,212.51215,10.431371,27.968727,1.5104734,,,,,,,,,,,0,0,0,0,0,0
1773482621,FALSE,0.6472236,1773482621,268.87424,212.51215,10.431371,27.968727,1.5104734,,,,,,,,,,,0,0,0,0,0,0
1773482621,FALSE,0.6472236,1773482621,268.87424,212.51215,10.431371,27.968727,1.5104734,,,,,,,,,,,0,0,0,0,0,0
1773482621,FALSE,0.6472236,1773482621,268.87424,212.51215,10.431371,27.968727,1.5104734,,,,,,,,,,,0,0,0,0,0,0
1773482621,FALSE,0.6472236,1773482621,268.87424,212.51215,10.431371,27.968727,1.5104734,,,,,,,,,,,0,0,0,0,0,0
1773482621,FALSE,0.6472236,1773482621,268.87424,212.51215,10.431371,27.968727,1.5104734,,,,,,,,,,,0,0,0,0,0,0
1773482621,FALSE,0.6472236,1773482621,268.87424,212.51215,10.431371,27.968727,1.5104734,,,,,,,,,,,0,0,0,0,0,0
1773482621,FALSE,0.6472236,1773482621,268.87424,212.51215,10.431371,27.968727,1.5104734,,,,,,,,,,,0,0,0,0,0,0
1773482621,FALSE,0.6472236,1773482621,268.87424,212.51215,10.431371,27.968727,1.5104734,,,,,,,,,,,0,0,0,0,0,0
1773482621,FALSE,0.6472236,1773482621,268.87424,212.51215,10.431371,27.968727,1.5104734,,,,,,,,,,,0,0,0,0,0,0
1773482622,FALSE,0.6472236,1773482621,268.87424,212.51215,10.431371,27.968727,1.5104734,,,,,,,,,,,0,0,0,0,0,0
1773482622,FALSE,0.6472236,1773482621,268.87424,212.51215,10.431371,27.968727,1.5104734,,,,,,,,,,,0,0,0,0,0,0
1773482622,FALSE,0.6472236,1773482621,268.87424,212.51215,10.431371,27.968727,1.5104734,,,,,,,,,,,0,0,0,0,0,0
1773482622,FALSE,0.6472236,1773482621,268.87424,212.51215,10.431371,27.968727,1.5104734,,,,,,,,,,,0,0,0,0,0,0
1773482622,FALSE,0.6472236,1773482621,268.87424,212.51215,10.431371,27.968727,1.5104734,,,,,,,,,,,0,0,0,0,0,0
1773482622,FALSE,0.6472236,1773482621,268.87424,212.51215,10.431371,27.968727,1.5104734,,,,,,,,,,,0,0,0,0,0,0
1773482622,FALSE,0.6472236,1773482621,268.87424,212.51215,10.431371,27.968727,1.5104734,,,,,,,,,,,0,0,0,0,0,0
1773482622,FALSE,0.6472236,1773482621,268.87424,212.51215,10.431371,27.968727,1.5104734,,,,,,,,,,,0,0,0,0,0,0
1773482622,FALSE,0.6472236,1773482621,268.87424,212.51215,10.431371,27.968727,1.5104734,,,,,,,,,,,0,0,0,0,0,0
1773482622,FALSE,0.6472236,1773482621,268.87424,212.51215,10.431371,27.968727,1.5104734,,,,,,,,,,,0,0,0,0,0,0
1773482622,FALSE,0.6472236,1773482621,268.87424,212.51215,10.431371,27.968727,1.5104734,,,,,,,,,,,0,0,0,0,0,0
1773482622,FALSE,0.6472236,1773482621,268.87424,212.51215,10.431371,27.968727,1.5104734,,,,,,,,,,,0,0,0,0,0,0
1773482622,FALSE,0.6472236,1773482621,268.87424,212.51215,10.431371,27.968727,1.5104734,,,,,,,,,,,0,0,0,0,0,0
1773482622,FALSE,0.6472236,1773482621,268.87424,212.51215,10.431371,27.968727,1.5104734,,,,,,,,,,,0,0,0,0,0,0
1773482622,FALSE,0.6472236,1773482621,268.87424,212.51215,10.431371,27.968727,1.5104734,,,,,,,,,,,0,0,0,0,0,0
1773482622,FALSE,0.6472236,1773482621,268.87424,212.51215,10.431371,27.968727,1.5104734,,,,,,,,,,,0,0,0,0,0,0
1773482622,FALSE,0.6472236,1773482621,268.87424,212.51215,10.431371,27.968727,1.5104734,,,,,,,,,,,0,0,0,0,0,0
1773482622,FALSE,0.6472236,1773482621,268.87424,212.51215,10.431371,27.968727,1.5104734,,,,,,,,,,,0,0,0,0,0,0
1773482622,FALSE,0.6472236,1773482621,268.87424,212.51215,10.431371,27.968727,1.5104734,,,,,,,,,,,0,0,0,0,0,0
1773482622,FALSE,0.6472236,1773482621,268.87424,212.51215,10.431371,27.968727,1.5104734,,,,,,,,,,,0,0,0,0,0,0
1773482622,FALSE,0.6472236,1773482621,268.87424,212.51215,10.431371,27.968727,1.5104734,,,,,,,,,,,0,0,0,0,0,0
1773482622,FALSE,0.6472236,1773482621,268.87424,212.51215,10.431371,27.968727,1.5104734,,,,,,,,,,,0,0,0,0,0,0
1773482622,FALSE,0.6472236,1773482621,268.87424,212.51215,10.431371,27.968727,1.5104734,,,,,,,,,,,0,0,0,0,0,0
1773482622,FALSE,0.6472236,1773482621,268.87424,212.51215,10.431371,27.968727,1.5104734,,,,,,,,,,,0,0,0,0,0,0
1773482622,FALSE,0.6472236,1773482621,268.87424,212.51215,10.431371,27.968727,1.5104734,,,,,,,,,,,0,0,0,0,0,0
1773482622,FALSE,0.6472236,1773482621,268.87424,212.51215,10.431371,27.968727,1.5104734,,,,,,,,,,,0,0,0,0,0,0
1773482622,FALSE,0.6472236,1773482621,268.87424,212.51215,10.431371,27.968727,1.5104734,,,,,,,,,,,0,0,0,0,0,0
1773482622,FALSE,0.6472236,1773482621,268.87424,212.51215,10.431371,27.968727,1.5104734,,,,,,,,,,,0,0,0,0,0,0
1773482622,FALSE,0.6472236,1773482621,268.87424,212.51215,10.431371,27.968727,1.5104734,,,,,,,,,,,0,0,0,0,0,0
1773482622,FALSE,0.6472236,1773482621,268.87424,212.51215,10.431371,27.968727,1.5104734,,,,,,,,,,,0,0,0,0,0,0
1773482622,FALSE,0.6472236,1773482621,268.87424,212.51215,10.431371,27.968727,1.5104734,,,,,,,,,,,0,0,0,0,0,0
1773482622,FALSE,0.6472236,1773482621,268.87424,212.51215,10.431371,27.968727,1.5104734,,,,,,,,,,,0,0,0,0,0,0
1773482622,FALSE,0.6472236,1773482621,268.87424,212.51215,10.431371,27.968727,1.5104734,,,,,,,,,,,0,0,0,0,0,0
1773482622,FALSE,0.6472236,1773482621,268.87424,212.51215,10.431371,27.968727,1.5104734,,,,,,,,,,,0,0,0,0,0,0
1773482622,FALSE,0.6472236,1773482621,268.87424,212.51215,10.431371,27.968727,1.5104734,,,,,,,,,,,0,0,0,0,0,0
1773482622,FALSE,0.6472236,1773482621,268.87424,212.51215,10.431371,27.968727,1.5104734,,,,,,,,,,,0,0,0,0,0,0
1773482622,FALSE,0.6472236,1773482621,268.87424,212.51215,10.431371,27.968727,1.5104734,,,,,,,,,,,0,0,0,0,0,0
1773482622,FALSE,0.6472236,1773482621,268.87424,212.51215,10.431371,27.968727,1.5104734,,,,,,,,,,,0,0,0,0,0,0
1773482622,FALSE,0.6472236,1773482621,268.87424,212.51215,10.431371,27.968727,1.5104734,,,,,,,,,,,0,0,0,0,0,0
1773482622,FALSE,0.6472236,1773482621,268.87424,212.51215,10.431371,27.968727,1.5104734,,,,,,,,,,,0,0,0,0,0,0
1773482622,FALSE,0.6472236,1773482621,268.87424,212.51215,10.431371,27.968727,1.5104734,,,,,,,,,,,0,0,0,0,0,0
1773482622,FALSE,0.6472236,1773482621,268.87424,212.51215,10.431371,27.968727,1.5104734,,,,,,,,,,,0,0,0,0,0,0
1773482622,FALSE,0.6472236,1773482621,268.87424,212.51215,10.431371,27.968727,1.5104734,,,,,,,,,,,0,0,0,0,0,0
1773482622,FALSE,0.6472236,1773482621,268.87424,212.51215,10.431371,27.968727,1.5104734,,,,,,,,,,,0,0,0,0,0,0
1773482622,FALSE,0.6472236,1773482621,268.87424,212.51215,10.431371,27.968727,1.5104734,,,,,,,,,,,0,0,0,0,0,0
1773482622,FALSE,0.6472236,1773482621,268.87424,212.51215,10.431371,27.968727,1.5104734,,,,,,,,,,,0,0,0,0,0,0
1773482622,FALSE,0.6472236,1773482621,268.87424,212.51215,10.431371,27.968727,1.5104734,,,,,,,,,,,0,0,0,0,0,0
1773482622,FALSE,0.6472236,1773482621,268.87424,212.51215,10.431371,27.968727,1.5104734,,,,,,,,,,,0,0,0,0,0,0
1773482622,FALSE,0.6472236,1773482621,268.87424,212.51215,10.431371,27.968727,1.5104734,,,,,,,,,,,0,0,0,0,0,0
1773482622,TRUE,0.3582605,1773482622,279.6889,206.75024,11.840345,31.270378,1.3854359,271.56793,211.0629,310.5156,0.994349025,0.091346426,1.479187897,-48.432068,-28.937103,-22189.484,-1.479187897,0.029059242,0.017362263,-0.03,0,0,-0.6
1773482622,TRUE,0.3582605,1773482622,279.6889,206.75024,11.840345,31.270378,1.3854359,273.59818,209.98474,324.95923,0.991479242,0.114585009,1.455737022,-46.401825,-30.015259,-22175.041,-1.455737022,0.027841097,0.018009156,-0.03,0,0,-0.6
1773482622,TRUE,0.3582605,1773482622,279.6889,206.75024,11.840345,31.270378,1.3854359,275.12085,209.17612,336.00653,0.989326905,0.132013947,1.438141815,-44.87915,-30.823883,-22163.994,-1.438141815,0.026927492,0.01849433,-0.03,0,0,-0.6
1773482622,TRUE,0.3582605,1773482622,279.6889,206.75024,11.840345,31.270378,1.3854359,276.26288,208.56964,344.4127,0.987712653,0.14508565,1.424948789,-43.73712,-31.430359,-22155.588,-1.424948789,0.026242275,0.018858217,-0.03,0,0,-0.6
1773482622,TRUE,0.3582605,1773482622,279.6889,206.75024,11.840345,31.270378,1.3854359,277.1194,208.11479,350.78528,0.986501963,0.154889428,1.415059016,-42.880615,-31.885208,-22149.215,-1.415059016,0.025728371,0.019131126,-0.03,0,0,-0.6
1773482622,TRUE,0.3582605,1773482622,279.6889,206.75024,11.840345,31.270378,1.3854359,277.76178,207.77365,355.60287,0.985593946,0.162242261,1.407645798,-42.23822,-32.22635,-22144.396,-1.407645798,0.025342934,0.01933581,-0.03,0,0,-0.6
1773482622,TRUE,0.3582605,1773482622,279.6889,206.75024,11.840345,31.270378,1.3854359,278.24356,207.51779,359.23752,0.984912933,0.167756886,1.402088746,-41.75644,-32.48221,-22140.762,-1.402088746,0.025053864,0.019489326,-0.03,0,0,-0.6
1773482622,TRUE,0.8897077,1773482622,279.40442,205.97948,12.645643,31.065449,1.3843287,278.53378,207.13321,367.5948,0.984351008,0.172164888,1.397645821,-41.466217,-32.86679,-22132.404,-1.397645821,0.024879731,0.019720076,-0.03,0,0,-0.6
1773482622,TRUE,0.8897077,1773482622,279.40442,205.97948,12.645643,31.065449,1.3843287,278.75143,206.84479,373.882,0.983929564,0.17547089,1.394314818,-41.248566,-33.155212,-22126.117,-1.394314818,0.024749141,0.019893128,-0.03,0,0,-0.6
1773482622,TRUE,0.8897077,1773482622,279.40442,205.97948,12.645643,31.065449,1.3843287,278.91467,206.62846,378.60825,0.983613481,0.177950392,1.391817286,-41.085327,-33.371536,-22121.393,-1.391817286,0.024651198,0.020022923,-0.03,0,0,-0.6
1773482622,TRUE,0.8897077,1773482622,279.40442,205.97948,12.645643,31.065449,1.3843287,279.0371,206.46622,382.159,0.983376418,0.179810018,1.389944563,-40.96289,-33.533783,-22117.842,-1.389944563,0.024577735,0.02012027,-0.03,0,0,-0.6
1773482622,TRUE,0.8897077,1773482622,279.40442,205.97948,12.645643,31.065449,1.3843287,279.12894,206.34454,384.8255,0.983198622,0.181204737,1.388540269,-40.871063,-33.655457,-22115.174,-1.388540269,0.02452264,0.020193275,-0.03,0,0,-0.6
1773482622,TRUE,0.8897077,1773482622,279.40442,205.97948,12.645643,31.065449,1.3843287,279.1978,206.25328,386.82733,0.983065274,0.182250777,1.387487192,-40.802185,-33.74672,-22113.172,-1.387487192,0.024481311,0.020248033,-0.03,0,0,-0.6
1773482622,TRUE,0.8897077,1773482622,279.40442,205.97948,12.645643,31.065449,1.3843287,279.24945,206.18483,388.32974,0.982965263,0.183035307,1.386697467,-40.75055,-33.81517,-22111.67,-1.386697467,0.02445033,0.020289103,-0.03,0,0,-0.6
1773482622,TRUE,0.90357524,1773482622,277.6902,204.12715,12.209944,30.447586,1.3761059,278.85962,205.67041,384.15482,0.98250085,0.185642184,1.384049319,-41.14038,-34.32959,-22115.846,-1.384049319,0.02468423,0.020597754,-0.03,0,0,-0.6
1773482622,TRUE,0.90357524,1773482622,277.6902,204.12715,12.209944,30.447586,1.3761059,278.56726,205.28459,381.0382,0.982152539,0.187597342,1.382063303,-41.43274,-34.71541,-22118.96,-1.382063303,0.024859644,0.020829245,-0.03,0,0,-0.6
1773482622,TRUE,0.90357524,1773482622,277.6902,204.12715,12.209944,30.447586,1.3761059,278.348,204.99522,378.70898,0.981891307,0.18906371,1.380573854,-41.652008,-35.004776,-22121.291,-1.380573854,0.024991207,0.021002866,-0.03,0,0,-0.6
1773482622,TRUE,0.90357524,1773482622,277.6902,204.12715,12.209944,30.447586,1.3761059,278.18353,204.7782,376.9666,0.981695382,0.190163486,1.379456808,-41.816467,-35.2218,-22123.033,-1.379456808,0.025089882,0.021133082,-0.03,0,0,-0.6
1773482622,TRUE,0.90357524,1773482622,277.6902,204.12715,12.209944,30.447586,1.3761059,278.06018,204.61543,375.66245,0.981548439,0.190988318,1.378619047,-41.93982,-35.384567,-22124.338,-1.378619047,0.025163893,0.02123074,-0.03,0,0,-0.6
1773482622,TRUE,0.90357524,1773482622,277.6902,204.12715,12.209944,30.447586,1.3761059,277.96768,204.49336,374.68576,0.981438231,0.191606943,1.377990741,-42.03232,-35.506638,-22125.314,-1.377990741,0.025219392,0.021303983,-0.03,0,0,-0.6
1773482622,TRUE,0.90357524,1773482622,277.6902,204.12715,12.209944,30.447586,1.3761059,277.89832,204.40181,373.95413,0.981355575,0.192070911,1.377519521,-42.101685,-35.59819,-22126.045,-1.377519521,0.025261013,0.021358915,-0.03,0,0,-0.6
1773482622,TRUE,0.90357524,1773482622,277.6902,204.12715,12.209944,30.447586,1.3761059,277.84628,204.33315,373.40582,0.981293584,0.192418887,1.37716611,-42.153717,-35.666855,-22126.594,-1.37716611,0.02529223,0.021400115,-0.03,0,0,-0.6
1773482622,TRUE,0.89340895,1773482622,274.8666,202.22241,12.377926,30.960684,1.350215,277.10135,203.80547,375.8499,0.979912791,0.199013401,1.370428532,-42.89865,-36.194534,-22124.15,-1.370428532,0.025739191,0.021716721,-0.03,0,0,-0.6
1773482622,TRUE,0.89340895,1773482622,274.8666,202.22241,12.377926,30.960684,1.350215,276.54266,203.4097,377.68808,0.978877196,0.203959286,1.365374956,-43.457336,-36.5903,-22122.312,-1.365374956,0.026074404,0.021954183,-0.03,0,0,-0.6
1773482622,TRUE,0.89340895,1773482622,274.8666,202.22241,12.377926,30.960684,1.350215,276.12366,203.11288,379.0696,0.9781005,0.2076687,1.361584727,-43.876343,-36.887115,-22120.93,-1.361584727,0.026325807,0.02213227,-0.03,0,0,-0.6
1773482622,TRUE,0.89340895,1773482622,274.8666,202.22241,12.377926,30.960684,1.350215,275.8094,202.89026,380.1074,0.977517978,0.210450761,1.358742102,-44.190613,-37.10974,-22119.893,-1.358742102,0.026514368,0.022265846,-0.03,0,0,-0.6
1773482622,TRUE,0.89340895,1773482622,274.8666,202.22241,12.377926,30.960684,1.350215,275.5737,202.7233,380.88663,0.977081087,0.212537306,1.35661019,-44.4263,-37.276703,-22119.113,-1.35661019,0.026655782,0.022366023,-0.03,0,0,-0.6
1773482622,TRUE,0.89340895,1773482622,274.8666,202.22241,12.377926,30.960684,1.350215,275.3969,202.59808,381.4716,0.976753418,0.214102215,1.355011302,-44.60309,-37.401917,-22118.53,-1.355011302,0.026761854,0.02244115,-0.03,0,0,-0.6
1773482622,TRUE,0.89340895,1773482622,274.8666,202.22241,12.377926,30.960684,1.350215,275.26434,202.50417,381.91058,0.976507667,0.215275897,1.353812167,-44.735657,-37.495834,-22118.09,-1.353812167,0.026841395,0.022497501,-0.03,0,0,-0.6
1773482622,TRUE,0.89340895,1773482622,274.8666,202.22241,12.377926,30.960684,1.350215,275.16492,202.43373,382.23996,0.976323353,0.216156158,1.352912836,-44.835083,-37.56627,-22117.76,-1.352912836,0.026901051,0.022539763,-0.03,0,0,-0.6
1773482622,TRUE,0.8718011,1773482622,274.68622,198.93861,10.885935,28.290472,1.3258234,275.04523,201.55995,362.94455,0.974778489,0.222749627,1.346140618,-44.954773,-38.44005,-22137.055,-1.346140618,0.026972866,0.02306403,-0.03,0,0,-0.6
1773482622,TRUE,0.8718011,1773482622,274.68622,198.93861,10.885935,28.290472,1.3258234,274.95547,200.90462,348.79126,0.973619842,0.227694729,1.34106109,-45.044525,-39.095383,-22151.209,-1.34106109,0.027026717,0.023457231,-0.03,0,0,-0.6
1773482622,TRUE,0.8718011,1773482622,274.68622,198.93861,10.885935,28.290472,1.3258234,274.88818,200.41312,338.35532,0.972750856,0.231403555,1.337251416,-45.111816,-39.586884,-22161.645,-1.337251416,0.027067091,0.02375213,-0.03,0,0,-0.6
1773482622,TRUE,0.8718011,1773482622,274.68622,198.93861,10.885935,28.290472,1.3258234,274.8377,200.0445,330.62906,0.972099116,0.234185175,1.334394219,-45.162292,-39.955505,-22169.371,-1.334394219,0.027097376,0.023973305,-0.03,0,0,-0.6
1773482622,TRUE,0.8718011,1773482622,274.68622,198.93861,10.885935,28.290472,1.3258234,274.79984,199.76802,324.89105,0.971610312,0.23627139,1.332251385,-45.200165,-40.23198,-22175.11,-1.332251385,0.0271201,0.024139188,-0.03,0,0,-0.6
1773482622,TRUE,0.8718011,1773482622,274.68622,198.93861,10.885935,28.290472,1.3258234,274.77142,199.56067,320.61942,0.971243708,0.237836051,1.33064431,-45.228577,-40.43933,-22179.38,-1.33064431,0.027137147,0.0242636,-0.03,0,0,-0.6
1773482622,TRUE,0.8718011,1773482622,274.68622,198.93861,10.885935,28.290472,1.3258234,274.75012,199.40515,317.43356,0.970968756,0.239009547,1.329439037,-45.249878,-40.59485,-22182.566,-1.329439037,0.027149929,0.024356911,-0.03,0,0,-0.6
1773482622,TRUE,0.88292736,1773482622,273.78854,196.48027,11.875356,30.728424,1.3045537,274.50974,198.67393,328.99286,0.969418145,0.245034228,1.323217735,-45.490265,-41.326065,-22171.008,-1.323217735,0.02729416,0.02479564,-0.03,0,0,-0.6
1773482622,TRUE,0.88292736,1773482622,273.78854,196.48027,11.875356,30.728424,1.3045537,274.32944,198.12552,337.79797,0.968255187,0.249552738,1.318551513,-45.670563,-41.87448,-22162.201,-1.318551513,0.02740234,0.02512469,-0.03,0,0,-0.6
1773482622,TRUE,0.88292736,1773482622,273.78854,196.48027,11.875356,30.728424,1.3045537,274.1942,197.71422,344.47812,0.967382968,0.252941621,1.315051845,-45.805786,-42.28578,-22155.521,-1.315051845,0.027483473,0.02537147,-0.03,0,0,-0.6
1773482622,TRUE,0.88292736,1773482622,273.78854,196.48027,11.875356,30.728424,1.3045537,274.0928,197.40573,349.53113,0.966728804,0.255483283,1.312427151,-45.907196,-42.59427,-22150.469,-1.312427151,0.02754432,0.025556562,-0.03,0,0,-0.6
1773482622,TRUE,0.88292736,1773482622,273.78854,196.48027,11.875356,30.728424,1.3045537,274.01675,197.17436,353.34503,0.966238182,0.25738953,1.310458687,-45.983246,-42.825638,-22146.654,-1.310458687,0.027589949,0.025695384,-0.03,0,0,-0.6
1773482622,TRUE,0.88292736,1773482622,273.78854,196.48027,11.875356,30.728424,1.3045537,273.95972,197.00084,356.21902,0.965870214,0.258819215,1.308982381,-46.040283,-42.99916,-22143.781,-1.308982381,0.027624171,0.025799498,-0.03,0,0,-0.6
1773482622,TRUE,0.88292736,1773482622,273.78854,196.48027,11.875356,30.728424,1.3045537,273.91693,196.8707,358.3822,0.965594239,0.259891479,1.307875179,-46.08307,-43.129303,-22141.617,-1.307875179,0.027649842,0.025877584,-0.03,0,0,-0.6
1773482622,TRUE,0.8882759,1773482622,274.55286,196.70647,12.480802,31.166307,1.2885226,274.07593,196.82964,365.9362,0.964301829,0.264553636,1.303036995,-45.924072,-43.170364,-22134.064,-1.303036995,0.027554445,0.02590222,-0.03,0,0,-0.6
1773482622,TRUE,0.8882759,1773482622,274.55286,196.70647,12.480802,31.166307,1.2885226,274.19516,196.79884,371.6435,0.963332521,0.268050254,1.299408263,-45.80484,-43.201157,-22128.357,-1.299408263,0.027482904,0.025920695,-0.03,0,0,-0.6
1773482622,TRUE,0.8882759,1773482622,274.55286,196.70647,12.480802,31.166307,1.2885226,274.28458,196.77576,375.9475,0.96260554,0.270672718,1.296686725,-45.715424,-43.224243,-22124.053,-1.296686725,0.027429255,0.025934547,-0.03,0,0,-0.6
1773482622,TRUE,0.8882759,1773482622,274.55286,196.70647,12.480802,31.166307,1.2885226,274.35165,196.75844,379.18875,0.962060304,0.272639566,1.294645606,-45.648346,-43.24156,-22120.81,-1.294645606,0.027389009,0.025944939,-0.03,0,0,-0.6
1773482622,TRUE,0.8882759,1773482622,274.55286,196.70647,12.480802,31.166307,1.2885226,274.40195,196.74545,381.6271,0.961651378,0.274114701,1.293114796,-45.598053,-43.254547,-22118.373,-1.293114796,0.027358834,0.02595273,-0.03,0,0,-0.6
1773482622,TRUE,0.8882759,1773482622,274.55286,196.70647,12.480802,31.166307,1.2885226,274.43967,196.7357,383.46005,0.961344683,0.275221053,1.291966711,-45.560333,-43.264297,-22116.54,-1.291966711,0.0273362,0.025958579,-0.03,0,0,-0.6
1773482622,TRUE,0.8882759,1773482622,274.55286,196.70647,12.480802,31.166307,1.2885226,274.46796,196.7284,384.83716,0.961114661,0.276050817,1.291105662,-45.532043,-43.271606,-22115.162,-1.291105662,0.027319228,0.025962966,-0.03,0,0,-0.6
1773482623,TRUE,0.8921139,1773482622,276.75974,197.36215,12.107527,29.679468,1.2918978,275.0409,196.88684,378.39148,0.961175808,0.275862345,1.291303694,-44.959106,-43.11316,-22121.61,-1.291303694,0.026975466,0.025867896,-0.03,0,0,-0.6
1773482623,TRUE,0.8921139,1773482622,276.75974,197.36215,12.107527,29.679468,1.2918978,275.4706,197.00568,373.58902,0.961221667,0.275720991,1.291452216,-44.52939,-42.994324,-22126.41,-1.291452216,0.026717635,0.025796596,-0.03,0,0,-0.6
1773482623,TRUE,0.8921139,1773482622,276.75974,197.36215,12.107527,29.679468,1.2918978,275.7929,197.09479,370.005,0.961256062,0.275614976,1.291563607,-44.207092,-42.905212,-22129.994,-1.291563607,0.026524257,0.025743129,-0.03,0,0,-0.6
1773482623,TRUE,0.8921139,1773482622,276.75974,197.36215,12.107527,29.679468,1.2918978,276.0346,197.16162,367.3271,0.961281858,0.275535464,1.291647149,-43.965393,-42.83838,-22132.674,-1.291647149,0.026379237,0.025703028,-0.03,0,0,-0.6
1773482623,TRUE,0.8921139,1773482622,276.75974,197.36215,12.107527,29.679468,1.2918978,276.21588,197.21176,365.3243,0.961301205,0.275475831,1.291709806,-43.78412,-42.78824,-22134.676,-1.291709806,0.026270472,0.025672944,-0.03,0,0,-0.6
1773482623,TRUE,0.8921139,1773482622,276.75974,197.36215,12.107527,29.679468,1.2918978,276.35184,197.24936,363.82535,0.961315716,0.275431105,1.291756798,-43.648163,-42.75064,-22136.174,-1.291756798,0.026188899,0.025650386,-0.03,0,0,-0.6
1773482623,TRUE,0.8921139,1773482622,276.75974,197.36215,12.107527,29.679468,1.2918978,276.45383,197.27756,362.70297,0.961326598,0.275397561,1.291792042,-43.546173,-42.722443,-22137.297,-1.291792042,0.026127705,0.025633467,-0.03,0,0,-0.6
1773482623,TRUE,0.8921139,1773482622,276.75974,197.36215,12.107527,29.679468,1.2918978,276.5303,197.2987,361.86215,0.96133476,0.275372403,1.291818475,-43.469696,-42.701294,-22138.139,-1.291818475,0.02608182,0.025620777,-0.03,0,0,-0.6
1773482623,TRUE,0.8856842,1773482623,277.47784,199.20082,11.936657,30.69782,1.2963954,276.7672,197.77423,363.03674,0.961647997,0.274271879,1.292962712,-43.232788,-42.22577,-22136.963,-1.292962712,0.025939673,0.025335463,-0.03,0,0,-0.6
1773482623,TRUE,0.8856842,1773482623,277.47784,199.20082,11.936657,30.69782,1.2963954,276.9449,198.13087,363.90335,0.961882925,0.273446485,1.293820892,-43.055115,-41.869125,-22136.096,-1.293820892,0.02583307,0.025121477,-0.03,0,0,-0.6
1773482623,TRUE,0.8856842,1773482623,277.47784,199.20082,11.936657,30.69782,1.2963954,277.07812,198.39836,364.54523,0.96205912,0.27282744,1.294464526,-42.921875,-41.60164,-22135.455,-1.294464526,0.025753126,0.024960984,-0.03,0,0,-0.6
1773482623,TRUE,0.8856842,1773482623,277.47784,199.20082,11.936657,30.69782,1.2963954,277.17804,198.59897,365.02206,0.962191267,0.272363156,1.294947251,-42.82196,-41.40103,-22134.979,-1.294947251,0.025693178,0.02484062,-0.03,0,0,-0.6
1773482623,TRUE,0.8856842,1773482623,277.47784,199.20082,11.936657,30.69782,1.2963954,277.253,198.74942,365.37717,0.962290377,0.272014943,1.295309294,-42.74701,-41.25058,-22134.623,-1.295309294,0.025648206,0.024750348,-0.03,0,0,-0.6
1773482623,TRUE,0.8856842,1773482623,277.47784,199.20082,11.936657,30.69782,1.2963954,277.3092,198.86227,365.64206,0.962364709,0.271753784,1.295580826,-42.690796,-41.137726,-22134.357,-1.295580826,0.02561448,0.024682637,-0.03,0,0,-0.6
1773482623,TRUE,0.8856842,1773482623,277.47784,199.20082,11.936657,30.69782,1.2963954,277.35138,198.9469,365.83994,0.962420459,0.271557914,1.295784475,-42.64862,-41.0531,-22134.16,-1.295784475,0.025589174,0.024631862,-0.03,0,0,-0.6
1773482623,TRUE,0.8668675,1773482623,279.1472,200.09897,12.204735,31.952662,1.3096116,277.80032,199.23492,371.81125,0.963336524,0.268224765,1.299241209,-42.199677,-40.765076,-22128.19,-1.299241209,0.025319807,0.024459047,-0.03,0,0,-0.6
1773482623,TRUE,0.8668675,1773482623,279.1472,200.09897,12.204735,31.952662,1.3096116,278.13705,199.45093,376.3169,0.964023573,0.265724904,1.301833816,-41.862946,-40.549072,-22123.684,-1.301833816,0.025117768,0.024329444,-0.03,0,0,-0.6
1773482623,TRUE,0.8668675,1773482623,279.1472,200.09897,12.204735,31.952662,1.3096116,278.3896,199.61295,379.71146,0.964538859,0.263850008,1.30377828,-41.610413,-40.387054,-22120.29,-1.30377828,0.02496625,0.024232233,-0.03,0,0,-0.6
1773482623,TRUE,0.8668675,1773482623,279.1472,200.09897,12.204735,31.952662,1.3096116,278.57898,199.73447,382.266,0.964925324,0.262443835,1.305236623,-41.42102,-40.265533,-22117.734,-1.305236623,0.024852613,0.024159322,-0.03,0,0,-0.6
1773482623,TRUE,0.8668675,1773482623,279.1472,200.09897,12.204735,31.952662,1.3096116,278.72104,199.82559,384.1867,0.965215173,0.261389206,1.306330373,-41.27896,-40.174408,-22115.812,-1.306330373,0.024767378,0.024104645,-0.03,0,0,-0.6
1773482623,TRUE,0.8668675,1773482623,279.1472,200.09897,12.204735,31.952662,1.3096116,278.82758,199.89395,385.62994,0.96543256,0.260598234,1.30715068,-41.172424,-40.10605,-22114.37,-1.30715068,0.024703456,0.02406363,-0.03,0,0,-0.6
1773482623,TRUE,0.8668675,1773482623,279.1472,200.09897,12.204735,31.952662,1.3096116,278.90747,199.94522,386.71393,0.965595599,0.260005006,1.307765906,-41.09253,-40.05478,-22113.285,-1.307765906,0.024655519,0.024032868,-0.03,0,0,-0.6
1773482623,TRUE,0.8651586,1773482623,279.84982,201.63966,12.399668,31.68643,1.2380933,279.14307,200.36884,388.2643,0.960487444,0.276653519,1.290352883,-40.856934,-39.631165,-22111.736,-1.290352883,0.024514161,0.0237787,-0.03,0,0,-0.6
1773482623,TRUE,0.8651586,1773482623,279.84982,201.63966,12.399668,31.68643,1.2380933,279.31976,200.68654,389.4255,0.956656327,0.289139904,1.277285664,-40.680237,-39.31346,-22110.574,-1.277285664,0.024408143,0.023588078,-0.03,0,0,-0.6
1773482623,TRUE,0.8651586,1773482623,279.84982,201.63966,12.399668,31.68643,1.2380933,279.45227,200.92482,390.29553,0.95378299,0.298504693,1.267484065,-40.54773,-39.07518,-22109.705,-1.267484065,0.02432864,0.023445109,-0.03,0,0,-0.6
1773482623,TRUE,0.8651586,1773482623,279.84982,201.63966,12.399668,31.68643,1.2380933,279.55167,201.10353,390.9476,0.951627987,0.305528285,1.26013347,-40.448334,-38.89647,-22109.053,-1.26013347,0.024269002,0.023337882,-0.03,0,0,-0.6
1773482623,TRUE,0.8651586,1773482623,279.84982,201.63966,12.399668,31.68643,1.2380933,279.62622,201.23756,391.4363,0.950011734,0.310795979,1.254621399,-40.37378,-38.762436,-22108.564,-1.254621399,0.024224268,0.023257462,-0.03,0,0,-0.6
1773482623,TRUE,0.8651586,1773482623,279.84982,201.63966,12.399668,31.68643,1.2380933,279.68213,201.33809,391.8027,0.948799545,0.314746749,1.250488064,-40.31787,-38.66191,-22108.197,-1.250488064,0.024190724,0.023197148,-0.03,0,0,-0.6
1773482623,TRUE,0.8651586,1773482623,279.84982,201.63966,12.399668,31.68643,1.2380933,279.72406,201.41348,392.07745,0.947890403,0.317709827,1.247388562,-40.27594,-38.586517,-22107.922,-1.247388562,0.024165565,0.023151912,-0.03,0,0,-0.6
1773482623,TRUE,0.8651586,1773482623,279.84982,201.63966,12.399668,31.68643,1.2380933,279.7555,201.47003,392.28348,0.947208547,0.319932135,1.245064257,-40.244507,-38.52997,-22107.717,-1.245064257,0.024146706,0.023117982,-0.03,0,0,-0.6
1773482623,TRUE,0.8724005,1773482623,279.92795,200.41554,11.734055,31.494488,1.2676989,279.7986,201.2064,386.57797,0.949010548,0.314568572,1.250723665,-40.201385,-38.793594,-22113.422,-1.250723665,0.024120832,0.023276158,-0.03,0,0,-0.6
1773482623,TRUE,0.8724005,1773482623,279.92795,200.41554,11.734055,31.494488,1.2676989,279.83096,201.00868,382.3094,0.950362049,0.3105459,1.254968071,-40.169037,-38.991318,-22117.691,-1.254968071,0.024101423,0.023394791,-0.03,0,0,-0.6
1773482623,TRUE,0.8724005,1773482623,279.92795,200.41554,11.734055,31.494488,1.2676989,279.85522,200.8604,379.11392,0.951375674,0.307528896,1.258151187,-40.144775,-39.139603,-22120.887,-1.258151187,0.024086867,0.023483763,-0.03,0,0,-0.6
1773482623,TRUE,0.8724005,1773482623,279.92795,200.41554,11.734055,31.494488,1.2676989,279.8734,200.74918,376.72067,0.952135893,0.305266143,1.260538376,-40.126587,-39.250824,-22123.28,-1.260538376,0.024075953,0.023550496,-0.03,0,0,-0.6
1773482623,TRUE,0.8724005,1773482623,279.92795,200.41554,11.734055,31.494488,1.2676989,279.88705,200.66577,374.9276,0.952706058,0.303569079,1.262328665,-40.112946,-39.33423,-22125.072,-1.262328665,0.024067769,0.023600537,-0.03,0,0,-0.6
1773482623,TRUE,0.8724005,1773482623,279.92795,200.41554,11.734055,31.494488,1.2676989,279.89728,200.60321,373.5839,0.953133681,0.30229628,1.263671316,-40.102722,-39.39679,-22126.416,-1.263671316,0.024061635,0.023638075,-0.03,0,0,-0.6
1773482623,TRUE,0.8724005,1773482623,279.92795,200.41554,11.734055,31.494488,1.2676989,279.90494,200.55629,372.57666,0.953454398,0.301341681,1.264678265,-40.095062,-39.44371,-22127.424,-1.264678265,0.024057038,0.023666227,-0.03,0,0,-0.6
1773482623,TRUE,0.8532679,1773482623,279.86862,199.98625,11.7244215,31.50107,1.2706591,279.89587,200.41379,371.76508,0.95391478,0.299919089,1.266173534,-40.104126,-39.586212,-22128.234,-1.266173534,0.024062477,0.023751728,-0.03,0,0,-0.6
1773482623,TRUE,0.8532679,1773482623,279.86862,199.98625,11.7244215,31.50107,1.2706591,279.88907,200.3069,371.1566,0.954260066,0.298852145,1.267294961,-40.11093,-39.6931,-22128.844,-1.267294961,0.02406656,0.023815861,-0.03,0,0,-0.6
1773482623,TRUE,0.8532679,1773482623,279.86862,199.98625,11.7244215,31.50107,1.2706591,279.88397,200.22675,370.70026,0.95451903,0.298051937,1.268136016,-40.116028,-39.773254,-22129.299,-1.268136016,0.024069618,0.023863954,-0.03,0,0,-0.6
1773482623,TRUE,0.8532679,1773482623,279.86862,199.98625,11.7244215,31.50107,1.2706591,279.88013,200.16663,370.35812,0.954713254,0.29745178,1.268766798,-40.119873,-39.833374,-22129.643,-1.268766798,0.024071924,0.023900026,-0.03,0,0,-0.6
1773482623,TRUE,0.8532679,1773482623,279.86862,199.98625,11.7244215,31.50107,1.2706591,279.87726,200.12154,370.1015,0.954858921,0.297001663,1.269239879,-40.12274,-39.878464,-22129.898,-1.269239879,0.024073645,0.02392708,-0.03,0,0,-0.6
1773482623,TRUE,0.8532679,1773482623,279.86862,199.98625,11.7244215,31.50107,1.2706591,279.8751,200.08772,369.90906,0.954968172,0.296664076,1.269594686,-40.12491,-39.912277,-22130.092,-1.269594686,0.024074946,0.023947367,-0.03,0,0,-0.6
1773482623,TRUE,0.8532679,1773482623,279.86862,199.98625,11.7244215,31.50107,1.2706591,279.87347,200.06236,369.76474,0.95505011,0.296410885,1.269860789,-40.126526,-39.937637,-22130.234,-1.269860789,0.024075916,0.023962583,-0.03,0,0,-0.6
1773482623,TRUE,0.8700423,1773482623,280.6709,199.85051,11.627445,31.157112,1.2523686,280.0728,200.0094,367.88583,0.953719787,0.3005766,1.265487785,-39.927185,-39.9906,-22132.113,-1.265487785,0.023956312,0.023994362,-0.03,0,0,-0.6
1773482623,TRUE,0.8700423,1773482623,280.6709,199.85051,11.627445,31.157112,1.2523686,280.22235,199.96968,366.4798,0.952722045,0.303700886,1.262207928,-39.77765,-40.03032,-22133.52,-1.262207928,0.02386659,0.024018193,-0.03,0,0,-0.6
1773482623,TRUE,0.8700423,1773482623,280.6709,199.85051,11.627445,31.157112,1.2523686,280.33447,199.9399,365.427,0.951973739,0.3060441,1.259748023,-39.665527,-40.060104,-22134.572,-1.259748023,0.023799317,0.024036063,-0.03,0,0,-0.6
1773482623,TRUE,0.8700423,1773482623,280.6709,199.85051,11.627445,31.157112,1.2523686,280.41858,199.91756,364.6384,0.951412509,0.307801511,1.257903109,-39.58142,-40.082443,-22135.361,-1.257903109,0.023748854,0.024049466,-0.03,0,0,-0.6
1773482623,TRUE,0.8700423,1773482623,280.6709,199.85051,11.627445,31.157112,1.2523686,280.48166,199.9008,364.04745,0.950991587,0.309119569,1.256519439,-39.51834,-40.099197,-22135.953,-1.256519439,0.023711005,0.02405952,-0.03,0,0,-0.6
1773482623,TRUE,0.8700423,1773482623,280.6709,199.85051,11.627445,31.157112,1.2523686,280.52896,199.88823,363.6046,0.950675895,0.310108113,1.255481699,-39.47104,-40.11177,-22136.395,-1.255481699,0.023682624,0.024067063,-0.03,0,0,-0.6
1773482623,TRUE,0.8700423,1773482623,280.6709,199.85051,11.627445,31.157112,1.2523686,280.56445,199.8788,363.27264,0.950439126,0.310849521,1.254703403,-39.435547,-40.1212,-22136.727,-1.254703403,0.023661328,0.024072722,-0.03,0,0,-0.6
1773482623,TRUE,0.8700423,1773482623,280.6709,199.85051,11.627445,31.157112,1.2523686,280.59106,199.87173,363.02377,0.950261549,0.311405577,1.254119687,-39.408936,-40.128265,-22136.977,-1.254119687,0.023645362,0.024076961,-0.03,0,0,-0.6
1773482623,TRUE,0.88245755,1773482623,281.5726,199.13033,11.835065,30.941933,1.2353281,280.83646,199.68639,363.82697,0.948760227,0.315857021,1.249421836,-39.163544,-40.313614,-22136.174,-1.249421836,0.023498127,0.02418817,-0.03,0,0,-0.6
1773482623,TRUE,0.88245755,1773482623,281.5726,199.13033,11.835065,30.941933,1.2353281,281.0205,199.54736,364.42535,0.947634236,0.319195604,1.245898324,-38.979492,-40.452637,-22135.574,-1.245898324,0.023387697,0.024271583,-0.03,0,0,-0.6
1773482623,TRUE,0.88245755,1773482623,281.5726,199.13033,11.835065,30.941933,1.2353281,281.15854,199.4431,364.8719,0.946789742,0.321699541,1.243255678,-38.84146,-40.5569,-22135.129,-1.243255678,0.023304878,0.024334142,-0.03,0,0,-0.6
1773482623,TRUE,0.88245755,1773482623,281.5726,199.13033,11.835065,30.941933,1.2353281,281.26205,199.3649,365.2055,0.946156371,0.323577494,1.241273713,-38.737946,-40.6351,-22134.795,-1.241273713,0.023242768,0.024381062,-0.03,0,0,-0.6
1773482623,TRUE,0.88245755,1773482623,281.5726,199.13033,11.835065,30.941933,1.2353281,281.3397,199.30626,365.455,0.945681344,0.324985958,1.23978726,-38.66031,-40.69374,-22134.545,-1.23978726,0.023196187,0.024416246,-0.03,0,0,-0.6
1773482623,TRUE,0.88245755,1773482623,281.5726,199.13033,11.835065,30.941933,1.2353281,281.39792,199.26227,365.64166,0.945325073,0.326042307,1.238672436,-38.60208,-40.737732,-22134.357,-1.238672436,0.02316125,0.024442641,-0.03,0,0,-0.6
1773482623,TRUE,0.88245755,1773482623,281.5726,199.13033,11.835065,30.941933,1.2353281,281.4416,199.22928,365.7815,0.94505787,0.326834568,1.237836329,-38.55841,-40.77072,-22134.219,-1.237836329,0.023135047,0.024462434,-0.03,0,0,-0.6
1773482623,TRUE,0.88245755,1773482623,281.5726,199.13033,11.835065,30.941933,1.2353281,281.47433,199.20454,365.88623,0.944857467,0.327428764,1.237209256,-38.525665,-40.795456,-22134.113,-1.237209256,0.0231154,0.024477275,-0.03,0,0,-0.6
1773482623,TRUE,0.87760144,1773482623,282.49265,198.79837,11.861781,31.131992,1.2185624,281.7289,199.103,366.73346,0.943294188,0.331820442,1.232547574,-38.271088,-40.897003,-22133.266,-1.232547574,0.022962654,0.024538202,-0.03,0,0,-0.6
1773482623,TRUE,0.87760144,1773482623,282.49265,198.79837,11.861781,31.131992,1.2185624,281.91986,199.02682,367.3695,0.942121728,0.3351142,1.229051195,-38.08014,-40.973175,-22132.63,-1.229051195,0.022848085,0.024583906,-0.03,0,0,-0.6
1773482623,TRUE,0.87760144,1773482623,282.49265,198.79837,11.861781,31.131992,1.2185624,282.06305,198.9697,367.8469,0.941242383,0.337584518,1.226428902,-37.93695,-41.030304,-22132.152,-1.226428902,0.022762172,0.024618184,-0.03,0,0,-0.6
1773482623,TRUE,0.87760144,1773482623,282.49265,198.79837,11.861781,31.131992,1.2185624,282.17044,198.92685,368.20514,0.940582875,0.339437257,1.224462202,-37.82956,-41.07315,-22131.795,-1.224462202,0.022697737,0.024643892,-0.03,0,0,-0.6
1773482623,TRUE,0.87760144,1773482623,282.49265,198.79837,11.861781,31.131992,1.2185624,282.251,198.89471,368.47394,0.940088243,0.340826811,1.222987198,-37.748993,-41.105286,-22131.525,-1.222987198,0.022649396,0.024663173,-0.03,0,0,-0.6
1773482623,TRUE,0.87760144,1773482623,282.49265,198.79837,11.861781,31.131992,1.2185624,282.31143,198.87064,368.6756,0.93971727,0.341868976,1.221880961,-37.68857,-41.129364,-22131.324,-1.221880961,0.022613142,0.02467762,-0.03,0,0,-0.6
1773482623,TRUE,0.87760144,1773482623,282.49265,198.79837,11.861781,31.131992,1.2185624,282.35675,198.85257,368.82687,0.939439039,0.342650601,1.221051295,-37.64325,-41.14743,-22131.174,-1.221051295,0.02258595,0.02468846,-0.03,0,0,-0.6
1773482623,TRUE,0.83970326,1773482623,284.15524,199.76076,11.321351,30.240515,1.2081413,282.80637,199.07962,362.12393,0.938318839,0.345677399,1.217823782,-37.193634,-40.92038,-22137.877,-1.217823782,0.022316182,0.02455223,-0.03,0,0,-0.6
1773482623,TRUE,0.83970326,1773482623,284.15524,199.76076,11.321351,30.240515,1.2081413,283.1436,199.24991,357.1348,0.937478689,0.347947498,1.215403124,-36.856415,-40.75009,-22142.865,-1.215403124,0.02211385,0.024450056,-0.03,0,0,-0.6
1773482623,TRUE,0.83970326,1773482623,284.15524,199.76076,11.321351,30.240515,1.2081413,283.3965,199.37762,353.41443,0.936848576,0.349650072,1.213587635,-36.603485,-40.622375,-22146.586,-1.213587635,0.021962091,0.024373427,-0.03,0,0,-0.6
1773482623,TRUE,0.83970326,1773482623,284.15524,199.76076,11.321351,30.240515,1.2081413,283.5862,199.4734,350.6362,0.936375992,0.350927003,1.21222603,-36.413788,-40.526596,-22149.363,-1.21222603,0.021848274,0.024315959,-0.03,0,0,-0.6
1773482623,TRUE,0.83970326,1773482623,284.15524,199.76076,11.321351,30.240515,1.2081413,283.7285,199.54524,348.55933,0.936021553,0.351884701,1.211204836,-36.271515,-40.454758,-22151.441,-1.211204836,0.02176291,0.024272855,-0.03,0,0,-0.6
1773482623,TRUE,0.83970326,1773482623,284.15524,199.76076,11.321351,30.240515,1.2081413,283.83517,199.59912,347.00546,0.935755724,0.352602974,1.210438948,-36.164825,-40.40088,-22152.994,-1.210438948,0.021698896,0.02424053,-0.03,0,0,-0.6
1773482623,TRUE,0.83970326,1773482623,284.15524,199.76076,11.321351,30.240515,1.2081413,283.9152,199.63953,345.84216,0.935556353,0.353141679,1.209864536,-36.08481,-40.360474,-22154.158,-1.209864536,0.021650886,0.024216285,-0.03,0,0,-0.6
1773482623,TRUE,0.83970326,1773482623,284.15524,199.76076,11.321351,30.240515,1.2081413,283.97522,199.66983,344.97095,0.935406824,0.353545708,1.20943373,-36.02478,-40.33017,-22155.03,-1.20943373,0.02161487,0.024198104,-0.03,0,0,-0.6
1773482623,TRUE,0.7839407,1773482623,286.2539,200.03464,12.458335,32.307426,1.1961751,284.5449,199.76105,358.9502,0.93421669,0.356639294,1.206119084,-35.45511,-40.238953,-22141.05,-1.206119084,0.021273065,0.024143374,-0.03,0,0,-0.6
1773482623,TRUE,0.7839407,1773482623,286.2539,200.03464,12.458335,32.307426,1.1961751,284.97214,199.82944,369.6106,0.93332409,0.358959484,1.203633059,-35.027863,-40.170563,-22130.389,-1.203633059,0.021016719,0.02410234,-0.03,0,0,-0.6
1773482623,TRUE,0.7839407,1773482623,286.2539,200.03464,12.458335,32.307426,1.1961751,285.29257,199.88074,377.70486,0.93265464,0.360699626,1.201768537,-34.707428,-40.119263,-22122.295,-1.201768537,0.020824458,0.02407156,-0.03,0,0,-0.6
1773482623,TRUE,0.7839407,1773482623,286.2539,200.03464,12.458335,32.307426,1.1961751,285.5329,199.91922,383.83127,0.932152552,0.362004733,1.200370153,-34.467102,-40.08078,-22116.168,-1.200370153,0.020680262,0.02404847,-0.03,0,0,-0.6
1773482623,TRUE,0.7839407,1773482623,286.2539,200.03464,12.458335,32.307426,1.1961751,285.71313,199.94809,388.45737,0.931775986,0.362983563,1.199321373,-34.286865,-40.05191,-22111.543,-1.199321373,0.02057212,0.024031147,-0.03,0,0,-0.6
1773482623,TRUE,0.7839407,1773482623,286.2539,200.03464,12.458335,32.307426,1.1961751,285.84833,199.96973,391.94455,0.931493562,0.363717685,1.198534794,-34.151672,-40.030273,-22108.055,-1.198534794,0.020491004,0.024018165,-0.03,0,0,-0.6
1773482623,TRUE,0.7839407,1773482623,286.2539,200.03464,12.458335,32.307426,1.1961751,285.9497,199.98596,394.56985,0.931281744,0.364268277,1.197944864,-34.050293,-40.014038,-22105.43,-1.197944864,0.020430177,0.024008423,-0.03,0,0,-0.6
1773482623,TRUE,0.84410167,1773482623,288.6198,200.98454,13.158728,34.006905,1.2212373,286.61725,200.23561,407.48816,0.933342265,0.358822092,1.203767826,-33.38275,-39.76439,-22092.512,-1.203767826,0.020029651,0.023858635,-0.03,0,0,-0.6
1773482623,TRUE,0.84410167,1773482623,288.6198,200.98454,13.158728,34.006905,1.2212373,287.1179,200.42285,417.31302,0.934887657,0.354737452,1.208135307,-32.88211,-39.57715,-22082.688,-1.208135307,0.019729268,0.02374629,-0.03,0,0,-0.6
1773482623,TRUE,0.84410167,1773482623,288.6198,200.98454,13.158728,34.006905,1.2212373,287.49335,200.56328,424.7582,0.9360467,0.351673973,1.21141095,-32.506653,-39.43672,-22075.242,-1.21141095,0.019503992,0.023662034,-0.03,0,0,-0.6
1773482623,TRUE,0.84410167,1773482623,288.6198,200.98454,13.158728,34.006905,1.2212373,287.77496,200.6686,430.38516,0.936915983,0.349376363,1.213867654,-32.225037,-39.331406,-22069.615,-1.213867654,0.019335022,0.023598844,-0.03,0,0,-0.6
1773482623,TRUE,0.84410167,1773482623,288.6198,200.98454,13.158728,34.006905,1.2212373,287.98618,200.74759,434.6296,0.937567945,0.347653156,1.215710146,-32.013824,-39.25241,-22065.371,-1.215710146,0.019208295,0.023551447,-0.03,0,0,-0.6
1773482623,TRUE,0.84410167,1773482623,288.6198,200.98454,13.158728,34.006905,1.2212373,288.1446,200.80684,437.8266,0.938056916,0.34636075,1.217091986,-31.855408,-39.19316,-22062.174,-1.217091986,0.019113246,0.023515897,-0.03,0,0,-0.6
1773482623,TRUE,0.8692542,1773482623,290.2835,201.79387,12.687324,33.14764,1.1964887,288.67932,201.0536,433.47803,0.93623294,0.3511776,1.211941149,-31.320679,-38.946396,-22066.521,-1.211941149,0.018792408,0.023367839,-0.03,0,0,-0.6
1773482623,TRUE,0.8692542,1773482623,290.2835,201.79387,12.687324,33.14764,1.1964887,289.08038,201.23868,430.22998,0.934864957,0.354790237,1.208077898,-30.919617,-38.761322,-22069.77,-1.208077898,0.01855177,0.023256794,-0.03,0,0,-0.6
1773482623,TRUE,0.8692542,1773482623,290.2835,201.79387,12.687324,33.14764,1.1964887,289.38116,201.37749,427.80148,0.933838971,0.357499714,1.205180468,-30.618835,-38.622513,-22072.2,-1.205180468,0.018371303,0.02317351,-0.03,0,0,-0.6
1773482623,TRUE,0.8692542,1773482623,290.2835,201.79387,12.687324,33.14764,1.1964887,289.60675,201.48158,425.98434,0.93306948,0.359531823,1.203007433,-30.39325,-38.518417,-22074.016,-1.203007433,0.01823595,0.023111051,-0.03,0,0,-0.6
1773482623,TRUE,0.8692542,1773482623,290.2835,201.79387,12.687324,33.14764,1.1964887,289.77594,201.55966,424.62393,0.932492363,0.361055904,1.201377691,-30.22406,-38.44034,-22075.377,-1.201377691,0.018134438,0.023064204,-0.03,0,0,-0.6
1773482623,TRUE,0.8692542,1773482623,290.2835,201.79387,12.687324,33.14764,1.1964887,289.90283,201.61821,423.60492,0.932059525,0.362198965,1.20015541,-30.097168,-38.38179,-22076.395,-1.20015541,0.018058302,0.023029076,-0.03,0,0,-0.6
1773482623,TRUE,0.8692542,1773482623,290.2835,201.79387,12.687324,33.14764,1.1964887,289.998,201.66212,422.84143,0.931734896,0.36305626,1.199238717,-30.002014,-38.337875,-22077.158,-1.199238717,0.01800121,0.023002727,-0.03,0,0,-0.6
1773482623,TRUE,0.85165894,1773482623,290.731,201.91586,12.477974,32.73707,1.1819437,290.18124,201.72556,419.23154,0.930137335,0.367073943,1.194914934,-29.818756,-38.274445,-22080.768,-1.194914934,0.017891254,0.022964668,-0.03,0,0,-0.6
1773482623,TRUE,0.85165894,1773482623,290.731,201.91586,12.477974,32.73707,1.1819437,290.31866,201.77313,416.534,0.928939164,0.370087205,1.191672026,-29.681335,-38.226868,-22083.467,-1.191672026,0.017808802,0.022936122,-0.03,0,0,-0.6
1773482623,TRUE,0.85165894,1773482623,290.731,201.91586,12.477974,32.73707,1.1819437,290.42175,201.8088,414.51645,0.928040536,0.372347151,1.189239849,-29.578247,-38.191193,-22085.484,-1.189239849,0.01774695,0.022914717,-0.03,0,0,-0.6
1773482623,TRUE,0.85165894,1773482623,290.731,201.91586,12.477974,32.73707,1.1819437,290.49905,201.83557,413.00638,0.927366565,0.374042111,1.187415739,-29.500946,-38.16443,-22086.994,-1.187415739,0.017700568,0.02289866,-0.03,0,0,-0.6
1773482623,TRUE,0.85165894,1773482623,290.731,201.91586,12.477974,32.73707,1.1819437,290.55704,201.85565,411.87558,0.926861087,0.375313331,1.186047678,-29.442963,-38.14435,-22088.125,-1.186047678,0.01766578,0.02288661,-0.03,0,0,-0.6
1773482624,TRUE,0.85165894,1773482623,290.731,201.91586,12.477974,32.73707,1.1819437,290.60052,201.8707,411.02847,0.926481978,0.376266746,1.185021647,-29.399475,-38.129303,-22088.97,-1.185021647,0.017639685,0.022877583,-0.03,0,0,-0.6
1773482624,TRUE,0.85165894,1773482623,290.731,201.91586,12.477974,32.73707,1.1819437,290.63315,201.88199,410.3937,0.926197647,0.376981807,1.184252134,-29.366852,-38.11801,-22089.605,-1.184252134,0.017620113,0.022870809,-0.03,0,0,-0.6
1773482624,TRUE,0.872636,1773482624,290.79126,201.76865,12.799001,32.833195,1.1939656,290.67267,201.85367,412.85156,0.92710711,0.374730221,1.186680513,-29.327332,-38.14633,-22087.148,-1.186680513,0.0175964,0.0228878,-0.03,0,0,-0.6
1773482624,TRUE,0.872636,1773482624,290.79126,201.76865,12.799001,32.833195,1.1939656,290.70233,201.83243,414.69568,0.927789208,0.373041531,1.188501801,-29.297668,-38.167572,-22085.305,-1.188501801,0.017578602,0.022900544,-0.03,0,0,-0.6
1773482624,TRUE,0.872636,1773482624,290.79126,201.76865,12.799001,32.833195,1.1939656,290.72455,201.8165,416.0792,0.928300781,0.371775014,1.189867761,-29.275452,-38.183502,-22083.92,-1.189867761,0.017565273,0.022910103,-0.03,0,0,-0.6
1773482624,TRUE,0.872636,1773482624,290.79126,201.76865,12.799001,32.833195,1.1939656,290.7412,201.80453,417.11707,0.928684461,0.370825126,1.190892224,-29.25879,-38.195465,-22082.883,-1.190892224,0.017555274,0.02291728,-0.03,0,0,-0.6
1773482624,TRUE,0.872636,1773482624,290.79126,201.76865,12.799001,32.833195,1.1939656,290.75372,201.79556,417.89566,0.928972221,0.37011271,1.191660566,-29.246277,-38.204437,-22082.104,-1.191660566,0.017547768,0.022922663,-0.03,0,0,-0.6
1773482624,TRUE,0.872636,1773482624,290.79126,201.76865,12.799001,32.833195,1.1939656,290.76312,201.78885,418.4796,0.929188041,0.369578398,1.192236819,-29.236877,-38.21115,-22081.52,-1.192236819,0.017542128,0.022926692,-0.03,0,0,-0.6
1773482624,TRUE,0.872636,1773482624,290.79126,201.76865,12.799001,32.833195,1.1939656,290.77014,201.78381,418.91766,0.929349906,0.369177664,1.192669006,-29.229858,-38.216187,-22081.082,-1.192669006,0.017537916,0.022929713,-0.03,0,0,-0.6
1773482624,TRUE,0.81827575,1773482624,291.66708,201.41818,12.88741,33.21803,1.1799442,290.9944,201.69241,421.20258,0.928158614,0.372127362,1.189487806,-29.005615,-38.307587,-22078.797,-1.189487806,0.01740337,0.022984553,-0.03,0,0,-0.6
1773482624,TRUE,0.81827575,1773482624,291.66708,201.41818,12.88741,33.21803,1.1799442,291.16257,201.62387,422.92032,0.927265146,0.374339636,1.187101869,-28.837433,-38.37613,-22077.08,-1.187101869,0.017302461,0.023025678,-0.03,0,0,-0.6
1773482624,TRUE,0.81827575,1773482624,291.66708,201.41818,12.88741,33.21803,1.1799442,291.2887,201.57245,424.21088,0.926595044,0.375998841,1.185312414,-28.711304,-38.42755,-22075.79,-1.185312414,0.017226784,0.023056531,-0.03,0,0,-0.6
1773482624,TRUE,0.81827575,1773482624,291.66708,201.41818,12.88741,33.21803,1.1799442,291.3833,201.53387,425.18008,0.926092468,0.377243244,1.183970329,-28.6167,-38.466125,-22074.82,-1.183970329,0.01717002,0.023079677,-0.03,0,0,-0.6
1773482624,TRUE,0.81827575,1773482624,291.66708,201.41818,12.88741,33.21803,1.1799442,291.45425,201.50494,425.9077,0.925715536,0.378176547,1.182963772,-28.545746,-38.495056,-22074.092,-1.182963772,0.017127449,0.023097035,-0.03,0,0,-0.6
1773482624,TRUE,0.81827575,1773482624,291.66708,201.41818,12.88741,33.21803,1.1799442,291.50748,201.48325,426.45386,0.925432837,0.378876525,1.182208859,-28.492523,-38.516754,-22073.547,-1.182208859,0.017095516,0.023110054,-0.03,0,0,-0.6
1773482624,TRUE,0.81827575,1773482624,291.66708,201.41818,12.88741,33.21803,1.1799442,291.5474,201.46698,426.8637,0.925220812,0.379401507,1.181642678,-28.452606,-38.53302,-22073.137,-1.181642678,0.017071564,0.023119813,-0.03,0,0,-0.6
1773482624,TRUE,0.7138124,1773482624,291.78326,200.07228,13.00518,33.596004,1.1717768,291.60638,201.1183,429.36743,0.924276198,0.381679907,1.179176197,-28.393616,-38.8817,-22070.633,-1.179176197,0.01703617,0.02332902,-0.03,0,0,-0.6
1773482624,TRUE,0.7138124,1773482624,291.78326,200.07228,13.00518,33.596004,1.1717768,291.6506,200.8568,431.25003,0.923567737,0.383388707,1.177326324,-28.349396,-39.143204,-22068.75,-1.177326324,0.017009638,0.023485923,-0.03,0,0,-0.6
1773482624,TRUE,0.7138124,1773482624,291.78326,200.07228,13.00518,33.596004,1.1717768,291.68378,200.66066,432.66464,0.923036391,0.384670307,1.17593892,-28.316223,-39.33934,-22067.336,-1.17593892,0.016989734,0.023603605,-0.03,0,0,-0.6
1773482624,TRUE,0.7138124,1773482624,291.78326,200.07228,13.00518,33.596004,1.1717768,291.70865,200.51357,433.72708,0.922637882,0.385631506,1.174898371,-28.291351,-39.486435,-22066.273,-1.174898371,0.016974812,0.023691863,-0.03,0,0,-0.6
1773482624,TRUE,0.7138124,1773482624,291.78326,200.07228,13.00518,33.596004,1.1717768,291.7273,200.40324,434.52475,0.922339,0.386352406,1.174117964,-28.272705,-39.596756,-22065.475,-1.174117964,0.016963623,0.023758056,-0.03,0,0,-0.6
1773482624,TRUE,0.7138124,1773482624,291.78326,200.07228,13.00518,33.596004,1.1717768,291.74127,200.3205,435.12347,0.922114839,0.386893081,1.173532661,-28.258728,-39.679504,-22064.877,-1.173532661,0.016955238,0.023807704,-0.03,0,0,-0.6
1773482624,TRUE,0.7138124,1773482624,291.78326,200.07228,13.00518,33.596004,1.1717768,291.75177,200.25844,435.5728,0.921946718,0.387298587,1.173093686,-28.24823,-39.74156,-22064.428,-1.173093686,0.016948938,0.023844939,-0.03,0,0,-0.6
1773482624,TRUE,0.7138124,1773482624,291.78326,200.07228,13.00518,33.596004,1.1717768,291.75964,200.2119,435.90997,0.921820627,0.387602717,1.172764455,-28.240356,-39.7881,-22064.09,-1.172764455,0.016944215,0.023872862,-0.03,0,0,-0.6
1773482624,TRUE,0.7544867,1773482624,291.7977,199.85164,12.326745,32.9318,1.1457683,291.76917,200.12183,428.34048,0.919122263,0.39378862,1.166015693,-28.230835,-39.878174,-22071.66,-1.166015693,0.016938502,0.023926906,-0.03,0,0,-0.6
1773482624,TRUE,0.7544867,1773482624,291.7977,199.85164,12.326745,32.9318,1.1457683,291.7763,200.05428,422.69724,0.91709849,0.398428047,1.160953696,-28.223694,-39.945724,-22077.303,-1.160953696,0.016934218,0.023967436,-0.03,0,0,-0.6
1773482624,TRUE,0.7544867,1773482624,291.7977,199.85164,12.326745,32.9318,1.1457683,291.78165,200.00362,418.48395,0.91558066,0.401907618,1.157157134,-28.218353,-39.996384,-22081.516,-1.157157134,0.016931012,0.023997832,-0.03,0,0,-0.6
1773482624,TRUE,0.7544867,1773482624,291.7977,199.85164,12.326745,32.9318,1.1457683,291.78568,199.96562,415.33466,0.914442287,0.404517295,1.15430975,-28.214325,-40.034378,-22084.666,-1.15430975,0.016928596,0.024020627,-0.03,0,0,-0.6
1773482624,TRUE,0.7544867,1773482624,291.7977,199.85164,12.326745,32.9318,1.1457683,291.7887,199.93712,412.97873,0.913588508,0.406474554,1.152174264,-28.211304,-40.06288,-22087.021,-1.152174264,0.016926782,0.02403773,-0.03,0,0,-0.6
1773482624,TRUE,0.7544867,1773482624,291.7977,199.85164,12.326745,32.9318,1.1457683,291.79095,199.91574,411.21518,0.912948174,0.407942498,1.150572693,-28.209045,-40.08426,-22088.785,-1.150572693,0.016925428,0.024050556,-0.03,0,0,-0.6
1773482624,TRUE,0.8515091,1773482624,292.17313,197.59123,13.0518675,32.95448,1.1614155,291.8865,199.33461,415.95078,0.91405299,0.405467232,1.153283474,-28.113495,-40.66539,-22084.049,-1.153283474,0.016868098,0.024399236,-0.03,0,0,-0.6
1773482624,TRUE,0.8515091,1773482624,292.17313,197.59123,13.0518675,32.95448,1.1614155,291.95816,198.89877,419.4981,0.914881602,0.403610782,1.155316541,-28.04184,-41.101227,-22080.502,-1.155316541,0.016825104,0.024660738,-0.03,0,0,-0.6
1773482624,TRUE,0.8515091,1773482624,292.17313,197.59123,13.0518675,32.95448,1.1614155,292.0119,198.57188,422.1561,0.915503061,0.402218445,1.156841318,-27.988098,-41.428116,-22077.844,-1.156841318,0.01679286,0.024856871,-0.03,0,0,-0.6
1773482624,TRUE,0.8515091,1773482624,292.17313,197.59123,13.0518675,32.95448,1.1614155,292.05222,198.32672,424.14822,0.915969155,0.401174192,1.157984883,-27.947784,-41.67328,-22075.852,-1.157984883,0.016768672,0.025003968,-0.03,0,0,-0.6
1773482624,TRUE,0.8515091,1773482624,292.17313,197.59123,13.0518675,32.95448,1.1614155,292.08243,198.14285,425.6416,0.916318726,0.400391003,1.158842545,-27.917572,-41.857147,-22074.36,-1.158842545,0.016750544,0.02511429,-0.03,0,0,-0.6
1773482624,TRUE,0.8515091,1773482624,292.17313,197.59123,13.0518675,32.95448,1.1614155,292.1051,198.00496,426.7611,0.916580904,0.39980361,1.159485785,-27.894897,-41.99504,-22073.238,-1.159485785,0.01673694,0.025197025,-0.03,0,0,-0.6
1773482624,TRUE,0.8515091,1773482624,292.17313,197.59123,13.0518675,32.95448,1.1614155,292.1221,197.90154,427.60056,0.916777538,0.399363066,1.159968209,-27.8779,-42.098465,-22072.4,-1.159968209,0.01672674,0.02525908,-0.03,0,0,-0.6
1773482624,TRUE,0.7420564,1773482624,292.31277,196.36052,12.511633,33.02626,1.1392707,292.16977,197.51628,424.00873,0.914665325,0.404086573,1.154793907,-27.83023,-42.48372,-22075.992,-1.154793907,0.016698139,0.025490232,-0.03,0,0,-0.6
1773482624,TRUE,0.7420564,1773482624,292.31277,196.36052,12.511633,33.02626,1.1392707,292.2055,197.22734,421.3126,0.913081166,0.407629203,1.150913007,-27.794495,-42.77266,-22078.688,-1.150913007,0.016676698,0.025663598,-0.03,0,0,-0.6
1773482624,TRUE,0.7420564,1773482624,292.31277,196.36052,12.511633,33.02626,1.1392707,292.23233,197.01064,419.2892,0.911893046,0.410286175,1.148002313,-27.76767,-42.989365,-22080.71,-1.148002313,0.016660603,0.02579362,-0.03,0,0,-0.6
1773482624,TRUE,0.7420564,1773482624,292.31277,196.36052,12.511633,33.02626,1.1392707,292.25244,196.84811,417.77097,0.911001957,0.412278905,1.145819316,-27.747559,-43.151886,-22082.229,-1.145819316,0.016648537,0.025891133,-0.03,0,0,-0.6
1773482624,TRUE,0.7420564,1773482624,292.31277,196.36052,12.511633,33.02626,1.1392707,292.26752,196.72621,416.63184,0.910333639,0.413773452,1.144182095,-27.732483,-43.27379,-22083.367,-1.144182095,0.01663949,0.025964275,-0.03,0,0,-0.6
1773482624,TRUE,0.7420564,1773482624,292.31277,196.36052,12.511633,33.02626,1.1392707,292.27884,196.6348,415.7773,0.909832401,0.414894362,1.1429542,-27.72116,-43.365204,-22084.223,-1.1429542,0.016632697,0.026019124,-0.03,0,0,-0.6
1773482624,TRUE,0.7420564,1773482624,292.31277,196.36052,12.511633,33.02626,1.1392707,292.28732,196.56624,415.13626,0.909456473,0.415735045,1.142033293,-27.712677,-43.43376,-22084.863,-1.142033293,0.016627608,0.026060259,-0.03,0,0,-0.6
1773482624,TRUE,0.7420564,1773482624,292.31277,196.36052,12.511633,33.02626,1.1392707,292.29367,196.51482,414.6554,0.909174526,0.416365557,1.141342622,-27.70633,-43.485184,-22085.344,-1.141342622,0.016623799,0.026091112,-0.03,0,0,-0.6
1773482624,TRUE,0.81834257,1773482624,291.82504,194.33066,12.261858,33.85299,1.0812664,292.1765,195.96878,414.8128,0.902519393,0.429826936,1.126326723,-27.823486,-44.03122,-22085.188,-1.126326723,0.016694093,0.026418732,-0.03,0,0,-0.6
1773482624,TRUE,0.81834257,1773482624,291.82504,194.33066,12.261858,33.85299,1.0812664,292.08865,195.55927,414.9107,0.897528042,0.43992297,1.115060082,-27.911346,-44.440735,-22085.09,-1.115060082,0.016746808,0.026664441,-0.03,0,0,-0.6
1773482624,TRUE,0.81834257,1773482624,291.82504,194.33066,12.261858,33.85299,1.0812664,292.02277,195.2521,414.9728,0.89378453,0.447494995,1.106609377,-27.977234,-44.747894,-22085.027,-1.106609377,0.01678634,0.026848737,-0.03,0,0,-0.6
1773482624,TRUE,0.81834257,1773482624,291.82504,194.33066,12.261858,33.85299,1.0812664,291.97333,195.02176,415.01297,0.890976895,0.453174015,1.100271754,-28.026672,-44.97824,-22084.986,-1.100271754,0.016816005,0.026986945,-0.03,0,0,-0.6
1773482624,TRUE,0.81834257,1773482624,291.82504,194.33066,12.261858,33.85299,1.0812664,291.93625,194.849,415.03952,0.888871169,0.457433279,1.095519109,-28.063751,-45.151,-22084.96,-1.095519109,0.01683825,0.027090602,-0.03,0,0,-0.6
1773482624,TRUE,0.81834257,1773482624,291.82504,194.33066,12.261858,33.85299,1.0812664,291.90845,194.71942,415.05734,0.887291875,0.460627727,1.091955092,-28.091553,-45.28058,-22084.943,-1.091955092,0.016854933,0.027168348,-0.03,0,0,-0.6
1773482624,TRUE,0.84392715,1773482624,289.493,188.1947,12.505657,32.84386,1.0601392,291.3046,193.08824,414.00742,0.883574785,0.467658461,1.08400002,-28.695404,-46.91176,-22085.992,-1.08400002,0.017217243,0.028147057,-0.03,0,0,-0.6
1773482624,TRUE,0.84392715,1773482624,289.493,188.1947,12.505657,32.84386,1.0601392,290.8517,191.86485,413.20642,0.880786967,0.472931512,1.078033699,-29.148285,-48.135147,-22086.793,-1.078033699,0.017488971,0.02888109,-0.03,0,0,-0.6
1773482624,TRUE,0.84392715,1773482624,289.493,188.1947,12.505657,32.84386,1.0601392,290.51205,190.94731,412.59808,0.878696104,0.4768863,1.073559236,-29.487946,-49.05269,-22087.402,-1.073559236,0.017692769,0.029431615,-0.03,0,0,-0.6
1773482624,TRUE,0.84392715,1773482624,289.493,188.1947,12.505657,32.84386,1.0601392,290.2573,190.25916,412.13757,0.877127957,0.479852391,1.070203664,-29.742706,-49.740845,-22087.863,-1.070203664,0.017845625,0.029844508,-0.03,0,0,-0.6
1773482624,TRUE,0.84392715,1773482624,289.493,188.1947,12.505657,32.84386,1.0601392,290.06622,189.74304,411.7898,0.875951846,0.482076959,1.067687193,-29.933777,-50.256958,-22088.21,-1.067687193,0.017960267,0.030154176,-0.03,0,0,-0.6
1773482624,TRUE,0.84392715,1773482624,289.493,188.1947,12.505657,32.84386,1.0601392,289.9229,189.35596,411.5276,0.875069763,0.483745385,1.065799977,-30.077087,-50.644043,-22088.473,-1.065799977,0.018046252,0.030386427,-0.03,0,0,-0.6
1773482624,TRUE,0.84392715,1773482624,289.493,188.1947,12.505657,32.84386,1.0601392,289.81543,189.06564,411.3302,0.874408201,0.484996705,1.064384651,-30.18457,-50.934357,-22088.67,-1.064384651,0.018110743,0.030560615,-0.03,0,0,-0.6
1773482624,TRUE,0.64711183,1773482624,287.4342,185.83385,12.439443,33.636246,1.0822875,289.22012,188.25769,413.1068,0.876564572,0.481074931,1.068860602,-30.779877,-51.74231,-22086.893,-1.068860602,0.018467927,0.031045387,-0.03,0,0,-0.6
1773482624,TRUE,0.64711183,1773482624,287.4342,185.83385,12.439443,33.636246,1.0822875,288.77365,187.65173,414.43704,0.878181851,0.478133601,1.072217555,-31.226349,-52.348267,-22085.562,-1.072217555,0.018735811,0.03140896,-0.03,0,0,-0.6
1773482624,TRUE,0.64711183,1773482624,287.4342,185.83385,12.439443,33.636246,1.0822875,288.43878,187.19727,415.43344,0.879394809,0.475927603,1.074735212,-31.561218,-52.802734,-22084.566,-1.074735212,0.018936733,0.031681642,-0.03,0,0,-0.6
1773482624,TRUE,0.64711183,1773482624,287.4342,185.83385,12.439443,33.636246,1.0822875,288.18762,186.85641,416.18005,0.880304528,0.474273105,1.076623402,-31.812378,-53.143585,-22083.82,-1.076623402,0.019087428,0.031886153,-0.03,0,0,-0.6
1773482624,TRUE,0.64711183,1773482624,287.4342,185.83385,12.439443,33.636246,1.0822875,287.99927,186.60077,416.73956,0.880986818,0.473032231,1.078039504,-32.000732,-53.39923,-22083.26,-1.078039504,0.01920044,0.03203954,-0.03,0,0,-0.6
1773482624,TRUE,0.64711183,1773482624,287.4342,185.83385,12.439443,33.636246,1.0822875,287.858,186.40904,417.159,0.881498535,0.472101576,1.079101556,-32.142,-53.590958,-22082.842,-1.079101556,0.0192852,0.032154575,-0.03,0,0,-0.6
1773482624,TRUE,0.64711183,1773482624,287.4342,185.83385,12.439443,33.636246,1.0822875,287.75204,186.26524,417.47342,0.881882322,0.471403585,1.079898078,-32.247955,-53.734756,-22082.527,-1.079898078,0.019348774,0.032240856,-0.03,0,0,-0.6
1773482624,TRUE,0.8213948,1773482624,287.9715,185.661,12.600347,32.73123,1.0590063,287.8069,186.11418,416.23505,0.879379061,0.475987356,1.074675162,-32.193115,-53.88582,-22083.766,-1.074675162,0.01931587,0.032331493,-0.03,0,0,-0.6
1773482624,TRUE,0.8213948,1773482624,287.9715,185.661,12.600347,32.73123,1.0590063,287.84802,186.00089,415.29587,0.877501615,0.479425185,1.070757826,-32.151978,-53.999115,-22084.705,-1.070757826,0.019291187,0.03239947,-0.03,0,0,-0.6
1773482624,TRUE,0.8213948,1773482624,287.9715,185.661,12.600347,32.73123,1.0590063,287.8789,185.91592,414.58563,0.87609353,0.482003556,1.067819822,-32.121094,-54.084076,-22085.414,-1.067819822,0.019272657,0.03245045,-0.03,0,0,-0.6
1773482624,TRUE,0.8213948,1773482624,287.9715,185.661,12.600347,32.73123,1.0590063,287.90204,185.8522,414.04965,0.875037466,0.483937335,1.065616351,-32.09796,-54.147797,-22085.951,-1.065616351,0.019258779,0.03248868,-0.03,0,0,-0.6
1773482624,TRUE,0.8213948,1773482624,287.9715,185.661,12.600347,32.73123,1.0590063,287.9194,185.80441,413.6458,0.874245419,0.485387669,1.06396378,-32.080597,-54.195587,-22086.354,-1.06396378,0.019248359,0.032517355,-0.03,0,0,-0.6
1773482624,TRUE,0.8213948,1773482624,287.9715,185.661,12.600347,32.73123,1.0590063,287.93243,185.76855,413.34192,0.873651383,0.486475419,1.062724377,-32.067566,-54.231445,-22086.658,-1.062724377,0.019240541,0.03253887,-0.03,0,0,-0.6
1773482624,TRUE,0.81099164,1773482624,287.78326,185.65334,12.756049,32.79133,1.0568317,287.89514,185.73975,414.58133,0.872939093,0.487764938,1.061251174,-32.10486,-54.260254,-22085.418,-1.061251174,0.019262915,0.032556154,-0.03,0,0,-0.6
1773482624,TRUE,0.81099164,1773482624,287.78326,185.65334,12.756049,32.79133,1.0568317,287.8672,185.71814,415.50955,0.872404875,0.488732076,1.060146285,-32.132812,-54.28186,-22084.49,-1.060146285,0.019279689,0.032569118,-0.03,0,0,-0.6
1773482624,TRUE,0.81099164,1773482624,287.78326,185.65334,12.756049,32.79133,1.0568317,287.8462,185.70193,416.20505,0.872004212,0.48945743,1.059317628,-32.15381,-54.298065,-22083.795,-1.059317628,0.019292286,0.03257884,-0.03,0,0,-0.6
1773482624,TRUE,0.81099164,1773482624,287.78326,185.65334,12.756049,32.79133,1.0568317,287.83044,185.68979,416.72626,0.871703714,0.490001446,1.058696141,-32.169556,-54.31021,-22083.273,-1.058696141,0.019301735,0.032586128,-0.03,0,0,-0.6
1773482624,TRUE,0.81099164,1773482624,287.78326,185.65334,12.756049,32.79133,1.0568317,287.81866,185.68066,417.11694,0.871478341,0.490409457,1.05823003,-32.181335,-54.319336,-22082.883,-1.05823003,0.019308802,0.032591604,-0.03,0,0,-0.6
1773482624,TRUE,0.81099164,1773482624,287.78326,185.65334,12.756049,32.79133,1.0568317,287.8098,185.67383,417.40982,0.871309311,0.490715466,1.057880449,-32.190186,-54.32617,-22082.59,-1.057880449,0.019314112,0.032595705,-0.03,0,0,-0.6
1773482624,TRUE,0.81099164,1773482624,287.78326,185.65334,12.756049,32.79133,1.0568317,287.80316,185.6687,417.62943,0.871182539,0.490944973,1.057618264,-32.19684,-54.3313,-22082.371,-1.057618264,0.019318104,0.032598782,-0.03,0,0,-0.6
1773482624,TRUE,0.8330576,1773482624,288.78537,185.17992,12.716269,32.445526,1.0698231,288.0487,185.54651,416.36755,0.872665799,0.488278569,1.060669472,-31.951294,-54.45349,-22083.633,-1.060669472,0.019170778,0.032672096,-0.03,0,0,-0.6
1773482624,TRUE,0.8330576,1773482624,288.78537,185.17992,12.716269,32.445526,1.0698231,288.23288,185.45486,415.42163,0.873778244,0.486278766,1.062957912,-31.76712,-54.545135,-22084.578,-1.062957912,0.019060273,0.03272708,-0.03,0,0,-0.6
1773482624,TRUE,0.8330576,1773482624,288.78537,185.17992,12.716269,32.445526,1.0698231,288.371,185.38614,414.71243,0.874612577,0.484778914,1.064674244,-31.628998,-54.61386,-22085.287,-1.064674244,0.0189774,0.032768317,-0.03,0,0,-0.6
1773482624,TRUE,0.8330576,1773482624,288.78537,185.17992,12.716269,32.445526,1.0698231,288.4746,185.3346,414.1807,0.875238328,0.483654025,1.065961488,-31.52539,-54.665405,-22085.818,-1.065961488,0.018915236,0.032799244,-0.03,0,0,-0.6
1773482624,TRUE,0.8330576,1773482624,288.78537,185.17992,12.716269,32.445526,1.0698231,288.5523,185.29593,413.7819,0.87570764,0.482810358,1.066926915,-31.447693,-54.70407,-22086.219,-1.066926915,0.018868616,0.032822445,-0.03,0,0,-0.6
1773482624,TRUE,0.8330576,1773482624,288.78537,185.17992,12.716269,32.445526,1.0698231,288.61057,185.26694,413.48288,0.876059625,0.482177608,1.06765098,-31.389435,-54.733063,-22086.518,-1.06765098,0.018833661,0.03283984,-0.03,0,0,-0.6
1773482624,TRUE,0.8330576,1773482624,288.78537,185.17992,12.716269,32.445526,1.0698231,288.65427,185.24518,413.25864,0.876323613,0.481703046,1.068194026,-31.345734,-54.75482,-22086.742,-1.068194026,0.018807441,0.032852896,-0.03,0,0,-0.6
1773482624,TRUE,0.8138887,1773482624,289.27887,185.60124,11.992601,32.233776,1.0425645,288.81042,185.3342,406.55035,0.873167609,0.487279022,1.061786865,-31.189575,-54.665802,-22093.45,-1.061786865,0.018713746,0.032799482,-0.03,0,0,-0.6
1773482624,TRUE,0.8138887,1773482624,289.27887,185.60124,11.992601,32.233776,1.0425645,288.92755,185.40096,401.53464,0.870800606,0.491461004,1.05698114,-31.072449,-54.599045,-22098.465,-1.05698114,0.01864347,0.032759428,-0.03,0,0,-0.6
1773482624,TRUE,0.8138887,1773482624,289.27887,185.60124,11.992601,32.233776,1.0425645,289.01538,185.45103,397.78156,0.869025354,0.49459749,1.053376796,-30.98462,-54.548965,-22102.219,-1.053376796,0.018590773,0.03272938,-0.03,0,0,-0.6
1773482624,TRUE,0.8138887,1773482624,289.27887,185.60124,11.992601,32.233776,1.0425645,289.08124,185.48859,394.97162,0.867693915,0.496949855,1.050673574,-30.918762,-54.511414,-22105.03,-1.050673574,0.018551258,0.03270685,-0.03,0,0,-0.6
1773482624,TRUE,0.8138887,1773482624,289.27887,185.60124,11.992601,32.233776,1.0425645,289.13065,185.51675,392.86688,0.866695336,0.498714129,1.048646204,-30.869354,-54.483246,-22107.133,-1.048646204,0.018521613,0.032689948,-0.03,0,0,-0.6
1773482624,TRUE,0.8138887,1773482624,289.27887,185.60124,11.992601,32.233776,1.0425645,289.16772,185.53789,391.28983,0.865946401,0.500037334,1.047125714,-30.832275,-54.462112,-22108.71,-1.047125714,0.018499367,0.03267727,-0.03,0,0,-0.6
1773482624,TRUE,0.8138887,1773482624,289.27887,185.60124,11.992601,32.233776,1.0425645,289.1955,185.55373,390.10797,0.8653847,0.501029738,1.045985372,-30.804504,-54.446274,-22109.893,-1.045985372,0.018482704,0.032667767,-0.03,0,0,-0.6
1773482624,TRUE,0.84459424,1773482624,290.481,185.2957,12.200232,31.668867,1.0415071,289.51688,185.48923,389.18536,0.864830071,0.502002286,1.044865779,-30.483124,-54.510773,-22110.814,-1.044865779,0.018289875,0.032706466,-0.03,0,0,-0.6
1773482624,TRUE,0.84459424,1773482624,290.481,185.2957,12.200232,31.668867,1.0415071,289.7579,185.44084,388.48788,0.8644141,0.502731698,1.044026096,-30.242096,-54.55916,-22111.512,-1.044026096,0.018145258,0.032735497,-0.03,0,0,-0.6
1773482624,TRUE,0.84459424,1773482624,290.481,185.2957,12.200232,31.668867,1.0415071,289.93866,185.40456,387.96176,0.864102121,0.503278756,1.043396342,-30.06134,-54.595444,-22112.04,-1.043396342,0.018036805,0.032757267,-0.03,0,0,-0.6
1773482624,TRUE,0.84459424,1773482624,290.481,185.2957,12.200232,31.668867,1.0415071,290.07425,185.37735,387.56543,0.863868137,0.50368905,1.042924031,-29.92575,-54.62265,-22112.434,-1.042924031,0.017955452,0.03277359,-0.03,0,0,-0.6
1773482624,TRUE,0.84459424,1773482624,290.481,185.2957,12.200232,31.668867,1.0415071,290.17593,185.35695,387.2672,0.863692649,0.503996771,1.042569801,-29.824066,-54.64305,-22112.732,-1.042569801,0.017894441,0.032785833,-0.03,0,0,-0.6
1773482624,TRUE,0.84459424,1773482624,290.481,185.2957,12.200232,31.668867,1.0415071,290.2522,185.34164,387.04297,0.863561033,0.504227561,1.04230413,-29.747803,-54.658356,-22112.957,-1.04230413,0.017848682,0.032795016,-0.03,0,0,-0.6
1773482624,TRUE,0.84459424,1773482624,290.481,185.2957,12.200232,31.668867,1.0415071,290.3094,185.33015,386.87454,0.863462321,0.504400654,1.042104877,-29.690613,-54.669846,-22113.125,-1.042104877,0.017814368,0.032801908,-0.03,0,0,-0.6
1773482624,TRUE,0.8486133,1773482624,291.2329,185.00522,11.804628,31.30477,1.0293691,290.54028,185.24893,382.50946,0.861840247,0.50714039,1.038920954,-29.459717,-54.75107,-22117.49,-1.038920954,0.01767583,0.03285064,-0.03,0,0,-0.6
1773482625,TRUE,0.8486133,1773482624,291.2329,185.00522,11.804628,31.30477,1.0293691,290.71344,185.18802,379.24957,0.860623692,0.509195192,1.036532972,-29.28656,-54.81198,-22120.75,-1.036532972,0.017571937,0.03288719,-0.03,0,0,-0.6
1773482625,TRUE,0.8486133,1773482624,291.2329,185.00522,11.804628,31.30477,1.0293691,290.84332,185.14233,376.8124,0.859711276,0.510736294,1.034741982,-29.156677,-54.857666,-22123.188,-1.034741982,0.017494008,0.0329146,-0.03,0,0,-0.6
1773482625,TRUE,0.8486133,1773482624,291.2329,185.00522,11.804628,31.30477,1.0293691,290.94073,185.10806,374.98895,0.859026964,0.51189212,1.033398745,-29.059265,-54.891937,-22125.012,-1.033398745,0.01743556,0.032935165,-0.03,0,0,-0.6
1773482625,TRUE,0.8486133,1773482624,291.2329,185.00522,11.804628,31.30477,1.0293691,291.0138,185.08237,373.62384,0.85851373,0.51275899,1.032391324,-28.986206,-54.917633,-22126.377,-1.032391324,0.017391725,0.03295058,-0.03,0,0,-0.6
1773482625,TRUE,0.8486133,1773482624,291.2329,185.00522,11.804628,31.30477,1.0293691,291.06857,185.06308,372.6014,0.858128804,0.513409142,1.031635763,-28.931427,-54.93692,-22127.398,-1.031635763,0.017358856,0.032962155,-0.03,0,0,-0.6
1773482625,TRUE,0.8486133,1773482624,291.2329,185.00522,11.804628,31.30477,1.0293691,291.10965,185.04861,371.83533,0.85784011,0.513896756,1.031069096,-28.89035,-54.951385,-22128.164,-1.031069096,0.017334212,0.032970835,-0.03,0,0,-0.6
1773482625,TRUE,0.8542935,1773482625,293.36987,185.41942,11.667995,31.608467,1.0071275,291.6747,185.14133,371.08694,0.854705232,0.518995324,1.025083871,-28.325287,-54.858673,-22128.912,-1.025083871,0.016995173,0.032915205,-0.03,0,0,-0.6
1773482625,TRUE,0.8542935,1773482625,293.36987,185.41942,11.667995,31.608467,1.0071275,292.0985,185.21085,370.5219,0.852354073,0.52281925,1.020594668,-27.90149,-54.789154,-22129.479,-1.020594668,0.016740894,0.032873493,-0.03,0,0,-0.6
1773482625,TRUE,0.8542935,1773482625,293.36987,185.41942,11.667995,31.608467,1.0071275,292.41635,185.263,370.096,0.850590703,0.525687195,1.017227727,-27.583649,-54.737,-22129.904,-1.017227727,0.01655019,0.0328422,-0.03,0,0,-0.6
1773482625,TRUE,0.8542935,1773482625,293.36987,185.41942,11.667995,31.608467,1.0071275,292.65472,185.30211,369.77542,0.849268176,0.527838153,1.014702552,-27.345276,-54.69789,-22130.225,-1.014702552,0.016407166,0.032818735,-0.03,0,0,-0.6
1773482625,TRUE,0.8542935,1773482625,293.36987,185.41942,11.667995,31.608467,1.0071275,292.8335,185.33144,369.53427,0.848276281,0.529451372,1.012808709,-27.166504,-54.668564,-22130.465,-1.012808709,0.016299903,0.03280114,-0.03,0,0,-0.6
1773482625,TRUE,0.8542935,1773482625,293.36987,185.41942,11.667995,31.608467,1.0071275,292.9676,185.35344,369.35306,0.84753236,0.530661286,1.011388358,-27.03241,-54.64656,-22130.646,-1.011388358,0.016219446,0.032787938,-0.03,0,0,-0.6
1773482625,TRUE,0.8542935,1773482625,293.36987,185.41942,11.667995,31.608467,1.0071275,293.06818,185.36993,369.21692,0.846974419,0.531568722,1.010323115,-26.931824,-54.630066,-22130.783,-1.010323115,0.016159095,0.03277804,-0.03,0,0,-0.6
1773482625,TRUE,0.8270378,1773482625,294.66428,186.06366,11.394885,29.891745,1.0237997,293.4672,185.54337,361.9718,0.848753433,0.528707657,1.0136923,-26.532806,-54.456635,-22138.027,-1.0136923,0.015919685,0.03267398,-0.03,0,0,-0.6
1773482625,TRUE,0.8270378,1773482625,294.66428,186.06366,11.394885,29.891745,1.0237997,293.76648,185.67345,356.57916,0.850087694,0.526561858,1.016219205,-26.23352,-54.326553,-22143.42,-1.016219205,0.015740113,0.032595932,-0.03,0,0,-0.6
1773482625,TRUE,0.8270378,1773482625,294.66428,186.06366,11.394885,29.891745,1.0237997,293.99094,185.771,352.55786,0.85108839,0.524952509,1.01811437,-26.009064,-54.229004,-22147.441,-1.01811437,0.015605439,0.032537404,-0.03,0,0,-0.6
1773482625,TRUE,0.8270378,1773482625,294.66428,186.06366,11.394885,29.891745,1.0237997,294.15927,185.84416,349.5549,0.851838912,0.523745497,1.019535729,-25.840729,-54.155838,-22150.445,-1.019535729,0.015504438,0.032493506,-0.03,0,0,-0.6
1773482625,TRUE,0.8270378,1773482625,294.66428,186.06366,11.394885,29.891745,1.0237997,294.28552,185.89903,347.31,0.852401803,0.522840239,1.020601734,-25.714478,-54.100967,-22152.69,-1.020601734,0.015428687,0.03246058,-0.03,0,0,-0.6
1773482625,TRUE,0.8270378,1773482625,294.66428,186.06366,11.394885,29.891745,1.0237997,294.38022,185.94019,345.63046,0.852823972,0.522161294,1.021401229,-25.619781,-54.059814,-22154.37,-1.021401229,0.015371869,0.03243589,-0.03,0,0,-0.6
1773482625,TRUE,0.8270378,1773482625,294.66428,186.06366,11.394885,29.891745,1.0237997,294.45123,185.97105,344.3731,0.853140598,0.521652086,1.022000845,-25.548767,-54.028946,-22155.627,-1.022000845,0.015329261,0.03241737,-0.03,0,0,-0.6
1773482625,TRUE,0.8642357,1773482625,296.89606,185.20703,11.441847,32.299652,0.95576614,295.06244,185.78004,350.66882,0.844044457,0.535484859,1.005446523,-24.937561,-54.219955,-22149.332,-1.005446523,0.014962537,0.032531973,-0.03,0,0,-0.6
1773482625,TRUE,0.8642357,1773482625,296.89606,185.20703,11.441847,32.299652,0.95576614,295.52084,185.6368,355.39188,0.83722235,0.545859438,0.993024406,-24.479156,-54.363205,-22144.607,-0.993024406,0.014687494,0.032617923,-0.03,0,0,-0.6
1773482625,TRUE,0.8642357,1773482625,296.89606,185.20703,11.441847,32.299652,0.95576614,295.86462,185.52936,358.93488,0.83210577,0.553640373,0.983706816,-24.135376,-54.470642,-22141.064,-0.983706816,0.014481226,0.032682385,-0.03,0,0,-0.6
1773482625,TRUE,0.8642357,1773482625,296.89606,185.20703,11.441847,32.299652,0.95576614,296.1225,185.44878,361.59253,0.828268335,0.559476074,0.976719151,-23.877502,-54.551224,-22138.408,-0.976719151,0.014326503,0.032730736,-0.03,0,0,-0.6
1773482625,TRUE,0.8642357,1773482625,296.89606,185.20703,11.441847,32.299652,0.95576614,296.3159,185.38834,363.586,0.825390259,0.56385285,0.97147916,-23.684113,-54.611664,-22136.414,-0.97147916,0.014210468,0.032767,-0.03,0,0,-0.6
1773482625,TRUE,0.8642357,1773482625,296.89606,185.20703,11.441847,32.299652,0.95576614,296.46094,185.34302,365.08127,0.823231702,0.567135431,0.967549785,-23.539062,-54.656982,-22134.918,-0.967549785,0.014123438,0.032794192,-0.03,0,0,-0.6
1773482625,TRUE,0.8038495,1773482625,298.32974,184.91658,11.318446,32.76692,0.95905656,296.92813,185.2364,366.54822,0.822086307,0.568924721,0.965425972,-23.071869,-54.763596,-22133.451,-0.965425972,0.013843122,0.03285816,-0.03,0,0,-0.6
1773482625,TRUE,0.8038495,1773482625,298.32974,184.91658,11.318446,32.76692,0.95905656,297.27853,185.15645,367.63986,0.82122726,0.570266689,0.963833324,-22.721466,-54.84355,-22132.36,-0.963833324,0.013632881,0.032906134,-0.03,0,0,-0.6
1773482625,TRUE,0.8038495,1773482625,298.32974,184.91658,11.318446,32.76692,0.95905656,297.54132,185.09648,368.45377,0.820582975,0.571273165,0.962638963,-22.45868,-54.90352,-22131.547,-0.962638963,0.013475209,0.032942113,-0.03,0,0,-0.6
1773482625,TRUE,0.8038495,1773482625,298.32974,184.91658,11.318446,32.76692,0.95905656,297.73843,185.0515,369.06143,0.820099761,0.572028022,0.961743264,-22.261566,-54.9485,-22130.94,-0.961743264,0.01335694,0.032969102,-0.03,0,0,-0.6
1773482625,TRUE,0.8038495,1773482625,298.32974,184.91658,11.318446,32.76692,0.95905656,297.88626,185.01776,369.51572,0.819737351,0.572594164,0.961071532,-22.113739,-54.98224,-22130.484,-0.961071532,0.013268244,0.032989345,-0.03,0,0,-0.6
1773482625,TRUE,0.8038495,1773482625,298.32974,184.91658,11.318446,32.76692,0.95905656,297.99713,184.99246,369.85556,0.819465543,0.573018771,0.960567757,-22.002869,-55.007538,-22130.145,-0.960567757,0.013201722,0.033004526,-0.03,0,0,-0.6
1773482625,TRUE,0.8038495,1773482625,298.32974,184.91658,11.318446,32.76692,0.95905656,298.0803,184.9735,370.10995,0.819261687,0.573337226,0.960189939,-21.919708,-55.026505,-22129.89,-0.960189939,0.013151825,0.033015903,-0.03,0,0,-0.6
1773482625,TRUE,0.82243043,1773482625,301.29767,185.0077,11.656968,32.637093,0.9431117,298.88464,184.98204,372.69583,0.816793626,0.57682099,0.95592031,-21.115356,-55.01796,-22127.305,-0.95592031,0.012669214,0.033010777,-0.03,0,0,-0.6
1773482625,TRUE,0.82243043,1773482625,301.29767,185.0077,11.656968,32.637093,0.9431117,299.4879,184.98845,374.6348,0.81494258,0.579433813,0.952718044,-20.512085,-55.01155,-22125.365,-0.952718044,0.012307252,0.033006933,-0.03,0,0,-0.6
1773482625,TRUE,0.82243043,1773482625,301.29767,185.0077,11.656968,32.637093,0.9431117,299.94037,184.99326,376.08878,0.813554295,0.58139343,0.950316363,-20.059631,-55.006744,-22123.912,-0.950316363,0.01203578,0.03300405,-0.03,0,0,-0.6
1773482625,TRUE,0.82243043,1773482625,301.29767,185.0077,11.656968,32.637093,0.9431117,300.2797,184.99686,377.17914,0.812513082,0.582863142,0.948515133,-19.720306,-55.003143,-22122.82,-0.948515133,0.011832184,0.03300189,-0.03,0,0,-0.6
1773482625,TRUE,0.82243043,1773482625,301.29767,185.0077,11.656968,32.637093,0.9431117,300.53418,184.99957,377.99683,0.811732172,0.583965427,0.947164234,-19.46582,-55.000427,-22122.004,-0.947164234,0.011679493,0.033000257,-0.03,0,0,-0.6
1773482625,TRUE,0.82243043,1773482625,301.29767,185.0077,11.656968,32.637093,0.9431117,300.72504,185.0016,378.61005,0.811146489,0.584792141,0.946151078,-19.274963,-54.998398,-22121.39,-0.946151078,0.011564978,0.03299904,-0.03,0,0,-0.6
1773482625,TRUE,0.82243043,1773482625,301.29767,185.0077,11.656968,32.637093,0.9431117,300.8682,185.00313,379.06998,0.810707227,0.585412176,0.945391221,-19.131805,-54.996872,-22120.93,-0.945391221,0.011479083,0.032998126,-0.03,0,0,-0.6
1773482625,TRUE,0.8016007,1773482625,303.3878,184.20137,12.015178,32.577686,0.9554247,301.4981,184.80269,382.16376,0.812170169,0.583374631,0.947899625,-18.501892,-55.19731,-22117.836,-0.947899625,0.011101136,0.03311839,-0.03,0,0,-0.6
1773482625,TRUE,0.8016007,1773482625,303.3878,184.20137,12.015178,32.577686,0.9554247,301.97052,184.65236,384.48212,0.813267374,0.581846472,0.949780932,-18.02948,-55.34764,-22115.518,-0.949780932,0.010817689,0.033208586,-0.03,0,0,-0.6
1773482625,TRUE,0.8016007,1773482625,303.3878,184.20137,12.015178,32.577686,0.9554247,302.32483,184.53961,386.21973,0.814090279,0.580700353,0.951191904,-17.67517,-55.46039,-22113.781,-0.951191904,0.010605103,0.033276234,-0.03,0,0,-0.6
1773482625,TRUE,0.8016007,1773482625,303.3878,184.20137,12.015178,32.577686,0.9554247,302.59058,184.45505,387.52228,0.814707457,0.579840764,0.952250126,-17.409424,-55.544952,-22112.479,-0.952250126,0.010445654,0.033326972,-0.03,0,0,-0.6
1773482625,TRUE,0.8016007,1773482625,303.3878,184.20137,12.015178,32.577686,0.9554247,302.7899,184.39162,388.49887,0.815170341,0.579196072,0.953043786,-17.210114,-55.608383,-22111.502,-0.953043786,0.010326069,0.03336503,-0.03,0,0,-0.6
1773482625,TRUE,0.8016007,1773482625,303.3878,184.20137,12.015178,32.577686,0.9554247,302.93936,184.34406,389.23108,0.815517504,0.578712553,0.953639028,-17.060638,-55.655945,-22110.77,-0.953639028,0.010236383,0.03339357,-0.03,0,0,-0.6
1773482625,TRUE,0.8016007,1773482625,303.3878,184.20137,12.015178,32.577686,0.9554247,303.05148,184.30838,389.78015,0.815777876,0.578349914,0.954085456,-16.948517,-55.69162,-22110.22,-0.954085456,0.01016911,0.033414975,-0.03,0,0,-0.6
1773482625,TRUE,0.6519532,1773482625,305.77228,183.71136,11.933105,34.10991,0.93579966,303.7317,184.15913,394.10257,0.813101825,0.582056143,0.949514072,-16.26831,-55.840866,-22105.896,-0.949514072,0.009760987,0.03350452,-0.03,0,0,-0.6
1773482625,TRUE,0.6519532,1773482625,305.77228,183.71136,11.933105,34.10991,0.93579966,304.24182,184.0472,397.3408,0.811094787,0.584835816,0.946085411,-15.758179,-55.952805,-22102.66,-0.946085411,0.009454908,0.033571683,-0.03,0,0,-0.6
1773482625,TRUE,0.6519532,1773482625,305.77228,183.71136,11.933105,34.10991,0.93579966,304.62445,183.96324,399.76746,0.809589508,0.58692057,0.943513901,-15.375549,-56.03676,-22100.232,-0.943513901,0.00922533,0.033622056,-0.03,0,0,-0.6
1773482625,TRUE,0.6519532,1773482625,305.77228,183.71136,11.933105,34.10991,0.93579966,304.9114,183.90027,401.5863,0.808460549,0.588484135,0.941585283,-15.088593,-56.09973,-22098.414,-0.941585283,0.009053156,0.033659842,-0.03,0,0,-0.6
1773482625,TRUE,0.6519532,1773482625,305.77228,183.71136,11.933105,34.10991,0.93579966,305.12665,183.85304,402.94986,0.80761383,0.58965681,0.940138837,-14.873352,-56.146957,-22097.05,-0.940138837,0.008924012,0.033688176,-0.03,0,0,-0.6
1773482625,TRUE,0.6519532,1773482625,305.77228,183.71136,11.933105,34.10991,0.93579966,305.28806,183.81763,403.97214,0.806978791,0.590536315,0.939054018,-14.711945,-56.182373,-22096.027,-0.939054018,0.008827168,0.033709425,-0.03,0,0,-0.6
1773482625,TRUE,0.6519532,1773482625,305.77228,183.71136,11.933105,34.10991,0.93579966,305.40912,183.79106,404.73868,0.806502511,0.591195945,0.938240412,-14.590881,-56.20894,-22095.262,-0.938240412,0.008754529,0.033725366,-0.03,0,0,-0.6
1773482625,TRUE,0.7556726,1773482625,309.82922,181.62883,12.482822,35.907917,0.88636756,306.51416,183.2505,415.40717,0.798571965,0.601454592,0.925274181,-13.48584,-56.749496,-22084.594,-0.925274181,0.008091505,0.0340497,-0.03,0,0,-0.6
1773482625,TRUE,0.7556726,1773482625,309.82922,181.62883,12.482822,35.907917,0.88636756,307.34293,182.8451,423.49817,0.792624054,0.609148578,0.915546493,-12.657074,-57.154907,-22076.502,-0.915546493,0.007594245,0.034292948,-0.03,0,0,-0.6
1773482625,TRUE,0.7556726,1773482625,309.82922,181.62883,12.482822,35.907917,0.88636756,307.9645,182.54103,429.61685,0.788163122,0.614919067,0.908250273,-12.035492,-57.45897,-22070.383,-0.908250273,0.007221296,0.034475382,-0.03,0,0,-0.6
1773482625,TRUE,0.7556726,1773482625,309.82922,181.62883,12.482822,35.907917,0.88636756,308.4307,182.31299,434.23422,0.784817422,0.619246934,0.902778376,-11.569305,-57.68701,-22065.766,-0.902778376,0.006941584,0.03461221,-0.03,0,0,-0.6
1773482625,TRUE,0.7556726,1773482625,309.82922,181.62883,12.482822,35.907917,0.88636756,308.78033,182.14195,437.7132,0.782308148,0.622492834,0.898674825,-11.219666,-57.858047,-22062.287,-0.898674825,0.0067318,0.03471483,-0.03,0,0,-0.6
1773482625,TRUE,0.7556726,1773482625,309.82922,181.62883,12.482822,35.907917,0.88636756,309.04254,182.01367,440.3314,0.780426192,0.624927259,0.895597465,-10.9574585,-57.98633,-22059.668,-0.895597465,0.006574475,0.034791797,-0.03,0,0,-0.6
1773482625,TRUE,0.7025127,1773482625,312.41232,180.37329,13.698677,35.583878,0.85871226,309.88498,181.60358,452.1036,0.774570085,0.632048653,0.88637556,-10.115021,-58.396423,-22047.896,-0.88637556,0.006069013,0.035037857,-0.03,0,0,-0.6
1773482625,TRUE,0.7025127,1773482625,312.41232,180.37329,13.698677,35.583878,0.85871226,310.5168,181.296,460.93628,0.770178004,0.637389698,0.879458623,-9.483185,-58.703995,-22039.064,-0.879458623,0.005689911,0.0352224,-0.03,0,0,-0.6
1773482625,TRUE,0.7025127,1773482625,312.41232,180.37329,13.698677,35.583878,0.85871226,310.9907,181.06532,467.5627,0.766883944,0.641395482,0.874271081,-9.009308,-58.934677,-22032.438,-0.874271081,0.005405585,0.03536081,-0.03,0,0,-0.6
1773482625,TRUE,0.7025127,1773482625,312.41232,180.37329,13.698677,35.583878,0.85871226,311.3461,180.89232,472.53366,0.764413398,0.64439982,0.870380703,-8.6539,-59.10768,-22027.467,-0.870380703,0.00519234,0.03546461,-0.03,0,0,-0.6
1773482625,TRUE,0.7025127,1773482625,312.41232,180.37329,13.698677,35.583878,0.85871226,311.61267,180.76256,476.26248,0.762560489,0.646653074,0.867463155,-8.387329,-59.237442,-22023.738,-0.867463155,0.005032398,0.035542466,-0.03,0,0,-0.6
1773482625,TRUE,0.7025127,1773482625,312.41232,180.37329,13.698677,35.583878,0.85871226,311.8126,180.66524,479.05942,0.761170808,0.648343014,0.865275161,-8.187408,-59.334763,-22020.941,-0.865275161,0.004912445,0.03560086,-0.03,0,0,-0.6
1773482625,TRUE,0.7025127,1773482625,312.41232,180.37329,13.698677,35.583878,0.85871226,311.96252,180.59225,481.15732,0.760128546,0.649610469,0.863634273,-8.037476,-59.407745,-22018.842,-0.863634273,0.004822486,0.03564465,-0.03,0,0,-0.6
1773482625,TRUE,0.6575011,1773482625,316.5451,178.02435,13.110184,35.794945,0.82124954,313.10815,179.95027,478.20425,0.753095841,0.657534621,0.853038443,-6.8918457,-60.04973,-22021.795,-0.853038443,0.004135108,0.036029838,-0.03,0,0,-0.6
1773482625,TRUE,0.6575011,1773482625,316.5451,178.02435,13.110184,35.794945,0.82124954,313.9674,179.4688,475.98215,0.747821312,0.663477734,0.845090245,-6.032593,-60.531204,-22024.018,-0.845090245,0.003619556,0.036318723,-0.03,0,0,-0.6
1773482625,TRUE,0.6575011,1773482625,316.5451,178.02435,13.110184,35.794945,0.82124954,314.61182,179.10768,474.31146,0.743865415,0.66793507,0.839129028,-5.3881836,-60.89232,-22025.69,-0.839129028,0.00323291,0.036535393,-0.03,0,0,-0.6
1773482625,TRUE,0.6575011,1773482625,316.5451,178.02435,13.110184,35.794945,0.82124954,315.09515,178.83685,473.05615,0.740898492,0.671278071,0.834658363,-4.904846,-61.163147,-22026.943,-0.834658363,0.002942908,0.03669789,-0.03,0,0,-0.6
1773482625,TRUE,0.6575011,1773482625,316.5451,178.02435,13.110184,35.794945,0.82124954,315.45764,178.63373,472.1134,0.7386733,0.673785322,0.831305624,-4.5423584,-61.366272,-22027.887,-0.831305624,0.002725415,0.036819763,-0.03,0,0,-0.6
1773482625,TRUE,0.6575011,1773482625,316.5451,178.02435,13.110184,35.794945,0.82124954,315.7295,178.48138,471.40558,0.737004406,0.675665761,0.828791266,-4.270508,-61.518616,-22028.594,-0.828791266,0.002562305,0.03691117,-0.03,0,0,-0.6
1773482625,TRUE,0.6575011,1773482625,316.5451,178.02435,13.110184,35.794945,0.82124954,315.9334,178.36713,470.87424,0.735752736,0.677076089,0.82690563,-4.0665894,-61.632874,-22029.125,-0.82690563,0.002439954,0.036979727,-0.03,0,0,-0.6
1773482625,TRUE,0.71596384,1773482625,319.0307,176.87596,13.970452,35.321518,0.77301884,316.70773,177.99434,476.5872,0.726389382,0.686758538,0.813435185,-3.2922668,-62.00566,-22023.412,-0.813435185,0.00197536,0.037203398,-0.03,0,0,-0.6
1773482625,TRUE,0.71596384,1773482625,319.0307,176.87596,13.970452,35.321518,0.77301884,317.28845,177.71475,480.84253,0.719366866,0.694020374,0.803329396,-2.7115479,-62.285248,-22019.158,-0.803329396,0.001626929,0.03737115,-0.03,0,0,-0.6
1773482625,TRUE,0.71596384,1773482625,319.0307,176.87596,13.970452,35.321518,0.77301884,317.724,177.50507,484.01752,0.714099979,0.699466751,0.795749783,-2.276001,-62.494934,-22015.982,-0.795749783,0.001365601,0.03749696,-0.03,0,0,-0.6
1773482625,TRUE,0.71596384,1773482625,319.0307,176.87596,13.970452,35.321518,0.77301884,318.05066,177.3478,486.3895,0.710149814,0.703551534,0.790065508,0,-62.652206,-22013.611,-0.790065508,0,0.037591327,-0.03,0,0,-0.6
1773482625,TRUE,0.71596384,1773482625,319.0307,176.87596,13.970452,35.321518,0.77301884,318.29565,177.22984,488.16324,0.70718719,0.706615121,0.785802795,0,-62.770157,-22011.836,-0.785802795,0,0.037662096,-0.03,0,0,-0.6
1773482625,TRUE,0.71596384,1773482625,319.0307,176.87596,13.970452,35.321518,0.77301884,318.47943,177.14137,489.49057,0.704965222,0.708912812,0.782606141,0,-62.858627,-22010.51,-0.782606141,0,0.037715178,-0.03,0,0,-0.6
1773482625,TRUE,0.71596384,1773482625,319.0307,176.87596,13.970452,35.321518,0.77301884,318.61725,177.07503,490.48444,0.703298746,0.710636079,0.780208909,0,-62.924973,-22009.516,-0.780208909,0,0.037754986,-0.03,0,0,-0.6
1773482625,TRUE,0.70111245,1773482625,320.9235,175.60547,13.712429,36.250942,0.77471507,319.19382,176.70764,492.16,0.702352181,0.711632154,0.778835262,0,-63.29236,-22007.84,-0.778835262,0,0.037975416,-0.03,0,0,-0.6
1773482625,TRUE,0.70111245,1773482625,320.9235,175.60547,13.712429,36.250942,0.77471507,319.62622,176.4321,493.40594,0.701642257,0.71237921,0.777805105,0,-63.5679,-22006.594,-0.777805105,0,0.038140744,-0.03,0,0,-0.6
1773482625,TRUE,0.70111245,1773482625,320.9235,175.60547,13.712429,36.250942,0.77471507,319.95053,176.22543,494.33435,0.701109813,0.712939502,0.777032534,0,-63.774567,-22005.666,-0.777032534,0,0.03826474,-0.03,0,0,-0.6
1773482625,TRUE,0.70111245,1773482625,320.9235,175.60547,13.712429,36.250942,0.77471507,320.19376,176.07043,495.02725,0.700710481,0.713359721,0.776453132,0,-63.929565,-22004.973,-0.776453132,0,0.038357742,-0.03,0,0,-0.6
1773482625,TRUE,0.70111245,1773482625,320.9235,175.60547,13.712429,36.250942,0.77471507,320.3762,175.9542,495.54504,0.700410982,0.713674885,0.776018595,0,-64.04581,-22004.455,-0.776018595,0,0.038427487,-0.03,0,0,-0.6
1773482625,TRUE,0.70111245,1773482625,320.9235,175.60547,13.712429,36.250942,0.77471507,320.513,175.867,495.9323,0.700186357,0.713911258,0.775692702,0,-64.132996,-22004.068,-0.775692702,0,0.038479798,-0.03,0,0,-0.6
1773482625,TRUE,0.70111245,1773482625,320.9235,175.60547,13.712429,36.250942,0.77471507,320.61563,175.80162,496.22214,0.700017889,0.714088538,0.775448286,0,-64.19838,-22003.777,-0.775448286,0,0.03851903,-0.03,0,0,-0.6
1773482625,TRUE,0.83222437,1773482625,323.08328,174.41418,14.050868,35.731968,0.80273414,321.23254,175.45476,497.70697,0.704827991,0.709252093,0.782269566,0,-64.54524,-22002.293,-0.782269566,0,0.038727146,-0.03,0,0,-0.6
1773482625,TRUE,0.83222437,1773482625,323.08328,174.41418,14.050868,35.731968,0.80273414,321.69522,175.19461,498.81006,0.708435568,0.705624759,0.787385918,0,-64.80539,-22001.19,-0.787385918,0,0.038883235,-0.03,0,0,-0.6
1773482625,TRUE,0.83222437,1773482625,323.08328,174.41418,14.050868,35.731968,0.80273414,322.04224,174.99951,499.63147,0.711141251,0.702904259,0.791223222,2.0422363,-65.00049,-22000.37,-0.791223222,-0.001225342,0.039000295,-0.03,0,0,-0.6
1773482625,TRUE,0.83222437,1773482625,323.08328,174.41418,14.050868,35.731968,0.80273414,322.3025,174.85318,500.24414,0.713170513,0.700863884,0.794101147,2.3024902,-65.14682,-21999.756,-0.794101147,-0.001381494,0.039088093,-0.03,0,0,-0.6
1773482625,TRUE,0.83222437,1773482625,323.08328,174.41418,14.050868,35.731968,0.80273414,322.49768,174.74344,500.70184,0.714692459,0.699333602,0.796259528,2.4976807,-65.25656,-21999.299,-0.796259528,-0.001498609,0.039153937,-0.03,0,0,-0.6
1773482625,TRUE,0.83222437,1773482625,323.08328,174.41418,14.050868,35.731968,0.80273414,322.64407,174.66113,501.044,0.715833919,0.698185891,0.797878265,2.6440735,-65.33887,-21998.955,-0.797878265,-0.001586444,0.039203323,-0.03,0,0,-0.6
1773482625,TRUE,0.83222437,1773482625,323.08328,174.41418,14.050868,35.731968,0.80273414,322.75388,174.5994,501.30008,0.716690014,0.697325108,0.799092285,2.7538757,-65.400604,-21998.7,-0.799092285,-0.001652326,0.039240364,-0.03,0,0,-0.6
1773482625,TRUE,0.8438921,1773482625,323.57175,173.784,14.410766,35.89989,0.7966428,322.95834,174.39555,505.30267,0.716270774,0.697771606,0.798479888,2.9583435,-65.60445,-21994.697,-0.798479888,-0.001775006,0.03936267,-0.03,0,0,-0.6
1773482625,TRUE,0.8438921,1773482625,323.57175,173.784,14.410766,35.89989,0.7966428,323.1117,174.24266,508.3084,0.715956344,0.69810648,0.798020599,3.1116943,-65.75734,-21991.691,-0.798020599,-0.001867017,0.039454404,-0.03,0,0,-0.6
1773482625,TRUE,0.8438921,1773482625,323.57175,173.784,14.410766,35.89989,0.7966428,323.2267,174.12799,510.56482,0.715720522,0.698357635,0.797676137,3.226715,-65.87201,-21989.436,-0.797676137,-0.001936029,0.039523207,-0.03,0,0,-0.6
1773482625,TRUE,0.8438921,1773482625,323.57175,173.784,14.410766,35.89989,0.7966428,323.313,174.04199,512.2583,0.715543655,0.698546001,0.797417794,3.3129883,-65.95801,-21987.742,-0.797417794,-0.001987793,0.039574806,-0.03,0,0,-0.6
1773482625,TRUE,0.8438921,1773482625,323.57175,173.784,14.410766,35.89989,0.7966428,323.3777,173.9775,513.5291,0.715411005,0.698687276,0.797224038,3.3776855,-66.02251,-21986.47,-0.797224038,-0.002026612,0.039613508,-0.03,0,0,-0.6
1773482626,TRUE,0.8438921,1773482625,323.57175,173.784,14.410766,35.89989,0.7966428,323.4262,173.92912,514.48254,0.715311518,0.698793232,0.797078723,3.4262085,-66.07088,-21985.518,-0.797078723,-0.002055725,0.039642528,-0.03,0,0,-0.6
1773482626,TRUE,0.8438921,1773482625,323.57175,173.784,14.410766,35.89989,0.7966428,323.4626,173.89284,515.1979,0.715236902,0.698872699,0.796969736,3.4625854,-66.10716,-21984.803,-0.796969736,-0.002077551,0.0396643,-0.03,0,0,-0.6
1773482626,TRUE,0.8438921,1773482625,323.57175,173.784,14.410766,35.89989,0.7966428,323.48987,173.86563,515.7345,0.71518094,0.6989323,0.796887997,3.4898682,-66.13437,-21984.266,-0.796887997,-0.002093921,0.039680623,-0.03,0,0,-0.6
1773482626,TRUE,0.8590767,1773482626,324.12097,173.91997,13.977043,35.76119,0.7993201,323.64764,173.87923,511.75037,0.715606264,0.698497794,0.797496025,3.647644,-66.12077,-21988.25,-0.797496025,-0.002188587,0.039672464,-0.03,0,0,-0.6
1773482626,TRUE,0.8590767,1773482626,324.12097,173.91997,13.977043,35.76119,0.7993201,323.766,173.88942,508.76642,0.715925257,0.698171915,0.797952046,3.7659912,-66.11058,-21991.234,-0.797952046,-0.002259595,0.03966635,-0.03,0,0,-0.6
1773482626,TRUE,0.8590767,1773482626,324.12097,173.91997,13.977043,35.76119,0.7993201,323.85474,173.89706,506.53073,0.716164502,0.697927506,0.798294061,3.8547363,-66.102936,-21993.469,-0.798294061,-0.002312842,0.039661765,-0.03,0,0,-0.6
1773482626,TRUE,0.8590767,1773482626,324.12097,173.91997,13.977043,35.76119,0.7993201,323.9213,173.90279,504.8553,0.716343935,0.697744199,0.798550571,3.9212952,-66.09721,-21995.145,-0.798550571,-0.002352777,0.03965833,-0.03,0,0,-0.6
1773482626,TRUE,0.8590767,1773482626,324.12097,173.91997,13.977043,35.76119,0.7993201,323.97122,173.90709,503.59946,0.71647851,0.697606718,0.798742954,3.971222,-66.09291,-21996.4,-0.798742954,-0.002382733,0.03965575,-0.03,0,0,-0.6
1773482626,TRUE,0.8590767,1773482626,324.12097,173.91997,13.977043,35.76119,0.7993201,324.00867,173.91031,502.658,0.716579441,0.697503608,0.798887241,4.008667,-66.08969,-21997.342,-0.798887241,-0.0024052,0.039653815,-0.03,0,0,-0.6
1773482626,TRUE,0.85420346,1773482626,324.72,173.42384,14.168767,36.747944,0.7735353,324.1865,173.7887,507.13974,0.712101811,0.701988989,0.792549507,4.186493,-66.2113,-21992.86,-0.792549507,-0.002511896,0.039726783,-0.03,0,0,-0.6
1773482626,TRUE,0.85420346,1773482626,324.72,173.42384,14.168767,36.747944,0.7735353,324.31985,173.69748,510.51068,0.708743589,0.705353025,0.787795847,4.3198547,-66.30252,-21989.49,-0.787795847,-0.002591913,0.039781515,-0.03,0,0,-0.6
1773482626,TRUE,0.85420346,1773482626,324.72,173.42384,14.168767,36.747944,0.7735353,324.4199,173.62906,513.0443,0.706224922,0.707876053,0.784230545,4.4198914,-66.37094,-21986.955,-0.784230545,-0.002651935,0.039822567,-0.03,0,0,-0.6
1773482626,TRUE,0.85420346,1773482626,324.72,173.42384,14.168767,36.747944,0.7735353,324.4949,173.57776,514.9476,0.704335921,0.709768323,0.781556597,4.4949036,-66.42224,-21985.053,-0.781556597,-0.002696942,0.039853346,-0.03,0,0,-0.6
1773482626,TRUE,0.85420346,1773482626,324.72,173.42384,14.168767,36.747944,0.7735353,324.55118,173.53928,516.3767,0.702919171,0.711187526,0.779551179,4.551178,-66.460724,-21983.623,-0.779551179,-0.002730707,0.039876435,-0.03,0,0,-0.6
1773482626,TRUE,0.85420346,1773482626,324.72,173.42384,14.168767,36.747944,0.7735353,324.59338,173.5104,517.4496,0.701856609,0.712251928,0.778047149,4.593384,-66.48959,-21982.55,-0.778047149,-0.00275603,0.039893758,-0.03,0,0,-0.6
1773482626,TRUE,0.7354307,1773482626,324.52115,172.95802,13.9026785,35.61265,0.78590655,324.57532,173.37231,511.82086,0.703259,0.710875747,0.780012062,4.5753174,-66.627686,-21988.18,-0.780012062,-0.002745191,0.03997661,-0.03,0,0,-0.6
1773482626,TRUE,0.7354307,1773482626,324.52115,172.95802,13.9026785,35.61265,0.78590655,324.56177,173.26874,507.61862,0.704310794,0.709843611,0.781485727,4.5617676,-66.73126,-21992.38,-0.781485727,-0.002737061,0.04003876,-0.03,0,0,-0.6
1773482626,TRUE,0.7354307,1773482626,324.52115,172.95802,13.9026785,35.61265,0.78590655,324.5516,173.19106,504.4778,0.70509964,0.709069509,0.782590961,4.551605,-66.808945,-21995.521,-0.782590961,-0.002730963,0.040085368,-0.03,0,0,-0.6
1773482626,TRUE,0.7354307,1773482626,324.52115,172.95802,13.9026785,35.61265,0.78590655,324.54398,173.1328,502.12836,0.705691274,0.708488933,0.783419875,4.543976,-66.8672,-21997.871,-0.783419875,-0.002726386,0.040120322,-0.03,0,0,-0.6
1773482626,TRUE,0.7354307,1773482626,324.52115,172.95802,13.9026785,35.61265,0.78590655,324.53827,173.0891,500.3697,0.706134999,0.708053501,0.784041555,4.538269,-66.910904,-21999.63,-0.784041555,-0.002722962,0.040146545,-0.03,0,0,-0.6
1773482626,TRUE,0.7354307,1773482626,324.52115,172.95802,13.9026785,35.61265,0.78590655,324.534,173.05632,499.05258,0.706467793,0.707726926,0.78450781,4.5339966,-66.94368,-22000.947,-0.78450781,-0.002720398,0.04016621,-0.03,0,0,-0.6
1773482626,TRUE,0.5573953,1773482626,324.8231,171.3051,14.676276,35.444992,0.7780638,324.60626,172.61852,504.38602,0.705326248,0.708863673,0.78289679,4.606262,-67.381485,-21995.613,-0.78289679,-0.002763758,0.04042889,-0.03,0,0,-0.6
1773482626,TRUE,0.5573953,1773482626,324.8231,171.3051,14.676276,35.444992,0.7780638,324.66046,172.29016,508.36572,0.704470089,0.709716233,0.781688525,4.6604614,-67.70984,-21991.635,-0.781688525,-0.002796277,0.040625904,-0.03,0,0,-0.6
1773482626,TRUE,0.5573953,1773482626,324.8231,171.3051,14.676276,35.444992,0.7780638,324.7011,172.0439,511.33908,0.70382797,0.710355653,0.78078233,4.701111,-67.9561,-21988.66,-0.78078233,-0.002820667,0.040773664,-0.03,0,0,-0.6
1773482626,TRUE,0.5573953,1773482626,324.8231,171.3051,14.676276,35.444992,0.7780638,324.7316,171.8592,513.5627,0.703346381,0.710835218,0.780102686,4.731598,-68.14079,-21986.438,-0.780102686,-0.002838959,0.040884476,-0.03,0,0,-0.6
1773482626,TRUE,0.5573953,1773482626,324.8231,171.3051,14.676276,35.444992,0.7780638,324.7545,171.72069,515.2268,0.702985189,0.711194891,0.779592955,4.754486,-68.27931,-21984.773,-0.779592955,-0.002852692,0.040967587,-0.03,0,0,-0.6
1773482626,TRUE,0.5573953,1773482626,324.8231,171.3051,14.676276,35.444992,0.7780638,324.77164,171.61679,516.47284,0.702714295,0.711464647,0.779210658,4.771637,-68.38321,-21983.527,-0.779210658,-0.002862982,0.041029926,-0.03,0,0,-0.6
1773482626,TRUE,0.5573953,1773482626,324.8231,171.3051,14.676276,35.444992,0.7780638,324.78452,171.53886,517.40625,0.702511124,0.711666963,0.778923936,4.7845154,-68.461136,-21982.594,-0.778923936,-0.002870709,0.041076683,-0.03,0,0,-0.6
1773482626,TRUE,0.79468435,1773482626,325.39352,171.0812,13.278408,35.92451,0.76088727,324.93677,171.42444,507.41565,0.699274417,0.71480634,0.774414846,4.9367676,-68.57556,-21992.584,-0.774414846,-0.002962061,0.04114534,-0.03,0,0,-0.6
1773482626,TRUE,0.79468435,1773482626,325.39352,171.0812,13.278408,35.92451,0.76088727,325.05096,171.33862,499.87637,0.696846887,0.717160872,0.771032904,5.0509644,-68.66138,-22000.123,-0.771032904,-0.003030579,0.041196827,-0.03,0,0,-0.6
1773482626,TRUE,0.79468435,1773482626,325.39352,171.0812,13.278408,35.92451,0.76088727,325.1366,171.27426,494.19586,0.695026239,0.718926771,0.76849643,5.1365967,-68.72574,-22005.805,-0.76849643,-0.003081958,0.041235447,-0.03,0,0,-0.6
1773482626,TRUE,0.79468435,1773482626,325.39352,171.0812,13.278408,35.92451,0.76088727,325.20084,171.22598,489.9208,0.693660753,0.720251196,0.766594087,5.200836,-68.77402,-22010.08,-0.766594087,-0.003120502,0.04126441,-0.03,0,0,-0.6
1773482626,TRUE,0.79468435,1773482626,325.39352,171.0812,13.278408,35.92451,0.76088727,325.24902,171.18979,486.70633,0.692636639,0.721244514,0.765167345,5.2490234,-68.81021,-22013.293,-0.765167345,-0.003149414,0.04128613,-0.03,0,0,-0.6
1773482626,TRUE,0.79468435,1773482626,325.39352,171.0812,13.278408,35.92451,0.76088727,325.28516,171.16263,484.2908,0.691868553,0.721989503,0.764097302,5.2851562,-68.83737,-22015.709,-0.764097302,-0.003171094,0.041302424,-0.03,0,0,-0.6
1773482626,TRUE,0.79468435,1773482626,325.39352,171.0812,13.278408,35.92451,0.76088727,325.31226,171.14227,482.47653,0.691292489,0.722548245,0.763294779,5.312256,-68.85773,-22017.523,-0.763294779,-0.003187354,0.04131464,-0.03,0,0,-0.6
1773482626,TRUE,0.79468435,1773482626,325.39352,171.0812,13.278408,35.92451,0.76088727,325.33258,171.12701,481.11438,0.69086044,0.722967301,0.762692892,5.3325806,-68.872986,-22018.885,-0.762692892,-0.003199549,0.041323792,-0.03,0,0,-0.6
1773482626,TRUE,0.813614,1773482626,326.51443,169.9862,12.649697,35.87648,0.7371056,325.62805,170.84181,474.29178,0.686182248,0.727329755,0.75629626,5.6280518,-69.15819,-22025.709,-0.75629626,-0.003376831,0.041494913,-0.03,0,0,-0.6
1773482626,TRUE,0.813614,1773482626,326.51443,169.9862,12.649697,35.87648,0.7371056,325.84964,170.62791,469.1751,0.682673605,0.730601595,0.751498446,5.84964,-69.372086,-22030.824,-0.751498446,-0.003509784,0.041623253,-0.03,0,0,-0.6
1773482626,TRUE,0.813614,1773482626,326.51443,169.9862,12.649697,35.87648,0.7371056,326.01584,170.46748,465.3378,0.680042122,0.733055475,0.747900043,6.0158386,-69.53252,-22034.662,-0.747900043,-0.003609503,0.04171951,-0.03,0,0,-0.598320034
1773482626,TRUE,0.813614,1773482626,326.51443,169.9862,12.649697,35.87648,0.7371056,326.14047,170.34717,462.4599,0.678068509,0.734895886,0.745201279,6.1404724,-69.65283,-22037.541,-0.745201279,-0.003684284,0.0417917,-0.03,0,0,-0.596161023
1773482626,TRUE,0.813614,1773482626,326.51443,169.9862,12.649697,35.87648,0.7371056,326.23395,170.25693,460.30154,0.6765883,0.736276193,0.743177255,6.2339478,-69.74307,-22039.7,-0.743177255,-0.003740369,0.041845847,-0.03,0,0,-0.594541804
1773482626,TRUE,0.813614,1773482626,326.51443,169.9862,12.649697,35.87648,0.7371056,326.30408,170.18924,458.68277,0.675478143,0.737311424,0.741659275,6.304077,-69.81076,-22041.316,-0.741659275,-0.003782447,0.04188646,-0.03,0,0,-0.59332742
1773482626,TRUE,0.813614,1773482626,326.51443,169.9862,12.649697,35.87648,0.7371056,326.35666,170.13849,457.4687,0.674645526,0.738087847,0.740520817,6.356659,-69.86151,-22042.531,-0.740520817,-0.003813996,0.04191691,-0.03,0,0,-0.592416653
1773482626,TRUE,0.8162064,1773482626,327.42914,169.17984,12.591875,36.749176,0.7328309,326.62476,169.89883,458.81277,0.673228259,0.739386783,0.738598283,6.624756,-70.101166,-22041.188,-0.738598283,-0.003974854,0.042060703,-0.03,0,0,-0.590878626
1773482626,TRUE,0.8162064,1773482626,327.42914,169.17984,12.591875,36.749176,0.7328309,326.82587,169.71909,459.8095,0.67216531,0.740360984,0.737156397,6.8258667,-70.280914,-22040.191,-0.737156397,-0.00409552,0.04216855,-0.03,0,0,-0.589725118
1773482626,TRUE,0.8162064,1773482626,327.42914,169.17984,12.591875,36.749176,0.7328309,326.97668,169.58427,460.55057,0.671368098,0.741091636,0.736074996,6.9766846,-70.415726,-22039.45,-0.736074996,-0.004186011,0.042249437,-0.03,0,0,-0.588859996
1773482626,TRUE,0.8162064,1773482626,327.42914,169.17984,12.591875,36.749176,0.7328309,327.08978,169.48315,461.1028,0.670770188,0.741639624,0.735263953,7.0897827,-70.516846,-22038.896,-0.735263953,-0.00425387,0.04231011,-0.03,0,0,-0.588211162
1773482626,TRUE,0.8162064,1773482626,327.42914,169.17984,12.591875,36.749176,0.7328309,327.17462,169.40732,461.515,0.670321757,0.742050616,0.734655677,7.1746216,-70.59268,-22038.484,-0.734655677,-0.004304773,0.042355612,-0.03,0,0,-0.587724542
1773482626,TRUE,0.8162064,1773482626,327.42914,169.17984,12.591875,36.749176,0.7328309,327.23825,169.35045,461.82297,0.669985433,0.742358859,0.734199473,7.2382507,-70.64955,-22038.178,-0.734199473,-0.00434295,0.04238973,-0.03,0,0,-0.587359579
1773482626,TRUE,0.8158773,1773482626,328.49066,166.12173,14.1794815,37.103283,0.6855487,327.55133,168.54327,477.7447,0.660763539,0.750287086,0.722038481,7.5513306,-71.456726,-22022.256,-0.722038481,-0.004530799,0.04287404,-0.03,0,0,-0.577630785
1773482626,TRUE,0.8158773,1773482626,328.49066,166.12173,14.1794815,37.103283,0.6855487,327.78616,167.9379,489.75107,0.653847119,0.756233257,0.712915224,7.7861633,-72.0621,-22010.248,-0.712915224,-0.004671698,0.043237265,-0.03,0,0,-0.570332179
1773482626,TRUE,0.8158773,1773482626,328.49066,166.12173,14.1794815,37.103283,0.6855487,327.96228,167.48386,498.79254,0.648659803,0.760692885,0.706072391,7.9622803,-72.51614,-22001.207,-0.706072391,-0.004777369,0.04350969,-0.03,0,0,-0.564857913
1773482626,TRUE,0.8158773,1773482626,328.49066,166.12173,14.1794815,37.103283,0.6855487,328.09436,167.14333,505.59424,0.644769317,0.764037606,0.70094048,8.09436,-72.856674,-21994.406,-0.70094048,-0.004856616,0.043714006,-0.03,0,0,-0.560752384
1773482626,TRUE,0.8158773,1773482626,328.49066,166.12173,14.1794815,37.103283,0.6855487,328.19342,166.88794,510.70712,0.641851452,0.766546146,0.697091848,8.19342,-73.11206,-21989.293,-0.697091848,-0.004916052,0.043867238,-0.03,0,0,-0.557673478
1773482626,TRUE,0.8158773,1773482626,328.49066,166.12173,14.1794815,37.103283,0.6855487,328.26773,166.69638,514.5483,0.639663053,0.768427552,0.694205621,8.267731,-73.30362,-21985.451,-0.694205621,-0.004960639,0.043982174,-0.03,0,0,-0.555364497
1773482626,TRUE,0.8158773,1773482626,328.49066,166.12173,14.1794815,37.103283,0.6855487,328.3235,166.55272,517.43286,0.638021754,0.769838606,0.692041122,8.323486,-73.44728,-21982.566,-0.692041122,-0.004994092,0.04406837,-0.03,0,0,-0.553632898
1773482626,TRUE,0.8158773,1773482626,328.49066,166.12173,14.1794815,37.103283,0.6855487,328.3653,166.44498,519.59827,0.63679078,0.770896897,0.690417858,8.365295,-73.55502,-21980.402,-0.690417858,-0.005019178,0.044133015,-0.03,0,0,-0.552334287
1773482626,TRUE,0.7479356,1773482626,329.35712,163.74695,13.255674,36.63114,0.6828905,328.61325,165.77048,511.03073,0.635352572,0.772110663,0.688535867,8.613251,-74.22952,-21988.969,-0.688535867,-0.005167951,0.044537716,-0.03,0,0,-0.550828694
1773482626,TRUE,0.7479356,1773482626,329.35712,163.74695,13.255674,36.63114,0.6828905,328.7992,165.26459,504.6316,0.634273916,0.773020988,0.687124431,8.799194,-74.73541,-21995.37,-0.687124431,-0.005279517,0.04484125,-0.03,0,0,-0.549699544
1773482626,TRUE,0.7479356,1773482626,329.35712,163.74695,13.255674,36.63114,0.6828905,328.93866,164.88518,499.84714,0.633464924,0.773703732,0.686065889,8.93866,-75.11482,-22000.152,-0.686065889,-0.005363196,0.045068897,-0.03,0,0,-0.548852711
1773482626,TRUE,0.7479356,1773482626,329.35712,163.74695,13.255674,36.63114,0.6828905,329.04327,164.60062,496.26718,0.63285818,0.774215789,0.685272005,9.043274,-75.39938,-22003.732,-0.685272005,-0.005425965,0.04523963,-0.03,0,0,-0.548217604
1773482626,TRUE,0.7479356,1773482626,329.35712,163.74695,13.255674,36.63114,0.6828905,329.12173,164.3872,493.58694,0.632403122,0.774599833,0.684676605,9.121735,-75.61279,-22006.412,-0.684676605,-0.005473041,0.045367677,-0.03,0,0,-0.547741284
1773482626,TRUE,0.7479356,1773482626,329.35712,163.74695,13.255674,36.63114,0.6828905,329.1806,164.22714,491.57944,0.632061829,0.774887865,0.684230062,9.180603,-75.77286,-22008.42,-0.684230062,-0.005508362,0.04546372,-0.03,0,0,-0.54738405
1773482626,TRUE,0.7479356,1773482626,329.35712,163.74695,13.255674,36.63114,0.6828905,329.22473,164.10709,490.07532,0.631805859,0.77510389,0.683895159,9.224731,-75.892914,-22009.924,-0.683895159,-0.005534839,0.04553575,-0.03,0,0,-0.547116127
1773482626,TRUE,0.5554402,1773482626,329.6061,163.22525,12.77722,35.68717,0.692942,329.32007,163.88663,481.4432,0.633555256,0.77367041,0.686156894,9.320068,-76.11337,-22018.557,-0.686156894,-0.005592041,0.045668025,-0.03,0,0,-0.548925515
1773482626,TRUE,0.5554402,1773482626,329.6061,163.22525,12.77722,35.68717,0.692942,329.39157,163.72128,475.01678,0.634867304,0.772595301,0.687853198,9.391571,-76.27872,-22024.982,-0.687853198,-0.005634943,0.045767233,-0.03,0,0,-0.550282558
1773482626,TRUE,0.5554402,1773482626,329.6061,163.22525,12.77722,35.68717,0.692942,329.4452,163.59727,470.2238,0.63585134,0.771788969,0.689125421,9.44519,-76.402725,-22029.775,-0.689125421,-0.005667115,0.045841638,-0.03,0,0,-0.551300337
1773482626,TRUE,0.5554402,1773482626,329.6061,163.22525,12.77722,35.68717,0.692942,329.4854,163.50427,466.64417,0.636589367,0.77118422,0.690079583,9.485413,-76.49573,-22033.355,-0.690079583,-0.005691248,0.04589744,-0.03,0,0,-0.552063667
1773482626,TRUE,0.5554402,1773482626,329.6061,163.22525,12.77722,35.68717,0.692942,329.5156,163.43451,463.96793,0.637142887,0.770730658,0.690795201,9.5155945,-76.56549,-22036.031,-0.690795201,-0.005709357,0.045939296,-0.03,0,0,-0.552636161
1773482626,TRUE,0.5554402,1773482626,329.6061,163.22525,12.77722,35.68717,0.692942,329.5382,163.3822,461.9655,0.637558027,0.770390487,0.691331911,9.538208,-76.6178,-22038.035,-0.691331911,-0.005722925,0.045970682,-0.03,0,0,-0.553065529
1773482626,TRUE,0.5964421,1773482626,330.207,162.08388,13.3862,36.36059,0.6656446,329.7054,163.05762,468.10968,0.632560081,0.774422584,0.684910301,9.705414,-76.94238,-22031.89,-0.684910301,-0.005823249,0.046165433,-0.03,0,0,-0.54792824
1773482626,TRUE,0.5964421,1773482626,330.207,162.08388,13.3862,36.36059,0.6656446,329.8308,162.81418,472.7384,0.62881162,0.777446656,0.680093735,9.830811,-77.18582,-22027.262,-0.680093735,-0.005898487,0.046311494,-0.03,0,0,-0.544074988
1773482626,TRUE,0.5964421,1773482626,330.207,162.08388,13.3862,36.36059,0.6656446,329.92487,162.6316,476.2215,0.626000275,0.779714711,0.676481261,9.924866,-77.36839,-22023.78,-0.676481261,-0.00595492,0.046421036,-0.03,0,0,-0.541185009
1773482626,TRUE,0.5964421,1773482626,330.207,162.08388,13.3862,36.36059,0.6656446,329.9954,162.49467,478.8403,0.623891767,0.781415751,0.673771941,9.995392,-77.505325,-22021.16,-0.673771941,-0.005997235,0.046503197,-0.03,0,0,-0.539017553
1773482626,TRUE,0.5964421,1773482626,330.207,162.08388,13.3862,36.36059,0.6656446,330.0483,162.39197,480.80807,0.622310385,0.782691532,0.671739998,10.048309,-77.60803,-22019.191,-0.671739998,-0.006028986,0.04656482,-0.03,0,0,-0.537391998
1773482626,TRUE,0.5964421,1773482626,330.207,162.08388,13.3862,36.36059,0.6656446,330.08798,162.31494,482.286,0.621124349,0.783648368,0.670216078,10.087982,-77.68506,-22017.715,-0.670216078,-0.00605279,0.046611037,-0.03,0,0,-0.536172862
1773482626,TRUE,0.5964421,1773482626,330.207,162.08388,13.3862,36.36059,0.6656446,330.11774,162.25717,483.39554,0.620234822,0.784365994,0.669073163,10.117737,-77.74283,-22016.604,-0.669073163,-0.006070642,0.0466457,-0.03,0,0,-0.535258531
1773482626,TRUE,0.5964421,1773482626,330.207,162.08388,13.3862,36.36059,0.6656446,330.14005,162.21385,484.22836,0.619567676,0.784904214,0.668215994,10.140045,-77.78615,-22015.771,-0.668215994,-0.006084027,0.046671692,-0.03,0,0,-0.534572796
1773482626,TRUE,0.4586141,1773482626,329.94223,163.57524,12.446023,35.95031,0.67322713,330.0906,162.5542,474.9707,0.620553818,0.784131557,0.669468805,10.090607,-77.4458,-22025.03,-0.669468805,-0.006054364,0.046467483,-0.03,0,0,-0.535575044
1773482626,TRUE,0.4586141,1773482626,329.94223,163.57524,12.446023,35.95031,0.67322713,330.05353,162.80946,468.0538,0.621293425,0.783552064,0.670408404,10.053528,-77.19054,-22031.945,-0.670408404,-0.006032117,0.046314325,-0.03,0,0,-0.536326723
1773482626,TRUE,0.4586141,1773482626,329.94223,163.57524,12.446023,35.95031,0.67322713,330.0257,163.00092,462.88092,0.62184813,0.783117444,0.671113096,10.025696,-76.999084,-22037.12,-0.671113096,-0.006015418,0.046199452,-0.03,0,0,-0.536890477
1773482626,TRUE,0.4586141,1773482626,329.94223,163.57524,12.446023,35.95031,0.67322713,330.00482,163.1445,459.0096,0.622264158,0.782791479,0.671641611,10.004822,-76.8555,-22040.99,-0.671641611,-0.006002893,0.0461133,-0.03,0,0,-0.537313289
1773482626,TRUE,0.4586141,1773482626,329.94223,163.57524,12.446023,35.95031,0.67322713,329.98917,163.25218,456.11075,0.62257618,0.782547005,0.672037995,9.989166,-76.74782,-22043.889,-0.672037995,-0.0059935,0.046048693,-0.03,0,0,-0.537630396
1773482626,TRUE,0.4586141,1773482626,329.94223,163.57524,12.446023,35.95031,0.67322713,329.97745,163.33295,453.93924,0.622810196,0.78236365,0.672335281,9.9774475,-76.66705,-22046.06,-0.672335281,-0.005986469,0.046000235,-0.03,0,0,-0.537868225
1773482626,TRUE,0.4586141,1773482626,329.94223,163.57524,12.446023,35.95031,0.67322713,329.96866,163.39352,452.3121,0.622985708,0.782226134,0.672558245,9.968658,-76.606476,-22047.688,-0.672558245,-0.005981195,0.045963887,-0.03,0,0,-0.538046596
1773482626,TRUE,0.52289766,1773482626,330.0613,160.87126,14.566328,37.43601,0.6704501,329.99182,162.76295,475.02084,0.62257396,0.782555122,0.672031204,9.991821,-77.237045,-22024.979,-0.672031204,-0.005995093,0.046342228,-0.03,0,0,-0.537624964
1773482626,TRUE,0.52289766,1773482626,330.0613,160.87126,14.566328,37.43601,0.6704501,330.0092,162.29004,492.28848,0.622265149,0.782801863,0.671635925,10.009186,-77.70996,-22007.71,-0.671635925,-0.006005512,0.04662598,-0.03,0,0,-0.53730874
1773482626,TRUE,0.52289766,1773482626,330.0613,160.87126,14.566328,37.43601,0.6704501,330.02222,161.93535,505.37195,0.622033541,0.782986919,0.671339466,10.022217,-78.06465,-21994.629,-0.671339466,-0.006013331,0.046838794,-0.03,0,0,-0.537071573
1773482626,TRUE,0.52289766,1773482626,330.0613,160.87126,14.566328,37.43601,0.6704501,330.03198,161.66933,515.2592,0.621859834,0.783125711,0.671117122,10.031982,-78.33067,-21984.74,-0.671117122,-0.00601919,0.046998408,-0.03,0,0,-0.536893697
1773482626,TRUE,0.52289766,1773482626,330.0613,160.87126,14.566328,37.43601,0.6704501,330.0393,161.46982,522.71674,0.621729555,0.783229804,0.670950364,10.039307,-78.53018,-21977.283,-0.670950364,-0.006023584,0.047118112,-0.03,0,0,-0.536760291
1773482626,TRUE,0.52289766,1773482626,330.0613,160.87126,14.566328,37.43601,0.6704501,330.0448,161.32018,528.3335,0.621631845,0.783307875,0.670825296,10.0448,-78.679825,-21971.666,-0.670825296,-0.00602688,0.047207896,-0.03,0,0,-0.536660236
1773482626,TRUE,0.52289766,1773482626,330.0613,160.87126,14.566328,37.43601,0.6704501,330.04892,161.20795,532.5593,0.621558562,0.783366428,0.670731494,10.04892,-78.79205,-21967.441,-0.670731494,-0.006029352,0.047275234,-0.03,0,0,-0.536585196
1773482626,TRUE,0.7003307,1773482626,330.4091,160.7773,13.595308,37.04574,0.69177395,330.13895,161.10028,525.30536,0.625645005,0.780053725,0.675991967,10.138947,-78.89972,-21974.695,-0.675991967,-0.006083368,0.047339834,-0.03,0,0,-0.540793574
1773482626,TRUE,0.7003307,1773482626,330.4091,160.7773,13.595308,37.04574,0.69177395,330.20648,161.01953,519.87634,0.628709837,0.777569198,0.679937527,10.206482,-78.98047,-21980.123,-0.679937527,-0.006123889,0.04738828,-0.03,0,0,-0.543950021
1773482626,TRUE,0.7003307,1773482626,330.4091,160.7773,13.595308,37.04574,0.69177395,330.25714,160.95897,515.81104,0.631008461,0.775705802,0.682896729,10.257141,-79.04103,-21984.19,-0.682896729,-0.006154285,0.047424622,-0.03,0,0,-0.546317383
1773482626,TRUE,0.7003307,1773482626,330.4091,160.7773,13.595308,37.04574,0.69177395,330.29514,160.91354,512.7656,0.632732429,0.774308256,0.685116114,10.2951355,-79.08646,-21987.234,-0.685116114,-0.006177082,0.047451876,-0.03,0,0,-0.548092891
1773482626,TRUE,0.7003307,1773482626,330.4091,160.7773,13.595308,37.04574,0.69177395,330.3236,160.87949,510.4836,0.634025405,0.773260096,0.686780629,10.323608,-79.120514,-21989.516,-0.686780629,-0.006194165,0.04747231,-0.03,0,0,-0.549424503
1773482626,TRUE,0.7003307,1773482626,330.4091,160.7773,13.595308,37.04574,0.69177395,330.34497,160.85394,508.77332,0.634995137,0.772473976,0.688028995,10.344971,-79.14606,-21991.227,-0.688028995,-0.006206983,0.047487635,-0.03,0,0,-0.550423196
1773482626,TRUE,0.4070659,1773482626,331.52505,158.12967,14.111445,35.984177,0.6423755,330.63998,160.17288,508.60757,0.626021142,0.779524192,0.676616837,10.639984,-79.82712,-21991.393,-0.676616837,-0.006383991,0.047896273,-0.03,0,0,-0.541293469
1773482626,TRUE,0.4070659,1773482626,331.52505,158.12967,14.111445,35.984177,0.6423755,330.86124,159.66208,508.44812,0.619290645,0.784811854,0.668055726,10.861237,-80.33792,-21991.553,-0.668055726,-0.006516742,0.048202757,-0.03,0,0,-0.534444581
1773482627,TRUE,0.4070659,1773482626,331.52505,158.12967,14.111445,35.984177,0.6423755,331.0272,159.27898,508.30872,0.614242773,0.788777601,0.661634618,11.027191,-80.72102,-21991.691,-0.661634618,-0.006616315,0.048432615,-0.03,0,0,-0.529307694
1773482627,TRUE,0.4070659,1773482626,331.52505,158.12967,14.111445,35.984177,0.6423755,331.15164,158.99164,508.19305,0.610456869,0.791751911,0.65681899,11.151642,-81.00836,-21991.807,-0.65681899,-0.006690986,0.04860502,-0.03,0,0,-0.525455192
1773482627,TRUE,0.4070659,1773482626,331.52505,158.12967,14.111445,35.984177,0.6423755,331.245,158.77615,508.1,0.607617441,0.793982644,0.653207533,11.244995,-81.22385,-21991.9,-0.653207533,-0.006746998,0.04873431,-0.03,0,0,-0.522566026
1773482627,TRUE,0.4070659,1773482626,331.52505,158.12967,14.111445,35.984177,0.6423755,331.315,158.61453,508.02673,0.605487869,0.795655693,0.650499153,11.315002,-81.38547,-21991.973,-0.650499153,-0.006789002,0.048831284,-0.03,0,0,-0.520399322
1773482627,TRUE,0.4070659,1773482626,331.52505,158.12967,14.111445,35.984177,0.6423755,331.36752,158.49332,507.96982,0.603890691,0.79691048,0.648468014,11.367523,-81.50668,-21992.03,-0.648468014,-0.006820514,0.048904013,-0.03,0,0,-0.518774411
1773482627,TRUE,0.71139747,1773482627,331.78287,156.71591,14.41049,37.053192,0.63630414,331.47134,158.04897,514.4053,0.601474752,0.798757216,0.645426789,11.471344,-81.951035,-21985.594,-0.645426789,-0.006882807,0.049170624,-0.03,0,0,-0.516341431
1773482627,TRUE,0.71139747,1773482627,331.78287,156.71591,14.41049,37.053192,0.63630414,331.54922,157.7157,519.2584,0.599662798,0.800142269,0.643145955,11.549225,-82.2843,-21980.742,-0.643145955,-0.006929535,0.049370583,-0.03,0,0,-0.514516764
1773482627,TRUE,0.71139747,1773482627,331.78287,156.71591,14.41049,37.053192,0.63630414,331.60764,157.46576,522.91327,0.598303833,0.801181058,0.641435393,11.6076355,-82.53424,-21977.086,-0.641435393,-0.006964582,0.04952055,-0.03,0,0,-0.513148314
1773482627,TRUE,0.71139747,1773482627,331.78287,156.71591,14.41049,37.053192,0.63630414,331.65143,157.27829,525.6628,0.597284608,0.80196015,0.640152514,11.651428,-82.72171,-21974.338,-0.640152514,-0.006990857,0.04963303,-0.03,0,0,-0.512122011
1773482627,TRUE,0.71139747,1773482627,331.78287,156.71591,14.41049,37.053192,0.63630414,331.6843,157.1377,527.7297,0.59652019,0.802544469,0.639190381,11.684296,-82.862305,-21972.27,-0.639190381,-0.007010578,0.049717385,-0.03,0,0,-0.511352305
1773482627,TRUE,0.71139747,1773482627,331.78287,156.71591,14.41049,37.053192,0.63630414,331.70892,157.03226,529.2825,0.595946877,0.802982708,0.638468798,11.708923,-82.96774,-21970.717,-0.638468798,-0.007025355,0.04978065,-0.03,0,0,-0.510775038
1773482627,TRUE,0.71139747,1773482627,331.78287,156.71591,14.41049,37.053192,0.63630414,331.72742,156.95317,530.44855,0.595516892,0.803311387,0.63792762,11.727417,-83.04683,-21969.55,-0.63792762,-0.00703645,0.0498281,-0.03,0,0,-0.510342096
1773482627,TRUE,0.34935212,1773482627,332.5288,153.60197,14.448429,36.933212,0.62041503,331.92776,156.11537,531.2431,0.591980893,0.80589285,0.633549474,11.927765,-83.88463,-21968.758,-0.633549474,-0.007156659,0.05,-0.03,0,0,-0.506839579
1773482627,TRUE,0.34935212,1773482627,332.5288,153.60197,14.448429,36.933212,0.62041503,332.07803,155.48703,531.83905,0.589328893,0.807828947,0.630265782,12.078033,-84.51297,-21968.16,-0.630265782,-0.00724682,0.05,-0.03,0,0,-0.504212625
1773482627,TRUE,0.34935212,1773482627,332.5288,153.60197,14.448429,36.933212,0.62041503,332.19073,155.01576,532.28595,0.587339894,0.80928102,0.627803013,12.190735,-84.98424,-21967.715,-0.627803013,-0.007314441,0.05,-0.03,0,0,-0.502242411
1773482627,TRUE,0.34935212,1773482627,332.5288,153.60197,14.448429,36.933212,0.62041503,332.27527,154.66232,532.6212,0.585848145,0.810370075,0.625955958,12.275269,-85.33768,-21967.379,-0.625955958,-0.007365162,0.05,-0.03,0,0,-0.500764766
1773482627,TRUE,0.34935212,1773482627,332.5288,153.60197,14.448429,36.933212,0.62041503,332.33865,154.39723,532.8726,0.584729332,0.811186866,0.624570686,12.338654,-85.60277,-21967.127,-0.624570686,-0.007403193,0.05,-0.03,0,0,-0.499656549
1773482627,TRUE,0.34935212,1773482627,332.5288,153.60197,14.448429,36.933212,0.62041503,332.3862,154.19843,533.06116,0.583890223,0.811799459,0.623531747,12.3862,-85.801575,-21966.94,-0.623531747,-0.00743172,0.05,-0.03,0,0,-0.498825398
1773482627,TRUE,0.34935212,1773482627,332.5288,153.60197,14.448429,36.933212,0.62041503,332.42184,154.04932,533.2026,0.583260892,0.812258904,0.622752553,12.4218445,-85.95068,-21966.797,-0.622752553,-0.007453107,0.05,-0.03,0,0,-0.498202043
1773482627,TRUE,0.34935212,1773482627,332.5288,153.60197,14.448429,36.933212,0.62041503,332.44858,153.93748,533.30865,0.582788893,0.812603487,0.622168164,12.448578,-86.062515,-21966.691,-0.622168164,-0.007469147,0.05,-0.03,0,0,-0.497734531
1773482627,TRUE,0.34935212,1773482627,332.5288,153.60197,14.448429,36.933212,0.62041503,332.46863,153.8536,533.38824,0.582434893,0.812861925,0.621729876,12.468628,-86.14639,-21966.611,-0.621729876,-0.007481177,0.05,-0.03,0,0,-0.4973839
1773482627,TRUE,0.34935212,1773482627,332.5288,153.60197,14.448429,36.933212,0.62041503,332.48367,153.7907,533.44794,0.582169394,0.813055753,0.621401162,12.483673,-86.209305,-21966.553,-0.621401162,-0.007490204,0.05,-0.03,0,0,-0.497120929
1773482627,TRUE,0.34935212,1773482627,332.5288,153.60197,14.448429,36.933212,0.62041503,332.49496,153.74352,533.4927,0.58197027,0.813201125,0.621154627,12.494965,-86.256485,-21966.508,-0.621154627,-0.007496979,0.05,-0.03,0,0,-0.496923702
1773482627,TRUE,0.34935212,1773482627,332.5288,153.60197,14.448429,36.933212,0.62041503,332.50342,153.70813,533.5262,0.581820926,0.813310153,0.620969728,12.503418,-86.29187,-21966.475,-0.620969728,-0.007502051,0.05,-0.03,0,0,-0.496775782
1773482627,TRUE,0.34935212,1773482627,332.5288,153.60197,14.448429,36.933212,0.62041503,332.50977,153.6816,533.5514,0.581708919,0.813391924,0.620831053,12.509766,-86.318405,-21966.45,-0.620831053,-0.00750586,0.05,-0.03,0,0,-0.496664842
1773482627,TRUE,0.34935212,1773482627,332.5288,153.60197,14.448429,36.933212,0.62041503,332.51453,153.6617,533.57025,0.581624913,0.813453253,0.620727047,12.514526,-86.3383,-21966.43,-0.620727047,-0.007508716,0.05,-0.03,0,0,-0.496581638
1773482627,TRUE,0.34935212,1773482627,332.5288,153.60197,14.448429,36.933212,0.62041503,332.5181,153.64677,533.5844,0.581561909,0.813499249,0.620649043,12.518097,-86.353226,-21966.416,-0.620649043,-0.007510859,0.05,-0.03,0,0,-0.496519235
1773482627,TRUE,0.34935212,1773482627,332.5288,153.60197,14.448429,36.933212,0.62041503,332.52078,153.63557,533.59503,0.581514656,0.813533747,0.62059054,12.520782,-86.364426,-21966.404,-0.62059054,-0.00751247,0.05,-0.03,0,0,-0.496472432
1773482627,TRUE,0.34935212,1773482627,332.5288,153.60197,14.448429,36.933212,0.62041503,332.5228,153.62718,533.603,0.581479216,0.81355962,0.620546663,12.522797,-86.37282,-21966.396,-0.620546663,-0.007513678,0.05,-0.03,0,0,-0.496437331
1773482627,TRUE,0.34935212,1773482627,332.5288,153.60197,14.448429,36.933212,0.62041503,332.5243,153.62088,533.609,0.581452636,0.813579024,0.620513755,12.524292,-86.37912,-21966.39,-0.620513755,-0.007514576,0.05,-0.03,0,0,-0.496411004
1773482627,TRUE,0.34935212,1773482627,332.5288,153.60197,14.448429,36.933212,0.62041503,332.52542,153.61615,533.61346,0.581432701,0.813593578,0.620489074,12.525421,-86.38385,-21966.387,-0.620489074,-0.007515253,0.05,-0.03,0,0,-0.49639126
1773482627,TRUE,0.70109105,1773482627,333.22116,146.71477,13.955112,36.888847,0.5574116,332.69937,151.89081,528.90295,0.568322374,0.82235198,0.604723622,12.699371,-88.10919,-21971.098,-0.604723622,-0.007619623,0.05,-0.03,0,0,-0.483778898
1773482627,TRUE,0.70109105,1773482627,333.22116,146.71477,13.955112,36.888847,0.5574116,332.82983,150.5968,525.37195,0.55848963,0.828920782,0.59289396,12.829834,-89.4032,-21974.629,-0.59289396,-0.007697901,0.05,-0.03,0,0,-0.474315168
1773482627,TRUE,0.70109105,1773482627,333.22116,146.71477,13.955112,36.888847,0.5574116,332.92767,149.6263,522.7247,0.551115071,0.833847384,0.58402081,12.927673,-90.3737,-21977.275,-0.58402081,-0.007756604,0.05,-0.03,0,0,-0.467216648
1773482627,TRUE,0.70109105,1773482627,333.22116,146.71477,13.955112,36.888847,0.5574116,333.00104,148.89842,520.73975,0.545584152,0.837542335,0.577366381,13.001038,-91.10158,-21979.26,-0.577366381,-0.007800623,0.05,-0.03,0,0,-0.461893105
1773482627,TRUE,0.70109105,1773482627,333.22116,146.71477,13.955112,36.888847,0.5574116,333.05606,148.35251,519.2514,0.541435963,0.840313548,0.572376202,13.056061,-91.64749,-21980.748,-0.572376202,-0.007833637,0.05,-0.03,0,0,-0.457900961
1773482627,TRUE,0.70109105,1773482627,333.22116,146.71477,13.955112,36.888847,0.5574116,333.09735,147.94307,518.13525,0.538324821,0.842391958,0.568634096,13.097351,-92.05693,-21981.865,-0.568634096,-0.007858411,0.05,-0.03,0,0,-0.454907276
1773482627,TRUE,0.70109105,1773482627,333.22116,146.71477,13.955112,36.888847,0.5574116,333.1283,147.636,517.29834,0.535991465,0.843950765,0.565827884,13.128296,-92.364,-21982.701,-0.565827884,-0.007876978,0.05,-0.03,0,0,-0.452662307
1773482627,TRUE,0.6906018,1773482627,333.28775,145.37056,14.449432,37.701084,0.5507349,333.16815,147.06964,524.09875,0.532821996,0.845998119,0.562054035,13.168152,-92.93036,-21975.9,-0.562054035,-0.007900892,0.05,-0.03,0,0,-0.449643228
1773482627,TRUE,0.6906018,1773482627,333.28775,145.37056,14.449432,37.701084,0.5507349,333.19806,146.64487,529.2275,0.530444894,0.847533635,0.559223856,13.198059,-93.35513,-21970.773,-0.559223856,-0.007918836,0.05,-0.03,0,0,-0.447379085
1773482627,TRUE,0.6906018,1773482627,333.28775,145.37056,14.449432,37.701084,0.5507349,333.2205,146.3263,533.0899,0.528662068,0.848685271,0.55710137,13.2204895,-93.673706,-21966.91,-0.55710137,-0.007932294,0.05,-0.03,0,0,-0.445681096
1773482627,TRUE,0.6906018,1773482627,333.28775,145.37056,14.449432,37.701084,0.5507349,333.2373,146.08736,535.99567,0.527324948,0.849548999,0.555509602,13.237305,-93.91264,-21964.004,-0.555509602,-0.007942383,0.05,-0.03,0,0,-0.444407682
1773482627,TRUE,0.6906018,1773482627,333.28775,145.37056,14.449432,37.701084,0.5507349,333.2499,145.90816,538.1801,0.526322108,0.850196794,0.554315835,13.249908,-94.09184,-21961.82,-0.554315835,-0.007949946,0.05,-0.03,0,0,-0.443452668
1773482627,TRUE,0.6906018,1773482627,333.28775,145.37056,14.449432,37.701084,0.5507349,333.25937,145.77376,539.8212,0.525569978,0.850682641,0.553420546,13.259369,-94.22624,-21960.18,-0.553420546,-0.007955622,0.05,-0.03,0,0,-0.442736437
1773482627,TRUE,0.6906018,1773482627,333.28775,145.37056,14.449432,37.701084,0.5507349,333.26645,145.67296,541.0537,0.525005881,0.851047026,0.5527491,13.266449,-94.32704,-21958.945,-0.5527491,-0.00795987,0.05,-0.03,0,0,-0.44219928
1773482627,TRUE,0.4806177,1773482627,333.5682,146.11414,13.611296,36.85908,0.55508864,333.3419,145.78325,531.1077,0.525509069,0.850748702,0.553334004,13.341888,-94.21675,-21968.893,-0.553334004,-0.008005134,0.05,-0.03,0,0,-0.442667203
1773482627,TRUE,0.4806177,1773482627,333.5682,146.11414,13.611296,36.85908,0.55508864,333.39847,145.86597,523.69525,0.52588646,0.850524958,0.553772674,13.398468,-94.13403,-21976.305,-0.553772674,-0.008039082,0.05,-0.03,0,0,-0.443018139
1773482627,TRUE,0.4806177,1773482627,333.5682,146.11414,13.611296,36.85908,0.55508864,333.44092,145.92801,518.16235,0.526169503,0.850357151,0.554101671,13.440918,-94.07199,-21981.838,-0.554101671,-0.008064551,0.05,-0.03,0,0,-0.443281337
1773482627,TRUE,0.4806177,1773482627,333.5682,146.11414,13.611296,36.85908,0.55508864,333.47275,145.97455,514.0276,0.526381785,0.850231296,0.554348417,13.472748,-94.02545,-21985.973,-0.554348417,-0.008083649,0.05,-0.03,0,0,-0.443478734
1773482627,TRUE,0.4806177,1773482627,333.5682,146.11414,13.611296,36.85908,0.55508864,333.4966,146.00945,510.93488,0.526540997,0.850136904,0.554533474,13.496613,-93.990555,-21989.064,-0.554533474,-0.008097968,0.05,-0.03,0,0,-0.44362678
1773482627,TRUE,0.4806177,1773482627,333.5682,146.11414,13.611296,36.85908,0.55508864,333.51453,146.03561,508.62006,0.526660406,0.85006611,0.554672267,13.514526,-93.964386,-21991.38,-0.554672267,-0.008108716,0.05,-0.03,0,0,-0.443737813
1773482627,TRUE,0.4806177,1773482627,333.5682,146.11414,13.611296,36.85908,0.55508864,333.52795,146.05524,506.88663,0.526749963,0.850013015,0.554776361,13.527954,-93.94476,-21993.113,-0.554776361,-0.008116772,0.05,-0.03,0,0,-0.443821088
1773482627,TRUE,0.6651026,1773482627,333.40292,145.38377,14.766974,38.438297,0.5621111,333.4967,145.88737,521.7773,0.528305881,0.849042723,0.556610043,13.496704,-94.112625,-21978.223,-0.556610043,-0.008098023,0.05,-0.03,0,0,-0.445288034
1773482627,TRUE,0.6651026,1773482627,333.40292,145.38377,14.766974,38.438297,0.5621111,333.47327,145.76147,533.07306,0.52947282,0.848315004,0.557985309,13.473267,-94.238525,-21966.928,-0.557985309,-0.00808396,0.05,-0.03,0,0,-0.446388247
1773482627,TRUE,0.6651026,1773482627,333.40292,145.38377,14.766974,38.438297,0.5621111,333.4557,145.66705,541.61676,0.530348024,0.847769215,0.559016759,13.455688,-94.33295,-21958.383,-0.559016759,-0.008073414,0.05,-0.03,0,0,-0.447213407
1773482627,TRUE,0.6651026,1773482627,333.40292,145.38377,14.766974,38.438297,0.5621111,333.4425,145.59624,548.06494,0.531004427,0.847359873,0.559790344,13.442505,-94.40376,-21951.936,-0.559790344,-0.008065503,0.05,-0.03,0,0,-0.447832275
1773482627,TRUE,0.6651026,1773482627,333.40292,145.38377,14.766974,38.438297,0.5621111,333.43262,145.54312,552.92377,0.531496729,0.847052867,0.560370531,13.432617,-94.45688,-21947.076,-0.560370531,-0.008059571,0.05,-0.03,0,0,-0.448296425
1773482627,TRUE,0.6651026,1773482627,333.40292,145.38377,14.766974,38.438297,0.5621111,333.4252,145.50328,556.5807,0.531865956,0.846822612,0.56080567,13.425201,-94.49672,-21943.42,-0.56080567,-0.008055122,0.05,-0.03,0,0,-0.448644536
1773482627,TRUE,0.6651026,1773482627,333.40292,145.38377,14.766974,38.438297,0.5621111,333.41965,145.4734,559.3306,0.532142876,0.846649921,0.561132024,13.419647,-94.526596,-21940.67,-0.561132024,-0.008051788,0.05,-0.03,0,0,-0.448905619
1773482627,TRUE,0.48652282,1773482627,333.73907,144.23022,13.2207575,35.846313,0.54031837,333.4995,145.16261,537.3457,0.527709415,0.849373679,0.555928736,13.499512,-94.83739,-21962.654,-0.555928736,-0.008099708,0.05,-0.03,0,0,-0.444742989
1773482627,TRUE,0.48652282,1773482627,333.73907,144.23022,13.2207575,35.846313,0.54031837,333.5594,144.92952,521.1331,0.52438432,0.851416497,0.552026076,13.559387,-95.07048,-21978.867,-0.552026076,-0.008135633,0.05,-0.03,0,0,-0.441620861
1773482627,TRUE,0.48652282,1773482627,333.73907,144.23022,13.2207575,35.846313,0.54031837,333.6043,144.7547,509.129,0.521890499,0.852948611,0.549099053,13.604309,-95.2453,-21990.871,-0.549099053,-0.008162586,0.05,-0.03,0,0,-0.439279242
1773482627,TRUE,0.48652282,1773482627,333.73907,144.23022,13.2207575,35.846313,0.54031837,333.638,144.62358,500.21323,0.520020133,0.854097696,0.546903803,13.6380005,-95.37642,-21999.787,-0.546903803,-0.0081828,0.05,-0.03,0,0,-0.437523042
1773482627,TRUE,0.48652282,1773482627,333.73907,144.23022,13.2207575,35.846313,0.54031837,333.66327,144.52524,493.57556,0.518617358,0.85495951,0.54525739,13.663269,-95.47476,-22006.424,-0.54525739,-0.008197961,0.05,-0.03,0,0,-0.436205912
1773482627,TRUE,0.48652282,1773482627,333.73907,144.23022,13.2207575,35.846313,0.54031837,333.68222,144.45148,488.62497,0.517565277,0.855605871,0.544022599,13.68222,-95.54852,-22011.375,-0.544022599,-0.008209333,0.05,-0.03,0,0,-0.43521808
1773482627,TRUE,0.48652282,1773482627,333.73907,144.23022,13.2207575,35.846313,0.54031837,333.6964,144.39616,484.9276,0.516776216,0.856090641,0.54309652,13.696411,-95.603836,-22015.072,-0.54309652,-0.008217847,0.05,-0.03,0,0,-0.434477216
1773482627,TRUE,0.48652282,1773482627,333.73907,144.23022,13.2207575,35.846313,0.54031837,333.7071,144.35468,482.16333,0.516184421,0.856454219,0.54240197,13.707092,-95.645325,-22017.836,-0.54240197,-0.008224255,0.05,-0.03,0,0,-0.433921576
1773482627,TRUE,0.48652282,1773482627,333.73907,144.23022,13.2207575,35.846313,0.54031837,333.7151,144.32356,480.095,0.515740574,0.856726902,0.541881062,13.715088,-95.67644,-22019.904,-0.541881062,-0.008229054,0.05,-0.03,0,0,-0.43350485
1773482627,TRUE,0.48652282,1773482627,333.73907,144.23022,13.2207575,35.846313,0.54031837,333.72107,144.30023,478.5465,0.515407689,0.856931415,0.541490385,13.721069,-95.69977,-22021.453,-0.541490385,-0.008232642,0.05,-0.03,0,0,-0.433192308
1773482627,TRUE,0.48652282,1773482627,333.73907,144.23022,13.2207575,35.846313,0.54031837,333.7256,144.28273,477.38672,0.515158025,0.857084799,0.541197378,13.725586,-95.71727,-22022.613,-0.541197378,-0.008235352,0.05,-0.03,0,0,-0.432957903
1773482627,TRUE,0.48652282,1773482627,333.73907,144.23022,13.2207575,35.846313,0.54031837,333.72894,144.2696,476.51776,0.514970778,0.857199838,0.540977625,13.728943,-95.73039,-22023.482,-0.540977625,-0.008237367,0.05,-0.03,0,0,-0.4327821
1773482627,TRUE,0.48652282,1773482627,333.73907,144.23022,13.2207575,35.846313,0.54031837,333.73148,144.25977,475.86655,0.514830342,0.857286116,0.54081281,13.731476,-95.740234,-22024.133,-0.54081281,-0.008238886,0.05,-0.03,0,0,-0.432650248
1773482627,TRUE,0.5740642,1773482627,333.8747,137.58981,14.718007,37.573334,0.55664366,333.76727,142.59229,494.6926,0.518207641,0.855222881,0.544770477,13.767273,-97.407715,-22005.307,-0.544770477,-0.008260364,0.05,-0.03,0,0,-0.435816382
1773482627,TRUE,0.5740642,1773482627,333.8747,137.58981,14.718007,37.573334,0.55664366,333.79413,141.34167,509.01276,0.520740616,0.853675454,0.547738809,13.794128,-98.658325,-21990.986,-0.547738809,-0.008276477,0.05,-0.03,0,0,-0.438191047
1773482627,TRUE,0.5740642,1773482627,333.8747,137.58981,14.718007,37.573334,0.55664366,333.81427,140.40372,519.86566,0.522640347,0.852514884,0.549965068,13.81427,-99.59628,-21980.135,-0.549965068,-0.008288562,0.05,-0.03,0,0,-0.439972054
1773482627,TRUE,0.5740642,1773482627,333.8747,137.58981,14.718007,37.573334,0.55664366,333.82938,139.70024,528.0688,0.524065145,0.851644457,0.551634754,13.829376,-100.29976,-21971.932,-0.551634754,-0.008297626,0.05,-0.03,0,0,-0.441307803
1773482627,TRUE,0.5740642,1773482627,333.8747,137.58981,14.718007,37.573334,0.55664366,333.8407,139.17264,534.25684,0.525133743,0.850991636,0.552887006,13.840698,-100.82736,-21965.742,-0.552887006,-0.008304419,0.05,-0.03,0,0,-0.442309605
1773482627,TRUE,0.5740642,1773482627,333.8747,137.58981,14.718007,37.573334,0.55664366,333.84918,138.77693,538.91797,0.525935192,0.850502021,0.553826187,13.849182,-101.22307,-21961.082,-0.553826187,-0.00830951,0.05,-0.03,0,0,-0.44306095
1773482627,TRUE,0.5740642,1773482627,333.8747,137.58981,14.718007,37.573334,0.55664366,333.85556,138.48016,542.42505,0.526536279,0.850134809,0.554530566,13.85556,-101.51984,-21957.574,-0.554530566,-0.008313336,0.05,-0.03,0,0,-0.443624453
1773482627,TRUE,0.79234076,1773482627,334.44724,134.25644,15.296334,38.862972,0.52307624,334.00348,137.42422,555.21454,0.519789059,0.854172746,0.546667381,14.003479,-102.575775,-21944.785,-0.546667381,-0.008402088,0.05,-0.03,0,0,-0.437333904
1773482627,TRUE,0.79234076,1773482627,334.44724,134.25644,15.296334,38.862972,0.52307624,334.1144,136.63228,564.9027,0.514728644,0.857201198,0.540769339,14.11441,-103.36772,-21935.098,-0.540769339,-0.008468647,0.05,-0.03,0,0,-0.432615471
1773482627,TRUE,0.79234076,1773482627,334.44724,134.25644,15.296334,38.862972,0.52307624,334.19763,136.03833,572.22284,0.510933333,0.859472537,0.536345718,14.197632,-103.96167,-21927.777,-0.536345718,-0.008518579,0.05,-0.03,0,0,-0.429076574
1773482627,TRUE,0.79234076,1773482627,334.44724,134.25644,15.296334,38.862972,0.52307624,334.26004,135.59286,577.74335,0.50808685,0.861176042,0.533028068,14.26004,-104.407135,-21922.256,-0.533028068,-0.008556024,0.05,-0.03,0,0,-0.426422454
1773482627,TRUE,0.79234076,1773482627,334.44724,134.25644,15.296334,38.862972,0.52307624,334.30685,135.25876,581.90076,0.505951987,0.86245367,0.530539917,14.306854,-104.74124,-21918.1,-0.530539917,-0.008584113,0.05,-0.03,0,0,-0.424431933
1773482627,TRUE,0.79234076,1773482627,334.44724,134.25644,15.296334,38.862972,0.52307624,334.34195,135.00818,585.0285,0.50435084,0.863411891,0.528673873,14.341949,-104.99182,-21914.97,-0.528673873,-0.00860517,0.05,-0.03,0,0,-0.422939098
1773482627,TRUE,0.79234076,1773482627,334.44724,134.25644,15.296334,38.862972,0.52307624,334.3683,134.82025,587.3797,0.50314998,0.864130557,0.527274387,14.368286,-105.17975,-21912.621,-0.527274387,-0.008620972,0.05,-0.03,0,0,-0.42181951
1773482627,TRUE,0.79234076,1773482627,334.44724,134.25644,15.296334,38.862972,0.52307624,334.38803,134.67929,589.1461,0.502249335,0.864669557,0.526224804,14.388031,-105.32071,-21910.854,-0.526224804,-0.008632819,0.05,-0.03,0,0,-0.420979843
1773482627,TRUE,0.7465674,1773482627,334.27072,130.05327,15.381855,39.010548,0.51835537,334.3587,133.52278,591.8641,0.500550057,0.865660965,0.524257385,14.358704,-106.47722,-21908.137,-0.524257385,-0.008615223,0.05,-0.03,0,0,-0.419405908
1773482627,TRUE,0.7465674,1773482627,334.27072,130.05327,15.381855,39.010548,0.51835537,334.3367,132.65541,593.90656,0.499275599,0.866404521,0.52278184,14.3367,-107.34459,-21906.094,-0.52278184,-0.00860202,0.05,-0.03,0,0,-0.418225472
1773482627,TRUE,0.7465674,1773482627,334.27072,130.05327,15.381855,39.010548,0.51835537,334.32022,132.00488,595.4406,0.498319756,0.866962188,0.521675196,14.320221,-107.99512,-21904.559,-0.521675196,-0.008592133,0.05,-0.03,0,0,-0.417340157
1773482627,TRUE,0.7465674,1773482627,334.27072,130.05327,15.381855,39.010548,0.51835537,334.30786,131.51698,596.5925,0.497602873,0.867380439,0.520845223,14.307861,-108.48302,-21903.408,-0.520845223,-0.008584717,0.05,-0.03,0,0,-0.416676178
1773482627,TRUE,0.7465674,1773482627,334.27072,130.05327,15.381855,39.010548,0.51835537,334.29858,131.15106,597.4571,0.497065211,0.867694127,0.52022275,14.298584,-108.84894,-21902.543,-0.52022275,-0.008579151,0.05,-0.03,0,0,-0.4161782
1773482627,TRUE,0.7465674,1773482627,334.27072,130.05327,15.381855,39.010548,0.51835537,334.29163,130.87662,598.10596,0.496661964,0.867929392,0.519755899,14.291626,-109.12338,-21901.895,-0.519755899,-0.008574976,0.05,-0.03,0,0,-0.415804719
1773482627,TRUE,0.7465674,1773482627,334.27072,130.05327,15.381855,39.010548,0.51835537,334.2864,130.67078,598.59283,0.496359529,0.868105842,0.519405763,14.286407,-109.32922,-21901.406,-0.519405763,-0.008571845,0.05,-0.03,0,0,-0.415524611
1773482627,TRUE,0.8200883,1773482627,334.29126,125.7039,14.881796,39.460114,0.5260345,334.28763,129.42906,595.79785,0.49779662,0.867280628,0.521062949,14.287628,-110.57094,-21904.203,-0.521062949,-0.008572578,0.05,-0.03,0,0,-0.416850359
1773482627,TRUE,0.8200883,1773482627,334.29126,125.7039,14.881796,39.460114,0.5260345,334.28854,128.49777,593.68243,0.498874438,0.866661718,0.522305839,14.288544,-111.50223,-21906.318,-0.522305839,-0.008573127,0.05,-0.03,0,0,-0.417844671
1773482627,TRUE,0.8200883,1773482627,334.29126,125.7039,14.881796,39.460114,0.5260345,334.2892,127.7993,592.0851,0.499682801,0.866197535,0.523238005,14.289215,-112.2007,-21907.914,-0.523238005,-0.008573529,0.05,-0.03,0,0,-0.418590404
1773482627,TRUE,0.8200883,1773482627,334.29126,125.7039,14.881796,39.460114,0.5260345,334.28973,127.27545,590.881,0.500289074,0.865849398,0.523937127,14.289734,-112.72455,-21909.12,-0.523937127,-0.00857384,0.05,-0.03,0,0,-0.419149701
1773482627,TRUE,0.8200883,1773482627,334.29126,125.7039,14.881796,39.460114,0.5260345,334.2901,126.88257,589.9745,0.500743778,0.865588295,0.524461466,14.2901,-113.11743,-21910.025,-0.524461466,-0.00857406,0.05,-0.03,0,0,-0.419569173
1773482627,TRUE,0.8200883,1773482627,334.29126,125.7039,14.881796,39.460114,0.5260345,334.2904,126.587906,589.2927,0.501084807,0.865392468,0.52485472,14.290405,-113.412094,-21910.707,-0.52485472,-0.008574244,0.05,-0.03,0,0,-0.419883776
1773482628,TRUE,0.8200883,1773482627,334.29126,125.7039,14.881796,39.460114,0.5260345,334.29062,126.36691,588.7803,0.501340578,0.865245598,0.52514966,14.290619,-113.63309,-21911.219,-0.52514966,-0.008574372,0.05,-0.03,0,0,-0.420119728
1773482628,TRUE,0.8446409,1773482628,334.33377,123.950516,15.449716,39.852318,0.4959047,334.3014,125.76282,595.46875,0.494962328,0.868818844,0.517838793,14.301392,-114.23718,-21904.531,-0.517838793,-0.008580836,0.05,-0.03,0,0,-0.414271035
1773482628,TRUE,0.8446409,1773482628,334.33377,123.950516,15.449716,39.852318,0.4959047,334.30948,125.30974,600.50397,0.49017864,0.871498778,0.512355097,14.309479,-114.69026,-21899.496,-0.512355097,-0.008585688,0.05,-0.03,0,0,-0.409884077
1773482628,TRUE,0.8446409,1773482628,334.33377,123.950516,15.449716,39.852318,0.4959047,334.31555,124.969925,604.291,0.486590874,0.873508729,0.508242239,14.315552,-115.030075,-21895.709,-0.508242239,-0.008589331,0.05,-0.03,0,0,-0.406593791
1773482628,TRUE,0.8446409,1773482628,334.33377,123.950516,15.449716,39.852318,0.4959047,334.3201,124.71507,607.1373,0.48390005,0.875016192,0.505157642,14.320099,-115.28493,-21892.863,-0.505157642,-0.00859206,0.05,-0.03,0,0,-0.404126114
1773482628,TRUE,0.8446409,1773482628,334.33377,123.950516,15.449716,39.852318,0.4959047,334.32352,124.523926,609.2754,0.481881931,0.87614679,0.50284426,14.323517,-115.476074,-21890.725,-0.50284426,-0.008594111,0.05,-0.03,0,0,-0.402275408
1773482628,TRUE,0.8446409,1773482628,334.33377,123.950516,15.449716,39.852318,0.4959047,334.32608,124.38057,610.88086,0.480368343,0.876994738,0.501109277,14.32608,-115.61943,-21889.12,-0.501109277,-0.008595648,0.05,-0.03,0,0,-0.400887421
1773482628,TRUE,0.8446409,1773482628,334.33377,123.950516,15.449716,39.852318,0.4959047,334.328,124.273056,612.086,0.479233151,0.877630699,0.499808076,14.328003,-115.726944,-21887.914,-0.499808076,-0.008596802,0.05,-0.03,0,0,-0.399846461
1773482628,TRUE,0.7811406,1773482628,333.52185,123.30118,16.03398,41.258846,0.48012862,334.12646,124.03008,624.2711,0.474898177,0.879956905,0.494888146,14.126465,-115.96992,-21875.729,-0.494888146,-0.008475879,0.05,-0.03,0,0,-0.395910517
1773482628,TRUE,0.7811406,1773482628,333.52185,123.30118,16.03398,41.258846,0.48012862,333.9753,123.847855,633.4884,0.471646946,0.88170156,0.49119811,13.975311,-116.152145,-21866.512,-0.49119811,-0.008385187,0.05,-0.03,0,0,-0.392958488
1773482628,TRUE,0.7811406,1773482628,333.52185,123.30118,16.03398,41.258846,0.48012862,333.86194,123.71119,640.4455,0.469208523,0.88301005,0.4884306,13.861938,-116.28881,-21859.555,-0.4884306,-0.008317163,0.05,-0.03,0,0,-0.39074448
1773482628,TRUE,0.7811406,1773482628,333.52185,123.30118,16.03398,41.258846,0.48012862,333.77692,123.60869,645.6881,0.467379706,0.883991419,0.486355007,13.7769165,-116.39131,-21854.312,-0.486355007,-0.00826615,0.05,-0.03,0,0,-0.389084005
1773482628,TRUE,0.7811406,1773482628,333.52185,123.30118,16.03398,41.258846,0.48012862,333.71313,123.53181,649.634,0.466008093,0.884727445,0.484798346,13.713135,-116.46819,-21850.365,-0.484798346,-0.008227881,0.05,-0.03,0,0,-0.387838676
1773482628,TRUE,0.7811406,1773482628,333.52185,123.30118,16.03398,41.258846,0.48012862,333.6653,123.47415,652.60126,0.464979383,0.885279464,0.483630874,13.665314,-116.52585,-21847.398,-0.483630874,-0.008199189,0.05,-0.03,0,0,-0.386904699
1773482628,TRUE,0.7811406,1773482628,333.52185,123.30118,16.03398,41.258846,0.48012862,333.62946,123.43091,654.8311,0.46420785,0.885693479,0.482755286,13.629456,-116.56909,-21845.168,-0.482755286,-0.008177673,0.05,-0.03,0,0,-0.386204228
1773482628,TRUE,0.7811406,1773482628,333.52185,123.30118,16.03398,41.258846,0.48012862,333.60254,123.398476,656.5061,0.463629201,0.88600399,0.482098604,13.602539,-116.601524,-21843.494,-0.482098604,-0.008161523,0.05,-0.03,0,0,-0.385678883
1773482628,TRUE,0.85437477,1773482628,333.59384,123.09289,16.054056,40.80455,0.48832768,333.60037,123.32208,656.1541,0.465009323,0.885282658,0.483655896,13.600372,-116.67792,-21843.846,-0.483655896,-0.008160224,0.05,-0.03,0,0,-0.386924717
1773482628,TRUE,0.85437477,1773482628,333.59384,123.09289,16.054056,40.80455,0.48832768,333.59875,123.264786,655.888,0.466044415,0.884741658,0.484823859,13.598755,-116.735214,-21844.111,-0.484823859,-0.008159254,0.05,-0.03,0,0,-0.387859087
1773482628,TRUE,0.85437477,1773482628,333.59384,123.09289,16.054056,40.80455,0.48832768,333.59753,123.22182,655.6872,0.466820734,0.884335909,0.485699825,13.597534,-116.77818,-21844.312,-0.485699825,-0.008158521,0.05,-0.03,0,0,-0.38855986
1773482628,TRUE,0.85437477,1773482628,333.59384,123.09289,16.054056,40.80455,0.48832768,333.59662,123.18959,655.5359,0.467402973,0.884031597,0.486356796,13.596619,-116.81041,-21844.465,-0.486356796,-0.008157971,0.05,-0.03,0,0,-0.389085437
1773482628,TRUE,0.85437477,1773482628,333.59384,123.09289,16.054056,40.80455,0.48832768,333.59592,123.16542,655.42206,0.467839652,0.883803363,0.486849522,13.595917,-116.83458,-21844.578,-0.486849522,-0.00815755,0.05,-0.03,0,0,-0.389479617
1773482628,TRUE,0.85437477,1773482628,333.59384,123.09289,16.054056,40.80455,0.48832768,333.5954,123.14729,655.3365,0.468167161,0.883632187,0.487219064,13.595398,-116.85271,-21844.664,-0.487219064,-0.008157239,0.05,-0.03,0,0,-0.389775251
1773482628,TRUE,0.8108919,1773482628,333.5848,121.89123,16.17465,40.72043,0.5007486,333.59274,122.83328,656.1656,0.471145956,0.882029998,0.49060142,13.592743,-117.16672,-21843.834,-0.49060142,-0.008155646,0.05,-0.03,0,0,-0.392481136
1773482628,TRUE,0.8108919,1773482628,333.5848,121.89123,16.17465,40.72043,0.5007486,333.59076,122.59777,656.7858,0.473380052,0.880828356,0.493138235,13.590759,-117.40223,-21843.215,-0.493138235,-0.008154456,0.05,-0.03,0,0,-0.394510588
1773482628,TRUE,0.8108919,1773482628,333.5848,121.89123,16.17465,40.72043,0.5007486,333.58926,122.421135,657.2502,0.475055624,0.879927125,0.495040851,13.589264,-117.578865,-21842.75,-0.495040851,-0.008153559,0.05,-0.03,0,0,-0.396032681
1773482628,TRUE,0.8108919,1773482628,333.5848,121.89123,16.17465,40.72043,0.5007486,333.58817,122.28866,657.59796,0.476312303,0.879251201,0.496467806,13.588165,-117.71134,-21842.402,-0.496467806,-0.008152899,0.05,-0.03,0,0,-0.397174245
1773482628,TRUE,0.8108919,1773482628,333.5848,121.89123,16.17465,40.72043,0.5007486,333.58734,122.1893,657.8585,0.477254813,0.878744258,0.497538014,13.587341,-117.8107,-21842.14,-0.497538014,-0.008152405,0.05,-0.03,0,0,-0.398030412
1773482628,TRUE,0.8108919,1773482628,333.5848,121.89123,16.17465,40.72043,0.5007486,333.5867,122.114784,658.0538,0.477961694,0.878364051,0.498340665,13.5867,-117.885216,-21841.945,-0.498340665,-0.008152021,0.05,-0.03,0,0,-0.398672532
1773482628,TRUE,0.8437492,1773482628,333.7958,119.25393,16.275986,39.16395,0.4914799,333.63898,121.399574,652.93555,0.476454056,0.879181891,0.496625461,13.638977,-118.600426,-21847.064,-0.496625461,-0.008183386,0.05,-0.03,0,0,-0.397300369
1773482628,TRUE,0.8437492,1773482628,333.7958,119.25393,16.275986,39.16395,0.4914799,333.6782,120.86317,649.0806,0.475323327,0.879795271,0.495339059,13.678192,-119.13683,-21850.92,-0.495339059,-0.008206916,0.05,-0.03,0,0,-0.396271247
1773482628,TRUE,0.8437492,1773482628,333.7958,119.25393,16.275986,39.16395,0.4914799,333.70758,120.46086,646.18024,0.47447528,0.880255307,0.494374261,13.707581,-119.53914,-21853.82,-0.494374261,-0.008224549,0.05,-0.03,0,0,-0.395499409
1773482628,TRUE,0.8437492,1773482628,333.7958,119.25393,16.275986,39.16395,0.4914799,333.72964,120.15913,643.9998,0.473839245,0.880600333,0.493650665,13.729645,-119.84087,-21856,-0.493650665,-0.008237788,0.05,-0.03,0,0,-0.394920532
1773482628,TRUE,0.8437492,1773482628,333.7958,119.25393,16.275986,39.16395,0.4914799,333.7462,119.93283,642.3616,0.473362219,0.880859103,0.493107971,13.746185,-120.06717,-21857.639,-0.493107971,-0.008247712,0.05,-0.03,0,0,-0.394486377
1773482628,TRUE,0.8437492,1773482628,333.7958,119.25393,16.275986,39.16395,0.4914799,333.75858,119.76311,641.1313,0.473004449,0.88105318,0.492700952,13.758575,-120.23689,-21858.87,-0.492700952,-0.008255146,0.05,-0.03,0,0,-0.394160761
1773482628,TRUE,0.73470175,1773482628,333.8553,117.00267,16.66113,40.455055,0.4768511,333.78278,119.073,649.278,0.469499296,0.882901039,0.488738535,13.782776,-120.927,-21850.723,-0.488738535,-0.008269666,0.05,-0.03,0,0,-0.390990828
1773482628,TRUE,0.73470175,1773482628,333.8553,117.00267,16.66113,40.455055,0.4768511,333.8009,118.55542,655.4219,0.466870431,0.884286933,0.485766641,13.800903,-121.44458,-21844.578,-0.485766641,-0.008280543,0.05,-0.03,0,0,-0.388613313
1773482628,TRUE,0.73470175,1773482628,333.8553,117.00267,16.66113,40.455055,0.4768511,333.8145,118.16724,660.04877,0.464898783,0.885326354,0.483537711,13.814514,-121.83276,-21839.951,-0.483537711,-0.008288709,0.05,-0.03,0,0,-0.386830169
1773482628,TRUE,0.73470175,1773482628,333.8553,117.00267,16.66113,40.455055,0.4768511,333.8247,117.8761,663.52954,0.463420047,0.88610592,0.481866023,13.824707,-122.1239,-21836.47,-0.481866023,-0.008294825,0.05,-0.03,0,0,-0.385492818
1773482628,TRUE,0.73470175,1773482628,333.8553,117.00267,16.66113,40.455055,0.4768511,333.83234,117.657745,666.1462,0.462310994,0.886690594,0.480612268,13.832336,-122.342255,-21833.854,-0.480612268,-0.008299402,0.05,-0.03,0,0,-0.384489814
1773482628,TRUE,0.73470175,1773482628,333.8553,117.00267,16.66113,40.455055,0.4768511,333.83807,117.49397,668.112,0.461479205,0.8871291,0.479671961,13.838074,-122.50603,-21831.889,-0.479671961,-0.008302845,0.05,-0.03,0,0,-0.383737569
1773482628,TRUE,0.7250741,1773482628,333.61853,114.49198,15.785201,40.013412,0.47923043,333.7832,116.74348,658.9495,0.461383513,0.887184332,0.479561578,13.783203,-123.25652,-21841.05,-0.479561578,-0.008269922,0.05,-0.03,0,0,-0.383649262
1773482628,TRUE,0.7250741,1773482628,333.61853,114.49198,15.785201,40.013412,0.47923043,333.74203,116.1806,652.0949,0.461311744,0.887225757,0.479478791,13.742035,-123.8194,-21847.904,-0.479478791,-0.008245221,0.05,-0.03,0,0,-0.383583033
1773482628,TRUE,0.7250741,1773482628,333.61853,114.49198,15.785201,40.013412,0.47923043,333.71115,115.758446,646.9636,0.461257918,0.887256825,0.479416701,13.711151,-124.241554,-21853.037,-0.479416701,-0.008226691,0.05,-0.03,0,0,-0.383533361
1773482628,TRUE,0.7250741,1773482628,333.61853,114.49198,15.785201,40.013412,0.47923043,333.688,115.441826,643.12067,0.461217548,0.887280126,0.479370134,13.687988,-124.558174,-21856.879,-0.479370134,-0.008212794,0.05,-0.03,0,0,-0.383496107
1773482628,TRUE,0.7250741,1773482628,333.61853,114.49198,15.785201,40.013412,0.47923043,333.67062,115.20436,640.24146,0.46118727,0.887297602,0.479335209,13.670624,-124.79564,-21859.758,-0.479335209,-0.008202375,0.05,-0.03,0,0,-0.383468167
1773482628,TRUE,0.7250741,1773482628,333.61853,114.49198,15.785201,40.013412,0.47923043,333.6576,115.02627,638.0838,0.461164562,0.887310709,0.479309015,13.657593,-124.97373,-21861.916,-0.479309015,-0.008194556,0.05,-0.03,0,0,-0.383447212
1773482628,TRUE,0.7789107,1773482628,332.8703,110.58054,15.956217,39.992138,0.46415505,333.46075,113.91483,638.094,0.457790273,0.889033067,0.475520568,13.460754,-126.08517,-21861.906,-0.475520568,-0.008076453,0.05,-0.03,0,0,-0.380416454
1773482628,TRUE,0.7789107,1773482628,332.8703,110.58054,15.956217,39.992138,0.46415505,333.31314,113.08126,638.1015,0.455259556,0.890324836,0.472679159,13.313141,-126.91874,-21861.898,-0.472679159,-0.007987885,0.05,-0.03,0,0,-0.378143327
1773482628,TRUE,0.7789107,1773482628,332.8703,110.58054,15.956217,39.992138,0.46415505,333.20245,112.45608,638.107,0.453361518,0.891293663,0.470548093,13.202454,-127.54392,-21861.893,-0.470548093,-0.007921472,0.05,-0.03,0,0,-0.376438474
1773482628,TRUE,0.7789107,1773482628,332.8703,110.58054,15.956217,39.992138,0.46415505,333.11942,111.98719,638.11115,0.45193799,0.892020282,0.4689498,13.119415,-128.01282,-21861.889,-0.4689498,-0.007871649,0.05,-0.03,0,0,-0.37515984
1773482628,TRUE,0.7789107,1773482628,332.8703,110.58054,15.956217,39.992138,0.46415505,333.05713,111.63553,638.11414,0.450870344,0.892565247,0.467751091,13.057129,-128.36447,-21861.887,-0.467751091,-0.007834278,0.05,-0.03,0,0,-0.374200873
1773482628,TRUE,0.7789107,1773482628,332.8703,110.58054,15.956217,39.992138,0.46415505,333.01044,111.37178,638.11646,0.450069609,0.892973971,0.466852066,13.010437,-128.62822,-21861.883,-0.466852066,-0.007806263,0.05,-0.03,0,0,-0.373481653
1773482628,TRUE,0.76933485,1773482628,332.54965,106.45254,16.205273,41.520027,0.44334733,332.89523,110.141975,646.726,0.444793602,0.895560687,0.46097601,12.895233,-129.85803,-21853.273,-0.46097601,-0.00773714,0.05,-0.03,0,0,-0.368780808
1773482628,TRUE,0.76933485,1773482628,332.54965,106.45254,16.205273,41.520027,0.44334733,332.80884,109.21962,653.2148,0.440836596,0.897500724,0.456568712,12.808838,-130.78038,-21846.785,-0.456568712,-0.007685303,0.05,-0.03,0,0,-0.36525497
1773482628,TRUE,0.76933485,1773482628,332.54965,106.45254,16.205273,41.520027,0.44334733,332.74405,108.527855,658.09906,0.437868842,0.898955752,0.453263211,12.744049,-131.47214,-21841.9,-0.453263211,-0.00764643,0.05,-0.03,0,0,-0.362610569
1773482628,TRUE,0.76933485,1773482628,332.54965,106.45254,16.205273,41.520027,0.44334733,332.69547,108.009026,661.77234,0.435643027,0.900047023,0.450784118,12.695465,-131.99097,-21838.229,-0.450784118,-0.007617279,0.05,-0.03,0,0,-0.360627295
1773482628,TRUE,0.76933485,1773482628,332.54965,106.45254,16.205273,41.520027,0.44334733,332.65903,107.6199,664.53284,0.433973665,0.900865476,0.448924838,12.659027,-132.3801,-21835.467,-0.448924838,-0.007595417,0.05,-0.03,0,0,-0.35913987
1773482628,TRUE,0.76933485,1773482628,332.54965,106.45254,16.205273,41.520027,0.44334733,332.63168,107.328064,666.60645,0.432721644,0.901479316,0.447530408,12.631683,-132.67194,-21833.395,-0.447530408,-0.00757901,0.05,-0.03,0,0,-0.358024327
1773482628,TRUE,0.76933485,1773482628,332.54965,106.45254,16.205273,41.520027,0.44334733,332.61118,107.109184,668.1634,0.431782628,0.901939696,0.446484607,12.611176,-132.89081,-21831.836,-0.446484607,-0.007566706,0.05,-0.03,0,0,-0.357187686
1773482628,TRUE,0.76933485,1773482628,332.54965,106.45254,16.205273,41.520027,0.44334733,332.5958,106.94502,669.33203,0.431078366,0.90228498,0.445700269,12.595795,-133.05498,-21830.668,-0.445700269,-0.007557477,0.05,-0.03,0,0,-0.356560215
1773482628,TRUE,0.8347221,1773482628,332.25714,100.94743,15.704926,41.710186,0.43899098,332.5111,105.44563,665.79333,0.429565358,0.903008981,0.444022918,12.511108,-134.55437,-21834.207,-0.444022918,-0.007506665,0.05,-0.03,0,0,-0.355218335
1773482628,TRUE,0.8347221,1773482628,332.25714,100.94743,15.704926,41.710186,0.43899098,332.44763,104.32109,663.126,0.428430603,0.903551982,0.442764913,12.447632,-135.67891,-21836.875,-0.442764913,-0.007468579,0.05,-0.03,0,0,-0.35421193
1773482628,TRUE,0.8347221,1773482628,332.25714,100.94743,15.704926,41.710186,0.43899098,332.40002,103.47768,661.1179,0.427579536,0.903959232,0.441821416,12.400024,-136.52232,-21838.883,-0.441821416,-0.007440015,0.05,-0.03,0,0,-0.353457133
1773482628,TRUE,0.8347221,1773482628,332.25714,100.94743,15.704926,41.710186,0.43899098,332.36432,102.84512,659.60767,0.426941236,0.90426467,0.441113799,12.364319,-137.15488,-21840.393,-0.441113799,-0.007418592,0.05,-0.03,0,0,-0.352891039
1773482628,TRUE,0.8347221,1773482628,332.25714,100.94743,15.704926,41.710186,0.43899098,332.33752,102.3707,658.47266,0.426462511,0.904493749,0.440583089,12.337524,-137.6293,-21841.527,-0.440583089,-0.007402515,0.05,-0.03,0,0,-0.352466471
1773482628,TRUE,0.8347221,1773482628,332.25714,100.94743,15.704926,41.710186,0.43899098,332.31744,102.01488,657.62006,0.426103467,0.904665557,0.440185059,12.317444,-137.98512,-21842.38,-0.440185059,-0.007390467,0.05,-0.03,0,0,-0.352148047
1773482628,TRUE,0.8347221,1773482628,332.25714,100.94743,15.704926,41.710186,0.43899098,332.30237,101.74802,656.97986,0.425834185,0.904794414,0.439886537,12.302368,-138.25198,-21843.02,-0.439886537,-0.007381421,0.05,-0.03,0,0,-0.35190923
1773482628,TRUE,0.47978944,1773482628,331.64563,96.5055,15.621852,41.062332,0.40508077,332.13818,100.437386,653.08575,0.417898886,0.908363453,0.431185713,12.138184,-139.56262,-21846.914,-0.431185713,-0.00728291,0.05,-0.03,0,0,-0.34494857
1773482628,TRUE,0.47978944,1773482628,331.64563,96.5055,15.621852,41.062332,0.40508077,332.01505,99.454414,650.1724,0.411947412,0.911040233,0.424659176,12.015045,-140.5456,-21849.828,-0.424659176,-0.007209028,0.05,-0.03,0,0,-0.339727341
1773482628,TRUE,0.47978944,1773482628,331.64563,96.5055,15.621852,41.062332,0.40508077,331.9227,98.717186,647.9915,0.407483807,0.913047817,0.41976413,11.922699,-141.2828,-21852.008,-0.41976413,-0.00715362,0.05,-0.03,0,0,-0.335811304
1773482628,TRUE,0.47978944,1773482628,331.64563,96.5055,15.621852,41.062332,0.40508077,331.85342,98.16426,646.35815,0.404136103,0.914553506,0.416092925,11.853424,-141.83574,-21853.643,-0.416092925,-0.007112055,0.05,-0.03,0,0,-0.33287434
1773482628,TRUE,0.47978944,1773482628,331.64563,96.5055,15.621852,41.062332,0.40508077,331.80148,97.74957,645.13434,0.401625325,0.915682772,0.413339631,11.801483,-142.25043,-21854.865,-0.413339631,-0.00708089,0.05,-0.03,0,0,-0.330671705
1773482628,TRUE,0.47978944,1773482628,331.64563,96.5055,15.621852,41.062332,0.40508077,331.7625,97.43855,644.2172,0.399742241,0.916529722,0.411274752,11.762512,-142.56145,-21855.783,-0.411274752,-0.007057508,0.05,-0.03,0,0,-0.329019801
1773482628,TRUE,0.47978944,1773482628,331.64563,96.5055,15.621852,41.062332,0.40508077,331.73328,97.20529,643.52985,0.398329929,0.917164934,0.409726155,11.733276,-142.79471,-21856.47,-0.409726155,-0.007039966,0.05,-0.03,0,0,-0.327780924
1773482628,TRUE,0.47978944,1773482628,331.64563,96.5055,15.621852,41.062332,0.40508077,331.71136,97.03034,643.0145,0.397270694,0.917641343,0.408564747,11.711365,-142.96967,-21856.986,-0.408564747,-0.007026819,0.05,-0.03,0,0,-0.326851798
1773482628,TRUE,0.47978944,1773482628,331.64563,96.5055,15.621852,41.062332,0.40508077,331.69495,96.89913,642.6282,0.396476268,0.91799865,0.407693716,11.694946,-143.10086,-21857.371,-0.407693716,-0.007016968,0.05,-0.03,0,0,-0.326154973
1773482628,TRUE,0.47978944,1773482628,331.64563,96.5055,15.621852,41.062332,0.40508077,331.68262,96.80072,642.33844,0.395880449,0.91826663,0.407040458,11.682617,-143.19928,-21857.662,-0.407040458,-0.007009571,0.05,-0.03,0,0,-0.325632366
1773482628,TRUE,0.47978944,1773482628,331.64563,96.5055,15.621852,41.062332,0.40508077,331.67337,96.72691,642.1213,0.395433584,0.918467616,0.406550523,11.67337,-143.27309,-21857.879,-0.406550523,-0.007004023,0.05,-0.03,0,0,-0.325240418
1773482628,TRUE,0.47978944,1773482628,331.64563,96.5055,15.621852,41.062332,0.40508077,331.66644,96.671555,641.9583,0.395098436,0.918618354,0.406183077,11.666443,-143.32845,-21858.041,-0.406183077,-0.006999866,0.05,-0.03,0,0,-0.324946462
1773482628,TRUE,0.47978944,1773482628,331.64563,96.5055,15.621852,41.062332,0.40508077,331.66125,96.630035,641.8362,0.394847075,0.918731409,0.405907495,11.661255,-143.36996,-21858.164,-0.405907495,-0.006996753,0.05,-0.03,0,0,-0.324725996
1773482628,TRUE,0.47978944,1773482628,331.64563,96.5055,15.621852,41.062332,0.40508077,331.65735,96.5989,641.74457,0.394658554,0.918816199,0.405700811,11.657349,-143.4011,-21858.256,-0.405700811,-0.00699441,0.05,-0.03,0,0,-0.324560648
1773482628,TRUE,0.47978944,1773482628,331.64563,96.5055,15.621852,41.062332,0.40508077,331.65442,96.57555,641.67584,0.394517163,0.918879792,0.405545798,11.654419,-143.42445,-21858.324,-0.405545798,-0.006992652,0.05,-0.03,0,0,-0.324436638
1773482628,TRUE,0.47978944,1773482628,331.64563,96.5055,15.621852,41.062332,0.40508077,331.65222,96.55803,641.6243,0.39441112,0.918927487,0.405429539,11.652222,-143.44197,-21858.375,-0.405429539,-0.006991333,0.05,-0.03,0,0,-0.324343631
1773482628,TRUE,0.47978944,1773482628,331.64563,96.5055,15.621852,41.062332,0.40508077,331.65057,96.54489,641.58563,0.394331588,0.918963258,0.405342345,11.650574,-143.45511,-21858.414,-0.405342345,-0.006990345,0.05,-0.03,0,0,-0.324273876
1773482628,TRUE,0.47978944,1773482628,331.64563,96.5055,15.621852,41.062332,0.40508077,331.64935,96.53504,641.55664,0.394271938,0.918990086,0.40527695,11.649353,-143.46497,-21858.443,-0.40527695,-0.006989612,0.05,-0.03,0,0,-0.32422156
1773482628,TRUE,0.47978944,1773482628,331.64563,96.5055,15.621852,41.062332,0.40508077,331.64844,96.52766,641.5349,0.394227202,0.919010207,0.405227904,11.6484375,-143.47235,-21858.465,-0.405227904,-0.006989063,0.05,-0.03,0,0,-0.324182323
1773482628,TRUE,0.47978944,1773482628,331.64563,96.5055,15.621852,41.062332,0.40508077,331.64774,96.52212,641.5186,0.394193649,0.919025298,0.405191119,11.647736,-143.47787,-21858.48,-0.405191119,-0.006988642,0.05,-0.03,0,0,-0.324152895
1773482628,FALSE,0.47978944,1773482628,331.64563,96.5055,15.621852,41.062332,0.40508077,,,,,,,,,,,0,0,0,0,0,0
1773482628,FALSE,0.47978944,1773482628,331.64563,96.5055,15.621852,41.062332,0.40508077,,,,,,,,,,,0,0,0,0,0,0
1773482628,FALSE,0.47978944,1773482628,331.64563,96.5055,15.621852,41.062332,0.40508077,,,,,,,,,,,0,0,0,0,0,0
1773482628,FALSE,0.47978944,1773482628,331.64563,96.5055,15.621852,41.062332,0.40508077,,,,,,,,,,,0,0,0,0,0,0
1773482628,FALSE,0.47978944,1773482628,331.64563,96.5055,15.621852,41.062332,0.40508077,,,,,,,,,,,0,0,0,0,0,0
1773482628,FALSE,0.47978944,1773482628,331.64563,96.5055,15.621852,41.062332,0.40508077,,,,,,,,,,,0,0,0,0,0,0
1773482628,FALSE,0.47978944,1773482628,331.64563,96.5055,15.621852,41.062332,0.40508077,,,,,,,,,,,0,0,0,0,0,0
1773482628,FALSE,0.47978944,1773482628,331.64563,96.5055,15.621852,41.062332,0.40508077,,,,,,,,,,,0,0,0,0,0,0
1773482628,FALSE,0.47978944,1773482628,331.64563,96.5055,15.621852,41.062332,0.40508077,,,,,,,,,,,0,0,0,0,0,0
1773482628,FALSE,0.47978944,1773482628,331.64563,96.5055,15.621852,41.062332,0.40508077,,,,,,,,,,,0,0,0,0,0,0
1773482628,FALSE,0.47978944,1773482628,331.64563,96.5055,15.621852,41.062332,0.40508077,,,,,,,,,,,0,0,0,0,0,0
1773482628,FALSE,0.47978944,1773482628,331.64563,96.5055,15.621852,41.062332,0.40508077,,,,,,,,,,,0,0,0,0,0,0
1773482628,FALSE,0.47978944,1773482628,331.64563,96.5055,15.621852,41.062332,0.40508077,,,,,,,,,,,0,0,0,0,0,0
1773482629,FALSE,0.47978944,1773482628,331.64563,96.5055,15.621852,41.062332,0.40508077,,,,,,,,,,,0,0,0,0,0,0
1773482629,FALSE,0.47978944,1773482628,331.64563,96.5055,15.621852,41.062332,0.40508077,,,,,,,,,,,0,0,0,0,0,0
1773482629,FALSE,0.47978944,1773482628,331.64563,96.5055,15.621852,41.062332,0.40508077,,,,,,,,,,,0,0,0,0,0,0
1773482629,FALSE,0.47978944,1773482628,331.64563,96.5055,15.621852,41.062332,0.40508077,,,,,,,,,,,0,0,0,0,0,0
1773482629,FALSE,0.47978944,1773482628,331.64563,96.5055,15.621852,41.062332,0.40508077,,,,,,,,,,,0,0,0,0,0,0
1773482629,FALSE,0.47978944,1773482628,331.64563,96.5055,15.621852,41.062332,0.40508077,,,,,,,,,,,0,0,0,0,0,0
1773482629,FALSE,0.47978944,1773482628,331.64563,96.5055,15.621852,41.062332,0.40508077,,,,,,,,,,,0,0,0,0,0,0
1773482629,TRUE,0.47178835,1773482629,329.3406,84.808304,16.361612,41.06442,0.42855242,331.07095,93.59366,649.109,0.399533878,0.916661037,0.411031253,11.070953,-146.40634,-21850.89,-0.411031253,-0.006642572,0.05,-0.03,0,0,-0.328825003
1773482629,TRUE,0.47178835,1773482629,329.3406,84.808304,16.361612,41.06442,0.42855242,330.63837,91.39732,654.8018,0.403539049,0.91488784,0.415411634,10.638367,-148.60268,-21845.197,-0.415411634,-0.00638302,0.05,-0.03,0,0,-0.332329307
1773482629,TRUE,0.47178835,1773482629,329.3406,84.808304,16.361612,41.06442,0.42855242,330.31393,89.75006,659.07135,0.406542928,0.913557943,0.418696963,10.313934,-150.24994,-21840.928,-0.418696963,-0.006188361,0.05,-0.03,0,0,-0.33495757
1773482629,TRUE,0.47178835,1773482629,329.3406,84.808304,16.361612,41.06442,0.42855242,330.0706,88.51462,662.27356,0.408795837,0.91256052,0.421160936,10.070587,-151.48538,-21837.727,-0.421160936,-0.006042352,0.05,-0.03,0,0,-0.336928749
1773482629,TRUE,0.47178835,1773482629,329.3406,84.808304,16.361612,41.06442,0.42855242,329.8881,87.58804,664.67523,0.410485519,0.911812453,0.423008883,9.888092,-152.41196,-21835.324,-0.423008883,-0.005932855,0.05,-0.03,0,0,-0.338407107
1773482629,TRUE,0.47178835,1773482629,329.3406,84.808304,16.361612,41.06442,0.42855242,329.75122,86.89311,666.4765,0.41175278,0.911251403,0.424394816,9.751221,-153.10689,-21833.523,-0.424394816,-0.005850733,0.05,-0.03,0,0,-0.339515853
1773482629,TRUE,0.47178835,1773482629,329.3406,84.808304,16.361612,41.06442,0.42855242,329.64856,86.3719,667.8274,0.412703226,0.910830615,0.425434247,9.64856,-153.6281,-21832.172,-0.425434247,-0.005789136,0.05,-0.03,0,0,-0.340347398
1773482629,TRUE,0.47178835,1773482629,329.3406,84.808304,16.361612,41.06442,0.42855242,329.57156,85.981,668.8406,0.413416061,0.910515024,0.426213808,9.571564,-154.019,-21831.16,-0.426213808,-0.005742939,0.05,-0.03,0,0,-0.340971047
1773482629,TRUE,0.47178835,1773482629,329.3406,84.808304,16.361612,41.06442,0.42855242,329.51382,85.68782,669.60046,0.413950687,0.910278331,0.426798472,9.513824,-154.31218,-21830.4,-0.426798472,-0.005708295,0.05,-0.03,0,0,-0.341438777
1773482629,TRUE,0.47178835,1773482629,329.3406,84.808304,16.361612,41.06442,0.42855242,329.47052,85.46794,670.1704,0.414351656,0.910100811,0.427236965,9.47052,-154.53206,-21829.83,-0.427236965,-0.005682312,0.05,-0.03,0,0,-0.341789572
1773482629,TRUE,0.47178835,1773482629,329.3406,84.808304,16.361612,41.06442,0.42855242,329.43805,85.303024,670.5979,0.414652383,0.909967671,0.427565832,9.438049,-154.69698,-21829.402,-0.427565832,-0.00566283,0.05,-0.03,0,0,-0.342052665
1773482629,TRUE,0.47178835,1773482629,329.3406,84.808304,16.361612,41.06442,0.42855242,329.4137,85.179344,670.9184,0.414877929,0.909867816,0.427812481,9.413696,-154.82065,-21829.082,-0.427812481,-0.005648218,0.05,-0.03,0,0,-0.342249985
1773482629,TRUE,0.47178835,1773482629,329.3406,84.808304,16.361612,41.06442,0.42855242,329.39542,85.08658,671.15875,0.415047088,0.909792925,0.427997466,9.395416,-154.91342,-21828.842,-0.427997466,-0.00563725,0.05,-0.03,0,0,-0.342397973
1773482629,TRUE,0.47178835,1773482629,329.3406,84.808304,16.361612,41.06442,0.42855242,329.3817,85.01701,671.33905,0.415173957,0.909736757,0.428136205,9.381714,-154.98299,-21828.66,-0.428136205,-0.005629029,0.05,-0.03,0,0,-0.342508964
1773482629,TRUE,0.8177485,1773482629,327.07858,74.28928,18.584642,42.58154,0.4154796,328.80594,82.33508,700.70886,0.412287661,0.911033279,0.424972074,8.805939,-157.66492,-21799.291,-0.424972074,-0.005283563,0.05,-0.03,0,0,-0.339977659
1773482629,TRUE,0.8177485,1773482629,327.07858,74.28928,18.584642,42.58154,0.4154796,328.3741,80.32363,723.0145,0.410122939,0.91200567,0.422598936,8.374115,-159.67636,-21776.986,-0.422598936,-0.00502447,0.05,-0.03,0,0,-0.338079149
1773482629,TRUE,0.8177485,1773482629,327.07858,74.28928,18.584642,42.58154,0.4154796,328.05023,78.81504,739.9003,0.408499398,0.912734964,0.420819078,8.050232,-161.18497,-21760.1,-0.420819078,-0.004830139,0.05,-0.03,0,0,-0.336655262
1773482629,TRUE,0.8177485,1773482629,327.07858,74.28928,18.584642,42.58154,0.4154796,327.8073,77.6836,752.6527,0.407281742,0.913281934,0.419484189,7.807312,-162.3164,-21747.348,-0.419484189,-0.004684387,0.05,-0.03,0,0,-0.335587351
1773482629,TRUE,0.8177485,1773482629,327.07858,74.28928,18.584642,42.58154,0.4154796,327.62512,76.83502,762.26654,0.4063685,0.913692162,0.418483029,7.625122,-163.16498,-21737.734,-0.418483029,-0.004575073,0.05,-0.03,0,0,-0.334786423
1773482629,TRUE,0.8177485,1773482629,327.07858,74.28928,18.584642,42.58154,0.4154796,327.4885,76.198586,769.50476,0.405683569,0.913999833,0.417732163,7.488495,-163.80142,-21730.496,-0.417732163,-0.004493097,0.05,-0.03,0,0,-0.334185731
1773482629,TRUE,0.8177485,1773482629,327.07858,74.28928,18.584642,42.58154,0.4154796,327.38602,75.72126,774.9491,0.40516987,0.914230586,0.417169018,7.386017,-164.27875,-21725.05,-0.417169018,-0.004431611,0.05,-0.03,0,0,-0.333735214
1773482629,TRUE,0.8177485,1773482629,327.07858,74.28928,18.584642,42.58154,0.4154796,327.30917,75.363266,779.04114,0.404784596,0.914403651,0.41674666,7.3091736,-164.63673,-21720.959,-0.41674666,-0.004385504,0.05,-0.03,0,0,-0.333397328
1773482629,TRUE,0.83239055,1773482629,325.44678,66.56898,18.964659,44.792336,0.40102664,326.84357,73.164696,796.38116,0.40117938,0.915967917,0.412816692,6.843567,-166.8353,-21703.62,-0.412816692,-0.00410614,0.05,-0.03,0,0,-0.330253354
1773482629,TRUE,0.83239055,1773482629,325.44678,66.56898,18.964659,44.792336,0.40102664,326.4944,71.51576,809.5032,0.398475468,0.917141118,0.40986914,6.494385,-168.48424,-21690.496,-0.40986914,-0.003896631,0.05,-0.03,0,0,-0.327895312
1773482629,TRUE,0.83239055,1773482629,325.44678,66.56898,18.964659,44.792336,0.40102664,326.23248,70.27907,819.41064,0.396447534,0.918021018,0.407658467,6.232483,-169.72093,-21680.59,-0.407658467,-0.00373949,0.05,-0.03,0,0,-0.326126774
1773482629,TRUE,0.83239055,1773482629,325.44678,66.56898,18.964659,44.792336,0.40102664,326.03607,69.35155,826.8783,0.394926583,0.918680943,0.406000473,6.036072,-170.64845,-21673.121,-0.406000473,-0.003621643,0.05,-0.03,0,0,-0.324800378
1773482629,TRUE,0.83239055,1773482629,325.44678,66.56898,18.964659,44.792336,0.40102664,325.88873,68.65591,832.4997,0.39378587,0.919175886,0.404756988,5.888733,-171.34409,-21667.5,-0.404756988,-0.00353324,0.05,-0.03,0,0,-0.323805591
1773482629,TRUE,0.83239055,1773482629,325.44678,66.56898,18.964659,44.792336,0.40102664,325.77826,68.13417,836.7275,0.392930336,0.919547094,0.403824384,5.7782593,-171.86583,-21663.273,-0.403824384,-0.003466956,0.05,-0.03,0,0,-0.323059507
1773482629,TRUE,0.88429344,1773482629,324.76566,57.703724,18.403616,43.325302,0.3780403,325.52512,65.52656,826.79224,0.386972719,0.922007756,0.39737854,5.525116,-174.47345,-21673.207,-0.39737854,-0.00331507,0.05,-0.03,0,0,-0.317902832
1773482629,TRUE,0.88429344,1773482629,324.76566,57.703724,18.403616,43.325302,0.3780403,325.33524,63.57085,819.37964,0.382504506,0.923853252,0.392543818,5.3352356,-176.42915,-21680.621,-0.392543818,-0.003201142,0.05,-0.03,0,0,-0.314035054
1773482629,TRUE,0.88429344,1773482629,324.76566,57.703724,18.403616,43.325302,0.3780403,325.19284,62.10407,813.84216,0.379153346,0.925237374,0.388917737,5.1928406,-177.89594,-21686.158,-0.388917737,-0.003115705,0.05,-0.03,0,0,-0.31113419
1773482629,TRUE,0.88429344,1773482629,324.76566,57.703724,18.403616,43.325302,0.3780403,325.08603,61.003983,809.7014,0.376639976,0.926275465,0.386198219,5.086029,-178.99602,-21690.299,-0.386198219,-0.003051618,0.05,-0.03,0,0,-0.308958576
1773482629,TRUE,0.88429344,1773482629,324.76566,57.703724,18.403616,43.325302,0.3780403,325.00592,60.178917,806.6027,0.374754949,0.927054034,0.384158632,5.0059204,-179.82108,-21693.396,-0.384158632,-0.003003552,0.05,-0.03,0,0,-0.307326906
1773482629,TRUE,0.88429344,1773482629,324.76566,57.703724,18.403616,43.325302,0.3780403,324.94586,59.560116,804.28265,0.373341178,0.92763796,0.382628982,4.945862,-180.43988,-21695.717,-0.382628982,-0.002967517,0.05,-0.03,0,0,-0.306103185
1773482629,TRUE,0.88429344,1773482629,324.76566,57.703724,18.403616,43.325302,0.3780403,324.90082,59.096016,802.5447,0.372280851,0.928075905,0.381481771,4.900818,-180.90399,-21697.455,-0.381481771,-0.002940491,0.05,-0.03,0,0,-0.305185417
1773482629,TRUE,0.87458605,1773482629,324.2332,54.38374,18.52567,44.40902,0.37606826,324.73392,57.91795,807.57434,0.371027225,0.928585883,0.380128355,4.733917,-182.08205,-21692.426,-0.380128355,-0.00284035,0.05,-0.03,0,0,-0.304102684
1773482629,TRUE,0.87458605,1773482629,324.2332,54.38374,18.52567,44.40902,0.37606826,324.60873,57.034397,811.35126,0.370087006,0.928968366,0.379113308,4.608734,-182.9656,-21688.648,-0.379113308,-0.002765241,0.05,-0.03,0,0,-0.303290647
1773482629,TRUE,0.87458605,1773482629,324.2332,54.38374,18.52567,44.40902,0.37606826,324.51483,56.371735,814.18665,0.369381841,0.929255228,0.378352032,4.5148315,-183.62827,-21685.812,-0.378352032,-0.002708899,0.05,-0.03,0,0,-0.302681626
1773482629,TRUE,0.87458605,1773482629,324.2332,54.38374,18.52567,44.40902,0.37606826,324.44443,55.874737,816.3147,0.368852968,0.929470375,0.377781082,4.4444275,-184.12526,-21683.686,-0.377781082,-0.002666657,0.05,-0.03,0,0,-0.302224865
1773482629,TRUE,0.87458605,1773482629,324.2332,54.38374,18.52567,44.40902,0.37606826,324.3916,55.501987,817.9117,0.368456313,0.929631735,0.377352872,4.3916016,-184.49802,-21682.088,-0.377352872,-0.002634961,0.05,-0.03,0,0,-0.301882298
1773482629,TRUE,0.87458605,1773482629,324.2332,54.38374,18.52567,44.40902,0.37606826,324.352,55.222427,819.10986,0.368158822,0.929752755,0.377031717,4.3519897,-184.77757,-21680.89,-0.377031717,-0.002611194,0.05,-0.03,0,0,-0.301625374
1773482629,TRUE,0.87458605,1773482629,324.2332,54.38374,18.52567,44.40902,0.37606826,324.3223,55.012756,820.00885,0.367935703,0.92984352,0.376790852,4.322296,-184.98724,-21679.99,-0.376790852,-0.002593378,0.05,-0.03,0,0,-0.301432682
1773482629,TRUE,0.87458605,1773482629,324.2332,54.38374,18.52567,44.40902,0.37606826,324.30002,54.855503,820.68317,0.367768364,0.929911594,0.376610204,4.3000183,-185.1445,-21679.316,-0.376610204,-0.002580011,0.05,-0.03,0,0,-0.301288163
1773482629,TRUE,0.882315,1773482629,323.81262,53.143044,18.496368,44.817535,0.37467885,324.17816,54.42739,822.75494,0.367319693,0.930089996,0.376127364,4.1781616,-185.5726,-21677.244,-0.376127364,-0.002506897,0.05,-0.03,0,0,-0.300901891
1773482629,TRUE,0.882315,1773482629,323.81262,53.143044,18.496368,44.817535,0.37467885,324.0868,54.1063,824.3078,0.366983189,0.930223798,0.375765234,4.086792,-185.8937,-21675.691,-0.375765234,-0.002452075,0.05,-0.03,0,0,-0.300612187
1773482629,TRUE,0.882315,1773482629,323.81262,53.143044,18.496368,44.817535,0.37467885,324.01825,53.865486,825.47205,0.366730811,0.930324149,0.375493638,4.0182495,-186.13452,-21674.527,-0.375493638,-0.00241095,0.05,-0.03,0,0,-0.30039491
1773482629,TRUE,0.882315,1773482629,323.81262,53.143044,18.496368,44.817535,0.37467885,323.96686,53.684875,826.34485,0.366541528,0.930399412,0.37528994,3.966858,-186.31512,-21673.654,-0.37528994,-0.002380115,0.05,-0.03,0,0,-0.300231952
1773482629,TRUE,0.882315,1773482629,323.81262,53.143044,18.496368,44.817535,0.37467885,323.92828,53.549416,826.9992,0.366399565,0.93045586,0.375137168,3.9282837,-186.45059,-21673,-0.375137168,-0.00235697,0.05,-0.03,0,0,-0.300109734
1773482629,TRUE,0.882315,1773482629,323.81262,53.143044,18.496368,44.817535,0.37467885,323.89935,53.447823,827.4899,0.366293093,0.930498195,0.375022588,3.899353,-186.55219,-21672.51,-0.375022588,-0.002339612,0.05,-0.03,0,0,-0.30001807
1773482629,TRUE,0.8844624,1773482629,323.7523,53.389698,18.230429,44.363503,0.35794184,323.86258,53.433292,822.79034,0.362306635,0.932028616,0.370752474,3.8625793,-186.56671,-21677.209,-0.370752474,-0.002317548,0.05,-0.03,0,0,-0.296601979
1773482629,TRUE,0.8844624,1773482629,323.7523,53.389698,18.230429,44.363503,0.35794184,323.83502,53.422394,819.27374,0.359316791,0.933176432,0.367549779,3.835022,-186.5776,-21680.727,-0.367549779,-0.002301013,0.05,-0.03,0,0,-0.294039824
1773482629,TRUE,0.8844624,1773482629,323.7523,53.389698,18.230429,44.363503,0.35794184,323.81433,53.41422,816.6408,0.357074408,0.934037294,0.365147742,3.814331,-186.58578,-21683.36,-0.365147742,-0.002288599,0.05,-0.03,0,0,-0.292118193
1773482629,TRUE,0.8844624,1773482629,323.7523,53.389698,18.230429,44.363503,0.35794184,323.79883,53.40809,814.6687,0.355392621,0.93468294,0.363346222,3.7988281,-186.59192,-21685.332,-0.363346222,-0.002279297,0.05,-0.03,0,0,-0.290676978
1773482629,TRUE,0.8844624,1773482629,323.7523,53.389698,18.230429,44.363503,0.35794184,323.7872,53.403492,813.1911,0.354131281,0.935167175,0.361995096,3.787201,-186.59651,-21686.809,-0.361995096,-0.002272321,0.05,-0.03,0,0,-0.289596077
1773482629,TRUE,0.8844624,1773482629,323.7523,53.389698,18.230429,44.363503,0.35794184,323.77847,53.400043,812.0837,0.353185275,0.935530351,0.360981762,3.778473,-186.59996,-21687.916,-0.360981762,-0.002267084,0.05,-0.03,0,0,-0.288785409
1773482629,TRUE,0.8844624,1773482629,323.7523,53.389698,18.230429,44.363503,0.35794184,323.77194,53.397457,811.25354,0.352475771,0.935802733,0.360221768,3.7719421,-186.60254,-21688.746,-0.360221768,-0.002263165,0.05,-0.03,0,0,-0.288177415
1773482629,TRUE,0.8844624,1773482629,323.7523,53.389698,18.230429,44.363503,0.35794184,323.76703,53.395515,810.6313,0.351943643,0.936007019,0.359651778,3.7670288,-186.60449,-21689.37,-0.359651778,-0.002260217,0.05,-0.03,0,0,-0.287721423
1773482629,TRUE,0.88154095,1773482629,323.71942,51.7092,18.224308,45.051544,0.36280125,323.75513,52.973938,813.23584,0.352681366,0.93573185,0.360439154,3.755127,-187.02606,-21686.764,-0.360439154,-0.002253076,0.05,-0.03,0,0,-0.288351324
1773482629,TRUE,0.88154095,1773482629,323.71942,51.7092,18.224308,45.051544,0.36280125,323.74622,52.657753,815.18744,0.353234657,0.935525474,0.361029684,3.7462158,-187.34225,-21684.812,-0.361029684,-0.00224773,0.05,-0.03,0,0,-0.288823747
1773482629,TRUE,0.88154095,1773482629,323.71942,51.7092,18.224308,45.051544,0.36280125,323.7395,52.420616,816.6502,0.353649626,0.935370691,0.361472579,3.739502,-187.57938,-21683.35,-0.361472579,-0.002243701,0.05,-0.03,0,0,-0.289178063
1773482629,TRUE,0.88154095,1773482629,323.71942,51.7092,18.224308,45.051544,0.36280125,323.7345,52.24276,817.74664,0.353960853,0.935254604,0.361804749,3.734497,-187.75723,-21682.254,-0.361804749,-0.002240698,0.05,-0.03,0,0,-0.2894438
1773482629,TRUE,0.88154095,1773482629,323.71942,51.7092,18.224308,45.051544,0.36280125,323.7307,52.109367,818.56866,0.354194272,0.935167539,0.362053877,3.730713,-187.89062,-21681.432,-0.362053877,-0.002238428,0.05,-0.03,0,0,-0.289643101
1773482629,TRUE,0.88154095,1773482629,323.71942,51.7092,18.224308,45.051544,0.36280125,323.7279,52.009323,819.18506,0.354369337,0.93510224,0.362240721,3.7279053,-187.99068,-21680.814,-0.362240721,-0.002236743,0.05,-0.03,0,0,-0.289792577
1773482629,TRUE,0.88154095,1773482629,323.71942,51.7092,18.224308,45.051544,0.36280125,323.72577,51.93429,819.6472,0.354500636,0.935053266,0.362380855,3.725769,-188.0657,-21680.354,-0.362380855,-0.002235462,0.05,-0.03,0,0,-0.289904684
1773482629,TRUE,0.8474666,1773482629,322.79224,49.181767,19.33892,45.51088,0.36218858,323.49237,51.24616,834.6545,0.354455895,0.93507085,0.362332785,3.4923706,-188.75385,-21665.346,-0.362332785,-0.002095423,0.05,-0.03,0,0,-0.289866228
1773482629,TRUE,0.8474666,1773482629,322.79224,49.181767,19.33892,45.51088,0.36218858,323.31732,50.73006,845.9597,0.354422339,0.935084039,0.362296733,3.3173218,-189.26994,-21654.041,-0.362296733,-0.001990393,0.05,-0.03,0,0,-0.289837387
1773482629,TRUE,0.8474666,1773482629,322.79224,49.181767,19.33892,45.51088,0.36218858,323.18604,50.342987,854.4666,0.354397172,0.93509393,0.362269694,3.1860352,-189.65701,-21645.533,-0.362269694,-0.001911621,0.05,-0.03,0,0,-0.289815756
1773482629,TRUE,0.8474666,1773482629,322.79224,49.181767,19.33892,45.51088,0.36218858,323.0876,50.05268,860.86255,0.354378297,0.935101348,0.362249415,3.0875854,-189.94733,-21639.137,-0.362249415,-0.001852551,0.05,-0.03,0,0,-0.289799532
1773482629,TRUE,0.8474666,1773482629,322.79224,49.181767,19.33892,45.51088,0.36218858,323.01373,49.834953,865.66833,0.35436414,0.935106912,0.362234206,3.013733,-190.16504,-21634.332,-0.362234206,-0.00180824,0.05,-0.03,0,0,-0.289787365
1773482629,TRUE,0.8474666,1773482629,322.79224,49.181767,19.33892,45.51088,0.36218858,322.95837,49.671654,869.27765,0.354353523,0.935111085,0.362222799,2.958374,-190.32834,-21630.723,-0.362222799,-0.001775025,0.05,-0.03,0,0,-0.289778239
1773482629,TRUE,0.8474666,1773482629,322.79224,49.181767,19.33892,45.51088,0.36218858,322.91684,49.54918,871.98737,0.35434556,0.935114214,0.362214244,2.9168396,-190.45082,-21628.012,-0.362214244,-0.001750104,0.05,-0.03,0,0,-0.289771395
1773482629,TRUE,0.8487176,1773482629,322.34995,43.03034,19.240173,47.261772,0.3397748,322.77512,47.919468,881.30475,0.349077861,0.937043098,0.356604555,2.775116,-192.08054,-21618.695,-0.356604555,-0.00166507,0.05,-0.03,0,0,-0.285283644
1773482629,TRUE,0.8487176,1773482629,322.34995,43.03034,19.240173,47.261772,0.3397748,322.66882,46.697186,888.30023,0.345127086,0.93848976,0.352397038,2.6688232,-193.30281,-21611.7,-0.352397038,-0.001601294,0.05,-0.03,0,0,-0.28191763
1773482629,TRUE,0.8487176,1773482629,322.34995,43.03034,19.240173,47.261772,0.3397748,322.5891,45.78047,893.5511,0.342164006,0.939574757,0.349241359,2.5891113,-194.21953,-21606.45,-0.349241359,-0.001553467,0.05,-0.03,0,0,-0.279393088
1773482629,TRUE,0.8487176,1773482629,322.34995,43.03034,19.240173,47.261772,0.3397748,322.52933,45.092937,897.4915,0.339941695,0.940388504,0.34687462,2.5293274,-194.90706,-21602.508,-0.34687462,-0.001517597,0.05,-0.03,0,0,-0.277499696
1773482629,TRUE,0.8487176,1773482629,322.34995,43.03034,19.240173,47.261772,0.3397748,322.4845,44.577286,900.44806,0.338274962,0.940998815,0.345099595,2.484497,-195.42271,-21599.553,-0.345099595,-0.001490698,0.05,-0.03,0,0,-0.276079676
1773482629,TRUE,0.8487176,1773482629,322.34995,43.03034,19.240173,47.261772,0.3397748,322.45087,44.190548,902.66626,0.337024913,0.941456548,0.34376835,2.4508667,-195.80945,-21597.334,-0.34376835,-0.00147052,0.05,-0.03,0,0,-0.27501468
1773482629,TRUE,0.8487176,1773482629,322.34995,43.03034,19.240173,47.261772,0.3397748,322.42563,43.900494,904.33044,0.336087375,0.941799848,0.342769933,2.4256287,-196.0995,-21595.67,-0.342769933,-0.001455377,0.05,-0.03,0,0,-0.274215946
1773482629,TRUE,0.7818658,1773482629,321.36218,37.083477,19.226574,45.29752,0.36448026,322.15976,42.19624,895.97455,0.341181467,0.939927175,0.348197473,2.1597595,-197.80376,-21604.025,-0.348197473,-0.001295856,0.05,-0.03,0,0,-0.278557978
1773482629,TRUE,0.7818658,1773482629,321.36218,37.083477,19.226574,45.29752,0.36448026,321.96036,40.91805,889.7087,0.345002036,0.938522671,0.352268303,0,-199.08195,-21610.291,-0.352268303,0,0.05,-0.03,0,0,-0.281814642
1773482629,TRUE,0.7818658,1773482629,321.36218,37.083477,19.226574,45.29752,0.36448026,321.81082,39.959408,885.00977,0.347867462,0.937469292,0.355321433,0,-200.04059,-21614.99,-0.355321433,0,0.05,-0.03,0,0,-0.284257147
1773482629,TRUE,0.7818658,1773482629,321.36218,37.083477,19.226574,45.29752,0.36448026,321.69867,39.240425,881.48596,0.350016532,0.936679258,0.357611247,0,-200.75958,-21618.514,-0.357611247,0,0.05,-0.03,0,0,-0.286088998
1773482629,TRUE,0.7818658,1773482629,321.36218,37.083477,19.226574,45.29752,0.36448026,321.61456,38.701187,878.84314,0.351628335,0.936086733,0.359328572,0,-201.29881,-21621.156,-0.359328572,0,0.05,-0.03,0,0,-0.287462858
1773482629,TRUE,0.7818658,1773482629,321.36218,37.083477,19.226574,45.29752,0.36448026,321.55145,38.29676,876.8612,0.352837187,0.935642339,0.360616539,0,-201.70325,-21623.139,-0.360616539,0,0.05,-0.03,0,0,-0.288493231
1773482629,TRUE,0.7818658,1773482629,321.36218,37.083477,19.226574,45.29752,0.36448026,321.50415,37.99344,875.3748,0.353743825,0.935309043,0.361582496,0,-202.00656,-21624.625,-0.361582496,0,0.05,-0.03,0,0,-0.289265997
1773482629,TRUE,0.84727156,1773482629,319.2044,28.987823,21.52934,47.111202,0.35965455,320.9292,35.742035,909.4157,0.353295595,0.935486398,0.361100498,0,-204.25797,-21590.584,-0.361100498,0,0.05,-0.03,0,0,-0.288880398
1773482629,TRUE,0.84727156,1773482629,319.2044,28.987823,21.52934,47.111202,0.35965455,320.498,34.053482,935.24554,0.352959422,0.935619414,0.360739003,0,-205.94652,-21564.754,-0.360739003,0,0.05,-0.03,0,0,-0.288591203
1773482629,TRUE,0.84727156,1773482629,319.2044,28.987823,21.52934,47.111202,0.35965455,320.1746,32.787067,954.7862,0.352707292,0.935719176,0.360467885,0,-207.21294,-21545.213,-0.360467885,0,0.05,-0.03,0,0,-0.288374308
1773482629,TRUE,0.84727156,1773482629,319.2044,28.987823,21.52934,47.111202,0.35965455,319.93207,31.837257,969.5362,0.352518195,0.935793998,0.360264548,0,-208.16275,-21530.463,-0.360264548,0,0.05,-0.03,0,0,-0.288211639
1773482629,TRUE,0.84727156,1773482629,319.2044,28.987823,21.52934,47.111202,0.35965455,319.75015,31.124899,980.65204,0.352376372,0.935850114,0.360112047,0,-208.8751,-21519.348,-0.360112047,0,0.05,-0.03,0,0,-0.288089637
1773482629,TRUE,0.84727156,1773482629,319.2044,28.987823,21.52934,47.111202,0.35965455,319.6137,30.59063,989.0188,0.352270004,0.935892201,0.359997671,0,-209.40936,-21510.98,-0.359997671,0,0.05,-0.03,0,0,-0.287998137
1773482629,TRUE,0.84727156,1773482629,319.2044,28.987823,21.52934,47.111202,0.35965455,319.51138,30.189928,995.3107,0.352190229,0.935923766,0.359911889,0,-209.81007,-21504.69,-0.359911889,0,0.05,-0.03,0,0,-0.287929511
1773482629,TRUE,0.84727156,1773482629,319.2044,28.987823,21.52934,47.111202,0.35965455,319.43463,29.889402,1000.0392,0.352130397,0.93594744,0.359847553,0,-210.1106,-21499.96,-0.359847553,0,0.05,-0.03,0,0,-0.287878042
1773482630,TRUE,0.84727156,1773482629,319.2044,28.987823,21.52934,47.111202,0.35965455,319.37708,29.664007,1003.59094,0.352085524,0.935965196,0.359799301,0,-210.336,-21496.408,-0.359799301,0,0.05,-0.03,0,0,-0.287839441
1773482630,TRUE,0.84727156,1773482629,319.2044,28.987823,21.52934,47.111202,0.35965455,319.33392,29.49496,1006.2577,0.352051869,0.935978513,0.359763112,0,-210.50504,-21493.742,-0.359763112,0,0.05,-0.03,0,0,-0.28781049
1773482630,TRUE,0.84727156,1773482629,319.2044,28.987823,21.52934,47.111202,0.35965455,319.30154,29.368176,1008.2594,0.352026627,0.9359885,0.359735971,0,-210.63182,-21491.74,-0.359735971,0,0.05,-0.03,0,0,-0.287788776
1773482630,TRUE,0.84727156,1773482629,319.2044,28.987823,21.52934,47.111202,0.35965455,319.27728,29.273087,1009.7616,0.352007696,0.935995991,0.359715614,0,-210.72691,-21490.238,-0.359715614,0,0.05,-0.03,0,0,-0.287772491
1773482630,TRUE,0.84727156,1773482629,319.2044,28.987823,21.52934,47.111202,0.35965455,319.25906,29.20177,1010.8888,0.351993498,0.936001609,0.359700347,0,-210.79823,-21489.111,-0.359700347,0,0.05,-0.03,0,0,-0.287760278
1773482630,TRUE,0.84727156,1773482629,319.2044,28.987823,21.52934,47.111202,0.35965455,319.24542,29.148285,1011.7345,0.351982849,0.936005822,0.359688897,0,-210.85172,-21488.266,-0.359688897,0,0.05,-0.03,0,0,-0.287751117
1773482630,TRUE,0.84727156,1773482629,319.2044,28.987823,21.52934,47.111202,0.35965455,319.23517,29.10817,1012.369,0.351974862,0.936008982,0.359680309,0,-210.89183,-21487.63,-0.359680309,0,0.05,-0.03,0,0,-0.287744247
1773482630,TRUE,0.84727156,1773482629,319.2044,28.987823,21.52934,47.111202,0.35965455,319.22748,29.078083,1012.84503,0.351968872,0.936011352,0.359673868,0,-210.92192,-21487.154,-0.359673868,0,0.05,-0.03,0,0,-0.287739095
1773482630,TRUE,0.84727156,1773482629,319.2044,28.987823,21.52934,47.111202,0.35965455,319.2217,29.05552,1013.202,0.35196438,0.93601313,0.359669038,0,-210.94449,-21486.799,-0.359669038,0,0.05,-0.03,0,0,-0.28773523
1773482630,TRUE,0.84727156,1773482629,319.2044,28.987823,21.52934,47.111202,0.35965455,319.2174,29.038595,1013.4698,0.351961011,0.936014463,0.359665415,0,-210.96141,-21486.53,-0.359665415,0,0.05,-0.03,0,0,-0.287732332
1773482630,TRUE,0.84727156,1773482629,319.2044,28.987823,21.52934,47.111202,0.35965455,319.21417,29.025902,1013.6707,0.351958484,0.936015463,0.359662697,0,-210.97409,-21486.33,-0.359662697,0,0.05,-0.03,0,0,-0.287730158
1773482630,TRUE,0.84727156,1773482629,319.2044,28.987823,21.52934,47.111202,0.35965455,319.21173,29.016382,1013.82135,0.351956588,0.936016213,0.35966066,0,-210.98361,-21486.178,-0.35966066,0,0.05,-0.03,0,0,-0.287728528
1773482630,FALSE,0.84727156,1773482629,319.2044,28.987823,21.52934,47.111202,0.35965455,,,,,,,,,,,0,0,0,0,0,0
1773482630,FALSE,0.84727156,1773482629,319.2044,28.987823,21.52934,47.111202,0.35965455,,,,,,,,,,,0,0,0,0,0,0
1773482630,FALSE,0.84727156,1773482629,319.2044,28.987823,21.52934,47.111202,0.35965455,,,,,,,,,,,0,0,0,0,0,0
1773482630,FALSE,0.84727156,1773482629,319.2044,28.987823,21.52934,47.111202,0.35965455,,,,,,,,,,,0,0,0,0,0,0
1773482630,FALSE,0.84727156,1773482629,319.2044,28.987823,21.52934,47.111202,0.35965455,,,,,,,,,,,0,0,0,0,0,0
1773482630,FALSE,0.84727156,1773482629,319.2044,28.987823,21.52934,47.111202,0.35965455,,,,,,,,,,,0,0,0,0,0,0
1773482630,FALSE,0.84727156,1773482629,319.2044,28.987823,21.52934,47.111202,0.35965455,,,,,,,,,,,0,0,0,0,0,0
1773482630,FALSE,0.84727156,1773482629,319.2044,28.987823,21.52934,47.111202,0.35965455,,,,,,,,,,,0,0,0,0,0,0
1773482630,FALSE,0.84727156,1773482629,319.2044,28.987823,21.52934,47.111202,0.35965455,,,,,,,,,,,0,0,0,0,0,0
1773482630,FALSE,0.84727156,1773482629,319.2044,28.987823,21.52934,47.111202,0.35965455,,,,,,,,,,,0,0,0,0,0,0
1773482630,FALSE,0.84727156,1773482629,319.2044,28.987823,21.52934,47.111202,0.35965455,,,,,,,,,,,0,0,0,0,0,0
1773482630,FALSE,0.84727156,1773482629,319.2044,28.987823,21.52934,47.111202,0.35965455,,,,,,,,,,,0,0,0,0,0,0
1773482630,FALSE,0.84727156,1773482629,319.2044,28.987823,21.52934,47.111202,0.35965455,,,,,,,,,,,0,0,0,0,0,0
1773482630,FALSE,0.84727156,1773482629,319.2044,28.987823,21.52934,47.111202,0.35965455,,,,,,,,,,,0,0,0,0,0,0
1773482630,FALSE,0.84727156,1773482629,319.2044,28.987823,21.52934,47.111202,0.35965455,,,,,,,,,,,0,0,0,0,0,0
1773482630,FALSE,0.84727156,1773482629,319.2044,28.987823,21.52934,47.111202,0.35965455,,,,,,,,,,,0,0,0,0,0,0
1773482630,FALSE,0.84727156,1773482629,319.2044,28.987823,21.52934,47.111202,0.35965455,,,,,,,,,,,0,0,0,0,0,0
1773482630,FALSE,0.84727156,1773482629,319.2044,28.987823,21.52934,47.111202,0.35965455,,,,,,,,,,,0,0,0,0,0,0
1773482630,FALSE,0.84727156,1773482629,319.2044,28.987823,21.52934,47.111202,0.35965455,,,,,,,,,,,0,0,0,0,0,0
1773482630,FALSE,0.84727156,1773482629,319.2044,28.987823,21.52934,47.111202,0.35965455,,,,,,,,,,,0,0,0,0,0,0
1773482630,FALSE,0.84727156,1773482629,319.2044,28.987823,21.52934,47.111202,0.35965455,,,,,,,,,,,0,0,0,0,0,0
1773482630,FALSE,0.84727156,1773482629,319.2044,28.987823,21.52934,47.111202,0.35965455,,,,,,,,,,,0,0,0,0,0,0
1773482630,FALSE,0.84727156,1773482629,319.2044,28.987823,21.52934,47.111202,0.35965455,,,,,,,,,,,0,0,0,0,0,0
1773482630,FALSE,0.84727156,1773482629,319.2044,28.987823,21.52934,47.111202,0.35965455,,,,,,,,,,,0,0,0,0,0,0
1773482630,FALSE,0.84727156,1773482629,319.2044,28.987823,21.52934,47.111202,0.35965455,,,,,,,,,,,0,0,0,0,0,0
1773482630,FALSE,0.84727156,1773482629,319.2044,28.987823,21.52934,47.111202,0.35965455,,,,,,,,,,,0,0,0,0,0,0
1773482630,FALSE,0.84727156,1773482629,319.2044,28.987823,21.52934,47.111202,0.35965455,,,,,,,,,,,0,0,0,0,0,0
1773482630,FALSE,0.84727156,1773482629,319.2044,28.987823,21.52934,47.111202,0.35965455,,,,,,,,,,,0,0,0,0,0,0
1773482630,FALSE,0.84727156,1773482629,319.2044,28.987823,21.52934,47.111202,0.35965455,,,,,,,,,,,0,0,0,0,0,0
1773482630,FALSE,0.84727156,1773482629,319.2044,28.987823,21.52934,47.111202,0.35965455,,,,,,,,,,,0,0,0,0,0,0
1773482630,FALSE,0.84727156,1773482629,319.2044,28.987823,21.52934,47.111202,0.35965455,,,,,,,,,,,0,0,0,0,0,0
1773482630,FALSE,0.84727156,1773482629,319.2044,28.987823,21.52934,47.111202,0.35965455,,,,,,,,,,,0,0,0,0,0,0
1773482630,FALSE,0.84727156,1773482629,319.2044,28.987823,21.52934,47.111202,0.35965455,,,,,,,,,,,0,0,0,0,0,0
1773482630,FALSE,0.84727156,1773482629,319.2044,28.987823,21.52934,47.111202,0.35965455,,,,,,,,,,,0,0,0,0,0,0
1773482630,FALSE,0.84727156,1773482629,319.2044,28.987823,21.52934,47.111202,0.35965455,,,,,,,,,,,0,0,0,0,0,0
1773482630,FALSE,0.84727156,1773482629,319.2044,28.987823,21.52934,47.111202,0.35965455,,,,,,,,,,,0,0,0,0,0,0
1773482630,FALSE,0.84727156,1773482629,319.2044,28.987823,21.52934,47.111202,0.35965455,,,,,,,,,,,0,0,0,0,0,0
1773482630,FALSE,0.84727156,1773482629,319.2044,28.987823,21.52934,47.111202,0.35965455,,,,,,,,,,,0,0,0,0,0,0
1773482630,FALSE,0.84727156,1773482629,319.2044,28.987823,21.52934,47.111202,0.35965455,,,,,,,,,,,0,0,0,0,0,0
1773482630,FALSE,0.84727156,1773482629,319.2044,28.987823,21.52934,47.111202,0.35965455,,,,,,,,,,,0,0,0,0,0,0
1773482630,FALSE,0.84727156,1773482629,319.2044,28.987823,21.52934,47.111202,0.35965455,,,,,,,,,,,0,0,0,0,0,0
1773482630,FALSE,0.84727156,1773482629,319.2044,28.987823,21.52934,47.111202,0.35965455,,,,,,,,,,,0,0,0,0,0,0
1773482630,FALSE,0.84727156,1773482629,319.2044,28.987823,21.52934,47.111202,0.35965455,,,,,,,,,,,0,0,0,0,0,0
1773482630,FALSE,0.84727156,1773482629,319.2044,28.987823,21.52934,47.111202,0.35965455,,,,,,,,,,,0,0,0,0,0,0
1773482630,FALSE,0.84727156,1773482629,319.2044,28.987823,21.52934,47.111202,0.35965455,,,,,,,,,,,0,0,0,0,0,0
1773482630,FALSE,0.84727156,1773482629,319.2044,28.987823,21.52934,47.111202,0.35965455,,,,,,,,,,,0,0,0,0,0,0
1773482630,FALSE,0.84727156,1773482629,319.2044,28.987823,21.52934,47.111202,0.35965455,,,,,,,,,,,0,0,0,0,0,0
1773482630,FALSE,0.84727156,1773482629,319.2044,28.987823,21.52934,47.111202,0.35965455,,,,,,,,,,,0,0,0,0,0,0
1773482630,FALSE,0.84727156,1773482629,319.2044,28.987823,21.52934,47.111202,0.35965455,,,,,,,,,,,0,0,0,0,0,0
1773482630,FALSE,0.84727156,1773482629,319.2044,28.987823,21.52934,47.111202,0.35965455,,,,,,,,,,,0,0,0,0,0,0
1773482630,FALSE,0.84727156,1773482629,319.2044,28.987823,21.52934,47.111202,0.35965455,,,,,,,,,,,0,0,0,0,0,0
1773482630,FALSE,0.84727156,1773482629,319.2044,28.987823,21.52934,47.111202,0.35965455,,,,,,,,,,,0,0,0,0,0,0
1773482630,FALSE,0.84727156,1773482629,319.2044,28.987823,21.52934,47.111202,0.35965455,,,,,,,,,,,0,0,0,0,0,0
1773482630,FALSE,0.84727156,1773482629,319.2044,28.987823,21.52934,47.111202,0.35965455,,,,,,,,,,,0,0,0,0,0,0
1773482630,FALSE,0.84727156,1773482629,319.2044,28.987823,21.52934,47.111202,0.35965455,,,,,,,,,,,0,0,0,0,0,0
1773482630,FALSE,0.84727156,1773482629,319.2044,28.987823,21.52934,47.111202,0.35965455,,,,,,,,,,,0,0,0,0,0,0
1773482630,FALSE,0.84727156,1773482629,319.2044,28.987823,21.52934,47.111202,0.35965455,,,,,,,,,,,0,0,0,0,0,0
1773482630,FALSE,0.84727156,1773482629,319.2044,28.987823,21.52934,47.111202,0.35965455,,,,,,,,,,,0,0,0,0,0,0
1773482630,FALSE,0.84727156,1773482629,319.2044,28.987823,21.52934,47.111202,0.35965455,,,,,,,,,,,0,0,0,0,0,0
1773482630,FALSE,0.84727156,1773482629,319.2044,28.987823,21.52934,47.111202,0.35965455,,,,,,,,,,,0,0,0,0,0,0
1773482630,FALSE,0.84727156,1773482629,319.2044,28.987823,21.52934,47.111202,0.35965455,,,,,,,,,,,0,0,0,0,0,0
1773482630,FALSE,0.84727156,1773482629,319.2044,28.987823,21.52934,47.111202,0.35965455,,,,,,,,,,,0,0,0,0,0,0
1773482630,FALSE,0.84727156,1773482629,319.2044,28.987823,21.52934,47.111202,0.35965455,,,,,,,,,,,0,0,0,0,0,0
1773482630,FALSE,0.84727156,1773482629,319.2044,28.987823,21.52934,47.111202,0.35965455,,,,,,,,,,,0,0,0,0,0,0
1773482630,FALSE,0.84727156,1773482629,319.2044,28.987823,21.52934,47.111202,0.35965455,,,,,,,,,,,0,0,0,0,0,0
1773482630,FALSE,0.84727156,1773482629,319.2044,28.987823,21.52934,47.111202,0.35965455,,,,,,,,,,,0,0,0,0,0,0
1773482630,FALSE,0.84727156,1773482629,319.2044,28.987823,21.52934,47.111202,0.35965455,,,,,,,,,,,0,0,0,0,0,0
1773482630,FALSE,0.84727156,1773482629,319.2044,28.987823,21.52934,47.111202,0.35965455,,,,,,,,,,,0,0,0,0,0,0
1773482630,FALSE,0.84727156,1773482629,319.2044,28.987823,21.52934,47.111202,0.35965455,,,,,,,,,,,0,0,0,0,0,0
1773482630,FALSE,0.84727156,1773482629,319.2044,28.987823,21.52934,47.111202,0.35965455,,,,,,,,,,,0,0,0,0,0,0
1773482630,FALSE,0.84727156,1773482629,319.2044,28.987823,21.52934,47.111202,0.35965455,,,,,,,,,,,0,0,0,0,0,0
1773482630,FALSE,0.84727156,1773482629,319.2044,28.987823,21.52934,47.111202,0.35965455,,,,,,,,,,,0,0,0,0,0,0
1773482630,FALSE,0.84727156,1773482629,319.2044,28.987823,21.52934,47.111202,0.35965455,,,,,,,,,,,0,0,0,0,0,0
1773482630,FALSE,0.84727156,1773482629,319.2044,28.987823,21.52934,47.111202,0.35965455,,,,,,,,,,,0,0,0,0,0,0
1773482630,FALSE,0.84727156,1773482629,319.2044,28.987823,21.52934,47.111202,0.35965455,,,,,,,,,,,0,0,0,0,0,0
1773482630,FALSE,0.84727156,1773482629,319.2044,28.987823,21.52934,47.111202,0.35965455,,,,,,,,,,,0,0,0,0,0,0
1773482630,FALSE,0.84727156,1773482629,319.2044,28.987823,21.52934,47.111202,0.35965455,,,,,,,,,,,0,0,0,0,0,0
1773482630,FALSE,0.84727156,1773482629,319.2044,28.987823,21.52934,47.111202,0.35965455,,,,,,,,,,,0,0,0,0,0,0
1773482630,FALSE,0.84727156,1773482629,319.2044,28.987823,21.52934,47.111202,0.35965455,,,,,,,,,,,0,0,0,0,0,0
1773482630,FALSE,0.84727156,1773482629,319.2044,28.987823,21.52934,47.111202,0.35965455,,,,,,,,,,,0,0,0,0,0,0
1773482630,FALSE,0.84727156,1773482629,319.2044,28.987823,21.52934,47.111202,0.35965455,,,,,,,,,,,0,0,0,0,0,0
1773482630,FALSE,0.84727156,1773482629,319.2044,28.987823,21.52934,47.111202,0.35965455,,,,,,,,,,,0,0,0,0,0,0
1773482630,FALSE,0.84727156,1773482629,319.2044,28.987823,21.52934,47.111202,0.35965455,,,,,,,,,,,0,0,0,0,0,0
1773482630,FALSE,0.84727156,1773482629,319.2044,28.987823,21.52934,47.111202,0.35965455,,,,,,,,,,,0,0,0,0,0,0
1773482630,FALSE,0.84727156,1773482629,319.2044,28.987823,21.52934,47.111202,0.35965455,,,,,,,,,,,0,0,0,0,0,0
1773482630,FALSE,0.84727156,1773482629,319.2044,28.987823,21.52934,47.111202,0.35965455,,,,,,,,,,,0,0,0,0,0,0
1773482630,FALSE,0.84727156,1773482629,319.2044,28.987823,21.52934,47.111202,0.35965455,,,,,,,,,,,0,0,0,0,0,0
1773482630,FALSE,0.84727156,1773482629,319.2044,28.987823,21.52934,47.111202,0.35965455,,,,,,,,,,,0,0,0,0,0,0
1773482631,FALSE,0.84727156,1773482629,319.2044,28.987823,21.52934,47.111202,0.35965455,,,,,,,,,,,0,0,0,0,0,0
1773482631,FALSE,0.84727156,1773482629,319.2044,28.987823,21.52934,47.111202,0.35965455,,,,,,,,,,,0,0,0,0,0,0
1773482631,FALSE,0.84727156,1773482629,319.2044,28.987823,21.52934,47.111202,0.35965455,,,,,,,,,,,0,0,0,0,0,0
1773482631,FALSE,0.84727156,1773482629,319.2044,28.987823,21.52934,47.111202,0.35965455,,,,,,,,,,,0,0,0,0,0,0
1773482631,FALSE,0.84727156,1773482629,319.2044,28.987823,21.52934,47.111202,0.35965455,,,,,,,,,,,0,0,0,0,0,0
1773482631,FALSE,0.84727156,1773482629,319.2044,28.987823,21.52934,47.111202,0.35965455,,,,,,,,,,,0,0,0,0,0,0
1773482631,FALSE,0.84727156,1773482629,319.2044,28.987823,21.52934,47.111202,0.35965455,,,,,,,,,,,0,0,0,0,0,0
1773482631,FALSE,0.84727156,1773482629,319.2044,28.987823,21.52934,47.111202,0.35965455,,,,,,,,,,,0,0,0,0,0,0
1773482631,FALSE,0.84727156,1773482629,319.2044,28.987823,21.52934,47.111202,0.35965455,,,,,,,,,,,0,0,0,0,0,0
1773482631,FALSE,0.84727156,1773482629,319.2044,28.987823,21.52934,47.111202,0.35965455,,,,,,,,,,,0,0,0,0,0,0
1773482631,FALSE,0.84727156,1773482629,319.2044,28.987823,21.52934,47.111202,0.35965455,,,,,,,,,,,0,0,0,0,0,0
1773482631,FALSE,0.84727156,1773482629,319.2044,28.987823,21.52934,47.111202,0.35965455,,,,,,,,,,,0,0,0,0,0,0
1773482631,FALSE,0.84727156,1773482629,319.2044,28.987823,21.52934,47.111202,0.35965455,,,,,,,,,,,0,0,0,0,0,0
1773482631,FALSE,0.84727156,1773482629,319.2044,28.987823,21.52934,47.111202,0.35965455,,,,,,,,,,,0,0,0,0,0,0
1773482631,FALSE,0.84727156,1773482629,319.2044,28.987823,21.52934,47.111202,0.35965455,,,,,,,,,,,0,0,0,0,0,0
1773482631,FALSE,0.84727156,1773482629,319.2044,28.987823,21.52934,47.111202,0.35965455,,,,,,,,,,,0,0,0,0,0,0
1773482631,FALSE,0.84727156,1773482629,319.2044,28.987823,21.52934,47.111202,0.35965455,,,,,,,,,,,0,0,0,0,0,0
1773482631,FALSE,0.84727156,1773482629,319.2044,28.987823,21.52934,47.111202,0.35965455,,,,,,,,,,,0,0,0,0,0,0
1773482631,FALSE,0.84727156,1773482629,319.2044,28.987823,21.52934,47.111202,0.35965455,,,,,,,,,,,0,0,0,0,0,0
1773482631,FALSE,0.84727156,1773482629,319.2044,28.987823,21.52934,47.111202,0.35965455,,,,,,,,,,,0,0,0,0,0,0
1773482631,FALSE,0.84727156,1773482629,319.2044,28.987823,21.52934,47.111202,0.35965455,,,,,,,,,,,0,0,0,0,0,0
1773482631,FALSE,0.84727156,1773482629,319.2044,28.987823,21.52934,47.111202,0.35965455,,,,,,,,,,,0,0,0,0,0,0
1773482631,FALSE,0.84727156,1773482629,319.2044,28.987823,21.52934,47.111202,0.35965455,,,,,,,,,,,0,0,0,0,0,0
1773482631,FALSE,0.84727156,1773482629,319.2044,28.987823,21.52934,47.111202,0.35965455,,,,,,,,,,,0,0,0,0,0,0
1773482631,FALSE,0.84727156,1773482629,319.2044,28.987823,21.52934,47.111202,0.35965455,,,,,,,,,,,0,0,0,0,0,0
1773482631,FALSE,0.84727156,1773482629,319.2044,28.987823,21.52934,47.111202,0.35965455,,,,,,,,,,,0,0,0,0,0,0
1773482631,FALSE,0.84727156,1773482629,319.2044,28.987823,21.52934,47.111202,0.35965455,,,,,,,,,,,0,0,0,0,0,0
1773482631,FALSE,0.84727156,1773482629,319.2044,28.987823,21.52934,47.111202,0.35965455,,,,,,,,,,,0,0,0,0,0,0
1773482631,FALSE,0.84727156,1773482629,319.2044,28.987823,21.52934,47.111202,0.35965455,,,,,,,,,,,0,0,0,0,0,0
1773482631,FALSE,0.84727156,1773482629,319.2044,28.987823,21.52934,47.111202,0.35965455,,,,,,,,,,,0,0,0,0,0,0
1773482631,FALSE,0.84727156,1773482629,319.2044,28.987823,21.52934,47.111202,0.35965455,,,,,,,,,,,0,0,0,0,0,0
1773482631,FALSE,0.84727156,1773482629,319.2044,28.987823,21.52934,47.111202,0.35965455,,,,,,,,,,,0,0,0,0,0,0
1773482631,FALSE,0.84727156,1773482629,319.2044,28.987823,21.52934,47.111202,0.35965455,,,,,,,,,,,0,0,0,0,0,0
1773482631,FALSE,0.84727156,1773482629,319.2044,28.987823,21.52934,47.111202,0.35965455,,,,,,,,,,,0,0,0,0,0,0
1773482631,FALSE,0.84727156,1773482629,319.2044,28.987823,21.52934,47.111202,0.35965455,,,,,,,,,,,0,0,0,0,0,0
1773482631,FALSE,0.84727156,1773482629,319.2044,28.987823,21.52934,47.111202,0.35965455,,,,,,,,,,,0,0,0,0,0,0
1773482631,FALSE,0.84727156,1773482629,319.2044,28.987823,21.52934,47.111202,0.35965455,,,,,,,,,,,0,0,0,0,0,0
1773482631,FALSE,0.84727156,1773482629,319.2044,28.987823,21.52934,47.111202,0.35965455,,,,,,,,,,,0,0,0,0,0,0
1773482631,FALSE,0.84727156,1773482629,319.2044,28.987823,21.52934,47.111202,0.35965455,,,,,,,,,,,0,0,0,0,0,0
1773482631,FALSE,0.84727156,1773482629,319.2044,28.987823,21.52934,47.111202,0.35965455,,,,,,,,,,,0,0,0,0,0,0
1773482631,FALSE,0.84727156,1773482629,319.2044,28.987823,21.52934,47.111202,0.35965455,,,,,,,,,,,0,0,0,0,0,0
1773482631,FALSE,0.84727156,1773482629,319.2044,28.987823,21.52934,47.111202,0.35965455,,,,,,,,,,,0,0,0,0,0,0
1773482631,FALSE,0.84727156,1773482629,319.2044,28.987823,21.52934,47.111202,0.35965455,,,,,,,,,,,0,0,0,0,0,0
1773482631,FALSE,0.84727156,1773482629,319.2044,28.987823,21.52934,47.111202,0.35965455,,,,,,,,,,,0,0,0,0,0,0
1773482631,FALSE,0.84727156,1773482629,319.2044,28.987823,21.52934,47.111202,0.35965455,,,,,,,,,,,0,0,0,0,0,0
1773482631,FALSE,0.84727156,1773482629,319.2044,28.987823,21.52934,47.111202,0.35965455,,,,,,,,,,,0,0,0,0,0,0
1773482631,FALSE,0.84727156,1773482629,319.2044,28.987823,21.52934,47.111202,0.35965455,,,,,,,,,,,0,0,0,0,0,0
1773482631,FALSE,0.84727156,1773482629,319.2044,28.987823,21.52934,47.111202,0.35965455,,,,,,,,,,,0,0,0,0,0,0
1773482631,FALSE,0.84727156,1773482629,319.2044,28.987823,21.52934,47.111202,0.35965455,,,,,,,,,,,0,0,0,0,0,0
1773482631,FALSE,0.84727156,1773482629,319.2044,28.987823,21.52934,47.111202,0.35965455,,,,,,,,,,,0,0,0,0,0,0
1773482631,FALSE,0.84727156,1773482629,319.2044,28.987823,21.52934,47.111202,0.35965455,,,,,,,,,,,0,0,0,0,0,0
1773482631,FALSE,0.84727156,1773482629,319.2044,28.987823,21.52934,47.111202,0.35965455,,,,,,,,,,,0,0,0,0,0,0
1773482631,FALSE,0.84727156,1773482629,319.2044,28.987823,21.52934,47.111202,0.35965455,,,,,,,,,,,0,0,0,0,0,0
1773482631,FALSE,0.84727156,1773482629,319.2044,28.987823,21.52934,47.111202,0.35965455,,,,,,,,,,,0,0,0,0,0,0
1773482631,FALSE,0.84727156,1773482629,319.2044,28.987823,21.52934,47.111202,0.35965455,,,,,,,,,,,0,0,0,0,0,0
1773482631,FALSE,0.84727156,1773482629,319.2044,28.987823,21.52934,47.111202,0.35965455,,,,,,,,,,,0,0,0,0,0,0
1773482631,FALSE,0.84727156,1773482629,319.2044,28.987823,21.52934,47.111202,0.35965455,,,,,,,,,,,0,0,0,0,0,0
1773482631,FALSE,0.84727156,1773482629,319.2044,28.987823,21.52934,47.111202,0.35965455,,,,,,,,,,,0,0,0,0,0,0
1773482631,FALSE,0.84727156,1773482629,319.2044,28.987823,21.52934,47.111202,0.35965455,,,,,,,,,,,0,0,0,0,0,0
1773482631,FALSE,0.84727156,1773482629,319.2044,28.987823,21.52934,47.111202,0.35965455,,,,,,,,,,,0,0,0,0,0,0
1773482631,FALSE,0.84727156,1773482629,319.2044,28.987823,21.52934,47.111202,0.35965455,,,,,,,,,,,0,0,0,0,0,0
1773482631,FALSE,0.84727156,1773482629,319.2044,28.987823,21.52934,47.111202,0.35965455,,,,,,,,,,,0,0,0,0,0,0
1773482631,FALSE,0.84727156,1773482629,319.2044,28.987823,21.52934,47.111202,0.35965455,,,,,,,,,,,0,0,0,0,0,0
1773482631,FALSE,0.84727156,1773482629,319.2044,28.987823,21.52934,47.111202,0.35965455,,,,,,,,,,,0,0,0,0,0,0
1773482631,FALSE,0.84727156,1773482629,319.2044,28.987823,21.52934,47.111202,0.35965455,,,,,,,,,,,0,0,0,0,0,0
1773482631,FALSE,0.84727156,1773482629,319.2044,28.987823,21.52934,47.111202,0.35965455,,,,,,,,,,,0,0,0,0,0,0
1773482631,FALSE,0.84727156,1773482629,319.2044,28.987823,21.52934,47.111202,0.35965455,,,,,,,,,,,0,0,0,0,0,0
1773482631,FALSE,0.84727156,1773482629,319.2044,28.987823,21.52934,47.111202,0.35965455,,,,,,,,,,,0,0,0,0,0,0
1773482631,FALSE,0.84727156,1773482629,319.2044,28.987823,21.52934,47.111202,0.35965455,,,,,,,,,,,0,0,0,0,0,0
1773482631,FALSE,0.84727156,1773482629,319.2044,28.987823,21.52934,47.111202,0.35965455,,,,,,,,,,,0,0,0,0,0,0
1773482631,FALSE,0.84727156,1773482629,319.2044,28.987823,21.52934,47.111202,0.35965455,,,,,,,,,,,0,0,0,0,0,0
1773482631,FALSE,0.84727156,1773482629,319.2044,28.987823,21.52934,47.111202,0.35965455,,,,,,,,,,,0,0,0,0,0,0
1773482631,FALSE,0.84727156,1773482629,319.2044,28.987823,21.52934,47.111202,0.35965455,,,,,,,,,,,0,0,0,0,0,0
1773482631,FALSE,0.84727156,1773482629,319.2044,28.987823,21.52934,47.111202,0.35965455,,,,,,,,,,,0,0,0,0,0,0
1773482631,FALSE,0.84727156,1773482629,319.2044,28.987823,21.52934,47.111202,0.35965455,,,,,,,,,,,0,0,0,0,0,0
1773482631,FALSE,0.84727156,1773482629,319.2044,28.987823,21.52934,47.111202,0.35965455,,,,,,,,,,,0,0,0,0,0,0
1773482631,FALSE,0.84727156,1773482629,319.2044,28.987823,21.52934,47.111202,0.35965455,,,,,,,,,,,0,0,0,0,0,0
1773482631,FALSE,0.84727156,1773482629,319.2044,28.987823,21.52934,47.111202,0.35965455,,,,,,,,,,,0,0,0,0,0,0
1773482631,FALSE,0.84727156,1773482629,319.2044,28.987823,21.52934,47.111202,0.35965455,,,,,,,,,,,0,0,0,0,0,0
1773482631,FALSE,0.84727156,1773482629,319.2044,28.987823,21.52934,47.111202,0.35965455,,,,,,,,,,,0,0,0,0,0,0
1773482631,FALSE,0.84727156,1773482629,319.2044,28.987823,21.52934,47.111202,0.35965455,,,,,,,,,,,0,0,0,0,0,0
1773482631,FALSE,0.84727156,1773482629,319.2044,28.987823,21.52934,47.111202,0.35965455,,,,,,,,,,,0,0,0,0,0,0
1773482631,FALSE,0.84727156,1773482629,319.2044,28.987823,21.52934,47.111202,0.35965455,,,,,,,,,,,0,0,0,0,0,0
1773482631,FALSE,0.84727156,1773482629,319.2044,28.987823,21.52934,47.111202,0.35965455,,,,,,,,,,,0,0,0,0,0,0
1773482631,FALSE,0.84727156,1773482629,319.2044,28.987823,21.52934,47.111202,0.35965455,,,,,,,,,,,0,0,0,0,0,0
1773482631,FALSE,0.84727156,1773482629,319.2044,28.987823,21.52934,47.111202,0.35965455,,,,,,,,,,,0,0,0,0,0,0
1773482631,FALSE,0.84727156,1773482629,319.2044,28.987823,21.52934,47.111202,0.35965455,,,,,,,,,,,0,0,0,0,0,0
1773482631,FALSE,0.84727156,1773482629,319.2044,28.987823,21.52934,47.111202,0.35965455,,,,,,,,,,,0,0,0,0,0,0
1773482631,FALSE,0.84727156,1773482629,319.2044,28.987823,21.52934,47.111202,0.35965455,,,,,,,,,,,0,0,0,0,0,0
1773482631,FALSE,0.84727156,1773482629,319.2044,28.987823,21.52934,47.111202,0.35965455,,,,,,,,,,,0,0,0,0,0,0
1773482631,FALSE,0.84727156,1773482629,319.2044,28.987823,21.52934,47.111202,0.35965455,,,,,,,,,,,0,0,0,0,0,0
1773482631,FALSE,0.84727156,1773482629,319.2044,28.987823,21.52934,47.111202,0.35965455,,,,,,,,,,,0,0,0,0,0,0
1773482631,FALSE,0.84727156,1773482629,319.2044,28.987823,21.52934,47.111202,0.35965455,,,,,,,,,,,0,0,0,0,0,0
1773482631,FALSE,0.84727156,1773482629,319.2044,28.987823,21.52934,47.111202,0.35965455,,,,,,,,,,,0,0,0,0,0,0
1773482631,FALSE,0.84727156,1773482629,319.2044,28.987823,21.52934,47.111202,0.35965455,,,,,,,,,,,0,0,0,0,0,0
1773482631,FALSE,0.84727156,1773482629,319.2044,28.987823,21.52934,47.111202,0.35965455,,,,,,,,,,,0,0,0,0,0,0
1773482631,FALSE,0.84727156,1773482629,319.2044,28.987823,21.52934,47.111202,0.35965455,,,,,,,,,,,0,0,0,0,0,0
1773482631,FALSE,0.84727156,1773482629,319.2044,28.987823,21.52934,47.111202,0.35965455,,,,,,,,,,,0,0,0,0,0,0
1773482631,FALSE,0.84727156,1773482629,319.2044,28.987823,21.52934,47.111202,0.35965455,,,,,,,,,,,0,0,0,0,0,0
1773482631,FALSE,0.84727156,1773482629,319.2044,28.987823,21.52934,47.111202,0.35965455,,,,,,,,,,,0,0,0,0,0,0
1773482632,FALSE,0.84727156,1773482629,319.2044,28.987823,21.52934,47.111202,0.35965455,,,,,,,,,,,0,0,0,0,0,0
1773482632,FALSE,0.84727156,1773482629,319.2044,28.987823,21.52934,47.111202,0.35965455,,,,,,,,,,,0,0,0,0,0,0
1773482632,FALSE,0.84727156,1773482629,319.2044,28.987823,21.52934,47.111202,0.35965455,,,,,,,,,,,0,0,0,0,0,0
1773482632,FALSE,0.84727156,1773482629,319.2044,28.987823,21.52934,47.111202,0.35965455,,,,,,,,,,,0,0,0,0,0,0
1773482632,FALSE,0.84727156,1773482629,319.2044,28.987823,21.52934,47.111202,0.35965455,,,,,,,,,,,0,0,0,0,0,0
1773482632,FALSE,0.84727156,1773482629,319.2044,28.987823,21.52934,47.111202,0.35965455,,,,,,,,,,,0,0,0,0,0,0
1773482632,FALSE,0.84727156,1773482629,319.2044,28.987823,21.52934,47.111202,0.35965455,,,,,,,,,,,0,0,0,0,0,0
1773482632,FALSE,0.84727156,1773482629,319.2044,28.987823,21.52934,47.111202,0.35965455,,,,,,,,,,,0,0,0,0,0,0
1773482632,FALSE,0.84727156,1773482629,319.2044,28.987823,21.52934,47.111202,0.35965455,,,,,,,,,,,0,0,0,0,0,0
1773482632,FALSE,0.84727156,1773482629,319.2044,28.987823,21.52934,47.111202,0.35965455,,,,,,,,,,,0,0,0,0,0,0
1773482632,FALSE,0.84727156,1773482629,319.2044,28.987823,21.52934,47.111202,0.35965455,,,,,,,,,,,0,0,0,0,0,0
1773482632,FALSE,0.84727156,1773482629,319.2044,28.987823,21.52934,47.111202,0.35965455,,,,,,,,,,,0,0,0,0,0,0
1773482632,FALSE,0.84727156,1773482629,319.2044,28.987823,21.52934,47.111202,0.35965455,,,,,,,,,,,0,0,0,0,0,0
1773482632,FALSE,0.84727156,1773482629,319.2044,28.987823,21.52934,47.111202,0.35965455,,,,,,,,,,,0,0,0,0,0,0
1773482632,FALSE,0.84727156,1773482629,319.2044,28.987823,21.52934,47.111202,0.35965455,,,,,,,,,,,0,0,0,0,0,0
1773482632,FALSE,0.84727156,1773482629,319.2044,28.987823,21.52934,47.111202,0.35965455,,,,,,,,,,,0,0,0,0,0,0
1773482632,FALSE,0.84727156,1773482629,319.2044,28.987823,21.52934,47.111202,0.35965455,,,,,,,,,,,0,0,0,0,0,0
1773482632,FALSE,0.84727156,1773482629,319.2044,28.987823,21.52934,47.111202,0.35965455,,,,,,,,,,,0,0,0,0,0,0
1773482632,FALSE,0.84727156,1773482629,319.2044,28.987823,21.52934,47.111202,0.35965455,,,,,,,,,,,0,0,0,0,0,0
1773482632,FALSE,0.84727156,1773482629,319.2044,28.987823,21.52934,47.111202,0.35965455,,,,,,,,,,,0,0,0,0,0,0
1773482632,FALSE,0.84727156,1773482629,319.2044,28.987823,21.52934,47.111202,0.35965455,,,,,,,,,,,0,0,0,0,0,0
1773482632,FALSE,0.84727156,1773482629,319.2044,28.987823,21.52934,47.111202,0.35965455,,,,,,,,,,,0,0,0,0,0,0
1773482632,FALSE,0.84727156,1773482629,319.2044,28.987823,21.52934,47.111202,0.35965455,,,,,,,,,,,0,0,0,0,0,0
1773482632,FALSE,0.84727156,1773482629,319.2044,28.987823,21.52934,47.111202,0.35965455,,,,,,,,,,,0,0,0,0,0,0
1773482632,FALSE,0.84727156,1773482629,319.2044,28.987823,21.52934,47.111202,0.35965455,,,,,,,,,,,0,0,0,0,0,0
1773482632,FALSE,0.84727156,1773482629,319.2044,28.987823,21.52934,47.111202,0.35965455,,,,,,,,,,,0,0,0,0,0,0
1773482632,FALSE,0.84727156,1773482629,319.2044,28.987823,21.52934,47.111202,0.35965455,,,,,,,,,,,0,0,0,0,0,0
1773482632,FALSE,0.84727156,1773482629,319.2044,28.987823,21.52934,47.111202,0.35965455,,,,,,,,,,,0,0,0,0,0,0
1773482632,FALSE,0.84727156,1773482629,319.2044,28.987823,21.52934,47.111202,0.35965455,,,,,,,,,,,0,0,0,0,0,0
1773482632,FALSE,0.84727156,1773482629,319.2044,28.987823,21.52934,47.111202,0.35965455,,,,,,,,,,,0,0,0,0,0,0
1773482632,FALSE,0.84727156,1773482629,319.2044,28.987823,21.52934,47.111202,0.35965455,,,,,,,,,,,0,0,0,0,0,0
1773482632,FALSE,0.84727156,1773482629,319.2044,28.987823,21.52934,47.111202,0.35965455,,,,,,,,,,,0,0,0,0,0,0
1773482632,FALSE,0.84727156,1773482629,319.2044,28.987823,21.52934,47.111202,0.35965455,,,,,,,,,,,0,0,0,0,0,0
1773482632,FALSE,0.84727156,1773482629,319.2044,28.987823,21.52934,47.111202,0.35965455,,,,,,,,,,,0,0,0,0,0,0
1773482632,FALSE,0.84727156,1773482629,319.2044,28.987823,21.52934,47.111202,0.35965455,,,,,,,,,,,0,0,0,0,0,0
1773482632,FALSE,0.84727156,1773482629,319.2044,28.987823,21.52934,47.111202,0.35965455,,,,,,,,,,,0,0,0,0,0,0
1773482632,FALSE,0.84727156,1773482629,319.2044,28.987823,21.52934,47.111202,0.35965455,,,,,,,,,,,0,0,0,0,0,0
1773482632,FALSE,0.84727156,1773482629,319.2044,28.987823,21.52934,47.111202,0.35965455,,,,,,,,,,,0,0,0,0,0,0
1773482632,FALSE,0.84727156,1773482629,319.2044,28.987823,21.52934,47.111202,0.35965455,,,,,,,,,,,0,0,0,0,0,0
1773482632,FALSE,0.84727156,1773482629,319.2044,28.987823,21.52934,47.111202,0.35965455,,,,,,,,,,,0,0,0,0,0,0
1773482632,FALSE,0.84727156,1773482629,319.2044,28.987823,21.52934,47.111202,0.35965455,,,,,,,,,,,0,0,0,0,0,0
1773482632,FALSE,0.84727156,1773482629,319.2044,28.987823,21.52934,47.111202,0.35965455,,,,,,,,,,,0,0,0,0,0,0
1773482632,FALSE,0.84727156,1773482629,319.2044,28.987823,21.52934,47.111202,0.35965455,,,,,,,,,,,0,0,0,0,0,0
1773482632,FALSE,0.84727156,1773482629,319.2044,28.987823,21.52934,47.111202,0.35965455,,,,,,,,,,,0,0,0,0,0,0
1773482632,FALSE,0.84727156,1773482629,319.2044,28.987823,21.52934,47.111202,0.35965455,,,,,,,,,,,0,0,0,0,0,0
1773482632,FALSE,0.84727156,1773482629,319.2044,28.987823,21.52934,47.111202,0.35965455,,,,,,,,,,,0,0,0,0,0,0
1773482632,FALSE,0.84727156,1773482629,319.2044,28.987823,21.52934,47.111202,0.35965455,,,,,,,,,,,0,0,0,0,0,0
1773482632,FALSE,0.84727156,1773482629,319.2044,28.987823,21.52934,47.111202,0.35965455,,,,,,,,,,,0,0,0,0,0,0
1773482632,FALSE,0.84727156,1773482629,319.2044,28.987823,21.52934,47.111202,0.35965455,,,,,,,,,,,0,0,0,0,0,0
1773482632,FALSE,0.84727156,1773482629,319.2044,28.987823,21.52934,47.111202,0.35965455,,,,,,,,,,,0,0,0,0,0,0
1773482632,FALSE,0.84727156,1773482629,319.2044,28.987823,21.52934,47.111202,0.35965455,,,,,,,,,,,0,0,0,0,0,0
1773482632,FALSE,0.84727156,1773482629,319.2044,28.987823,21.52934,47.111202,0.35965455,,,,,,,,,,,0,0,0,0,0,0
1773482632,FALSE,0.84727156,1773482629,319.2044,28.987823,21.52934,47.111202,0.35965455,,,,,,,,,,,0,0,0,0,0,0
1773482632,FALSE,0.84727156,1773482629,319.2044,28.987823,21.52934,47.111202,0.35965455,,,,,,,,,,,0,0,0,0,0,0
1773482632,FALSE,0.84727156,1773482629,319.2044,28.987823,21.52934,47.111202,0.35965455,,,,,,,,,,,0,0,0,0,0,0
1773482632,FALSE,0.84727156,1773482629,319.2044,28.987823,21.52934,47.111202,0.35965455,,,,,,,,,,,0,0,0,0,0,0
1773482632,FALSE,0.84727156,1773482629,319.2044,28.987823,21.52934,47.111202,0.35965455,,,,,,,,,,,0,0,0,0,0,0
1773482632,FALSE,0.84727156,1773482629,319.2044,28.987823,21.52934,47.111202,0.35965455,,,,,,,,,,,0,0,0,0,0,0
1773482632,FALSE,0.84727156,1773482629,319.2044,28.987823,21.52934,47.111202,0.35965455,,,,,,,,,,,0,0,0,0,0,0
1773482632,FALSE,0.84727156,1773482629,319.2044,28.987823,21.52934,47.111202,0.35965455,,,,,,,,,,,0,0,0,0,0,0
1773482632,FALSE,0.84727156,1773482629,319.2044,28.987823,21.52934,47.111202,0.35965455,,,,,,,,,,,0,0,0,0,0,0
1773482632,FALSE,0.84727156,1773482629,319.2044,28.987823,21.52934,47.111202,0.35965455,,,,,,,,,,,0,0,0,0,0,0
1773482632,FALSE,0.84727156,1773482629,319.2044,28.987823,21.52934,47.111202,0.35965455,,,,,,,,,,,0,0,0,0,0,0
1773482632,FALSE,0.84727156,1773482629,319.2044,28.987823,21.52934,47.111202,0.35965455,,,,,,,,,,,0,0,0,0,0,0
1773482632,FALSE,0.84727156,1773482629,319.2044,28.987823,21.52934,47.111202,0.35965455,,,,,,,,,,,0,0,0,0,0,0
1773482632,FALSE,0.84727156,1773482629,319.2044,28.987823,21.52934,47.111202,0.35965455,,,,,,,,,,,0,0,0,0,0,0
1773482632,FALSE,0.84727156,1773482629,319.2044,28.987823,21.52934,47.111202,0.35965455,,,,,,,,,,,0,0,0,0,0,0
1773482632,FALSE,0.84727156,1773482629,319.2044,28.987823,21.52934,47.111202,0.35965455,,,,,,,,,,,0,0,0,0,0,0
1773482632,FALSE,0.84727156,1773482629,319.2044,28.987823,21.52934,47.111202,0.35965455,,,,,,,,,,,0,0,0,0,0,0
1773482632,FALSE,0.84727156,1773482629,319.2044,28.987823,21.52934,47.111202,0.35965455,,,,,,,,,,,0,0,0,0,0,0
1773482632,FALSE,0.84727156,1773482629,319.2044,28.987823,21.52934,47.111202,0.35965455,,,,,,,,,,,0,0,0,0,0,0
1773482632,FALSE,0.84727156,1773482629,319.2044,28.987823,21.52934,47.111202,0.35965455,,,,,,,,,,,0,0,0,0,0,0
1773482632,FALSE,0.84727156,1773482629,319.2044,28.987823,21.52934,47.111202,0.35965455,,,,,,,,,,,0,0,0,0,0,0
1773482632,FALSE,0.84727156,1773482629,319.2044,28.987823,21.52934,47.111202,0.35965455,,,,,,,,,,,0,0,0,0,0,0
1773482632,FALSE,0.84727156,1773482629,319.2044,28.987823,21.52934,47.111202,0.35965455,,,,,,,,,,,0,0,0,0,0,0
1773482632,FALSE,0.84727156,1773482629,319.2044,28.987823,21.52934,47.111202,0.35965455,,,,,,,,,,,0,0,0,0,0,0
1773482632,FALSE,0.84727156,1773482629,319.2044,28.987823,21.52934,47.111202,0.35965455,,,,,,,,,,,0,0,0,0,0,0
1773482632,FALSE,0.84727156,1773482629,319.2044,28.987823,21.52934,47.111202,0.35965455,,,,,,,,,,,0,0,0,0,0,0
1773482632,FALSE,0.84727156,1773482629,319.2044,28.987823,21.52934,47.111202,0.35965455,,,,,,,,,,,0,0,0,0,0,0
1773482632,FALSE,0.84727156,1773482629,319.2044,28.987823,21.52934,47.111202,0.35965455,,,,,,,,,,,0,0,0,0,0,0
1773482632,FALSE,0.84727156,1773482629,319.2044,28.987823,21.52934,47.111202,0.35965455,,,,,,,,,,,0,0,0,0,0,0
1773482632,FALSE,0.84727156,1773482629,319.2044,28.987823,21.52934,47.111202,0.35965455,,,,,,,,,,,0,0,0,0,0,0
1773482632,FALSE,0.84727156,1773482629,319.2044,28.987823,21.52934,47.111202,0.35965455,,,,,,,,,,,0,0,0,0,0,0
1773482632,FALSE,0.84727156,1773482629,319.2044,28.987823,21.52934,47.111202,0.35965455,,,,,,,,,,,0,0,0,0,0,0
1773482632,FALSE,0.84727156,1773482629,319.2044,28.987823,21.52934,47.111202,0.35965455,,,,,,,,,,,0,0,0,0,0,0
1773482632,FALSE,0.84727156,1773482629,319.2044,28.987823,21.52934,47.111202,0.35965455,,,,,,,,,,,0,0,0,0,0,0
1773482632,FALSE,0.84727156,1773482629,319.2044,28.987823,21.52934,47.111202,0.35965455,,,,,,,,,,,0,0,0,0,0,0
1773482632,FALSE,0.84727156,1773482629,319.2044,28.987823,21.52934,47.111202,0.35965455,,,,,,,,,,,0,0,0,0,0,0
1773482632,FALSE,0.84727156,1773482629,319.2044,28.987823,21.52934,47.111202,0.35965455,,,,,,,,,,,0,0,0,0,0,0
1773482632,FALSE,0.84727156,1773482629,319.2044,28.987823,21.52934,47.111202,0.35965455,,,,,,,,,,,0,0,0,0,0,0
1773482632,FALSE,0.84727156,1773482629,319.2044,28.987823,21.52934,47.111202,0.35965455,,,,,,,,,,,0,0,0,0,0,0
1773482632,FALSE,0.84727156,1773482629,319.2044,28.987823,21.52934,47.111202,0.35965455,,,,,,,,,,,0,0,0,0,0,0
1773482633,FALSE,0.84727156,1773482629,319.2044,28.987823,21.52934,47.111202,0.35965455,,,,,,,,,,,0,0,0,0,0,0
1773482633,FALSE,0.84727156,1773482629,319.2044,28.987823,21.52934,47.111202,0.35965455,,,,,,,,,,,0,0,0,0,0,0
1773482633,FALSE,0.84727156,1773482629,319.2044,28.987823,21.52934,47.111202,0.35965455,,,,,,,,,,,0,0,0,0,0,0
1773482633,FALSE,0.84727156,1773482629,319.2044,28.987823,21.52934,47.111202,0.35965455,,,,,,,,,,,0,0,0,0,0,0
1773482633,FALSE,0.84727156,1773482629,319.2044,28.987823,21.52934,47.111202,0.35965455,,,,,,,,,,,0,0,0,0,0,0
1773482633,FALSE,0.84727156,1773482629,319.2044,28.987823,21.52934,47.111202,0.35965455,,,,,,,,,,,0,0,0,0,0,0
1773482633,FALSE,0.84727156,1773482629,319.2044,28.987823,21.52934,47.111202,0.35965455,,,,,,,,,,,0,0,0,0,0,0
1773482633,FALSE,0.84727156,1773482629,319.2044,28.987823,21.52934,47.111202,0.35965455,,,,,,,,,,,0,0,0,0,0,0
1773482633,FALSE,0.84727156,1773482629,319.2044,28.987823,21.52934,47.111202,0.35965455,,,,,,,,,,,0,0,0,0,0,0
1773482633,FALSE,0.84727156,1773482629,319.2044,28.987823,21.52934,47.111202,0.35965455,,,,,,,,,,,0,0,0,0,0,0
1773482633,FALSE,0.84727156,1773482629,319.2044,28.987823,21.52934,47.111202,0.35965455,,,,,,,,,,,0,0,0,0,0,0
1773482633,FALSE,0.84727156,1773482629,319.2044,28.987823,21.52934,47.111202,0.35965455,,,,,,,,,,,0,0,0,0,0,0
1773482633,FALSE,0.84727156,1773482629,319.2044,28.987823,21.52934,47.111202,0.35965455,,,,,,,,,,,0,0,0,0,0,0
1773482633,FALSE,0.84727156,1773482629,319.2044,28.987823,21.52934,47.111202,0.35965455,,,,,,,,,,,0,0,0,0,0,0
1773482633,FALSE,0.84727156,1773482629,319.2044,28.987823,21.52934,47.111202,0.35965455,,,,,,,,,,,0,0,0,0,0,0
1773482633,FALSE,0.84727156,1773482629,319.2044,28.987823,21.52934,47.111202,0.35965455,,,,,,,,,,,0,0,0,0,0,0
1773482633,FALSE,0.84727156,1773482629,319.2044,28.987823,21.52934,47.111202,0.35965455,,,,,,,,,,,0,0,0,0,0,0
1773482633,FALSE,0.84727156,1773482629,319.2044,28.987823,21.52934,47.111202,0.35965455,,,,,,,,,,,0,0,0,0,0,0
1773482633,FALSE,0.84727156,1773482629,319.2044,28.987823,21.52934,47.111202,0.35965455,,,,,,,,,,,0,0,0,0,0,0
1773482633,FALSE,0.84727156,1773482629,319.2044,28.987823,21.52934,47.111202,0.35965455,,,,,,,,,,,0,0,0,0,0,0
1773482633,FALSE,0.84727156,1773482629,319.2044,28.987823,21.52934,47.111202,0.35965455,,,,,,,,,,,0,0,0,0,0,0
1773482633,FALSE,0.84727156,1773482629,319.2044,28.987823,21.52934,47.111202,0.35965455,,,,,,,,,,,0,0,0,0,0,0
1773482633,FALSE,0.84727156,1773482629,319.2044,28.987823,21.52934,47.111202,0.35965455,,,,,,,,,,,0,0,0,0,0,0
1773482633,FALSE,0.84727156,1773482629,319.2044,28.987823,21.52934,47.111202,0.35965455,,,,,,,,,,,0,0,0,0,0,0
1773482633,FALSE,0.84727156,1773482629,319.2044,28.987823,21.52934,47.111202,0.35965455,,,,,,,,,,,0,0,0,0,0,0
1773482633,FALSE,0.84727156,1773482629,319.2044,28.987823,21.52934,47.111202,0.35965455,,,,,,,,,,,0,0,0,0,0,0
1773482633,FALSE,0.84727156,1773482629,319.2044,28.987823,21.52934,47.111202,0.35965455,,,,,,,,,,,0,0,0,0,0,0
1773482633,FALSE,0.84727156,1773482629,319.2044,28.987823,21.52934,47.111202,0.35965455,,,,,,,,,,,0,0,0,0,0,0
1773482633,FALSE,0.84727156,1773482629,319.2044,28.987823,21.52934,47.111202,0.35965455,,,,,,,,,,,0,0,0,0,0,0
1773482633,FALSE,0.84727156,1773482629,319.2044,28.987823,21.52934,47.111202,0.35965455,,,,,,,,,,,0,0,0,0,0,0
1773482633,FALSE,0.84727156,1773482629,319.2044,28.987823,21.52934,47.111202,0.35965455,,,,,,,,,,,0,0,0,0,0,0
1773482633,FALSE,0.84727156,1773482629,319.2044,28.987823,21.52934,47.111202,0.35965455,,,,,,,,,,,0,0,0,0,0,0
1773482633,FALSE,0.84727156,1773482629,319.2044,28.987823,21.52934,47.111202,0.35965455,,,,,,,,,,,0,0,0,0,0,0
1773482633,FALSE,0.84727156,1773482629,319.2044,28.987823,21.52934,47.111202,0.35965455,,,,,,,,,,,0,0,0,0,0,0
1773482633,FALSE,0.84727156,1773482629,319.2044,28.987823,21.52934,47.111202,0.35965455,,,,,,,,,,,0,0,0,0,0,0
1773482633,FALSE,0.84727156,1773482629,319.2044,28.987823,21.52934,47.111202,0.35965455,,,,,,,,,,,0,0,0,0,0,0
1773482633,FALSE,0.84727156,1773482629,319.2044,28.987823,21.52934,47.111202,0.35965455,,,,,,,,,,,0,0,0,0,0,0
1773482633,FALSE,0.84727156,1773482629,319.2044,28.987823,21.52934,47.111202,0.35965455,,,,,,,,,,,0,0,0,0,0,0
1773482633,FALSE,0.84727156,1773482629,319.2044,28.987823,21.52934,47.111202,0.35965455,,,,,,,,,,,0,0,0,0,0,0
1773482633,FALSE,0.84727156,1773482629,319.2044,28.987823,21.52934,47.111202,0.35965455,,,,,,,,,,,0,0,0,0,0,0
1773482633,FALSE,0.84727156,1773482629,319.2044,28.987823,21.52934,47.111202,0.35965455,,,,,,,,,,,0,0,0,0,0,0
1773482633,FALSE,0.84727156,1773482629,319.2044,28.987823,21.52934,47.111202,0.35965455,,,,,,,,,,,0,0,0,0,0,0
1773482633,FALSE,0.84727156,1773482629,319.2044,28.987823,21.52934,47.111202,0.35965455,,,,,,,,,,,0,0,0,0,0,0
1773482633,FALSE,0.84727156,1773482629,319.2044,28.987823,21.52934,47.111202,0.35965455,,,,,,,,,,,0,0,0,0,0,0
1773482633,FALSE,0.84727156,1773482629,319.2044,28.987823,21.52934,47.111202,0.35965455,,,,,,,,,,,0,0,0,0,0,0
1773482633,FALSE,0.84727156,1773482629,319.2044,28.987823,21.52934,47.111202,0.35965455,,,,,,,,,,,0,0,0,0,0,0
1773482633,FALSE,0.84727156,1773482629,319.2044,28.987823,21.52934,47.111202,0.35965455,,,,,,,,,,,0,0,0,0,0,0
1773482633,FALSE,0.84727156,1773482629,319.2044,28.987823,21.52934,47.111202,0.35965455,,,,,,,,,,,0,0,0,0,0,0
1773482633,FALSE,0.84727156,1773482629,319.2044,28.987823,21.52934,47.111202,0.35965455,,,,,,,,,,,0,0,0,0,0,0
1773482633,FALSE,0.84727156,1773482629,319.2044,28.987823,21.52934,47.111202,0.35965455,,,,,,,,,,,0,0,0,0,0,0
1773482633,FALSE,0.84727156,1773482629,319.2044,28.987823,21.52934,47.111202,0.35965455,,,,,,,,,,,0,0,0,0,0,0
1773482633,FALSE,0.84727156,1773482629,319.2044,28.987823,21.52934,47.111202,0.35965455,,,,,,,,,,,0,0,0,0,0,0
1773482633,FALSE,0.84727156,1773482629,319.2044,28.987823,21.52934,47.111202,0.35965455,,,,,,,,,,,0,0,0,0,0,0
1773482633,FALSE,0.84727156,1773482629,319.2044,28.987823,21.52934,47.111202,0.35965455,,,,,,,,,,,0,0,0,0,0,0
1773482633,FALSE,0.84727156,1773482629,319.2044,28.987823,21.52934,47.111202,0.35965455,,,,,,,,,,,0,0,0,0,0,0
1773482633,FALSE,0.84727156,1773482629,319.2044,28.987823,21.52934,47.111202,0.35965455,,,,,,,,,,,0,0,0,0,0,0
1773482633,FALSE,0.84727156,1773482629,319.2044,28.987823,21.52934,47.111202,0.35965455,,,,,,,,,,,0,0,0,0,0,0
1773482633,FALSE,0.84727156,1773482629,319.2044,28.987823,21.52934,47.111202,0.35965455,,,,,,,,,,,0,0,0,0,0,0
1773482633,FALSE,0.84727156,1773482629,319.2044,28.987823,21.52934,47.111202,0.35965455,,,,,,,,,,,0,0,0,0,0,0
1773482633,FALSE,0.84727156,1773482629,319.2044,28.987823,21.52934,47.111202,0.35965455,,,,,,,,,,,0,0,0,0,0,0
1773482633,FALSE,0.84727156,1773482629,319.2044,28.987823,21.52934,47.111202,0.35965455,,,,,,,,,,,0,0,0,0,0,0
1773482633,FALSE,0.84727156,1773482629,319.2044,28.987823,21.52934,47.111202,0.35965455,,,,,,,,,,,0,0,0,0,0,0
1773482633,FALSE,0.84727156,1773482629,319.2044,28.987823,21.52934,47.111202,0.35965455,,,,,,,,,,,0,0,0,0,0,0
1773482633,FALSE,0.84727156,1773482629,319.2044,28.987823,21.52934,47.111202,0.35965455,,,,,,,,,,,0,0,0,0,0,0
1773482633,FALSE,0.84727156,1773482629,319.2044,28.987823,21.52934,47.111202,0.35965455,,,,,,,,,,,0,0,0,0,0,0
1773482633,FALSE,0.84727156,1773482629,319.2044,28.987823,21.52934,47.111202,0.35965455,,,,,,,,,,,0,0,0,0,0,0
1773482633,FALSE,0.84727156,1773482629,319.2044,28.987823,21.52934,47.111202,0.35965455,,,,,,,,,,,0,0,0,0,0,0
1773482633,FALSE,0.84727156,1773482629,319.2044,28.987823,21.52934,47.111202,0.35965455,,,,,,,,,,,0,0,0,0,0,0
1773482633,FALSE,0.84727156,1773482629,319.2044,28.987823,21.52934,47.111202,0.35965455,,,,,,,,,,,0,0,0,0,0,0
1773482633,FALSE,0.84727156,1773482629,319.2044,28.987823,21.52934,47.111202,0.35965455,,,,,,,,,,,0,0,0,0,0,0
1773482633,FALSE,0.84727156,1773482629,319.2044,28.987823,21.52934,47.111202,0.35965455,,,,,,,,,,,0,0,0,0,0,0
1773482633,FALSE,0.84727156,1773482629,319.2044,28.987823,21.52934,47.111202,0.35965455,,,,,,,,,,,0,0,0,0,0,0
1773482633,FALSE,0.84727156,1773482629,319.2044,28.987823,21.52934,47.111202,0.35965455,,,,,,,,,,,0,0,0,0,0,0
1773482633,FALSE,0.84727156,1773482629,319.2044,28.987823,21.52934,47.111202,0.35965455,,,,,,,,,,,0,0,0,0,0,0
1773482633,FALSE,0.84727156,1773482629,319.2044,28.987823,21.52934,47.111202,0.35965455,,,,,,,,,,,0,0,0,0,0,0
1773482633,FALSE,0.84727156,1773482629,319.2044,28.987823,21.52934,47.111202,0.35965455,,,,,,,,,,,0,0,0,0,0,0
1773482633,FALSE,0.84727156,1773482629,319.2044,28.987823,21.52934,47.111202,0.35965455,,,,,,,,,,,0,0,0,0,0,0
1773482633,FALSE,0.84727156,1773482629,319.2044,28.987823,21.52934,47.111202,0.35965455,,,,,,,,,,,0,0,0,0,0,0
1773482633,FALSE,0.84727156,1773482629,319.2044,28.987823,21.52934,47.111202,0.35965455,,,,,,,,,,,0,0,0,0,0,0
1773482633,FALSE,0.84727156,1773482629,319.2044,28.987823,21.52934,47.111202,0.35965455,,,,,,,,,,,0,0,0,0,0,0
1773482633,FALSE,0.84727156,1773482629,319.2044,28.987823,21.52934,47.111202,0.35965455,,,,,,,,,,,0,0,0,0,0,0
1773482633,FALSE,0.84727156,1773482629,319.2044,28.987823,21.52934,47.111202,0.35965455,,,,,,,,,,,0,0,0,0,0,0
1773482633,FALSE,0.84727156,1773482629,319.2044,28.987823,21.52934,47.111202,0.35965455,,,,,,,,,,,0,0,0,0,0,0
1773482633,FALSE,0.84727156,1773482629,319.2044,28.987823,21.52934,47.111202,0.35965455,,,,,,,,,,,0,0,0,0,0,0
1773482633,FALSE,0.84727156,1773482629,319.2044,28.987823,21.52934,47.111202,0.35965455,,,,,,,,,,,0,0,0,0,0,0
1773482633,FALSE,0.84727156,1773482629,319.2044,28.987823,21.52934,47.111202,0.35965455,,,,,,,,,,,0,0,0,0,0,0
1773482633,FALSE,0.84727156,1773482629,319.2044,28.987823,21.52934,47.111202,0.35965455,,,,,,,,,,,0,0,0,0,0,0
1773482633,FALSE,0.84727156,1773482629,319.2044,28.987823,21.52934,47.111202,0.35965455,,,,,,,,,,,0,0,0,0,0,0
1773482633,FALSE,0.84727156,1773482629,319.2044,28.987823,21.52934,47.111202,0.35965455,,,,,,,,,,,0,0,0,0,0,0
1773482633,FALSE,0.84727156,1773482629,319.2044,28.987823,21.52934,47.111202,0.35965455,,,,,,,,,,,0,0,0,0,0,0
1773482633,FALSE,0.84727156,1773482629,319.2044,28.987823,21.52934,47.111202,0.35965455,,,,,,,,,,,0,0,0,0,0,0
1773482633,FALSE,0.84727156,1773482629,319.2044,28.987823,21.52934,47.111202,0.35965455,,,,,,,,,,,0,0,0,0,0,0
1773482633,FALSE,0.84727156,1773482629,319.2044,28.987823,21.52934,47.111202,0.35965455,,,,,,,,,,,0,0,0,0,0,0
1773482633,FALSE,0.84727156,1773482629,319.2044,28.987823,21.52934,47.111202,0.35965455,,,,,,,,,,,0,0,0,0,0,0
1773482633,FALSE,0.84727156,1773482629,319.2044,28.987823,21.52934,47.111202,0.35965455,,,,,,,,,,,0,0,0,0,0,0
1773482633,FALSE,0.84727156,1773482629,319.2044,28.987823,21.52934,47.111202,0.35965455,,,,,,,,,,,0,0,0,0,0,0
1773482633,FALSE,0.84727156,1773482629,319.2044,28.987823,21.52934,47.111202,0.35965455,,,,,,,,,,,0,0,0,0,0,0
1773482633,FALSE,0.84727156,1773482629,319.2044,28.987823,21.52934,47.111202,0.35965455,,,,,,,,,,,0,0,0,0,0,0
1773482633,FALSE,0.84727156,1773482629,319.2044,28.987823,21.52934,47.111202,0.35965455,,,,,,,,,,,0,0,0,0,0,0
1773482633,FALSE,0.84727156,1773482629,319.2044,28.987823,21.52934,47.111202,0.35965455,,,,,,,,,,,0,0,0,0,0,0
1773482634,FALSE,0.84727156,1773482629,319.2044,28.987823,21.52934,47.111202,0.35965455,,,,,,,,,,,0,0,0,0,0,0
1773482634,FALSE,0.84727156,1773482629,319.2044,28.987823,21.52934,47.111202,0.35965455,,,,,,,,,,,0,0,0,0,0,0
1773482634,FALSE,0.84727156,1773482629,319.2044,28.987823,21.52934,47.111202,0.35965455,,,,,,,,,,,0,0,0,0,0,0
1773482634,FALSE,0.84727156,1773482629,319.2044,28.987823,21.52934,47.111202,0.35965455,,,,,,,,,,,0,0,0,0,0,0
1773482634,FALSE,0.84727156,1773482629,319.2044,28.987823,21.52934,47.111202,0.35965455,,,,,,,,,,,0,0,0,0,0,0
1773482634,FALSE,0.84727156,1773482629,319.2044,28.987823,21.52934,47.111202,0.35965455,,,,,,,,,,,0,0,0,0,0,0
1773482634,FALSE,0.84727156,1773482629,319.2044,28.987823,21.52934,47.111202,0.35965455,,,,,,,,,,,0,0,0,0,0,0
1773482634,FALSE,0.84727156,1773482629,319.2044,28.987823,21.52934,47.111202,0.35965455,,,,,,,,,,,0,0,0,0,0,0
1773482634,FALSE,0.84727156,1773482629,319.2044,28.987823,21.52934,47.111202,0.35965455,,,,,,,,,,,0,0,0,0,0,0
1773482634,FALSE,0.84727156,1773482629,319.2044,28.987823,21.52934,47.111202,0.35965455,,,,,,,,,,,0,0,0,0,0,0
1773482634,FALSE,0.84727156,1773482629,319.2044,28.987823,21.52934,47.111202,0.35965455,,,,,,,,,,,0,0,0,0,0,0
1773482634,FALSE,0.84727156,1773482629,319.2044,28.987823,21.52934,47.111202,0.35965455,,,,,,,,,,,0,0,0,0,0,0
1773482634,FALSE,0.84727156,1773482629,319.2044,28.987823,21.52934,47.111202,0.35965455,,,,,,,,,,,0,0,0,0,0,0
1773482634,FALSE,0.84727156,1773482629,319.2044,28.987823,21.52934,47.111202,0.35965455,,,,,,,,,,,0,0,0,0,0,0
1773482634,FALSE,0.84727156,1773482629,319.2044,28.987823,21.52934,47.111202,0.35965455,,,,,,,,,,,0,0,0,0,0,0
1773482634,FALSE,0.84727156,1773482629,319.2044,28.987823,21.52934,47.111202,0.35965455,,,,,,,,,,,0,0,0,0,0,0
1773482634,FALSE,0.84727156,1773482629,319.2044,28.987823,21.52934,47.111202,0.35965455,,,,,,,,,,,0,0,0,0,0,0
1773482634,FALSE,0.84727156,1773482629,319.2044,28.987823,21.52934,47.111202,0.35965455,,,,,,,,,,,0,0,0,0,0,0
1773482634,FALSE,0.84727156,1773482629,319.2044,28.987823,21.52934,47.111202,0.35965455,,,,,,,,,,,0,0,0,0,0,0
1773482634,FALSE,0.84727156,1773482629,319.2044,28.987823,21.52934,47.111202,0.35965455,,,,,,,,,,,0,0,0,0,0,0
1773482634,FALSE,0.84727156,1773482629,319.2044,28.987823,21.52934,47.111202,0.35965455,,,,,,,,,,,0,0,0,0,0,0
1773482634,FALSE,0.84727156,1773482629,319.2044,28.987823,21.52934,47.111202,0.35965455,,,,,,,,,,,0,0,0,0,0,0
1773482634,FALSE,0.84727156,1773482629,319.2044,28.987823,21.52934,47.111202,0.35965455,,,,,,,,,,,0,0,0,0,0,0
1773482634,FALSE,0.84727156,1773482629,319.2044,28.987823,21.52934,47.111202,0.35965455,,,,,,,,,,,0,0,0,0,0,0
1773482634,FALSE,0.84727156,1773482629,319.2044,28.987823,21.52934,47.111202,0.35965455,,,,,,,,,,,0,0,0,0,0,0
1773482634,FALSE,0.84727156,1773482629,319.2044,28.987823,21.52934,47.111202,0.35965455,,,,,,,,,,,0,0,0,0,0,0
1773482634,FALSE,0.84727156,1773482629,319.2044,28.987823,21.52934,47.111202,0.35965455,,,,,,,,,,,0,0,0,0,0,0
1773482634,FALSE,0.84727156,1773482629,319.2044,28.987823,21.52934,47.111202,0.35965455,,,,,,,,,,,0,0,0,0,0,0
1773482634,FALSE,0.84727156,1773482629,319.2044,28.987823,21.52934,47.111202,0.35965455,,,,,,,,,,,0,0,0,0,0,0
1773482634,FALSE,0.84727156,1773482629,319.2044,28.987823,21.52934,47.111202,0.35965455,,,,,,,,,,,0,0,0,0,0,0
1773482634,FALSE,0.84727156,1773482629,319.2044,28.987823,21.52934,47.111202,0.35965455,,,,,,,,,,,0,0,0,0,0,0
1773482634,FALSE,0.84727156,1773482629,319.2044,28.987823,21.52934,47.111202,0.35965455,,,,,,,,,,,0,0,0,0,0,0
1773482634,FALSE,0.84727156,1773482629,319.2044,28.987823,21.52934,47.111202,0.35965455,,,,,,,,,,,0,0,0,0,0,0
1773482634,FALSE,0.84727156,1773482629,319.2044,28.987823,21.52934,47.111202,0.35965455,,,,,,,,,,,0,0,0,0,0,0
1773482634,FALSE,0.84727156,1773482629,319.2044,28.987823,21.52934,47.111202,0.35965455,,,,,,,,,,,0,0,0,0,0,0
1773482634,FALSE,0.84727156,1773482629,319.2044,28.987823,21.52934,47.111202,0.35965455,,,,,,,,,,,0,0,0,0,0,0
1773482634,FALSE,0.84727156,1773482629,319.2044,28.987823,21.52934,47.111202,0.35965455,,,,,,,,,,,0,0,0,0,0,0
1773482634,FALSE,0.84727156,1773482629,319.2044,28.987823,21.52934,47.111202,0.35965455,,,,,,,,,,,0,0,0,0,0,0
1773482634,FALSE,0.84727156,1773482629,319.2044,28.987823,21.52934,47.111202,0.35965455,,,,,,,,,,,0,0,0,0,0,0
1773482634,FALSE,0.84727156,1773482629,319.2044,28.987823,21.52934,47.111202,0.35965455,,,,,,,,,,,0,0,0,0,0,0
1773482634,FALSE,0.84727156,1773482629,319.2044,28.987823,21.52934,47.111202,0.35965455,,,,,,,,,,,0,0,0,0,0,0
1773482634,FALSE,0.84727156,1773482629,319.2044,28.987823,21.52934,47.111202,0.35965455,,,,,,,,,,,0,0,0,0,0,0
1773482634,FALSE,0.84727156,1773482629,319.2044,28.987823,21.52934,47.111202,0.35965455,,,,,,,,,,,0,0,0,0,0,0
1773482634,FALSE,0.84727156,1773482629,319.2044,28.987823,21.52934,47.111202,0.35965455,,,,,,,,,,,0,0,0,0,0,0
1773482634,FALSE,0.84727156,1773482629,319.2044,28.987823,21.52934,47.111202,0.35965455,,,,,,,,,,,0,0,0,0,0,0
1773482634,FALSE,0.84727156,1773482629,319.2044,28.987823,21.52934,47.111202,0.35965455,,,,,,,,,,,0,0,0,0,0,0
1773482634,FALSE,0.84727156,1773482629,319.2044,28.987823,21.52934,47.111202,0.35965455,,,,,,,,,,,0,0,0,0,0,0
1773482634,FALSE,0.84727156,1773482629,319.2044,28.987823,21.52934,47.111202,0.35965455,,,,,,,,,,,0,0,0,0,0,0
1773482634,FALSE,0.84727156,1773482629,319.2044,28.987823,21.52934,47.111202,0.35965455,,,,,,,,,,,0,0,0,0,0,0
1773482634,FALSE,0.84727156,1773482629,319.2044,28.987823,21.52934,47.111202,0.35965455,,,,,,,,,,,0,0,0,0,0,0
1773482634,FALSE,0.84727156,1773482629,319.2044,28.987823,21.52934,47.111202,0.35965455,,,,,,,,,,,0,0,0,0,0,0
1773482634,FALSE,0.84727156,1773482629,319.2044,28.987823,21.52934,47.111202,0.35965455,,,,,,,,,,,0,0,0,0,0,0
1773482634,FALSE,0.84727156,1773482629,319.2044,28.987823,21.52934,47.111202,0.35965455,,,,,,,,,,,0,0,0,0,0,0
1773482634,FALSE,0.84727156,1773482629,319.2044,28.987823,21.52934,47.111202,0.35965455,,,,,,,,,,,0,0,0,0,0,0
1773482634,FALSE,0.84727156,1773482629,319.2044,28.987823,21.52934,47.111202,0.35965455,,,,,,,,,,,0,0,0,0,0,0
1773482634,FALSE,0.84727156,1773482629,319.2044,28.987823,21.52934,47.111202,0.35965455,,,,,,,,,,,0,0,0,0,0,0
1773482634,FALSE,0.84727156,1773482629,319.2044,28.987823,21.52934,47.111202,0.35965455,,,,,,,,,,,0,0,0,0,0,0
1773482634,FALSE,0.84727156,1773482629,319.2044,28.987823,21.52934,47.111202,0.35965455,,,,,,,,,,,0,0,0,0,0,0
1773482634,FALSE,0.84727156,1773482629,319.2044,28.987823,21.52934,47.111202,0.35965455,,,,,,,,,,,0,0,0,0,0,0
1773482634,FALSE,0.84727156,1773482629,319.2044,28.987823,21.52934,47.111202,0.35965455,,,,,,,,,,,0,0,0,0,0,0
1773482634,FALSE,0.84727156,1773482629,319.2044,28.987823,21.52934,47.111202,0.35965455,,,,,,,,,,,0,0,0,0,0,0
1773482634,FALSE,0.84727156,1773482629,319.2044,28.987823,21.52934,47.111202,0.35965455,,,,,,,,,,,0,0,0,0,0,0
1773482634,FALSE,0.84727156,1773482629,319.2044,28.987823,21.52934,47.111202,0.35965455,,,,,,,,,,,0,0,0,0,0,0
1773482634,FALSE,0.84727156,1773482629,319.2044,28.987823,21.52934,47.111202,0.35965455,,,,,,,,,,,0,0,0,0,0,0
1773482634,FALSE,0.84727156,1773482629,319.2044,28.987823,21.52934,47.111202,0.35965455,,,,,,,,,,,0,0,0,0,0,0
1773482634,FALSE,0.84727156,1773482629,319.2044,28.987823,21.52934,47.111202,0.35965455,,,,,,,,,,,0,0,0,0,0,0
1773482634,FALSE,0.84727156,1773482629,319.2044,28.987823,21.52934,47.111202,0.35965455,,,,,,,,,,,0,0,0,0,0,0
1773482634,FALSE,0.84727156,1773482629,319.2044,28.987823,21.52934,47.111202,0.35965455,,,,,,,,,,,0,0,0,0,0,0
1773482634,FALSE,0.84727156,1773482629,319.2044,28.987823,21.52934,47.111202,0.35965455,,,,,,,,,,,0,0,0,0,0,0
1773482634,FALSE,0.84727156,1773482629,319.2044,28.987823,21.52934,47.111202,0.35965455,,,,,,,,,,,0,0,0,0,0,0
1773482634,FALSE,0.84727156,1773482629,319.2044,28.987823,21.52934,47.111202,0.35965455,,,,,,,,,,,0,0,0,0,0,0
1773482634,FALSE,0.84727156,1773482629,319.2044,28.987823,21.52934,47.111202,0.35965455,,,,,,,,,,,0,0,0,0,0,0
1773482634,FALSE,0.84727156,1773482629,319.2044,28.987823,21.52934,47.111202,0.35965455,,,,,,,,,,,0,0,0,0,0,0
1773482634,FALSE,0.84727156,1773482629,319.2044,28.987823,21.52934,47.111202,0.35965455,,,,,,,,,,,0,0,0,0,0,0
1773482634,FALSE,0.84727156,1773482629,319.2044,28.987823,21.52934,47.111202,0.35965455,,,,,,,,,,,0,0,0,0,0,0
1773482634,FALSE,0.84727156,1773482629,319.2044,28.987823,21.52934,47.111202,0.35965455,,,,,,,,,,,0,0,0,0,0,0
1773482634,FALSE,0.84727156,1773482629,319.2044,28.987823,21.52934,47.111202,0.35965455,,,,,,,,,,,0,0,0,0,0,0
1773482634,FALSE,0.84727156,1773482629,319.2044,28.987823,21.52934,47.111202,0.35965455,,,,,,,,,,,0,0,0,0,0,0
1773482634,FALSE,0.84727156,1773482629,319.2044,28.987823,21.52934,47.111202,0.35965455,,,,,,,,,,,0,0,0,0,0,0
1773482634,FALSE,0.84727156,1773482629,319.2044,28.987823,21.52934,47.111202,0.35965455,,,,,,,,,,,0,0,0,0,0,0
1773482634,FALSE,0.84727156,1773482629,319.2044,28.987823,21.52934,47.111202,0.35965455,,,,,,,,,,,0,0,0,0,0,0
1773482634,FALSE,0.84727156,1773482629,319.2044,28.987823,21.52934,47.111202,0.35965455,,,,,,,,,,,0,0,0,0,0,0
1773482634,FALSE,0.84727156,1773482629,319.2044,28.987823,21.52934,47.111202,0.35965455,,,,,,,,,,,0,0,0,0,0,0
1773482634,FALSE,0.84727156,1773482629,319.2044,28.987823,21.52934,47.111202,0.35965455,,,,,,,,,,,0,0,0,0,0,0
1773482634,FALSE,0.84727156,1773482629,319.2044,28.987823,21.52934,47.111202,0.35965455,,,,,,,,,,,0,0,0,0,0,0
1773482634,FALSE,0.84727156,1773482629,319.2044,28.987823,21.52934,47.111202,0.35965455,,,,,,,,,,,0,0,0,0,0,0
1773482634,FALSE,0.84727156,1773482629,319.2044,28.987823,21.52934,47.111202,0.35965455,,,,,,,,,,,0,0,0,0,0,0
1773482634,FALSE,0.84727156,1773482629,319.2044,28.987823,21.52934,47.111202,0.35965455,,,,,,,,,,,0,0,0,0,0,0
1773482634,FALSE,0.84727156,1773482629,319.2044,28.987823,21.52934,47.111202,0.35965455,,,,,,,,,,,0,0,0,0,0,0
1773482634,FALSE,0.84727156,1773482629,319.2044,28.987823,21.52934,47.111202,0.35965455,,,,,,,,,,,0,0,0,0,0,0
1773482634,FALSE,0.84727156,1773482629,319.2044,28.987823,21.52934,47.111202,0.35965455,,,,,,,,,,,0,0,0,0,0,0
1773482634,FALSE,0.84727156,1773482629,319.2044,28.987823,21.52934,47.111202,0.35965455,,,,,,,,,,,0,0,0,0,0,0
1773482635,FALSE,0.84727156,1773482629,319.2044,28.987823,21.52934,47.111202,0.35965455,,,,,,,,,,,0,0,0,0,0,0
1773482635,FALSE,0.84727156,1773482629,319.2044,28.987823,21.52934,47.111202,0.35965455,,,,,,,,,,,0,0,0,0,0,0
1773482635,FALSE,0.84727156,1773482629,319.2044,28.987823,21.52934,47.111202,0.35965455,,,,,,,,,,,0,0,0,0,0,0
1773482635,FALSE,0.84727156,1773482629,319.2044,28.987823,21.52934,47.111202,0.35965455,,,,,,,,,,,0,0,0,0,0,0
1773482635,FALSE,0.84727156,1773482629,319.2044,28.987823,21.52934,47.111202,0.35965455,,,,,,,,,,,0,0,0,0,0,0
1773482635,FALSE,0.84727156,1773482629,319.2044,28.987823,21.52934,47.111202,0.35965455,,,,,,,,,,,0,0,0,0,0,0
1773482635,FALSE,0.84727156,1773482629,319.2044,28.987823,21.52934,47.111202,0.35965455,,,,,,,,,,,0,0,0,0,0,0
1773482635,FALSE,0.84727156,1773482629,319.2044,28.987823,21.52934,47.111202,0.35965455,,,,,,,,,,,0,0,0,0,0,0
1773482635,FALSE,0.84727156,1773482629,319.2044,28.987823,21.52934,47.111202,0.35965455,,,,,,,,,,,0,0,0,0,0,0
1773482635,FALSE,0.84727156,1773482629,319.2044,28.987823,21.52934,47.111202,0.35965455,,,,,,,,,,,0,0,0,0,0,0
1773482635,FALSE,0.84727156,1773482629,319.2044,28.987823,21.52934,47.111202,0.35965455,,,,,,,,,,,0,0,0,0,0,0
1773482635,FALSE,0.84727156,1773482629,319.2044,28.987823,21.52934,47.111202,0.35965455,,,,,,,,,,,0,0,0,0,0,0
1773482635,FALSE,0.84727156,1773482629,319.2044,28.987823,21.52934,47.111202,0.35965455,,,,,,,,,,,0,0,0,0,0,0
1773482635,FALSE,0.84727156,1773482629,319.2044,28.987823,21.52934,47.111202,0.35965455,,,,,,,,,,,0,0,0,0,0,0
1773482635,FALSE,0.84727156,1773482629,319.2044,28.987823,21.52934,47.111202,0.35965455,,,,,,,,,,,0,0,0,0,0,0
1773482635,FALSE,0.84727156,1773482629,319.2044,28.987823,21.52934,47.111202,0.35965455,,,,,,,,,,,0,0,0,0,0,0
1773482635,FALSE,0.84727156,1773482629,319.2044,28.987823,21.52934,47.111202,0.35965455,,,,,,,,,,,0,0,0,0,0,0
1773482635,FALSE,0.84727156,1773482629,319.2044,28.987823,21.52934,47.111202,0.35965455,,,,,,,,,,,0,0,0,0,0,0
1773482635,FALSE,0.84727156,1773482629,319.2044,28.987823,21.52934,47.111202,0.35965455,,,,,,,,,,,0,0,0,0,0,0
1773482635,FALSE,0.84727156,1773482629,319.2044,28.987823,21.52934,47.111202,0.35965455,,,,,,,,,,,0,0,0,0,0,0
1773482635,FALSE,0.84727156,1773482629,319.2044,28.987823,21.52934,47.111202,0.35965455,,,,,,,,,,,0,0,0,0,0,0
1773482635,FALSE,0.84727156,1773482629,319.2044,28.987823,21.52934,47.111202,0.35965455,,,,,,,,,,,0,0,0,0,0,0
1773482635,FALSE,0.84727156,1773482629,319.2044,28.987823,21.52934,47.111202,0.35965455,,,,,,,,,,,0,0,0,0,0,0
1773482635,FALSE,0.84727156,1773482629,319.2044,28.987823,21.52934,47.111202,0.35965455,,,,,,,,,,,0,0,0,0,0,0
1773482635,FALSE,0.84727156,1773482629,319.2044,28.987823,21.52934,47.111202,0.35965455,,,,,,,,,,,0,0,0,0,0,0
1773482635,FALSE,0.84727156,1773482629,319.2044,28.987823,21.52934,47.111202,0.35965455,,,,,,,,,,,0,0,0,0,0,0
1773482635,FALSE,0.84727156,1773482629,319.2044,28.987823,21.52934,47.111202,0.35965455,,,,,,,,,,,0,0,0,0,0,0
1773482635,FALSE,0.84727156,1773482629,319.2044,28.987823,21.52934,47.111202,0.35965455,,,,,,,,,,,0,0,0,0,0,0
1773482635,FALSE,0.84727156,1773482629,319.2044,28.987823,21.52934,47.111202,0.35965455,,,,,,,,,,,0,0,0,0,0,0
1773482635,FALSE,0.84727156,1773482629,319.2044,28.987823,21.52934,47.111202,0.35965455,,,,,,,,,,,0,0,0,0,0,0
1773482635,FALSE,0.84727156,1773482629,319.2044,28.987823,21.52934,47.111202,0.35965455,,,,,,,,,,,0,0,0,0,0,0
1773482635,FALSE,0.84727156,1773482629,319.2044,28.987823,21.52934,47.111202,0.35965455,,,,,,,,,,,0,0,0,0,0,0
1773482635,FALSE,0.84727156,1773482629,319.2044,28.987823,21.52934,47.111202,0.35965455,,,,,,,,,,,0,0,0,0,0,0
1773482635,FALSE,0.84727156,1773482629,319.2044,28.987823,21.52934,47.111202,0.35965455,,,,,,,,,,,0,0,0,0,0,0
1773482635,FALSE,0.84727156,1773482629,319.2044,28.987823,21.52934,47.111202,0.35965455,,,,,,,,,,,0,0,0,0,0,0
1773482635,FALSE,0.84727156,1773482629,319.2044,28.987823,21.52934,47.111202,0.35965455,,,,,,,,,,,0,0,0,0,0,0
1773482635,FALSE,0.84727156,1773482629,319.2044,28.987823,21.52934,47.111202,0.35965455,,,,,,,,,,,0,0,0,0,0,0
1773482635,FALSE,0.84727156,1773482629,319.2044,28.987823,21.52934,47.111202,0.35965455,,,,,,,,,,,0,0,0,0,0,0
1773482635,FALSE,0.84727156,1773482629,319.2044,28.987823,21.52934,47.111202,0.35965455,,,,,,,,,,,0,0,0,0,0,0
1773482635,FALSE,0.84727156,1773482629,319.2044,28.987823,21.52934,47.111202,0.35965455,,,,,,,,,,,0,0,0,0,0,0
1773482635,FALSE,0.84727156,1773482629,319.2044,28.987823,21.52934,47.111202,0.35965455,,,,,,,,,,,0,0,0,0,0,0
1773482635,FALSE,0.84727156,1773482629,319.2044,28.987823,21.52934,47.111202,0.35965455,,,,,,,,,,,0,0,0,0,0,0
1773482635,FALSE,0.84727156,1773482629,319.2044,28.987823,21.52934,47.111202,0.35965455,,,,,,,,,,,0,0,0,0,0,0
1773482635,FALSE,0.84727156,1773482629,319.2044,28.987823,21.52934,47.111202,0.35965455,,,,,,,,,,,0,0,0,0,0,0
1773482635,FALSE,0.84727156,1773482629,319.2044,28.987823,21.52934,47.111202,0.35965455,,,,,,,,,,,0,0,0,0,0,0
1773482635,FALSE,0.84727156,1773482629,319.2044,28.987823,21.52934,47.111202,0.35965455,,,,,,,,,,,0,0,0,0,0,0
1773482635,FALSE,0.84727156,1773482629,319.2044,28.987823,21.52934,47.111202,0.35965455,,,,,,,,,,,0,0,0,0,0,0
1773482635,FALSE,0.84727156,1773482629,319.2044,28.987823,21.52934,47.111202,0.35965455,,,,,,,,,,,0,0,0,0,0,0
1773482635,FALSE,0.84727156,1773482629,319.2044,28.987823,21.52934,47.111202,0.35965455,,,,,,,,,,,0,0,0,0,0,0
1773482635,FALSE,0.84727156,1773482629,319.2044,28.987823,21.52934,47.111202,0.35965455,,,,,,,,,,,0,0,0,0,0,0
1773482635,FALSE,0.84727156,1773482629,319.2044,28.987823,21.52934,47.111202,0.35965455,,,,,,,,,,,0,0,0,0,0,0
1773482635,FALSE,0.84727156,1773482629,319.2044,28.987823,21.52934,47.111202,0.35965455,,,,,,,,,,,0,0,0,0,0,0
1773482635,FALSE,0.84727156,1773482629,319.2044,28.987823,21.52934,47.111202,0.35965455,,,,,,,,,,,0,0,0,0,0,0
1773482635,FALSE,0.84727156,1773482629,319.2044,28.987823,21.52934,47.111202,0.35965455,,,,,,,,,,,0,0,0,0,0,0
1773482635,FALSE,0.84727156,1773482629,319.2044,28.987823,21.52934,47.111202,0.35965455,,,,,,,,,,,0,0,0,0,0,0
1773482635,FALSE,0.84727156,1773482629,319.2044,28.987823,21.52934,47.111202,0.35965455,,,,,,,,,,,0,0,0,0,0,0
1773482635,FALSE,0.84727156,1773482629,319.2044,28.987823,21.52934,47.111202,0.35965455,,,,,,,,,,,0,0,0,0,0,0
1773482635,FALSE,0.84727156,1773482629,319.2044,28.987823,21.52934,47.111202,0.35965455,,,,,,,,,,,0,0,0,0,0,0
1773482635,FALSE,0.84727156,1773482629,319.2044,28.987823,21.52934,47.111202,0.35965455,,,,,,,,,,,0,0,0,0,0,0
1773482635,FALSE,0.84727156,1773482629,319.2044,28.987823,21.52934,47.111202,0.35965455,,,,,,,,,,,0,0,0,0,0,0
1773482635,FALSE,0.84727156,1773482629,319.2044,28.987823,21.52934,47.111202,0.35965455,,,,,,,,,,,0,0,0,0,0,0
1773482635,FALSE,0.84727156,1773482629,319.2044,28.987823,21.52934,47.111202,0.35965455,,,,,,,,,,,0,0,0,0,0,0
1773482635,FALSE,0.84727156,1773482629,319.2044,28.987823,21.52934,47.111202,0.35965455,,,,,,,,,,,0,0,0,0,0,0
1773482635,FALSE,0.84727156,1773482629,319.2044,28.987823,21.52934,47.111202,0.35965455,,,,,,,,,,,0,0,0,0,0,0
1773482635,FALSE,0.84727156,1773482629,319.2044,28.987823,21.52934,47.111202,0.35965455,,,,,,,,,,,0,0,0,0,0,0
1773482635,FALSE,0.84727156,1773482629,319.2044,28.987823,21.52934,47.111202,0.35965455,,,,,,,,,,,0,0,0,0,0,0
1773482635,FALSE,0.84727156,1773482629,319.2044,28.987823,21.52934,47.111202,0.35965455,,,,,,,,,,,0,0,0,0,0,0
1773482635,FALSE,0.84727156,1773482629,319.2044,28.987823,21.52934,47.111202,0.35965455,,,,,,,,,,,0,0,0,0,0,0
1773482635,FALSE,0.84727156,1773482629,319.2044,28.987823,21.52934,47.111202,0.35965455,,,,,,,,,,,0,0,0,0,0,0
1773482635,FALSE,0.84727156,1773482629,319.2044,28.987823,21.52934,47.111202,0.35965455,,,,,,,,,,,0,0,0,0,0,0
1773482635,FALSE,0.84727156,1773482629,319.2044,28.987823,21.52934,47.111202,0.35965455,,,,,,,,,,,0,0,0,0,0,0
1773482635,FALSE,0.84727156,1773482629,319.2044,28.987823,21.52934,47.111202,0.35965455,,,,,,,,,,,0,0,0,0,0,0
1773482635,FALSE,0.84727156,1773482629,319.2044,28.987823,21.52934,47.111202,0.35965455,,,,,,,,,,,0,0,0,0,0,0
