time,det_valid,det_conf,det_t,det_u,det_v,det_w,det_h,det_theta,u_filtered,v_filtered,area_filtered,sin_filtered,cos_filtered,theta_filtered,e_u,e_v,e_area,e_theta,vx,vy,vz,wx,wy,wz
1773806326.9559228,False,,,,,,,,,,,,,,,,,,0.0,0.0,0.0,0.0,0.0,0.0
1773806326.9656858,False,,,,,,,,,,,,,,,,,,0.0,0.0,0.0,0.0,0.0,0.0
1773806326.9759393,False,,,,,,,,,,,,,,,,,,0.0,0.0,0.0,0.0,0.0,0.0
1773806326.9854548,False,,,,,,,,,,,,,,,,,,0.0,0.0,0.0,0.0,0.0,0.0
1773806326.9954944,False,,,,,,,,,,,,,,,,,,0.0,0.0,0.0,0.0,0.0,0.0
1773806327.005512,False,,,,,,,,,,,,,,,,,,0.0,0.0,0.0,0.0,0.0,0.0
1773806327.0155404,False,,,,,,,,,,,,,,,,,,0.0,0.0,0.0,0.0,0.0,0.0
1773806327.0252025,False,,,,,,,,,,,,,,,,,,0.0,0.0,0.0,0.0,0.0,0.0
1773806327.0352669,False,,,,,,,,,,,,,,,,,,0.0,0.0,0.0,0.0,0.0,0.0
1773806327.0459871,False,,,,,,,,,,,,,,,,,,0.0,0.0,0.0,0.0,0.0,0.0
1773806327.0555055,False,,,,,,,,,,,,,,,,,,0.0,0.0,0.0,0.0,0.0,0.0
1773806327.0658138,False,,,,,,,,,,,,,,,,,,0.0,0.0,0.0,0.0,0.0,0.0
1773806327.0756814,False,,,,,,,,,,,,,,,,,,0.0,0.0,0.0,0.0,0.0,0.0
1773806327.0857365,False,,,,,,,,,,,,,,,,,,0.0,0.0,0.0,0.0,0.0,0.0
1773806327.0952177,False,,,,,,,,,,,,,,,,,,0.0,0.0,0.0,0.0,0.0,0.0
1773806327.1054494,False,,,,,,,,,,,,,,,,,,0.0,0.0,0.0,0.0,0.0,0.0
1773806327.1152594,False,,,,,,,,,,,,,,,,,,0.0,0.0,0.0,0.0,0.0,0.0
1773806327.1254148,False,,,,,,,,,,,,,,,,,,0.0,0.0,0.0,0.0,0.0,0.0
1773806327.1357362,False,,,,,,,,,,,,,,,,,,0.0,0.0,0.0,0.0,0.0,0.0
1773806327.1455941,False,,,,,,,,,,,,,,,,,,0.0,0.0,0.0,0.0,0.0,0.0
1773806327.1555603,False,,,,,,,,,,,,,,,,,,0.0,0.0,0.0,0.0,0.0,0.0
1773806327.1658068,False,,,,,,,,,,,,,,,,,,0.0,0.0,0.0,0.0,0.0,0.0
1773806327.1755738,False,,,,,,,,,,,,,,,,,,0.0,0.0,0.0,0.0,0.0,0.0
1773806327.185687,False,,,,,,,,,,,,,,,,,,0.0,0.0,0.0,0.0,0.0,0.0
1773806327.1958141,False,,,,,,,,,,,,,,,,,,0.0,0.0,0.0,0.0,0.0,0.0
1773806327.2054615,False,,,,,,,,,,,,,,,,,,0.0,0.0,0.0,0.0,0.0,0.0
1773806327.215302,False,,,,,,,,,,,,,,,,,,0.0,0.0,0.0,0.0,0.0,0.0
1773806327.2253559,False,,,,,,,,,,,,,,,,,,0.0,0.0,0.0,0.0,0.0,0.0
1773806327.2352407,False,,,,,,,,,,,,,,,,,,0.0,0.0,0.0,0.0,0.0,0.0
1773806327.2454808,False,,,,,,,,,,,,,,,,,,0.0,0.0,0.0,0.0,0.0,0.0
1773806327.2554653,False,,,,,,,,,,,,,,,,,,0.0,0.0,0.0,0.0,0.0,0.0
1773806327.265509,False,,,,,,,,,,,,,,,,,,0.0,0.0,0.0,0.0,0.0,0.0
1773806327.275526,False,,,,,,,,,,,,,,,,,,0.0,0.0,0.0,0.0,0.0,0.0
1773806327.285534,False,,,,,,,,,,,,,,,,,,0.0,0.0,0.0,0.0,0.0,0.0
1773806327.2955816,False,,,,,,,,,,,,,,,,,,0.0,0.0,0.0,0.0,0.0,0.0
1773806327.3056386,False,,,,,,,,,,,,,,,,,,0.0,0.0,0.0,0.0,0.0,0.0
1773806327.3155103,False,,,,,,,,,,,,,,,,,,0.0,0.0,0.0,0.0,0.0,0.0
1773806327.325501,False,,,,,,,,,,,,,,,,,,0.0,0.0,0.0,0.0,0.0,0.0
1773806327.3356404,False,,,,,,,,,,,,,,,,,,0.0,0.0,0.0,0.0,0.0,0.0
1773806327.3454142,False,,,,,,,,,,,,,,,,,,0.0,0.0,0.0,0.0,0.0,0.0
1773806327.3555858,False,,,,,,,,,,,,,,,,,,0.0,0.0,0.0,0.0,0.0,0.0
1773806327.3653195,False,,,,,,,,,,,,,,,,,,0.0,0.0,0.0,0.0,0.0,0.0
1773806327.375574,False,,,,,,,,,,,,,,,,,,0.0,0.0,0.0,0.0,0.0,0.0
1773806327.3853004,False,,,,,,,,,,,,,,,,,,0.0,0.0,0.0,0.0,0.0,0.0
1773806327.3953516,False,,,,,,,,,,,,,,,,,,0.0,0.0,0.0,0.0,0.0,0.0
1773806327.4051955,False,,,,,,,,,,,,,,,,,,0.0,0.0,0.0,0.0,0.0,0.0
1773806327.4157624,False,,,,,,,,,,,,,,,,,,0.0,0.0,0.0,0.0,0.0,0.0
1773806327.4252295,False,,,,,,,,,,,,,,,,,,0.0,0.0,0.0,0.0,0.0,0.0
1773806327.435342,False,,,,,,,,,,,,,,,,,,0.0,0.0,0.0,0.0,0.0,0.0
1773806327.445622,False,,,,,,,,,,,,,,,,,,0.0,0.0,0.0,0.0,0.0,0.0
1773806327.455549,False,,,,,,,,,,,,,,,,,,0.0,0.0,0.0,0.0,0.0,0.0
1773806327.465624,False,,,,,,,,,,,,,,,,,,0.0,0.0,0.0,0.0,0.0,0.0
1773806327.475314,False,,,,,,,,,,,,,,,,,,0.0,0.0,0.0,0.0,0.0,0.0
1773806327.4856715,False,,,,,,,,,,,,,,,,,,0.0,0.0,0.0,0.0,0.0,0.0
1773806327.4955401,False,,,,,,,,,,,,,,,,,,0.0,0.0,0.0,0.0,0.0,0.0
1773806327.5054739,False,,,,,,,,,,,,,,,,,,0.0,0.0,0.0,0.0,0.0,0.0
1773806327.5156622,False,,,,,,,,,,,,,,,,,,0.0,0.0,0.0,0.0,0.0,0.0
1773806327.5252893,False,,,,,,,,,,,,,,,,,,0.0,0.0,0.0,0.0,0.0,0.0
1773806327.535773,False,,,,,,,,,,,,,,,,,,0.0,0.0,0.0,0.0,0.0,0.0
1773806327.5453765,False,,,,,,,,,,,,,,,,,,0.0,0.0,0.0,0.0,0.0,0.0
1773806327.555247,False,,,,,,,,,,,,,,,,,,0.0,0.0,0.0,0.0,0.0,0.0
1773806327.5652452,False,,,,,,,,,,,,,,,,,,0.0,0.0,0.0,0.0,0.0,0.0
1773806327.57552,False,,,,,,,,,,,,,,,,,,0.0,0.0,0.0,0.0,0.0,0.0
1773806327.5854363,False,,,,,,,,,,,,,,,,,,0.0,0.0,0.0,0.0,0.0,0.0
1773806327.5951455,False,,,,,,,,,,,,,,,,,,0.0,0.0,0.0,0.0,0.0,0.0
1773806327.6051216,False,,,,,,,,,,,,,,,,,,0.0,0.0,0.0,0.0,0.0,0.0
1773806327.6156967,False,,,,,,,,,,,,,,,,,,0.0,0.0,0.0,0.0,0.0,0.0
1773806327.62578,False,,,,,,,,,,,,,,,,,,0.0,0.0,0.0,0.0,0.0,0.0
1773806327.635468,False,,,,,,,,,,,,,,,,,,0.0,0.0,0.0,0.0,0.0,0.0
1773806327.6456318,False,,,,,,,,,,,,,,,,,,0.0,0.0,0.0,0.0,0.0,0.0
1773806327.6554801,False,,,,,,,,,,,,,,,,,,0.0,0.0,0.0,0.0,0.0,0.0
1773806327.6656625,False,,,,,,,,,,,,,,,,,,0.0,0.0,0.0,0.0,0.0,0.0
1773806327.6756287,False,,,,,,,,,,,,,,,,,,0.0,0.0,0.0,0.0,0.0,0.0
1773806327.6855896,False,,,,,,,,,,,,,,,,,,0.0,0.0,0.0,0.0,0.0,0.0
1773806327.6954455,False,,,,,,,,,,,,,,,,,,0.0,0.0,0.0,0.0,0.0,0.0
1773806327.7054036,False,,,,,,,,,,,,,,,,,,0.0,0.0,0.0,0.0,0.0,0.0
1773806327.715472,False,,,,,,,,,,,,,,,,,,0.0,0.0,0.0,0.0,0.0,0.0
1773806327.7254395,False,,,,,,,,,,,,,,,,,,0.0,0.0,0.0,0.0,0.0,0.0
1773806327.7353642,False,,,,,,,,,,,,,,,,,,0.0,0.0,0.0,0.0,0.0,0.0
1773806327.7456632,False,,,,,,,,,,,,,,,,,,0.0,0.0,0.0,0.0,0.0,0.0
1773806327.7556083,False,,,,,,,,,,,,,,,,,,0.0,0.0,0.0,0.0,0.0,0.0
1773806327.7654982,False,,,,,,,,,,,,,,,,,,0.0,0.0,0.0,0.0,0.0,0.0
1773806327.7755013,False,,,,,,,,,,,,,,,,,,0.0,0.0,0.0,0.0,0.0,0.0
1773806327.7857301,False,,,,,,,,,,,,,,,,,,0.0,0.0,0.0,0.0,0.0,0.0
1773806327.7953014,False,,,,,,,,,,,,,,,,,,0.0,0.0,0.0,0.0,0.0,0.0
1773806327.8058016,False,,,,,,,,,,,,,,,,,,0.0,0.0,0.0,0.0,0.0,0.0
1773806327.8154962,False,,,,,,,,,,,,,,,,,,0.0,0.0,0.0,0.0,0.0,0.0
1773806327.8255217,False,,,,,,,,,,,,,,,,,,0.0,0.0,0.0,0.0,0.0,0.0
1773806327.8356307,False,,,,,,,,,,,,,,,,,,0.0,0.0,0.0,0.0,0.0,0.0
1773806327.845816,False,,,,,,,,,,,,,,,,,,0.0,0.0,0.0,0.0,0.0,0.0
1773806327.855241,False,,,,,,,,,,,,,,,,,,0.0,0.0,0.0,0.0,0.0,0.0
1773806327.8658266,False,,,,,,,,,,,,,,,,,,0.0,0.0,0.0,0.0,0.0,0.0
1773806327.8755856,False,,,,,,,,,,,,,,,,,,0.0,0.0,0.0,0.0,0.0,0.0
1773806327.8858335,False,,,,,,,,,,,,,,,,,,0.0,0.0,0.0,0.0,0.0,0.0
1773806327.8957493,False,,,,,,,,,,,,,,,,,,0.0,0.0,0.0,0.0,0.0,0.0
1773806327.9054546,False,,,,,,,,,,,,,,,,,,0.0,0.0,0.0,0.0,0.0,0.0
1773806327.9155278,False,,,,,,,,,,,,,,,,,,0.0,0.0,0.0,0.0,0.0,0.0
1773806327.9254627,False,,,,,,,,,,,,,,,,,,0.0,0.0,0.0,0.0,0.0,0.0
1773806327.9354532,False,,,,,,,,,,,,,,,,,,0.0,0.0,0.0,0.0,0.0,0.0
1773806327.9457734,False,,,,,,,,,,,,,,,,,,0.0,0.0,0.0,0.0,0.0,0.0
1773806327.955422,False,,,,,,,,,,,,,,,,,,0.0,0.0,0.0,0.0,0.0,0.0
1773806327.965727,False,,,,,,,,,,,,,,,,,,0.0,0.0,0.0,0.0,0.0,0.0
1773806327.9754574,False,,,,,,,,,,,,,,,,,,0.0,0.0,0.0,0.0,0.0,0.0
1773806327.985376,False,,,,,,,,,,,,,,,,,,0.0,0.0,0.0,0.0,0.0,0.0
1773806327.995409,False,,,,,,,,,,,,,,,,,,0.0,0.0,0.0,0.0,0.0,0.0
1773806328.005138,False,,,,,,,,,,,,,,,,,,0.0,0.0,0.0,0.0,0.0,0.0
1773806328.0157382,False,,,,,,,,,,,,,,,,,,0.0,0.0,0.0,0.0,0.0,0.0
1773806328.0254986,False,,,,,,,,,,,,,,,,,,0.0,0.0,0.0,0.0,0.0,0.0
1773806328.0354302,False,,,,,,,,,,,,,,,,,,0.0,0.0,0.0,0.0,0.0,0.0
1773806328.045785,False,,,,,,,,,,,,,,,,,,0.0,0.0,0.0,0.0,0.0,0.0
1773806328.055348,False,,,,,,,,,,,,,,,,,,0.0,0.0,0.0,0.0,0.0,0.0
1773806328.0656302,False,,,,,,,,,,,,,,,,,,0.0,0.0,0.0,0.0,0.0,0.0
1773806328.0756454,False,,,,,,,,,,,,,,,,,,0.0,0.0,0.0,0.0,0.0,0.0
1773806328.0856988,False,,,,,,,,,,,,,,,,,,0.0,0.0,0.0,0.0,0.0,0.0
1773806328.0953417,False,,,,,,,,,,,,,,,,,,0.0,0.0,0.0,0.0,0.0,0.0
1773806328.1056604,False,,,,,,,,,,,,,,,,,,0.0,0.0,0.0,0.0,0.0,0.0
1773806328.1153002,False,,,,,,,,,,,,,,,,,,0.0,0.0,0.0,0.0,0.0,0.0
1773806328.1255374,False,,,,,,,,,,,,,,,,,,0.0,0.0,0.0,0.0,0.0,0.0
1773806328.135408,False,,,,,,,,,,,,,,,,,,0.0,0.0,0.0,0.0,0.0,0.0
1773806328.1453826,False,,,,,,,,,,,,,,,,,,0.0,0.0,0.0,0.0,0.0,0.0
1773806328.1555011,False,,,,,,,,,,,,,,,,,,0.0,0.0,0.0,0.0,0.0,0.0
1773806328.1654491,False,,,,,,,,,,,,,,,,,,0.0,0.0,0.0,0.0,0.0,0.0
1773806328.1753492,False,,,,,,,,,,,,,,,,,,0.0,0.0,0.0,0.0,0.0,0.0
1773806328.1856017,False,,,,,,,,,,,,,,,,,,0.0,0.0,0.0,0.0,0.0,0.0
1773806328.1952112,False,,,,,,,,,,,,,,,,,,0.0,0.0,0.0,0.0,0.0,0.0
1773806328.205364,False,,,,,,,,,,,,,,,,,,0.0,0.0,0.0,0.0,0.0,0.0
1773806328.2153504,False,,,,,,,,,,,,,,,,,,0.0,0.0,0.0,0.0,0.0,0.0
1773806328.2255738,False,,,,,,,,,,,,,,,,,,0.0,0.0,0.0,0.0,0.0,0.0
1773806328.2353384,False,,,,,,,,,,,,,,,,,,0.0,0.0,0.0,0.0,0.0,0.0
1773806328.2456002,False,,,,,,,,,,,,,,,,,,0.0,0.0,0.0,0.0,0.0,0.0
1773806328.25532,False,,,,,,,,,,,,,,,,,,0.0,0.0,0.0,0.0,0.0,0.0
1773806328.2655244,False,,,,,,,,,,,,,,,,,,0.0,0.0,0.0,0.0,0.0,0.0
1773806328.2758186,False,,,,,,,,,,,,,,,,,,0.0,0.0,0.0,0.0,0.0,0.0
1773806328.2852626,False,,,,,,,,,,,,,,,,,,0.0,0.0,0.0,0.0,0.0,0.0
1773806328.295438,False,,,,,,,,,,,,,,,,,,0.0,0.0,0.0,0.0,0.0,0.0
1773806328.3052442,False,,,,,,,,,,,,,,,,,,0.0,0.0,0.0,0.0,0.0,0.0
1773806328.315179,False,,,,,,,,,,,,,,,,,,0.0,0.0,0.0,0.0,0.0,0.0
1773806328.3254113,False,,,,,,,,,,,,,,,,,,0.0,0.0,0.0,0.0,0.0,0.0
1773806328.3354094,False,,,,,,,,,,,,,,,,,,0.0,0.0,0.0,0.0,0.0,0.0
1773806328.3453934,False,,,,,,,,,,,,,,,,,,0.0,0.0,0.0,0.0,0.0,0.0
1773806328.35555,False,,,,,,,,,,,,,,,,,,0.0,0.0,0.0,0.0,0.0,0.0
1773806328.365439,False,,,,,,,,,,,,,,,,,,0.0,0.0,0.0,0.0,0.0,0.0
1773806328.375483,False,,,,,,,,,,,,,,,,,,0.0,0.0,0.0,0.0,0.0,0.0
1773806328.385545,False,,,,,,,,,,,,,,,,,,0.0,0.0,0.0,0.0,0.0,0.0
1773806328.395228,False,,,,,,,,,,,,,,,,,,0.0,0.0,0.0,0.0,0.0,0.0
1773806328.4052553,False,,,,,,,,,,,,,,,,,,0.0,0.0,0.0,0.0,0.0,0.0
1773806328.4155087,False,,,,,,,,,,,,,,,,,,0.0,0.0,0.0,0.0,0.0,0.0
1773806328.425319,False,,,,,,,,,,,,,,,,,,0.0,0.0,0.0,0.0,0.0,0.0
1773806328.4353266,False,,,,,,,,,,,,,,,,,,0.0,0.0,0.0,0.0,0.0,0.0
1773806328.4454045,False,,,,,,,,,,,,,,,,,,0.0,0.0,0.0,0.0,0.0,0.0
1773806328.455302,False,,,,,,,,,,,,,,,,,,0.0,0.0,0.0,0.0,0.0,0.0
1773806328.4654624,False,,,,,,,,,,,,,,,,,,0.0,0.0,0.0,0.0,0.0,0.0
1773806328.475645,False,,,,,,,,,,,,,,,,,,0.0,0.0,0.0,0.0,0.0,0.0
1773806328.4855046,False,,,,,,,,,,,,,,,,,,0.0,0.0,0.0,0.0,0.0,0.0
1773806328.495541,False,,,,,,,,,,,,,,,,,,0.0,0.0,0.0,0.0,0.0,0.0
1773806328.5052059,False,,,,,,,,,,,,,,,,,,0.0,0.0,0.0,0.0,0.0,0.0
1773806328.5151906,False,,,,,,,,,,,,,,,,,,0.0,0.0,0.0,0.0,0.0,0.0
1773806328.5252378,False,,,,,,,,,,,,,,,,,,0.0,0.0,0.0,0.0,0.0,0.0
1773806328.5354054,False,,,,,,,,,,,,,,,,,,0.0,0.0,0.0,0.0,0.0,0.0
1773806328.5454395,False,,,,,,,,,,,,,,,,,,0.0,0.0,0.0,0.0,0.0,0.0
1773806328.555528,False,,,,,,,,,,,,,,,,,,0.0,0.0,0.0,0.0,0.0,0.0
1773806328.5655758,False,,,,,,,,,,,,,,,,,,0.0,0.0,0.0,0.0,0.0,0.0
1773806328.5756412,False,,,,,,,,,,,,,,,,,,0.0,0.0,0.0,0.0,0.0,0.0
1773806328.5851548,False,,,,,,,,,,,,,,,,,,0.0,0.0,0.0,0.0,0.0,0.0
1773806328.5952227,False,,,,,,,,,,,,,,,,,,0.0,0.0,0.0,0.0,0.0,0.0
1773806328.6052604,False,,,,,,,,,,,,,,,,,,0.0,0.0,0.0,0.0,0.0,0.0
1773806328.6153102,False,,,,,,,,,,,,,,,,,,0.0,0.0,0.0,0.0,0.0,0.0
1773806328.6254883,False,,,,,,,,,,,,,,,,,,0.0,0.0,0.0,0.0,0.0,0.0
1773806328.6352136,False,,,,,,,,,,,,,,,,,,0.0,0.0,0.0,0.0,0.0,0.0
1773806328.645318,False,,,,,,,,,,,,,,,,,,0.0,0.0,0.0,0.0,0.0,0.0
1773806328.655379,False,,,,,,,,,,,,,,,,,,0.0,0.0,0.0,0.0,0.0,0.0
1773806328.6653996,False,,,,,,,,,,,,,,,,,,0.0,0.0,0.0,0.0,0.0,0.0
1773806328.675483,False,,,,,,,,,,,,,,,,,,0.0,0.0,0.0,0.0,0.0,0.0
1773806328.6855388,False,,,,,,,,,,,,,,,,,,0.0,0.0,0.0,0.0,0.0,0.0
1773806328.695596,False,,,,,,,,,,,,,,,,,,0.0,0.0,0.0,0.0,0.0,0.0
1773806328.7056293,False,,,,,,,,,,,,,,,,,,0.0,0.0,0.0,0.0,0.0,0.0
1773806328.7151716,False,,,,,,,,,,,,,,,,,,0.0,0.0,0.0,0.0,0.0,0.0
1773806328.7254808,False,,,,,,,,,,,,,,,,,,0.0,0.0,0.0,0.0,0.0,0.0
1773806328.735501,False,,,,,,,,,,,,,,,,,,0.0,0.0,0.0,0.0,0.0,0.0
1773806328.745537,False,,,,,,,,,,,,,,,,,,0.0,0.0,0.0,0.0,0.0,0.0
1773806328.755429,False,,,,,,,,,,,,,,,,,,0.0,0.0,0.0,0.0,0.0,0.0
1773806328.7654684,False,,,,,,,,,,,,,,,,,,0.0,0.0,0.0,0.0,0.0,0.0
1773806328.7755444,False,,,,,,,,,,,,,,,,,,0.0,0.0,0.0,0.0,0.0,0.0
1773806328.7853525,False,,,,,,,,,,,,,,,,,,0.0,0.0,0.0,0.0,0.0,0.0
1773806328.7956629,False,,,,,,,,,,,,,,,,,,0.0,0.0,0.0,0.0,0.0,0.0
1773806328.8053935,False,,,,,,,,,,,,,,,,,,0.0,0.0,0.0,0.0,0.0,0.0
1773806328.8156679,False,,,,,,,,,,,,,,,,,,0.0,0.0,0.0,0.0,0.0,0.0
1773806328.8253,False,,,,,,,,,,,,,,,,,,0.0,0.0,0.0,0.0,0.0,0.0
1773806328.835095,False,,,,,,,,,,,,,,,,,,0.0,0.0,0.0,0.0,0.0,0.0
1773806328.8455105,False,,,,,,,,,,,,,,,,,,0.0,0.0,0.0,0.0,0.0,0.0
1773806328.8552759,False,,,,,,,,,,,,,,,,,,0.0,0.0,0.0,0.0,0.0,0.0
1773806328.8653302,False,,,,,,,,,,,,,,,,,,0.0,0.0,0.0,0.0,0.0,0.0
1773806328.875533,False,,,,,,,,,,,,,,,,,,0.0,0.0,0.0,0.0,0.0,0.0
1773806328.8855653,False,,,,,,,,,,,,,,,,,,0.0,0.0,0.0,0.0,0.0,0.0
1773806328.8956268,False,,,,,,,,,,,,,,,,,,0.0,0.0,0.0,0.0,0.0,0.0
1773806328.9056928,False,,,,,,,,,,,,,,,,,,0.0,0.0,0.0,0.0,0.0,0.0
1773806328.9152277,False,,,,,,,,,,,,,,,,,,0.0,0.0,0.0,0.0,0.0,0.0
1773806328.9252648,False,,,,,,,,,,,,,,,,,,0.0,0.0,0.0,0.0,0.0,0.0
1773806328.93527,False,,,,,,,,,,,,,,,,,,0.0,0.0,0.0,0.0,0.0,0.0
1773806328.9453282,False,,,,,,,,,,,,,,,,,,0.0,0.0,0.0,0.0,0.0,0.0
1773806328.9553595,False,,,,,,,,,,,,,,,,,,0.0,0.0,0.0,0.0,0.0,0.0
1773806328.965454,False,,,,,,,,,,,,,,,,,,0.0,0.0,0.0,0.0,0.0,0.0
1773806328.975627,False,,,,,,,,,,,,,,,,,,0.0,0.0,0.0,0.0,0.0,0.0
1773806328.9856732,False,,,,,,,,,,,,,,,,,,0.0,0.0,0.0,0.0,0.0,0.0
1773806328.9956996,False,,,,,,,,,,,,,,,,,,0.0,0.0,0.0,0.0,0.0,0.0
1773806329.0053008,False,,,,,,,,,,,,,,,,,,0.0,0.0,0.0,0.0,0.0,0.0
1773806329.0154166,False,,,,,,,,,,,,,,,,,,0.0,0.0,0.0,0.0,0.0,0.0
1773806329.0256383,False,,,,,,,,,,,,,,,,,,0.0,0.0,0.0,0.0,0.0,0.0
1773806329.0352054,False,,,,,,,,,,,,,,,,,,0.0,0.0,0.0,0.0,0.0,0.0
1773806329.0452316,False,,,,,,,,,,,,,,,,,,0.0,0.0,0.0,0.0,0.0,0.0
1773806329.055475,False,,,,,,,,,,,,,,,,,,0.0,0.0,0.0,0.0,0.0,0.0
1773806329.0651484,False,,,,,,,,,,,,,,,,,,0.0,0.0,0.0,0.0,0.0,0.0
1773806329.0757987,False,,,,,,,,,,,,,,,,,,0.0,0.0,0.0,0.0,0.0,0.0
1773806329.0853336,False,,,,,,,,,,,,,,,,,,0.0,0.0,0.0,0.0,0.0,0.0
1773806329.095431,False,,,,,,,,,,,,,,,,,,0.0,0.0,0.0,0.0,0.0,0.0
1773806329.105591,False,,,,,,,,,,,,,,,,,,0.0,0.0,0.0,0.0,0.0,0.0
1773806329.1157334,False,,,,,,,,,,,,,,,,,,0.0,0.0,0.0,0.0,0.0,0.0
1773806329.1253655,False,,,,,,,,,,,,,,,,,,0.0,0.0,0.0,0.0,0.0,0.0
1773806329.1354403,False,,,,,,,,,,,,,,,,,,0.0,0.0,0.0,0.0,0.0,0.0
1773806329.1454442,False,,,,,,,,,,,,,,,,,,0.0,0.0,0.0,0.0,0.0,0.0
1773806329.1555927,False,,,,,,,,,,,,,,,,,,0.0,0.0,0.0,0.0,0.0,0.0
1773806329.165642,False,,,,,,,,,,,,,,,,,,0.0,0.0,0.0,0.0,0.0,0.0
1773806329.1754072,False,,,,,,,,,,,,,,,,,,0.0,0.0,0.0,0.0,0.0,0.0
1773806329.1855822,False,,,,,,,,,,,,,,,,,,0.0,0.0,0.0,0.0,0.0,0.0
1773806329.195303,False,,,,,,,,,,,,,,,,,,0.0,0.0,0.0,0.0,0.0,0.0
1773806329.20536,False,,,,,,,,,,,,,,,,,,0.0,0.0,0.0,0.0,0.0,0.0
1773806329.2153895,False,,,,,,,,,,,,,,,,,,0.0,0.0,0.0,0.0,0.0,0.0
1773806329.2254155,False,,,,,,,,,,,,,,,,,,0.0,0.0,0.0,0.0,0.0,0.0
1773806329.2353268,False,,,,,,,,,,,,,,,,,,0.0,0.0,0.0,0.0,0.0,0.0
1773806329.245568,False,,,,,,,,,,,,,,,,,,0.0,0.0,0.0,0.0,0.0,0.0
1773806329.2557368,False,,,,,,,,,,,,,,,,,,0.0,0.0,0.0,0.0,0.0,0.0
1773806329.265342,False,,,,,,,,,,,,,,,,,,0.0,0.0,0.0,0.0,0.0,0.0
1773806329.2755694,False,,,,,,,,,,,,,,,,,,0.0,0.0,0.0,0.0,0.0,0.0
1773806329.2856317,False,,,,,,,,,,,,,,,,,,0.0,0.0,0.0,0.0,0.0,0.0
1773806329.295267,False,,,,,,,,,,,,,,,,,,0.0,0.0,0.0,0.0,0.0,0.0
1773806329.3053493,False,,,,,,,,,,,,,,,,,,0.0,0.0,0.0,0.0,0.0,0.0
1773806329.3155825,False,,,,,,,,,,,,,,,,,,0.0,0.0,0.0,0.0,0.0,0.0
1773806329.325609,False,,,,,,,,,,,,,,,,,,0.0,0.0,0.0,0.0,0.0,0.0
1773806329.3357732,False,,,,,,,,,,,,,,,,,,0.0,0.0,0.0,0.0,0.0,0.0
1773806329.3457847,False,,,,,,,,,,,,,,,,,,0.0,0.0,0.0,0.0,0.0,0.0
1773806329.3553216,False,,,,,,,,,,,,,,,,,,0.0,0.0,0.0,0.0,0.0,0.0
1773806329.3653276,False,,,,,,,,,,,,,,,,,,0.0,0.0,0.0,0.0,0.0,0.0
1773806329.37538,False,,,,,,,,,,,,,,,,,,0.0,0.0,0.0,0.0,0.0,0.0
1773806329.3857138,False,,,,,,,,,,,,,,,,,,0.0,0.0,0.0,0.0,0.0,0.0
1773806329.395237,False,,,,,,,,,,,,,,,,,,0.0,0.0,0.0,0.0,0.0,0.0
1773806329.4053519,False,,,,,,,,,,,,,,,,,,0.0,0.0,0.0,0.0,0.0,0.0
1773806329.4155896,False,,,,,,,,,,,,,,,,,,0.0,0.0,0.0,0.0,0.0,0.0
1773806329.4253762,False,,,,,,,,,,,,,,,,,,0.0,0.0,0.0,0.0,0.0,0.0
1773806329.435395,False,,,,,,,,,,,,,,,,,,0.0,0.0,0.0,0.0,0.0,0.0
1773806329.4454222,False,,,,,,,,,,,,,,,,,,0.0,0.0,0.0,0.0,0.0,0.0
1773806329.455556,False,,,,,,,,,,,,,,,,,,0.0,0.0,0.0,0.0,0.0,0.0
1773806329.4655747,False,,,,,,,,,,,,,,,,,,0.0,0.0,0.0,0.0,0.0,0.0
1773806329.475623,False,,,,,,,,,,,,,,,,,,0.0,0.0,0.0,0.0,0.0,0.0
1773806329.4851413,False,,,,,,,,,,,,,,,,,,0.0,0.0,0.0,0.0,0.0,0.0
1773806329.49574,False,,,,,,,,,,,,,,,,,,0.0,0.0,0.0,0.0,0.0,0.0
1773806329.5055,False,,,,,,,,,,,,,,,,,,0.0,0.0,0.0,0.0,0.0,0.0
1773806329.5153055,False,,,,,,,,,,,,,,,,,,0.0,0.0,0.0,0.0,0.0,0.0
1773806329.5255923,False,,,,,,,,,,,,,,,,,,0.0,0.0,0.0,0.0,0.0,0.0
1773806329.5364978,False,,,,,,,,,,,,,,,,,,0.0,0.0,0.0,0.0,0.0,0.0
1773806329.54579,False,,,,,,,,,,,,,,,,,,0.0,0.0,0.0,0.0,0.0,0.0
1773806329.5553129,False,,,,,,,,,,,,,,,,,,0.0,0.0,0.0,0.0,0.0,0.0
1773806329.565467,False,,,,,,,,,,,,,,,,,,0.0,0.0,0.0,0.0,0.0,0.0
1773806329.5754151,False,,,,,,,,,,,,,,,,,,0.0,0.0,0.0,0.0,0.0,0.0
1773806329.5857873,False,,,,,,,,,,,,,,,,,,0.0,0.0,0.0,0.0,0.0,0.0
1773806329.5955925,False,,,,,,,,,,,,,,,,,,0.0,0.0,0.0,0.0,0.0,0.0
1773806329.6056857,False,,,,,,,,,,,,,,,,,,0.0,0.0,0.0,0.0,0.0,0.0
1773806329.6152241,False,,,,,,,,,,,,,,,,,,0.0,0.0,0.0,0.0,0.0,0.0
1773806329.6255424,False,,,,,,,,,,,,,,,,,,0.0,0.0,0.0,0.0,0.0,0.0
1773806329.6355956,False,,,,,,,,,,,,,,,,,,0.0,0.0,0.0,0.0,0.0,0.0
1773806329.64556,False,,,,,,,,,,,,,,,,,,0.0,0.0,0.0,0.0,0.0,0.0
1773806329.6556165,False,,,,,,,,,,,,,,,,,,0.0,0.0,0.0,0.0,0.0,0.0
1773806329.6656687,False,,,,,,,,,,,,,,,,,,0.0,0.0,0.0,0.0,0.0,0.0
1773806329.6752646,False,,,,,,,,,,,,,,,,,,0.0,0.0,0.0,0.0,0.0,0.0
1773806329.6854417,False,,,,,,,,,,,,,,,,,,0.0,0.0,0.0,0.0,0.0,0.0
1773806329.6954463,False,,,,,,,,,,,,,,,,,,0.0,0.0,0.0,0.0,0.0,0.0
1773806329.7056036,False,,,,,,,,,,,,,,,,,,0.0,0.0,0.0,0.0,0.0,0.0
1773806329.7153828,False,,,,,,,,,,,,,,,,,,0.0,0.0,0.0,0.0,0.0,0.0
1773806329.725599,False,,,,,,,,,,,,,,,,,,0.0,0.0,0.0,0.0,0.0,0.0
1773806329.7352488,False,,,,,,,,,,,,,,,,,,0.0,0.0,0.0,0.0,0.0,0.0
1773806329.7454948,False,,,,,,,,,,,,,,,,,,0.0,0.0,0.0,0.0,0.0,0.0
1773806329.7555501,False,,,,,,,,,,,,,,,,,,0.0,0.0,0.0,0.0,0.0,0.0
1773806329.7653682,False,,,,,,,,,,,,,,,,,,0.0,0.0,0.0,0.0,0.0,0.0
1773806329.7756948,False,,,,,,,,,,,,,,,,,,0.0,0.0,0.0,0.0,0.0,0.0
1773806329.7855406,False,,,,,,,,,,,,,,,,,,0.0,0.0,0.0,0.0,0.0,0.0
1773806329.795462,False,,,,,,,,,,,,,,,,,,0.0,0.0,0.0,0.0,0.0,0.0
1773806329.8057852,False,,,,,,,,,,,,,,,,,,0.0,0.0,0.0,0.0,0.0,0.0
1773806329.8154178,False,,,,,,,,,,,,,,,,,,0.0,0.0,0.0,0.0,0.0,0.0
1773806329.8252814,False,,,,,,,,,,,,,,,,,,0.0,0.0,0.0,0.0,0.0,0.0
1773806329.835263,False,,,,,,,,,,,,,,,,,,0.0,0.0,0.0,0.0,0.0,0.0
1773806329.845691,False,,,,,,,,,,,,,,,,,,0.0,0.0,0.0,0.0,0.0,0.0
1773806329.8551147,False,,,,,,,,,,,,,,,,,,0.0,0.0,0.0,0.0,0.0,0.0
1773806329.8660173,False,,,,,,,,,,,,,,,,,,0.0,0.0,0.0,0.0,0.0,0.0
1773806329.8758852,False,,,,,,,,,,,,,,,,,,0.0,0.0,0.0,0.0,0.0,0.0
1773806329.8853173,False,,,,,,,,,,,,,,,,,,0.0,0.0,0.0,0.0,0.0,0.0
1773806329.8955252,False,,,,,,,,,,,,,,,,,,0.0,0.0,0.0,0.0,0.0,0.0
1773806329.9052687,False,,,,,,,,,,,,,,,,,,0.0,0.0,0.0,0.0,0.0,0.0
1773806329.9153154,False,,,,,,,,,,,,,,,,,,0.0,0.0,0.0,0.0,0.0,0.0
1773806329.925836,False,,,,,,,,,,,,,,,,,,0.0,0.0,0.0,0.0,0.0,0.0
1773806329.9353883,False,,,,,,,,,,,,,,,,,,0.0,0.0,0.0,0.0,0.0,0.0
1773806329.9456275,False,,,,,,,,,,,,,,,,,,0.0,0.0,0.0,0.0,0.0,0.0
1773806329.9556217,False,,,,,,,,,,,,,,,,,,0.0,0.0,0.0,0.0,0.0,0.0
1773806329.9656413,False,,,,,,,,,,,,,,,,,,0.0,0.0,0.0,0.0,0.0,0.0
1773806329.9756918,False,,,,,,,,,,,,,,,,,,0.0,0.0,0.0,0.0,0.0,0.0
1773806329.985212,False,,,,,,,,,,,,,,,,,,0.0,0.0,0.0,0.0,0.0,0.0
1773806329.9958148,False,,,,,,,,,,,,,,,,,,0.0,0.0,0.0,0.0,0.0,0.0
1773806330.0056775,False,,,,,,,,,,,,,,,,,,0.0,0.0,0.0,0.0,0.0,0.0
1773806330.0155747,False,,,,,,,,,,,,,,,,,,0.0,0.0,0.0,0.0,0.0,0.0
1773806330.025284,False,,,,,,,,,,,,,,,,,,0.0,0.0,0.0,0.0,0.0,0.0
1773806330.0355928,False,,,,,,,,,,,,,,,,,,0.0,0.0,0.0,0.0,0.0,0.0
1773806330.0456886,False,,,,,,,,,,,,,,,,,,0.0,0.0,0.0,0.0,0.0,0.0
1773806330.0553675,False,,,,,,,,,,,,,,,,,,0.0,0.0,0.0,0.0,0.0,0.0
1773806330.065862,False,,,,,,,,,,,,,,,,,,0.0,0.0,0.0,0.0,0.0,0.0
1773806330.0758836,False,,,,,,,,,,,,,,,,,,0.0,0.0,0.0,0.0,0.0,0.0
1773806330.0858228,False,,,,,,,,,,,,,,,,,,0.0,0.0,0.0,0.0,0.0,0.0
1773806330.0953515,False,,,,,,,,,,,,,,,,,,0.0,0.0,0.0,0.0,0.0,0.0
1773806330.1056185,False,,,,,,,,,,,,,,,,,,0.0,0.0,0.0,0.0,0.0,0.0
1773806330.1157234,False,,,,,,,,,,,,,,,,,,0.0,0.0,0.0,0.0,0.0,0.0
1773806330.1257992,False,,,,,,,,,,,,,,,,,,0.0,0.0,0.0,0.0,0.0,0.0
1773806330.1357727,False,,,,,,,,,,,,,,,,,,0.0,0.0,0.0,0.0,0.0,0.0
1773806330.1459365,False,,,,,,,,,,,,,,,,,,0.0,0.0,0.0,0.0,0.0,0.0
1773806330.1553822,False,,,,,,,,,,,,,,,,,,0.0,0.0,0.0,0.0,0.0,0.0
1773806330.1653776,False,,,,,,,,,,,,,,,,,,0.0,0.0,0.0,0.0,0.0,0.0
1773806330.175579,False,,,,,,,,,,,,,,,,,,0.0,0.0,0.0,0.0,0.0,0.0
1773806330.1857796,False,,,,,,,,,,,,,,,,,,0.0,0.0,0.0,0.0,0.0,0.0
1773806330.195394,False,,,,,,,,,,,,,,,,,,0.0,0.0,0.0,0.0,0.0,0.0
1773806330.2059567,False,,,,,,,,,,,,,,,,,,0.0,0.0,0.0,0.0,0.0,0.0
1773806330.2155404,False,,,,,,,,,,,,,,,,,,0.0,0.0,0.0,0.0,0.0,0.0
1773806330.225858,False,,,,,,,,,,,,,,,,,,0.0,0.0,0.0,0.0,0.0,0.0
1773806330.2353964,False,,,,,,,,,,,,,,,,,,0.0,0.0,0.0,0.0,0.0,0.0
1773806330.2454495,False,,,,,,,,,,,,,,,,,,0.0,0.0,0.0,0.0,0.0,0.0
1773806330.2552788,False,,,,,,,,,,,,,,,,,,0.0,0.0,0.0,0.0,0.0,0.0
1773806330.2654192,False,,,,,,,,,,,,,,,,,,0.0,0.0,0.0,0.0,0.0,0.0
1773806330.275889,False,,,,,,,,,,,,,,,,,,0.0,0.0,0.0,0.0,0.0,0.0
1773806330.2857046,False,,,,,,,,,,,,,,,,,,0.0,0.0,0.0,0.0,0.0,0.0
1773806330.2957752,False,,,,,,,,,,,,,,,,,,0.0,0.0,0.0,0.0,0.0,0.0
1773806330.305488,False,,,,,,,,,,,,,,,,,,0.0,0.0,0.0,0.0,0.0,0.0
1773806330.3151438,False,,,,,,,,,,,,,,,,,,0.0,0.0,0.0,0.0,0.0,0.0
1773806330.3258977,False,,,,,,,,,,,,,,,,,,0.0,0.0,0.0,0.0,0.0,0.0
1773806330.3357534,False,,,,,,,,,,,,,,,,,,0.0,0.0,0.0,0.0,0.0,0.0
1773806330.345467,False,,,,,,,,,,,,,,,,,,0.0,0.0,0.0,0.0,0.0,0.0
1773806330.3555136,False,,,,,,,,,,,,,,,,,,0.0,0.0,0.0,0.0,0.0,0.0
1773806330.3655517,False,,,,,,,,,,,,,,,,,,0.0,0.0,0.0,0.0,0.0,0.0
1773806330.375459,False,,,,,,,,,,,,,,,,,,0.0,0.0,0.0,0.0,0.0,0.0
1773806330.3856368,False,,,,,,,,,,,,,,,,,,0.0,0.0,0.0,0.0,0.0,0.0
1773806330.395399,False,,,,,,,,,,,,,,,,,,0.0,0.0,0.0,0.0,0.0,0.0
1773806330.4058893,False,,,,,,,,,,,,,,,,,,0.0,0.0,0.0,0.0,0.0,0.0
1773806330.4154496,False,,,,,,,,,,,,,,,,,,0.0,0.0,0.0,0.0,0.0,0.0
1773806330.4256375,False,,,,,,,,,,,,,,,,,,0.0,0.0,0.0,0.0,0.0,0.0
1773806330.4356916,False,,,,,,,,,,,,,,,,,,0.0,0.0,0.0,0.0,0.0,0.0
1773806330.445764,False,,,,,,,,,,,,,,,,,,0.0,0.0,0.0,0.0,0.0,0.0
1773806330.4556487,False,,,,,,,,,,,,,,,,,,0.0,0.0,0.0,0.0,0.0,0.0
1773806330.4657514,False,,,,,,,,,,,,,,,,,,0.0,0.0,0.0,0.0,0.0,0.0
1773806330.4753857,False,,,,,,,,,,,,,,,,,,0.0,0.0,0.0,0.0,0.0,0.0
1773806330.4853842,False,,,,,,,,,,,,,,,,,,0.0,0.0,0.0,0.0,0.0,0.0
1773806330.495498,False,,,,,,,,,,,,,,,,,,0.0,0.0,0.0,0.0,0.0,0.0
1773806330.5056067,False,,,,,,,,,,,,,,,,,,0.0,0.0,0.0,0.0,0.0,0.0
1773806330.5154247,False,,,,,,,,,,,,,,,,,,0.0,0.0,0.0,0.0,0.0,0.0
1773806330.5256407,False,,,,,,,,,,,,,,,,,,0.0,0.0,0.0,0.0,0.0,0.0
1773806330.535211,False,,,,,,,,,,,,,,,,,,0.0,0.0,0.0,0.0,0.0,0.0
1773806330.545302,False,,,,,,,,,,,,,,,,,,0.0,0.0,0.0,0.0,0.0,0.0
1773806330.5555413,False,,,,,,,,,,,,,,,,,,0.0,0.0,0.0,0.0,0.0,0.0
1773806330.565585,False,,,,,,,,,,,,,,,,,,0.0,0.0,0.0,0.0,0.0,0.0
1773806330.5758076,False,,,,,,,,,,,,,,,,,,0.0,0.0,0.0,0.0,0.0,0.0
1773806330.585625,False,,,,,,,,,,,,,,,,,,0.0,0.0,0.0,0.0,0.0,0.0
1773806330.5959535,False,,,,,,,,,,,,,,,,,,0.0,0.0,0.0,0.0,0.0,0.0
1773806330.6054747,False,,,,,,,,,,,,,,,,,,0.0,0.0,0.0,0.0,0.0,0.0
1773806330.6153955,False,,,,,,,,,,,,,,,,,,0.0,0.0,0.0,0.0,0.0,0.0
1773806330.625353,False,,,,,,,,,,,,,,,,,,0.0,0.0,0.0,0.0,0.0,0.0
1773806330.635552,False,,,,,,,,,,,,,,,,,,0.0,0.0,0.0,0.0,0.0,0.0
1773806330.6454806,False,,,,,,,,,,,,,,,,,,0.0,0.0,0.0,0.0,0.0,0.0
1773806330.6555157,False,,,,,,,,,,,,,,,,,,0.0,0.0,0.0,0.0,0.0,0.0
1773806330.6655095,False,,,,,,,,,,,,,,,,,,0.0,0.0,0.0,0.0,0.0,0.0
1773806330.6755664,False,,,,,,,,,,,,,,,,,,0.0,0.0,0.0,0.0,0.0,0.0
1773806330.6856215,False,,,,,,,,,,,,,,,,,,0.0,0.0,0.0,0.0,0.0,0.0
1773806330.695861,False,,,,,,,,,,,,,,,,,,0.0,0.0,0.0,0.0,0.0,0.0
1773806330.7061176,False,,,,,,,,,,,,,,,,,,0.0,0.0,0.0,0.0,0.0,0.0
1773806330.7156768,False,,,,,,,,,,,,,,,,,,0.0,0.0,0.0,0.0,0.0,0.0
1773806330.7259092,False,,,,,,,,,,,,,,,,,,0.0,0.0,0.0,0.0,0.0,0.0
1773806330.735583,False,,,,,,,,,,,,,,,,,,0.0,0.0,0.0,0.0,0.0,0.0
1773806330.745329,False,,,,,,,,,,,,,,,,,,0.0,0.0,0.0,0.0,0.0,0.0
1773806330.755725,False,,,,,,,,,,,,,,,,,,0.0,0.0,0.0,0.0,0.0,0.0
1773806330.7655602,False,,,,,,,,,,,,,,,,,,0.0,0.0,0.0,0.0,0.0,0.0
1773806330.7758603,False,,,,,,,,,,,,,,,,,,0.0,0.0,0.0,0.0,0.0,0.0
1773806330.7855263,False,,,,,,,,,,,,,,,,,,0.0,0.0,0.0,0.0,0.0,0.0
1773806330.7958183,False,,,,,,,,,,,,,,,,,,0.0,0.0,0.0,0.0,0.0,0.0
1773806330.8058977,False,,,,,,,,,,,,,,,,,,0.0,0.0,0.0,0.0,0.0,0.0
1773806330.8154185,False,,,,,,,,,,,,,,,,,,0.0,0.0,0.0,0.0,0.0,0.0
1773806330.8253493,False,,,,,,,,,,,,,,,,,,0.0,0.0,0.0,0.0,0.0,0.0
1773806330.8356788,False,,,,,,,,,,,,,,,,,,0.0,0.0,0.0,0.0,0.0,0.0
1773806330.8457408,False,,,,,,,,,,,,,,,,,,0.0,0.0,0.0,0.0,0.0,0.0
1773806330.8558774,False,,,,,,,,,,,,,,,,,,0.0,0.0,0.0,0.0,0.0,0.0
1773806330.8655782,False,,,,,,,,,,,,,,,,,,0.0,0.0,0.0,0.0,0.0,0.0
1773806330.8756957,False,,,,,,,,,,,,,,,,,,0.0,0.0,0.0,0.0,0.0,0.0
1773806330.8858428,False,,,,,,,,,,,,,,,,,,0.0,0.0,0.0,0.0,0.0,0.0
1773806330.8954318,False,,,,,,,,,,,,,,,,,,0.0,0.0,0.0,0.0,0.0,0.0
1773806330.905422,False,,,,,,,,,,,,,,,,,,0.0,0.0,0.0,0.0,0.0,0.0
1773806330.9155416,False,,,,,,,,,,,,,,,,,,0.0,0.0,0.0,0.0,0.0,0.0
1773806330.9257581,False,,,,,,,,,,,,,,,,,,0.0,0.0,0.0,0.0,0.0,0.0
1773806330.935815,False,,,,,,,,,,,,,,,,,,0.0,0.0,0.0,0.0,0.0,0.0
1773806330.9459164,False,,,,,,,,,,,,,,,,,,0.0,0.0,0.0,0.0,0.0,0.0
1773806330.955469,False,,,,,,,,,,,,,,,,,,0.0,0.0,0.0,0.0,0.0,0.0
1773806330.9651673,False,,,,,,,,,,,,,,,,,,0.0,0.0,0.0,0.0,0.0,0.0
1773806330.9757314,False,,,,,,,,,,,,,,,,,,0.0,0.0,0.0,0.0,0.0,0.0
1773806330.9858654,False,,,,,,,,,,,,,,,,,,0.0,0.0,0.0,0.0,0.0,0.0
1773806330.9954739,False,,,,,,,,,,,,,,,,,,0.0,0.0,0.0,0.0,0.0,0.0
1773806331.0053422,False,,,,,,,,,,,,,,,,,,0.0,0.0,0.0,0.0,0.0,0.0
1773806331.0154204,False,,,,,,,,,,,,,,,,,,0.0,0.0,0.0,0.0,0.0,0.0
1773806331.025789,False,,,,,,,,,,,,,,,,,,0.0,0.0,0.0,0.0,0.0,0.0
1773806331.0355074,False,,,,,,,,,,,,,,,,,,0.0,0.0,0.0,0.0,0.0,0.0
1773806331.0458853,False,,,,,,,,,,,,,,,,,,0.0,0.0,0.0,0.0,0.0,0.0
1773806331.055787,False,,,,,,,,,,,,,,,,,,0.0,0.0,0.0,0.0,0.0,0.0
1773806331.065357,False,,,,,,,,,,,,,,,,,,0.0,0.0,0.0,0.0,0.0,0.0
1773806331.0755103,False,,,,,,,,,,,,,,,,,,0.0,0.0,0.0,0.0,0.0,0.0
1773806331.08537,False,,,,,,,,,,,,,,,,,,0.0,0.0,0.0,0.0,0.0,0.0
1773806331.095484,False,,,,,,,,,,,,,,,,,,0.0,0.0,0.0,0.0,0.0,0.0
1773806331.1058137,False,,,,,,,,,,,,,,,,,,0.0,0.0,0.0,0.0,0.0,0.0
1773806331.1156511,False,,,,,,,,,,,,,,,,,,0.0,0.0,0.0,0.0,0.0,0.0
1773806331.1254551,False,,,,,,,,,,,,,,,,,,0.0,0.0,0.0,0.0,0.0,0.0
1773806331.1356878,False,,,,,,,,,,,,,,,,,,0.0,0.0,0.0,0.0,0.0,0.0
1773806331.1454778,False,,,,,,,,,,,,,,,,,,0.0,0.0,0.0,0.0,0.0,0.0
1773806331.1562383,False,,,,,,,,,,,,,,,,,,0.0,0.0,0.0,0.0,0.0,0.0
1773806331.1657639,False,,,,,,,,,,,,,,,,,,0.0,0.0,0.0,0.0,0.0,0.0
1773806331.17563,False,,,,,,,,,,,,,,,,,,0.0,0.0,0.0,0.0,0.0,0.0
1773806331.185341,False,,,,,,,,,,,,,,,,,,0.0,0.0,0.0,0.0,0.0,0.0
1773806331.1954136,False,,,,,,,,,,,,,,,,,,0.0,0.0,0.0,0.0,0.0,0.0
1773806331.2052488,False,,,,,,,,,,,,,,,,,,0.0,0.0,0.0,0.0,0.0,0.0
1773806331.2154999,False,,,,,,,,,,,,,,,,,,0.0,0.0,0.0,0.0,0.0,0.0
1773806331.2254086,False,,,,,,,,,,,,,,,,,,0.0,0.0,0.0,0.0,0.0,0.0
1773806331.2358773,False,,,,,,,,,,,,,,,,,,0.0,0.0,0.0,0.0,0.0,0.0
1773806331.245462,False,,,,,,,,,,,,,,,,,,0.0,0.0,0.0,0.0,0.0,0.0
1773806331.2555044,False,,,,,,,,,,,,,,,,,,0.0,0.0,0.0,0.0,0.0,0.0
1773806331.266026,False,,,,,,,,,,,,,,,,,,0.0,0.0,0.0,0.0,0.0,0.0
1773806331.2755947,False,,,,,,,,,,,,,,,,,,0.0,0.0,0.0,0.0,0.0,0.0
1773806331.285184,False,,,,,,,,,,,,,,,,,,0.0,0.0,0.0,0.0,0.0,0.0
1773806331.2954164,False,,,,,,,,,,,,,,,,,,0.0,0.0,0.0,0.0,0.0,0.0
1773806331.3055315,False,,,,,,,,,,,,,,,,,,0.0,0.0,0.0,0.0,0.0,0.0
1773806331.3151488,False,,,,,,,,,,,,,,,,,,0.0,0.0,0.0,0.0,0.0,0.0
1773806331.3255014,False,,,,,,,,,,,,,,,,,,0.0,0.0,0.0,0.0,0.0,0.0
1773806331.335528,False,,,,,,,,,,,,,,,,,,0.0,0.0,0.0,0.0,0.0,0.0
1773806331.3456783,False,,,,,,,,,,,,,,,,,,0.0,0.0,0.0,0.0,0.0,0.0
1773806331.3557303,False,,,,,,,,,,,,,,,,,,0.0,0.0,0.0,0.0,0.0,0.0
1773806331.365444,False,,,,,,,,,,,,,,,,,,0.0,0.0,0.0,0.0,0.0,0.0
1773806331.375665,False,,,,,,,,,,,,,,,,,,0.0,0.0,0.0,0.0,0.0,0.0
1773806331.3854182,False,,,,,,,,,,,,,,,,,,0.0,0.0,0.0,0.0,0.0,0.0
1773806331.3952906,False,,,,,,,,,,,,,,,,,,0.0,0.0,0.0,0.0,0.0,0.0
1773806331.4053512,False,,,,,,,,,,,,,,,,,,0.0,0.0,0.0,0.0,0.0,0.0
1773806331.4154181,False,,,,,,,,,,,,,,,,,,0.0,0.0,0.0,0.0,0.0,0.0
1773806331.4253855,False,,,,,,,,,,,,,,,,,,0.0,0.0,0.0,0.0,0.0,0.0
1773806331.4353137,False,,,,,,,,,,,,,,,,,,0.0,0.0,0.0,0.0,0.0,0.0
1773806331.4452698,False,,,,,,,,,,,,,,,,,,0.0,0.0,0.0,0.0,0.0,0.0
1773806331.455313,False,,,,,,,,,,,,,,,,,,0.0,0.0,0.0,0.0,0.0,0.0
1773806331.465349,False,,,,,,,,,,,,,,,,,,0.0,0.0,0.0,0.0,0.0,0.0
1773806331.4753687,False,,,,,,,,,,,,,,,,,,0.0,0.0,0.0,0.0,0.0,0.0
1773806331.4853878,False,,,,,,,,,,,,,,,,,,0.0,0.0,0.0,0.0,0.0,0.0
1773806331.4954038,False,,,,,,,,,,,,,,,,,,0.0,0.0,0.0,0.0,0.0,0.0
1773806331.505419,False,,,,,,,,,,,,,,,,,,0.0,0.0,0.0,0.0,0.0,0.0
1773806331.5154374,False,,,,,,,,,,,,,,,,,,0.0,0.0,0.0,0.0,0.0,0.0
1773806331.5254514,False,,,,,,,,,,,,,,,,,,0.0,0.0,0.0,0.0,0.0,0.0
1773806331.5354648,False,,,,,,,,,,,,,,,,,,0.0,0.0,0.0,0.0,0.0,0.0
1773806331.548985,False,,,,,,,,,,,,,,,,,,0.0,0.0,0.0,0.0,0.0,0.0
1773806331.5559983,False,,,,,,,,,,,,,,,,,,0.0,0.0,0.0,0.0,0.0,0.0
1773806331.5655117,False,,,,,,,,,,,,,,,,,,0.0,0.0,0.0,0.0,0.0,0.0
1773806332.4799025,False,,,,,,,,,,,,,,,,,,0.0,0.0,0.0,0.0,0.0,0.0
1773806332.480475,False,,,,,,,,,,,,,,,,,,0.0,0.0,0.0,0.0,0.0,0.0
1773806332.4914045,False,,,,,,,,,,,,,,,,,,0.0,0.0,0.0,0.0,0.0,0.0
1773806332.500977,False,,,,,,,,,,,,,,,,,,0.0,0.0,0.0,0.0,0.0,0.0
1773806332.511033,False,,,,,,,,,,,,,,,,,,0.0,0.0,0.0,0.0,0.0,0.0
1773806332.521224,False,,,,,,,,,,,,,,,,,,0.0,0.0,0.0,0.0,0.0,0.0
1773806332.5312803,False,,,,,,,,,,,,,,,,,,0.0,0.0,0.0,0.0,0.0,0.0
1773806332.5408022,False,,,,,,,,,,,,,,,,,,0.0,0.0,0.0,0.0,0.0,0.0
1773806332.5510209,False,,,,,,,,,,,,,,,,,,0.0,0.0,0.0,0.0,0.0,0.0
1773806332.5611444,False,,,,,,,,,,,,,,,,,,0.0,0.0,0.0,0.0,0.0,0.0
1773806332.5712686,False,,,,,,,,,,,,,,,,,,0.0,0.0,0.0,0.0,0.0,0.0
1773806332.5810342,False,,,,,,,,,,,,,,,,,,0.0,0.0,0.0,0.0,0.0,0.0
1773806332.5905595,False,,,,,,,,,,,,,,,,,,0.0,0.0,0.0,0.0,0.0,0.0
1773806332.6011338,False,,,,,,,,,,,,,,,,,,0.0,0.0,0.0,0.0,0.0,0.0
1773806332.6107686,False,,,,,,,,,,,,,,,,,,0.0,0.0,0.0,0.0,0.0,0.0
1773806332.6213455,False,,,,,,,,,,,,,,,,,,0.0,0.0,0.0,0.0,0.0,0.0
1773806332.6308918,False,,,,,,,,,,,,,,,,,,0.0,0.0,0.0,0.0,0.0,0.0
1773806332.640917,False,,,,,,,,,,,,,,,,,,0.0,0.0,0.0,0.0,0.0,0.0
1773806332.6510699,False,,,,,,,,,,,,,,,,,,0.0,0.0,0.0,0.0,0.0,0.0
1773806332.6607018,False,,,,,,,,,,,,,,,,,,0.0,0.0,0.0,0.0,0.0,0.0
1773806332.6712215,False,,,,,,,,,,,,,,,,,,0.0,0.0,0.0,0.0,0.0,0.0
1773806332.6812444,False,,,,,,,,,,,,,,,,,,0.0,0.0,0.0,0.0,0.0,0.0
1773806332.691269,False,,,,,,,,,,,,,,,,,,0.0,0.0,0.0,0.0,0.0,0.0
1773806332.7007928,False,,,,,,,,,,,,,,,,,,0.0,0.0,0.0,0.0,0.0,0.0
1773806332.7109618,False,,,,,,,,,,,,,,,,,,0.0,0.0,0.0,0.0,0.0,0.0
1773806332.721,False,,,,,,,,,,,,,,,,,,0.0,0.0,0.0,0.0,0.0,0.0
1773806332.7311893,False,,,,,,,,,,,,,,,,,,0.0,0.0,0.0,0.0,0.0,0.0
1773806332.7412138,False,,,,,,,,,,,,,,,,,,0.0,0.0,0.0,0.0,0.0,0.0
1773806332.7507265,False,,,,,,,,,,,,,,,,,,0.0,0.0,0.0,0.0,0.0,0.0
1773806332.7607634,False,,,,,,,,,,,,,,,,,,0.0,0.0,0.0,0.0,0.0,0.0
1773806332.7710485,False,,,,,,,,,,,,,,,,,,0.0,0.0,0.0,0.0,0.0,0.0
1773806332.7810824,False,,,,,,,,,,,,,,,,,,0.0,0.0,0.0,0.0,0.0,0.0
1773806332.7910607,False,,,,,,,,,,,,,,,,,,0.0,0.0,0.0,0.0,0.0,0.0
1773806332.8012278,False,,,,,,,,,,,,,,,,,,0.0,0.0,0.0,0.0,0.0,0.0
1773806332.8107414,False,,,,,,,,,,,,,,,,,,0.0,0.0,0.0,0.0,0.0,0.0
1773806332.8212738,False,,,,,,,,,,,,,,,,,,0.0,0.0,0.0,0.0,0.0,0.0
1773806332.8309672,False,,,,,,,,,,,,,,,,,,0.0,0.0,0.0,0.0,0.0,0.0
1773806332.841099,False,,,,,,,,,,,,,,,,,,0.0,0.0,0.0,0.0,0.0,0.0
1773806332.8511307,False,,,,,,,,,,,,,,,,,,0.0,0.0,0.0,0.0,0.0,0.0
1773806332.8611827,False,,,,,,,,,,,,,,,,,,0.0,0.0,0.0,0.0,0.0,0.0
1773806332.8707027,False,,,,,,,,,,,,,,,,,,0.0,0.0,0.0,0.0,0.0,0.0
1773806332.8807616,False,,,,,,,,,,,,,,,,,,0.0,0.0,0.0,0.0,0.0,0.0
1773806332.8907692,False,,,,,,,,,,,,,,,,,,0.0,0.0,0.0,0.0,0.0,0.0
1773806332.9007983,False,,,,,,,,,,,,,,,,,,0.0,0.0,0.0,0.0,0.0,0.0
1773806332.9113114,False,,,,,,,,,,,,,,,,,,0.0,0.0,0.0,0.0,0.0,0.0
1773806332.9208665,False,,,,,,,,,,,,,,,,,,0.0,0.0,0.0,0.0,0.0,0.0
1773806332.9310787,False,,,,,,,,,,,,,,,,,,0.0,0.0,0.0,0.0,0.0,0.0
1773806332.9411392,False,,,,,,,,,,,,,,,,,,0.0,0.0,0.0,0.0,0.0,0.0
1773806332.9511738,False,,,,,,,,,,,,,,,,,,0.0,0.0,0.0,0.0,0.0,0.0
1773806332.9612029,False,,,,,,,,,,,,,,,,,,0.0,0.0,0.0,0.0,0.0,0.0
1773806332.9709504,False,,,,,,,,,,,,,,,,,,0.0,0.0,0.0,0.0,0.0,0.0
1773806332.9809995,False,,,,,,,,,,,,,,,,,,0.0,0.0,0.0,0.0,0.0,0.0
1773806332.991032,False,,,,,,,,,,,,,,,,,,0.0,0.0,0.0,0.0,0.0,0.0
1773806333.0010583,False,,,,,,,,,,,,,,,,,,0.0,0.0,0.0,0.0,0.0,0.0
1773806333.0109155,False,,,,,,,,,,,,,,,,,,0.0,0.0,0.0,0.0,0.0,0.0
1773806333.0211906,False,,,,,,,,,,,,,,,,,,0.0,0.0,0.0,0.0,0.0,0.0
1773806333.0307083,False,,,,,,,,,,,,,,,,,,0.0,0.0,0.0,0.0,0.0,0.0
1773806333.0407383,False,,,,,,,,,,,,,,,,,,0.0,0.0,0.0,0.0,0.0,0.0
1773806333.0507972,False,,,,,,,,,,,,,,,,,,0.0,0.0,0.0,0.0,0.0,0.0
1773806333.0611248,False,,,,,,,,,,,,,,,,,,0.0,0.0,0.0,0.0,0.0,0.0
1773806333.070782,False,,,,,,,,,,,,,,,,,,0.0,0.0,0.0,0.0,0.0,0.0
1773806333.081139,False,,,,,,,,,,,,,,,,,,0.0,0.0,0.0,0.0,0.0,0.0
1773806333.090802,False,,,,,,,,,,,,,,,,,,0.0,0.0,0.0,0.0,0.0,0.0
1773806333.1014962,False,,,,,,,,,,,,,,,,,,0.0,0.0,0.0,0.0,0.0,0.0
1773806333.111017,False,,,,,,,,,,,,,,,,,,0.0,0.0,0.0,0.0,0.0,0.0
1773806333.1210482,False,,,,,,,,,,,,,,,,,,0.0,0.0,0.0,0.0,0.0,0.0
1773806333.1312213,False,,,,,,,,,,,,,,,,,,0.0,0.0,0.0,0.0,0.0,0.0
1773806333.1407342,False,,,,,,,,,,,,,,,,,,0.0,0.0,0.0,0.0,0.0,0.0
1773806333.150914,False,,,,,,,,,,,,,,,,,,0.0,0.0,0.0,0.0,0.0,0.0
1773806333.1609187,False,,,,,,,,,,,,,,,,,,0.0,0.0,0.0,0.0,0.0,0.0
1773806333.1711135,False,,,,,,,,,,,,,,,,,,0.0,0.0,0.0,0.0,0.0,0.0
1773806333.1811619,False,,,,,,,,,,,,,,,,,,0.0,0.0,0.0,0.0,0.0,0.0
1773806333.1912425,False,,,,,,,,,,,,,,,,,,0.0,0.0,0.0,0.0,0.0,0.0
1773806333.200768,False,,,,,,,,,,,,,,,,,,0.0,0.0,0.0,0.0,0.0,0.0
1773806333.2115715,False,,,,,,,,,,,,,,,,,,0.0,0.0,0.0,0.0,0.0,0.0
1773806333.221089,False,,,,,,,,,,,,,,,,,,0.0,0.0,0.0,0.0,0.0,0.0
1773806333.2313004,False,,,,,,,,,,,,,,,,,,0.0,0.0,0.0,0.0,0.0,0.0
1773806333.2409503,False,,,,,,,,,,,,,,,,,,0.0,0.0,0.0,0.0,0.0,0.0
1773806333.2509737,False,,,,,,,,,,,,,,,,,,0.0,0.0,0.0,0.0,0.0,0.0
1773806333.2609982,False,,,,,,,,,,,,,,,,,,0.0,0.0,0.0,0.0,0.0,0.0
1773806333.2711143,False,,,,,,,,,,,,,,,,,,0.0,0.0,0.0,0.0,0.0,0.0
1773806333.2811756,False,,,,,,,,,,,,,,,,,,0.0,0.0,0.0,0.0,0.0,0.0
1773806333.2912056,False,,,,,,,,,,,,,,,,,,0.0,0.0,0.0,0.0,0.0,0.0
1773806333.3008175,False,,,,,,,,,,,,,,,,,,0.0,0.0,0.0,0.0,0.0,0.0
1773806333.3111117,False,,,,,,,,,,,,,,,,,,0.0,0.0,0.0,0.0,0.0,0.0
1773806333.3211548,False,,,,,,,,,,,,,,,,,,0.0,0.0,0.0,0.0,0.0,0.0
1773806333.3307316,False,,,,,,,,,,,,,,,,,,0.0,0.0,0.0,0.0,0.0,0.0
1773806333.3410087,False,,,,,,,,,,,,,,,,,,0.0,0.0,0.0,0.0,0.0,0.0
1773806333.3511612,False,,,,,,,,,,,,,,,,,,0.0,0.0,0.0,0.0,0.0,0.0
1773806333.360843,False,,,,,,,,,,,,,,,,,,0.0,0.0,0.0,0.0,0.0,0.0
1773806333.3711221,False,,,,,,,,,,,,,,,,,,0.0,0.0,0.0,0.0,0.0,0.0
1773806333.3812091,False,,,,,,,,,,,,,,,,,,0.0,0.0,0.0,0.0,0.0,0.0
1773806333.3908956,False,,,,,,,,,,,,,,,,,,0.0,0.0,0.0,0.0,0.0,0.0
1773806333.401238,False,,,,,,,,,,,,,,,,,,0.0,0.0,0.0,0.0,0.0,0.0
1773806333.4108002,False,,,,,,,,,,,,,,,,,,0.0,0.0,0.0,0.0,0.0,0.0
1773806333.4209526,False,,,,,,,,,,,,,,,,,,0.0,0.0,0.0,0.0,0.0,0.0
1773806333.4312408,False,,,,,,,,,,,,,,,,,,0.0,0.0,0.0,0.0,0.0,0.0
1773806333.4407709,False,,,,,,,,,,,,,,,,,,0.0,0.0,0.0,0.0,0.0,0.0
1773806333.4511895,False,,,,,,,,,,,,,,,,,,0.0,0.0,0.0,0.0,0.0,0.0
1773806333.461238,False,,,,,,,,,,,,,,,,,,0.0,0.0,0.0,0.0,0.0,0.0
1773806333.470766,False,,,,,,,,,,,,,,,,,,0.0,0.0,0.0,0.0,0.0,0.0
1773806333.4813106,False,,,,,,,,,,,,,,,,,,0.0,0.0,0.0,0.0,0.0,0.0
1773806333.4908812,False,,,,,,,,,,,,,,,,,,0.0,0.0,0.0,0.0,0.0,0.0
1773806333.501062,False,,,,,,,,,,,,,,,,,,0.0,0.0,0.0,0.0,0.0,0.0
1773806333.5111735,False,,,,,,,,,,,,,,,,,,0.0,0.0,0.0,0.0,0.0,0.0
1773806333.5207207,False,,,,,,,,,,,,,,,,,,0.0,0.0,0.0,0.0,0.0,0.0
1773806333.5309093,False,,,,,,,,,,,,,,,,,,0.0,0.0,0.0,0.0,0.0,0.0
1773806333.5410478,False,,,,,,,,,,,,,,,,,,0.0,0.0,0.0,0.0,0.0,0.0
1773806333.5510695,False,,,,,,,,,,,,,,,,,,0.0,0.0,0.0,0.0,0.0,0.0
1773806333.5607686,False,,,,,,,,,,,,,,,,,,0.0,0.0,0.0,0.0,0.0,0.0
1773806333.5713732,False,,,,,,,,,,,,,,,,,,0.0,0.0,0.0,0.0,0.0,0.0
1773806333.5808873,False,,,,,,,,,,,,,,,,,,0.0,0.0,0.0,0.0,0.0,0.0
1773806333.590934,False,,,,,,,,,,,,,,,,,,0.0,0.0,0.0,0.0,0.0,0.0
1773806333.6009471,False,,,,,,,,,,,,,,,,,,0.0,0.0,0.0,0.0,0.0,0.0
1773806333.6110163,False,,,,,,,,,,,,,,,,,,0.0,0.0,0.0,0.0,0.0,0.0
1773806333.6210673,False,,,,,,,,,,,,,,,,,,0.0,0.0,0.0,0.0,0.0,0.0
1773806333.630947,False,,,,,,,,,,,,,,,,,,0.0,0.0,0.0,0.0,0.0,0.0
1773806333.6411295,False,,,,,,,,,,,,,,,,,,0.0,0.0,0.0,0.0,0.0,0.0
1773806333.651153,False,,,,,,,,,,,,,,,,,,0.0,0.0,0.0,0.0,0.0,0.0
1773806333.6611986,False,,,,,,,,,,,,,,,,,,0.0,0.0,0.0,0.0,0.0,0.0
1773806333.6707215,False,,,,,,,,,,,,,,,,,,0.0,0.0,0.0,0.0,0.0,0.0
1773806333.681265,False,,,,,,,,,,,,,,,,,,0.0,0.0,0.0,0.0,0.0,0.0
1773806333.6911283,False,,,,,,,,,,,,,,,,,,0.0,0.0,0.0,0.0,0.0,0.0
1773806333.7010686,False,,,,,,,,,,,,,,,,,,0.0,0.0,0.0,0.0,0.0,0.0
1773806333.711183,False,,,,,,,,,,,,,,,,,,0.0,0.0,0.0,0.0,0.0,0.0
1773806333.7210765,False,,,,,,,,,,,,,,,,,,0.0,0.0,0.0,0.0,0.0,0.0
1773806333.73086,False,,,,,,,,,,,,,,,,,,0.0,0.0,0.0,0.0,0.0,0.0
1773806333.7408938,False,,,,,,,,,,,,,,,,,,0.0,0.0,0.0,0.0,0.0,0.0
1773806333.7509468,False,,,,,,,,,,,,,,,,,,0.0,0.0,0.0,0.0,0.0,0.0
1773806333.7609775,False,,,,,,,,,,,,,,,,,,0.0,0.0,0.0,0.0,0.0,0.0
1773806333.770817,False,,,,,,,,,,,,,,,,,,0.0,0.0,0.0,0.0,0.0,0.0
1773806333.7814703,False,,,,,,,,,,,,,,,,,,0.0,0.0,0.0,0.0,0.0,0.0
1773806333.7911875,False,,,,,,,,,,,,,,,,,,0.0,0.0,0.0,0.0,0.0,0.0
1773806333.801109,False,,,,,,,,,,,,,,,,,,0.0,0.0,0.0,0.0,0.0,0.0
1773806333.8111384,False,,,,,,,,,,,,,,,,,,0.0,0.0,0.0,0.0,0.0,0.0
1773806333.8211606,False,,,,,,,,,,,,,,,,,,0.0,0.0,0.0,0.0,0.0,0.0
1773806333.8307915,False,,,,,,,,,,,,,,,,,,0.0,0.0,0.0,0.0,0.0,0.0
1773806333.840831,False,,,,,,,,,,,,,,,,,,0.0,0.0,0.0,0.0,0.0,0.0
1773806333.8509686,False,,,,,,,,,,,,,,,,,,0.0,0.0,0.0,0.0,0.0,0.0
1773806333.861065,False,,,,,,,,,,,,,,,,,,0.0,0.0,0.0,0.0,0.0,0.0
1773806333.870831,False,,,,,,,,,,,,,,,,,,0.0,0.0,0.0,0.0,0.0,0.0
1773806333.881403,False,,,,,,,,,,,,,,,,,,0.0,0.0,0.0,0.0,0.0,0.0
1773806333.8909476,False,,,,,,,,,,,,,,,,,,0.0,0.0,0.0,0.0,0.0,0.0
1773806333.9012027,False,,,,,,,,,,,,,,,,,,0.0,0.0,0.0,0.0,0.0,0.0
1773806333.911306,False,,,,,,,,,,,,,,,,,,0.0,0.0,0.0,0.0,0.0,0.0
1773806333.9208367,False,,,,,,,,,,,,,,,,,,0.0,0.0,0.0,0.0,0.0,0.0
1773806333.931182,False,,,,,,,,,,,,,,,,,,0.0,0.0,0.0,0.0,0.0,0.0
1773806333.94124,False,,,,,,,,,,,,,,,,,,0.0,0.0,0.0,0.0,0.0,0.0
1773806333.9509614,False,,,,,,,,,,,,,,,,,,0.0,0.0,0.0,0.0,0.0,0.0
1773806333.9609349,False,,,,,,,,,,,,,,,,,,0.0,0.0,0.0,0.0,0.0,0.0
1773806333.9709778,False,,,,,,,,,,,,,,,,,,0.0,0.0,0.0,0.0,0.0,0.0
1773806333.981546,False,,,,,,,,,,,,,,,,,,0.0,0.0,0.0,0.0,0.0,0.0
1773806333.9911392,False,,,,,,,,,,,,,,,,,,0.0,0.0,0.0,0.0,0.0,0.0
1773806334.001162,False,,,,,,,,,,,,,,,,,,0.0,0.0,0.0,0.0,0.0,0.0
1773806334.0112119,False,,,,,,,,,,,,,,,,,,0.0,0.0,0.0,0.0,0.0,0.0
1773806334.0212662,False,,,,,,,,,,,,,,,,,,0.0,0.0,0.0,0.0,0.0,0.0
1773806334.030911,False,,,,,,,,,,,,,,,,,,0.0,0.0,0.0,0.0,0.0,0.0
1773806334.0410519,False,,,,,,,,,,,,,,,,,,0.0,0.0,0.0,0.0,0.0,0.0
1773806334.0510774,False,,,,,,,,,,,,,,,,,,0.0,0.0,0.0,0.0,0.0,0.0
1773806334.061122,False,,,,,,,,,,,,,,,,,,0.0,0.0,0.0,0.0,0.0,0.0
1773806334.0711286,False,,,,,,,,,,,,,,,,,,0.0,0.0,0.0,0.0,0.0,0.0
1773806334.081389,False,,,,,,,,,,,,,,,,,,0.0,0.0,0.0,0.0,0.0,0.0
1773806334.0915043,False,,,,,,,,,,,,,,,,,,0.0,0.0,0.0,0.0,0.0,0.0
1773806334.1010594,False,,,,,,,,,,,,,,,,,,0.0,0.0,0.0,0.0,0.0,0.0
1773806334.1112435,False,,,,,,,,,,,,,,,,,,0.0,0.0,0.0,0.0,0.0,0.0
1773806334.1211364,False,,,,,,,,,,,,,,,,,,0.0,0.0,0.0,0.0,0.0,0.0
1773806334.1314132,False,,,,,,,,,,,,,,,,,,0.0,0.0,0.0,0.0,0.0,0.0
1773806334.1407502,False,,,,,,,,,,,,,,,,,,0.0,0.0,0.0,0.0,0.0,0.0
1773806334.1512995,False,,,,,,,,,,,,,,,,,,0.0,0.0,0.0,0.0,0.0,0.0
1773806334.1613486,False,,,,,,,,,,,,,,,,,,0.0,0.0,0.0,0.0,0.0,0.0
1773806334.1709673,False,,,,,,,,,,,,,,,,,,0.0,0.0,0.0,0.0,0.0,0.0
1773806334.1811938,False,,,,,,,,,,,,,,,,,,0.0,0.0,0.0,0.0,0.0,0.0
1773806334.1910324,False,,,,,,,,,,,,,,,,,,0.0,0.0,0.0,0.0,0.0,0.0
1773806334.2010748,False,,,,,,,,,,,,,,,,,,0.0,0.0,0.0,0.0,0.0,0.0
1773806334.2110918,False,,,,,,,,,,,,,,,,,,0.0,0.0,0.0,0.0,0.0,0.0
1773806334.2211764,False,,,,,,,,,,,,,,,,,,0.0,0.0,0.0,0.0,0.0,0.0
1773806334.2311964,False,,,,,,,,,,,,,,,,,,0.0,0.0,0.0,0.0,0.0,0.0
1773806334.2407808,False,,,,,,,,,,,,,,,,,,0.0,0.0,0.0,0.0,0.0,0.0
1773806334.250994,False,,,,,,,,,,,,,,,,,,0.0,0.0,0.0,0.0,0.0,0.0
1773806334.2610426,False,,,,,,,,,,,,,,,,,,0.0,0.0,0.0,0.0,0.0,0.0
1773806334.2711186,False,,,,,,,,,,,,,,,,,,0.0,0.0,0.0,0.0,0.0,0.0
1773806334.2808485,False,,,,,,,,,,,,,,,,,,0.0,0.0,0.0,0.0,0.0,0.0
1773806334.2912598,False,,,,,,,,,,,,,,,,,,0.0,0.0,0.0,0.0,0.0,0.0
1773806334.3010414,False,,,,,,,,,,,,,,,,,,0.0,0.0,0.0,0.0,0.0,0.0
1773806334.311143,False,,,,,,,,,,,,,,,,,,0.0,0.0,0.0,0.0,0.0,0.0
1773806334.321177,False,,,,,,,,,,,,,,,,,,0.0,0.0,0.0,0.0,0.0,0.0
1773806334.3309388,False,,,,,,,,,,,,,,,,,,0.0,0.0,0.0,0.0,0.0,0.0
1773806334.340947,False,,,,,,,,,,,,,,,,,,0.0,0.0,0.0,0.0,0.0,0.0
1773806334.350978,False,,,,,,,,,,,,,,,,,,0.0,0.0,0.0,0.0,0.0,0.0
1773806334.3609877,False,,,,,,,,,,,,,,,,,,0.0,0.0,0.0,0.0,0.0,0.0
1773806334.3710265,False,,,,,,,,,,,,,,,,,,0.0,0.0,0.0,0.0,0.0,0.0
1773806334.3810673,False,,,,,,,,,,,,,,,,,,0.0,0.0,0.0,0.0,0.0,0.0
1773806334.3911254,False,,,,,,,,,,,,,,,,,,0.0,0.0,0.0,0.0,0.0,0.0
1773806334.400792,False,,,,,,,,,,,,,,,,,,0.0,0.0,0.0,0.0,0.0,0.0
1773806334.41104,False,,,,,,,,,,,,,,,,,,0.0,0.0,0.0,0.0,0.0,0.0
1773806334.4211872,False,,,,,,,,,,,,,,,,,,0.0,0.0,0.0,0.0,0.0,0.0
1773806334.4306812,False,,,,,,,,,,,,,,,,,,0.0,0.0,0.0,0.0,0.0,0.0
1773806334.440838,False,,,,,,,,,,,,,,,,,,0.0,0.0,0.0,0.0,0.0,0.0
1773806334.450957,False,,,,,,,,,,,,,,,,,,0.0,0.0,0.0,0.0,0.0,0.0
1773806334.4609537,False,,,,,,,,,,,,,,,,,,0.0,0.0,0.0,0.0,0.0,0.0
1773806334.471093,False,,,,,,,,,,,,,,,,,,0.0,0.0,0.0,0.0,0.0,0.0
1773806334.4813926,False,,,,,,,,,,,,,,,,,,0.0,0.0,0.0,0.0,0.0,0.0
1773806334.4908316,False,,,,,,,,,,,,,,,,,,0.0,0.0,0.0,0.0,0.0,0.0
1773806334.50087,False,,,,,,,,,,,,,,,,,,0.0,0.0,0.0,0.0,0.0,0.0
1773806334.511061,False,,,,,,,,,,,,,,,,,,0.0,0.0,0.0,0.0,0.0,0.0
1773806334.5212145,False,,,,,,,,,,,,,,,,,,0.0,0.0,0.0,0.0,0.0,0.0
1773806334.5308418,False,,,,,,,,,,,,,,,,,,0.0,0.0,0.0,0.0,0.0,0.0
1773806334.541437,False,,,,,,,,,,,,,,,,,,0.0,0.0,0.0,0.0,0.0,0.0
1773806334.5509615,False,,,,,,,,,,,,,,,,,,0.0,0.0,0.0,0.0,0.0,0.0
1773806334.5612075,False,,,,,,,,,,,,,,,,,,0.0,0.0,0.0,0.0,0.0,0.0
1773806334.571105,False,,,,,,,,,,,,,,,,,,0.0,0.0,0.0,0.0,0.0,0.0
1773806334.5814567,False,,,,,,,,,,,,,,,,,,0.0,0.0,0.0,0.0,0.0,0.0
1773806334.5912292,False,,,,,,,,,,,,,,,,,,0.0,0.0,0.0,0.0,0.0,0.0
1773806334.6009588,False,,,,,,,,,,,,,,,,,,0.0,0.0,0.0,0.0,0.0,0.0
1773806334.6109295,False,,,,,,,,,,,,,,,,,,0.0,0.0,0.0,0.0,0.0,0.0
1773806334.6209664,False,,,,,,,,,,,,,,,,,,0.0,0.0,0.0,0.0,0.0,0.0
1773806334.6312327,False,,,,,,,,,,,,,,,,,,0.0,0.0,0.0,0.0,0.0,0.0
1773806334.6408548,False,,,,,,,,,,,,,,,,,,0.0,0.0,0.0,0.0,0.0,0.0
1773806334.6508818,False,,,,,,,,,,,,,,,,,,0.0,0.0,0.0,0.0,0.0,0.0
1773806334.6610994,False,,,,,,,,,,,,,,,,,,0.0,0.0,0.0,0.0,0.0,0.0
1773806334.670681,False,,,,,,,,,,,,,,,,,,0.0,0.0,0.0,0.0,0.0,0.0
1773806334.6812963,False,,,,,,,,,,,,,,,,,,0.0,0.0,0.0,0.0,0.0,0.0
1773806334.6908255,False,,,,,,,,,,,,,,,,,,0.0,0.0,0.0,0.0,0.0,0.0
1773806334.7011478,False,,,,,,,,,,,,,,,,,,0.0,0.0,0.0,0.0,0.0,0.0
1773806334.7112978,False,,,,,,,,,,,,,,,,,,0.0,0.0,0.0,0.0,0.0,0.0
1773806334.7208016,False,,,,,,,,,,,,,,,,,,0.0,0.0,0.0,0.0,0.0,0.0
1773806334.7310884,False,,,,,,,,,,,,,,,,,,0.0,0.0,0.0,0.0,0.0,0.0
1773806334.7407954,False,,,,,,,,,,,,,,,,,,0.0,0.0,0.0,0.0,0.0,0.0
1773806334.7513077,False,,,,,,,,,,,,,,,,,,0.0,0.0,0.0,0.0,0.0,0.0
1773806334.7608697,False,,,,,,,,,,,,,,,,,,0.0,0.0,0.0,0.0,0.0,0.0
1773806334.7711725,False,,,,,,,,,,,,,,,,,,0.0,0.0,0.0,0.0,0.0,0.0
1773806334.7810574,False,,,,,,,,,,,,,,,,,,0.0,0.0,0.0,0.0,0.0,0.0
1773806334.790858,False,,,,,,,,,,,,,,,,,,0.0,0.0,0.0,0.0,0.0,0.0
1773806334.8008182,False,,,,,,,,,,,,,,,,,,0.0,0.0,0.0,0.0,0.0,0.0
1773806334.8113527,False,,,,,,,,,,,,,,,,,,0.0,0.0,0.0,0.0,0.0,0.0
1773806334.8208933,False,,,,,,,,,,,,,,,,,,0.0,0.0,0.0,0.0,0.0,0.0
1773806334.8309593,False,,,,,,,,,,,,,,,,,,0.0,0.0,0.0,0.0,0.0,0.0
1773806334.8408692,False,,,,,,,,,,,,,,,,,,0.0,0.0,0.0,0.0,0.0,0.0
1773806334.8509696,False,,,,,,,,,,,,,,,,,,0.0,0.0,0.0,0.0,0.0,0.0
1773806334.8610024,False,,,,,,,,,,,,,,,,,,0.0,0.0,0.0,0.0,0.0,0.0
1773806334.8710663,False,,,,,,,,,,,,,,,,,,0.0,0.0,0.0,0.0,0.0,0.0
1773806334.881311,False,,,,,,,,,,,,,,,,,,0.0,0.0,0.0,0.0,0.0,0.0
1773806334.8908596,False,,,,,,,,,,,,,,,,,,0.0,0.0,0.0,0.0,0.0,0.0
1773806334.900984,False,,,,,,,,,,,,,,,,,,0.0,0.0,0.0,0.0,0.0,0.0
1773806334.9108076,False,,,,,,,,,,,,,,,,,,0.0,0.0,0.0,0.0,0.0,0.0
1773806334.9208193,False,,,,,,,,,,,,,,,,,,0.0,0.0,0.0,0.0,0.0,0.0
1773806334.9311697,False,,,,,,,,,,,,,,,,,,0.0,0.0,0.0,0.0,0.0,0.0
1773806334.941212,False,,,,,,,,,,,,,,,,,,0.0,0.0,0.0,0.0,0.0,0.0
1773806334.9512668,False,,,,,,,,,,,,,,,,,,0.0,0.0,0.0,0.0,0.0,0.0
1773806334.9613383,False,,,,,,,,,,,,,,,,,,0.0,0.0,0.0,0.0,0.0,0.0
1773806334.9708986,False,,,,,,,,,,,,,,,,,,0.0,0.0,0.0,0.0,0.0,0.0
1773806334.980924,False,,,,,,,,,,,,,,,,,,0.0,0.0,0.0,0.0,0.0,0.0
1773806334.9909563,False,,,,,,,,,,,,,,,,,,0.0,0.0,0.0,0.0,0.0,0.0
1773806335.0012698,False,,,,,,,,,,,,,,,,,,0.0,0.0,0.0,0.0,0.0,0.0
1773806335.011055,False,,,,,,,,,,,,,,,,,,0.0,0.0,0.0,0.0,0.0,0.0
1773806335.0212102,False,,,,,,,,,,,,,,,,,,0.0,0.0,0.0,0.0,0.0,0.0
1773806335.0308006,False,,,,,,,,,,,,,,,,,,0.0,0.0,0.0,0.0,0.0,0.0
1773806335.040879,False,,,,,,,,,,,,,,,,,,0.0,0.0,0.0,0.0,0.0,0.0
1773806335.0509834,False,,,,,,,,,,,,,,,,,,0.0,0.0,0.0,0.0,0.0,0.0
1773806335.0611768,False,,,,,,,,,,,,,,,,,,0.0,0.0,0.0,0.0,0.0,0.0
1773806335.070831,False,,,,,,,,,,,,,,,,,,0.0,0.0,0.0,0.0,0.0,0.0
1773806335.0809538,False,,,,,,,,,,,,,,,,,,0.0,0.0,0.0,0.0,0.0,0.0
1773806335.0908148,False,,,,,,,,,,,,,,,,,,0.0,0.0,0.0,0.0,0.0,0.0
1773806335.1014254,False,,,,,,,,,,,,,,,,,,0.0,0.0,0.0,0.0,0.0,0.0
1773806335.1111875,False,,,,,,,,,,,,,,,,,,0.0,0.0,0.0,0.0,0.0,0.0
1773806335.1212473,False,,,,,,,,,,,,,,,,,,0.0,0.0,0.0,0.0,0.0,0.0
1773806335.1311033,False,,,,,,,,,,,,,,,,,,0.0,0.0,0.0,0.0,0.0,0.0
1773806335.141358,False,,,,,,,,,,,,,,,,,,0.0,0.0,0.0,0.0,0.0,0.0
1773806335.1513839,False,,,,,,,,,,,,,,,,,,0.0,0.0,0.0,0.0,0.0,0.0
1773806335.161021,False,,,,,,,,,,,,,,,,,,0.0,0.0,0.0,0.0,0.0,0.0
1773806335.1711097,False,,,,,,,,,,,,,,,,,,0.0,0.0,0.0,0.0,0.0,0.0
1773806335.181147,False,,,,,,,,,,,,,,,,,,0.0,0.0,0.0,0.0,0.0,0.0
1773806335.1911778,False,,,,,,,,,,,,,,,,,,0.0,0.0,0.0,0.0,0.0,0.0
1773806335.2010384,False,,,,,,,,,,,,,,,,,,0.0,0.0,0.0,0.0,0.0,0.0
1773806335.2109416,False,,,,,,,,,,,,,,,,,,0.0,0.0,0.0,0.0,0.0,0.0
1773806335.2211587,False,,,,,,,,,,,,,,,,,,0.0,0.0,0.0,0.0,0.0,0.0
1773806335.2310286,False,,,,,,,,,,,,,,,,,,0.0,0.0,0.0,0.0,0.0,0.0
1773806335.2409694,False,,,,,,,,,,,,,,,,,,0.0,0.0,0.0,0.0,0.0,0.0
1773806335.2508316,False,,,,,,,,,,,,,,,,,,0.0,0.0,0.0,0.0,0.0,0.0
1773806335.2609823,False,,,,,,,,,,,,,,,,,,0.0,0.0,0.0,0.0,0.0,0.0
1773806335.2706833,False,,,,,,,,,,,,,,,,,,0.0,0.0,0.0,0.0,0.0,0.0
1773806335.2812896,False,,,,,,,,,,,,,,,,,,0.0,0.0,0.0,0.0,0.0,0.0
1773806335.2915053,False,,,,,,,,,,,,,,,,,,0.0,0.0,0.0,0.0,0.0,0.0
1773806335.3011458,False,,,,,,,,,,,,,,,,,,0.0,0.0,0.0,0.0,0.0,0.0
1773806335.3114843,False,,,,,,,,,,,,,,,,,,0.0,0.0,0.0,0.0,0.0,0.0
1773806335.3210163,False,,,,,,,,,,,,,,,,,,0.0,0.0,0.0,0.0,0.0,0.0
1773806335.331013,False,,,,,,,,,,,,,,,,,,0.0,0.0,0.0,0.0,0.0,0.0
1773806335.3410828,False,,,,,,,,,,,,,,,,,,0.0,0.0,0.0,0.0,0.0,0.0
1773806335.3513546,False,,,,,,,,,,,,,,,,,,0.0,0.0,0.0,0.0,0.0,0.0
1773806335.3611324,False,,,,,,,,,,,,,,,,,,0.0,0.0,0.0,0.0,0.0,0.0
1773806335.3712418,False,,,,,,,,,,,,,,,,,,0.0,0.0,0.0,0.0,0.0,0.0
1773806335.3812933,False,,,,,,,,,,,,,,,,,,0.0,0.0,0.0,0.0,0.0,0.0
1773806335.3908913,False,,,,,,,,,,,,,,,,,,0.0,0.0,0.0,0.0,0.0,0.0
1773806335.401236,False,,,,,,,,,,,,,,,,,,0.0,0.0,0.0,0.0,0.0,0.0
1773806335.4106534,False,,,,,,,,,,,,,,,,,,0.0,0.0,0.0,0.0,0.0,0.0
1773806335.4209292,False,,,,,,,,,,,,,,,,,,0.0,0.0,0.0,0.0,0.0,0.0
1773806335.4314563,False,,,,,,,,,,,,,,,,,,0.0,0.0,0.0,0.0,0.0,0.0
1773806335.440953,False,,,,,,,,,,,,,,,,,,0.0,0.0,0.0,0.0,0.0,0.0
1773806335.451212,False,,,,,,,,,,,,,,,,,,0.0,0.0,0.0,0.0,0.0,0.0
1773806335.4612563,False,,,,,,,,,,,,,,,,,,0.0,0.0,0.0,0.0,0.0,0.0
1773806335.471277,False,,,,,,,,,,,,,,,,,,0.0,0.0,0.0,0.0,0.0,0.0
1773806335.4813154,False,,,,,,,,,,,,,,,,,,0.0,0.0,0.0,0.0,0.0,0.0
1773806335.4908862,False,,,,,,,,,,,,,,,,,,0.0,0.0,0.0,0.0,0.0,0.0
1773806335.5009253,False,,,,,,,,,,,,,,,,,,0.0,0.0,0.0,0.0,0.0,0.0
1773806335.511174,False,,,,,,,,,,,,,,,,,,0.0,0.0,0.0,0.0,0.0,0.0
1773806335.5207608,False,,,,,,,,,,,,,,,,,,0.0,0.0,0.0,0.0,0.0,0.0
1773806335.531021,False,,,,,,,,,,,,,,,,,,0.0,0.0,0.0,0.0,0.0,0.0
1773806335.5409124,False,,,,,,,,,,,,,,,,,,0.0,0.0,0.0,0.0,0.0,0.0
1773806335.5512333,False,,,,,,,,,,,,,,,,,,0.0,0.0,0.0,0.0,0.0,0.0
1773806335.561252,False,,,,,,,,,,,,,,,,,,0.0,0.0,0.0,0.0,0.0,0.0
1773806335.5708485,False,,,,,,,,,,,,,,,,,,0.0,0.0,0.0,0.0,0.0,0.0
1773806335.5808942,False,,,,,,,,,,,,,,,,,,0.0,0.0,0.0,0.0,0.0,0.0
1773806335.5912294,False,,,,,,,,,,,,,,,,,,0.0,0.0,0.0,0.0,0.0,0.0
1773806335.6007686,False,,,,,,,,,,,,,,,,,,0.0,0.0,0.0,0.0,0.0,0.0
1773806335.6110969,False,,,,,,,,,,,,,,,,,,0.0,0.0,0.0,0.0,0.0,0.0
1773806335.6208875,False,,,,,,,,,,,,,,,,,,0.0,0.0,0.0,0.0,0.0,0.0
1773806335.6307392,False,,,,,,,,,,,,,,,,,,0.0,0.0,0.0,0.0,0.0,0.0
1773806335.641367,False,,,,,,,,,,,,,,,,,,0.0,0.0,0.0,0.0,0.0,0.0
1773806335.651013,False,,,,,,,,,,,,,,,,,,0.0,0.0,0.0,0.0,0.0,0.0
1773806335.6608622,False,,,,,,,,,,,,,,,,,,0.0,0.0,0.0,0.0,0.0,0.0
1773806335.6710367,False,,,,,,,,,,,,,,,,,,0.0,0.0,0.0,0.0,0.0,0.0
1773806335.6812088,False,,,,,,,,,,,,,,,,,,0.0,0.0,0.0,0.0,0.0,0.0
1773806335.691247,False,,,,,,,,,,,,,,,,,,0.0,0.0,0.0,0.0,0.0,0.0
1773806335.7009995,False,,,,,,,,,,,,,,,,,,0.0,0.0,0.0,0.0,0.0,0.0
1773806335.7110431,False,,,,,,,,,,,,,,,,,,0.0,0.0,0.0,0.0,0.0,0.0
1773806335.7210793,False,,,,,,,,,,,,,,,,,,0.0,0.0,0.0,0.0,0.0,0.0
1773806335.7307034,False,,,,,,,,,,,,,,,,,,0.0,0.0,0.0,0.0,0.0,0.0
1773806335.74134,False,,,,,,,,,,,,,,,,,,0.0,0.0,0.0,0.0,0.0,0.0
1773806335.7508702,False,,,,,,,,,,,,,,,,,,0.0,0.0,0.0,0.0,0.0,0.0
1773806335.7607644,False,,,,,,,,,,,,,,,,,,0.0,0.0,0.0,0.0,0.0,0.0
1773806335.7710202,False,,,,,,,,,,,,,,,,,,0.0,0.0,0.0,0.0,0.0,0.0
1773806335.781064,False,,,,,,,,,,,,,,,,,,0.0,0.0,0.0,0.0,0.0,0.0
1773806335.7907896,False,,,,,,,,,,,,,,,,,,0.0,0.0,0.0,0.0,0.0,0.0
1773806335.8008144,False,,,,,,,,,,,,,,,,,,0.0,0.0,0.0,0.0,0.0,0.0
1773806335.8110127,False,,,,,,,,,,,,,,,,,,0.0,0.0,0.0,0.0,0.0,0.0
1773806335.8211005,False,,,,,,,,,,,,,,,,,,0.0,0.0,0.0,0.0,0.0,0.0
1773806335.831221,False,,,,,,,,,,,,,,,,,,0.0,0.0,0.0,0.0,0.0,0.0
1773806335.8408563,False,,,,,,,,,,,,,,,,,,0.0,0.0,0.0,0.0,0.0,0.0
1773806335.8513925,False,,,,,,,,,,,,,,,,,,0.0,0.0,0.0,0.0,0.0,0.0
1773806335.861537,False,,,,,,,,,,,,,,,,,,0.0,0.0,0.0,0.0,0.0,0.0
1773806335.8710616,False,,,,,,,,,,,,,,,,,,0.0,0.0,0.0,0.0,0.0,0.0
1773806335.8810928,False,,,,,,,,,,,,,,,,,,0.0,0.0,0.0,0.0,0.0,0.0
1773806335.8911712,False,,,,,,,,,,,,,,,,,,0.0,0.0,0.0,0.0,0.0,0.0
1773806335.9009228,False,,,,,,,,,,,,,,,,,,0.0,0.0,0.0,0.0,0.0,0.0
1773806335.9113495,False,,,,,,,,,,,,,,,,,,0.0,0.0,0.0,0.0,0.0,0.0
1773806335.9208665,False,,,,,,,,,,,,,,,,,,0.0,0.0,0.0,0.0,0.0,0.0
1773806335.9309103,False,,,,,,,,,,,,,,,,,,0.0,0.0,0.0,0.0,0.0,0.0
1773806335.9409547,False,,,,,,,,,,,,,,,,,,0.0,0.0,0.0,0.0,0.0,0.0
1773806335.9510298,False,,,,,,,,,,,,,,,,,,0.0,0.0,0.0,0.0,0.0,0.0
1773806335.961115,False,,,,,,,,,,,,,,,,,,0.0,0.0,0.0,0.0,0.0,0.0
1773806335.97089,False,,,,,,,,,,,,,,,,,,0.0,0.0,0.0,0.0,0.0,0.0
1773806335.981053,False,,,,,,,,,,,,,,,,,,0.0,0.0,0.0,0.0,0.0,0.0
1773806335.9911869,False,,,,,,,,,,,,,,,,,,0.0,0.0,0.0,0.0,0.0,0.0
1773806336.0009694,False,,,,,,,,,,,,,,,,,,0.0,0.0,0.0,0.0,0.0,0.0
1773806336.0109956,False,,,,,,,,,,,,,,,,,,0.0,0.0,0.0,0.0,0.0,0.0
1773806336.0211434,False,,,,,,,,,,,,,,,,,,0.0,0.0,0.0,0.0,0.0,0.0
1773806336.031093,False,,,,,,,,,,,,,,,,,,0.0,0.0,0.0,0.0,0.0,0.0
1773806336.0410378,False,,,,,,,,,,,,,,,,,,0.0,0.0,0.0,0.0,0.0,0.0
1773806336.0513582,False,,,,,,,,,,,,,,,,,,0.0,0.0,0.0,0.0,0.0,0.0
1773806336.0608804,False,,,,,,,,,,,,,,,,,,0.0,0.0,0.0,0.0,0.0,0.0
1773806336.0710735,False,,,,,,,,,,,,,,,,,,0.0,0.0,0.0,0.0,0.0,0.0
1773806336.0808423,False,,,,,,,,,,,,,,,,,,0.0,0.0,0.0,0.0,0.0,0.0
1773806336.090907,False,,,,,,,,,,,,,,,,,,0.0,0.0,0.0,0.0,0.0,0.0
1773806336.101354,False,,,,,,,,,,,,,,,,,,0.0,0.0,0.0,0.0,0.0,0.0
1773806336.1110456,False,,,,,,,,,,,,,,,,,,0.0,0.0,0.0,0.0,0.0,0.0
1773806336.1210566,False,,,,,,,,,,,,,,,,,,0.0,0.0,0.0,0.0,0.0,0.0
1773806336.130826,False,,,,,,,,,,,,,,,,,,0.0,0.0,0.0,0.0,0.0,0.0
1773806336.141301,False,,,,,,,,,,,,,,,,,,0.0,0.0,0.0,0.0,0.0,0.0
1773806336.151423,False,,,,,,,,,,,,,,,,,,0.0,0.0,0.0,0.0,0.0,0.0
1773806336.1609905,False,,,,,,,,,,,,,,,,,,0.0,0.0,0.0,0.0,0.0,0.0
1773806336.1712828,False,,,,,,,,,,,,,,,,,,0.0,0.0,0.0,0.0,0.0,0.0
1773806336.1808786,False,,,,,,,,,,,,,,,,,,0.0,0.0,0.0,0.0,0.0,0.0
1773806336.1909192,False,,,,,,,,,,,,,,,,,,0.0,0.0,0.0,0.0,0.0,0.0
1773806336.20119,False,,,,,,,,,,,,,,,,,,0.0,0.0,0.0,0.0,0.0,0.0
1773806336.211094,False,,,,,,,,,,,,,,,,,,0.0,0.0,0.0,0.0,0.0,0.0
1773806336.2208498,False,,,,,,,,,,,,,,,,,,0.0,0.0,0.0,0.0,0.0,0.0
1773806336.2307742,False,,,,,,,,,,,,,,,,,,0.0,0.0,0.0,0.0,0.0,0.0
1773806336.241229,False,,,,,,,,,,,,,,,,,,0.0,0.0,0.0,0.0,0.0,0.0
1773806336.250769,False,,,,,,,,,,,,,,,,,,0.0,0.0,0.0,0.0,0.0,0.0
1773806336.2609541,False,,,,,,,,,,,,,,,,,,0.0,0.0,0.0,0.0,0.0,0.0
1773806336.27111,False,,,,,,,,,,,,,,,,,,0.0,0.0,0.0,0.0,0.0,0.0
1773806336.2808673,False,,,,,,,,,,,,,,,,,,0.0,0.0,0.0,0.0,0.0,0.0
1773806336.2910469,False,,,,,,,,,,,,,,,,,,0.0,0.0,0.0,0.0,0.0,0.0
1773806336.301025,False,,,,,,,,,,,,,,,,,,0.0,0.0,0.0,0.0,0.0,0.0
1773806336.311054,False,,,,,,,,,,,,,,,,,,0.0,0.0,0.0,0.0,0.0,0.0
1773806336.321081,False,,,,,,,,,,,,,,,,,,0.0,0.0,0.0,0.0,0.0,0.0
1773806336.331079,False,,,,,,,,,,,,,,,,,,0.0,0.0,0.0,0.0,0.0,0.0
1773806336.341107,False,,,,,,,,,,,,,,,,,,0.0,0.0,0.0,0.0,0.0,0.0
1773806336.3511744,False,,,,,,,,,,,,,,,,,,0.0,0.0,0.0,0.0,0.0,0.0
1773806336.3613615,False,,,,,,,,,,,,,,,,,,0.0,0.0,0.0,0.0,0.0,0.0
1773806336.3708854,False,,,,,,,,,,,,,,,,,,0.0,0.0,0.0,0.0,0.0,0.0
1773806336.3809514,False,,,,,,,,,,,,,,,,,,0.0,0.0,0.0,0.0,0.0,0.0
1773806336.3908267,False,,,,,,,,,,,,,,,,,,0.0,0.0,0.0,0.0,0.0,0.0
1773806336.4012208,False,,,,,,,,,,,,,,,,,,0.0,0.0,0.0,0.0,0.0,0.0
1773806336.4109972,False,,,,,,,,,,,,,,,,,,0.0,0.0,0.0,0.0,0.0,0.0
1773806336.4210322,False,,,,,,,,,,,,,,,,,,0.0,0.0,0.0,0.0,0.0,0.0
1773806336.430689,False,,,,,,,,,,,,,,,,,,0.0,0.0,0.0,0.0,0.0,0.0
1773806336.4411106,False,,,,,,,,,,,,,,,,,,0.0,0.0,0.0,0.0,0.0,0.0
1773806336.4513433,False,,,,,,,,,,,,,,,,,,0.0,0.0,0.0,0.0,0.0,0.0
1773806336.460863,False,,,,,,,,,,,,,,,,,,0.0,0.0,0.0,0.0,0.0,0.0
1773806336.4707177,False,,,,,,,,,,,,,,,,,,0.0,0.0,0.0,0.0,0.0,0.0
1773806336.4813495,False,,,,,,,,,,,,,,,,,,0.0,0.0,0.0,0.0,0.0,0.0
1773806336.4911003,False,,,,,,,,,,,,,,,,,,0.0,0.0,0.0,0.0,0.0,0.0
1773806336.5006697,False,,,,,,,,,,,,,,,,,,0.0,0.0,0.0,0.0,0.0,0.0
1773806336.5109508,False,,,,,,,,,,,,,,,,,,0.0,0.0,0.0,0.0,0.0,0.0
1773806336.5209968,False,,,,,,,,,,,,,,,,,,0.0,0.0,0.0,0.0,0.0,0.0
1773806336.531304,False,,,,,,,,,,,,,,,,,,0.0,0.0,0.0,0.0,0.0,0.0
1773806336.5413709,False,,,,,,,,,,,,,,,,,,0.0,0.0,0.0,0.0,0.0,0.0
1773806336.551128,False,,,,,,,,,,,,,,,,,,0.0,0.0,0.0,0.0,0.0,0.0
1773806336.5609324,False,,,,,,,,,,,,,,,,,,0.0,0.0,0.0,0.0,0.0,0.0
1773806336.5709598,False,,,,,,,,,,,,,,,,,,0.0,0.0,0.0,0.0,0.0,0.0
1773806336.580993,False,,,,,,,,,,,,,,,,,,0.0,0.0,0.0,0.0,0.0,0.0
1773806336.590695,False,,,,,,,,,,,,,,,,,,0.0,0.0,0.0,0.0,0.0,0.0
1773806336.6012776,False,,,,,,,,,,,,,,,,,,0.0,0.0,0.0,0.0,0.0,0.0
1773806336.61092,False,,,,,,,,,,,,,,,,,,0.0,0.0,0.0,0.0,0.0,0.0
1773806336.6212516,False,,,,,,,,,,,,,,,,,,0.0,0.0,0.0,0.0,0.0,0.0
1773806336.6312108,False,,,,,,,,,,,,,,,,,,0.0,0.0,0.0,0.0,0.0,0.0
1773806336.6410196,False,,,,,,,,,,,,,,,,,,0.0,0.0,0.0,0.0,0.0,0.0
1773806336.6510994,False,,,,,,,,,,,,,,,,,,0.0,0.0,0.0,0.0,0.0,0.0
1773806336.661217,False,,,,,,,,,,,,,,,,,,0.0,0.0,0.0,0.0,0.0,0.0
1773806336.670826,False,,,,,,,,,,,,,,,,,,0.0,0.0,0.0,0.0,0.0,0.0
1773806336.6808507,False,,,,,,,,,,,,,,,,,,0.0,0.0,0.0,0.0,0.0,0.0
1773806336.6909108,False,,,,,,,,,,,,,,,,,,0.0,0.0,0.0,0.0,0.0,0.0
1773806336.7011921,False,,,,,,,,,,,,,,,,,,0.0,0.0,0.0,0.0,0.0,0.0
1773806336.711243,False,,,,,,,,,,,,,,,,,,0.0,0.0,0.0,0.0,0.0,0.0
1773806336.7210147,False,,,,,,,,,,,,,,,,,,0.0,0.0,0.0,0.0,0.0,0.0
1773806336.730927,False,,,,,,,,,,,,,,,,,,0.0,0.0,0.0,0.0,0.0,0.0
1773806336.7410412,False,,,,,,,,,,,,,,,,,,0.0,0.0,0.0,0.0,0.0,0.0
1773806336.751062,False,,,,,,,,,,,,,,,,,,0.0,0.0,0.0,0.0,0.0,0.0
1773806336.7611184,False,,,,,,,,,,,,,,,,,,0.0,0.0,0.0,0.0,0.0,0.0
1773806336.7711062,False,,,,,,,,,,,,,,,,,,0.0,0.0,0.0,0.0,0.0,0.0
1773806336.7811887,False,,,,,,,,,,,,,,,,,,0.0,0.0,0.0,0.0,0.0,0.0
1773806336.7907987,False,,,,,,,,,,,,,,,,,,0.0,0.0,0.0,0.0,0.0,0.0
1773806336.8007436,False,,,,,,,,,,,,,,,,,,0.0,0.0,0.0,0.0,0.0,0.0
1773806336.8111603,False,,,,,,,,,,,,,,,,,,0.0,0.0,0.0,0.0,0.0,0.0
1773806336.8212016,False,,,,,,,,,,,,,,,,,,0.0,0.0,0.0,0.0,0.0,0.0
1773806336.830815,False,,,,,,,,,,,,,,,,,,0.0,0.0,0.0,0.0,0.0,0.0
1773806336.840978,False,,,,,,,,,,,,,,,,,,0.0,0.0,0.0,0.0,0.0,0.0
1773806336.851077,False,,,,,,,,,,,,,,,,,,0.0,0.0,0.0,0.0,0.0,0.0
1773806336.8606455,False,,,,,,,,,,,,,,,,,,0.0,0.0,0.0,0.0,0.0,0.0
1773806336.8710978,False,,,,,,,,,,,,,,,,,,0.0,0.0,0.0,0.0,0.0,0.0
1773806336.8811393,False,,,,,,,,,,,,,,,,,,0.0,0.0,0.0,0.0,0.0,0.0
1773806336.8911898,False,,,,,,,,,,,,,,,,,,0.0,0.0,0.0,0.0,0.0,0.0
1773806336.9011767,False,,,,,,,,,,,,,,,,,,0.0,0.0,0.0,0.0,0.0,0.0
1773806336.9111297,False,,,,,,,,,,,,,,,,,,0.0,0.0,0.0,0.0,0.0,0.0
1773806336.9207604,False,,,,,,,,,,,,,,,,,,0.0,0.0,0.0,0.0,0.0,0.0
1773806336.931182,False,,,,,,,,,,,,,,,,,,0.0,0.0,0.0,0.0,0.0,0.0
1773806336.9410987,False,,,,,,,,,,,,,,,,,,0.0,0.0,0.0,0.0,0.0,0.0
1773806336.9511988,False,,,,,,,,,,,,,,,,,,0.0,0.0,0.0,0.0,0.0,0.0
1773806336.961,False,,,,,,,,,,,,,,,,,,0.0,0.0,0.0,0.0,0.0,0.0
1773806336.9708316,False,,,,,,,,,,,,,,,,,,0.0,0.0,0.0,0.0,0.0,0.0
1773806336.9808478,False,,,,,,,,,,,,,,,,,,0.0,0.0,0.0,0.0,0.0,0.0
1773806336.991061,False,,,,,,,,,,,,,,,,,,0.0,0.0,0.0,0.0,0.0,0.0
1773806337.0008132,False,,,,,,,,,,,,,,,,,,0.0,0.0,0.0,0.0,0.0,0.0
1773806337.01074,False,,,,,,,,,,,,,,,,,,0.0,0.0,0.0,0.0,0.0,0.0
1773806337.0213091,False,,,,,,,,,,,,,,,,,,0.0,0.0,0.0,0.0,0.0,0.0
1773806337.030828,False,,,,,,,,,,,,,,,,,,0.0,0.0,0.0,0.0,0.0,0.0
1773806337.0410762,False,,,,,,,,,,,,,,,,,,0.0,0.0,0.0,0.0,0.0,0.0
1773806337.050706,False,,,,,,,,,,,,,,,,,,0.0,0.0,0.0,0.0,0.0,0.0
1773806337.0607371,False,,,,,,,,,,,,,,,,,,0.0,0.0,0.0,0.0,0.0,0.0
1773806337.0711071,False,,,,,,,,,,,,,,,,,,0.0,0.0,0.0,0.0,0.0,0.0
1773806337.0812287,False,,,,,,,,,,,,,,,,,,0.0,0.0,0.0,0.0,0.0,0.0
1773806337.0909312,False,,,,,,,,,,,,,,,,,,0.0,0.0,0.0,0.0,0.0,0.0
1773806337.1011183,False,,,,,,,,,,,,,,,,,,0.0,0.0,0.0,0.0,0.0,0.0
1773806337.110948,False,,,,,,,,,,,,,,,,,,0.0,0.0,0.0,0.0,0.0,0.0
1773806337.1209855,False,,,,,,,,,,,,,,,,,,0.0,0.0,0.0,0.0,0.0,0.0
1773806337.1313496,False,,,,,,,,,,,,,,,,,,0.0,0.0,0.0,0.0,0.0,0.0
1773806337.141093,False,,,,,,,,,,,,,,,,,,0.0,0.0,0.0,0.0,0.0,0.0
1773806337.1511662,False,,,,,,,,,,,,,,,,,,0.0,0.0,0.0,0.0,0.0,0.0
1773806337.1610992,False,,,,,,,,,,,,,,,,,,0.0,0.0,0.0,0.0,0.0,0.0
1773806337.171157,False,,,,,,,,,,,,,,,,,,0.0,0.0,0.0,0.0,0.0,0.0
1773806337.1812334,False,,,,,,,,,,,,,,,,,,0.0,0.0,0.0,0.0,0.0,0.0
1773806337.1913455,False,,,,,,,,,,,,,,,,,,0.0,0.0,0.0,0.0,0.0,0.0
1773806337.2008374,False,,,,,,,,,,,,,,,,,,0.0,0.0,0.0,0.0,0.0,0.0
1773806337.2108765,False,,,,,,,,,,,,,,,,,,0.0,0.0,0.0,0.0,0.0,0.0
1773806337.221551,False,,,,,,,,,,,,,,,,,,0.0,0.0,0.0,0.0,0.0,0.0
1773806337.2312114,False,,,,,,,,,,,,,,,,,,0.0,0.0,0.0,0.0,0.0,0.0
1773806337.2410176,False,,,,,,,,,,,,,,,,,,0.0,0.0,0.0,0.0,0.0,0.0
1773806337.2510853,False,,,,,,,,,,,,,,,,,,0.0,0.0,0.0,0.0,0.0,0.0
1773806337.2607634,False,,,,,,,,,,,,,,,,,,0.0,0.0,0.0,0.0,0.0,0.0
1773806337.2708042,False,,,,,,,,,,,,,,,,,,0.0,0.0,0.0,0.0,0.0,0.0
1773806337.281055,False,,,,,,,,,,,,,,,,,,0.0,0.0,0.0,0.0,0.0,0.0
1773806337.2910771,False,,,,,,,,,,,,,,,,,,0.0,0.0,0.0,0.0,0.0,0.0
1773806337.3010638,False,,,,,,,,,,,,,,,,,,0.0,0.0,0.0,0.0,0.0,0.0
1773806337.310865,False,,,,,,,,,,,,,,,,,,0.0,0.0,0.0,0.0,0.0,0.0
1773806337.3210776,False,,,,,,,,,,,,,,,,,,0.0,0.0,0.0,0.0,0.0,0.0
1773806337.3311994,False,,,,,,,,,,,,,,,,,,0.0,0.0,0.0,0.0,0.0,0.0
1773806337.3412373,False,,,,,,,,,,,,,,,,,,0.0,0.0,0.0,0.0,0.0,0.0
1773806337.351024,False,,,,,,,,,,,,,,,,,,0.0,0.0,0.0,0.0,0.0,0.0
1773806337.3611882,False,,,,,,,,,,,,,,,,,,0.0,0.0,0.0,0.0,0.0,0.0
1773806337.371206,False,,,,,,,,,,,,,,,,,,0.0,0.0,0.0,0.0,0.0,0.0
1773806337.3813596,False,,,,,,,,,,,,,,,,,,0.0,0.0,0.0,0.0,0.0,0.0
1773806337.3909624,False,,,,,,,,,,,,,,,,,,0.0,0.0,0.0,0.0,0.0,0.0
1773806337.4011438,False,,,,,,,,,,,,,,,,,,0.0,0.0,0.0,0.0,0.0,0.0
1773806337.4111912,False,,,,,,,,,,,,,,,,,,0.0,0.0,0.0,0.0,0.0,0.0
1773806337.4212272,False,,,,,,,,,,,,,,,,,,0.0,0.0,0.0,0.0,0.0,0.0
1773806337.4313078,False,,,,,,,,,,,,,,,,,,0.0,0.0,0.0,0.0,0.0,0.0
1773806337.4409974,False,,,,,,,,,,,,,,,,,,0.0,0.0,0.0,0.0,0.0,0.0
1773806337.451035,False,,,,,,,,,,,,,,,,,,0.0,0.0,0.0,0.0,0.0,0.0
1773806337.4612515,False,,,,,,,,,,,,,,,,,,0.0,0.0,0.0,0.0,0.0,0.0
1773806337.4707866,False,,,,,,,,,,,,,,,,,,0.0,0.0,0.0,0.0,0.0,0.0
1773806337.4808836,False,,,,,,,,,,,,,,,,,,0.0,0.0,0.0,0.0,0.0,0.0
1773806337.4909465,False,,,,,,,,,,,,,,,,,,0.0,0.0,0.0,0.0,0.0,0.0
1773806337.5007226,False,,,,,,,,,,,,,,,,,,0.0,0.0,0.0,0.0,0.0,0.0
1773806337.5111895,False,,,,,,,,,,,,,,,,,,0.0,0.0,0.0,0.0,0.0,0.0
1773806337.5207882,False,,,,,,,,,,,,,,,,,,0.0,0.0,0.0,0.0,0.0,0.0
1773806337.5313005,False,,,,,,,,,,,,,,,,,,0.0,0.0,0.0,0.0,0.0,0.0
1773806337.540888,False,,,,,,,,,,,,,,,,,,0.0,0.0,0.0,0.0,0.0,0.0
1773806337.5509212,False,,,,,,,,,,,,,,,,,,0.0,0.0,0.0,0.0,0.0,0.0
1773806337.561021,False,,,,,,,,,,,,,,,,,,0.0,0.0,0.0,0.0,0.0,0.0
1773806337.5710375,False,,,,,,,,,,,,,,,,,,0.0,0.0,0.0,0.0,0.0,0.0
1773806337.580996,False,,,,,,,,,,,,,,,,,,0.0,0.0,0.0,0.0,0.0,0.0
1773806337.591039,False,,,,,,,,,,,,,,,,,,0.0,0.0,0.0,0.0,0.0,0.0
1773806337.6007957,False,,,,,,,,,,,,,,,,,,0.0,0.0,0.0,0.0,0.0,0.0
1773806337.6108017,False,,,,,,,,,,,,,,,,,,0.0,0.0,0.0,0.0,0.0,0.0
1773806337.6210177,False,,,,,,,,,,,,,,,,,,0.0,0.0,0.0,0.0,0.0,0.0
1773806337.630742,False,,,,,,,,,,,,,,,,,,0.0,0.0,0.0,0.0,0.0,0.0
1773806337.6408055,False,,,,,,,,,,,,,,,,,,0.0,0.0,0.0,0.0,0.0,0.0
1773806337.6513305,False,,,,,,,,,,,,,,,,,,0.0,0.0,0.0,0.0,0.0,0.0
1773806337.6607432,False,,,,,,,,,,,,,,,,,,0.0,0.0,0.0,0.0,0.0,0.0
1773806337.671128,False,,,,,,,,,,,,,,,,,,0.0,0.0,0.0,0.0,0.0,0.0
1773806337.681163,False,,,,,,,,,,,,,,,,,,0.0,0.0,0.0,0.0,0.0,0.0
1773806337.6910036,False,,,,,,,,,,,,,,,,,,0.0,0.0,0.0,0.0,0.0,0.0
1773806337.7013044,False,,,,,,,,,,,,,,,,,,0.0,0.0,0.0,0.0,0.0,0.0
1773806337.7111819,False,,,,,,,,,,,,,,,,,,0.0,0.0,0.0,0.0,0.0,0.0
1773806337.7207787,False,,,,,,,,,,,,,,,,,,0.0,0.0,0.0,0.0,0.0,0.0
1773806337.7311625,False,,,,,,,,,,,,,,,,,,0.0,0.0,0.0,0.0,0.0,0.0
1773806337.7408936,False,,,,,,,,,,,,,,,,,,0.0,0.0,0.0,0.0,0.0,0.0
1773806337.7509313,False,,,,,,,,,,,,,,,,,,0.0,0.0,0.0,0.0,0.0,0.0
1773806337.7609832,False,,,,,,,,,,,,,,,,,,0.0,0.0,0.0,0.0,0.0,0.0
1773806337.7710989,False,,,,,,,,,,,,,,,,,,0.0,0.0,0.0,0.0,0.0,0.0
1773806337.781243,False,,,,,,,,,,,,,,,,,,0.0,0.0,0.0,0.0,0.0,0.0
1773806337.7915218,False,,,,,,,,,,,,,,,,,,0.0,0.0,0.0,0.0,0.0,0.0
1773806337.8009589,False,,,,,,,,,,,,,,,,,,0.0,0.0,0.0,0.0,0.0,0.0
1773806337.810945,False,,,,,,,,,,,,,,,,,,0.0,0.0,0.0,0.0,0.0,0.0
1773806337.8209639,False,,,,,,,,,,,,,,,,,,0.0,0.0,0.0,0.0,0.0,0.0
1773806337.830715,False,,,,,,,,,,,,,,,,,,0.0,0.0,0.0,0.0,0.0,0.0
1773806337.8410258,False,,,,,,,,,,,,,,,,,,0.0,0.0,0.0,0.0,0.0,0.0
1773806337.8512177,False,,,,,,,,,,,,,,,,,,0.0,0.0,0.0,0.0,0.0,0.0
1773806337.8612566,False,,,,,,,,,,,,,,,,,,0.0,0.0,0.0,0.0,0.0,0.0
1773806337.8712733,False,,,,,,,,,,,,,,,,,,0.0,0.0,0.0,0.0,0.0,0.0
1773806337.881042,False,,,,,,,,,,,,,,,,,,0.0,0.0,0.0,0.0,0.0,0.0
1773806337.8912232,False,,,,,,,,,,,,,,,,,,0.0,0.0,0.0,0.0,0.0,0.0
1773806337.900709,False,,,,,,,,,,,,,,,,,,0.0,0.0,0.0,0.0,0.0,0.0
1773806337.9107683,False,,,,,,,,,,,,,,,,,,0.0,0.0,0.0,0.0,0.0,0.0
1773806337.9214811,False,,,,,,,,,,,,,,,,,,0.0,0.0,0.0,0.0,0.0,0.0
1773806337.9310126,False,,,,,,,,,,,,,,,,,,0.0,0.0,0.0,0.0,0.0,0.0
1773806337.9410608,False,,,,,,,,,,,,,,,,,,0.0,0.0,0.0,0.0,0.0,0.0
1773806337.9512055,False,,,,,,,,,,,,,,,,,,0.0,0.0,0.0,0.0,0.0,0.0
1773806337.9610963,False,,,,,,,,,,,,,,,,,,0.0,0.0,0.0,0.0,0.0,0.0
1773806337.9713035,False,,,,,,,,,,,,,,,,,,0.0,0.0,0.0,0.0,0.0,0.0
1773806337.9808323,False,,,,,,,,,,,,,,,,,,0.0,0.0,0.0,0.0,0.0,0.0
1773806337.990896,False,,,,,,,,,,,,,,,,,,0.0,0.0,0.0,0.0,0.0,0.0
1773806338.0009053,False,,,,,,,,,,,,,,,,,,0.0,0.0,0.0,0.0,0.0,0.0
1773806338.0106504,False,,,,,,,,,,,,,,,,,,0.0,0.0,0.0,0.0,0.0,0.0
1773806338.0212133,False,,,,,,,,,,,,,,,,,,0.0,0.0,0.0,0.0,0.0,0.0
1773806338.0308518,False,,,,,,,,,,,,,,,,,,0.0,0.0,0.0,0.0,0.0,0.0
1773806338.0411136,False,,,,,,,,,,,,,,,,,,0.0,0.0,0.0,0.0,0.0,0.0
1773806338.0510018,False,,,,,,,,,,,,,,,,,,0.0,0.0,0.0,0.0,0.0,0.0
1773806338.061026,False,,,,,,,,,,,,,,,,,,0.0,0.0,0.0,0.0,0.0,0.0
1773806338.0707633,False,,,,,,,,,,,,,,,,,,0.0,0.0,0.0,0.0,0.0,0.0
1773806338.080781,False,,,,,,,,,,,,,,,,,,0.0,0.0,0.0,0.0,0.0,0.0
1773806338.0908895,False,,,,,,,,,,,,,,,,,,0.0,0.0,0.0,0.0,0.0,0.0
1773806338.101143,False,,,,,,,,,,,,,,,,,,0.0,0.0,0.0,0.0,0.0,0.0
1773806338.1111887,False,,,,,,,,,,,,,,,,,,0.0,0.0,0.0,0.0,0.0,0.0
1773806338.1212754,False,,,,,,,,,,,,,,,,,,0.0,0.0,0.0,0.0,0.0,0.0
1773806338.1307077,False,,,,,,,,,,,,,,,,,,0.0,0.0,0.0,0.0,0.0,0.0
1773806338.1407726,False,,,,,,,,,,,,,,,,,,0.0,0.0,0.0,0.0,0.0,0.0
1773806338.1510239,False,,,,,,,,,,,,,,,,,,0.0,0.0,0.0,0.0,0.0,0.0
1773806338.1609414,False,,,,,,,,,,,,,,,,,,0.0,0.0,0.0,0.0,0.0,0.0
1773806338.1710281,False,,,,,,,,,,,,,,,,,,0.0,0.0,0.0,0.0,0.0,0.0
1773806338.1810718,False,,,,,,,,,,,,,,,,,,0.0,0.0,0.0,0.0,0.0,0.0
1773806338.1911347,False,,,,,,,,,,,,,,,,,,0.0,0.0,0.0,0.0,0.0,0.0
1773806338.2006698,False,,,,,,,,,,,,,,,,,,0.0,0.0,0.0,0.0,0.0,0.0
1773806338.2110577,False,,,,,,,,,,,,,,,,,,0.0,0.0,0.0,0.0,0.0,0.0
1773806338.2212136,False,,,,,,,,,,,,,,,,,,0.0,0.0,0.0,0.0,0.0,0.0
1773806338.2307153,False,,,,,,,,,,,,,,,,,,0.0,0.0,0.0,0.0,0.0,0.0
1773806338.2409594,False,,,,,,,,,,,,,,,,,,0.0,0.0,0.0,0.0,0.0,0.0
1773806338.2513325,False,,,,,,,,,,,,,,,,,,0.0,0.0,0.0,0.0,0.0,0.0
1773806338.2608495,False,,,,,,,,,,,,,,,,,,0.0,0.0,0.0,0.0,0.0,0.0
1773806338.271154,False,,,,,,,,,,,,,,,,,,0.0,0.0,0.0,0.0,0.0,0.0
1773806338.2811685,False,,,,,,,,,,,,,,,,,,0.0,0.0,0.0,0.0,0.0,0.0
1773806338.2907298,False,,,,,,,,,,,,,,,,,,0.0,0.0,0.0,0.0,0.0,0.0
1773806338.3006065,False,,,,,,,,,,,,,,,,,,0.0,0.0,0.0,0.0,0.0,0.0
1773806338.3111398,False,,,,,,,,,,,,,,,,,,0.0,0.0,0.0,0.0,0.0,0.0
1773806338.3211598,False,,,,,,,,,,,,,,,,,,0.0,0.0,0.0,0.0,0.0,0.0
1773806338.331009,False,,,,,,,,,,,,,,,,,,0.0,0.0,0.0,0.0,0.0,0.0
1773806338.3409362,False,,,,,,,,,,,,,,,,,,0.0,0.0,0.0,0.0,0.0,0.0
1773806338.3508537,False,,,,,,,,,,,,,,,,,,0.0,0.0,0.0,0.0,0.0,0.0
1773806338.3610778,False,,,,,,,,,,,,,,,,,,0.0,0.0,0.0,0.0,0.0,0.0
1773806338.370615,False,,,,,,,,,,,,,,,,,,0.0,0.0,0.0,0.0,0.0,0.0
1773806338.3808146,False,,,,,,,,,,,,,,,,,,0.0,0.0,0.0,0.0,0.0,0.0
1773806338.3910413,False,,,,,,,,,,,,,,,,,,0.0,0.0,0.0,0.0,0.0,0.0
1773806338.4008741,False,,,,,,,,,,,,,,,,,,0.0,0.0,0.0,0.0,0.0,0.0
1773806338.4109113,False,,,,,,,,,,,,,,,,,,0.0,0.0,0.0,0.0,0.0,0.0
1773806338.4209826,False,,,,,,,,,,,,,,,,,,0.0,0.0,0.0,0.0,0.0,0.0
1773806338.4311137,False,,,,,,,,,,,,,,,,,,0.0,0.0,0.0,0.0,0.0,0.0
1773806338.4409127,False,,,,,,,,,,,,,,,,,,0.0,0.0,0.0,0.0,0.0,0.0
1773806338.4511755,False,,,,,,,,,,,,,,,,,,0.0,0.0,0.0,0.0,0.0,0.0
1773806338.4612365,False,,,,,,,,,,,,,,,,,,0.0,0.0,0.0,0.0,0.0,0.0
1773806338.4708505,False,,,,,,,,,,,,,,,,,,0.0,0.0,0.0,0.0,0.0,0.0
1773806338.481338,False,,,,,,,,,,,,,,,,,,0.0,0.0,0.0,0.0,0.0,0.0
1773806338.4908416,False,,,,,,,,,,,,,,,,,,0.0,0.0,0.0,0.0,0.0,0.0
1773806338.5009437,False,,,,,,,,,,,,,,,,,,0.0,0.0,0.0,0.0,0.0,0.0
1773806338.5112343,False,,,,,,,,,,,,,,,,,,0.0,0.0,0.0,0.0,0.0,0.0
1773806338.521266,False,,,,,,,,,,,,,,,,,,0.0,0.0,0.0,0.0,0.0,0.0
1773806338.5308855,False,,,,,,,,,,,,,,,,,,0.0,0.0,0.0,0.0,0.0,0.0
1773806338.541093,False,,,,,,,,,,,,,,,,,,0.0,0.0,0.0,0.0,0.0,0.0
1773806338.5508604,False,,,,,,,,,,,,,,,,,,0.0,0.0,0.0,0.0,0.0,0.0
1773806338.5612555,False,,,,,,,,,,,,,,,,,,0.0,0.0,0.0,0.0,0.0,0.0
1773806338.570875,False,,,,,,,,,,,,,,,,,,0.0,0.0,0.0,0.0,0.0,0.0
1773806338.580905,False,,,,,,,,,,,,,,,,,,0.0,0.0,0.0,0.0,0.0,0.0
1773806338.5910597,False,,,,,,,,,,,,,,,,,,0.0,0.0,0.0,0.0,0.0,0.0
1773806338.601125,False,,,,,,,,,,,,,,,,,,0.0,0.0,0.0,0.0,0.0,0.0
1773806338.611014,False,,,,,,,,,,,,,,,,,,0.0,0.0,0.0,0.0,0.0,0.0
1773806338.6210651,False,,,,,,,,,,,,,,,,,,0.0,0.0,0.0,0.0,0.0,0.0
1773806338.6309068,False,,,,,,,,,,,,,,,,,,0.0,0.0,0.0,0.0,0.0,0.0
1773806338.6412387,False,,,,,,,,,,,,,,,,,,0.0,0.0,0.0,0.0,0.0,0.0
1773806338.6512458,False,,,,,,,,,,,,,,,,,,0.0,0.0,0.0,0.0,0.0,0.0
1773806338.6612246,False,,,,,,,,,,,,,,,,,,0.0,0.0,0.0,0.0,0.0,0.0
1773806338.6712546,False,,,,,,,,,,,,,,,,,,0.0,0.0,0.0,0.0,0.0,0.0
1773806338.6807911,False,,,,,,,,,,,,,,,,,,0.0,0.0,0.0,0.0,0.0,0.0
1773806338.6908212,False,,,,,,,,,,,,,,,,,,0.0,0.0,0.0,0.0,0.0,0.0
1773806338.7009976,False,,,,,,,,,,,,,,,,,,0.0,0.0,0.0,0.0,0.0,0.0
1773806338.7113416,False,,,,,,,,,,,,,,,,,,0.0,0.0,0.0,0.0,0.0,0.0
1773806338.721418,False,,,,,,,,,,,,,,,,,,0.0,0.0,0.0,0.0,0.0,0.0
1773806338.7314882,False,,,,,,,,,,,,,,,,,,0.0,0.0,0.0,0.0,0.0,0.0
1773806338.7408652,False,,,,,,,,,,,,,,,,,,0.0,0.0,0.0,0.0,0.0,0.0
1773806338.7513878,False,,,,,,,,,,,,,,,,,,0.0,0.0,0.0,0.0,0.0,0.0
1773806338.7610745,False,,,,,,,,,,,,,,,,,,0.0,0.0,0.0,0.0,0.0,0.0
1773806338.7706442,False,,,,,,,,,,,,,,,,,,0.0,0.0,0.0,0.0,0.0,0.0
1773806338.7808185,False,,,,,,,,,,,,,,,,,,0.0,0.0,0.0,0.0,0.0,0.0
1773806338.7909508,False,,,,,,,,,,,,,,,,,,0.0,0.0,0.0,0.0,0.0,0.0
1773806338.8008077,False,,,,,,,,,,,,,,,,,,0.0,0.0,0.0,0.0,0.0,0.0
1773806338.8109202,False,,,,,,,,,,,,,,,,,,0.0,0.0,0.0,0.0,0.0,0.0
1773806338.821446,False,,,,,,,,,,,,,,,,,,0.0,0.0,0.0,0.0,0.0,0.0
1773806338.8309667,False,,,,,,,,,,,,,,,,,,0.0,0.0,0.0,0.0,0.0,0.0
1773806338.84089,False,,,,,,,,,,,,,,,,,,0.0,0.0,0.0,0.0,0.0,0.0
1773806338.8509247,False,,,,,,,,,,,,,,,,,,0.0,0.0,0.0,0.0,0.0,0.0
1773806338.8607557,False,,,,,,,,,,,,,,,,,,0.0,0.0,0.0,0.0,0.0,0.0
1773806338.8709898,False,,,,,,,,,,,,,,,,,,0.0,0.0,0.0,0.0,0.0,0.0
1773806338.8810139,False,,,,,,,,,,,,,,,,,,0.0,0.0,0.0,0.0,0.0,0.0
1773806338.8911836,False,,,,,,,,,,,,,,,,,,0.0,0.0,0.0,0.0,0.0,0.0
1773806338.9010131,False,,,,,,,,,,,,,,,,,,0.0,0.0,0.0,0.0,0.0,0.0
1773806338.911402,False,,,,,,,,,,,,,,,,,,0.0,0.0,0.0,0.0,0.0,0.0
1773806338.921109,False,,,,,,,,,,,,,,,,,,0.0,0.0,0.0,0.0,0.0,0.0
1773806338.9310832,False,,,,,,,,,,,,,,,,,,0.0,0.0,0.0,0.0,0.0,0.0
1773806338.9408586,False,,,,,,,,,,,,,,,,,,0.0,0.0,0.0,0.0,0.0,0.0
1773806338.9508955,False,,,,,,,,,,,,,,,,,,0.0,0.0,0.0,0.0,0.0,0.0
1773806338.9609482,False,,,,,,,,,,,,,,,,,,0.0,0.0,0.0,0.0,0.0,0.0
1773806338.9710422,False,,,,,,,,,,,,,,,,,,0.0,0.0,0.0,0.0,0.0,0.0
1773806338.98083,False,,,,,,,,,,,,,,,,,,0.0,0.0,0.0,0.0,0.0,0.0
1773806338.9908023,False,,,,,,,,,,,,,,,,,,0.0,0.0,0.0,0.0,0.0,0.0
1773806339.001044,False,,,,,,,,,,,,,,,,,,0.0,0.0,0.0,0.0,0.0,0.0
1773806339.0110373,False,,,,,,,,,,,,,,,,,,0.0,0.0,0.0,0.0,0.0,0.0
1773806339.021136,False,,,,,,,,,,,,,,,,,,0.0,0.0,0.0,0.0,0.0,0.0
1773806339.0309224,False,,,,,,,,,,,,,,,,,,0.0,0.0,0.0,0.0,0.0,0.0
1773806339.0412369,False,,,,,,,,,,,,,,,,,,0.0,0.0,0.0,0.0,0.0,0.0
1773806339.0517888,False,,,,,,,,,,,,,,,,,,0.0,0.0,0.0,0.0,0.0,0.0
1773806339.0607953,False,,,,,,,,,,,,,,,,,,0.0,0.0,0.0,0.0,0.0,0.0
1773806339.0706737,False,,,,,,,,,,,,,,,,,,0.0,0.0,0.0,0.0,0.0,0.0
1773806339.081207,False,,,,,,,,,,,,,,,,,,0.0,0.0,0.0,0.0,0.0,0.0
1773806339.0910532,False,,,,,,,,,,,,,,,,,,0.0,0.0,0.0,0.0,0.0,0.0
1773806339.1010206,False,,,,,,,,,,,,,,,,,,0.0,0.0,0.0,0.0,0.0,0.0
1773806339.1110566,False,,,,,,,,,,,,,,,,,,0.0,0.0,0.0,0.0,0.0,0.0
1773806339.1211648,False,,,,,,,,,,,,,,,,,,0.0,0.0,0.0,0.0,0.0,0.0
1773806339.131008,False,,,,,,,,,,,,,,,,,,0.0,0.0,0.0,0.0,0.0,0.0
1773806339.1410472,False,,,,,,,,,,,,,,,,,,0.0,0.0,0.0,0.0,0.0,0.0
1773806339.1512733,False,,,,,,,,,,,,,,,,,,0.0,0.0,0.0,0.0,0.0,0.0
1773806339.1610582,False,,,,,,,,,,,,,,,,,,0.0,0.0,0.0,0.0,0.0,0.0
1773806339.1707435,False,,,,,,,,,,,,,,,,,,0.0,0.0,0.0,0.0,0.0,0.0
1773806339.1809487,False,,,,,,,,,,,,,,,,,,0.0,0.0,0.0,0.0,0.0,0.0
1773806339.1904943,False,,,,,,,,,,,,,,,,,,0.0,0.0,0.0,0.0,0.0,0.0
1773806339.20109,False,,,,,,,,,,,,,,,,,,0.0,0.0,0.0,0.0,0.0,0.0
1773806339.2107418,False,,,,,,,,,,,,,,,,,,0.0,0.0,0.0,0.0,0.0,0.0
1773806339.2210908,False,,,,,,,,,,,,,,,,,,0.0,0.0,0.0,0.0,0.0,0.0
1773806339.231151,False,,,,,,,,,,,,,,,,,,0.0,0.0,0.0,0.0,0.0,0.0
1773806339.2413049,False,,,,,,,,,,,,,,,,,,0.0,0.0,0.0,0.0,0.0,0.0
1773806339.251313,False,,,,,,,,,,,,,,,,,,0.0,0.0,0.0,0.0,0.0,0.0
1773806339.2609258,False,,,,,,,,,,,,,,,,,,0.0,0.0,0.0,0.0,0.0,0.0
1773806339.2711413,False,,,,,,,,,,,,,,,,,,0.0,0.0,0.0,0.0,0.0,0.0
1773806339.281276,False,,,,,,,,,,,,,,,,,,0.0,0.0,0.0,0.0,0.0,0.0
1773806339.290875,False,,,,,,,,,,,,,,,,,,0.0,0.0,0.0,0.0,0.0,0.0
1773806339.300971,False,,,,,,,,,,,,,,,,,,0.0,0.0,0.0,0.0,0.0,0.0
1773806339.3110147,False,,,,,,,,,,,,,,,,,,0.0,0.0,0.0,0.0,0.0,0.0
1773806339.3211415,False,,,,,,,,,,,,,,,,,,0.0,0.0,0.0,0.0,0.0,0.0
1773806339.3309305,False,,,,,,,,,,,,,,,,,,0.0,0.0,0.0,0.0,0.0,0.0
1773806339.341097,False,,,,,,,,,,,,,,,,,,0.0,0.0,0.0,0.0,0.0,0.0
1773806339.3511848,False,,,,,,,,,,,,,,,,,,0.0,0.0,0.0,0.0,0.0,0.0
1773806339.3610334,False,,,,,,,,,,,,,,,,,,0.0,0.0,0.0,0.0,0.0,0.0
1773806339.3710477,False,,,,,,,,,,,,,,,,,,0.0,0.0,0.0,0.0,0.0,0.0
1773806339.381195,False,,,,,,,,,,,,,,,,,,0.0,0.0,0.0,0.0,0.0,0.0
1773806339.3912494,False,,,,,,,,,,,,,,,,,,0.0,0.0,0.0,0.0,0.0,0.0
1773806339.4012818,False,,,,,,,,,,,,,,,,,,0.0,0.0,0.0,0.0,0.0,0.0
1773806339.410907,False,,,,,,,,,,,,,,,,,,0.0,0.0,0.0,0.0,0.0,0.0
1773806339.42095,False,,,,,,,,,,,,,,,,,,0.0,0.0,0.0,0.0,0.0,0.0
1773806339.4309235,False,,,,,,,,,,,,,,,,,,0.0,0.0,0.0,0.0,0.0,0.0
1773806339.4409318,False,,,,,,,,,,,,,,,,,,0.0,0.0,0.0,0.0,0.0,0.0
1773806339.451171,False,,,,,,,,,,,,,,,,,,0.0,0.0,0.0,0.0,0.0,0.0
1773806339.4612284,False,,,,,,,,,,,,,,,,,,0.0,0.0,0.0,0.0,0.0,0.0
1773806339.4706743,False,,,,,,,,,,,,,,,,,,0.0,0.0,0.0,0.0,0.0,0.0
1773806339.4808934,False,,,,,,,,,,,,,,,,,,0.0,0.0,0.0,0.0,0.0,0.0
1773806339.4910808,False,,,,,,,,,,,,,,,,,,0.0,0.0,0.0,0.0,0.0,0.0
1773806339.5008285,False,,,,,,,,,,,,,,,,,,0.0,0.0,0.0,0.0,0.0,0.0
1773806339.510991,False,,,,,,,,,,,,,,,,,,0.0,0.0,0.0,0.0,0.0,0.0
1773806339.521232,False,,,,,,,,,,,,,,,,,,0.0,0.0,0.0,0.0,0.0,0.0
1773806339.5310056,False,,,,,,,,,,,,,,,,,,0.0,0.0,0.0,0.0,0.0,0.0
1773806339.54133,False,,,,,,,,,,,,,,,,,,0.0,0.0,0.0,0.0,0.0,0.0
1773806339.5510175,False,,,,,,,,,,,,,,,,,,0.0,0.0,0.0,0.0,0.0,0.0
1773806339.5606773,False,,,,,,,,,,,,,,,,,,0.0,0.0,0.0,0.0,0.0,0.0
1773806339.5709944,False,,,,,,,,,,,,,,,,,,0.0,0.0,0.0,0.0,0.0,0.0
1773806339.5809078,False,,,,,,,,,,,,,,,,,,0.0,0.0,0.0,0.0,0.0,0.0
1773806339.59105,False,,,,,,,,,,,,,,,,,,0.0,0.0,0.0,0.0,0.0,0.0
1773806339.601043,False,,,,,,,,,,,,,,,,,,0.0,0.0,0.0,0.0,0.0,0.0
1773806339.6110723,False,,,,,,,,,,,,,,,,,,0.0,0.0,0.0,0.0,0.0,0.0
1773806339.621233,False,,,,,,,,,,,,,,,,,,0.0,0.0,0.0,0.0,0.0,0.0
1773806339.630992,False,,,,,,,,,,,,,,,,,,0.0,0.0,0.0,0.0,0.0,0.0
1773806339.6413755,False,,,,,,,,,,,,,,,,,,0.0,0.0,0.0,0.0,0.0,0.0
1773806339.65149,False,,,,,,,,,,,,,,,,,,0.0,0.0,0.0,0.0,0.0,0.0
1773806339.661018,False,,,,,,,,,,,,,,,,,,0.0,0.0,0.0,0.0,0.0,0.0
1773806339.6710198,False,,,,,,,,,,,,,,,,,,0.0,0.0,0.0,0.0,0.0,0.0
1773806339.6810596,False,,,,,,,,,,,,,,,,,,0.0,0.0,0.0,0.0,0.0,0.0
1773806339.6909056,False,,,,,,,,,,,,,,,,,,0.0,0.0,0.0,0.0,0.0,0.0
1773806339.7009103,False,,,,,,,,,,,,,,,,,,0.0,0.0,0.0,0.0,0.0,0.0
1773806339.710692,False,,,,,,,,,,,,,,,,,,0.0,0.0,0.0,0.0,0.0,0.0
1773806339.7212677,False,,,,,,,,,,,,,,,,,,0.0,0.0,0.0,0.0,0.0,0.0
1773806339.7310514,False,,,,,,,,,,,,,,,,,,0.0,0.0,0.0,0.0,0.0,0.0
1773806339.7407887,False,,,,,,,,,,,,,,,,,,0.0,0.0,0.0,0.0,0.0,0.0
1773806339.7513134,False,,,,,,,,,,,,,,,,,,0.0,0.0,0.0,0.0,0.0,0.0
1773806339.7611141,False,,,,,,,,,,,,,,,,,,0.0,0.0,0.0,0.0,0.0,0.0
1773806339.7710803,False,,,,,,,,,,,,,,,,,,0.0,0.0,0.0,0.0,0.0,0.0
1773806339.7808735,False,,,,,,,,,,,,,,,,,,0.0,0.0,0.0,0.0,0.0,0.0
1773806339.7909117,False,,,,,,,,,,,,,,,,,,0.0,0.0,0.0,0.0,0.0,0.0
1773806339.8010998,False,,,,,,,,,,,,,,,,,,0.0,0.0,0.0,0.0,0.0,0.0
1773806339.8111296,False,,,,,,,,,,,,,,,,,,0.0,0.0,0.0,0.0,0.0,0.0
1773806339.821311,False,,,,,,,,,,,,,,,,,,0.0,0.0,0.0,0.0,0.0,0.0
1773806339.8308537,False,,,,,,,,,,,,,,,,,,0.0,0.0,0.0,0.0,0.0,0.0
1773806339.8410466,False,,,,,,,,,,,,,,,,,,0.0,0.0,0.0,0.0,0.0,0.0
1773806339.8511055,False,,,,,,,,,,,,,,,,,,0.0,0.0,0.0,0.0,0.0,0.0
1773806339.8608856,False,,,,,,,,,,,,,,,,,,0.0,0.0,0.0,0.0,0.0,0.0
1773806339.8709106,False,,,,,,,,,,,,,,,,,,0.0,0.0,0.0,0.0,0.0,0.0
1773806339.8809156,False,,,,,,,,,,,,,,,,,,0.0,0.0,0.0,0.0,0.0,0.0
1773806339.8906655,False,,,,,,,,,,,,,,,,,,0.0,0.0,0.0,0.0,0.0,0.0
1773806339.90084,False,,,,,,,,,,,,,,,,,,0.0,0.0,0.0,0.0,0.0,0.0
1773806339.9109404,False,,,,,,,,,,,,,,,,,,0.0,0.0,0.0,0.0,0.0,0.0
1773806339.9209588,False,,,,,,,,,,,,,,,,,,0.0,0.0,0.0,0.0,0.0,0.0
1773806339.9306452,False,,,,,,,,,,,,,,,,,,0.0,0.0,0.0,0.0,0.0,0.0
1773806339.940971,False,,,,,,,,,,,,,,,,,,0.0,0.0,0.0,0.0,0.0,0.0
1773806339.9509315,False,,,,,,,,,,,,,,,,,,0.0,0.0,0.0,0.0,0.0,0.0
1773806339.9613113,False,,,,,,,,,,,,,,,,,,0.0,0.0,0.0,0.0,0.0,0.0
1773806339.9707325,False,,,,,,,,,,,,,,,,,,0.0,0.0,0.0,0.0,0.0,0.0
1773806339.981261,False,,,,,,,,,,,,,,,,,,0.0,0.0,0.0,0.0,0.0,0.0
1773806339.9908721,False,,,,,,,,,,,,,,,,,,0.0,0.0,0.0,0.0,0.0,0.0
1773806340.0008967,False,,,,,,,,,,,,,,,,,,0.0,0.0,0.0,0.0,0.0,0.0
1773806340.0107908,False,,,,,,,,,,,,,,,,,,0.0,0.0,0.0,0.0,0.0,0.0
1773806340.020807,False,,,,,,,,,,,,,,,,,,0.0,0.0,0.0,0.0,0.0,0.0
1773806340.0308876,False,,,,,,,,,,,,,,,,,,0.0,0.0,0.0,0.0,0.0,0.0
1773806340.040939,False,,,,,,,,,,,,,,,,,,0.0,0.0,0.0,0.0,0.0,0.0
1773806340.051178,False,,,,,,,,,,,,,,,,,,0.0,0.0,0.0,0.0,0.0,0.0
1773806340.0612166,False,,,,,,,,,,,,,,,,,,0.0,0.0,0.0,0.0,0.0,0.0
1773806340.0708187,False,,,,,,,,,,,,,,,,,,0.0,0.0,0.0,0.0,0.0,0.0
1773806340.0812533,False,,,,,,,,,,,,,,,,,,0.0,0.0,0.0,0.0,0.0,0.0
1773806340.0912874,False,,,,,,,,,,,,,,,,,,0.0,0.0,0.0,0.0,0.0,0.0
1773806340.101332,False,,,,,,,,,,,,,,,,,,0.0,0.0,0.0,0.0,0.0,0.0
1773806340.1108491,False,,,,,,,,,,,,,,,,,,0.0,0.0,0.0,0.0,0.0,0.0
1773806340.1210725,False,,,,,,,,,,,,,,,,,,0.0,0.0,0.0,0.0,0.0,0.0
1773806340.130719,False,,,,,,,,,,,,,,,,,,0.0,0.0,0.0,0.0,0.0,0.0
1773806340.1410756,False,,,,,,,,,,,,,,,,,,0.0,0.0,0.0,0.0,0.0,0.0
1773806340.1507912,False,,,,,,,,,,,,,,,,,,0.0,0.0,0.0,0.0,0.0,0.0
1773806340.1608174,True,0.67287076,1773806340.1598172,367.0847,220.48003,16.474794,34.88769,1.3887922,367.0847,220.48003,574.7675,0.9834829114960817,0.18100100219388357,1.3887921571731567,155.08468627929688,100.48002624511719,-2.0578670348242833,-1.3887921571731567,-0.03,-0.03,0.03,0.0,0.0,-0.013887921571731568
1773806340.1710103,True,0.67287076,1773806340.1598172,367.0847,220.48003,16.474794,34.88769,1.3887922,367.0846862792969,220.48002624511722,574.7675170898438,0.9834829114960817,0.18100100219388357,1.3887921571731567,155.08468627929688,100.48002624511722,-2.0578670348242833,-1.3887921571731567,-0.03,-0.03,0.03,0.0,0.0,-0.013887921571731568
1773806340.181203,True,0.78266996,1773806340.1802027,369.83044,222.74269,13.596035,31.911343,1.4044619,367.63383789062505,220.9325592041016,532.4975830078124,0.9842975244265186,0.17637125940856296,1.3934930143517663,155.63383789062505,100.93255920410161,-2.134254317137597,-1.3934930143517663,-0.03,-0.03,0.03,0.0,0.0,-0.013934930143517663
1773806340.1912947,True,0.78266996,1773806340.1802027,369.83044,222.74269,13.596035,31.911343,1.4044619,368.0731591796876,221.2945855712891,502.90862915039054,0.9848677534778245,0.17313043945883852,1.3967837091548567,156.0731591796876,101.2945855712891,-2.191424173947844,-1.3967837091548567,-0.03,-0.03,0.03,0.0,0.0,-0.013967837091548568
1773806340.201057,True,0.78266996,1773806340.1802027,369.83044,222.74269,13.596035,31.911343,1.4044619,368.4246162109376,221.58420666503912,482.19636145019524,0.9852669138137387,0.17086186549403143,1.3990871977381938,156.4246162109376,101.58420666503912,-2.2334812557673183,-1.3990871977381938,-0.03,-0.03,0.03,0.0,0.0,-0.013990871977381938
1773806340.2110245,True,0.78266996,1773806340.1802027,369.83044,222.74269,13.596035,31.911343,1.4044619,368.7057818359376,221.81590354003913,467.69777406005846,0.9855463260488784,0.16927386371866643,1.4006996256669542,156.70578183593761,101.81590354003913,-2.264010370370677,-1.4006996256669542,-0.03,-0.03,0.03,0.0,0.0,-0.014006996256669542
1773806340.2211246,True,0.78266996,1773806340.1802027,369.83044,222.74269,13.596035,31.911343,1.4044619,368.93071433593764,222.00126104003914,457.5487628869628,0.9857419146134763,0.16816226247591093,1.4018283131157152,156.93071433593764,102.00126104003914,-2.285949211177397,-1.4018283131157152,-0.03,-0.03,0.03,0.0,0.0,-0.014018283131157152
1773806340.2311275,True,0.7555375,1773806340.2264516,370.12482,234.5106,17.379097,35.006824,1.4491569,369.1695348476564,224.503129803711,502.8002411986083,0.9878026522189376,0.1541154944049906,1.4160255694517137,157.1695348476564,104.503129803711,-2.1916397193315977,-1.4160255694517137,-0.03,-0.03,0.03,0.0,0.0,-0.014160255694517137
1773806340.2410276,True,0.7555375,1773806340.2264516,370.12482,234.5106,17.379097,35.006824,1.4491569,369.3605912570314,226.5046248146485,534.4762760167602,0.9892451685427606,0.14428275675534635,1.425966173816876,157.3605912570314,106.50462481464851,-2.130545331653937,-1.425966173816876,-0.03,-0.03,0.03,0.0,0.0,-0.01425966173816876
1773806340.2510698,True,0.7555375,1773806340.2264516,370.12482,234.5106,17.379097,35.006824,1.4491569,369.51343638453136,228.10582082339852,556.6495003894664,0.9902549299694366,0.13739984040059539,1.4329246154355384,157.51343638453136,108.10582082339852,-2.0898968971149223,-1.4329246154355384,-0.03,-0.03,0.03,0.0,0.0,-0.014329246154355385
1773806340.2613213,True,0.7555375,1773806340.2264516,370.12482,234.5106,17.379097,35.006824,1.4491569,369.63571248653136,229.3867776303985,572.1707574503608,0.9909617629681099,0.1325817989522697,1.4377951155663964,157.63571248653136,109.38677763039851,-2.062395201917815,-1.4377951155663964,-0.03,-0.03,0.03,0.0,0.0,-0.014377951155663964
1773806340.2711213,True,0.7376638,1773806340.2613213,371.05435,235.21416,16.349758,35.394318,1.4593848,369.91944035055326,230.55225352521725,574.1260914945494,0.9918132798881025,0.1261616155661382,1.4442728249287367,157.91944035055326,110.55225352521725,-2.0589836319698245,-1.4442728249287367,-0.03,-0.03,0.03,0.0,0.0,-0.014442728249287367
1773806340.2809129,True,0.7376638,1773806340.2613213,371.05435,235.21416,16.349758,35.394318,1.4593848,370.14642264177076,231.48463424107226,575.4948253254814,0.9924093417320974,0.12166748719584615,1.4488069872881357,158.14642264177076,111.48463424107226,-2.056602439252048,-1.4488069872881357,-0.03,-0.03,0.03,0.0,0.0,-0.014488069872881357
1773806340.2911112,True,0.7376638,1773806340.2613213,371.05435,235.21416,16.349758,35.394318,1.4593848,370.32800847474476,232.23053881375625,576.4529390071339,0.9928265850228938,0.11852159733664172,1.4519806705184608,158.32800847474476,112.23053881375625,-2.0549389716326765,-1.4519806705184608,-0.03,-0.03,0.03,0.0,0.0,-0.014519806705184608
1773806340.3011787,True,0.43396914,1773806340.3001509,373.82303,235.21915,32.92752,15.7743435,-0.1440408,371.0270124926864,232.82826039670815,559.3400675588999,0.6519156427447066,0.3798583327648358,1.0432093337739394,159.02701249268642,112.82826039670815,-2.08507503773603,-1.0432093337739392,-0.03,-0.03,0.03,0.0,0.0,-0.010432093337739392
1773806340.3111262,True,0.43396914,1773806340.3001509,373.82303,235.21915,32.92752,15.7743435,-0.1440408,371.58621570703974,233.30643766306966,547.3610575451362,0.4132779831499755,0.5627940475645716,0.6333982993764676,159.58621570703974,113.30643766306966,-2.1067240224476445,-0.6333982993764677,-0.03,-0.03,0.03,0.0,0.0,-0.0063339829937646775
1773806340.3211317,True,0.43396914,1773806340.3001509,373.82303,235.21915,32.92752,15.7743435,-0.1440408,372.03357827852244,233.68897947615886,538.9757505355016,0.24623162143366376,0.6908490479243867,0.3423816850938364,160.03357827852244,113.68897947615886,-2.122162095591535,-0.3423816850938364,-0.03,-0.03,0.03,0.0,0.0,-0.0034238168509383637
1773806340.3314898,True,0.6247672,1773806340.3284342,374.11768,236.71878,32.660084,15.074102,-0.12088591,372.45039777906794,234.29493968444274,524.9794578699683,0.13618462563084527,0.7814049912065755,0.17254866975469882,160.45039777906794,114.29493968444274,-2.1484735417990293,-0.17254866975469874,-0.03,-0.03,0.03,0.0,0.0,-0.0017254866975469874
1773806340.3410506,True,0.6247672,1773806340.3284342,374.11768,236.71878,32.660084,15.074102,-0.12088591,372.78385337950436,234.77970785106984,515.182053004095,0.05915172856887234,0.8447941515041076,0.06990501129722855,160.78385337950436,114.77970785106984,-2.1673123365826,-0.06990501129722837,-0.03,-0.03,0.03,0.0,0.0,-0.0006990501129722838
1773806340.3510897,True,0.6247672,1773806340.3284342,374.11768,236.71878,32.660084,15.074102,-0.12088591,373.0506178598535,235.16752238437152,508.3238695979836,0.0052287006254912935,0.8891665637123802,0.005880383463738503,161.0506178598535,115.16752238437152,-2.180713892742605,0.0,-0.03,-0.03,0.03,0.0,0.0,0.0
1773806340.3606155,True,0.6247672,1773806340.3284342,374.11768,236.71878,32.660084,15.074102,-0.12088591,373.2640294441328,235.47777401101285,503.5231412137057,-0.03251741893487543,0.920227252258171,-0.03532159546009027,161.2640294441328,115.47777401101285,-2.190203003953461,0.03532159546009028,-0.03,-0.03,0.03,0.0,0.0,0.0003532159546009028
1773806340.3708968,True,0.8411906,1773806340.3626251,375.77695,238.02202,14.297594,35.170055,1.4500293,373.76661295960315,235.9866228953337,503.320349240219,0.27505276148437596,0.6803011951397252,0.38421659758121574,161.76661295960315,115.98662289533371,-2.1906058311617644,-0.38421659758121596,-0.03,-0.03,0.03,0.0,0.0,-0.0038421659758121596
1773806340.38119,True,0.8411906,1773806340.3626251,375.77695,238.02202,14.297594,35.170055,1.4500293,374.16867977197944,236.3937020027904,503.17839485877823,0.49035188777785194,0.5123529551568131,0.7634599651036256,162.16867977197944,116.3937020027904,-2.1908879067892086,-0.7634599651036256,-0.03,-0.03,0.03,0.0,0.0,-0.007634599651036256
1773806340.3910315,True,0.8411906,1773806340.3626251,375.77695,238.02202,14.297594,35.170055,1.4500293,374.49033322188046,236.7193652887558,503.0790267917697,0.6410612761832851,0.39478918716877465,1.0188133606703123,162.49033322188046,116.7193652887558,-2.1910854070812684,-1.018813360670312,-0.03,-0.03,0.03,0.0,0.0,-0.01018813360670312
1773806340.4007137,True,0.8366286,1773806340.3931365,375.78088,239.34116,13.501013,33.394875,1.4528075,374.7484433353169,237.24372343217652,487.41470596127,0.7466571118841032,0.3116669943353469,1.1753664705513818,162.7484433353169,117.24372343217652,-2.2227173627588965,-1.1753664705513818,-0.03,-0.03,0.03,0.0,0.0,-0.011753664705513818
1773806340.4107811,True,0.8366286,1773806340.3931365,375.78088,239.34116,13.501013,33.394875,1.4528075,374.954931426066,237.6632099469131,476.4496813799202,0.8205741968746758,0.2534814593519475,1.2711877517231236,162.95493142606603,117.6632099469131,-2.245470558702143,-1.2711877517231236,-0.03,-0.03,0.03,0.0,0.0,-0.012711877517231237
1773806340.421155,True,0.8366286,1773806340.3931365,375.78088,239.34116,13.501013,33.394875,1.4528075,375.12012189866533,237.99879915870238,468.77416417297536,0.8723161563680766,0.2127515848635679,1.3315738733502918,163.12012189866533,117.99879915870238,-2.2617115495667774,-1.3315738733502918,-0.03,-0.03,0.03,0.0,0.0,-0.013315738733502919
1773806340.4312723,True,0.8366286,1773806340.3931365,375.78088,239.34116,13.501013,33.394875,1.4528075,375.25227427674474,238.2672705281338,463.40130212811397,0.9085355280134573,0.1842406727217022,1.3707208379870972,163.25227427674474,118.26727052813379,-2.2732392538199444,-1.3707208379870972,-0.03,-0.03,0.03,0.0,0.0,-0.013707208379870972
1773806340.4412625,True,0.85555327,1773806340.4327972,376.4498,240.86247,14.613057,34.294823,1.4774948,375.49177913819267,238.786310929343,474.7265688383126,0.9346700413522362,0.15691832560122784,1.4044611824373618,163.49177913819267,118.78631092934299,-2.249093682021626,-1.4044611824373618,-0.03,-0.03,0.03,0.0,0.0,-0.014044611824373618
1773806340.450995,True,0.85555327,1773806340.4327972,376.4498,240.86247,14.613057,34.294823,1.4774948,375.68338302735106,239.20154325031032,482.65425553545157,0.9529642006893815,0.13779268261689578,1.4271977968527063,163.68338302735106,119.20154325031032,-2.2325321054811056,-1.4271977968527063,-0.03,-0.03,0.03,0.0,0.0,-0.014271977968527064
1773806340.4610868,True,0.89195687,1773806340.459581,378.70764,242.60701,15.188639,35.1927,1.4567984,376.28823474219337,239.88263657778734,498.2167313162223,0.9651277226869531,0.1305802206172811,1.436314567783979,164.28823474219337,119.88263657778734,-2.200797489961081,-1.436314567783979,-0.03,-0.03,0.03,0.0,0.0,-0.01436314567783979
1773806340.470737,True,0.89195687,1773806340.459581,378.70764,242.60701,15.188639,35.1927,1.4567984,376.7721161140672,240.42751123976893,509.11046436276183,0.9736421880852533,0.12553149721755083,1.4425738758788018,164.77211611406722,120.42751123976893,-2.1791676604301293,-1.4425738758788018,-0.03,-0.03,0.03,0.0,0.0,-0.014425738758788019
1773806340.4811723,True,0.89195687,1773806340.459581,378.70764,242.60701,15.188639,35.1927,1.4567984,377.1592212115663,240.86341096935422,516.7360774953395,0.9796023138640634,0.12199739083773964,1.4468965742032924,165.15922121156632,120.86341096935422,-2.164300419997147,-1.4468965742032924,-0.03,-0.03,0.03,0.0,0.0,-0.014468965742032925
1773806340.4908717,True,0.89195687,1773806340.459581,378.70764,242.60701,15.188639,35.1927,1.4567984,377.46890528956555,241.21213075302245,522.0740066881439,0.9837744019092305,0.11952351637187181,1.4498940396888271,165.46890528956555,121.21213075302245,-2.154023322660292,-1.4498940396888271,-0.03,-0.03,0.03,0.0,0.0,-0.014498940396888272
1773806340.5013053,True,0.88989294,1773806340.4948852,379.22757,244.17627,15.094943,34.585426,1.45176,377.8206381476681,241.804958508668,522.0713237246695,0.9865191447338919,0.1192930681149324,1.4504573895152435,165.8206381476681,121.804958508668,-2.154028461721678,-1.4504573895152435,-0.03,-0.03,0.03,0.0,0.0,-0.014504573895152435
1773806340.5108929,True,0.88989294,1773806340.4948852,379.22757,244.17627,15.094943,34.585426,1.45176,378.1020244341501,242.27922071318443,522.0694456502373,0.9884404647111549,0.11913175433507481,1.450849918227821,166.1020244341501,122.27922071318443,-2.1540320590803623,-1.450849918227821,-0.03,-0.03,0.03,0.0,0.0,-0.01450849918227821
1773806340.5208979,True,0.88989294,1773806340.4948852,379.22757,244.17627,15.094943,34.585426,1.45176,378.32713346333577,242.65863047679755,522.0681309981348,0.9897853886952388,0.11901883468917451,1.4511238036034133,166.32713346333577,122.65863047679755,-2.154034577239141,-1.4511238036034133,-0.03,-0.03,0.03,0.0,0.0,-0.014511238036034133
1773806340.5312152,True,0.8885821,1773806340.5277066,379.22998,245.63641,15.709503,36.755856,1.4359012,378.5077028644186,243.2541870962818,538.6725696283819,0.9901244028767007,0.12365911206515082,1.446547179723595,166.5077028644186,123.25418709628181,-2.122724766936993,-1.446547179723595,-0.03,-0.03,0.03,0.0,0.0,-0.01446547179723595
1773806340.5411708,True,0.8885821,1773806340.5277066,379.22998,245.63641,15.709503,36.755856,1.4359012,378.6521583852849,243.7306323918692,550.2956766695548,0.9903617128037241,0.12690730622833424,1.4433485032934665,166.6521583852849,123.7306323918692,-2.101376948039105,-1.4433485032934665,-0.03,-0.03,0.03,0.0,0.0,-0.014433485032934665
1773806340.5512059,True,0.8885821,1773806340.5277066,379.22998,245.63641,15.709503,36.755856,1.4359012,378.7677228019779,244.1117886283391,558.4318515983758,0.9905278297526405,0.12918104214256262,1.4411118960574072,166.76772280197792,124.1117886283391,-2.0867000851089776,-1.4411118960574072,-0.03,-0.03,0.03,0.0,0.0,-0.014411118960574072
1773806340.5612001,True,0.88547385,1773806340.560206,380.48874,245.99615,16.037302,36.98069,1.4396307,379.1119260443167,244.48866185970255,568.8234448005037,0.9907925171972729,0.12966366918928984,1.4406672139051362,167.1119260443167,124.48866185970255,-2.06826258011512,-1.4406672139051362,-0.03,-0.03,0.03,0.0,0.0,-0.014406672139051363
1773806340.5709896,True,0.88547385,1773806340.560206,380.48874,245.99615,16.037302,36.98069,1.4396307,379.3872886381877,244.79016044479332,576.0975600419932,0.9909777984085155,0.1300015081219989,1.4403561085007428,167.38728863818773,124.79016044479332,-2.055555654331953,-1.4403561085007428,-0.03,-0.03,0.03,0.0,0.0,-0.014403561085007429
1773806340.5807147,True,0.88547385,1773806340.560206,380.48874,245.99615,16.037302,36.98069,1.4396307,379.60757871328457,245.03135931286593,581.1894407110359,0.9911074952563854,0.13023799537489525,1.4401384190250424,167.60757871328457,125.03135931286593,-2.0467559123088184,-1.4401384190250424,-0.03,-0.03,0.03,0.0,0.0,-0.014401384190250425
1773806340.5913057,True,0.88547385,1773806340.560206,380.48874,245.99615,16.037302,36.98069,1.4396307,379.78381077336206,245.224318407324,584.7537571793657,0.9911982830498942,0.1304035364519227,1.4399860776948643,167.78381077336206,125.224318407324,-2.0406418450400903,-1.4399860776948643,-0.03,-0.03,0.03,0.0,0.0,-0.014399860776948643
1773806340.6013596,True,0.87550807,1773806340.5968268,381.963,245.51,15.89604,37.07666,1.4291447,380.2196511577522,245.2814536272264,586.139251119306,0.9908340516074258,0.13363598085894468,1.4367331011284985,168.2196511577522,125.2814536272264,-2.0382752845144836,-1.4367331011284985,-0.03,-0.03,0.03,0.0,0.0,-0.014367331011284986
1773806340.6110075,True,0.87550807,1773806340.5968268,381.963,245.51,15.89604,37.07666,1.4291447,380.5683234652643,245.3271618031483,587.1090968772642,0.9905790895976979,0.13589869194386006,1.4344562886745469,168.5683234652643,125.3271618031483,-2.0366220182123915,-1.4344562886745469,-0.03,-0.03,0.03,0.0,0.0,-0.014344562886745469
1773806340.6212573,True,0.87550807,1773806340.5968268,381.963,245.51,15.89604,37.07666,1.4291447,380.847261311274,245.36372834388584,587.7879889078349,0.9904006161908884,0.13748258970330082,1.4328626674420832,168.847261311274,125.36372834388584,-2.035466355960195,-1.4328626674420832,-0.03,-0.03,0.03,0.0,0.0,-0.014328626674420832
1773806340.631065,True,0.87550807,1773806340.5968268,381.963,245.51,15.89604,37.07666,1.4291447,381.07041158808175,245.39298157647588,588.2632133292344,0.9902756848061217,0.13859131813490935,1.4317472098607864,169.07041158808175,125.39298157647588,-2.0346581863050623,-1.4317472098607864,-0.03,-0.03,0.03,0.0,0.0,-0.014317472098607864
1773806340.6411161,True,0.85604846,1773806340.6320767,382.92282,246.02524,16.17068,36.507088,1.4357283,381.4408934794498,245.5194328686026,588.8875757464797,0.9904606317797084,0.13741123482560505,1.4329416007316325,169.4408934794498,125.51943286860259,-2.033597383421372,-1.4329416007316325,-0.03,-0.03,0.03,0.0,0.0,-0.014329416007316326
1773806340.6511493,True,0.85604846,1773806340.6320767,382.92282,246.02524,16.17068,36.507088,1.4357283,381.73727899254425,245.62059390230397,589.3246294385514,0.9905900946612192,0.13658517650909202,1.433777644656498,169.73727899254425,125.62059390230397,-2.0328554903902276,-1.433777644656498,-0.03,-0.03,0.03,0.0,0.0,-0.014337776446564981
1773806340.6612551,True,0.83043313,1773806340.660255,384.6819,244.78548,16.332722,35.978382,1.4359143,382.3262001471604,245.45357045875727,588.8147039858922,0.9906882260843612,0.13595165316689525,1.4344186515280113,170.32620014716042,125.45357045875727,-2.0337211358534333,-1.4344186515280113,-0.03,-0.03,0.03,0.0,0.0,-0.014344186515280114
1773806340.6709867,True,0.83043313,1773806340.660255,384.6819,244.78548,16.332722,35.978382,1.4359143,382.79733707085336,245.3199517039199,588.4577561690307,0.9907569180805607,0.13550818682735752,1.4348673479102776,170.79733707085336,125.31995170391991,-2.034327533845199,-1.4348673479102776,-0.03,-0.03,0.03,0.0,0.0,-0.014348673479102776
1773806340.6808589,True,0.83043313,1773806340.660255,384.6819,244.78548,16.332722,35.978382,1.4359143,383.1742466098077,245.21305670005,588.2078926972277,0.9908050024779003,0.1351977603896811,1.4351814311362405,171.1742466098077,125.21305670005,-2.0347522313381514,-1.4351814311362405,-0.03,-0.03,0.03,0.0,0.0,-0.014351814311362406
1773806340.6911771,True,0.83043313,1773806340.660255,384.6819,244.78548,16.332722,35.978382,1.4359143,383.4757742409712,245.1275406969541,588.0329882669656,0.9908386615560381,0.1349804618833076,1.435401287277605,171.4757742409712,125.1275406969541,-2.0350496269386307,-1.435401287277605,-0.03,-0.03,0.03,0.0,0.0,-0.01435401287277605
1773806340.7012248,True,0.8423513,1773806340.695189,385.35547,243.53915,16.279545,36.114697,1.4463146,383.85171314277693,244.80986336811017,588.0023459372666,0.9912657069575816,0.13173447742958733,1.4386752766809685,171.85171314277693,124.80986336811017,-2.0351017381785144,-1.4386752766809685,-0.03,-0.03,0.03,0.0,0.0,-0.014386752766809686
1773806340.7112257,True,0.8423513,1773806340.695189,385.35547,243.53915,16.279545,36.114697,1.4463146,384.1524642642215,244.55572150503502,587.9808963064772,0.9915646387386621,0.12946228831198314,1.4409670901643548,172.15246426422152,124.55572150503502,-2.0351382176622708,-1.4409670901643548,-0.03,-0.03,0.03,0.0,0.0,-0.014409670901643547
1773806340.7207422,True,0.8423513,1773806340.695189,385.35547,243.53915,16.279545,36.114697,1.4463146,384.39306516137725,244.3524080145749,587.9658815649246,0.9917738909854183,0.1278717559296602,1.442571354905781,172.39306516137725,124.3524080145749,-2.0351637540927214,-1.442571354905781,-0.03,-0.03,0.03,0.0,0.0,-0.014425713549057811
1773806340.7312555,True,0.8423513,1773806340.695189,385.35547,243.53915,16.279545,36.114697,1.4463146,384.5855458791018,244.18975722220682,587.9553712458378,0.9919203675581478,0.12675838326203417,1.4436943327994236,172.5855458791018,124.18975722220682,-2.0351816299820498,-1.4436943327994236,-0.03,-0.03,0.03,0.0,0.0,-0.014436943327994237
1773806340.7408068,True,0.86236,1773806340.7317612,386.84848,242.43802,16.067429,36.64892,1.4453977,385.03813274820334,243.83940953753108,588.2249244228677,0.9919886255033653,0.12625192998595813,1.4442053579864376,173.03813274820334,123.83940953753108,-2.0347232764749528,-1.4442053579864376,-0.03,-0.03,0.03,0.0,0.0,-0.014442053579864375
1773806340.7508337,True,0.86236,1773806340.7317612,386.84848,242.43802,16.067429,36.64892,1.4453977,385.4002022434846,243.5591313897905,588.4136116467887,0.9920364060650175,0.1258974126927049,1.444563073340334,173.4002022434846,123.55913138979051,-2.034402553976489,-1.444563073340334,-0.03,-0.03,0.03,0.0,0.0,-0.01444563073340334
1773806340.7609107,True,0.8679611,1773806340.759403,386.92532,241.58829,16.637907,36.75743,1.431432,385.7052264920534,243.16496258253554,595.3595415804864,0.9915168345985276,0.1298022761025142,1.4406237668933854,173.70522649205338,123.16496258253554,-2.022667181147485,-1.4406237668933854,-0.03,-0.03,0.03,0.0,0.0,-0.014406237668933855
1773806340.7711563,True,0.8679611,1773806340.759403,386.92532,241.58829,16.637907,36.75743,1.431432,385.9492458909084,242.84962753673156,600.2216925340748,0.9911531345719846,0.13253568048938072,1.4378662061781833,173.9492458909084,122.84962753673156,-2.014533601229191,-1.4378662061781833,-0.03,-0.03,0.03,0.0,0.0,-0.014378662061781834
1773806340.7809722,True,0.8679611,1773806340.759403,386.92532,241.58829,16.637907,36.75743,1.431432,386.1444614099924,242.59735950008837,603.6251982015867,0.9908985445534045,0.13444906356018727,1.4359359170603032,174.1444614099924,122.59735950008837,-2.0088792032125755,-1.4359359170603032,-0.03,-0.03,0.03,0.0,0.0,-0.014359359170603032
1773806340.7913435,True,0.8679611,1773806340.759403,386.92532,241.58829,16.637907,36.75743,1.431432,386.3006338252596,242.39554507077384,606.0076521688451,0.9907203315403985,0.13578843170975186,1.4345847252609074,174.30063382525958,122.39554507077384,-2.0049400624274925,-1.4345847252609074,-0.03,-0.03,0.03,0.0,0.0,-0.014345847252609074
1773806340.8013058,True,0.87640285,1773806340.794541,389.81174,242.072,17.22927,37.267372,1.4528282,387.00285447231704,242.33083730173627,616.832254711551,0.9914191788702813,0.13036032155989646,1.4400577398584722,175.00285447231704,122.33083730173627,-1.9872355612456365,-1.4400577398584722,-0.03,-0.03,0.03,0.0,0.0,-0.014400577398584722
1773806340.8108413,True,0.87640285,1773806340.794541,389.81174,242.072,17.22927,37.267372,1.4528282,387.564630989963,242.27907108650624,624.409476491445,0.9919083720011992,0.12656064445499768,1.4438889657222707,175.564630989963,122.27907108650624,-1.975026310276113,-1.4438889657222707,-0.03,-0.03,0.03,0.0,0.0,-0.014438889657222707
1773806340.8208697,True,0.87640285,1773806340.794541,389.81174,242.072,17.22927,37.267372,1.4528282,388.0140522040798,242.2376581143222,629.7135317373709,0.9922508071928418,0.12390087048156853,1.4465708107067663,176.0140522040798,122.23765811432219,-1.9665676713134521,-1.4465708107067663,-0.03,-0.03,0.03,0.0,0.0,-0.014465708107067663
1773806340.831071,True,0.87640285,1773806340.794541,389.81174,242.072,17.22927,37.267372,1.4528282,388.37358917537324,242.20452773657496,633.426370409519,0.9924905118269916,0.12203902870016813,1.4484480718302333,176.37358917537324,122.20452773657496,-1.9606889094142235,-1.4484480718302333,-0.03,-0.03,0.03,0.0,0.0,-0.014484480718302334
1773806340.841058,True,0.87916607,1773806340.8325827,390.42996,241.61899,16.696835,35.3067,1.4249521,388.7848637719393,242.08741979668187,620.2514988374445,0.99155843109816,0.12902562908592383,1.441399306316168,176.78486377193929,122.08741979668187,-1.9817076366840685,-1.441399306316168,-0.03,-0.03,0.03,0.0,0.0,-0.01441399306316168
1773806340.8512378,True,0.87916607,1773806340.8325827,390.42996,241.61899,16.696835,35.3067,1.4249521,389.1138834491921,241.9937334447674,611.0290887369923,0.990905974587978,0.1339162493559528,1.4364649378188465,177.1138834491921,121.9937334447674,-1.996688109312544,-1.4364649378188465,-0.03,-0.03,0.03,0.0,0.0,-0.014364649378188465
1773806340.8612754,True,0.87916607,1773806340.8325827,390.42996,241.61899,16.696835,35.3067,1.4249521,389.37709919099433,241.9187843632358,604.5734016666759,0.9904492550308506,0.1373396835449731,1.4330109149672197,177.37709919099433,121.9187843632358,-2.0073095876545604,-1.4330109149672197,-0.03,-0.03,0.03,0.0,0.0,-0.014330109149672197
1773806340.8709798,True,0.87010413,1773806340.8612754,391.2885,242.49413,16.42166,35.62173,1.4640845,389.7593819895142,242.03385256383083,598.6917681295637,0.9916079869175615,0.12809060071717204,1.4423330554279077,177.75938198951422,122.03385256383083,-2.017085787496437,-1.4423330554279077,-0.03,-0.03,0.03,0.0,0.0,-0.014423330554279077
1773806340.8813236,True,0.87010413,1773806340.8612754,391.2885,242.49413,16.42166,35.62173,1.4640845,390.06520822833016,242.12590712430688,594.5746246535853,0.9924190992382591,0.1216162427377113,1.448859046455244,178.06520822833016,122.12590712430688,-2.023986442436078,-1.448859046455244,-0.03,-0.03,0.03,0.0,0.0,-0.01448859046455244
1773806340.8913584,True,0.87010413,1773806340.8612754,391.2885,242.49413,16.42166,35.62173,1.4640845,390.3098692193829,242.1995507726877,591.6926242204003,0.9929868778627474,0.11708419215208876,1.4534271367121971,178.3098692193829,122.1995507726877,-2.028845391557546,-1.4534271367121971,-0.03,-0.03,0.03,0.0,0.0,-0.014534271367121971
1773806340.901255,True,0.8731345,1773806340.8985353,392.74045,243.8376,16.251854,35.747158,1.4491503,390.79598497511574,242.52716075975172,588.472111124202,0.9928738878175019,0.11836279759707106,1.4521439734268273,178.79598497511574,122.52716075975172,-2.0343031399444733,-1.4521439734268273,-0.03,-0.03,0.03,0.0,0.0,-0.014521439734268273
1773806340.9109266,True,0.8731345,1773806340.8985353,392.74045,243.8376,16.251854,35.747158,1.4491503,391.184877579702,242.78924874940293,586.2177519568633,0.99279479478583,0.11925782140855867,1.4512458186729116,179.184877579702,122.78924874940293,-2.038141364833928,-1.4512458186729116,-0.03,-0.03,0.03,0.0,0.0,-0.014512458186729115
1773806340.9210572,True,0.8731345,1773806340.8985353,392.74045,243.8376,16.251854,35.747158,1.4491503,391.495991663371,242.9989191411239,584.6397005397262,0.9927394296636596,0.1198843380766,1.4506171404192358,179.495991663371,122.9989191411239,-2.0408369147820125,-1.4506171404192358,-0.03,-0.03,0.03,0.0,0.0,-0.014506171404192358
1773806340.9310796,True,0.8731345,1773806340.8985353,392.74045,243.8376,16.251854,35.747158,1.4491503,391.74488293030623,243.1666554545007,583.5350645477301,0.9927006740781403,0.12032289974422893,1.4501770806853955,179.74488293030623,123.1666554545007,-2.0427281323536564,-1.4501770806853955,-0.03,-0.03,0.03,0.0,0.0,-0.014501770806853956
1773806340.9411488,True,0.89451605,1773806340.9314544,394.0135,245.72676,15.548531,35.189484,1.4769198,392.1986040981513,243.67867653645214,572.6179778005985,0.9935695212087682,0.11234764920799101,1.4581998100937121,180.1986040981513,123.67867653645214,-2.0616138867996323,-1.4581998100937121,-0.03,-0.03,0.03,0.0,0.0,-0.014581998100937122
1773806340.9511976,True,0.89451605,1773806340.9314544,394.0135,245.72676,15.548531,35.189484,1.4769198,392.56158103242734,244.0882934020133,564.9760170776065,0.9941777142002076,0.10676497383262445,1.4638160947708356,180.56158103242734,124.0882934020133,-2.0750493931631513,-1.4638160947708356,-0.03,-0.03,0.03,0.0,0.0,-0.014638160947708357
1773806340.9607425,True,0.89451605,1773806340.9314544,394.0135,245.72676,15.548531,35.189484,1.4769198,392.8519625798482,244.41598689446224,559.626644571512,0.9946034492942153,0.10285710106986787,1.4677474575189293,180.8519625798482,124.41598689446224,-2.0845628204988755,-1.4677474575189293,-0.03,-0.03,0.03,0.0,0.0,-0.014677474575189293
1773806340.9709423,True,0.8716924,1773806340.9617531,394.13596,247.95332,16.975807,36.63123,1.4436235,393.10876122598796,245.12345418842136,578.2920508582615,0.9937997447355105,0.11004905133500767,1.4605100125178085,181.10876122598796,125.12345418842136,-2.05175365639464,-1.4605100125178085,-0.03,-0.03,0.03,0.0,0.0,-0.014605100125178086
1773806340.9808576,True,0.8716924,1773806340.9617531,394.13596,247.95332,16.975807,36.63123,1.4436235,393.3142001428998,245.68942802358868,591.3578352589861,0.9932371515444169,0.11508341652060552,1.4554436934119463,181.31420014289978,125.68942802358868,-2.029411367366386,-1.4554436934119463,-0.03,-0.03,0.03,0.0,0.0,-0.014554436934119465
1773806340.9909928,True,0.8716924,1773806340.9617531,394.13596,247.95332,16.975807,36.63123,1.4436235,393.47855127642924,246.14220709172253,600.5038843394934,0.9928433363106515,0.11860747215052403,1.4518973786861848,181.47855127642924,126.14220709172253,-2.0140635657505617,-1.4518973786861848,-0.03,-0.03,0.03,0.0,0.0,-0.01451897378686185
1773806341.00107,True,0.8877762,1773806340.9970329,395.20486,250.7101,18.76465,37.406395,1.4538698,393.82381392153405,247.05578532669836,630.9280913520985,0.9929418996208424,0.11802330743475403,1.4524891511266529,181.82381392153405,127.05578532669836,-1.96464077953346,-1.4524891511266529,-0.03,-0.03,0.03,0.0,0.0,-0.014524891511266529
1773806341.0107815,True,0.8877762,1773806340.9970329,395.20486,250.7101,18.76465,37.406395,1.4538698,394.10002403761786,247.786647914679,652.225036260922,0.9930108939379761,0.11761439213371505,1.4529033714897137,182.10002403761786,127.78664791467901,-1.9314430257420518,-1.4529033714897137,-0.03,-0.03,0.03,0.0,0.0,-0.014529033714897138
1773806341.0213313,True,0.8877762,1773806340.9970329,395.20486,250.7101,18.76465,37.406395,1.4538698,394.3209921304849,248.37133798506355,667.1328976970985,0.9930591899599697,0.11732815142298775,1.4531933156871097,182.3209921304849,128.37133798506355,-1.9088434027676324,-1.4531933156871097,-0.03,-0.03,0.03,0.0,0.0,-0.014531933156871098
1773806341.0311446,True,0.8877762,1773806340.9970329,395.20486,250.7101,18.76465,37.406395,1.4538698,394.4977666047786,248.83909004137118,677.5684007024221,0.9930929971753651,0.11712778292547865,1.4533962716674529,182.49776660477858,128.83909004137118,-1.8933221676543386,-1.4533962716674529,-0.03,-0.03,0.03,0.0,0.0,-0.01453396271667453
1773806341.0410008,True,0.82190955,1773806341.0311446,395.8838,253.69568,16.638948,37.529263,1.464959,394.7749710963229,249.81040777528446,661.632115110836,0.9934864357113755,0.11368139465375418,1.456865133666421,182.77497109632287,129.81040777528446,-1.9171229916447547,-1.456865133666421,-0.03,-0.03,0.03,0.0,0.0,-0.014568651336664209
1773806341.05105,True,0.82190955,1773806341.0311446,395.8838,253.69568,16.638948,37.529263,1.464959,394.9967346895583,250.5874619624151,650.4767151967258,0.9937618426865826,0.11126892286354706,1.4592933458075863,182.9967346895583,130.5874619624151,-1.9341271736859846,-1.4592933458075863,-0.03,-0.03,0.03,0.0,0.0,-0.014592933458075863
1773806341.0612133,True,0.82190955,1773806341.0311446,395.8838,253.69568,16.638948,37.529263,1.464959,395.17414556414667,251.2091053121196,642.6679352568486,0.9939546275692277,0.10958019261040206,1.4609930808223357,183.17414556414667,131.2091053121196,-1.9462045153105996,-1.4609930808223357,-0.03,-0.03,0.03,0.0,0.0,-0.014609930808223356
1773806341.0707693,True,0.90176755,1773806341.0637372,394.9776,256.65143,18.03518,37.871265,1.4595628,395.13483647084865,252.29756989422694,654.7720773848721,0.9939142167774415,0.11000742779170294,1.460563983192888,183.13483647084865,132.29756989422694,-1.9275454741381821,-1.460563983192888,-0.03,-0.03,0.03,0.0,0.0,-0.01460563983192888
1773806341.0812252,True,0.90176755,1773806341.0637372,394.9776,256.65143,18.03518,37.871265,1.4595628,395.1033891962102,253.16834155991282,663.2449768744885,0.9938859292231912,0.11030649241861357,1.4602636183326834,183.10338919621017,133.16834155991282,-1.9146882562717085,-1.4602636183326834,-0.03,-0.03,0.03,0.0,0.0,-0.014602636183326833
1773806341.0912807,True,0.90176755,1773806341.0637372,394.9776,256.65143,18.03518,37.871265,1.4595628,395.0782313764994,253.86495889246152,669.17600651722,0.993866127935216,0.11051583765745102,1.4600533646695442,183.0782313764994,133.86495889246152,-1.9057855612675612,-1.4600533646695442,-0.03,-0.03,0.03,0.0,0.0,-0.014600533646695443
1773806341.1012218,True,0.87552917,1773806341.0954185,396.40164,259.40756,17.219955,37.26602,1.4669524,395.3429134703402,254.9734795651411,660.9389760464289,0.9940902097683217,0.10845829134590285,1.4621230954664055,183.3429134703402,134.9734795651411,-1.918171160824471,-1.4621230954664055,-0.03,-0.03,0.03,0.0,0.0,-0.014621230954664055
1773806341.1111505,True,0.87552917,1773806341.0954185,396.40164,259.40756,17.219955,37.26602,1.4669524,395.5546591454128,255.86029610328478,655.1730547168752,0.9942470670514958,0.10701800892781915,1.4635719090654964,183.5546591454128,135.86029610328478,-1.9269332693447134,-1.4635719090654964,-0.03,-0.03,0.03,0.0,0.0,-0.014635719090654965
1773806341.1212668,True,0.87552917,1773806341.0954185,396.40164,259.40756,17.219955,37.26602,1.4669524,395.72405568547094,256.56974933379973,651.1369097861876,0.9943568671497176,0.10600981123516057,1.464586075811036,183.72405568547094,136.56974933379973,-1.9331127487700108,-1.464586075811036,-0.03,-0.03,0.03,0.0,0.0,-0.014645860758110361
1773806341.1312962,True,0.87552917,1773806341.0954185,396.40164,259.40756,17.219955,37.26602,1.4669524,395.8595729175174,257.13731191821165,648.3116083347063,0.9944337272184729,0.10530407285029955,1.465295989879256,183.85957291751743,137.13731191821165,-1.9374612179307247,-1.465295989879256,-0.03,-0.03,0.03,0.0,0.0,-0.01465295989879256
1773806341.140822,True,0.880465,1773806341.132303,396.9305,262.14996,16.677647,38.2404,1.4638065,396.0737606289359,258.1398422103506,645.1460738323412,0.9943882231638896,0.10574859641616835,1.4648491439803766,184.07376062893587,138.1398422103506,-1.942355913545444,-1.4648491439803766,-0.03,-0.03,0.03,0.0,0.0,-0.014648491439803766
1773806341.1508732,True,0.880465,1773806341.132303,396.9305,262.14996,16.677647,38.2404,1.4638065,396.24511079807064,258.9418664440617,642.9301996806857,0.9943563703256814,0.1060597629122765,1.4645363527759185,184.24511079807064,138.9418664440617,-1.9457965115645641,-1.4645363527759185,-0.03,-0.03,0.03,0.0,0.0,-0.014645363527759185
1773806341.1610322,True,0.880465,1773806341.132303,396.9305,262.14996,16.677647,38.2404,1.4638065,396.3821909333784,259.58348583103066,641.3790877745269,0.9943340733389355,0.10627757945955221,1.4643173994239056,184.3821909333784,139.58348583103066,-1.9482119930618635,-1.4643173994239056,-0.03,-0.03,0.03,0.0,0.0,-0.014643173994239056
1773806341.1707156,True,0.8903247,1773806341.1610322,398.2501,264.68173,19.139263,37.801754,1.4414577,396.75577105724966,260.60313510037145,666.0146839519344,0.9935280772290733,0.11308778777343476,1.4574596597803668,184.75577105724966,140.60313510037145,-1.9105209574851973,-1.4574596597803668,-0.03,-0.03,0.03,0.0,0.0,-0.014574596597803668
1773806341.1809397,True,0.8903247,1773806341.1610322,398.2501,264.68173,19.139263,37.801754,1.4414577,397.05463515634665,261.41885451584403,683.2596012761197,0.9929638799521698,0.11785493359315254,1.4526589536699597,185.05463515634665,141.41885451584403,-1.8849577986872845,-1.4526589536699597,-0.03,-0.03,0.03,0.0,0.0,-0.014526589536699597
1773806341.1912098,True,0.8903247,1773806341.1610322,398.2501,264.68173,19.139263,37.801754,1.4414577,397.29372643562425,262.0714300482221,695.3310434030494,0.9925689418583373,0.12119193566695498,1.4492984553917387,185.29372643562425,142.0714300482221,-1.8674446221554308,-1.4492984553917387,-0.03,-0.03,0.03,0.0,0.0,-0.014492984553917388
1773806341.2008605,True,0.8974048,1773806341.195344,397.9836,267.14044,18.45097,37.106903,1.4724824,397.4317035606088,263.08523241748395,692.1292279407284,0.9933495837609427,0.11428102987450575,1.4562537678757563,185.4317035606088,143.08523241748395,-1.8720599919964394,-1.4562537678757563,-0.03,-0.03,0.03,0.0,0.0,-0.014562537678757564
1773806341.2112837,True,0.8974048,1773806341.195344,397.9836,267.14044,18.45097,37.106903,1.4724824,397.5420852605965,263.8962743128934,689.8879571171036,0.9938960330927666,0.10944339581979129,1.4611226453278936,185.54208526059648,143.8962743128934,-1.8753034723420312,-1.4611226453278936,-0.03,-0.03,0.03,0.0,0.0,-0.014611226453278937
1773806341.2208536,True,0.8974048,1773806341.195344,397.9836,267.14044,18.45097,37.106903,1.4724824,397.6303906205866,264.54510782922097,688.3190675405663,0.9942785476250433,0.10605705198149118,1.4645307940808456,185.63039062058658,144.54510782922097,-1.87758018436882,-1.4645307940808456,-0.03,-0.03,0.03,0.0,0.0,-0.014645307940808457
1773806341.2309904,True,0.8773178,1773806341.2274857,398.4798,268.6541,17.387241,36.895096,1.4630479,397.80027196912556,265.36690901728304,674.2745191533963,0.9942552077608794,0.10650196556893854,1.4640858892798656,185.80027196912556,145.36690901728304,-1.8981953493224255,-1.4640858892798656,-0.03,-0.03,0.03,0.0,0.0,-0.014640858892798656
1773806341.241029,True,0.8773178,1773806341.2274857,398.4798,268.6541,17.387241,36.895096,1.4630479,397.9361770479567,266.0243499677327,664.4433352823773,0.9942388698559647,0.10681340508015169,1.4637744687108685,185.93617704795668,146.0243499677327,-1.912883075458805,-1.4637744687108685,-0.03,-0.03,0.03,0.0,0.0,-0.014637744687108685
1773806341.2510767,True,0.8773178,1773806341.2274857,398.4798,268.6541,17.387241,36.895096,1.4630479,398.04490111102166,266.5503027280924,657.561506572664,0.9942274333225243,0.1070314127380009,1.4635564806176466,186.04490111102166,146.5503027280924,-1.9232943699635365,-1.4635564806176466,-0.03,-0.03,0.03,0.0,0.0,-0.014635564806176466
1773806341.2611175,True,0.8773178,1773806341.2274857,398.4798,268.6541,17.387241,36.895096,1.4630479,398.1318803614736,266.9710649363802,652.7442264758647,0.9942194277491161,0.10718401809849534,1.4634038920546182,186.13188036147358,146.97106493638017,-1.9306473131422808,-1.4634038920546182,-0.03,-0.03,0.03,0.0,0.0,-0.014634038920546183
1773806341.2708564,True,0.8920562,1773806341.2611175,399.49515,270.7239,16.470129,37.556652,1.4732261,398.4045338301945,267.72163344324474,642.4898367069334,0.9945267386943945,0.10425346846588071,1.466350572841589,186.4045338301945,147.72163344324474,-1.9464816774691152,-1.466350572841589,-0.03,-0.03,0.03,0.0,0.0,-0.01466350572841589
1773806341.280999,True,0.8920562,1773806341.2611175,399.49515,270.7239,16.470129,37.556652,1.4732261,398.62265660517124,268.32208824873646,635.3117638686815,0.9947418563560894,0.10220208372305047,1.4684132520549926,186.62265660517124,148.32208824873646,-1.9577168306281132,-1.4684132520549926,-0.03,-0.03,0.03,0.0,0.0,-0.014684132520549927
1773806341.2910242,True,0.8920562,1773806341.2611175,399.49515,270.7239,16.470129,37.556652,1.4732261,398.79715482515263,268.8024520931298,630.2871128819052,0.9948924387192758,0.1007661144030693,1.4698571179180935,186.79715482515263,148.80245209312977,-1.9656572254551832,-1.4698571179180935,-0.03,-0.03,0.03,0.0,0.0,-0.014698571179180935
1773806341.3011343,True,0.9038074,1773806341.296545,399.5519,272.08875,16.793638,37.63748,1.4599385,398.94810594020026,269.4597106979413,630.8220544567866,0.994583176418709,0.10372554303882564,1.4668815173630243,186.94810594020026,149.45971069794132,-1.964808858603494,-1.4668815173630243,-0.03,-0.03,0.03,0.0,0.0,-0.014668815173630244
1773806341.311109,True,0.9038074,1773806341.296545,399.5519,272.08875,16.793638,37.63748,1.4599385,399.06886683223837,269.9855175817906,631.1965135592037,0.9943666928083121,0.10579714308385507,1.4647985916482025,187.06886683223837,149.9855175817906,-1.964215429754036,-1.4647985916482025,-0.03,-0.03,0.03,0.0,0.0,-0.014647985916482024
1773806341.3213325,True,0.9038074,1773806341.296545,399.5519,272.08875,16.793638,37.63748,1.4599385,399.16547554586884,270.40616308887,631.4586349308956,0.9942151542810342,0.10724726311537566,1.4633405522527354,187.16547554586884,150.40616308887002,-1.9638002389938813,-1.4633405522527354,-0.03,-0.03,0.03,0.0,0.0,-0.014633405522527355
1773806341.3313398,True,0.902296,1773806341.3273387,399.83075,273.4126,17.097443,38.14184,1.4614959,399.29853033903885,271.00745000234605,637.6594233578769,0.9941604030272931,0.10779796993802535,1.4627871429241175,187.29853033903885,151.00745000234605,-1.9540283541340915,-1.4627871429241175,-0.03,-0.03,0.03,0.0,0.0,-0.014627871429241174
1773806341.3409486,True,0.902296,1773806341.3273387,399.83075,273.4126,17.097443,38.14184,1.4614959,399.4049741735749,271.48847953312685,641.9999752567638,0.9941220771496744,0.10818346471388013,1.4623997596230083,187.40497417357489,151.48847953312685,-1.9472444106093172,-1.4623997596230083,-0.03,-0.03,0.03,0.0,0.0,-0.014623997596230082
1773806341.3509889,True,0.902296,1773806341.3273387,399.83075,273.4126,17.097443,38.14184,1.4614959,399.4901292412037,271.8733031577515,645.0383615859846,0.9940952490353412,0.10845331105697847,1.46212859296653,187.4901292412037,151.87330315775148,-1.9425228854041179,-1.46212859296653,-0.03,-0.03,0.03,0.0,0.0,-0.0146212859296653
1773806341.3615253,True,0.8910103,1773806341.3605201,400.13272,275.42792,17.894123,37.64943,1.4538708,399.61864758241614,272.58422602229496,653.6379187840173,0.9938182719047568,0.11091511052050193,1.4596512441031821,187.61864758241614,152.58422602229496,-1.9292791186200149,-1.4596512441031821,-0.03,-0.03,0.03,0.0,0.0,-0.014596512441031821
1773806341.3711443,True,0.8910103,1773806341.3605201,400.13272,275.42792,17.894123,37.64943,1.4538708,399.7214622553861,273.1529643139297,659.6576088226402,0.9936243879133477,0.11263837014496834,1.4579170915619077,187.7214622553861,153.15296431392971,-1.9201117498591447,-1.4579170915619077,-0.03,-0.03,0.03,0.0,0.0,-0.014579170915619078
1773806341.3811557,True,0.8910103,1773806341.3605201,400.13272,275.42792,17.894123,37.64943,1.4538708,399.803713993762,273.60795494723754,663.8713918496762,0.9934886691193614,0.11384465188209483,1.4567031871698157,187.80371399376202,153.60795494723754,-1.9137442320151006,-1.4567031871698157,-0.03,-0.03,0.03,0.0,0.0,-0.014567031871698157
1773806341.3910375,True,0.8910103,1773806341.3605201,400.13272,275.42792,17.894123,37.64943,1.4538708,399.8695153844628,273.9719474538838,666.8210399686014,0.9933936659635709,0.11468904909808338,1.4558534574847304,187.86951538446277,153.97194745388379,-1.9093109717374042,-1.4558534574847304,-0.03,-0.03,0.03,0.0,0.0,-0.014558534574847305
1773806341.400764,True,0.8892965,1773806341.394559,400.58875,276.61713,17.33324,37.57575,1.4515747,400.01336133100773,274.50098325607576,662.1675807612241,0.9932460203341736,0.11596415801473214,1.454569819353114,188.01336133100773,154.50098325607576,-1.9163140087128792,-1.454569819353114,-0.03,-0.03,0.03,0.0,0.0,-0.01454569819353114
1773806341.4111545,True,0.8892965,1773806341.394559,400.58875,276.61713,17.33324,37.57575,1.4515747,400.12843808824374,274.92421189782937,658.91015931606,0.9931426683935956,0.11685673425638626,1.4536712742706042,188.12843808824374,154.92421189782937,-1.9212454793567133,-1.4536712742706042,-0.03,-0.03,0.03,0.0,0.0,-0.014536712742706043
1773806341.4212036,True,0.8892965,1773806341.394559,400.58875,276.61713,17.33324,37.57575,1.4515747,400.22049949403254,275.26279481123225,656.6299643044451,0.9930703220351909,0.11748153762554414,1.4530422944018666,188.22049949403254,155.26279481123225,-1.9247120361786632,-1.4530422944018666,-0.03,-0.03,0.03,0.0,0.0,-0.014530422944018666
1773806341.431016,True,0.8897946,1773806341.4290133,401.19843,278.0637,16.900589,38.246956,1.48061,400.4160846538198,275.82297388609516,653.5597921517834,0.9939300164585552,0.10925630854651346,1.4613123439336482,188.41608465381978,155.82297388609516,-1.9293986516205293,-1.4613123439336482,-0.03,-0.03,0.03,0.0,0.0,-0.014613123439336483
1773806341.440928,True,0.8897946,1773806341.4290133,401.19843,278.0637,16.900589,38.246956,1.48061,400.5725527816496,276.2711171459855,651.4106716449203,0.9945318025549104,0.10349864819119198,1.4671018808078051,188.57255278164962,156.2711171459855,-1.9326924004208736,-1.4671018808078051,-0.03,-0.03,0.03,0.0,0.0,-0.014671018808078052
1773806341.4510412,True,0.8897946,1773806341.4290133,401.19843,278.0637,16.900589,38.246956,1.48061,400.6977272839135,276.6296317538978,649.906287290116,0.9949530528223589,0.09946828594246694,1.4711545618974762,188.69772728391348,156.6296317538978,-1.9350044966625335,-1.4711545618974762,-0.03,-0.03,0.03,0.0,0.0,-0.014711545618974762
1773806341.461067,True,0.8897946,1773806341.4290133,401.19843,278.0637,16.900589,38.246956,1.48061,400.79786688572455,276.9164434402276,648.853218241753,0.995247928009573,0.09664703236835942,1.4739913586446167,188.79786688572455,156.91644344022762,-1.936626150671077,-1.4739913586446167,-0.03,-0.03,0.03,0.0,0.0,-0.014739913586446168
1773806341.4707665,True,0.9063807,1773806341.4620788,401.19528,279.1644,17.30779,38.465588,1.4649674,400.877349905064,277.366034390854,653.9235528180552,0.9949951517431451,0.09934237987543668,1.4712840388196926,188.87734990506402,157.366034390854,-1.9288422228490933,-1.4712840388196926,-0.03,-0.03,0.03,0.0,0.0,-0.014712840388196926
1773806341.481091,True,0.9063807,1773806341.4620788,401.19528,279.1644,17.30779,38.465588,1.4649674,400.9409363205356,277.7257071513551,657.4727870214667,0.9948182083566457,0.10122912313039076,1.4693889649425345,188.94093632053563,157.7257071513551,-1.9234293011235284,-1.4693889649425345,-0.03,-0.03,0.03,0.0,0.0,-0.014693889649425345
1773806341.4911606,True,0.9063807,1773806341.4620788,401.19528,279.1644,17.30779,38.465588,1.4649674,400.9918054529129,278.01344535975596,659.9572509638548,0.994694347986096,0.10254984340885862,1.4680624461736187,188.9918054529129,158.01344535975596,-1.9196576141025756,-1.4680624461736187,-0.03,-0.03,0.03,0.0,0.0,-0.014680624461736187
1773806341.5008645,True,0.90810823,1773806341.496886,401.60074,280.79898,17.66226,39.666134,1.4441128,401.11359206740843,278.5705524303829,672.1481457430577,0.9938819531454581,0.10968838120193666,1.4608775702624421,189.11359206740843,158.57055243038292,-1.9013539045571004,-1.4608775702624421,-0.03,-0.03,0.03,0.0,0.0,-0.014608775702624421
1773806341.5113697,True,0.90810823,1773806341.496886,401.60074,280.79898,17.66226,39.666134,1.4441128,401.21102135900486,279.01623808688447,680.6817720884998,0.9933132767570116,0.11468535765709129,1.4558479042455723,189.21102135900486,159.01623808688447,-1.8887377738494735,-1.4558479042455723,-0.03,-0.03,0.03,0.0,0.0,-0.014558479042455724
1773806341.5213954,True,0.90810823,1773806341.496886,401.60074,280.79898,17.66226,39.666134,1.4441128,401.288964792282,279.37278661208575,686.6553105303092,0.9929152032850991,0.11818324117569953,1.452327172017289,189.288964792282,159.37278661208575,-1.8800002408423058,-1.452327172017289,-0.03,-0.03,0.03,0.0,0.0,-0.01452327172017289
1773806341.5311463,True,0.90854484,1773806341.5281484,402.19604,281.5286,18.330029,37.975094,1.463641,401.4703808182006,279.80394828380923,689.4840774786383,0.9933199516130272,0.11481336872133018,1.4557214951103656,189.47038081820062,159.80394828380923,-1.8758890716435648,-1.4557214951103656,-0.03,-0.03,0.03,0.0,0.0,-0.014557214951103657
1773806341.5409894,True,0.90854484,1773806341.5281484,402.19604,281.5286,18.330029,37.975094,1.463641,401.6155136389355,280.14887762118803,691.4642143424686,0.993603275442577,0.11245445800327163,1.4580974647751008,189.6155136389355,160.14887762118803,-1.873021276762826,-1.4580974647751008,-0.03,-0.03,0.03,0.0,0.0,-0.014580974647751009
1773806341.5510643,True,0.90854484,1773806341.5281484,402.19604,281.5286,18.330029,37.975094,1.463641,401.7316198955234,280.4248210910911,692.8503101471498,0.9938016021232617,0.11080322050063064,1.4597605992110583,189.7316198955234,160.42482109109108,-1.8710187025741107,-1.4597605992110583,-0.03,-0.03,0.03,0.0,0.0,-0.014597605992110583
1773806341.5608888,True,0.90854484,1773806341.5281484,402.19604,281.5286,18.330029,37.975094,1.463641,401.8245049007937,280.6455758670135,693.8205772104267,0.9939404307997411,0.10964735424878196,1.4609247658867979,189.82450490079373,160.64557586701352,-1.8696192829562785,-1.4609247658867979,-0.03,-0.03,0.03,0.0,0.0,-0.01460924765886798
1773806341.570994,True,0.89893204,1773806341.5613935,402.2319,282.71686,18.22543,38.275932,1.4569213,401.9059845358694,281.05983227564207,694.9530051215174,0.9938152756807267,0.11084185839106395,1.459723713558462,189.90598453586938,161.05983227564207,-1.8679884510100457,-1.459723713558462,-0.03,-0.03,0.03,0.0,0.0,-0.01459723713558462
1773806341.5809476,True,0.89893204,1773806341.5613935,402.2319,282.71686,18.22543,38.275932,1.4569213,401.9711682439299,281.3912374025449,695.7457046592809,0.9937276670974166,0.11167801129066132,1.4588829881854943,189.97116824392992,161.3912374025449,-1.8668484490555777,-1.4588829881854943,-0.03,-0.03,0.03,0.0,0.0,-0.014588829881854944
1773806341.59097,True,0.89893204,1773806341.5613935,402.2319,282.71686,18.22543,38.275932,1.4569213,402.0233152103783,281.65636150406715,696.3005943357153,0.9936663410890995,0.1122633183203795,1.458294486677632,190.0233152103783,161.65636150406715,-1.8660512202475636,-1.458294486677632,-0.03,-0.03,0.03,0.0,0.0,-0.01458294486677632
1773806341.6016543,True,0.9007798,1773806341.5949776,401.77246,283.55954,18.358192,38.69506,1.4531976,401.9731443558027,282.0369971622381,700.5218357127351,0.993494409199454,0.11378268118427703,1.4567654091406563,189.97314435580267,162.0369971622381,-1.8600071388572736,-1.4567654091406563,-0.03,-0.03,0.03,0.0,0.0,-0.014567654091406564
1773806341.610986,True,0.9007798,1773806341.5949776,401.77246,283.55954,18.358192,38.69506,1.4531976,401.93300767214214,282.3415056887749,703.476704676649,0.993374056876702,0.11484623518900532,1.455695058194725,189.93300767214214,162.34150568877487,-1.8557979132182587,-1.455695058194725,-0.03,-0.03,0.03,0.0,0.0,-0.01455695058194725
1773806341.6208146,True,0.9007798,1773806341.5949776,401.77246,283.55954,18.358192,38.69506,1.4531976,401.90089832521375,282.5851125100043,705.5451129513885,0.9932898102507757,0.11559072299231511,1.454945815686012,189.90089832521375,162.5851125100043,-1.8528619618587614,-1.454945815686012,-0.03,-0.03,0.03,0.0,0.0,-0.01454945815686012
1773806341.6313515,True,0.9003989,1773806341.6293588,401.74744,284.3496,18.480421,39.216408,1.4563657,401.87020596485854,282.93801188300347,711.3022943980031,0.9933408544243869,0.11516782197828596,1.4553717844088339,189.87020596485854,162.93801188300347,-1.8447351683837627,-1.4553717844088339,-0.03,-0.03,0.03,0.0,0.0,-0.014553717844088338
1773806341.6410198,True,0.9003989,1773806341.6293588,401.74744,284.3496,18.480421,39.216408,1.4563657,401.84565207657437,283.2203313814028,715.3323214106334,0.9933765853459147,0.11487179126846554,1.4556699615103574,189.84565207657437,163.2203313814028,-1.839085455853886,-1.4556699615103574,-0.03,-0.03,0.03,0.0,0.0,-0.014556699615103575
1773806341.6511753,True,0.9003989,1773806341.6293588,401.74744,284.3496,18.480421,39.216408,1.4563657,401.82600896594704,283.44618698012226,718.1533403194746,0.9934015969909842,0.11466456977159126,1.455878684956345,189.82600896594704,163.44618698012226,-1.8351495636075774,-1.455878684956345,-0.03,-0.03,0.03,0.0,0.0,-0.01455878684956345
1773806341.6609502,True,0.9003989,1773806341.6293588,401.74744,284.3496,18.480421,39.216408,1.4563657,401.81029447744515,283.6268714590978,720.1280535556634,0.9934191051425327,0.11451951472377926,1.4560247910999635,189.81029447744515,163.6268714590978,-1.832403627401487,-1.4560247910999635,-0.03,-0.03,0.03,0.0,0.0,-0.014560247910999635
1773806341.6708853,True,0.8927194,1773806341.6609502,400.11102,285.27756,18.612757,37.823433,1.4643768,401.4704401717999,283.9570086418876,715.2891431041987,0.9936962091000898,0.11202928963466627,1.458530391076712,189.4704401717999,163.95700864188763,-1.8391458188604797,-1.458530391076712,-0.03,-0.03,0.03,0.0,0.0,-0.01458530391076712
1773806341.6809578,True,0.8927194,1773806341.6609502,400.11102,285.27756,18.612757,37.823433,1.4643768,401.1985567272837,284.2211183881195,711.9019057881734,0.9938901818703798,0.11028613207228716,1.4602843237291308,189.1985567272837,164.22111838811952,-1.8438925466073945,-1.4602843237291308,-0.03,-0.03,0.03,0.0,0.0,-0.014602843237291307
1773806341.6912172,True,0.8927194,1773806341.6609502,400.11102,285.27756,18.612757,37.823433,1.4643768,400.9810499716707,284.43240618510504,709.5308396669557,0.9940259628095828,0.10906592177862179,1.4615120760976141,188.9810499716707,164.43240618510504,-1.8472287133419292,-1.4615120760976141,-0.03,-0.03,0.03,0.0,0.0,-0.014615120760976142
1773806341.7010446,True,0.8877512,1773806341.700038,399.09235,285.65622,17.94164,37.357506,1.4606816,400.6033092156178,284.6771688445684,697.7480709211658,0.9940012216415345,0.10931385792505084,1.4612629190895905,188.6033092156178,164.67716884456843,-1.8639745680592865,-1.4612629190895905,-0.03,-0.03,0.03,0.0,0.0,-0.014612629190895905
1773806341.71126,True,0.8877512,1773806341.700038,399.09235,285.65622,17.94164,37.357506,1.4606816,400.3011166107755,284.87297897213915,689.5001327991129,0.9939839028239007,0.10948741322755118,1.4610885099263793,188.30111661077552,164.87297897213915,-1.875865785923024,-1.4610885099263793,-0.03,-0.03,0.03,0.0,0.0,-0.014610885099263794
1773806341.7208612,True,0.8877512,1773806341.700038,399.09235,285.65622,17.94164,37.357506,1.4606816,400.0593625269017,285.02962707419573,683.7265761136758,0.993971779651557,0.10960890193930141,1.460966423882492,188.05936252690168,165.02962707419573,-1.8842745805780676,-1.460966423882492,-0.03,-0.03,0.03,0.0,0.0,-0.01460966423882492
1773806341.7314043,True,0.878983,1773806341.7298925,398.59875,285.64572,17.48993,37.240143,1.4630029,399.7672409980839,285.15284594646596,674.0068393635574,0.9940390199612712,0.10900166488864463,1.461577373925559,187.76724099808388,165.15284594646596,-1.898592417473913,-1.461577373925559,-0.03,-0.03,0.03,0.0,0.0,-0.014615773739255591
1773806341.7410526,True,0.878983,1773806341.7298925,398.59875,285.64572,17.48993,37.240143,1.4630029,399.53354377502967,285.25142104428215,667.2030236384745,0.9940860881780711,0.10857659895318489,1.4620050385105317,187.53354377502967,165.25142104428215,-1.9087382928918968,-1.4620050385105317,-0.03,-0.03,0.03,0.0,0.0,-0.014620050385105316
1773806341.751178,True,0.878983,1773806341.7298925,398.59875,285.64572,17.48993,37.240143,1.4630029,399.34658599658627,285.3302811225351,662.4403526309164,0.9941190359298311,0.10827905279836306,1.462304403404808,187.34658599658627,165.3302811225351,-1.915902155715971,-1.462304403404808,-0.03,-0.03,0.03,0.0,0.0,-0.01462304403404808
1773806341.7614002,True,0.8809913,1773806341.7603896,398.5244,285.37872,17.433933,37.002945,1.4585911,399.18215160976905,285.33996952693434,657.2403086092196,0.9939968038562361,0.10938631512550163,1.4611904130008617,187.18215160976905,165.33996952693434,-1.923782957621578,-1.4611904130008617,-0.03,-0.03,0.03,0.0,0.0,-0.014611904130008617
1773806341.770972,True,0.8809913,1773806341.7603896,398.5244,285.37872,17.433933,37.002945,1.4585911,399.05060410031524,285.34772025045373,653.6002777940319,0.9939112414047196,0.11016139875449864,1.4604106190512396,187.05060410031524,165.34772025045373,-1.9293367071912397,-1.4604106190512396,-0.03,-0.03,0.03,0.0,0.0,-0.014604106190512396
1773806341.7813556,True,0.8809913,1773806341.7603896,398.5244,285.37872,17.433933,37.002945,1.4585911,398.9453660927522,285.3539208292692,651.0522562234004,0.9938513476886581,0.11070395729479654,1.459864763548195,186.94536609275218,165.3539208292692,-1.9332427660748943,-1.459864763548195,-0.03,-0.03,0.03,0.0,0.0,-0.01459864763548195
1773806341.7914045,True,0.8809913,1773806341.7603896,398.5244,285.37872,17.433933,37.002945,1.4585911,398.86117568670176,285.3588812923216,649.2686411239583,0.9938094220874151,0.11108374827300507,1.4594826650261308,186.86117568670176,165.3588812923216,-1.9359861138465067,-1.4594826650261308,-0.03,-0.03,0.03,0.0,0.0,-0.014594826650261308
1773806341.8010964,True,0.8797627,1773806341.7934887,398.4762,284.9488,18.272446,36.85235,1.4580016,398.7841798071739,285.27686333463856,656.5028009840364,0.9937602208271195,0.11152533100689771,1.459038349146022,186.78417980717393,165.27686333463856,-1.92490571548386,-1.459038349146022,-0.03,-0.03,0.03,0.0,0.0,-0.01459038349146022
1773806341.8108585,True,0.8797627,1773806341.7934887,398.4762,284.9488,18.272446,36.85235,1.4580016,398.72258310355164,285.2112489684921,661.5667128860911,0.9937257799449125,0.11183443892062256,1.458727328206366,186.72258310355164,165.2112489684921,-1.9172218463647173,-1.458727328206366,-0.03,-0.03,0.03,0.0,0.0,-0.01458727328206366
1773806341.8213868,True,0.8797627,1773806341.7934887,398.4762,284.9488,18.272446,36.85235,1.4580016,398.6733057406538,285.15875747557493,665.1114512175293,0.9937016713273678,0.11205081446022995,1.45850961367239,186.6733057406538,165.15875747557493,-1.9118780533293334,-1.45850961367239,-0.03,-0.03,0.03,0.0,0.0,-0.014585096136723902
1773806341.830897,True,0.8797627,1773806341.7934887,398.4762,284.9488,18.272446,36.85235,1.4580016,398.63388385033556,285.1167642812412,667.5927680495361,0.9936847952950864,0.11220227733795513,1.458357213572067,186.63388385033556,165.11676428124122,-1.9081543167892379,-1.458357213572067,-0.03,-0.03,0.03,0.0,0.0,-0.01458357213572067
1773806341.8409286,True,0.8879082,1773806341.830897,398.36526,284.84402,17.99556,37.24661,1.4601413,398.5801600587841,285.0622163566336,668.397005505769,0.9937445498447814,0.11167039732725659,1.4588924399878764,186.5801600587841,165.0622163566336,-1.9069503591403125,-1.4588924399878764,-0.03,-0.03,0.03,0.0,0.0,-0.014588924399878765
1773806341.8509612,True,0.8879082,1773806341.830897,398.36526,284.84402,17.99556,37.24661,1.4601413,398.5371810255429,285.0185780169475,668.959971725132,0.9937863780295679,0.11129808131976762,1.4592670985064202,186.5371810255429,165.01857801694752,-1.906108450417061,-1.4592670985064202,-0.03,-0.03,0.03,0.0,0.0,-0.014592670985064202
1773806341.861015,True,0.8879082,1773806341.830897,398.36526,284.84402,17.99556,37.24661,1.4601413,398.50279779895,284.9836673451987,669.3540480786861,0.9938156577589186,0.11103746011452534,1.4595293594176,186.50279779894998,164.98366734519868,-1.9055195357690604,-1.4595293594176,-0.03,-0.03,0.03,0.0,0.0,-0.014595293594176
1773806341.871163,True,0.8952737,1773806341.861015,398.2743,284.44208,18.19297,36.660576,1.4641708,398.45709663759754,284.8753494035027,668.6372684695334,0.9939672254852374,0.10965329922225989,1.4609217948068327,186.45709663759754,164.8753494035027,-1.9065909622706478,-1.4609217948068327,-0.03,-0.03,0.03,0.0,0.0,-0.014609217948068328
1773806341.8808138,True,0.8952737,1773806341.861015,398.2743,284.44208,18.19297,36.660576,1.4641708,398.42053570851556,284.7886950501459,668.1355227431264,0.9940733228936606,0.10868438659767407,1.4618965017637997,186.42053570851556,164.78869505014592,-1.9073416444408227,-1.4618965017637997,-0.03,-0.03,0.03,0.0,0.0,-0.014618965017637998
1773806341.891531,True,0.8952737,1773806341.861015,398.2743,284.44208,18.19297,36.660576,1.4641708,398.39128696525,284.7193715674605,667.7843007346416,0.9941475910795567,0.108006147760464,1.4625787965548906,186.39128696525,164.71937156746048,-1.9078674574580479,-1.4625787965548906,-0.03,-0.03,0.03,0.0,0.0,-0.014625787965548906
1773806341.9007945,True,0.8958381,1773806341.895053,398.30484,284.02307,18.045496,36.506016,1.4557167,398.3739975897781,284.5801115117809,665.0797600259679,0.9939190080365068,0.11005203140272349,1.4605201770864178,186.37399758977813,164.5801115117809,-1.9119257024060967,-1.4605201770864178,-0.03,-0.03,0.03,0.0,0.0,-0.014605201770864178
1773806341.9116647,True,0.8958381,1773806341.895053,398.30484,284.02307,18.045496,36.506016,1.4557167,398.36016608940065,284.4687034672372,663.1865815298962,0.9937589999063718,0.11148414995230514,1.4590791374242418,186.36016608940065,164.46870346723722,-1.9147763050583346,-1.4590791374242418,-0.03,-0.03,0.03,0.0,0.0,-0.014590791374242419
1773806341.9211838,True,0.8958381,1773806341.895053,398.30484,284.02307,18.045496,36.506016,1.4557167,398.3491008890987,284.3795770316023,661.8613565826461,0.9936469942152772,0.1124866329370123,1.4580704104175601,186.34910088909868,164.3795770316023,-1.9167765728992066,-1.4580704104175601,-0.03,-0.03,0.03,0.0,0.0,-0.014580704104175602
1773806341.9310691,True,0.90162665,1773806341.9290578,397.90894,283.6501,17.749325,36.886337,1.4592313,398.261067820654,284.2336787151256,659.7152237777741,0.9936878169667483,0.11214077585131893,1.4584186660144351,186.26106782065398,164.23367871512562,-1.9200244129764275,-1.4584186660144351,-0.03,-0.03,0.03,0.0,0.0,-0.014584186660144351
1773806341.941279,True,0.90162665,1773806341.9290578,397.90894,283.6501,17.749325,36.886337,1.4592313,398.1906413658982,284.11696006194427,658.2129308143637,0.9937163928927781,0.11189867589133357,1.4586624441994318,186.19064136589822,164.11696006194427,-1.9223041937199286,-1.4586624441994318,-0.03,-0.03,0.03,0.0,0.0,-0.014586624441994319
1773806341.951092,True,0.90162665,1773806341.9290578,397.90894,283.6501,17.749325,36.886337,1.4592313,398.1343002020936,284.0235851393992,657.1613257399764,0.993736396040999,0.1117292059193438,1.4588330885518728,186.13430020209358,164.0235851393992,-1.9239031383445382,-1.4588330885518728,-0.03,-0.03,0.03,0.0,0.0,-0.014588330885518728
1773806341.961152,True,0.90162665,1773806341.9290578,397.90894,283.6501,17.749325,36.886337,1.4592313,398.0892272710499,283.9488852013631,656.4252021879053,0.9937503982447535,0.11161057693895096,1.4589525394076575,186.08922727104988,163.9488852013631,-1.9250239227214756,-1.4589525394076575,-0.03,-0.03,0.03,0.0,0.0,-0.014589525394076574
1773806341.9710865,True,0.8949999,1773806341.9631617,398.00845,283.10294,18.039192,36.499954,1.467641,398.0730724906681,283.77969531929364,657.0265477815336,0.9940305403199696,0.10901914838693628,1.4615590701389445,186.0730724906681,163.77969531929364,-1.9241082505079221,-1.4615590701389445,-0.03,-0.03,0.03,0.0,0.0,-0.014615590701389444
1773806341.9811141,True,0.8949999,1773806341.9631617,398.00845,283.10294,18.039192,36.499954,1.467641,398.0601486663626,283.64434341363807,657.4474896970735,0.9942266397726209,0.107205148400526,1.4633836563068296,186.06014866636258,163.64434341363807,-1.9234677784743524,-1.4633836563068296,-0.03,-0.03,0.03,0.0,0.0,-0.014633836563068298
1773806341.9911554,True,0.8949999,1773806341.9631617,398.00845,283.10294,18.039192,36.499954,1.467641,398.0498096069182,283.53606188911357,657.7421490379514,0.9943639093894768,0.10593534841003881,1.4646608662676979,186.0498096069182,163.53606188911357,-1.923019691997498,-1.4646608662676979,-0.03,-0.03,0.03,0.0,0.0,-0.01464660866267698
1773806342.0006924,True,0.9005212,1773806341.9981782,398.2738,282.05466,18.032211,36.883053,1.4631155,398.09460842772205,283.23978090777524,659.944406670316,0.9943171409589993,0.1063966130894197,1.4641972396151346,186.09460842772205,163.23978090777524,-1.9196770766033837,-1.4641972396151346,-0.03,-0.03,0.03,0.0,0.0,-0.014641972396151346
1773806342.011237,True,0.9005212,1773806341.9981782,398.2738,282.05466,18.032211,36.883053,1.4631155,398.13044748436516,283.00275612270457,661.4859870129711,0.994284403057665,0.10671949836498631,1.463872702366805,186.13044748436516,163.00275612270457,-1.9173438760816384,-1.463872702366805,-0.03,-0.03,0.03,0.0,0.0,-0.01463872702366805
1773806342.0212584,True,0.9005212,1773806341.9981782,398.2738,282.05466,18.032211,36.883053,1.4631155,398.1591187296797,282.813136294648,662.5650932528297,0.994261486526731,0.10694551805788294,1.463645527025538,186.15911872967968,162.81313629464802,-1.9157138687581032,-1.463645527025538,-0.03,-0.03,0.03,0.0,0.0,-0.01463645527025538
1773806342.0314462,True,0.9005212,1773806341.9981782,398.2738,282.05466,18.032211,36.883053,1.4631155,398.18205572593126,282.6614404322028,663.3204676207308,0.994245444955077,0.10710373184291058,1.463486504660155,186.18205572593126,162.66144043220282,-1.9145744424427158,-1.463486504660155,-0.03,-0.03,0.03,0.0,0.0,-0.014634865046601551
1773806342.0410728,True,0.8871178,1773806342.034455,398.16382,280.65225,17.320065,36.493225,1.4602193,398.17840825262005,282.2596027852154,653.9438280669334,0.9941395865173712,0.10807816956427588,1.4625063313177016,186.17840825262005,162.2596027852154,-1.9288112177958652,-1.4625063313177016,-0.03,-0.03,0.03,0.0,0.0,-0.014625063313177016
1773806342.051107,True,0.8871178,1773806342.034455,398.16382,280.65225,17.320065,36.493225,1.4602193,398.1754902739711,281.93813266762544,647.3801803792752,0.9940654856109771,0.10876027596923159,1.4618202099561817,186.1754902739711,161.93813266762544,-1.9388989489158064,-1.4618202099561817,-0.03,-0.03,0.03,0.0,0.0,-0.014618202099561817
1773806342.0611172,True,0.8871178,1773806342.034455,398.16382,280.65225,17.320065,36.493225,1.4602193,398.1731558910519,281.6809565735535,642.7856269979145,0.9940136149765012,0.10923775045270058,1.461339925393278,186.17315589105192,161.6809565735535,-1.9460214021358408,-1.461339925393278,-0.03,-0.03,0.03,0.0,0.0,-0.01461339925393278
1773806342.0712118,True,0.8898117,1773806342.0611172,397.95435,279.82718,17.33685,37.099396,1.450181,398.1293938534665,281.31020104985845,642.9059325508838,0.9936299664834126,0.11256334902033314,1.4579922647024106,186.12939385346652,161.31020104985845,-1.9458342568560465,-1.4579922647024106,-0.03,-0.03,0.03,0.0,0.0,-0.014579922647024107
1773806342.0810134,True,0.8898117,1773806342.0611172,397.95435,279.82718,17.33685,37.099396,1.450181,398.0943842233982,281.0135966309024,642.9901464379624,0.9933614125382506,0.11489126801767593,1.455648870408704,186.0943842233982,161.01359663090238,-1.9457032759959678,-1.455648870408704,-0.03,-0.03,0.03,0.0,0.0,-0.014556488704087042
1773806342.0910094,True,0.8898117,1773806342.0611172,397.95435,279.82718,17.33685,37.099396,1.450181,398.0663765193436,280.7763130957375,643.0490961589173,0.9931734247766373,0.11652081131581589,1.4540084947860201,186.06637651934358,160.77631309573752,-1.9456115996006544,-1.4540084947860201,-0.03,-0.03,0.03,0.0,0.0,-0.014540084947860202
1773806342.1007252,True,0.8837582,1773806342.0955765,397.6781,278.52872,16.09742,37.32524,1.4396665,397.9887213326624,280.3267938847932,630.3863936784296,0.992645836746183,0.12079087090881932,1.449705896191452,185.9887213326624,160.32679388479318,-1.9654997210796044,-1.449705896191452,-0.03,-0.03,0.03,0.0,0.0,-0.01449705896191452
1773806342.111146,True,0.8837582,1773806342.0955765,397.6781,278.52872,16.09742,37.32524,1.4396665,397.9265971833174,279.9671785160377,621.5225019420882,0.992276525124865,0.12377991262392171,1.4466940271232254,185.92659718331743,159.96717851603768,-1.9796605596029035,-1.4466940271232254,-0.03,-0.03,0.03,0.0,0.0,-0.014466940271232255
1773806342.121199,True,0.8837582,1773806342.0955765,397.6781,278.52872,16.09742,37.32524,1.4396665,397.87689786384146,279.6794862210333,615.3177777266492,0.9920180069899424,0.12587224182449339,1.4445857281556642,185.87689786384146,159.6794862210333,-1.9896938296507927,-1.4445857281556642,-0.03,-0.03,0.03,0.0,0.0,-0.014445857281556642
1773806342.130893,True,0.88294053,1773806342.1287408,397.3408,277.83057,16.162802,37.878742,1.462056,397.76967625005756,279.30970225807664,614.3904314692013,0.9926406844534923,0.12066840338257293,1.4498268508468042,185.76967625005756,159.30970225807664,-1.991202067826818,-1.4498268508468042,-0.03,-0.03,0.03,0.0,0.0,-0.014498268508468042
1773806342.1412432,True,0.88294053,1773806342.1287408,397.3408,277.83057,16.162802,37.878742,1.462056,397.68389895903044,279.0138750877113,613.7412890889877,0.9930765586779773,0.11702571647322862,1.4534957152653696,185.68389895903044,159.0138750877113,-1.9922591896807675,-1.4534957152653696,-0.03,-0.03,0.03,0.0,0.0,-0.014534957152653696
1773806342.1512182,True,0.88294053,1773806342.1287408,397.3408,277.83057,16.162802,37.878742,1.462056,397.61527712620875,278.77721335141905,613.2868894228383,0.9933816706351168,0.11447583563668759,1.4560638975549738,185.61527712620875,158.77721335141905,-1.9929998404577902,-1.4560638975549738,-0.03,-0.03,0.03,0.0,0.0,-0.014560638975549739
1773806342.1608908,True,0.88294053,1773806342.1287408,397.3408,277.83057,16.162802,37.878742,1.462056,397.56037965995137,278.58788396238526,612.9688096565336,0.9935952490051145,0.11269091905110887,1.4578615929636871,185.56037965995137,158.58788396238526,-1.99351862259055,-1.4578615929636871,-0.03,-0.03,0.03,0.0,0.0,-0.01457861592963687
1773806342.1709375,True,0.8731104,1773806342.1659093,398.39633,277.1133,15.935043,37.86334,1.4607067,397.72757008538304,278.29296952342384,610.0843496209015,0.9937005511262342,0.11184385575942771,1.458715148681605,185.72757008538304,158.29296952342384,-1.998235450083533,-1.458715148681605,-0.03,-0.03,0.03,0.0,0.0,-0.01458715148681605
1773806342.1811893,True,0.8731104,1773806342.1659093,398.39633,277.1133,15.935043,37.86334,1.4607067,397.8613224257283,278.0570379722547,608.0652275959592,0.9937742626110181,0.1112509114552509,1.4593126277020254,185.8613224257283,158.0570379722547,-2.001550517316375,-1.4593126277020254,-0.03,-0.03,0.03,0.0,0.0,-0.014593126277020254
1773806342.1913114,True,0.8731104,1773806342.1659093,398.39633,277.1133,15.935043,37.86334,1.4607067,397.9683242980045,277.8682927313194,606.6518421784995,0.9938258606503667,0.11083585044232713,1.4597308578604968,185.96832429800452,157.8682927313194,-2.0038776206237494,-1.4597308578604968,-0.03,-0.03,0.03,0.0,0.0,-0.01459730857860497
1773806342.2009578,True,0.8930898,1773806342.1973226,398.01947,275.57788,16.168003,36.531784,1.458161,397.9785534813724,277.4102103569305,601.8500883530746,0.9937771058679665,0.11130429109406503,1.4592598952722384,185.9785534813724,157.41021035693052,-2.0118242841301948,-1.4592598952722384,-0.03,-0.03,0.03,0.0,0.0,-0.014592598952722385
1773806342.2111506,True,0.8930898,1773806342.1973226,398.01947,275.57788,16.168003,36.531784,1.458161,397.9867368280667,277.0437444574194,598.4888606752772,0.9937429775202864,0.11163219955028156,1.4589302235150203,185.98673682806668,157.0437444574194,-2.017424763004973,-1.4589302235150203,-0.03,-0.03,0.03,0.0,0.0,-0.014589302235150203
1773806342.220806,True,0.8930898,1773806342.1973226,398.01947,275.57788,16.168003,36.531784,1.458161,397.99328350542214,276.75057173781056,596.136001300819,0.9937190876769104,0.11186173546963313,1.45869945433616,185.99328350542214,156.75057173781056,-2.0213638446224174,-1.45869945433616,-0.03,-0.03,0.03,0.0,0.0,-0.0145869945433616
1773806342.2310565,True,0.88730586,1773806342.2280235,398.51678,274.09857,15.644796,35.683887,1.4766618,398.0979837379315,276.2201717457172,584.7753461742451,0.9942751462864556,0.1065018831857891,1.4640880948894488,186.0979837379315,156.2201717457172,-2.040604925916283,-1.4640880948894488,-0.03,-0.03,0.03,0.0,0.0,-0.014640880948894488
1773806342.2411053,True,0.88730586,1773806342.2280235,398.51678,274.09857,15.644796,35.683887,1.4766618,398.18174392393894,275.79585175204255,576.8228875856435,0.9946643873131371,0.10274998658709827,1.4678602770689504,186.18174392393894,155.79585175204255,-2.0542974102946716,-1.4678602770689504,-0.03,-0.03,0.03,0.0,0.0,-0.014678602770689504
1773806342.2511158,True,0.88730586,1773806342.2280235,398.51678,274.09857,15.644796,35.683887,1.4766618,398.24875207274494,275.4563957571028,571.2561665736223,0.9949368560318141,0.1001236589680147,1.4705008035439318,186.24875207274494,155.45639575710283,-2.063994938731023,-1.4705008035439318,-0.03,-0.03,0.03,0.0,0.0,-0.014705008035439318
1773806342.2607782,True,0.88730586,1773806342.2280235,398.51678,274.09857,15.644796,35.683887,1.4766618,398.3023585917897,275.184830961151,567.3594618652074,0.9951275841348881,0.0982852296346562,1.4723491487140807,186.3023585917897,155.18483096115102,-2.0708396013621475,-1.4723491487140807,-0.03,-0.03,0.03,0.0,0.0,-0.014723491487140807
1773806342.2708082,True,0.89653295,1773806342.2618027,398.5816,272.91895,15.837998,35.773174,1.4728006,398.358207674213,274.73165383142083,567.1242734521295,0.9951499872795073,0.09815134420939278,1.4724845907301676,186.35820767421302,154.73165383142083,-2.071254218882215,-1.4724845907301676,-0.03,-0.03,0.03,0.0,0.0,-0.014724845907301677
1773806342.2814085,True,0.89653295,1773806342.2618027,398.5816,272.91895,15.837998,35.773174,1.4728006,398.4028869401517,274.3691121276367,566.959641562975,0.9951656694807409,0.09805762441170839,1.4725793986663531,186.4028869401517,154.3691121276367,-2.071544553465276,-1.4725793986663531,-0.03,-0.03,0.03,0.0,0.0,-0.014725793986663531
1773806342.2909877,True,0.89653295,1773806342.2618027,398.5816,272.91895,15.837998,35.773174,1.4728006,398.43863035290263,274.0790787646094,566.8443992405669,0.9951766470216044,0.09799202055332931,1.4726457634978531,186.43863035290263,154.0790787646094,-2.071747837840102,-1.4726457634978531,-0.03,-0.03,0.03,0.0,0.0,-0.014726457634978532
1773806342.300767,True,0.8967199,1773806342.295059,398.6401,272.12088,16.010633,35.842827,1.4684833,398.47892552255655,273.68743903707815,568.9509793707405,0.9950548297286566,0.09923479143607816,1.4713970249233963,186.47892552255655,153.68743903707815,-2.068038397591658,-1.4713970249233963,-0.03,-0.03,0.03,0.0,0.0,-0.014713970249233963
1773806342.310916,True,0.8967199,1773806342.295059,398.6401,272.12088,16.010633,35.842827,1.4684833,398.51116165827966,273.37412725505317,570.425585461862,0.9949695576235932,0.10010473105400236,1.4705229108268858,186.51116165827966,153.37412725505317,-2.065449952366499,-1.4705229108268858,-0.03,-0.03,0.03,0.0,0.0,-0.014705229108268858
1773806342.320987,True,0.8967199,1773806342.295059,398.6401,272.12088,16.010633,35.842827,1.4684833,398.53695056685814,273.12347782943317,571.4578097256472,0.9949098671500488,0.1007136887865493,1.4699110332119183,186.53695056685814,153.12347782943317,-2.0636420190008016,-1.4699110332119183,-0.03,-0.03,0.03,0.0,0.0,-0.014699110332119182
1773806342.3311217,True,0.84003973,1773806342.328116,398.92865,270.96393,15.085455,35.74803,1.4651957,398.6152904339553,272.6915679080778,561.8030656849061,0.9947657356207489,0.10212093596055699,1.4684964159626681,186.6152904339553,152.6915679080778,-2.0806813042058514,-1.4684964159626681,-0.03,-0.03,0.03,0.0,0.0,-0.014684964159626682
1773806342.3410974,True,0.84003973,1773806342.328116,398.92865,270.96393,15.085455,35.74803,1.4651957,398.67796232763305,272.3460399709935,555.0447448563874,0.994664843550239,0.10310600898236238,1.4675061841107067,186.67796232763305,152.3460399709935,-2.092783943898844,-1.4675061841107067,-0.03,-0.03,0.03,0.0,0.0,-0.014675061841107067
1773806342.3511174,True,0.84003973,1773806342.328116,398.92865,270.96393,15.085455,35.74803,1.4651957,398.72809984257526,272.0696176213261,550.3139202764243,0.9945942191008821,0.10379556009762617,1.4668130231283505,186.72809984257526,152.06961762132607,-2.1013437962168395,-1.4668130231283505,-0.03,-0.03,0.03,0.0,0.0,-0.014668130231283506
1773806342.360874,True,0.84003973,1773806342.328116,398.92865,270.96393,15.085455,35.74803,1.4651957,398.768209854529,271.8484797415921,547.0023430704501,0.9945447819863322,0.1042782458783108,1.4663278114978755,186.768209854529,151.8484797415921,-2.1073795898530077,-1.4663278114978755,-0.03,-0.03,0.03,0.0,0.0,-0.014663278114978756
1773806342.3712032,True,0.8637015,1773806342.3618898,398.76337,270.38132,15.173216,36.198673,1.4817071,398.76724122346695,271.55504722100807,547.6767317020494,0.9949916009562518,0.0996862007751701,1.4709415568102553,186.76724122346695,151.55504722100807,-2.106147468526387,-1.4709415568102553,-0.03,-0.03,0.03,0.0,0.0,-0.014709415568102553
1773806342.3812413,True,0.8637015,1773806342.3618898,398.76337,270.38132,15.173216,36.198673,1.4817071,398.76646631861735,271.32030120454084,548.148803744169,0.9953043742351957,0.0964717692029716,1.4741712625965626,186.76646631861735,151.32030120454084,-2.1052858859914814,-1.4741712625965626,-0.03,-0.03,0.03,0.0,0.0,-0.014741712625965627
1773806342.3910146,True,0.8637015,1773806342.3618898,398.76337,270.38132,15.173216,36.198673,1.4817071,398.76584639473765,271.1325043913671,548.4792541736526,0.9955233155304564,0.09422166710243265,1.4764320560332604,186.76584639473765,151.1325043913671,-2.1046832195958887,-1.4764320560332604,-0.03,-0.03,0.03,0.0,0.0,-0.014764320560332604
1773806342.400615,True,0.8365053,1773806342.3965375,398.5161,270.0524,15.48585,36.427334,1.4945264,398.7158997720402,270.9164832494218,553.1679425211662,0.995994178198665,0.08881397207501483,1.481860377811652,186.7158997720402,150.9164832494218,-2.096171026813292,-1.481860377811652,-0.03,-0.03,0.03,0.0,0.0,-0.014818603778116519
1773806342.410862,True,0.8365053,1773806342.3965375,398.5161,270.0524,15.48585,36.427334,1.4945264,398.6759424738822,270.74366633586556,556.4500243644256,0.996323782066411,0.08502858555582235,1.4856602951094255,186.67594247388217,150.74366633586556,-2.0902553125535066,-1.4856602951094255,-0.03,-0.03,0.03,0.0,0.0,-0.014856602951094255
1773806342.4209716,True,0.8365053,1773806342.3965375,398.5161,270.0524,15.48585,36.427334,1.4945264,398.6439766353558,270.6054128050206,558.7474816547073,0.9965545047738331,0.08237881499238761,1.488320214233772,186.64397663535578,150.6054128050206,-2.086135036946459,-1.488320214233772,-0.03,-0.03,0.03,0.0,0.0,-0.01488320214233772
1773806342.4312966,True,0.8064573,1773806342.427987,399.19653,269.58078,15.779839,38.027573,1.4959931,398.7544879489097,270.4004862498759,571.1439280762638,0.9967492170688913,0.08008520505319226,1.490622159656713,186.75448794890968,150.40048624987588,-2.06419143468414,-1.490622159656713,-0.03,-0.03,0.03,0.0,0.0,-0.014906221596567132
1773806342.4411788,True,0.8064573,1773806342.427987,399.19653,269.58078,15.779839,38.027573,1.4959931,398.8428969997528,270.2365450057601,579.8214405713534,0.996885515675432,0.07847967809575551,1.492233494426882,186.84289699975278,150.2365450057601,-2.0491124807007717,-1.492233494426882,-0.03,-0.03,0.03,0.0,0.0,-0.01492233494426882
1773806342.450894,True,0.8064573,1773806342.427987,399.19653,269.58078,15.779839,38.027573,1.4959931,398.9136242404273,270.1053920104675,585.8956993179161,0.9969809247000105,0.0773558092255498,1.4933614103317465,186.91362424042728,150.10539201046748,-2.038690889535144,-1.4933614103317465,-0.03,-0.03,0.03,0.0,0.0,-0.014933614103317465
1773806342.4609036,True,0.8064573,1773806342.427987,399.19653,269.58078,15.779839,38.027573,1.4959931,398.97020603296687,270.0004696142334,590.1476804405099,0.9970477110172156,0.0765691010164058,1.4941509406518347,186.97020603296687,150.0004696142334,-2.0314598643485513,-1.4941509406518347,-0.03,-0.03,0.03,0.0,0.0,-0.014941509406518347
1773806342.4709458,True,0.8647362,1773806342.462435,398.40393,268.89557,16.410772,36.026314,1.4996173,398.856950959186,269.77948946091794,590.4692576560132,0.9971737512560888,0.07493404062923456,1.4957908765850223,186.856950959186,149.77948946091794,-2.030915103024062,-1.4957908765850223,-0.03,-0.03,0.03,0.0,0.0,-0.014957908765850222
1773806342.480949,True,0.8647362,1773806342.462435,398.40393,268.89557,16.410772,36.026314,1.4996173,398.76634690016135,269.60270533826565,590.6943617068655,0.9972619794233,0.07378949835821469,1.4969388260915548,186.76634690016135,149.60270533826565,-2.030533946595118,-1.4969388260915548,-0.03,-0.03,0.03,0.0,0.0,-0.014969388260915548
1773806342.4910367,True,0.8647362,1773806342.462435,398.40393,268.89557,16.410772,36.026314,1.4996173,398.6938636529416,269.4612780401438,590.8519345424621,0.9973237391403478,0.07298831876850079,1.4977423861019448,186.69386365294162,149.46127804014378,-2.03026722351024,-1.4977423861019448,-0.03,-0.03,0.03,0.0,0.0,-0.014977423861019449
1773806342.5012982,True,0.8351074,1773806342.496556,398.31476,268.58875,16.570698,36.121624,1.4776561,398.61804258250953,269.2867714555525,593.1644999316766,0.9968262932926153,0.07899350087598588,1.4917165834364663,186.61804258250953,149.28677145555253,-2.026360912309565,-1.4917165834364663,-0.03,-0.03,0.03,0.0,0.0,-0.014917165834364664
1773806342.5111618,True,0.8351074,1773806342.496556,398.31476,268.58875,16.570698,36.121624,1.4776561,398.5573857261639,269.1471661878795,594.7832957041267,0.9964780811992027,0.08319712835122543,1.4874983413702316,186.5573857261639,149.14716618787952,-2.023635545453579,-1.4874983413702316,-0.03,-0.03,0.03,0.0,0.0,-0.014874983413702317
1773806342.5211842,True,0.8351074,1773806342.496556,398.31476,268.58875,16.570698,36.121624,1.4776561,398.50886024108735,269.0354819737411,595.9164527448418,0.9962343327338137,0.08613966758389312,1.4845455767676043,186.50886024108735,149.03548197374113,-2.021732198477509,-1.4845455767676043,-0.03,-0.03,0.03,0.0,0.0,-0.014845455767676043
1773806342.5309806,True,0.84348106,1773806342.5282478,398.52808,268.1359,16.733572,35.899742,1.4571208,398.5127034272449,268.85556453407105,597.3607857202173,0.9954277996618588,0.09432703341719512,1.4763181457116419,186.5127034272449,148.85556453407105,-2.0193114137107213,-1.4763181457116419,-0.03,-0.03,0.03,0.0,0.0,-0.01476318145711642
1773806342.5409102,True,0.84348106,1773806342.5282478,398.52808,268.1359,16.733572,35.899742,1.4571208,398.5157779761709,268.711630582335,598.3718188029802,0.9948632265114903,0.10005818950050652,1.4705585784696023,186.5157779761709,148.71163058233498,-2.0176203444534693,-1.4705585784696023,-0.03,-0.03,0.03,0.0,0.0,-0.014705585784696024
1773806342.551229,True,0.84348106,1773806342.5282478,398.52808,268.1359,16.733572,35.899742,1.4571208,398.51823761531176,268.59648342094613,599.0795419609142,0.9944680253062324,0.1040699987588245,1.4665269393934874,186.51823761531176,148.59648342094613,-2.016438295205327,-1.4665269393934874,-0.03,-0.03,0.03,0.0,0.0,-0.014665269393934874
1773806342.5615106,True,0.84348106,1773806342.5282478,398.52808,268.1359,16.733572,35.899742,1.4571208,398.5202053266244,268.50436569183506,599.574948171468,0.9941913844625518,0.1068782652396471,1.463704901777316,186.52020532662442,148.50436569183506,-2.0156116913043025,-1.463704901777316,-0.03,-0.03,0.03,0.0,0.0,-0.01463704901777316
1773806342.5711231,True,0.8500309,1773806342.5647345,398.63205,267.8304,17.378304,35.708286,1.4710763,398.5425741734089,268.36957531713995,605.8672952629963,0.9944435907215211,0.10468125204021034,1.4659164249186694,186.54257417340892,148.36957531713995,-2.005171698384278,-1.4659164249186694,-0.03,-0.03,0.03,0.0,0.0,-0.014659164249186694
1773806342.5808332,True,0.8500309,1773806342.5647345,398.63205,267.8304,17.378304,35.708286,1.4710763,398.56046925083655,268.2617430173838,610.2719382270661,0.9946201351027996,0.10314334280060461,1.4674644376096915,186.56046925083655,148.26174301738382,-1.9979280175582779,-1.4674644376096915,-0.03,-0.03,0.03,0.0,0.0,-0.014674644376096915
1773806342.5910475,True,0.8500309,1773806342.5647345,398.63205,267.8304,17.378304,35.708286,1.4710763,398.57478531277866,268.17547717757895,613.3551883019151,0.9947437161696945,0.1020668063328806,1.4685480156722401,186.57478531277866,148.17547717757895,-1.9928884813573848,-1.4685480156722401,-0.03,-0.03,0.03,0.0,0.0,-0.014685480156722401
1773806342.6015022,True,0.85408574,1773806342.5960596,398.56293,267.5033,17.358498,35.375694,1.4615405,398.5724136994417,268.04104092175066,613.5693044187624,0.9945318550682534,0.10415835469046043,1.4664457044385706,186.5724136994417,148.04104092175066,-1.9925394523498277,-1.4664457044385706,-0.03,-0.03,0.03,0.0,0.0,-0.014664457044385706
1773806342.6112213,True,0.85408574,1773806342.5960596,398.56293,267.5033,17.358498,35.375694,1.4615405,398.57051640877216,267.933491917088,613.7191857005555,0.9943835522972444,0.10562243854076632,1.4649741033567931,186.57051640877216,147.93349191708802,-1.9922952045079472,-1.4649741033567931,-0.03,-0.03,0.03,0.0,0.0,-0.014649741033567932
1773806342.6207314,True,0.85408574,1773806342.5960596,398.56293,267.5033,17.358498,35.375694,1.4615405,398.5689985762365,267.84745271335794,613.8241025978107,0.9942797403575383,0.10664729723598045,1.4639439947774222,186.56899857623648,147.84745271335794,-1.9921242665076162,-1.4639439947774222,-0.03,-0.03,0.03,0.0,0.0,-0.014639439947774223
1773806342.6310573,True,0.86810106,1773806342.6292636,398.21182,267.55658,17.08355,35.427246,1.4570677,398.49756336294234,267.7892780886551,611.2437968672956,0.9940577793900123,0.10869818585236221,1.4618810946503182,186.49756336294234,147.78927808865512,-1.9963367832951864,-1.4618810946503182,-0.03,-0.03,0.03,0.0,0.0,-0.014618810946503183
1773806342.6409783,True,0.86810106,1773806342.6292636,398.21182,267.55658,17.08355,35.427246,1.4570677,398.440415192307,267.74273838889286,609.437582855935,0.993902406712744,0.11013380788382943,1.4604370691282567,186.440415192307,147.74273838889286,-1.9992961392083128,-1.4604370691282567,-0.03,-0.03,0.03,0.0,0.0,-0.014604370691282566
1773806342.6512074,True,0.86810106,1773806342.6292636,398.21182,267.55658,17.08355,35.427246,1.4570677,398.3946966557987,267.70550662908306,608.1732330479826,0.9937936458386563,0.11113874330585649,1.4594262572373418,186.39469665579873,147.70550662908306,-2.0013729115987426,-1.4594262572373418,-0.03,-0.03,0.03,0.0,0.0,-0.014594262572373418
1773806342.661221,True,0.86810106,1773806342.6292636,398.21182,267.55658,17.08355,35.427246,1.4570677,398.35812182659214,267.6757212212352,607.288188182416,0.9937175132267948,0.11184219810127544,1.4587186931228802,186.35812182659214,147.67572122123522,-2.0028292227683573,-1.4587186931228802,-0.03,-0.03,0.03,0.0,0.0,-0.014587186931228803
1773806342.6710796,True,0.87207353,1773806342.661221,397.94916,267.7281,17.51567,36.156723,1.4533858,398.2763290042425,267.6861946527695,615.0945112687068,0.9935368498565182,0.11343181698838391,1.4571188268647832,186.27632900424248,147.68619465276947,-1.9900567428992864,-1.4571188268647832,-0.03,-0.03,0.03,0.0,0.0,-0.014571188268647832
1773806342.6811273,True,0.87207353,1773806342.661221,397.94916,267.7281,17.51567,36.156723,1.4533858,398.2108947463627,267.69457339799686,620.5589374291103,0.9934103854973246,0.11454455020935983,1.4559989215535012,186.21089474636273,147.69457339799686,-1.9812120918547034,-1.4559989215535012,-0.03,-0.03,0.03,0.0,0.0,-0.014559989215535012
1773806342.6911786,True,0.87207353,1773806342.661221,397.94916,267.7281,17.51567,36.156723,1.4533858,398.15854734005893,267.70127639417876,624.3840357413928,0.9933218604458891,0.11532346346404297,1.4552149901026716,186.15854734005893,147.70127639417876,-1.9750670548024203,-1.4552149901026716,-0.03,-0.03,0.03,0.0,0.0,-0.014552149901026717
1773806342.700761,True,0.8748251,1773806342.6977184,397.93222,267.54398,17.6263,36.32778,1.4561225,398.11328196384403,267.66981628135864,629.1661455756156,0.9933549505454535,0.11505321824418971,1.4554872494978097,186.11328196384403,147.66981628135864,-1.9674373115278712,-1.4554872494978097,-0.03,-0.03,0.03,0.0,0.0,-0.014554872494978097
1773806342.7111511,True,0.8748251,1773806342.6977184,397.93222,267.54398,17.6263,36.32778,1.4561225,398.07706966287213,267.64464819110253,632.5136224595715,0.9933781136151486,0.11486404659029242,1.4556778305008709,186.07706966287213,147.64464819110253,-1.9621309179031756,-1.4556778305008709,-0.03,-0.03,0.03,0.0,0.0,-0.014556778305008709
1773806342.720918,True,0.8748251,1773806342.6977184,397.93222,267.54398,17.6263,36.32778,1.4561225,398.04809982209457,267.6245137188977,634.8568562783406,0.9933943277639352,0.11473162643256432,1.455811236913392,186.04809982209457,147.62451371889767,-1.95843312546106,-1.455811236913392,-0.03,-0.03,0.03,0.0,0.0,-0.01455811236913392
1773806342.730989,True,0.8731981,1773806342.7284648,397.59888,267.45807,17.283356,36.993378,1.4681815,397.9582552483007,267.59122474464937,636.2107063772603,0.9937979442262626,0.11104259200042534,1.459522292275059,185.9582552483007,147.59122474464937,-1.9563028679504808,-1.459522292275059,-0.03,-0.03,0.03,0.0,0.0,-0.014595222922750591
1773806342.7411292,True,0.8731981,1773806342.7284648,397.59888,267.45807,17.283356,36.993378,1.4681815,397.8863795892656,267.5645935652508,637.1584014465041,0.9940804757498916,0.10846026789792805,1.4621200747669933,185.88637958926557,147.5645935652508,-1.954814383208082,-1.4621200747669933,-0.03,-0.03,0.03,0.0,0.0,-0.014621200747669934
1773806342.7511556,True,0.8731981,1773806342.7284648,397.59888,267.45807,17.283356,36.993378,1.4681815,397.82887906203746,267.5432886217319,637.8217879949747,0.9942782478164318,0.10665264102617995,1.4639385221877133,185.82887906203746,147.5432886217319,-1.9537737605947596,-1.4639385221877133,-0.03,-0.03,0.03,0.0,0.0,-0.014639385221877133
1773806342.7611847,True,0.8731981,1773806342.7284648,397.59888,267.45807,17.283356,36.993378,1.4681815,397.782878640255,267.5262446669168,638.2861585789041,0.9944166882630101,0.10538730221595628,1.4652114277613502,185.78287864025498,147.5262446669168,-1.953045968552286,-1.4652114277613502,-0.03,-0.03,0.03,0.0,0.0,-0.014652114277613502
1773806342.771192,True,0.8740796,1773806342.764342,397.4173,267.44293,17.572884,36.443577,1.4726673,397.70976238486026,267.50958215931473,638.9259396673422,0.9946484456430678,0.10316258572421391,1.4674482172469745,185.70976238486026,147.50958215931473,-1.9520441284619394,-1.4674482172469745,-0.03,-0.03,0.03,0.0,0.0,-0.014674482172469746
1773806342.7811291,True,0.8740796,1773806342.764342,397.4173,267.44293,17.572884,36.443577,1.4726673,397.6512693805445,267.49625215323306,639.3737864292489,0.9948106758091082,0.10160528417999426,1.4690139685312145,185.65126938054448,147.49625215323306,-1.9513434371121923,-1.4690139685312145,-0.03,-0.03,0.03,0.0,0.0,-0.014690139685312145
1773806342.7911785,True,0.8740796,1773806342.764342,397.4173,267.44293,17.572884,36.443577,1.4726673,397.60447497709185,267.4855881483677,639.6872791625835,0.9949242369253364,0.1005151730990405,1.4701099890022582,185.60447497709185,147.4855881483677,-1.950853245129893,-1.4701099890022582,-0.03,-0.03,0.03,0.0,0.0,-0.014701099890022582
1773806342.8012228,True,0.8668998,1773806342.7961936,397.555,267.0638,17.902584,36.497814,1.449804,397.59457851682976,267.40123296986604,643.8026591345115,0.9942537700075011,0.10656983817476742,1.4640182461514224,185.59457851682976,147.40123296986604,-1.9444404265286521,-1.4640182461514224,-0.03,-0.03,0.03,0.0,0.0,-0.014640182461514224
1773806342.8111708,True,0.8668998,1773806342.7961936,397.555,267.0638,17.902584,36.497814,1.449804,397.5866613486201,267.3337488270647,646.6834251148612,0.9937844431650165,0.11080810372777627,1.459753844325436,185.5866613486201,147.3337488270647,-1.939975797578864,-1.459753844325436,-0.03,-0.03,0.03,0.0,0.0,-0.01459753844325436
1773806342.8211954,True,0.8668998,1773806342.7961936,397.555,267.0638,17.902584,36.497814,1.449804,397.58032761405235,267.27976151282365,648.6999613011059,0.993455914375277,0.11377488961488247,1.456768770183657,185.58032761405235,147.27976151282365,-1.9368623751954757,-1.456768770183657,-0.03,-0.03,0.03,0.0,0.0,-0.014567687701836569
1773806342.831226,True,0.85685116,1773806342.8297088,397.27,266.81833,18.305166,36.461205,1.4523677,397.5182598939763,267.1874749817433,654.3184946392897,0.9933177955457576,0.1150880298120142,1.4554483928357862,185.51825989397628,147.18747498174332,-1.9282384479834256,-1.4554483928357862,-0.03,-0.03,0.03,0.0,0.0,-0.014554483928357863
1773806342.841194,True,0.85685116,1773806342.8297088,397.27,266.81833,18.305166,36.461205,1.4523677,397.4686057179154,267.11364575687907,658.2514679760184,0.993221112365094,0.11600722795000643,1.4545241503085553,185.4686057179154,147.11364575687907,-1.9222456472651954,-1.4545241503085553,-0.03,-0.03,0.03,0.0,0.0,-0.014545241503085553
1773806342.8514988,True,0.85685116,1773806342.8297088,397.27,266.81833,18.305166,36.461205,1.4523677,397.4288823770667,267.05458237698764,661.0045493117285,0.9931534341386294,0.11665066664660098,1.4538771921109168,185.4288823770667,147.05458237698764,-1.9180719534618333,-1.4538771921109168,-0.03,-0.03,0.03,0.0,0.0,-0.014538771921109169
1773806342.8612342,True,0.85685116,1773806342.8297088,397.27,266.81833,18.305166,36.461205,1.4523677,397.39710370438775,267.0073316730745,662.9317062467255,0.9931060593801043,0.11710107373421716,1.4534243273784793,185.39710370438775,147.00733167307448,-1.9151606980474947,-1.4534243273784793,-0.03,-0.03,0.03,0.0,0.0,-0.014534243273784792
1773806342.8707979,True,0.83378017,1773806342.8612342,397.1364,265.9855,16.551981,35.33564,1.467118,397.344965678354,266.8029661685377,639.5146394410672,0.9935633068174452,0.11301854925585192,1.4575324404825027,185.34496567835401,146.8029661685377,-1.9511231629904806,-1.4575324404825027,-0.03,-0.03,0.03,0.0,0.0,-0.014575324404825028
1773806342.880857,True,0.83378017,1773806342.8612342,397.1364,265.9855,16.551981,35.33564,1.467118,397.303255257527,266.6394737649083,623.1226926771063,0.9938833800235838,0.11016078212099625,1.46040816260124,185.30325525752698,146.6394737649083,-1.977089237874269,-1.46040816260124,-0.03,-0.03,0.03,0.0,0.0,-0.0146040816260124
1773806342.891083,True,0.83378017,1773806342.8612342,397.1364,265.9855,16.551981,35.33564,1.467118,397.26988692086536,266.50867984200477,611.6483299423338,0.9941074312678808,0.10816034512659728,1.4624211596153662,185.26988692086536,146.50867984200477,-1.9956751826831203,-1.4624211596153662,-0.03,-0.03,0.03,0.0,0.0,-0.014624211596153663
1773806342.9008183,True,0.85296094,1773806342.8998253,396.85446,265.99347,16.899788,35.324524,1.4666942,397.1868018706767,266.40563772126006,607.2469278834617,0.9942510826285009,0.10688649044952561,1.4637031046006825,185.18680187067667,146.40563772126006,-2.0028971669528017,-1.4637031046006825,-0.03,-0.03,0.03,0.0,0.0,-0.014637031046006825
1773806342.9110725,True,0.85296094,1773806342.8998253,396.85446,265.99347,16.899788,35.324524,1.4666942,397.12033383052574,266.32320402466434,604.1659464422512,0.994351638580935,0.10599479217557545,1.464600456169127,185.12033383052574,146.32320402466434,-2.0079837697939857,-1.464600456169127,-0.03,-0.03,0.03,0.0,0.0,-0.01464600456169127
1773806342.9209466,True,0.85296094,1773806342.8998253,396.85446,265.99347,16.899788,35.324524,1.4666942,397.067159398405,266.25725706738774,602.0092594334039,0.994422027747639,0.10537060338381034,1.465228596508964,185.067159398405,146.25725706738774,-2.011559849449267,-1.465228596508964,-0.03,-0.03,0.03,0.0,0.0,-0.01465228596508964
1773806342.9313154,True,0.85296094,1773806342.8998253,396.85446,265.99347,16.899788,35.324524,1.4666942,397.02461985270844,266.2044995015665,600.4995785272108,0.9944713001643317,0.10493367122957475,1.4656682916178603,185.02461985270844,146.2044995015665,-2.0140707361083763,-1.4656682916178603,-0.03,-0.03,0.03,0.0,0.0,-0.014656682916178602
1773806342.9411044,True,0.8531285,1773806342.933563,396.0132,264.87097,16.816853,36.111687,1.4587224,396.82233870443235,265.9377939371907,602.53517860186,0.9942477950493245,0.10700542051463796,1.463584503225927,184.82233870443235,145.9377939371907,-2.0106866243771684,-1.463584503225927,-0.03,-0.03,0.03,0.0,0.0,-0.01463584503225927
1773806342.9508088,True,0.8531285,1773806342.933563,396.0132,264.87097,16.816853,36.111687,1.4587224,396.66051378581153,265.72442948569005,603.9600986541145,0.9940913414688195,0.1084556450141822,1.4621258489579287,184.66051378581153,145.72442948569005,-2.0083245418367115,-1.4621258489579287,-0.03,-0.03,0.03,0.0,0.0,-0.014621258489579288
1773806342.9613228,True,0.8531285,1773806342.933563,396.0132,264.87097,16.816853,36.111687,1.4587224,396.5310538509149,265.55373792448955,604.9575426906927,0.9939818239624659,0.10947080216386317,1.4611047936489248,184.53105385091487,145.55373792448955,-2.0066743975608725,-1.4611047936489248,-0.03,-0.03,0.03,0.0,0.0,-0.014611047936489248
1773806342.9708772,True,0.25207853,1773806342.9658642,636.6104,190.18524,14.910562,20.94346,0.2961302,444.5469256002632,250.4800386794354,517.153904151063,0.7833335922852406,0.3635714417628798,1.136251256401751,232.5469256002632,130.4800386794354,-2.163492158603986,-1.136251256401751,-0.03,-0.03,0.03,0.0,0.0,-0.011362512564017511
1773806342.9809134,True,0.25207853,1773806342.9658642,636.6104,190.18524,14.910562,20.94346,0.2961302,482.95962299974184,238.4210792833921,455.6913571733222,0.6358798301111829,0.5414418894821915,0.8654410008317586,270.95962299974184,118.42107928339209,-2.290016943713369,-0.8654410008317583,-0.03,-0.03,0.03,0.0,0.0,-0.008654410008317584
1773806342.9909732,True,0.25207853,1773806342.9658642,636.6104,190.18524,14.910562,20.94346,0.2961302,513.6897809193247,228.77391176655743,412.66757428890367,0.5326621965893424,0.6659512028857097,0.6746505041309941,301.6897809193247,108.77391176655743,-2.3891903117767157,-0.674650504130994,-0.03,-0.03,0.03,0.0,0.0,-0.006746505041309941
1773806343.0010264,True,0.84165704,1773806342.997553,394.66165,263.98724,15.471655,37.866695,1.4294732,489.88415505772537,235.8165781437147,464.62544409207624,0.6698726848734069,0.5084218054260353,0.9215710087243925,277.88415505772537,115.81657814371471,-2.270601091333916,-0.9215710087243925,-0.03,-0.03,0.03,0.0,0.0,-0.009215710087243924
1773806343.0110116,True,0.84165704,1773806342.997553,394.66165,263.98724,15.471655,37.866695,1.4294732,470.8396543684459,241.45071124544052,500.9959529542971,0.7659200266722521,0.39815122720426327,1.091407756352128,258.8396543684459,121.45071124544052,-2.195234652641708,-1.0914077563521278,-0.03,-0.03,0.03,0.0,0.0,-0.010914077563521278
1773806343.0213573,True,0.84165704,1773806342.997553,394.66165,263.98724,15.471655,37.866695,1.4294732,455.60405381702236,245.95801772682117,526.4553091578517,0.8331531659314437,0.3209618224490228,1.2030806813220338,243.60405381702236,125.95801772682117,-2.145666230678207,-1.2030806813220338,-0.03,-0.03,0.03,0.0,0.0,-0.012030806813220338
1773806343.031381,True,0.84165704,1773806342.997553,394.66165,263.98724,15.471655,37.866695,1.4294732,443.4155733758835,249.5638629119257,544.2768585003399,0.8802163634128778,0.2669292391203545,1.2763567809761316,231.41557337588353,129.5638629119257,-2.1123746272971595,-1.2763567809761316,-0.03,-0.03,0.03,0.0,0.0,-0.012763567809761317
1773806343.041006,True,0.80799204,1773806343.032925,394.28647,263.34174,15.415609,36.847717,1.4205402,433.58975240187874,252.31943749750934,551.4028097393004,0.9127712861173976,0.2317578768555778,1.3221450564798523,221.58975240187874,132.31943749750934,-2.099367081535523,-1.3221450564798523,-0.03,-0.03,0.03,0.0,0.0,-0.013221450564798523
1773806343.051029,True,0.80799204,1773806343.032925,394.28647,263.34174,15.415609,36.847717,1.4205402,425.7290956226749,254.52389716597625,556.3909756065727,0.9355597320105614,0.20713792327023411,1.352905953387295,213.7290956226749,134.52389716597625,-2.0903614350955584,-1.352905953387295,-0.03,-0.03,0.03,0.0,0.0,-0.013529059533872949
1773806343.0611167,True,0.80799204,1773806343.032925,394.28647,263.34174,15.415609,36.847717,1.4205402,419.4405701993118,256.28746490074974,559.8826917136633,0.951511644135776,0.18990395576049351,1.373803370371713,207.44057019931182,136.28746490074974,-2.084105393055768,-1.373803370371713,-0.03,-0.03,0.03,0.0,0.0,-0.01373803370371713
1773806343.0710347,True,0.7726191,1773806343.0626285,394.18488,262.41385,15.027245,35.047653,1.4403472,414.38943125710574,257.5127416959904,549.9187875198768,0.9635092221501207,0.17195661058090095,1.3941866520734771,202.38943125710574,137.51274169599043,-2.1020620674893356,-1.3941866520734771,-0.03,-0.03,0.03,0.0,0.0,-0.013941866520734772
1773806343.0811205,True,0.7726191,1773806343.0626285,394.18488,262.41385,15.027245,35.047653,1.4403472,410.3485201033409,258.492963132183,542.9440545842263,0.971907526760162,0.15939346895518616,1.4082427248097908,198.3485201033409,138.49296313218298,-2.1148263913640823,-1.4082427248097908,-0.03,-0.03,0.03,0.0,0.0,-0.014082427248097908
1773806343.0913577,True,0.7726191,1773806343.0626285,394.18488,262.41385,15.027245,35.047653,1.4403472,407.115791180329,259.277140281137,538.0617415292709,0.9777863399871909,0.1505992698171858,1.4179765591220777,195.11579118032898,139.277140281137,-2.1238593609743672,-1.4179765591220777,-0.03,-0.03,0.03,0.0,0.0,-0.014179765591220778
1773806343.1009302,True,0.8562607,1773806343.0984187,393.7494,261.95572,15.473433,35.54214,1.4648013,404.4425108739507,259.8128560237377,541.6308960724427,0.9827667737093174,0.13715848450226606,1.4321284063467201,192.4425108739507,139.8128560237377,-2.1172479098633947,-1.4321284063467201,-0.03,-0.03,0.03,0.0,0.0,-0.014321284063467202
1773806343.111039,True,0.8562607,1773806343.0984187,393.7494,261.95572,15.473433,35.54214,1.4648013,402.3038866288481,260.2414286178183,544.129304252663,0.986253077314806,0.12774993478182223,1.4419829674166116,190.3038866288481,140.24142861781831,-2.1126457655057265,-1.4419829674166116,-0.03,-0.03,0.03,0.0,0.0,-0.014419829674166116
1773806343.1210747,True,0.8562607,1773806343.0984187,393.7494,261.95572,15.473433,35.54214,1.4648013,400.592987232766,260.5842866930828,545.8781899788172,0.988693489838648,0.12116394997751156,1.4488547985389768,188.592987232766,140.5842866930828,-2.109436820179851,-1.4488547985389768,-0.03,-0.03,0.03,0.0,0.0,-0.014488547985389769
1773806343.1311648,True,0.8366453,1773806343.1291502,393.77628,261.29678,15.1995125,35.876106,1.4463464,399.229644913166,260.7267860439194,545.704527907047,0.9897652721716615,0.12205344429873753,1.4481002146127393,187.229644913166,140.7267860439194,-2.109755004171572,-1.4481002146127393,-0.03,-0.03,0.03,0.0,0.0,-0.014481002146127393
1773806343.1412122,True,0.8366453,1773806343.1291502,393.77628,261.29678,15.1995125,35.876106,1.4463464,398.13897105748595,260.8407855245886,545.5829644568079,0.990515519804771,0.12267609032359571,1.4475730607671056,186.13897105748595,140.84078552458863,-2.1099777932195405,-1.4475730607671056,-0.03,-0.03,0.03,0.0,0.0,-0.014475730607671057
1773806343.1512187,True,0.8366453,1773806343.1291502,393.77628,261.29678,15.1995125,35.876106,1.4463464,397.26643197294186,260.931985109124,545.4978700416405,0.9910406931479477,0.12311194254099643,1.4472045688299382,185.26643197294186,140.931985109124,-2.1101337750911844,-1.4472045688299382,-0.03,-0.03,0.03,0.0,0.0,-0.014472045688299382
1773806343.1613598,True,0.8366453,1773806343.1291502,393.77628,261.29678,15.1995125,35.876106,1.4463464,396.56840070530666,261.0049447767523,545.4383039510233,0.9914083144881713,0.12341703909317693,1.4469468768009472,184.56840070530666,141.00494477675232,-2.110242976879697,-1.4469468768009472,-0.03,-0.03,0.03,0.0,0.0,-0.014469468768009473
1773806343.1711054,True,0.81846946,1773806343.1623702,393.329,260.4198,15.328068,36.13264,1.4186368,395.9205225661985,260.8879157823394,547.9598828340756,0.9905196371723843,0.1318638457019782,1.4384485827625055,183.92052256619849,140.8879157823394,-2.105630597997284,-1.4384485827625055,-0.03,-0.03,0.03,0.0,0.0,-0.014384485827625056
1773806343.1808362,True,0.81846946,1773806343.1623702,393.329,260.4198,15.328068,36.13264,1.4186368,395.40222005491194,260.79429258680904,549.7249880522123,0.9898975630513334,0.1377766103281391,1.432502069139632,183.40222005491194,140.79429258680904,-2.1024145443076945,-1.432502069139632,-0.03,-0.03,0.03,0.0,0.0,-0.01432502069139632
1773806343.190916,True,0.81846946,1773806343.1623702,393.329,260.4198,15.328068,36.13264,1.4186368,394.9875780458827,260.7193940303847,550.960561704908,0.9894621111665977,0.14191554556645172,1.4283408930947004,182.98757804588269,140.7193940303847,-2.100169445020332,-1.4283408930947004,-0.03,-0.03,0.03,0.0,0.0,-0.014283408930947004
1773806343.2011914,True,0.2555603,1773806343.1991808,636.82324,189.18498,15.237269,23.453775,0.2751245,443.3547108742062,246.4125116842687,492.8838403369902,0.7741235020413375,0.38805829746296616,1.106119390353268,231.3547108742062,126.41251168426871,-2.2115591474557053,-1.106119390353268,-0.03,-0.03,0.03,0.0,0.0,-0.01106119390353268
1773806343.210593,True,0.2555603,1773806343.1991808,636.82324,189.18498,15.237269,23.453775,0.2751245,482.048417136865,234.96700580737593,452.2301353794478,0.6233864756536553,0.5603582237905262,0.8385927340829666,270.048417136865,114.96700580737593,-2.2976414764290136,-0.8385927340829666,-0.03,-0.03,0.03,0.0,0.0,-0.008385927340829666
1773806343.221128,True,0.2555603,1773806343.1991808,636.82324,189.18498,15.237269,23.453775,0.2751245,513.0033821469921,225.8106011058617,423.7725419091681,0.5178705571822779,0.6809681722198183,0.6501819717683183,301.00338214699207,105.8106011058617,-2.3626358222327966,-0.6501819717683182,-0.03,-0.03,0.03,0.0,0.0,-0.006501819717683182
1773806343.2313807,True,0.2555603,1773806343.1991808,636.82324,189.18498,15.237269,23.453775,0.2751245,537.7673541550937,218.48547734465032,403.85222647997233,0.4440094142523137,0.7653951361203228,0.5256622310204082,325.7673541550937,98.48547734465032,-2.4107836407493064,-0.5256622310204082,-0.03,-0.03,0.03,0.0,0.0,-0.005256622310204082
1773806343.2409995,True,0.86882526,1773806343.2353883,392.86194,259.58847,15.53055,35.761726,1.405706,508.78627101938747,226.70607596751714,449.3163461336369,0.6067276468244254,0.5850790101751585,0.8035607202154836,296.78627101938747,106.70607596751714,-2.304105479009479,-0.8035607202154837,-0.03,-0.03,0.03,0.0,0.0,-0.008035607202154838
1773806343.2508776,True,0.86882526,1773806343.2353883,392.86194,259.58847,15.53055,35.761726,1.405706,485.6014045108225,233.2825548658106,481.1412298912021,0.7206304096249037,0.4588577220135435,1.0037958020293012,273.6014045108225,113.2825548658106,-2.2356718315123287,-1.003795802029301,-0.03,-0.03,0.03,0.0,0.0,-0.01003795802029301
1773806343.2610838,True,0.86882526,1773806343.2353883,392.86194,259.58847,15.53055,35.761726,1.405706,467.0535113039705,238.54373798444536,503.41864852149774,0.8003623435852383,0.37050282030041304,1.1372511655524329,255.05351130397048,118.54373798444536,-2.1904105486072796,-1.137251165552433,-0.03,-0.03,0.03,0.0,0.0,-0.011372511655524331
1773806343.2711477,True,0.85882276,1773806343.2656808,392.48755,259.43082,15.312496,34.964787,1.4008824,452.1403188088014,242.72115371763442,513.012493662314,0.855933436246589,0.3100812398561853,1.223230333635556,240.1403188088014,122.72115371763442,-2.171532476766627,-1.223230333635556,-0.03,-0.03,0.03,0.0,0.0,-0.012232303336355561
1773806343.281289,True,0.85882276,1773806343.2656808,392.48755,259.43082,15.312496,34.964787,1.4008824,440.20976481266615,246.06308630418567,519.7281852608854,0.8948332011095346,0.2677861335452259,1.280020262177258,228.20976481266615,126.06308630418567,-2.158526721501149,-1.280020262177258,-0.03,-0.03,0.03,0.0,0.0,-0.012800202621772581
1773806343.29143,True,0.85882276,1773806343.2656808,392.48755,259.43082,15.312496,34.964787,1.4008824,430.66532161575793,248.73663237342666,524.4291693798854,0.9220630365135964,0.23817955912755434,1.3180104281283829,218.66532161575793,128.73663237342666,-2.149522301121627,-1.3180104281283829,-0.03,-0.03,0.03,0.0,0.0,-0.01318010428128383
1773806343.3014412,True,0.85882276,1773806343.2656808,392.48755,259.43082,15.312496,34.964787,1.4008824,423.02976705823136,250.87546922881947,527.7198582631853,0.9411239212964397,0.21745495703518425,1.343722575030425,211.02976705823136,130.87546922881947,-2.143267104326239,-1.343722575030425,-0.03,-0.03,0.03,0.0,0.0,-0.01343722575030425
1773806343.311012,True,0.86708504,1773806343.3019474,393.90195,259.07785,15.293998,35.868355,1.4023623,417.20420305088203,252.51594545141495,533.9750677764172,0.9545412952633514,0.2025100790042038,1.3617416822369945,205.20420305088203,132.51594545141495,-2.1314835274454786,-1.3617416822369945,-0.03,-0.03,0.03,0.0,0.0,-0.013617416822369945
1773806343.321369,True,0.86708504,1773806343.3019474,393.90195,259.07785,15.293998,35.868355,1.4023623,412.54375184500253,253.82832642949137,538.3537144356794,0.9639334570401896,0.19204866438251753,1.3741370685426857,200.54375184500253,133.82832642949137,-2.1233168698535807,-1.3741370685426857,-0.03,-0.03,0.03,0.0,0.0,-0.013741370685426857
1773806343.3313992,True,0.8407936,1773806343.3298938,394.48846,259.05383,15.473812,36.75482,1.3987796,408.9326943470958,254.87342774515562,547.4687548901318,0.9703258919884563,0.18578495366912096,1.3816193068747047,196.93269434709578,134.87342774515562,-2.1065272843900584,-1.3816193068747047,-0.03,-0.03,0.03,0.0,0.0,-0.013816193068747047
1773806343.341154,True,0.8407936,1773806343.3298938,394.48846,259.05383,15.473812,36.75482,1.3987796,406.0438483487704,255.70950879768702,553.8492832082485,0.974800596452243,0.18140035616974337,1.3868111215215622,194.04384834877038,135.70950879768702,-2.0949400779946483,-1.3868111215215622,-0.03,-0.03,0.03,0.0,0.0,-0.013868111215215622
1773806343.3511887,True,0.8407936,1773806343.3298938,394.48846,259.05383,15.473812,36.75482,1.3987796,403.73277155011004,256.3783736397121,558.3156530309302,0.9779328895768937,0.17833113792017902,1.3904230522211483,191.73277155011004,136.3783736397121,-2.0869081868819985,-1.3904230522211483,-0.03,-0.03,0.03,0.0,0.0,-0.013904230522211482
1773806343.3608546,True,0.8407936,1773806343.3298938,394.48846,259.05383,15.473812,36.75482,1.3987796,401.8839101111818,256.9134655133322,561.4421119068074,0.9801254947641493,0.176182685145484,1.392940485626592,189.88391011118182,136.9134655133322,-2.0813240023410833,-1.392940485626592,-0.03,-0.03,0.03,0.0,0.0,-0.013929404856265919
1773806343.3709586,True,0.8770281,1773806343.3628638,395.4432,259.01086,15.031894,35.776855,1.397294,400.59576944636734,257.3329452622283,554.3476436179683,0.9815837060943745,0.17511780975251223,1.3942503715818573,188.59576944636734,137.3329452622283,-2.094040670260786,-1.3942503715818573,-0.03,-0.03,0.03,0.0,0.0,-0.013942503715818573
1773806343.3809352,True,0.8770281,1773806343.3628638,395.4432,259.01086,15.031894,35.776855,1.397294,399.56525691451577,257.66852906134517,549.3815158157809,0.9826044540255321,0.174372396977432,1.39516534188299,187.56525691451577,137.66852906134517,-2.1030395469737755,-1.39516534188299,-0.03,-0.03,0.03,0.0,0.0,-0.0139516534188299
1773806343.3909476,True,0.8770281,1773806343.3628638,395.4432,259.01086,15.031894,35.776855,1.397294,398.7408468890345,257.9369961006386,545.9052263542496,0.9833189775773424,0.17385060803487584,1.3958048673252783,186.74084688903451,137.93699610063862,-2.1093872931856987,-1.3958048673252783,-0.03,-0.03,0.03,0.0,0.0,-0.013958048673252784
1773806343.401105,True,0.8429098,1773806343.3980331,396.95514,259.37744,15.783844,35.010574,1.4139247,398.38370534325884,258.22508516176094,547.914090576881,0.98463954158099,0.16856413238531542,1.4012461824035598,186.38370534325884,138.22508516176094,-2.105714170120233,-1.4012461824035598,-0.03,-0.03,0.03,0.0,0.0,-0.014012461824035599
1773806343.4109216,True,0.8429098,1773806343.3980331,396.95514,259.37744,15.783844,35.010574,1.4139247,398.09799210663834,258.4555564106588,549.320295532723,0.9855639363835432,0.16486359943062312,1.40505246796638,186.09799210663834,138.4555564106588,-2.103150988099091,-1.40505246796638,-0.03,-0.03,0.03,0.0,0.0,-0.014050524679663801
1773806343.4210227,True,0.8429098,1773806343.3980331,396.95514,259.37744,15.783844,35.010574,1.4139247,397.86942151734195,258.6399334097771,550.3046390018123,0.9862110127453305,0.1622732263623385,1.4077155094640832,185.86942151734195,138.6399334097771,-2.101360661777635,-1.4077155094640832,-0.03,-0.03,0.03,0.0,0.0,-0.014077155094640833
1773806343.4310486,True,0.8429098,1773806343.3980331,396.95514,259.37744,15.783844,35.010574,1.4139247,397.6865650459048,258.7874350090717,550.9936794301749,0.9866639661985817,0.16045996521453929,1.4095789499066695,185.68656504590479,138.78743500907171,-2.100109337759902,-1.4095789499066695,-0.03,-0.03,0.03,0.0,0.0,-0.014095789499066695
1773806343.441369,True,0.81947976,1773806343.4310486,398.7969,259.2643,16.873627,35.273727,1.4386224,397.9086331402395,258.88281055608553,564.2542792144036,0.9880480953065978,0.1518588141659245,1.4182939071364793,185.9086331402395,138.88281055608553,-2.0763276761915996,-1.4182939071364793,-0.03,-0.03,0.03,0.0,0.0,-0.014182939071364793
1773806343.451301,True,0.81947976,1773806343.4310486,398.7969,259.2643,16.873627,35.273727,1.4386224,398.08628761570725,258.9591109936966,573.5366990633638,0.989016985682209,0.14583800843189418,1.4243938185217286,186.08628761570725,138.95911099369658,-2.060010749844257,-1.4243938185217286,-0.03,-0.03,0.03,0.0,0.0,-0.014243938185217287
1773806343.4612126,True,0.81947976,1773806343.4310486,398.7969,259.2643,16.873627,35.273727,1.4386224,398.2284111960815,259.0201513437854,580.0343929576359,0.9896952089451369,0.14162344441807295,1.4286632011343599,186.22841119608148,139.02015134378541,-2.0487452757731948,-1.4286632011343599,-0.03,-0.03,0.03,0.0,0.0,-0.014286632011343598
1773806343.471232,True,0.278279,1773806343.4677298,636.7669,189.53552,15.354746,23.36126,0.26528928,445.93611030452143,245.12322556721585,513.6359372529623,0.7714431770899545,0.3886414199578647,1.104125388224911,233.93611030452143,125.12322556721585,-2.1703179545436155,-1.1041253882249107,-0.03,-0.03,0.03,0.0,0.0,-0.011041253882249106
1773806343.4813678,True,0.278279,1773806343.4677298,636.7669,189.53552,15.354746,23.36126,0.26528928,484.1022695912734,234.00568494596018,467.1570182596908,0.6186667547913267,0.561554002835719,0.8337520268133242,272.1022695912734,114.00568494596018,-2.265167247064514,-0.833752026813324,-0.03,-0.03,0.03,0.0,0.0,-0.00833752026813324
1773806343.490918,True,0.278279,1773806343.4677298,636.7669,189.53552,15.354746,23.36126,0.26528928,514.635197020675,225.11165244895565,434.62177496440074,0.5117232591822873,0.682592810850217,0.6432935393889726,302.63519702067504,105.11165244895565,-2.337356505729643,-0.6432935393889725,-0.03,-0.03,0.03,0.0,0.0,-0.006432935393889725
1773806343.5009396,True,0.7301659,1773806343.4994347,405.7743,260.0662,16.581972,36.54558,1.5009105,492.8630160149776,232.10256048455514,486.03458329539296,0.6574739756633272,0.4987636474302137,0.9218101450746479,280.8630160149776,112.10256048455514,-2.2255528953455834,-0.9218101450746481,-0.03,-0.03,0.03,0.0,0.0,-0.009218101450746481
1773806343.5110905,True,0.7301659,1773806343.4994347,405.7743,260.0662,16.581972,36.54558,1.5009105,475.4452712104196,237.69528691303475,522.0235491270876,0.7594994772000552,0.3700832330362114,1.117382436762219,263.4452712104196,117.69528691303475,-2.154119975623063,-1.117382436762219,-0.03,-0.03,0.03,0.0,0.0,-0.01117382436762219
1773806343.5211775,True,0.7301659,1773806343.4994347,405.7743,260.0662,16.581972,36.54558,1.5009105,461.51107536677324,242.16946805581844,547.2158252092738,0.8309173282757647,0.2800069429604098,1.2457625919513355,249.51107536677324,122.16946805581844,-2.1069893895296703,-1.2457625919513355,-0.03,-0.03,0.03,0.0,0.0,-0.012457625919513356
1773806343.5308518,True,0.80924535,1773806343.5293398,408.14685,261.0608,15.73682,34.876297,1.5205216,450.8382304106061,245.94773264777976,547.7036899511792,0.8812630780341735,0.21108091310619223,1.3357044155024427,238.83823041060612,125.94773264777976,-2.106098246815642,-1.3357044155024427,-0.03,-0.03,0.03,0.0,0.0,-0.013357044155024428
1773806343.5414374,True,0.80924535,1773806343.5293398,408.14685,261.0608,15.73682,34.876297,1.5205216,442.29995444567237,248.97034432134882,548.0451952705129,0.9165051028650597,0.16283269220823993,1.3949641083588942,230.29995444567237,128.97034432134882,-2.1054749190897426,-1.3949641083588942,-0.03,-0.03,0.03,0.0,0.0,-0.013949641083588942
1773806343.5509803,True,0.80924535,1773806343.5293398,408.14685,261.0608,15.73682,34.876297,1.5205216,435.4693336737254,251.38843366020407,548.2842489940465,0.94117452024668,0.12905893757967332,1.4345208267706566,223.46933367372537,131.38843366020407,-2.1050388207461785,-1.4345208267706566,-0.03,-0.03,0.03,0.0,0.0,-0.014345208267706567
1773806343.5610309,True,0.80924535,1773806343.5293398,408.14685,261.0608,15.73682,34.876297,1.5205216,430.00483705616784,253.32290513128828,548.45158660052,0.9584431124138143,0.10541730933967672,1.4612485861714561,218.00483705616784,133.32290513128828,-2.1047336650243698,-1.4612485861714561,-0.03,-0.03,0.03,0.0,0.0,-0.014612485861714562
1773806343.5710976,True,0.8871121,1773806343.5640366,410.27844,262.73938,17.159258,36.253616,1.5382332,426.0595581214968,255.20620008159312,570.5416538332546,0.9707511387784531,0.0835593399424454,1.484930981324726,214.05955812149682,135.20620008159312,-2.0652464962675063,-1.484930981324726,-0.03,-0.03,0.03,0.0,0.0,-0.014849309813247261
1773806343.581033,True,0.8871121,1773806343.5640366,410.27844,262.73938,17.159258,36.253616,1.5382332,422.90333497376,256.712836041837,586.0047008961689,0.9793667572337003,0.06825876136438348,1.5012120202072523,210.90333497376002,136.71283604183702,-2.0385048642064603,-1.5012120202072523,-0.03,-0.03,0.03,0.0,0.0,-0.015012120202072524
1773806343.5910585,True,0.8871121,1773806343.5640366,410.27844,262.73938,17.159258,36.253616,1.5382332,420.37835645557055,257.9181448100321,596.8288338402087,0.9853976901523733,0.05754835635974014,1.5124614393824305,208.37835645557055,137.91814481003212,-2.0202023139605307,-1.5124614393824305,-0.03,-0.03,0.03,0.0,0.0,-0.015124614393824305
1773806343.600813,True,0.8871121,1773806343.5640366,410.27844,262.73938,17.159258,36.253616,1.5382332,418.358373641019,258.88239182458824,604.4057269010367,0.9896193431954444,0.050051072856489805,1.5202632984236955,206.358373641019,138.88239182458824,-2.00758697005555,-1.5202632984236955,-0.03,-0.03,0.03,0.0,0.0,-0.015202632984236955
1773806343.611384,True,0.8871121,1773806343.5640366,410.27844,262.73938,17.159258,36.253616,1.5382332,416.74238738937777,259.6537894362331,609.7095520436163,0.9925745003255942,0.04480297440421457,1.5256887972772377,204.74238738937777,139.65378943623313,-1.998849976174488,-1.5256887972772377,-0.03,-0.03,0.03,0.0,0.0,-0.015256887972772377
1773806343.6209447,True,0.8871121,1773806343.5640366,410.27844,262.73938,17.159258,36.253616,1.5382332,415.44959838806477,260.27090752554903,613.422229643422,0.994643110316699,0.0411293054876219,1.5294690538415925,203.44959838806477,140.27090752554903,-1.9927791846902096,-1.5294690538415925,-0.03,-0.03,0.03,0.0,0.0,-0.015294690538415924
1773806343.6314058,True,0.8871121,1773806343.5640366,410.27844,262.73938,17.159258,36.253616,1.5382332,414.41536718701434,260.76460199700176,616.021103963286,0.9960911373104724,0.038557737246007036,1.532106597593371,202.41536718701434,140.76460199700176,-1.9885514531310815,-1.532106597593371,-0.03,-0.03,0.03,0.0,0.0,-0.01532106597593371
1773806343.6408937,True,0.8871121,1773806343.5640366,410.27844,262.73938,17.159258,36.253616,1.5382332,413.587982226174,261.15955757416395,617.8403159871908,0.9971047562061137,0.03675763947687663,1.533948641710717,201.587982226174,141.15955757416395,-1.9856026400589881,-1.533948641710717,-0.03,-0.03,0.03,0.0,0.0,-0.015339486417107171
1773806343.651476,True,0.8871121,1773806343.5640366,410.27844,262.73938,17.159258,36.253616,1.5382332,412.92607425750174,261.4755220358937,619.1137644039242,0.9978142894330627,0.035497571038485345,1.5352359950914394,200.92607425750174,141.47552203589368,-1.983543632555281,-1.5352359950914394,-0.03,-0.03,0.03,0.0,0.0,-0.015352359950914394
1773806343.6613317,True,0.8871121,1773806343.5640366,410.27844,262.73938,17.159258,36.253616,1.5382332,412.39654788256394,261.7282936052775,620.0051782956375,0.998310962691927,0.034615523131611446,1.5361361239494133,200.39654788256394,141.72829360527749,-1.9821048456644144,-1.5361361239494133,-0.03,-0.03,0.03,0.0,0.0,-0.015361361239494133
1773806343.6711307,True,0.8871121,1773806343.5640366,410.27844,262.73938,17.159258,36.253616,1.5382332,411.9729267826137,261.9305108607845,620.6291680198368,0.998658633973132,0.033998089596799716,1.5367657149028537,199.97292678261368,141.93051086078452,-1.9810989251388877,-1.5367657149028537,-0.03,-0.03,0.03,0.0,0.0,-0.015367657149028538
1773806343.6812766,True,0.8871121,1773806343.5640366,410.27844,262.73938,17.159258,36.253616,1.5382332,411.6340299026535,262.09228466519016,621.0659608267764,0.9989020038699755,0.033565886122431506,1.537206183879271,199.63402990265348,142.09228466519016,-1.9803953823532092,-1.537206183879271,-0.03,-0.03,0.03,0.0,0.0,-0.01537206183879271
1773806343.691321,True,0.8871121,1773806343.5640366,410.27844,262.73938,17.159258,36.253616,1.5382332,411.36291239868535,262.22170370871464,621.3717157916341,0.999072362797766,0.03326334369037376,1.5375143922439098,199.36291239868535,142.22170370871464,-1.9799031967461818,-1.5375143922439098,-0.03,-0.03,0.03,0.0,0.0,-0.015375143922439098
1773806343.701399,True,0.39965442,1773806343.698329,415.50378,261.88394,46.39253,28.663063,-0.001970656,412.1910867548858,262.15415129704985,833.8857869916438,0.6987594575460926,0.3232837580606995,1.1374694205246523,200.19108675488582,142.15415129704985,-1.6857362288308162,-1.1374694205246523,-0.03,-0.03,0.03,0.0,0.0,-0.011374694205246522
1773806343.7111616,True,0.39965442,1773806343.698329,415.50378,261.88394,46.39253,28.663063,-0.001970656,412.85362623984616,262.100109367718,982.6456368316506,0.48854042386992114,0.5262980481199275,0.7482097657239986,200.85362623984616,142.100109367718,-1.521584112128196,-0.7482097657239986,-0.03,-0.03,0.03,0.0,0.0,-0.007482097657239986
1773806343.721671,True,0.39965442,1773806343.698329,415.50378,261.88394,46.39253,28.663063,-0.001970656,413.38365782781443,262.05687582425253,1086.7775317196554,0.34138710029660113,0.6684080511613871,0.472207834903523,201.38365782781443,142.05687582425253,-1.4208604722148679,-0.47220783490352325,-0.03,-0.03,0.03,0.0,0.0,-0.004722078349035232
1773806343.730702,True,0.39965442,1773806343.698329,415.50378,261.88394,46.39253,28.663063,-0.001970656,413.80768309818905,262.02228898948016,1159.6698581412586,0.2383797737952772,0.7678850532904088,0.3010041187446113,201.80768309818905,142.02228898948016,-1.3559420372163433,-0.3010041187446113,-0.03,-0.03,0.03,0.0,0.0,-0.003010041187446113
1773806343.7409797,True,0.37176788,1773806343.7317185,415.71307,266.81085,37.622078,18.560078,-0.0035659156,414.18876122464496,262.9800016017404,1021.2495037262247,0.16579606923563642,0.837517629942168,0.19543449406968635,202.18876122464496,142.9800016017404,-1.4830505155317097,-0.19543449406968616,-0.03,-0.03,0.03,0.0,0.0,-0.0019543449406968618
1773806343.7511775,True,0.37176788,1773806343.7317185,415.71307,266.81085,37.622078,18.560078,-0.0035659156,414.4936237258097,263.74617169154857,924.3552556357009,0.11498747604388787,0.8862604335983995,0.12902380774628164,202.4936237258097,143.74617169154857,-1.5827362022123936,-0.12902380774628153,-0.03,-0.03,0.03,0.0,0.0,-0.0012902380774628152
1773806343.7608824,True,0.37176788,1773806343.7317185,415.71307,266.81085,37.622078,18.560078,-0.0035659156,414.73751372674155,264.3591077633951,856.5292819723343,0.07942146080966389,0.9203803961577615,0.08607876155957253,202.73751372674155,144.35910776339512,-1.6589441706366177,-0.08607876155957239,-0.03,-0.03,0.03,0.0,0.0,-0.0008607876155957239
1773806343.77113,True,0.37176788,1773806343.7317185,415.71307,266.81085,37.622078,18.560078,-0.0035659156,414.932625727487,264.84945662087233,809.0511004079776,0.0545252501457071,0.9442643699493147,0.05767957699956786,202.932625727487,144.84945662087233,-1.715970595789945,-0.05767957699956794,-0.03,-0.03,0.03,0.0,0.0,-0.0005767957699956794
1773806343.7810438,True,0.37176788,1773806343.7317185,415.71307,266.81085,37.622078,18.560078,-0.0035659156,415.08871532808337,265.2417357068541,775.816373312928,0.03709790268093736,0.9609831516034022,0.03858495370670578,203.08871532808337,145.24173570685412,-1.7579168159057406,-0.03858495370670578,-0.03,-0.03,0.03,0.0,0.0,-0.00038584953706705783
1773806343.7916157,True,0.37176788,1773806343.7317185,415.71307,266.81085,37.622078,18.560078,-0.0035659156,415.21358700856047,265.55555897563954,752.5520643463933,0.024898759455598538,0.9726862987612632,0.02559234491673608,203.21358700856047,145.55555897563954,-1.788362493028604,0.0,-0.03,-0.03,0.03,0.0,0.0,0.0
1773806343.8008356,True,0.37176788,1773806343.7317185,415.71307,266.81085,37.622078,18.560078,-0.0035659156,415.31348435294217,265.8066175906679,736.267048069819,0.016359359197861363,0.980878501771766,0.01667672658291909,203.31348435294217,145.80661759066788,-1.810239785787595,0.0,-0.03,-0.03,0.03,0.0,0.0,0.0
1773806343.8109531,True,0.37176788,1773806343.7317185,415.71307,266.81085,37.622078,18.560078,-0.0035659156,415.3934022284475,266.0074644826906,724.867536676217,0.01038177901744534,0.9866130438791181,0.010522256855886132,203.39340222844748,146.00746448269058,-1.8258437456296865,0.0,-0.03,-0.03,0.03,0.0,0.0,0.0
1773806343.8212373,True,0.37176788,1773806343.7317185,415.71307,266.81085,37.622078,18.560078,-0.0035659156,415.4573365288518,266.16814199630875,716.8878787006956,0.0061974728911541235,0.9906272233542643,0.006256028395779425,203.45733652885178,146.16814199630875,-1.8369132229785057,0.0,-0.03,-0.03,0.03,0.0,0.0,0.0
1773806343.8309052,True,0.37176788,1773806343.7317185,415.71307,266.81085,37.622078,18.560078,-0.0035659156,415.50848396917524,266.2966840072033,711.3021181178307,0.003268458602750272,0.9934371489868667,0.0032900388445197075,203.50848396917524,146.29668400720328,-1.8447354162111573,0.0,-0.03,-0.03,0.03,0.0,0.0,0.0
1773806343.84105,True,0.37176788,1773806343.7317185,415.71307,266.81085,37.622078,18.560078,-0.0035659156,415.54940192143397,266.3995176159189,707.3920857098252,0.0012181486008675767,0.9954040969296885,0.0012237723317771098,203.54940192143397,146.3995176159189,-1.8502475869068034,0.0,-0.03,-0.03,0.03,0.0,0.0,0.0
1773806343.8514,True,0.37176788,1773806343.7317185,415.71307,266.81085,37.622078,18.560078,-0.0035659156,415.58213628324097,266.4817845028914,704.6550630242214,-0.00021706840045031012,0.9967809604896638,-0.0002177694053388562,203.58213628324097,146.4817845028914,-1.8541242649849623,0.0,-0.03,-0.03,0.03,0.0,0.0,0.0
1773806343.8611288,True,0.37176788,1773806343.7317185,415.71307,266.81085,37.622078,18.560078,-0.0035659156,415.6083237726865,266.5475980124694,702.7391471442986,-0.001221720301372831,0.9977447649816464,-0.0012244811836202428,203.6083237726865,146.5475980124694,-1.8568469095000584,0.0,-0.03,-0.03,0.03,0.0,0.0,0.0
1773806343.8713677,True,0.37176788,1773806343.7317185,415.71307,266.81085,37.622078,18.560078,-0.0035659156,415.62927376424295,266.60024882013175,701.3980060283527,-0.0019249766320185953,0.9984194281260343,-0.0019280216235509722,203.62927376424295,146.60024882013175,-1.8587571809016084,0.0,-0.03,-0.03,0.03,0.0,0.0,0.0
1773806343.880871,True,0.37176788,1773806343.7317185,415.71307,266.81085,37.622078,18.560078,-0.0035659156,415.6460337574881,266.64236946626164,700.4592072471906,-0.0024172560634706302,0.9988916923271058,-0.0024199333756505983,203.6460337574881,146.64236946626164,-1.8600965454426104,0.0,-0.03,-0.03,0.03,0.0,0.0,0.0
1773806343.8912637,True,0.37176788,1773806343.7317185,415.71307,266.81085,37.622078,18.560078,-0.0035659156,415.65944175208426,266.6760659831656,699.8020481003772,-0.002761851665487055,0.9992222772678558,-0.0027639942534394266,203.65944175208426,146.67606598316559,-1.8610351691352263,0.0,-0.03,-0.03,0.03,0.0,0.0,0.0
1773806343.9010005,True,0.37176788,1773806343.7317185,415.71307,266.81085,37.622078,18.560078,-0.0035659156,415.67016814776116,266.7030231966887,699.3420366976077,-0.003003068586898552,0.9994536867263808,-0.0030047010575010038,203.67016814776116,146.70302319668872,-1.8616927303175848,0.0,-0.03,-0.03,0.03,0.0,0.0,0.0
1773806343.9111123,True,0.37176788,1773806343.7317185,415.71307,266.81085,37.622078,18.560078,-0.0035659156,415.6787492643027,266.72458896750726,699.0200287156691,-0.0031719204318866,0.9996156733473482,-0.0031731293042858945,203.67874926430272,146.72458896750726,-1.862153280550739,0.0,-0.03,-0.03,0.03,0.0,0.0,0.0
1773806343.9214487,True,0.37176788,1773806343.7317185,415.71307,266.81085,37.622078,18.560078,-0.0035659156,415.68561415753595,266.74184158416205,698.7946231283121,-0.0032901167233782337,0.9997290639820255,-0.003290996494812204,203.68561415753595,146.74184158416205,-1.8624757919638415,0.0,-0.03,-0.03,0.03,0.0,0.0,0.0
1773806343.9309602,True,0.37176788,1773806343.7317185,415.71307,266.81085,37.622078,18.560078,-0.0035659156,415.6911060721226,266.7556436774859,698.6368392171621,-0.003372854127422377,0.9998084374262997,-0.003373487566542915,203.69110607212258,146.75564367748592,-1.8627016118570845,0.0,-0.03,-0.03,0.03,0.0,0.0,0.0
1773806343.9412332,True,0.29842687,1773806343.9329674,636.75415,189.25696,15.612717,25.729876,0.25281772,459.9037149358231,251.25590654355125,609.5597645027947,0.07267893138573286,0.9903293445420569,0.07325731736753355,247.90371493582307,131.25590654355125,-1.9990956766764894,-0.07325731736753349,-0.03,-0.03,0.03,0.0,0.0,-0.0007325731736753349
1773806343.9507546,True,0.29842687,1773806343.9329674,636.75415,189.25696,15.612717,25.729876,0.25281772,495.27380202678347,238.85611683640352,547.2058122027374,0.12591518124494153,0.983693979523087,0.12731009418113848,283.27380202678347,118.85611683640352,-2.1070076877909516,-0.12731009418113848,-0.03,-0.03,0.03,0.0,0.0,-0.0012731009418113848
1773806343.961373,True,0.29842687,1773806343.9329674,636.75415,189.25696,15.612717,25.729876,0.25281772,523.5698716995519,228.93628507068533,503.55804559269745,0.1631805561463876,0.9790492240098081,0.16515432760173832,311.56987169955187,108.93628507068533,-2.1901336860484837,-0.16515432760173843,-0.03,-0.03,0.03,0.0,0.0,-0.0016515432760173844
1773806343.9708498,True,0.29842687,1773806343.9329674,636.75415,189.25696,15.612717,25.729876,0.25281772,546.2067274377665,221.0004196581108,473.00460896566943,0.18926631857739984,0.9757978951505129,0.19158173129315972,334.2067274377665,101.00041965811079,-2.2527275432004856,-0.19158173129315959,-0.03,-0.03,0.03,0.0,0.0,-0.001915817312931596
1773806343.981241,True,0.29842687,1773806343.9329674,636.75415,189.25696,15.612717,25.729876,0.25281772,564.3162120283382,214.65172732805115,451.61720332674986,0.2075263522791084,0.9735219649490061,0.21002702125701234,352.3162120283382,94.65172732805115,-2.2989977500394034,-0.21002702125701234,-0.03,-0.03,0.03,0.0,0.0,-0.0021002702125701234
1773806343.9914398,True,0.29842687,1773806343.9329674,636.75415,189.25696,15.612717,25.729876,0.25281772,578.8037997007956,209.57277346400343,436.64601937950613,0.2203083758703044,0.9719288138079514,0.22290464720264536,366.8037997007956,89.57277346400343,-2.332709833212967,-0.22290464720264547,-0.03,-0.03,0.03,0.0,0.0,-0.0022290464720264545
1773806344.00107,True,0.29842687,1773806343.9329674,636.75415,189.25696,15.612717,25.729876,0.25281772,590.3938698387615,205.50961037276528,426.16619061643553,0.22925579238414162,0.9708136080092131,0.23189969957797354,378.3938698387615,85.50961037276528,-2.357003286747678,-0.23189969957797363,-0.03,-0.03,0.03,0.0,0.0,-0.0023189969957797363
1773806344.011335,True,0.29842687,1773806343.9329674,636.75415,189.25696,15.612717,25.729876,0.25281772,599.6659259491341,202.25907989977475,418.8303104822861,0.23551898394382764,0.9700329639500963,0.23818591046900403,387.66592594913413,82.25907989977475,-2.3743668247814074,-0.23818591046900384,-0.03,-0.03,0.03,0.0,0.0,-0.0023818591046900384
1773806344.0208676,True,0.29842687,1773806343.9329674,636.75415,189.25696,15.612717,25.729876,0.25281772,607.0835708374323,199.65865552138231,413.6951943883815,0.23990321803560788,0.9694865131087146,0.24258090123814455,395.08357083743226,79.65865552138231,-2.3867032185335644,-0.24258090123814435,-0.03,-0.03,0.03,0.0,0.0,-0.0024258090123814437
1773806344.0308828,True,0.29842687,1773806343.9329674,636.75415,189.25696,15.612717,25.729876,0.25281772,613.0176867480709,197.57831601866837,410.10061312264827,0.24297218189985403,0.9691039975197474,0.2456546687712021,401.0176867480709,77.57831601866837,-2.3954301483050697,-0.245654668771202,-0.03,-0.03,0.03,0.0,0.0,-0.00245654668771202
1773806344.041307,True,0.28974953,1773806344.0343943,636.70874,189.90178,15.36887,24.574139,0.25820845,617.7558974453318,196.04300864989565,400.37344737433034,0.24668516967520587,0.9684274978829595,0.24942315437541382,405.7558974453318,76.04300864989565,-2.419434945765224,-0.24942315437541396,-0.03,-0.03,0.03,0.0,0.0,-0.0024942315437541398
1773806344.0509667,True,0.28974953,1773806344.0343943,636.70874,189.90178,15.36887,24.574139,0.25820845,621.5464660031405,194.81476275487748,393.5644313505078,0.24928426111795216,0.9679539481372079,0.25205992981874886,409.5464660031405,74.81476275487748,-2.4365878821674927,-0.2520599298187487,-0.03,-0.03,0.03,0.0,0.0,-0.002520599298187487
1773806344.0610356,True,0.28974953,1773806344.0343943,636.70874,189.90178,15.36887,24.574139,0.25820845,624.5789208493875,193.83216603886294,388.79812013383196,0.25110362512787454,0.967622463315182,0.25390507961513575,412.5789208493875,73.83216603886294,-2.4487724382305442,-0.25390507961513586,-0.03,-0.03,0.03,0.0,0.0,-0.0025390507961513585
1773806344.07091,True,0.28974953,1773806344.0343943,636.70874,189.90178,15.36887,24.574139,0.25820845,627.004884726385,193.0460886660513,385.46170228215885,0.25237717993482023,0.9673904239397637,0.2551963862218833,415.00488472638494,73.0460886660513,-2.4573908332616976,-0.2551963862218831,-0.03,-0.03,0.03,0.0,0.0,-0.0025519638622188315
1773806344.0811486,True,0.28974953,1773806344.0343943,636.70874,189.90178,15.36887,24.574139,0.25820845,628.945655827983,192.417226767802,383.1262097859877,0.2532686682996822,0.967227996376971,0.25610015207550946,416.94565582798305,72.41722676780199,-2.4634682113933444,-0.2561001520755095,-0.03,-0.03,0.03,0.0,0.0,-0.002561001520755095
1773806344.0912464,True,0.28974953,1773806344.0343943,636.70874,189.90178,15.36887,24.574139,0.25820845,630.4982727092615,191.91413724920253,381.49136503866794,0.2538927101550856,0.967114297083016,0.25673271437467743,418.4982727092615,71.91413724920253,-2.467744459526839,-0.2567327143746776,-0.03,-0.03,0.03,0.0,0.0,-0.002567327143746776
1773806344.100895,True,0.28621522,1773806344.09776,636.4908,190.66864,14.821934,22.877312,0.24495438,631.6967749056905,191.66503782670577,368.76975508761444,0.25047851641699437,0.968024524961135,0.253198953619085,419.6967749056905,71.66503782670577,-2.5016601964204153,-0.25319895361908484,-0.03,-0.03,0.03,0.0,0.0,-0.0025319895361908483
1773806344.1110826,True,0.28621522,1773806344.09776,636.4908,190.66864,14.821934,22.877312,0.24495438,632.6555766628337,191.46575828870837,359.864628121877,0.24808858080033047,0.9686616844758182,0.2507254249426995,420.6555766628337,71.46575828870837,-2.5261047480211767,-0.25072542494269934,-0.03,-0.03,0.03,0.0,0.0,-0.0025072542494269934
1773806344.1213038,True,0.28621522,1773806344.09776,636.4908,190.66864,14.821934,22.877312,0.24495438,633.4226180685482,191.30633465831045,353.63103924586073,0.24641562586866575,0.9691076961360965,0.24899402453467787,421.4226180685482,71.30633465831045,-2.5435785681747376,-0.248994024534678,-0.03,-0.03,0.03,0.0,0.0,-0.00248994024534678
1773806344.1310933,True,0.28621522,1773806344.09776,636.4908,190.66864,14.821934,22.877312,0.24495438,634.0362511931198,191.17879575399212,349.26752703264935,0.24524455741650045,0.9694199042982912,0.24778208482432043,422.0362511931198,71.17879575399212,-2.555994494105609,-0.2477820848243204,-0.03,-0.03,0.03,0.0,0.0,-0.002477820848243204
1773806344.1411314,True,0.28621522,1773806344.09776,636.4908,190.66864,14.821934,22.877312,0.24495438,634.5271576927771,191.07676463053744,346.2130684834014,0.24442480949998474,0.9696384500118276,0.24693374911713062,422.5271576927771,71.07676463053744,-2.5647782853653758,-0.2469337491171304,-0.03,-0.03,0.03,0.0,0.0,-0.002469337491171304
1773806344.1511374,True,0.28621522,1773806344.09776,636.4908,190.66864,14.821934,22.877312,0.24495438,634.919882892503,190.99513973177372,344.0749474989278,0.24385098595842375,0.969791432011303,0.24633992570351113,422.919882892503,70.99513973177372,-2.570973171478955,-0.24633992570351104,-0.03,-0.03,0.03,0.0,0.0,-0.0024633992570351104
1773806344.1612499,True,0.28621522,1773806344.09776,636.4908,190.66864,14.821934,22.877312,0.24495438,635.2340630522837,190.92983981276274,342.57826280979634,0.24344930947933105,0.9698985194109357,0.24592425524858638,423.23406305228366,70.92983981276274,-2.5753325396051703,-0.2459242552485863,-0.03,-0.03,0.03,0.0,0.0,-0.002459242552485863
1773806344.17104,True,0.28621522,1773806344.09776,636.4908,190.66864,14.821934,22.877312,0.24495438,635.4854071801083,190.87759987755393,341.5305835274043,0.24316813594396616,0.9699734805906788,0.24563328892717207,423.48540718010827,70.87759987755393,-2.5783954443082986,-0.24563328892717218,-0.03,-0.03,0.03,0.0,0.0,-0.0024563328892717217
1773806344.1811197,True,0.28621522,1773806344.09776,636.4908,190.66864,14.821934,22.877312,0.24495438,635.6864824823679,190.8358079293869,340.79720802972986,0.24297131446921075,0.9700259534164988,0.24542961400127888,423.68648248236786,70.8358079293869,-2.5805450732378357,-0.24542961400127883,-0.03,-0.03,0.03,0.0,0.0,-0.002454296140012788
1773806344.1909306,True,0.28621522,1773806344.09776,636.4908,190.66864,14.821934,22.877312,0.24495438,635.8473427241756,190.80237437085327,340.2838451813577,0.24283353943688196,0.9700626843945728,0.24528704229818946,423.84734272417563,70.80237437085327,-2.5820525676635624,-0.24528704229818965,-0.03,-0.03,0.03,0.0,0.0,-0.0024528704229818967
1773806344.2010014,True,0.28621522,1773806344.09776,636.4908,190.66864,14.821934,22.877312,0.24495438,635.9760309176218,190.77562752402636,339.92449118749727,0.2427370969142518,0.9700883960792246,0.24518724247468834,423.97603091762176,70.77562752402636,-2.5831091675553273,-0.24518724247468837,-0.03,-0.03,0.03,0.0,0.0,-0.002451872424746884
1773806344.2113147,True,0.28621522,1773806344.09776,636.4908,190.66864,14.821934,22.877312,0.24495438,636.0789814723787,190.75423004656486,339.67294339179495,0.2426695871484107,0.9701063942584809,0.2451173827801144,424.0789814723787,70.75423004656486,-2.5838494523015343,-0.2451173827801143,-0.03,-0.03,0.03,0.0,0.0,-0.0024511738278011432
1773806344.2215555,True,0.28621522,1773806344.09776,636.4908,190.66864,14.821934,22.877312,0.24495438,636.1613419161843,190.73711206459564,339.4968599348033,0.24262233031232192,0.9701189929839604,0.24506848108345505,424.16134191618426,70.73711206459564,-2.5843679778899054,-0.24506848108345514,-0.03,-0.03,0.03,0.0,0.0,-0.0024506848108345513
1773806344.2319593,True,0.28621522,1773806344.09776,636.4908,190.66864,14.821934,22.877312,0.24495438,636.2272302712287,190.72341767902026,339.3736015149092,0.24258925052705976,0.970127812091796,0.24503424993981437,424.2272302712287,70.72341767902026,-2.5847311058450835,-0.24503424993981415,-0.03,-0.03,0.03,0.0,0.0,-0.0024503424993981416
1773806344.241206,True,0.28621522,1773806344.09776,636.4908,190.66864,14.821934,22.877312,0.24495438,636.2799409552642,190.71246217055997,339.2873206209833,0.24256609467737625,0.9701339854672808,0.24501028816088585,424.27994095526424,70.71246217055997,-2.584985373894345,-0.245010288160886,-0.03,-0.03,0.03,0.0,0.0,-0.00245010288160886
1773806344.2511795,True,0.28621522,1773806344.09776,636.4908,190.66864,14.821934,22.877312,0.24495438,636.3221095024926,190.70369776379172,339.22692399523515,0.2425498855825978,0.9701383068301204,0.24499351492624669,424.3221095024926,70.70369776379172,-2.585163400004738,-0.24499351492624655,-0.03,-0.03,0.03,0.0,0.0,-0.0024499351492624655
1773806344.2612655,True,0.28621522,1773806344.09776,636.4908,190.66864,14.821934,22.877312,0.24495438,636.3558443402753,190.69668623837714,339.1846463572115,0.24253853921625287,0.9701413317841079,0.24498177366720447,424.3558443402753,70.69668623837714,-2.58528803714221,-0.24498177366720464,-0.03,-0.03,0.03,0.0,0.0,-0.0024498177366720462
1773806344.2709112,True,0.28621522,1773806344.09776,636.4908,190.66864,14.821934,22.877312,0.24495438,636.3828322105015,190.69107701804546,339.1550520105949,0.24253059675981145,0.9701434492518992,0.24497355478842744,424.38283221050153,70.69107701804546,-2.58537529238234,-0.24497355478842753,-0.03,-0.03,0.03,0.0,0.0,-0.0024497355478842755
1773806344.2809517,True,0.28621522,1773806344.09776,636.4908,190.66864,14.821934,22.877312,0.24495438,636.4044225066825,190.68658964178013,339.13433596796324,0.24252503704030245,0.9701449314793531,0.244967801574535,424.4044225066825,70.68658964178013,-2.585436375580766,-0.24496780157453513,-0.03,-0.03,0.03,0.0,0.0,-0.0024496780157453515
1773806344.2911744,True,0.28621522,1773806344.09776,636.4908,190.66864,14.821934,22.877312,0.24495438,636.4216947436273,190.68299974076785,339.1198347381211,0.24252114523664614,0.970145969038571,0.24496377432542363,424.4216947436273,70.68299974076785,-2.5854791360398113,-0.2449637743254236,-0.03,-0.03,0.03,0.0,0.0,-0.002449637743254236
1773806344.3012128,False,0.28621522,1773806344.09776,636.4908,190.66864,14.821934,22.877312,0.24495438,,,,,,,,,,,0.0,0.0,0.0,0.0,0.0,0.0
1773806344.3107996,False,0.28621522,1773806344.09776,636.4908,190.66864,14.821934,22.877312,0.24495438,,,,,,,,,,,0.0,0.0,0.0,0.0,0.0,0.0
1773806344.3208792,False,0.28621522,1773806344.09776,636.4908,190.66864,14.821934,22.877312,0.24495438,,,,,,,,,,,0.0,0.0,0.0,0.0,0.0,0.0
1773806344.3309083,False,0.28621522,1773806344.09776,636.4908,190.66864,14.821934,22.877312,0.24495438,,,,,,,,,,,0.0,0.0,0.0,0.0,0.0,0.0
1773806344.3408196,False,0.28621522,1773806344.09776,636.4908,190.66864,14.821934,22.877312,0.24495438,,,,,,,,,,,0.0,0.0,0.0,0.0,0.0,0.0
1773806344.3508694,False,0.28621522,1773806344.09776,636.4908,190.66864,14.821934,22.877312,0.24495438,,,,,,,,,,,0.0,0.0,0.0,0.0,0.0,0.0
1773806344.3609266,False,0.28621522,1773806344.09776,636.4908,190.66864,14.821934,22.877312,0.24495438,,,,,,,,,,,0.0,0.0,0.0,0.0,0.0,0.0
1773806344.3709307,False,0.28621522,1773806344.09776,636.4908,190.66864,14.821934,22.877312,0.24495438,,,,,,,,,,,0.0,0.0,0.0,0.0,0.0,0.0
1773806344.380989,False,0.28621522,1773806344.09776,636.4908,190.66864,14.821934,22.877312,0.24495438,,,,,,,,,,,0.0,0.0,0.0,0.0,0.0,0.0
1773806344.3911872,False,0.28621522,1773806344.09776,636.4908,190.66864,14.821934,22.877312,0.24495438,,,,,,,,,,,0.0,0.0,0.0,0.0,0.0,0.0
1773806344.4011385,False,0.28621522,1773806344.09776,636.4908,190.66864,14.821934,22.877312,0.24495438,,,,,,,,,,,0.0,0.0,0.0,0.0,0.0,0.0
1773806344.411346,False,0.28621522,1773806344.09776,636.4908,190.66864,14.821934,22.877312,0.24495438,,,,,,,,,,,0.0,0.0,0.0,0.0,0.0,0.0
1773806344.4209695,False,0.28621522,1773806344.09776,636.4908,190.66864,14.821934,22.877312,0.24495438,,,,,,,,,,,0.0,0.0,0.0,0.0,0.0,0.0
1773806344.4310393,False,0.28621522,1773806344.09776,636.4908,190.66864,14.821934,22.877312,0.24495438,,,,,,,,,,,0.0,0.0,0.0,0.0,0.0,0.0
1773806344.4410768,False,0.28621522,1773806344.09776,636.4908,190.66864,14.821934,22.877312,0.24495438,,,,,,,,,,,0.0,0.0,0.0,0.0,0.0,0.0
1773806344.4512947,False,0.28621522,1773806344.09776,636.4908,190.66864,14.821934,22.877312,0.24495438,,,,,,,,,,,0.0,0.0,0.0,0.0,0.0,0.0
1773806344.460858,False,0.28621522,1773806344.09776,636.4908,190.66864,14.821934,22.877312,0.24495438,,,,,,,,,,,0.0,0.0,0.0,0.0,0.0,0.0
1773806344.470991,False,0.28621522,1773806344.09776,636.4908,190.66864,14.821934,22.877312,0.24495438,,,,,,,,,,,0.0,0.0,0.0,0.0,0.0,0.0
1773806344.4809682,False,0.28621522,1773806344.09776,636.4908,190.66864,14.821934,22.877312,0.24495438,,,,,,,,,,,0.0,0.0,0.0,0.0,0.0,0.0
1773806344.491022,False,0.28621522,1773806344.09776,636.4908,190.66864,14.821934,22.877312,0.24495438,,,,,,,,,,,0.0,0.0,0.0,0.0,0.0,0.0
1773806344.501155,False,0.28621522,1773806344.09776,636.4908,190.66864,14.821934,22.877312,0.24495438,,,,,,,,,,,0.0,0.0,0.0,0.0,0.0,0.0
1773806344.5110407,False,0.28621522,1773806344.09776,636.4908,190.66864,14.821934,22.877312,0.24495438,,,,,,,,,,,0.0,0.0,0.0,0.0,0.0,0.0
1773806344.5210657,False,0.28621522,1773806344.09776,636.4908,190.66864,14.821934,22.877312,0.24495438,,,,,,,,,,,0.0,0.0,0.0,0.0,0.0,0.0
1773806344.5312314,False,0.28621522,1773806344.09776,636.4908,190.66864,14.821934,22.877312,0.24495438,,,,,,,,,,,0.0,0.0,0.0,0.0,0.0,0.0
1773806344.5409853,False,0.28621522,1773806344.09776,636.4908,190.66864,14.821934,22.877312,0.24495438,,,,,,,,,,,0.0,0.0,0.0,0.0,0.0,0.0
1773806344.5509965,False,0.28621522,1773806344.09776,636.4908,190.66864,14.821934,22.877312,0.24495438,,,,,,,,,,,0.0,0.0,0.0,0.0,0.0,0.0
1773806344.5616417,False,0.28621522,1773806344.09776,636.4908,190.66864,14.821934,22.877312,0.24495438,,,,,,,,,,,0.0,0.0,0.0,0.0,0.0,0.0
1773806344.570575,False,0.28621522,1773806344.09776,636.4908,190.66864,14.821934,22.877312,0.24495438,,,,,,,,,,,0.0,0.0,0.0,0.0,0.0,0.0
1773806344.5811388,False,0.28621522,1773806344.09776,636.4908,190.66864,14.821934,22.877312,0.24495438,,,,,,,,,,,0.0,0.0,0.0,0.0,0.0,0.0
1773806344.5912015,False,0.28621522,1773806344.09776,636.4908,190.66864,14.821934,22.877312,0.24495438,,,,,,,,,,,0.0,0.0,0.0,0.0,0.0,0.0
1773806344.601253,False,0.28621522,1773806344.09776,636.4908,190.66864,14.821934,22.877312,0.24495438,,,,,,,,,,,0.0,0.0,0.0,0.0,0.0,0.0
1773806344.6114762,False,0.28621522,1773806344.09776,636.4908,190.66864,14.821934,22.877312,0.24495438,,,,,,,,,,,0.0,0.0,0.0,0.0,0.0,0.0
1773806344.6210995,False,0.28621522,1773806344.09776,636.4908,190.66864,14.821934,22.877312,0.24495438,,,,,,,,,,,0.0,0.0,0.0,0.0,0.0,0.0
1773806344.631296,False,0.28621522,1773806344.09776,636.4908,190.66864,14.821934,22.877312,0.24495438,,,,,,,,,,,0.0,0.0,0.0,0.0,0.0,0.0
1773806344.6409903,False,0.28621522,1773806344.09776,636.4908,190.66864,14.821934,22.877312,0.24495438,,,,,,,,,,,0.0,0.0,0.0,0.0,0.0,0.0
1773806344.6511743,False,0.28621522,1773806344.09776,636.4908,190.66864,14.821934,22.877312,0.24495438,,,,,,,,,,,0.0,0.0,0.0,0.0,0.0,0.0
1773806344.6613,False,0.28621522,1773806344.09776,636.4908,190.66864,14.821934,22.877312,0.24495438,,,,,,,,,,,0.0,0.0,0.0,0.0,0.0,0.0
1773806344.670751,False,0.28621522,1773806344.09776,636.4908,190.66864,14.821934,22.877312,0.24495438,,,,,,,,,,,0.0,0.0,0.0,0.0,0.0,0.0
1773806344.681122,False,0.28621522,1773806344.09776,636.4908,190.66864,14.821934,22.877312,0.24495438,,,,,,,,,,,0.0,0.0,0.0,0.0,0.0,0.0
1773806344.6913414,False,0.28621522,1773806344.09776,636.4908,190.66864,14.821934,22.877312,0.24495438,,,,,,,,,,,0.0,0.0,0.0,0.0,0.0,0.0
1773806344.7010198,False,0.28621522,1773806344.09776,636.4908,190.66864,14.821934,22.877312,0.24495438,,,,,,,,,,,0.0,0.0,0.0,0.0,0.0,0.0
1773806344.71095,True,0.3543242,1773806344.7010198,421.93713,277.81006,42.38851,17.27872,0.001337271,593.5247825527143,208.1084115113643,457.1096594631691,0.1701659828313502,0.9791019100830001,0.1720791751124934,381.5247825527143,88.1084115113643,-2.2869093585871787,-0.1720791751124935,-0.03,-0.03,0.03,0.0,0.0,-0.001720791751124935
1773806344.7212143,True,0.3543242,1773806344.7010198,421.93713,277.81006,42.38851,17.27872,0.001337271,559.207252799984,222.04874092784144,539.7025367707027,0.11951736914764305,0.9853710688141006,0.12070213143552085,347.20725279998396,102.04874092784144,-2.1208145458100396,-0.12070213143552078,-0.03,-0.03,0.03,0.0,0.0,-0.0012070213143552078
1773806344.7314475,True,0.3543242,1773806344.7010198,421.93713,277.81006,42.38851,17.27872,0.001337271,531.7532289977997,233.20100446102316,597.5175508859763,0.08406333956904805,0.9897594799258709,0.08472975271410285,319.75322899779974,113.20100446102316,-2.0190490185164065,-0.08472975271410288,-0.03,-0.03,0.03,0.0,0.0,-0.0008472975271410289
1773806344.7412174,True,0.52828556,1773806344.7354589,424.41708,277.99506,41.09397,17.460524,-0.0012766945,510.2859999462867,242.1598147992873,633.5189689697928,0.058461329461075996,0.9928313914558269,0.058815528304845315,298.2859999462867,122.15981479928729,-1.9605427333203376,-0.058815528304845266,-0.03,-0.03,0.03,0.0,0.0,-0.0005881552830484527
1773806344.7507381,True,0.52828556,1773806344.7354589,424.41708,277.99506,41.09397,17.460524,-0.0012766945,493.1122167050763,249.3268630698986,658.7199616284643,0.04053992238549556,0.9949817295267962,0.0407218645223915,281.1122167050763,129.3268630698986,-1.9215341759884816,-0.04072186452239146,-0.03,-0.03,0.03,0.0,0.0,-0.0004072186452239146
1773806344.7613018,True,0.52828556,1773806344.7354589,424.41708,277.99506,41.09397,17.460524,-0.0012766945,479.373190112108,255.06050168638765,676.3606564895343,0.02799493743258925,0.9964869661764746,0.028086243821619755,267.373190112108,135.06050168638765,-1.8951062264671883,0.0,-0.03,-0.03,0.03,0.0,0.0,0.0
1773806344.7711856,True,0.52828556,1773806344.7354589,424.41708,277.99506,41.09397,17.460524,-0.0012766945,468.3819688377333,259.6474125795789,688.7091428922834,0.019213447965554836,0.9975406318312494,0.01925843614998467,256.3819688377333,139.64741257957888,-1.8770136377153885,0.0,-0.03,-0.03,0.03,0.0,0.0,0.0
1773806344.781347,True,0.52828556,1773806344.7354589,424.41708,277.99506,41.09397,17.460524,-0.0012766945,459.5889918182336,263.3169412941319,697.3530833742077,0.013066405338630746,0.9982781977895918,0.013088194516974974,247.58899181823358,143.31694129413188,-1.8645408174044267,0.0,-0.03,-0.03,0.03,0.0,0.0,0.0
1773806344.79137,True,0.52828556,1773806344.7354589,424.41708,277.99506,41.09397,17.460524,-0.0012766945,452.5546102026338,266.25256426577425,703.4038417115547,0.008763475499783884,0.9987944939604316,0.008773827529781132,240.5546102026338,146.25256426577425,-1.855901494102004,0.0,-0.03,-0.03,0.03,0.0,0.0,0.0
1773806344.8009138,True,0.52828556,1773806344.7354589,424.41708,277.99506,41.09397,17.460524,-0.0012766945,446.92710491015396,268.60106264308814,707.6393725476976,0.005751424612591082,0.9991559012800195,0.005756219907609352,234.92710491015396,148.60106264308814,-1.8498980726413123,0.0,-0.03,-0.03,0.03,0.0,0.0,0.0
1773806344.81124,True,0.44142735,1773806344.8009138,426.21774,278.5563,37.318024,18.644377,0.010798536,442.78523251210754,270.59211110079866,704.0789511642477,0.007265495141503655,0.9993916398082395,0.007269789798340894,230.78523251210754,150.59211110079866,-1.8549421793481973,0.0,-0.03,-0.03,0.03,0.0,0.0,0.0
1773806344.8210611,True,0.44142735,1773806344.8009138,426.21774,278.5563,37.318024,18.644377,0.010798536,439.4717345936704,272.1849498669671,701.5866561958327,0.008325344511742456,0.9995566567779935,0.008328844538876898,227.47173459367042,152.1849498669671,-1.858488253986445,0.0,-0.03,-0.03,0.03,0.0,0.0,0.0
1773806344.8309326,True,0.44142735,1773806344.8009138,426.21774,278.5563,37.318024,18.644377,0.010798536,436.8209362589207,273.4592208799018,699.8420497179422,0.009067239070909616,0.9996721686568213,0.009069963851454766,224.8209362589207,153.4592208799018,-1.8609780094363595,0.0,-0.03,-0.03,0.03,0.0,0.0,0.0
1773806344.8410606,True,0.46754566,1773806344.8309326,426.61224,277.6868,38.465775,18.239426,0.009754691,434.77919773760533,274.3047363230621,700.3675231814658,0.009273428321854175,0.9997562450726785,0.009275423308700861,222.77919773760533,154.30473632306212,-1.860227445380289,0.0,-0.03,-0.03,0.03,0.0,0.0,0.0
1773806344.8508878,True,0.46754566,1773806344.8309326,426.61224,277.6868,38.465775,18.239426,0.009754691,433.145806920553,274.98114867759034,700.7353546059323,0.009417760797515367,0.9998150985637784,0.00941922390373197,221.145806920553,154.98114867759034,-1.8597023855310109,0.0,-0.03,-0.03,0.03,0.0,0.0,0.0
1773806344.860923,True,0.46754566,1773806344.8309326,426.61224,277.6868,38.465775,18.239426,0.009754691,431.83909426691116,275.52227856121294,700.9928366030588,0.009518793530478202,0.9998562960075483,0.009519874016233809,219.83909426691116,155.52227856121294,-1.8593350076019126,0.0,-0.03,-0.03,0.03,0.0,0.0,0.0
1773806344.870822,True,0.46754566,1773806344.8309326,426.61224,277.6868,38.465775,18.239426,0.009754691,430.7937241439977,275.955182468111,701.1730740010473,0.009589516443552187,0.9998851342181874,0.009590324045415839,218.79372414399768,155.955182468111,-1.8590779233330426,0.0,-0.03,-0.03,0.03,0.0,0.0,0.0
1773806344.8812044,True,0.46754566,1773806344.8309326,426.61224,277.6868,38.465775,18.239426,0.009754691,429.9574280456669,276.30150559362943,701.2992401796394,0.009639022482703976,0.9999053209656346,0.009639636591348862,217.95742804566692,156.30150559362943,-1.8588980036616782,0.0,-0.03,-0.03,0.03,0.0,0.0,0.0
1773806344.8909447,True,0.46754566,1773806344.8309326,426.61224,277.6868,38.465775,18.239426,0.009754691,429.2883911670023,276.57856409404417,701.3875565046537,0.009673676710110228,0.9999194516888477,0.00967415416092929,217.28839116700232,156.57856409404417,-1.8587720791497488,0.0,-0.03,-0.03,0.03,0.0,0.0,0.0
1773806344.9009826,True,0.46754566,1773806344.8309326,426.61224,277.6868,38.465775,18.239426,0.009754691,428.7531616640706,276.80021089437594,701.4493779321638,0.009697934669294604,0.9999293431950969,0.009698315865450821,216.7531616640706,156.80021089437594,-1.8586839414253526,0.0,-0.03,-0.03,0.03,0.0,0.0,0.0
1773806344.9110167,True,0.46754566,1773806344.8309326,426.61224,277.6868,38.465775,18.239426,0.009754691,428.32497806172523,276.9775283346414,701.4926529314209,0.009714915240723668,0.9999362672494714,0.009715228767457076,216.32497806172523,156.97752833464142,-1.858622249640063,0.0,-0.03,-0.03,0.03,0.0,0.0,0.0
1773806344.9213295,True,0.46754566,1773806344.8309326,426.61224,277.6868,38.465775,18.239426,0.009754691,427.98243117984896,277.1193822868538,701.5229454309008,0.009726801640724012,0.9999411140875334,0.009727067656190797,215.98243117984896,157.1193822868538,-1.8585790676547453,0.0,-0.03,-0.03,0.03,0.0,0.0,0.0
1773806344.9308453,True,0.46754566,1773806344.8309326,426.61224,277.6868,38.465775,18.239426,0.009754691,427.7083936743479,277.23286544862367,701.5441501805367,0.009735122120724254,0.9999445068741768,0.009735354808394804,215.70839367434792,157.23286544862367,-1.8585488413744715,0.0,-0.03,-0.03,0.03,0.0,0.0,0.0
1773806344.9411776,True,0.46754566,1773806344.8309326,426.61224,277.6868,38.465775,18.239426,0.009754691,427.4891636699471,277.3236519780396,701.5589935052819,0.009740946456724422,0.9999468818248272,0.009741155780681573,215.48916366994712,157.3236519780396,-1.8585276835218751,0.0,-0.03,-0.03,0.03,0.0,0.0,0.0
1773806344.951546,True,0.46754566,1773806344.8309326,426.61224,277.6868,38.465775,18.239426,0.009754691,427.31377966642646,277.3962812015723,701.5693838326035,0.009745023491924541,0.9999485442902825,0.009745216444496737,215.31377966642646,157.39628120157232,-1.8585128732914078,0.0,-0.03,-0.03,0.03,0.0,0.0,0.0
1773806344.9610615,True,0.46754566,1773806344.8309326,426.61224,277.6868,38.465775,18.239426,0.009754691,427.1734724636099,277.4543845803985,701.5766570617286,0.009747877416564625,0.9999497080161013,0.009748058900942384,215.17347246360993,157.45438458039848,-1.8585025062605882,0.0,-0.03,-0.03,0.03,0.0,0.0,0.0
1773806344.9711106,True,0.7513502,1773806344.9695842,417.666,271.4682,20.13541,42.116577,1.5429971,425.27197499237235,276.25714780103755,745.5140237127413,0.30670760228690847,0.7083034829925308,0.40864165644332917,213.27197499237235,156.25714780103755,-1.7977587305799871,-0.4086416564433293,-0.03,-0.03,0.03,0.0,0.0,-0.0040864165644332925
1773806344.9810977,True,0.7513502,1773806344.9695842,417.666,271.4682,20.13541,42.116577,1.5429971,423.7507770153823,275.2993583775488,776.2701803684502,0.5145794096961491,0.5041511254760314,0.7956343540619374,211.7507770153823,155.2993583775488,-1.7573320455946033,-0.7956343540619373,-0.03,-0.03,0.03,0.0,0.0,-0.007956343540619373
1773806344.991187,True,0.7513502,1773806344.9695842,417.666,271.4682,20.13541,42.116577,1.5429971,422.53381863379025,274.53312683875777,797.7994900274464,0.6600896748826176,0.3612444752144817,1.0700547666241729,210.53381863379025,154.53312683875777,-1.729975375510866,-1.0700547666241729,-0.03,-0.03,0.03,0.0,0.0,-0.01070054766624173
1773806345.0012858,True,0.825536,1773806344.9977837,416.72882,270.19977,19.875652,41.230392,1.5487261,421.37281906718846,273.66645508428746,804.3039301285874,0.7619897110267606,0.2594916686311699,1.2425695130192207,209.37281906718846,153.66645508428746,-1.7218554554639725,-1.2425695130192207,-0.03,-0.03,0.03,0.0,0.0,-0.012425695130192206
1773806345.010908,True,0.825536,1773806344.9977837,416.72882,270.19977,19.875652,41.230392,1.5487261,420.44401941390703,272.9731176807112,808.8570381993861,0.8333197363276607,0.18826470402285167,1.3486051215077324,208.44401941390703,152.9731176807112,-1.7162104885315554,-1.3486051215077324,-0.03,-0.03,0.03,0.0,0.0,-0.013486051215077325
1773806345.021211,True,0.825536,1773806344.9977837,416.72882,270.19977,19.875652,41.230392,1.5487261,419.7009796912819,272.41844775785023,812.0442138489452,0.8832507540382907,0.1384058287970289,1.4153598581453322,207.70097969128187,152.41844775785023,-1.7122778865262225,-1.4153598581453322,-0.03,-0.03,0.03,0.0,0.0,-0.014153598581453321
1773806345.0313191,True,0.825536,1773806344.9977837,416.72882,270.19977,19.875652,41.230392,1.5487261,419.10654791318177,271.97471181956143,814.2752368036365,0.9182024664357317,0.10350461613895295,1.458544920547181,207.10654791318177,151.97471181956143,-1.709534238157118,-1.458544920547181,-0.03,-0.03,0.03,0.0,0.0,-0.01458544920547181
1773806345.0413752,True,0.81611574,1773806345.0358424,417.8456,269.17712,17.692728,38.2568,1.5318137,418.85436064499856,271.41519426033665,773.0528220125454,0.9425138090675055,0.08414504536291523,1.4817551368753892,206.85436064499856,151.41519426033665,-1.7614852957248524,-1.4817551368753892,-0.03,-0.03,0.03,0.0,0.0,-0.014817551368753892
1773806345.051139,True,0.81611574,1773806345.0358424,417.8456,269.17712,17.692728,38.2568,1.5318137,418.652610830452,270.9675802129568,744.1971316587817,0.9595317489097471,0.07059334581968882,1.4973580142309106,206.65261083045198,150.96758021295682,-1.7995267141145614,-1.4973580142309106,-0.03,-0.03,0.03,0.0,0.0,-0.014973580142309107
1773806345.06117,True,0.81611574,1773806345.0358424,417.8456,269.17712,17.692728,38.2568,1.5318137,418.4912109788147,270.60948897505295,723.9981484111471,0.9714443067993163,0.061107156139430324,1.5079756900703163,206.4912109788147,150.60948897505295,-1.827043840819132,-1.5079756900703163,-0.03,-0.03,0.03,0.0,0.0,-0.015079756900703163
1773806345.0707347,True,0.87135255,1773806345.0692303,419.58417,267.33188,19.264832,40.908405,1.5322572,418.70980227914555,269.95396691246424,743.2267739561623,0.9797882526809277,0.0543338857227761,1.5153983448475508,206.70980227914555,149.95396691246424,-1.8008314636706433,-1.5153983448475508,-0.03,-0.03,0.03,0.0,0.0,-0.015153983448475508
1773806345.0810037,True,0.87135255,1773806345.0692303,419.58417,267.33188,19.264832,40.908405,1.5322572,418.88467531941023,269.42954926239327,756.686811837673,0.9856290147980558,0.049592596431118144,1.5205230409213237,206.88467531941023,149.42954926239327,-1.7828832307314564,-1.5205230409213237,-0.03,-0.03,0.03,0.0,0.0,-0.015205230409213238
1773806345.0908587,True,0.87135255,1773806345.0692303,419.58417,267.33188,19.264832,40.908405,1.5322572,419.024573751622,269.0100151423365,766.1088383547304,0.9897175482800454,0.04627369392695758,1.5240759060018008,207.02457375162197,149.0100151423365,-1.7705084294861937,-1.5240759060018008,-0.03,-0.03,0.03,0.0,0.0,-0.015240759060018007
1773806345.100809,True,0.8822288,1773806345.0991995,419.71292,266.81818,19.909142,41.085007,1.5341376,419.1622432298132,268.5716473677755,781.6663540846394,0.9926007271048556,0.04338673875398885,1.527113969983845,207.1622432298132,148.57164736777548,-1.7504046834379403,-1.527113969983845,-0.03,-0.03,0.03,0.0,0.0,-0.01527113969983845
1773806345.111057,True,0.8822288,1773806345.0991995,419.71292,266.81818,19.909142,41.085007,1.5341376,419.2723788123662,268.2209531481266,792.5566150955756,0.9946189522822226,0.041365870132910744,1.5292306150483577,207.27237881236618,148.22095314812663,-1.7365687339521867,-1.5292306150483577,-0.03,-0.03,0.03,0.0,0.0,-0.015292306150483577
1773806345.1210756,True,0.8822288,1773806345.0991995,419.71292,266.81818,19.909142,41.085007,1.5341376,419.3604872784086,267.94039777240755,800.1797978032309,0.9960317099063796,0.03995126209815607,1.5307073846393067,207.36048727840858,147.94039777240755,-1.7269962260883258,-1.5307073846393067,-0.03,-0.03,0.03,0.0,0.0,-0.015307073846393068
1773806345.1311355,True,0.8822288,1773806345.0991995,419.71292,266.81818,19.909142,41.085007,1.5341376,419.4309740512425,267.7159534718323,805.5160256985897,0.9970206402432894,0.038961036473827794,1.5317387373519356,207.43097405124252,147.71595347183228,-1.720349577996536,-1.5317387373519356,-0.03,-0.03,0.03,0.0,0.0,-0.015317387373519356
1773806345.1411934,True,0.8827707,1773806345.1343095,419.36075,266.25433,19.322042,39.946236,1.5465484,419.41692889919716,267.4236294766846,795.4140683308096,0.9978262579550523,0.0345464007812441,1.5361884907080856,207.41692889919716,147.4236294766846,-1.732969856026816,-1.5361884907080856,-0.03,-0.03,0.03,0.0,0.0,-0.015361884907080856
1773806345.1512573,True,0.8827707,1773806345.1343095,419.36075,266.25433,19.322042,39.946236,1.5465484,419.4056927775609,267.18977028056645,788.3426981733636,0.9983901903532864,0.031456155796435514,1.539299870169718,207.4056927775609,147.18977028056645,-1.7418997842813668,-1.539299870169718,-0.03,-0.03,0.03,0.0,0.0,-0.015392998701697181
1773806345.1607685,True,0.8827707,1773806345.1343095,419.36075,266.25433,19.322042,39.946236,1.5465484,419.39670388025183,267.0026829236719,783.3927390631513,0.9987849430320501,0.029292984307069506,1.541476111385985,207.39670388025183,147.0026829236719,-1.7481985230619086,-1.541476111385985,-0.03,-0.03,0.03,0.0,0.0,-0.01541476111385985
1773806345.1707988,True,0.8885137,1773806345.1677928,418.60623,266.26346,19.787888,40.461693,1.5359597,419.2386094420921,266.8548379893282,788.5703458110028,0.9989674401621167,0.030953957131880358,1.5398202859438126,207.23860944209213,146.8548379893282,-1.7416110586092834,-1.5398202859438126,-0.03,-0.03,0.03,0.0,0.0,-0.015398202859438126
1773806345.1813445,True,0.8885137,1773806345.1677928,418.60623,266.26346,19.787888,40.461693,1.5359597,419.1121338915644,266.7365620418532,792.1946705344988,0.9990951881531633,0.032116638109247954,1.5386616685623264,207.11213389156438,146.73656204185318,-1.7370255180174872,-1.5386616685623264,-0.03,-0.03,0.03,0.0,0.0,-0.015386616685623265
1773806345.1908586,True,0.8885137,1773806345.1677928,418.60623,266.26346,19.787888,40.461693,1.5359597,419.0109534511422,266.64194128387317,794.731697840946,0.9991846117468959,0.032930514793405266,1.5378508638192065,207.0109534511422,146.64194128387317,-1.7338281050581512,-1.5378508638192065,-0.03,-0.03,0.03,0.0,0.0,-0.015378508638192066
1773806345.201303,True,0.89749515,1773806345.198757,418.23685,266.4281,19.687641,40.965435,1.5252166,418.8561321456794,266.59917314428606,798.266015392959,0.9991176551644856,0.03672055042773912,1.534059882581283,206.8561321456794,146.59917314428606,-1.7293907812354876,-1.534059882581283,-0.03,-0.03,0.03,0.0,0.0,-0.01534059882581283
1773806345.2111802,True,0.89749515,1773806345.198757,418.23685,266.4281,19.687641,40.965435,1.5252166,418.73227510130914,266.56495863261637,800.7400376793681,0.9990707855567984,0.039373575371772815,1.5314065154001095,206.73227510130914,146.56495863261637,-1.7262963285836666,-1.5314065154001095,-0.03,-0.03,0.03,0.0,0.0,-0.015314065154001095
1773806345.2207146,True,0.89749515,1773806345.198757,418.23685,266.4281,19.687641,40.965435,1.5252166,418.63318946581296,266.5375870232806,802.4718532798545,0.9990379768314174,0.04123069283259641,1.5295493381753453,206.63318946581296,146.5375870232806,-1.724135895163914,-1.5295493381753453,-0.03,-0.03,0.03,0.0,0.0,-0.015295493381753454
1773806345.2312453,True,0.8905468,1773806345.2302449,418.53952,266.15353,19.417452,41.139893,1.5430425,418.6144556253848,266.4607764057339,801.3798700498044,0.9992110503006639,0.03718655199825814,1.533597580695933,206.61445562538478,146.4607764057339,-1.7254975963522452,-1.533597580695933,-0.03,-0.03,0.03,0.0,0.0,-0.015335975806959331
1773806345.2409794,True,0.8905468,1773806345.2302449,418.53952,266.15353,19.417452,41.139893,1.5430425,418.5994685530422,266.3993279116965,800.6154817887692,0.9993322017291365,0.03435565341422136,1.5364312497070796,206.5994685530422,146.3993279116965,-1.7264518916542475,-1.5364312497070796,-0.03,-0.03,0.03,0.0,0.0,-0.015364312497070796
1773806345.2512314,True,0.8905468,1773806345.2302449,418.53952,266.15353,19.417452,41.139893,1.5430425,418.58747889516815,266.3501691164666,800.0804100060446,0.9994170077290674,0.03237402440539561,1.538414740412023,206.58747889516815,146.3501691164666,-1.7271204406339715,-1.538414740412023,-0.03,-0.03,0.03,0.0,0.0,-0.01538414740412023
1773806345.2613401,True,0.8905468,1773806345.2302449,418.53952,266.15353,19.417452,41.139893,1.5430425,418.5778871688689,266.31084208028267,799.7058597581374,0.999476371929019,0.030986884099217585,1.5398031361981472,206.57788716886893,146.31084208028267,-1.7275886910019487,-1.5398031361981472,-0.03,-0.03,0.03,0.0,0.0,-0.015398031361981472
1773806345.2708707,True,0.869522,1773806345.2658591,418.90018,265.75208,19.950897,41.230164,1.5331135,418.6423451354858,266.1990887032887,806.5677224361649,0.9994204860082668,0.03299299773715199,1.5377961824449156,206.6423451354858,146.19908870328868,-1.719044810935899,-1.5377961824449156,-0.03,-0.03,0.03,0.0,0.0,-0.015377961824449156
1773806345.2810628,True,0.869522,1773806345.2658591,418.90018,265.75208,19.950897,41.230164,1.5331135,418.69391150877925,266.1096860016935,811.3710263107841,0.9993813658637403,0.03439727728370607,1.536391338538062,206.69391150877925,146.1096860016935,-1.7131072338923106,-1.536391338538062,-0.03,-0.03,0.03,0.0,0.0,-0.015363913385380621
1773806345.2913406,True,0.869522,1773806345.2658591,418.90018,265.75208,19.950897,41.230164,1.5331135,418.73516460741405,266.0381638404173,814.7333390230176,0.9993539817625717,0.035380272966293924,1.5354079628667352,206.73516460741405,146.03816384041733,-1.708971807439128,-1.5354079628667352,-0.03,-0.03,0.03,0.0,0.0,-0.015354079628667352
1773806345.3009312,True,0.82733244,1773806345.297241,419.60422,265.21075,19.18304,41.927475,1.5340104,418.90897519179066,265.8726819512401,811.6022716422842,0.9993448295745113,0.03579947724879416,1.534988691288936,206.90897519179066,145.8726819512401,-1.7128222688428467,-1.534988691288936,-0.03,-0.03,0.03,0.0,0.0,-0.01534988691288936
1773806345.311229,True,0.82733244,1773806345.297241,419.60422,265.21075,19.18304,41.927475,1.5340104,419.04802365929197,265.7402964398983,809.4105244757708,0.999338423042869,0.03609292024654433,1.5346952041000748,207.04802365929197,145.74029643989832,-1.7155264405895054,-1.5346952041000748,-0.03,-0.03,0.03,0.0,0.0,-0.015346952041000748
1773806345.320922,True,0.82733244,1773806345.297241,419.60422,265.21075,19.18304,41.927475,1.5340104,419.15926243329295,265.6343880308249,807.8763014592114,0.9993339384707194,0.03629833034496944,1.5344897645278686,207.15926243329295,145.63438803082488,-1.717423721210582,-1.5344897645278686,-0.03,-0.03,0.03,0.0,0.0,-0.015344897645278686
1773806345.3308227,True,0.82733244,1773806345.297241,419.60422,265.21075,19.18304,41.927475,1.5340104,419.2482534524937,265.54966130356615,806.8023453476198,0.9993307992702147,0.03644211741386702,1.5343459575534761,207.2482534524937,145.54966130356615,-1.7187539627073443,-1.5343459575534761,-0.03,-0.03,0.03,0.0,0.0,-0.015343459575534762
1773806345.3408728,True,0.82320476,1773806345.3328319,420.0159,265.1752,20.250694,42.425613,1.5091021,419.4017826936356,265.47476932605605,822.5060814405995,0.9989608140232792,0.04400600967828752,1.5267730010303804,207.4017826936356,145.47476932605605,-1.6994767992974653,-1.5267730010303804,-0.03,-0.03,0.03,0.0,0.0,-0.015267730010303805
1773806345.3512807,True,0.82320476,1773806345.3328319,420.0159,265.1752,20.250694,42.425613,1.5091021,419.52460608654917,265.41485574404794,833.4986967056852,0.9987018243504243,0.04930073426338187,1.5214715485985812,207.52460608654917,145.41485574404794,-1.6862005372092346,-1.5214715485985812,-0.03,-0.03,0.03,0.0,0.0,-0.015214715485985813
1773806345.3613198,True,0.82320476,1773806345.3328319,420.0159,265.1752,20.250694,42.425613,1.5091021,419.62286480087994,265.3669248784415,841.1935273912452,0.9985205315794259,0.05300704147294792,1.5177605291846985,207.62286480087994,145.36692487844152,-1.677010926453947,-1.5177605291846985,-0.03,-0.03,0.03,0.0,0.0,-0.015177605291846986
1773806345.3708322,True,0.8080206,1773806345.3703299,420.28452,264.87094,19.739006,41.86924,1.5091605,419.75519491687584,265.2677281351751,836.7726151699653,0.9983947065582677,0.05558396606123395,1.515180402173314,207.75519491687584,145.2677281351751,-1.682280308640556,-1.515180402173314,-0.03,-0.03,0.03,0.0,0.0,-0.01515180402173314
1773806345.3808486,True,0.8080206,1773806345.3703299,420.28452,264.87094,19.739006,41.86924,1.5091605,419.86105900967254,265.18837074056194,833.6779766150694,0.998306629043457,0.05738781327303417,1.5133743653041072,207.86105900967254,145.18837074056194,-1.6859854671294474,-1.5133743653041072,-0.03,-0.03,0.03,0.0,0.0,-0.015133743653041072
1773806345.3913698,True,0.8080206,1773806345.3703299,420.28452,264.87094,19.739006,41.86924,1.5091605,419.94575028390994,265.1248848248714,831.5117296266422,0.9982449747830895,0.05865050632129432,1.5121101723041066,207.94575028390994,145.1248848248714,-1.6885872706384648,-1.5121101723041066,-0.03,-0.03,0.03,0.0,0.0,-0.015121101723041066
1773806345.4013937,True,0.8080206,1773806345.3703299,420.28452,264.87094,19.739006,41.86924,1.5091605,420.01350330329984,265.074096092319,829.9953567347433,0.9982018168008322,0.05953439145507643,1.5112252557869883,208.01350330329984,145.074096092319,-1.6904125692789056,-1.5112252557869883,-0.03,-0.03,0.03,0.0,0.0,-0.015112252557869884
1773806345.4112742,True,0.70615304,1773806345.4013937,420.1696,265.27405,19.187101,41.488926,1.5163541,420.044719878968,265.1140864441677,819.8124235424452,0.9982967878929692,0.05799867982266041,1.5127639286416534,208.044719878968,145.1140864441677,-1.7027571134452966,-1.5127639286416534,-0.03,-0.03,0.03,0.0,0.0,-0.015127639286416535
1773806345.4211237,True,0.70615304,1773806345.4013937,420.1696,265.27405,19.187101,41.488926,1.5163541,420.0696931395026,265.1460787256467,812.6843703078366,0.998363267657465,0.056923681679969196,1.5138409895628233,208.0696931395026,145.1460787256467,-1.7114898699944026,-1.5138409895628233,-0.03,-0.03,0.03,0.0,0.0,-0.015138409895628233
1773806345.4311545,True,0.7815557,1773806345.4296415,420.55728,264.3584,19.329384,41.683487,1.5324174,420.1672108104302,264.9885426680174,810.5938968619699,0.9986333733658466,0.051357423957791644,1.5194138873719722,208.16721081043022,144.98854266801737,-1.7140654907536996,-1.5194138873719722,-0.03,-0.03,0.03,0.0,0.0,-0.015194138873719723
1773806345.4413214,True,0.7815557,1773806345.4296415,420.55728,264.3584,19.329384,41.683487,1.5324174,420.24522494717235,264.8625138219139,809.1305654498633,0.9988224473617138,0.04746104355226736,1.5233150434294305,208.24522494717235,144.86251382191392,-1.7158723805603124,-1.5233150434294305,-0.03,-0.03,0.03,0.0,0.0,-0.015233150434294305
1773806345.451374,True,0.7815557,1773806345.4296415,420.55728,264.3584,19.329384,41.683487,1.5324174,420.30763625656607,264.76169074503116,808.1062334613887,0.9989547991588208,0.04473357726840036,1.5260458415114977,208.30763625656607,144.76169074503116,-1.7171391488234922,-1.5260458415114977,-0.03,-0.03,0.03,0.0,0.0,-0.015260458415114976
1773806345.461057,True,0.7815557,1773806345.4296415,420.55728,264.3584,19.329384,41.683487,1.5324174,420.35756530408105,264.6810322835249,807.3892010694565,0.9990474454167957,0.04282435086969346,1.5279573694297666,208.35756530408105,144.68103228352493,-1.7180268423739546,-1.5279573694297666,-0.03,-0.03,0.03,0.0,0.0,-0.015279573694297666
1773806345.4710956,True,0.49621925,1773806345.4630616,420.50595,264.56253,43.638268,19.364973,-0.008748719,420.38724242881176,264.65733193033554,818.6886089615101,0.6967086297117908,0.329965564670608,1.1284857756176674,208.38724242881176,144.65733193033554,-1.7041288730412532,-1.1284857756176674,-0.03,-0.03,0.03,0.0,0.0,-0.011284857756176674
1773806345.4811392,True,0.49621925,1773806345.4630616,420.50595,264.56253,43.638268,19.364973,-0.008748719,420.41098412859634,264.6383716477841,826.5981944859477,0.48507145871828744,0.5309644143312482,0.7402602065383574,208.41098412859634,144.63837164778408,-1.6945139579488946,-0.7402602065383572,-0.03,-0.03,0.03,0.0,0.0,-0.007402602065383572
1773806345.4912877,True,0.49621925,1773806345.4630616,420.50595,264.56253,43.638268,19.364973,-0.008748719,420.429977488424,264.6232034217429,832.134904353054,0.3369254390228351,0.6716636090936963,0.4649493582985133,208.42997748842402,144.62320342174291,-1.6878381034261134,-0.46494935829851336,-0.03,-0.03,0.03,0.0,0.0,-0.0046494935829851335
1773806345.501346,True,0.49621925,1773806345.4630616,420.50595,264.56253,43.638268,19.364973,-0.008748719,420.4451721762861,264.61106884091,836.0106012600285,0.23322322523601846,0.7701530454274099,0.29404845602540364,208.44517217628612,144.61106884090998,-1.6831913818210633,-0.29404845602540375,-0.03,-0.03,0.03,0.0,0.0,-0.0029404845602540378
1773806345.511116,True,0.49621925,1773806345.4630616,420.50595,264.56253,43.638268,19.364973,-0.008748719,420.45732792657583,264.6013611762436,838.7235890949105,0.1606316755852468,0.8390956508610095,0.18914589254388164,208.45732792657583,144.60136117624359,-1.679951476379723,-0.1891458925438818,-0.03,-0.03,0.03,0.0,0.0,-0.0018914589254388182
1773806345.5211635,True,0.49621925,1773806345.4630616,420.50595,264.56253,43.638268,19.364973,-0.008748719,420.4670525268076,264.5935950445105,840.622680579328,0.10981759082970666,0.8873554746645291,0.12313219558883139,208.4670525268076,144.5935950445105,-1.6776897721341515,-0.12313219558883137,-0.03,-0.03,0.03,0.0,0.0,-0.0012313219558883137
1773806345.5308464,True,0.49621925,1773806345.4630616,420.50595,264.56253,43.638268,19.364973,-0.008748719,420.474832206993,264.58738213912403,841.9520446184201,0.07424773150082857,0.9211373513269929,0.08043052183355322,208.47483220699303,144.58738213912403,-1.6761096172729257,-0.08043052183355304,-0.03,-0.03,0.03,0.0,0.0,-0.0008043052183355304
1773806345.541231,True,0.49621925,1773806345.4630616,420.50595,264.56253,43.638268,19.364973,-0.008748719,420.48105595114134,264.58241181481486,842.8825994457846,0.0493488299706139,0.9447846649907177,0.052185462010718345,208.48105595114134,144.58241181481486,-1.67500499264372,-0.052185462010718275,-0.03,-0.03,0.03,0.0,0.0,-0.0005218546201071828
1773806345.550785,True,0.49621925,1773806345.4630616,420.50595,264.56253,43.638268,19.364973,-0.008748719,420.48603494646,264.5784355553675,843.5339878249399,0.03191959889946363,0.961337784555325,0.03319111881225795,208.48603494646,144.5784355553675,-1.6742324807786608,0.0,-0.03,-0.03,0.03,0.0,0.0,0.0
1773806345.5607898,True,0.49621925,1773806345.4630616,420.50595,264.56253,43.638268,19.364973,-0.008748719,420.4900181427149,264.57525454780966,843.9899596903485,0.019719137149658443,0.9729249682505501,0.020265116359426426,208.49001814271492,144.57525454780966,-1.673692077334696,0.0,-0.03,-0.03,0.03,0.0,0.0,0.0
1773806345.5709205,True,0.6477939,1773806345.5638769,426.5639,266.3455,45.393658,20.83675,0.025889484,421.70479527589066,264.92930153863836,874.5498687559002,0.021569373656113514,0.9809469435820428,0.021984775670942577,209.70479527589066,144.92930153863836,-1.6381233574757863,0.0,-0.03,-0.03,0.03,0.0,0.0,0.0
1773806345.580945,True,0.6477939,1773806345.5638769,426.5639,266.3455,45.393658,20.83675,0.025889484,422.67661698243126,265.21253913130136,895.9418051017864,0.022864539210632064,0.9865623263140877,0.02317182220513958,210.67661698243126,145.21253913130136,-1.6139572145559862,0.0,-0.03,-0.03,0.03,0.0,0.0,0.0
1773806345.5909796,True,0.6477939,1773806345.5638769,426.5639,266.3455,45.393658,20.83675,0.025889484,423.4540743476638,265.43912920543175,910.9161605439067,0.02377115509879505,0.9904930942265191,0.02399470830523432,211.45407434766378,145.43912920543175,-1.5973818128718977,0.0,-0.03,-0.03,0.03,0.0,0.0,0.0
1773806345.6010165,True,0.57383233,1773806345.5995011,427.79276,266.82697,45.19481,24.114628,0.011366195,424.32181050352165,265.71669643075165,964.5980994901097,0.02004959366309584,0.9933257876087178,0.020181567620296055,212.32181050352165,145.71669643075165,-1.5401211383824682,0.0,-0.03,-0.03,0.03,0.0,0.0,0.0
1773806345.611246,True,0.57383233,1773806345.5995011,427.79276,266.82697,45.19481,24.114628,0.011366195,425.015999428208,265.9387502110076,1002.1754567524517,0.01744450065810639,0.9953086729762569,0.017524929928796045,213.01599942820798,145.93875021100757,-1.5019043029035886,0.0,-0.03,-0.03,0.03,0.0,0.0,0.0
1773806345.6212168,True,0.57383233,1773806345.5995011,427.79276,266.82697,45.19481,24.114628,0.011366195,425.57135056795704,266.1163932352123,1028.479606836091,0.015620935554613778,0.9966966927335343,0.01567142426304076,213.57135056795704,146.11639323521229,-1.4759957949260605,0.0,-0.03,-0.03,0.03,0.0,0.0,0.0
1773806345.6312635,True,0.57383233,1773806345.5995011,427.79276,266.82697,45.19481,24.114628,0.011366195,426.0156314797563,266.2585076545761,1046.8925118946386,0.014344439982168947,0.9976683065636285,0.014376974345825334,214.01563147975628,146.25850765457608,-1.4582511331049344,0.0,-0.03,-0.03,0.03,0.0,0.0,0.0
1773806345.640866,True,0.59272695,1773806345.6349785,429.51587,267.69797,42.518097,24.236914,0.018224543,426.7156790119301,266.54639962952024,1041.9769922129658,0.015508168231214889,0.9983179958785188,0.015533047613891019,214.7156790119301,146.54639962952024,-1.4629575340986964,0.0,-0.03,-0.03,0.03,0.0,0.0,0.0
1773806345.6506546,True,0.59272695,1773806345.6349785,429.51587,267.69797,42.518097,24.236914,0.018224543,427.2757170376691,266.7767132094756,1038.5361284357948,0.01632277800554705,0.998772778398942,0.01634137952501878,215.2757170376691,146.7767132094756,-1.4662652439902728,0.0,-0.03,-0.03,0.03,0.0,0.0,0.0
1773806345.6612062,True,0.59272695,1773806345.6349785,429.51587,267.69797,42.518097,24.236914,0.018224543,427.7237474582603,266.96096407343987,1036.127523791775,0.01689300484757956,0.9990911261632383,0.016906761372476514,215.72374745826028,146.96096407343987,-1.468587168051135,0.0,-0.03,-0.03,0.03,0.0,0.0,0.0
1773806345.670826,True,0.6113745,1773806345.6680377,428.83823,268.31006,44.626476,22.077974,0.014347177,427.9466432302801,267.2307829775019,1020.8679287636176,0.016129108832268552,0.9993329126207215,0.016138474303120775,215.94664323028007,147.23078297750192,-1.4834242207466766,0.0,-0.03,-0.03,0.03,0.0,0.0,0.0
1773806345.6810193,True,0.6113745,1773806345.6680377,428.83823,268.31006,44.626476,22.077974,0.014347177,428.124959847896,267.44663810075156,1010.1862122439072,0.01559438162155085,0.99950216314096,0.015600883136211274,216.12495984789598,147.44663810075156,-1.493942714358576,0.0,-0.03,-0.03,0.03,0.0,0.0,0.0
1773806345.6910982,True,0.6113745,1773806345.6680377,428.83823,268.31006,44.626476,22.077974,0.014347177,428.2676131419887,267.61932219935125,1002.7090106801099,0.015220072574048456,0.9996206385051267,0.015224672253487266,216.2676131419887,147.61932219935125,-1.5013720488521245,0.0,-0.03,-0.03,0.03,0.0,0.0,0.0
1773806345.7011356,True,0.6113745,1773806345.6680377,428.83823,268.31006,44.626476,22.077974,0.014347177,428.38173577726286,267.75746947823103,997.4749695854518,0.014958056240796783,0.9997035712600435,0.014961375121591009,216.38173577726286,147.75746947823103,-1.5066056204566476,0.0,-0.03,-0.03,0.03,0.0,0.0,0.0
1773806345.7110014,True,0.46179053,1773806345.7011356,428.78552,269.0301,45.409286,20.988386,0.033575118,428.4624931139978,268.0119936489911,984.1527667957538,0.020541282309401773,0.9996234224880185,0.020546128982490287,216.46249311399782,148.0119936489911,-1.5200515399476244,0.0,-0.03,-0.03,0.03,0.0,0.0,0.0
1773806345.7212493,True,0.46179053,1773806345.7011356,428.78552,269.0301,45.409286,20.988386,0.033575118,428.5270989833858,268.21561298559914,974.8272248429652,0.024449540557425264,0.999567318347601,0.02445524760966255,216.52709898338583,148.21561298559914,-1.529572425752543,0.0,-0.03,-0.03,0.03,0.0,0.0,0.0
1773806345.7310438,True,0.46179053,1773806345.7011356,428.78552,269.0301,45.409286,20.988386,0.033575118,428.57878367889623,268.37850845488555,968.2993454760131,0.02718532133104171,0.9995280454493087,0.027191454080682617,216.57878367889623,148.37850845488555,-1.5362913950928085,0.0,-0.03,-0.03,0.03,0.0,0.0,0.0
1773806345.7410822,True,0.5901044,1773806345.7340906,429.32446,270.52087,43.77645,19.859264,0.028690891,428.72791952124203,268.806981568596,938.6199727414122,0.027635811512343046,0.9995461651974518,0.027641317434795958,216.72791952124203,148.80698156859597,-1.5674219933346885,0.0,-0.03,-0.03,0.03,0.0,0.0,0.0
1773806345.7511222,True,0.5901044,1773806345.7340906,429.32446,270.52087,43.77645,19.859264,0.028690891,428.84722819511865,269.1497600595643,917.8444118271916,0.027951154639253982,0.9995588490211519,0.027956205430962274,216.84722819511865,149.1497600595643,-1.589804785529325,0.0,-0.03,-0.03,0.03,0.0,0.0,0.0
1773806345.7612162,True,0.5901044,1773806345.7340906,429.32446,270.52087,43.77645,19.859264,0.028690891,428.94267513421994,269.42398285233895,903.3015191872372,0.028171894828091633,0.999567727697742,0.02817661897772948,216.94267513421994,149.42398285233895,-1.6057762697848788,0.0,-0.03,-0.03,0.03,0.0,0.0,0.0
1773806345.7707589,True,0.8172243,1773806345.7652278,429.70682,272.15735,43.152966,20.122486,0.020287046,429.09550363276657,269.97065600843365,892.8145546420035,0.02580602277980649,0.9996356768691217,0.02580969544977143,217.09550363276657,149.97065600843365,-1.6174537820218573,0.0,-0.03,-0.03,0.03,0.0,0.0,0.0
1773806345.7813005,True,0.8172243,1773806345.7652278,429.70682,272.15735,43.152966,20.122486,0.020287046,429.2177664316039,270.4079945333094,885.47367946034,0.024149912346006896,0.9996832412890875,0.024152866755518622,217.21776643160388,150.40799453330942,-1.6257099429068869,0.0,-0.03,-0.03,0.03,0.0,0.0,0.0
1773806345.7908158,True,0.8172243,1773806345.7652278,429.70682,272.15735,43.152966,20.122486,0.020287046,429.31557667067375,270.75786535321004,880.3350668331755,0.022990635042347177,0.9997165363830633,0.022993101023491714,217.31557667067375,150.75786535321004,-1.6315300829910295,0.0,-0.03,-0.03,0.03,0.0,0.0,0.0
1773806345.8010817,True,0.8172243,1773806345.7652278,429.70682,272.15735,43.152966,20.122486,0.020287046,429.39382486192966,271.0377620091305,876.7380379941603,0.022179140929785374,0.9997398429488464,0.022181273980274595,217.39382486192966,151.03776200913052,-1.6356244304078615,0.0,-0.03,-0.03,0.03,0.0,0.0,0.0
1773806345.8108222,True,0.83971107,1773806345.8010817,430.09628,272.38394,41.315212,19.204494,0.023686728,429.5343164813406,271.30699793738256,851.7479498380997,0.02263075243713881,0.9997337348399756,0.022632914469706063,217.53431648134062,151.30699793738256,-1.6645420262198214,0.0,-0.03,-0.03,0.03,0.0,0.0,0.0
1773806345.8213913,True,0.83971107,1773806345.8010817,430.09628,272.38394,41.315212,19.204494,0.023686728,429.6467097768694,271.5223866799842,834.2548881288571,0.022946880492286215,0.9997294591637661,0.022949060612247916,217.6467097768694,151.5223866799842,-1.6852936988347051,0.0,-0.03,-0.03,0.03,0.0,0.0,0.0
1773806345.830919,True,0.83971107,1773806345.8010817,430.09628,272.38394,41.315212,19.204494,0.023686728,429.7366244132924,271.6946976740655,822.0097449323874,0.0231681701308894,0.9997264661904194,0.023170361794794102,217.73662441329242,151.69469767406548,-1.700080425623613,0.0,-0.03,-0.03,0.03,0.0,0.0,0.0
1773806345.8409638,True,0.7544703,1773806345.8341322,430.47586,271.84448,42.324726,18.94407,0.014762037,429.8844716497746,271.72465462362743,815.9476051440773,0.020646169477981733,0.999775839264512,0.02064786377832642,217.88447164977458,151.72465462362743,-1.707482532238073,0.0,-0.03,-0.03,0.03,0.0,0.0,0.0
1773806345.8511453,True,0.7544703,1773806345.8341322,430.47586,271.84448,42.324726,18.94407,0.014762037,430.0027494389603,271.74862018327696,811.7041072922603,0.018880769020946365,0.9998104004163768,0.01888210512884615,218.00274943896028,151.74862018327696,-1.7126968018928843,0.0,-0.03,-0.03,0.03,0.0,0.0,0.0
1773806345.8611588,True,0.7544703,1773806345.8341322,430.47586,271.84448,42.324726,18.94407,0.014762037,430.09737167030886,271.7677926309966,808.7336587959884,0.01764498870102161,0.9998345932226822,0.017646075987855434,218.09737167030886,151.7677926309966,-1.7163630356547135,0.0,-0.03,-0.03,0.03,0.0,0.0,0.0
1773806345.8712,True,0.81242836,1773806345.8696795,430.3623,271.86658,42.255966,18.863525,0.021334542,430.15035827374714,271.7875495344848,805.2425101318012,0.01875136915586453,0.9998159434433952,0.018752622606641837,218.15035827374714,151.7875495344848,-1.720689188885857,0.0,-0.03,-0.03,0.03,0.0,0.0,0.0
1773806345.8812528,True,0.81242836,1773806345.8696795,430.3623,271.86658,42.255966,18.863525,0.021334542,430.19274755649775,271.8033550572754,802.7987060668701,0.019525835474254575,0.9998028885978942,0.019527202635986386,218.19274755649775,151.80335505727538,-1.7237286706127262,0.0,-0.03,-0.03,0.03,0.0,0.0,0.0
1773806345.8909655,True,0.81242836,1773806345.8696795,430.3623,271.86658,42.255966,18.863525,0.021334542,430.2266589826982,271.81599947550785,801.0880432214184,0.020067961897127607,0.9997937502060436,0.020069406803942508,218.2266589826982,151.81599947550785,-1.7258618180994578,0.0,-0.03,-0.03,0.03,0.0,0.0,0.0
1773806345.9011388,True,0.8377737,1773806345.9011388,431.10556,271.89883,42.423485,19.288994,0.018577984,430.40243924670546,271.83256642610945,806.2535308897584,0.019620647812753425,0.999803855412034,0.019621978365727516,218.40243924670546,151.83256642610945,-1.7194344282598686,0.0,-0.03,-0.03,0.03,0.0,0.0,0.0
1773806345.911026,True,0.8377737,1773806345.9011388,431.10556,271.89883,42.423485,19.288994,0.018577984,430.5430634579113,271.8458199865907,809.8693722575965,0.0193075279536915,0.9998109290562273,0.01930877915467408,218.54306345791127,151.8458199865907,-1.7149597099149227,0.0,-0.03,-0.03,0.03,0.0,0.0,0.0
1773806345.921172,True,0.8377737,1773806345.9011388,431.10556,271.89883,42.423485,19.288994,0.018577984,430.65556282687595,271.85642283497566,812.4004612150832,0.01908834405234815,0.9998158806071625,0.019089540085954294,218.65556282687595,151.85642283497566,-1.7118392783331364,0.0,-0.03,-0.03,0.03,0.0,0.0,0.0
1773806345.9312727,True,0.8377737,1773806345.9011388,431.10556,271.89883,42.423485,19.288994,0.018577984,430.74556232204765,271.8649051136837,814.1722234853237,0.018934915321407807,0.9998193466928172,0.018936072936646176,218.74556232204765,151.86490511368368,-1.7096607553717809,0.0,-0.03,-0.03,0.03,0.0,0.0,0.0
1773806345.9411027,True,0.774575,1773806345.9363115,431.1098,271.4442,42.44333,19.325703,0.024480682,430.8184103068569,271.7807668643845,815.9946958440233,0.02059791173862422,0.9997836516067485,0.02059945482609471,218.8184103068569,151.78076686438447,-1.7074248210065783,0.0,-0.03,-0.03,0.03,0.0,0.0,0.0
1773806345.9511955,True,0.774575,1773806345.9363115,431.1098,271.4442,42.44333,19.325703,0.024480682,430.8766886947043,271.7134562649451,817.2704264951132,0.02176200923067571,0.9997586650465005,0.021763825533142267,218.87668869470428,151.71345626494508,-1.7058626362845952,0.0,-0.03,-0.03,0.03,0.0,0.0,0.0
1773806345.961294,True,0.774575,1773806345.9363115,431.1098,271.4442,42.44333,19.325703,0.024480682,430.9233114049822,271.6596077853936,818.163437950876,0.02257687747511175,0.9997411744543268,0.0225788847274038,218.9233114049822,151.65960778539358,-1.704770557217468,0.0,-0.03,-0.03,0.03,0.0,0.0,0.0
1773806345.97089,True,0.82176125,1773806345.9673073,431.2358,271.17447,41.538895,18.591217,0.020752091,430.98581098922017,271.562580027143,804.3919883527225,0.02202899468677133,0.999754227044344,0.02203084517342382,218.98581098922017,151.56258002714299,-1.7217459776898183,0.0,-0.03,-0.03,0.03,0.0,0.0,0.0
1773806345.98093,True,0.82176125,1773806345.9673073,431.2358,271.17447,41.538895,18.591217,0.020752091,431.0358106566105,271.4849578205425,794.751973634015,0.021645476734933035,0.9997633638573561,0.02164721810522631,219.03581065661052,151.4849578205425,-1.7338025926311487,0.0,-0.03,-0.03,0.03,0.0,0.0,0.0
1773806345.990935,True,0.82176125,1773806345.9673073,431.2358,271.17447,41.538895,18.591217,0.020752091,431.0758103905228,271.42286005526216,788.0039633309199,0.02137701416864623,0.9997697596264645,0.021378679531150427,219.0758103905228,151.42286005526216,-1.742329556305414,0.0,-0.03,-0.03,0.03,0.0,0.0,0.0
1773806346.0009844,True,0.8561859,1773806345.9994798,430.84354,272.38004,41.329407,19.1446,0.019794757,431.02935558780894,271.6142951242879,788.9732699371126,0.020901949078299977,0.9997800587996468,0.020903502117479045,219.02935558780894,151.61429512428788,-1.7411002338931245,0.0,-0.03,-0.03,0.03,0.0,0.0,0.0
1773806346.0108802,True,0.8561859,1773806345.9994798,430.84354,272.38004,41.329407,19.1446,0.019794757,430.9921917456378,271.76744317950846,789.6517845614475,0.0205694035150576,0.9997872682208744,0.020570878122734892,218.9921917456378,151.76744317950846,-1.740240606505121,0.0,-0.03,-0.03,0.03,0.0,0.0,0.0
1773806346.0211823,True,0.8561859,1773806345.9994798,430.84354,272.38004,41.329407,19.1446,0.019794757,430.9624606719009,271.88996162368494,790.1267447984819,0.020336621620787938,0.9997923148157337,0.0203380414675487,218.96246067190089,151.88996162368494,-1.7396393067121207,0.0,-0.03,-0.03,0.03,0.0,0.0,0.0
1773806346.0312119,True,0.8561859,1773806345.9994798,430.84354,272.38004,41.329407,19.1446,0.019794757,430.93867581291136,271.9879763790261,790.459216964406,0.020173674294799174,0.9997958474321352,0.020175055893739142,218.93867581291136,151.98797637902612,-1.7392186118826454,0.0,-0.03,-0.03,0.03,0.0,0.0,0.0
1773806346.0408177,True,0.8711053,1773806346.0352428,430.33298,273.09583,40.93893,19.036392,0.023738222,430.81753610931344,272.20954614228344,787.1203105176622,0.021242369856012695,0.9997725716926592,0.021244005632542917,218.81753610931344,152.20954614228344,-1.743451566702475,0.0,-0.03,-0.03,0.03,0.0,0.0,0.0
1773806346.0516224,True,0.8711053,1773806346.0352428,430.33298,273.09583,40.93893,19.036392,0.023738222,430.7206243464351,272.3868019528893,784.7830760049417,0.02199045674886216,0.9997562786750259,0.021992271318626584,218.7206243464351,152.3868019528893,-1.7464253324633505,0.0,-0.03,-0.03,0.03,0.0,0.0,0.0
1773806346.0611408,True,0.8711053,1773806346.0352428,430.33298,273.09583,40.93893,19.036392,0.023738222,430.64309493613246,272.52860660137395,783.1470118460372,0.022514117573856785,0.9997448735626826,0.02251605720473381,218.64309493613246,152.52860660137395,-1.7485122427986555,0.0,-0.03,-0.03,0.03,0.0,0.0,0.0
1773806346.0708544,True,0.87395424,1773806346.0667453,430.32272,273.7455,40.515858,18.650124,0.018874686,430.5790206266404,272.7719880643023,774.8906280187884,0.0214219519621777,0.9997679750133819,0.0214236453200657,218.57902062664039,152.77198806430232,-1.7591107815012004,0.0,-0.03,-0.03,0.03,0.0,0.0,0.0
1773806346.0812929,True,0.87395424,1773806346.0667453,430.32272,273.7455,40.515858,18.650124,0.018874686,430.5277611790467,272.966693234645,769.1111593397144,0.020657436034002344,0.9997841460288712,0.02065895645537397,218.5277611790467,152.966693234645,-1.7665971661924043,0.0,-0.03,-0.03,0.03,0.0,0.0,0.0
1773806346.09101,True,0.87395424,1773806346.0667453,430.32272,273.7455,40.515858,18.650124,0.018874686,430.48675362097174,273.1224573709191,765.0655312643626,0.02012227488427959,0.9997954657397139,0.020123674537746026,218.48675362097174,153.1224573709191,-1.771871183817156,0.0,-0.03,-0.03,0.03,0.0,0.0,0.0
1773806346.101223,True,0.84657085,1773806346.1002195,429.92,274.20062,40.954994,19.447456,0.013515678,430.3734055823243,273.33809040845404,774.4870095803662,0.018140172442591064,0.999829425401197,0.018141276827201288,218.37340558232432,153.33809040845404,-1.7596317886950021,0.0,-0.03,-0.03,0.03,0.0,0.0,0.0
1773806346.1110895,True,0.84657085,1773806346.1002195,429.92,274.20062,40.954994,19.447456,0.013515678,430.2827271514064,273.510596838482,781.0820444015689,0.016752700733409096,0.9998531971642353,0.01675359278029502,218.2827271514064,153.510596838482,-1.751152480985985,0.0,-0.03,-0.03,0.03,0.0,0.0,0.0
1773806346.121138,True,0.84657085,1773806346.1002195,429.92,274.20062,40.954994,19.447456,0.013515678,430.21018440667206,273.6486019825044,785.6985687764106,0.01578147053698172,0.9998698373983621,0.015782214495400765,218.21018440667206,153.64860198250437,-1.7452594571687097,0.0,-0.03,-0.03,0.03,0.0,0.0,0.0
1773806346.131165,True,0.84657085,1773806346.1002195,429.92,274.20062,40.954994,19.447456,0.013515678,430.15215021088454,273.75900609772225,788.9301358387999,0.015101609399482553,0.9998814855622509,0.015102251101925411,218.15215021088454,153.75900609772225,-1.7411549065659453,0.0,-0.03,-0.03,0.03,0.0,0.0,0.0
1773806346.141315,True,0.7555623,1773806346.137296,429.69025,274.71277,41.342976,19.134886,0.022226712,430.0597694851139,273.94975858911533,789.5790369816912,0.0172385910842695,0.9998429389371217,0.017239590929064026,218.05976948511392,153.94975858911533,-1.740332736900267,0.0,-0.03,-0.03,0.03,0.0,0.0,0.0
1773806346.1511738,True,0.7555623,1773806346.137296,429.69025,274.71277,41.342976,19.134886,0.022226712,429.9858649044974,274.1023605822298,790.033267781715,0.01873447826362036,0.9998159562995315,0.01873573429900408,217.98586490449742,154.10236058222978,-1.7397576200678972,0.0,-0.03,-0.03,0.03,0.0,0.0,0.0
1773806346.1613357,True,0.7555623,1773806346.137296,429.69025,274.71277,41.342976,19.134886,0.022226712,429.9267412400042,274.2244421767213,790.3512293417317,0.019781599289165966,0.9997970684532183,0.01978303319238787,217.92674124000422,154.2244421767213,-1.7393552349965609,0.0,-0.03,-0.03,0.03,0.0,0.0,0.0
1773806346.1711476,True,0.8144094,1773806346.1686323,429.30664,275.74985,40.839466,18.54563,0.03461063,429.8027211170034,274.52952322379895,780.463945256009,0.02422823535499897,0.9996782815066463,0.024231288910363972,217.8027211170034,154.52952322379895,-1.7519441312888702,0.0,-0.03,-0.03,0.03,0.0,0.0,0.0
1773806346.181113,True,0.8144094,1773806346.1686323,429.30664,275.74985,40.839466,18.54563,0.03461063,429.70350501860275,274.77358806146106,773.5428463960031,0.02734088060108207,0.999595130644046,0.027345136695484277,217.70350501860275,154.77358806146106,-1.7608516143951232,0.0,-0.03,-0.03,0.03,0.0,0.0,0.0
1773806346.1911368,True,0.8144094,1773806346.1686323,429.30664,275.74985,40.839466,18.54563,0.03461063,429.62413213988225,274.96883993159076,768.698077193999,0.029519732273340243,0.9995369250402257,0.029524826381130943,217.62413213988225,154.96883993159076,-1.7671344007802023,0.0,-0.03,-0.03,0.03,0.0,0.0,0.0
1773806346.2011728,True,0.8144094,1773806346.1686323,429.30664,275.74985,40.839466,18.54563,0.03461063,429.5606338369058,275.1250414276945,765.3067387525961,0.031044928443920965,0.9994961811175516,0.031050594465303376,217.56063383690582,155.1250414276945,-1.7715559566074677,0.0,-0.03,-0.03,0.03,0.0,0.0,0.0
1773806346.2113225,True,0.7514056,1773806346.20169,429.7976,275.68472,40.799282,18.272247,0.031841617,429.60802855389966,275.23697772223375,759.3630874881453,0.03128232092325679,0.99949525634476,0.03128790486315281,217.60802855389966,155.23697772223375,-1.7793526366109536,0.0,-0.03,-0.03,0.03,0.0,0.0,0.0
1773806346.2213674,True,0.7514056,1773806346.20169,429.7976,275.68472,40.799282,18.272247,0.031841617,429.64594432749476,275.3265267578651,755.2025316030298,0.031448495658791875,0.9994946090038059,0.031454020307062555,217.64594432749476,155.3265267578651,-1.7848467087041509,0.0,-0.03,-0.03,0.03,0.0,0.0,0.0
1773806346.2309427,True,0.7514056,1773806346.20169,429.7976,275.68472,40.799282,18.272247,0.031841617,429.6762769463708,275.3981659863702,752.290142483449,0.031564817973666434,0.9994941558651381,0.03157030021317708,217.67627694637082,155.3981659863702,-1.7887105984504221,0.0,-0.03,-0.03,0.03,0.0,0.0,0.0
1773806346.2409005,True,0.6870248,1773806346.231969,429.731,275.80292,40.096058,18.703732,0.030999446,429.6872190668623,275.4791162851899,751.586876593883,0.03139371706927291,0.9995017757978926,0.0313990431333768,217.68721906686233,155.4791162851899,-1.7896458689970278,0.0,-0.03,-0.03,0.03,0.0,0.0,0.0
1773806346.2511673,True,0.6870248,1773806346.231969,429.731,275.80292,40.096058,18.703732,0.030999446,429.6959727632555,275.54387652424566,751.0945904711867,0.031273946436197436,0.9995071097508207,0.031279163634372116,217.6959727632555,155.54387652424566,-1.7903010792343235,0.0,-0.03,-0.03,0.03,0.0,0.0,0.0
1773806346.2610729,True,0.6870248,1773806346.231969,429.731,275.80292,40.096058,18.703732,0.030999446,429.70297572037003,275.5956847154903,750.7499901852993,0.031190106993044607,0.9995108435178703,0.031195248211064928,217.70297572037003,155.59568471549028,-1.7907599819681659,0.0,-0.03,-0.03,0.03,0.0,0.0,0.0
1773806346.2708323,True,0.62019265,1773806346.268718,430.96024,275.5645,40.8432,18.473196,0.028446525,429.95442769543666,275.58945060442346,751.8763297996313,0.03036588158904431,0.9995362179268956,0.030370630123586862,217.95442769543666,155.58945060442346,-1.7892608203864682,0.0,-0.03,-0.03,0.03,0.0,0.0,0.0
1773806346.2810524,True,0.62019265,1773806346.268718,430.96024,275.5645,40.8432,18.473196,0.028446525,430.15558927549,275.58446331557,752.6647675296638,0.029788923806244105,0.9995539800132134,0.02979339772368294,218.15558927549,155.58446331557002,-1.7882127429313495,0.0,-0.03,-0.03,0.03,0.0,0.0,0.0
1773806346.2910995,True,0.62019265,1773806346.268718,430.96024,275.5645,40.8432,18.473196,0.028446525,430.31651853953264,275.5804734844873,753.2166739406864,0.02938505335828396,0.9995664134736357,0.029389335410486304,218.31651853953264,155.5804734844873,-1.7874797417527244,0.0,-0.03,-0.03,0.03,0.0,0.0,0.0
1773806346.3010142,True,0.6452125,1773806346.3004818,431.39056,275.4234,39.03784,18.30297,0.031484805,430.53132762459484,275.5490589633711,741.6042169244961,0.03001341840913582,0.9995478077720785,0.030017976943677048,218.53132762459484,155.54905896337112,-1.803016975270915,0.0,-0.03,-0.03,0.03,0.0,0.0,0.0
1773806346.3107493,True,0.6452125,1773806346.3004818,431.39056,275.4234,39.03784,18.30297,0.031484805,430.7031748926446,275.52392734647816,733.4754970131628,0.030453273944732122,0.9995347837809885,0.030458025850404566,218.7031748926446,155.52392734647816,-1.8140384843050468,0.0,-0.03,-0.03,0.03,0.0,0.0,0.0
1773806346.3214684,True,0.6452125,1773806346.3004818,431.39056,275.4234,39.03784,18.30297,0.031484805,430.8406527070845,275.5038220529638,727.7853930752295,0.030761172819649532,0.9995256669872254,0.030766059897777386,218.84065270708447,155.5038220529638,-1.8218264607525867,0.0,-0.03,-0.03,0.03,0.0,0.0,0.0
1773806346.330993,True,0.6452125,1773806346.3004818,431.39056,275.4234,39.03784,18.30297,0.031484805,430.95063495863633,275.4877378181523,723.8023203186763,0.03097670203209172,0.9995192852315913,0.030981683602871894,218.95063495863633,155.4877378181523,-1.8273143588882923,0.0,-0.03,-0.03,0.03,0.0,0.0,0.0
1773806346.3410065,True,0.73278904,1773806346.337261,431.82352,276.00034,38.96639,18.956324,0.0258246,431.1252113360497,275.5902573931937,728.2594696820578,0.02943021056614354,0.9995634687203927,0.029434559802048347,219.1252113360497,155.59025739319372,-1.821175276663818,0.0,-0.03,-0.03,0.03,0.0,0.0,0.0
1773806346.3510542,True,0.73278904,1773806346.337261,431.82352,276.00034,38.96639,18.956324,0.0258246,431.2648724379804,275.6722730532269,731.3794742364248,0.02834766653997981,0.9995943971625537,0.028351570216483688,219.2648724379804,155.6722730532269,-1.8169002341005471,0.0,-0.03,-0.03,0.03,0.0,0.0,0.0
1773806346.3611138,True,0.73278904,1773806346.337261,431.82352,276.00034,38.96639,18.956324,0.0258246,431.3766013195249,275.7378855812534,733.5634774244817,0.0275898857216652,0.9996160470720664,0.027593477649660355,219.37660131952492,155.7378855812534,-1.8139185414637762,0.0,-0.03,-0.03,0.03,0.0,0.0,0.0
1773806346.371185,True,0.6511998,1773806346.3671598,431.65576,275.5353,38.891167,18.533321,0.02756634,431.43243339937,275.69737023258085,729.7291754080746,0.027581774603805575,0.9996172547047566,0.027585336282266507,219.43243339936998,155.69737023258085,-1.8191592030424297,0.0,-0.03,-0.03,0.03,0.0,0.0,0.0
1773806346.3812423,True,0.6511998,1773806346.3671598,431.65576,275.5353,38.891167,18.533321,0.02756634,431.477099063246,275.6649579536428,727.0451639965897,0.027576096821303835,0.9996181000476397,0.027579637334618684,219.477099063246,155.66495795364278,-1.8228440763627618,0.0,-0.03,-0.03,0.03,0.0,0.0,0.0
1773806346.3908691,True,0.6511998,1773806346.3671598,431.65576,275.5353,38.891167,18.533321,0.02756634,431.51283159434684,275.63902813049236,725.1663560085503,0.02757212237355262,0.9996186917876579,0.02757564807593409,219.51283159434684,155.63902813049236,-1.8254315906613496,0.0,-0.03,-0.03,0.03,0.0,0.0,0.0
1773806346.4009368,True,0.6132243,1773806346.3984146,432.62317,275.26602,40.243195,19.029629,0.017328346,431.73489906453995,275.56442685009705,737.3603640009071,0.024498729349338694,0.9996880446413525,0.024501470142313096,219.73489906453995,155.56442685009705,-1.8087559424188615,0.0,-0.03,-0.03,0.03,0.0,0.0,0.0
1773806346.4109964,True,0.6132243,1773806346.3984146,432.62317,275.26602,40.243195,19.029629,0.017328346,431.91255304069443,275.5047458257808,745.8961695955568,0.022347354232388948,0.9997365916389388,0.02234952031663213,219.91255304069443,155.5047458257808,-1.7972462680892607,0.0,-0.03,-0.03,0.03,0.0,0.0,0.0
1773806346.4208817,True,0.6132243,1773806346.3984146,432.62317,275.26602,40.243195,19.029629,0.017328346,432.054676221618,275.45700100632774,751.8712335118116,0.02084139165052413,0.9997705745372492,0.020843155422243298,220.05467622161802,155.45700100632774,-1.7892675985026147,0.0,-0.03,-0.03,0.03,0.0,0.0,0.0
1773806346.4309247,True,0.6132243,1773806346.3984146,432.62317,275.26602,40.243195,19.029629,0.017328346,432.1683747663569,275.4188051507653,756.0537782531899,0.01978721784321875,0.9997943625660664,0.019788704230033993,220.16837476635692,155.4188051507653,-1.7837201668533282,0.0,-0.03,-0.03,0.03,0.0,0.0,0.0
1773806346.4410617,True,0.31777537,1773806346.4329293,430.9449,275.66934,42.003647,20.566656,0.014847332,431.92367686386683,275.4689125288154,788.4000166034048,0.018305088346455695,0.9998229879149783,0.01830628393366458,219.92367686386683,155.4689125288154,-1.7418270794202257,0.0,-0.03,-0.03,0.03,0.0,0.0,0.0
1773806346.4508402,True,0.31777537,1773806346.4329293,430.9449,275.66934,42.003647,20.566656,0.014847332,431.72791854187477,275.50899843125546,811.0423834485553,0.017267597698721555,0.9998430256592166,0.017268591966657587,219.72791854187477,155.50899843125546,-1.7135123622828268,0.0,-0.03,-0.03,0.03,0.0,0.0,0.0
1773806346.4608676,True,0.31777537,1773806346.4329293,430.9449,275.66934,42.003647,20.566656,0.014847332,431.5713118842811,275.5410671532075,826.8920402401604,0.016541354245307657,0.9998570520801835,0.016542210074249563,219.5713118842811,155.5410671532075,-1.694158533101339,0.0,-0.03,-0.03,0.03,0.0,0.0,0.0
1773806346.4709167,True,0.7184962,1773806346.464379,429.83542,276.3974,40.536503,19.258562,0.023227863,431.22413324765927,275.7123337030348,813.0268512638154,0.018546680282091277,0.9998190100517417,0.018547910378216265,219.22413324765927,155.7123337030348,-1.7110685393712257,0.0,-0.03,-0.03,0.03,0.0,0.0,0.0
1773806346.4809625,True,0.7184962,1773806346.464379,429.83542,276.3974,40.536503,19.258562,0.023227863,430.9463903383618,275.8493469428966,803.3212189803738,0.019950408507839808,0.9997923806318325,0.019951903563256674,218.94639033836182,155.8493469428966,-1.7230780181629446,0.0,-0.03,-0.03,0.03,0.0,0.0,0.0
1773806346.491115,True,0.7184962,1773806346.464379,429.83542,276.3974,40.536503,19.258562,0.023227863,430.7241960109239,275.958957534786,796.5272763819647,0.02093301826586378,0.9997737400378961,0.020934696814677134,218.7241960109239,155.958957534786,-1.7315713016940186,0.0,-0.03,-0.03,0.03,0.0,0.0,0.0
1773806346.5010343,True,0.8197398,1773806346.49953,430.19788,276.1713,38.54973,18.677921,0.02647615,430.61893200405166,276.0014250610319,773.5777360455003,0.022595029960953503,0.9997364761878298,0.022597138808998826,218.61893200405166,156.0014250610319,-1.76080651170578,0.0,-0.03,-0.03,0.03,0.0,0.0,0.0
1773806346.510966,True,0.8197398,1773806346.49953,430.19788,276.1713,38.54973,18.677921,0.02647615,430.53472079855385,276.0353990820287,757.5130578099752,0.02375843814751631,0.9997103914927834,0.023760848159904393,218.53472079855385,156.03539908202868,-1.7817919004904896,0.0,-0.03,-0.03,0.03,0.0,0.0,0.0
1773806346.5213192,True,0.8197398,1773806346.49953,430.19788,276.1713,38.54973,18.677921,0.02647615,430.46735183415564,276.0625782988261,746.2677830451075,0.024572823878110273,0.9996921322062509,0.024575442727719502,218.46735183415564,156.0625782988261,-1.7967481814593351,0.0,-0.03,-0.03,0.03,0.0,0.0,0.0
1773806346.5309267,True,0.8197398,1773806346.49953,430.19788,276.1713,38.54973,18.677921,0.02647615,430.41345666263703,276.084321672264,738.3960907097003,0.02514289388952605,0.9996793507056783,0.02514565728525864,218.41345666263703,156.08432167226402,-1.807352286855587,0.0,-0.03,-0.03,0.03,0.0,0.0,0.0
1773806346.5409865,True,0.69820887,1773806346.5334375,429.8021,276.42795,41.029858,18.803574,0.027541997,430.29118403128155,276.15304693742064,748.329643867884,0.025861580220584445,0.9996617684474107,0.025864561252647807,218.29118403128155,156.15304693742064,-1.793989094505682,0.0,-0.03,-0.03,0.03,0.0,0.0,0.0
1773806346.5511615,True,0.69820887,1773806346.5334375,429.8021,276.42795,41.029858,18.803574,0.027541997,430.19336592619715,276.2080271495459,755.2831310786125,0.026364660652325324,0.9996494608666235,0.02636779320993252,218.19336592619715,156.2080271495459,-1.7847399887561888,0.0,-0.03,-0.03,0.03,0.0,0.0,0.0
1773806346.5612233,True,0.69820887,1773806346.5334375,429.8021,276.42795,41.029858,18.803574,0.027541997,430.1151114421296,276.2520113192461,760.1505721261226,0.026716816954543938,0.9996408455600725,0.026720055020135296,218.1151114421296,156.2520113192461,-1.7783161408828687,0.0,-0.03,-0.03,0.03,0.0,0.0,0.0
1773806346.5715964,True,0.7838416,1773806346.5662374,429.35907,276.35977,41.196182,19.073507,0.0284792,429.9639031185474,276.27356340110003,767.8321033691452,0.027244376948110036,0.9996269403909852,0.02724779920600879,217.96390311854742,156.27356340110003,-1.7682615819153287,0.0,-0.03,-0.03,0.03,0.0,0.0,0.0
1773806346.5811048,True,0.7838416,1773806346.5662374,429.35907,276.35977,41.196182,19.073507,0.0284792,429.8429364596817,276.2908050665832,773.209175239261,0.027613668943606305,0.9996172067726241,0.027617219856520235,217.8429364596817,156.29080506658318,-1.7612830619151536,0.0,-0.03,-0.03,0.03,0.0,0.0,0.0
1773806346.591138,True,0.7838416,1773806346.5662374,429.35907,276.35977,41.196182,19.073507,0.0284792,429.7461631325891,276.3045983989697,776.9731255483421,0.027872173340453693,0.9996103932397713,0.02787581411230887,217.74616313258912,156.3045983989697,-1.7564269134427948,0.0,-0.03,-0.03,0.03,0.0,0.0,0.0
1773806346.6012127,True,0.7838416,1773806346.5662374,429.35907,276.35977,41.196182,19.073507,0.0284792,429.66874447091504,276.3156330648789,779.6078907646988,0.028053126418246865,0.9996056237667743,0.028056829972112098,217.66874447091504,156.3156330648789,-1.7530415866206883,0.0,-0.03,-0.03,0.03,0.0,0.0,0.0
1773806346.6110063,True,0.80835915,1773806346.6017265,429.8088,276.20422,41.43676,19.033524,0.030507905,429.6967570513414,276.2933511784656,782.3317918458359,0.028788140446826083,0.9995843376208242,0.028792152813622716,217.69675705134142,156.29335117846563,-1.7495537389491864,0.0,-0.03,-0.03,0.03,0.0,0.0,0.0
1773806346.6207535,True,0.80835915,1773806346.6017265,429.8088,276.20422,41.43676,19.033524,0.030507905,429.7191671156825,276.275525669335,784.238522602632,0.029302650266831536,0.9995694373186592,0.02930687895290712,217.71916711568252,156.27552566933502,-1.747119463665442,0.0,-0.03,-0.03,0.03,0.0,0.0,0.0
1773806346.631282,True,0.80835915,1773806346.6017265,429.8088,276.20422,41.43676,19.033524,0.030507905,429.7370951671554,276.2612652620305,785.5732341323892,0.029662807140835353,0.9995590071071437,0.029667187154778483,217.73709516715542,156.26126526203052,-1.7454189899039823,0.0,-0.03,-0.03,0.03,0.0,0.0,0.0
1773806346.6413116,True,0.769477,1773806346.631282,429.6104,275.8443,41.191673,19.391533,0.02668035,429.71175865325563,276.17787207290564,789.5321781993131,0.028767120514992472,0.9995845351449733,0.02877113587373131,217.71175865325563,156.17787207290564,-1.7403920851994132,0.0,-0.03,-0.03,0.03,0.0,0.0,0.0
1773806346.650859,True,0.769477,1773806346.631282,429.6104,275.8443,41.191673,19.391533,0.02668035,429.6914894421358,276.1111575216058,792.3034390461597,0.028140139876902455,0.9996024047714538,0.028143899625988105,217.69148944213578,156.11115752160578,-1.7368882272107968,0.0,-0.03,-0.03,0.03,0.0,0.0,0.0
1773806346.660903,True,0.769477,1773806346.631282,429.6104,275.8443,41.191673,19.391533,0.02668035,429.6752740732399,276.0577858805659,794.2433216389525,0.027701253430239443,0.9996149135099903,0.027704834386815022,217.6752740732399,156.05778588056592,-1.7344428110307244,0.0,-0.03,-0.03,0.03,0.0,0.0,0.0
1773806346.671143,True,0.69184065,1773806346.6661115,430.91464,275.8272,39.738388,19.337944,0.02342092,429.92314772538884,276.011670598984,786.5079472175792,0.02641651123241464,0.9996481622898883,0.02641966015122244,217.92314772538884,156.01167059898398,-1.7442298487751098,0.0,-0.03,-0.03,0.03,0.0,0.0,0.0
1773806346.6810036,True,0.69184065,1773806346.6661115,430.91464,275.8272,39.738388,19.337944,0.02342092,430.121446647108,275.97477837371844,781.0931851226179,0.025517191693937277,0.9996714364358168,0.02552003686112491,218.12144664710797,155.97477837371844,-1.751138217898415,0.0,-0.03,-0.03,0.03,0.0,0.0,0.0
1773806346.6915617,True,0.69184065,1773806346.6661115,430.91464,275.8272,39.738388,19.337944,0.02342092,430.2800857844833,275.945264593506,777.302851656145,0.024887668017003123,0.9996877283379668,0.02489030081226919,218.28008578448328,155.945264593506,-1.7560026308603125,0.0,-0.03,-0.03,0.03,0.0,0.0,0.0
1773806346.7010992,True,0.69184065,1773806346.6661115,430.91464,275.8272,39.738388,19.337944,0.02342092,430.40699709438354,275.92165356933606,774.649618229614,0.024447001443149215,0.9996991326694717,0.02444948601255247,218.40699709438354,155.92165356933606,-1.7594218541457496,0.0,-0.03,-0.03,0.03,0.0,0.0,0.0
1773806346.7116702,True,0.69184065,1773806346.6661115,430.91464,275.8272,39.738388,19.337944,0.02342092,430.5085261423037,275.9027647500001,772.7923548310423,0.02413853484145148,0.9997071157015252,0.024140915971948434,218.5085261423037,155.90276475000007,-1.7618222857260113,0.0,-0.03,-0.03,0.03,0.0,0.0,0.0
1773806346.7211936,True,0.5577846,1773806346.720192,431.10696,275.25266,40.630245,19.97238,0.019732026,430.6282137361086,275.7727428058595,784.3994481864171,0.022816198175428,0.99973657995621,0.022818248899906315,218.6282137361086,155.77274280585948,-1.7469142849214023,0.0,-0.03,-0.03,0.03,0.0,0.0,0.0
1773806346.7313907,True,0.5577846,1773806346.720192,431.10696,275.25266,40.630245,19.97238,0.019732026,430.7239638111525,275.66872525054697,792.5244135351794,0.021890562509211564,0.9997572049344895,0.02189238054997541,218.7239638111525,155.66872525054697,-1.736609364758838,0.0,-0.03,-0.03,0.03,0.0,0.0,0.0
1773806346.7415457,True,0.5577846,1773806346.720192,431.10696,275.25266,40.630245,19.97238,0.019732026,430.80056387118765,275.585511206297,798.211889279313,0.021242617542860057,0.9997716424192851,0.0212442730042286,218.80056387118765,155.58551120629699,-1.7294585881415627,0.0,-0.03,-0.03,0.03,0.0,0.0,0.0
1773806346.7511346,True,0.65297866,1773806346.7425556,433.48724,274.34766,43.447548,20.015797,0.012801025,431.3378998274189,275.33794021503763,819.639502915441,0.01871003491690725,0.9998155700927507,0.018711302248575205,219.33789982741888,155.33794021503763,-1.7029680627568988,0.0,-0.03,-0.03,0.03,0.0,0.0,0.0
1773806346.7612774,True,0.65297866,1773806346.7425556,433.48724,274.34766,43.447548,20.015797,0.012801025,431.76776859240385,275.13988342203015,834.6388324607304,0.01693722707874028,0.9998463194641766,0.01693821034075091,219.76776859240385,155.13988342203015,-1.6848335804533965,0.0,-0.03,-0.03,0.03,0.0,0.0,0.0
1773806346.7713075,True,0.837709,1773806346.7658083,432.53958,274.79218,41.779877,19.154587,0.019382425,431.92213113368877,275.0703417962179,824.3300562576676,0.017670422279829935,0.9998360736312677,0.01767147968283933,219.92213113368877,155.07034179621792,-1.6972616723383998,0.0,-0.03,-0.03,0.03,0.0,0.0,0.0
1773806346.7813606,True,0.837709,1773806346.7658083,432.53958,274.79218,41.779877,19.154587,0.019382425,432.04562116671667,275.01470849556813,817.1139129155235,0.018183658920592694,0.9998289015482313,0.01818476590296964,220.04562116671667,155.01470849556813,-1.7060541623244547,0.0,-0.03,-0.03,0.03,0.0,0.0,0.0
1773806346.7914684,True,0.837709,1773806346.7658083,432.53958,274.79218,41.779877,19.154587,0.019382425,432.144413193139,274.97020185504823,812.0626125760227,0.018542924569126623,0.9998238810901059,0.018544064952772915,220.14441319313897,154.97020185504823,-1.7122552294857138,0.0,-0.03,-0.03,0.03,0.0,0.0,0.0
1773806346.801323,True,0.73115176,1773806346.7983286,433.5331,274.25555,40.657948,18.909298,0.01763769,432.4221528689643,274.8272723238823,799.0877985297784,0.018271080017618287,0.9998300547536786,0.018272151839871693,220.4221528689643,154.8272723238823,-1.7283618505099858,0.0,-0.03,-0.03,0.03,0.0,0.0,0.0
1773806346.8111043,True,0.73115176,1773806346.7983286,433.5331,274.25555,40.657948,18.909298,0.01763769,432.64434460962457,274.7129286989496,790.0054286974073,0.01808078883156245,0.9998343763181795,0.018081813048593492,220.64434460962457,154.7129286989496,-1.7397928585520843,0.0,-0.03,-0.03,0.03,0.0,0.0,0.0
1773806346.8208413,True,0.73115176,1773806346.7983286,433.5331,274.25555,40.657948,18.909298,0.01763769,432.8220980021528,274.62145379900346,783.6477698147476,0.017947585001323367,0.9998374014133301,0.017948576093254672,220.8220980021528,154.62145379900346,-1.7478730295569187,0.0,-0.03,-0.03,0.03,0.0,0.0,0.0
1773806346.8314047,True,0.73115176,1773806346.7983286,433.5331,274.25555,40.657948,18.909298,0.01763769,432.9643007161754,274.5482738790465,779.1974085968857,0.017854342320156008,0.9998395189799356,0.017855310324744966,220.9643007161754,154.54827387904652,-1.7535682491582987,0.0,-0.03,-0.03,0.03,0.0,0.0,0.0
1773806346.8407855,True,0.7253918,1773806346.832634,433.27936,275.00922,39.722626,19.43058,0.018998275,433.0273121549716,274.64046236495597,776.9882897775856,0.018197179147612878,0.9998335247488056,0.018198199839385084,221.02731215497158,154.64046236495597,-1.756407396575652,0.0,-0.03,-0.03,0.03,0.0,0.0,0.0
1773806346.8509595,True,0.7253918,1773806346.832634,433.27936,275.00922,39.722626,19.43058,0.018998275,433.0777213060085,274.71421315368354,775.4419066040755,0.018437164926832686,0.9998293287870146,0.01843822240428558,221.07772130600853,154.71421315368354,-1.7583996068387193,0.0,-0.03,-0.03,0.03,0.0,0.0,0.0
1773806346.8610723,True,0.7253918,1773806346.832634,433.27936,275.00922,39.722626,19.43058,0.018998275,433.11804862683806,274.7732137846656,774.3594383826185,0.018605154972286552,0.9998263916137609,0.01860623813583522,221.11804862683806,154.7732137846656,-1.7597965192894442,0.0,-0.03,-0.03,0.03,0.0,0.0,0.0
1773806346.8709073,True,0.7989359,1773806346.8650882,432.9647,276.37833,39.23762,18.814724,0.02272827,433.08737713389235,275.09423631093557,763.5251054029891,0.019841502429735453,0.9998009913271553,0.01984284713837032,221.08737713389235,155.09423631093557,-1.7738866696455782,0.0,-0.03,-0.03,0.03,0.0,0.0,0.0
1773806346.8811133,True,0.7989359,1773806346.8650882,432.9647,276.37833,39.23762,18.814724,0.02272827,433.06283993953576,275.35105433195156,755.9410723172487,0.020706945649949682,0.9997832111265315,0.02070847493696883,221.06283993953576,155.35105433195156,-1.7838692492871837,0.0,-0.03,-0.03,0.03,0.0,0.0,0.0
1773806346.8909824,True,0.7989359,1773806346.8650882,432.9647,276.37833,39.23762,18.814724,0.02272827,433.0432101840505,275.5565087487644,750.6322491572303,0.02131275590409964,0.9997707649860947,0.021314414324489626,221.0432101840505,155.55650874876437,-1.7909168254757353,0.0,-0.03,-0.03,0.03,0.0,0.0,0.0
1773806346.9010913,True,0.7989359,1773806346.8650882,432.9647,276.37833,39.23762,18.814724,0.02272827,433.0275063796623,275.7208722822146,746.9160729452174,0.021736823082004614,0.9997620526877891,0.021738571584624757,221.02750637966233,155.7208722822146,-1.7958798490858725,0.0,-0.03,-0.03,0.03,0.0,0.0,0.0
1773806346.9107723,True,0.7230244,1773806346.906103,432.34067,277.07434,37.74825,18.126923,0.017709782,432.89013864865177,275.9915659898342,728.1191258175114,0.02052843314427246,0.9997863926524195,0.02052993431234165,220.89013864865177,155.9915659898342,-1.8213680065836542,0.0,-0.03,-0.03,0.03,0.0,0.0,0.0
1773806346.9214938,True,0.7230244,1773806346.906103,432.34067,277.07434,37.74825,18.126923,0.017709782,432.78024446384336,276.20812095592987,714.9612628281174,0.019682560187859955,0.9998034306276609,0.019683887333362366,220.78024446384336,156.20812095592987,-1.83960431239485,0.0,-0.03,-0.03,0.03,0.0,0.0,0.0
1773806346.9308002,True,0.7230244,1773806346.906103,432.34067,277.07434,37.74825,18.126923,0.017709782,432.6923291159966,276.3813649288064,705.7507587355415,0.0190904491183712,0.9998153572103299,0.0190916547643147,220.69232911599659,156.38136492880642,-1.852570533548463,0.0,-0.03,-0.03,0.03,0.0,0.0,0.0
1773806346.9412925,True,0.7230244,1773806346.906103,432.34067,277.07434,37.74825,18.126923,0.017709782,432.62199683771917,276.51996010710764,699.3034058707384,0.018675971369729073,0.9998237058181982,0.0186770923787172,220.62199683771917,156.51996010710764,-1.861747970660424,0.0,-0.03,-0.03,0.03,0.0,0.0,0.0
1773806346.95142,True,0.7230244,1773806346.906103,432.34067,277.07434,37.74825,18.126923,0.017709782,432.56573101509724,276.6308362497486,694.7902588653762,0.018385836945679582,0.999829549843706,0.01838689899945734,220.56573101509724,156.6308362497486,-1.868222661545333,0.0,-0.03,-0.03,0.03,0.0,0.0,0.0
1773806346.961001,True,0.7230244,1773806346.906103,432.34067,277.07434,37.74825,18.126923,0.017709782,432.52071835699974,276.7195371638614,691.6310559616227,0.01818274284884494,0.9998336406615616,0.018183763806725175,220.52071835699974,156.7195371638614,-1.8727800184438288,0.0,-0.03,-0.03,0.03,0.0,0.0,0.0
1773806346.9712703,True,0.7230244,1773806346.906103,432.34067,277.07434,37.74825,18.126923,0.017709782,432.48470823052173,276.79049789515165,689.4196139289952,0.01804057698106069,0.9998365042340605,0.018041569266862182,220.48470823052173,156.79049789515165,-1.8759825713565494,0.0,-0.03,-0.03,0.03,0.0,0.0,0.0
1773806346.981148,True,0.7230244,1773806346.906103,432.34067,277.07434,37.74825,18.126923,0.017709782,432.4559001293393,276.8472664801838,687.871604506156,0.017941060873611716,0.9998385087348096,0.017942033139100276,220.45590012933928,156.8472664801838,-1.878230476598331,0.0,-0.03,-0.03,0.03,0.0,0.0,0.0
1773806346.9911532,True,0.7230244,1773806346.906103,432.34067,277.07434,37.74825,18.126923,0.017709782,432.43285364839335,276.8926813482096,686.7879979101685,0.017871399598397432,0.999839911885334,0.01787235787546041,220.43285364839335,156.89268134820958,-1.8798070222661087,0.0,-0.03,-0.03,0.03,0.0,0.0,0.0
1773806347.0008895,True,0.7859496,1773806346.9998877,430.68427,280.41217,42.038136,19.966248,0.01331644,432.08313594605846,277.59657916059894,732.5547418476648,0.01650479377011761,0.9998613395750718,0.016505583590206926,220.08313594605846,157.59657916059894,-1.8152946047617167,0.0,-0.03,-0.03,0.03,0.0,0.0,0.0
1773806347.011371,True,0.7859496,1773806346.9998877,430.68427,280.41217,42.038136,19.966248,0.01331644,431.80336178419054,278.1596974105104,764.5914626039122,0.015548169690321733,0.9998763389578883,0.015548839447435434,219.80336178419054,158.15969741051038,-1.7724910203916673,0.0,-0.03,-0.03,0.03,0.0,0.0,0.0
1773806347.0212014,True,0.7859496,1773806346.9998877,430.68427,280.41217,42.038136,19.966248,0.01331644,431.5795424546962,278.61019201043956,787.0171671332853,0.01487853283446462,0.9998868385258598,0.01487911858420051,219.5795424546962,158.61019201043956,-1.743582614194818,0.0,-0.03,-0.03,0.03,0.0,0.0,0.0
1773806347.0312257,True,0.7859496,1773806346.9998877,430.68427,280.41217,42.038136,19.966248,0.01331644,431.40048699110076,278.9705876903829,802.7151603038465,0.014409787035364642,0.9998941882234398,0.014410314370701883,219.40048699110076,158.9705876903829,-1.7238327441618235,0.0,-0.03,-0.03,0.03,0.0,0.0,0.0
1773806347.0409086,True,0.865073,1773806347.0355146,431.58835,280.7543,41.597458,20.093298,0.014256266,431.43805927061504,279.32733074800944,812.6496539607394,0.014363585836975251,0.9998954461049339,0.014364099779040655,219.43805927061504,159.32733074800944,-1.7115325890251791,0.0,-0.03,-0.03,0.03,0.0,0.0,0.0
1773806347.05083,True,0.865073,1773806347.0355146,431.58835,280.7543,41.597458,20.093298,0.014256266,431.46811709422644,279.6127251941107,819.6037995205645,0.014331244998102677,0.9998963266219798,0.014331749597540801,219.46811709422644,159.61272519411068,-1.7030116235813708,0.0,-0.03,-0.03,0.03,0.0,0.0,0.0
1773806347.0610995,True,0.865073,1773806347.0355146,431.58835,280.7543,41.597458,20.093298,0.014256266,431.4921633531156,279.8410407509917,824.4717014124419,0.014308606410891874,0.999896942983912,0.01430910448653777,219.4921633531156,159.84104075099168,-1.6970898564673118,0.0,-0.03,-0.03,0.03,0.0,0.0,0.0
1773806347.0712416,True,0.7608685,1773806347.068243,432.28787,281.72876,43.258957,21.511448,0.015992293,431.65130514538316,280.21858455391833,856.2990325414437,0.014813507926340053,0.9998894978903999,0.014814061255745383,219.65130514538316,160.21858455391833,-1.6592130235395346,0.0,-0.03,-0.03,0.03,0.0,0.0,0.0
1773806347.0808756,True,0.7608685,1773806347.068243,432.28787,281.72876,43.258957,21.511448,0.015992293,431.7786185791972,280.5206195962597,878.5781643317448,0.015166938987153777,0.9998842863249415,0.015167530988425867,219.7786185791972,160.52061959625968,-1.633527797323491,0.0,-0.03,-0.03,0.03,0.0,0.0,0.0
1773806347.0910673,True,0.7608685,1773806347.068243,432.28787,281.72876,43.258957,21.511448,0.015992293,431.88046932624843,280.7622476301328,894.1735565849556,0.015414340729723384,0.9998806382291207,0.015414959743671398,219.88046932624843,160.76224763013278,-1.615932784544134,0.0,-0.03,-0.03,0.03,0.0,0.0,0.0
1773806347.1012495,True,0.7286568,1773806347.098338,431.07858,282.76877,38.87722,21.489706,0.021702683,431.7200920137331,281.1635517662156,876.5594962012657,0.017300332197515707,0.9998457985686274,0.017301273851270598,219.7200920137331,161.16355176621562,-1.6358280944067318,0.0,-0.03,-0.03,0.03,0.0,0.0,0.0
1773806347.1107285,True,0.7286568,1773806347.098338,431.07858,282.76877,38.87722,21.489706,0.021702683,431.5917901637209,281.48459507508187,864.2296539326828,0.018620526224970332,0.9998214108062822,0.018621699477209343,219.59179016372087,161.48459507508187,-1.6499941391109303,0.0,-0.03,-0.03,0.03,0.0,0.0,0.0
1773806347.1210501,True,0.7286568,1773806347.098338,431.07858,282.76877,38.87722,21.489706,0.021702683,431.4891486837111,281.74142972217487,855.5987643446748,0.01954466204418857,0.9998043393726405,0.019545997376162156,219.4891486837111,161.74142972217487,-1.6600311427486383,0.0,-0.03,-0.03,0.03,0.0,0.0,0.0
1773806347.131134,True,0.7286568,1773806347.098338,431.07858,282.76877,38.87722,21.489706,0.021702683,431.4070354997033,281.9468974398493,849.5571416330691,0.020191557117641337,0.9997923893690913,0.020193004906261757,219.40703549970328,161.9468974398493,-1.6671174718902868,0.0,-0.03,-0.03,0.03,0.0,0.0,0.0
1773806347.1407294,True,0.69506466,1773806347.1326838,431.9535,282.5832,44.74637,23.949514,0.011647263,431.5163266419502,282.07415613547323,916.1861417212733,0.01762818976339279,0.9998343239794563,0.017629284243741272,219.51632664195017,162.07415613547323,-1.5916131202428319,0.0,-0.03,-0.03,0.03,0.0,0.0,0.0
1773806347.1512856,True,0.69506466,1773806347.1326838,431.9535,282.5832,44.74637,23.949514,0.011647263,431.6037595557477,282.17596309197233,962.8264417830162,0.015833832615418805,0.9998636782067117,0.015834667829271093,219.60375955574767,162.17596309197233,-1.5419595068042804,0.0,-0.03,-0.03,0.03,0.0,0.0,0.0
1773806347.1613212,True,0.69506466,1773806347.1326838,431.9535,282.5832,44.74637,23.949514,0.011647263,431.6737058867857,282.2574086571716,995.4746518262364,0.014577782611837016,0.9998842261657905,0.014578437656011864,219.67370588678568,162.2574086571716,-1.508613015334508,0.0,-0.03,-0.03,0.03,0.0,0.0,0.0
1773806347.1711082,True,0.69506466,1773806347.1326838,431.9535,282.5832,44.74637,23.949514,0.011647263,431.7296629516161,282.32256510933104,1018.3283988564904,0.013698547609329764,0.9998986097371457,0.013699079640239555,219.7296629516161,162.32256510933104,-1.4859149384726729,0.0,-0.03,-0.03,0.03,0.0,0.0,0.0
1773806347.1812348,True,0.67728627,1773806347.1741998,430.46457,281.87784,44.287292,21.820019,0.013647037,431.4766441796523,282.23361971441796,1002.7347437014964,0.013682967233491963,0.999901091008269,0.013683466653625711,219.47664417965228,162.23361971441796,-1.5013463856827318,0.0,-0.03,-0.03,0.03,0.0,0.0,0.0
1773806347.1909502,True,0.67728627,1773806347.1741998,430.46457,281.87784,44.287292,21.820019,0.013647037,431.2742291620812,282.1624633984875,991.8191850930007,0.013672060970405502,0.9999028278980552,0.013672537605131176,219.2742291620812,162.1624633984875,-1.5122918581790303,0.0,-0.03,-0.03,0.03,0.0,0.0,0.0
1773806347.201178,True,0.6453533,1773806347.1981623,432.86957,282.28552,44.578724,22.781784,0.012407324,431.59329690388375,282.1870752109775,998.9482952877567,0.01329254446285136,0.999908888570506,0.013292972650666892,219.59329690388375,162.18707521097753,-1.5051296549179818,0.0,-0.03,-0.03,0.03,0.0,0.0,0.0
1773806347.2109203,True,0.6453533,1773806347.1981623,432.86957,282.28552,44.578724,22.781784,0.012407324,431.84855109732575,282.20676466096955,1003.9386724240859,0.013026882907563458,0.9999131310412215,0.013027277634665983,219.84855109732575,162.20676466096955,-1.500146460615336,0.0,-0.03,-0.03,0.03,0.0,0.0,0.0
1773806347.2209523,True,0.6453533,1773806347.1981623,432.86957,282.28552,44.578724,22.781784,0.012407324,432.0527544520794,282.22251622096314,1007.4319364195163,0.012840919818861929,0.9999161007707223,0.01284129136828237,220.0527544520794,162.22251622096314,-1.4966729411233495,0.0,-0.03,-0.03,0.03,0.0,0.0,0.0
1773806347.230982,True,0.6453533,1773806347.1981623,432.86957,282.28552,44.578724,22.781784,0.012407324,432.2161171358823,282.23511746895804,1009.8772212163176,0.012710745656770857,0.999918179581373,0.012711101109757856,220.2161171358823,162.23511746895804,-1.4942486364646657,0.0,-0.03,-0.03,0.03,0.0,0.0,0.0
1773806347.2407765,True,0.60024947,1773806347.2331364,433.3507,282.65726,44.294018,24.368397,0.015726019,432.44303531026833,282.3195453911821,1030.726298503766,0.013615133113003707,0.9999056303218594,0.013615576657908,220.44303531026833,162.3195453911821,-1.4738136988536614,0.0,-0.03,-0.03,0.03,0.0,0.0,0.0
1773806347.2509794,True,0.60024947,1773806347.2331364,433.3507,282.65726,44.294018,24.368397,0.015726019,432.62456984977723,282.3870877289613,1045.3206526049798,0.014248204332366702,0.9998968458401998,0.01424870988230044,220.62456984977723,162.38708772896132,-1.4597537138286085,0.0,-0.03,-0.03,0.03,0.0,0.0,0.0
1773806347.261574,True,0.60024947,1773806347.2331364,433.3507,282.65726,44.294018,24.368397,0.015726019,432.76979748138433,282.44112159918467,1055.5367004758295,0.0146913541859208,0.9998906967030381,0.014691902991350895,220.76979748138433,162.44112159918467,-1.4500280383726472,0.0,-0.03,-0.03,0.03,0.0,0.0,0.0
1773806347.2711935,True,0.60024947,1773806347.2331364,433.3507,282.65726,44.294018,24.368397,0.015726019,432.88597958667003,282.4843486953634,1062.6879339854245,0.015001559083408667,0.9998863923070249,0.015002137987122823,220.88597958667003,162.4843486953634,-1.443275911555988,0.0,-0.03,-0.03,0.03,0.0,0.0,0.0
1773806347.2808778,True,0.6433096,1773806347.2773807,432.95746,282.6168,44.137436,24.157852,0.015468171,432.9002753685548,282.5108371105876,1063.761241289797,0.015141357571449469,0.9998845856840115,0.015141947954966204,220.9002753685548,162.5108371105876,-1.4422664283216844,0.0,-0.03,-0.03,0.03,0.0,0.0,0.0
1773806347.2913332,True,0.6433096,1773806347.2773807,432.95746,282.6168,44.137436,24.157852,0.015468171,432.9117119940626,282.532027842767,1064.5125564028579,0.015239216513078028,0.9998833210479021,0.015239814881151842,220.9117119940626,162.53202784276698,-1.441560395906978,0.0,-0.03,-0.03,0.03,0.0,0.0,0.0
1773806347.3009212,True,0.6527269,1773806347.2994065,432.542,282.8077,42.85317,24.52213,0.021646788,432.8377680327501,282.5871640222605,1060.4140751265318,0.017160980907839716,0.999848039961279,0.01716190398502353,220.8377680327501,162.58716402226048,-1.44541792801921,0.0,-0.03,-0.03,0.03,0.0,0.0,0.0
1773806347.3108528,True,0.6527269,1773806347.2994065,432.542,282.8077,42.85317,24.52213,0.021646788,432.7786128637001,282.63127296585526,1057.5451382331034,0.0185062159841729,0.9998233432006428,0.01850737245524935,220.77861286370012,162.63127296585526,-1.448127081840538,0.0,-0.03,-0.03,0.03,0.0,0.0,0.0
1773806347.321376,True,0.6527269,1773806347.2994065,432.542,282.8077,42.85317,24.52213,0.021646788,432.7312887284601,282.6665601207311,1055.5368824077036,0.019447880537606127,0.9998060554681976,0.019449200349524708,220.73128872846007,162.6665601207311,-1.450027866013071,0.0,-0.03,-0.03,0.03,0.0,0.0,0.0
1773806347.3311918,True,0.6527269,1773806347.2994065,432.542,282.8077,42.85317,24.52213,0.021646788,432.6934294202681,282.69478984463177,1054.1311033299237,0.020107045725009386,0.9997939540554859,0.02010847882164672,220.6934294202681,162.69478984463177,-1.4513605679314299,0.0,-0.03,-0.03,0.03,0.0,0.0,0.0
1773806347.3410542,True,0.749805,1773806347.3354824,432.73837,282.83188,43.37511,24.671417,0.020641424,432.70241809676133,282.7222076081273,1058.9294188153215,0.020266919412533772,0.9997918598517487,0.02026836273561679,220.70241809676133,162.7222076081273,-1.4468189812777432,0.0,-0.03,-0.03,0.03,0.0,0.0,0.0
1773806347.3509169,True,0.749805,1773806347.3354824,432.73837,282.83188,43.37511,24.671417,0.020641424,432.70960903795594,282.7441418189237,1062.2882396551,0.02037883099380084,0.9997903939091326,0.02038028125776893,220.70960903795594,162.7441418189237,-1.4436520986775152,0.0,-0.03,-0.03,0.03,0.0,0.0,0.0
1773806347.3609424,True,0.749805,1773806347.3354824,432.73837,282.83188,43.37511,24.671417,0.020641424,432.71536179091163,282.7616891875608,1064.639414242945,0.02045716910068779,0.9997893677493014,0.0204586241148988,220.71536179091163,162.76168918756082,-1.4414412331210558,0.0,-0.03,-0.03,0.03,0.0,0.0,0.0
1773806347.3709748,True,0.749805,1773806347.3354824,432.73837,282.83188,43.37511,24.671417,0.020641424,432.7199639932762,282.77572708247055,1066.2852364544365,0.020512005775508654,0.9997886494374195,0.020513464061188535,220.71996399327622,162.77572708247055,-1.4398965304135134,0.0,-0.03,-0.03,0.03,0.0,0.0,0.0
1773806347.3808384,True,0.78078336,1773806347.3709748,432.5999,283.4362,42.302277,23.189337,0.020728871,432.6959541047773,282.9078192148046,1040.6881848052149,0.02057662007492298,0.9997876039986898,0.020578086253877394,220.6959541047773,162.9078192148046,-1.4641951863017362,0.0,-0.03,-0.03,0.03,0.0,0.0,0.0
1773806347.390871,True,0.78078336,1773806347.3709748,432.5999,283.4362,42.302277,23.189337,0.020728871,432.67674619397815,283.0134929206718,1022.7702486507598,0.020621850084513012,0.999786872191579,0.020623321766926807,220.67674619397815,163.0134929206718,-1.481562520904104,0.0,-0.03,-0.03,0.03,0.0,0.0,0.0
1773806347.4010205,True,0.78078336,1773806347.3709748,432.5999,283.4362,42.302277,23.189337,0.020728871,432.6613798653388,283.0980318853656,1010.2276933426411,0.020653511091226033,0.9997863599266015,0.020654986615248463,220.6613798653388,163.09803188536557,-1.4939016523775381,0.0,-0.03,-0.03,0.03,0.0,0.0,0.0
1773806347.4110932,True,0.7847065,1773806347.404547,432.60596,283.25443,43.055206,22.844833,0.017681414,432.6502952985211,283.1293105180581,1002.2360821171925,0.0197616056574588,0.9998035583088032,0.019762915068960947,220.6502952985211,163.1293105180581,-1.5018438109700873,0.0,-0.03,-0.03,0.03,0.0,0.0,0.0
1773806347.4211655,True,0.7847065,1773806347.404547,432.60596,283.25443,43.055206,22.844833,0.017681414,432.6414276450669,283.15433342421215,996.6419542593784,0.019137271853821736,0.9998155971763444,0.01913846444509778,220.64142764506693,163.15433342421215,-1.507441093406671,0.0,-0.03,-0.03,0.03,0.0,0.0,0.0
1773806347.4311888,True,0.7847065,1773806347.404547,432.60596,283.25443,43.055206,22.844833,0.017681414,432.63433352230356,283.1743517491353,992.7260647589086,0.018700238191275795,0.9998240243836233,0.018701349045257207,220.63433352230356,163.17435174913533,-1.5113779160765752,0.0,-0.03,-0.03,0.03,0.0,0.0,0.0
1773806347.4414113,True,0.7945752,1773806347.4351943,432.9489,283.7876,45.20908,24.038898,0.018586691,432.6972495326866,283.2970009305583,1020.9411921085798,0.01866585312746373,0.9998249987953813,0.01866695174564432,220.6972495326866,163.29700093055828,-1.4833524575791552,0.0,-0.03,-0.03,0.03,0.0,0.0,0.0
1773806347.4509373,True,0.7945752,1773806347.4351943,432.9489,283.7876,45.20908,24.038898,0.018586691,432.74758234099306,283.3951202756966,1040.6917812533495,0.018641783582795286,0.9998256808836121,0.018642873649517135,220.74758234099306,163.39512027569663,-1.464191730471284,0.0,-0.03,-0.03,0.03,0.0,0.0,0.0
1773806347.4610887,True,0.7945752,1773806347.4351943,432.9489,283.7876,45.20908,24.038898,0.018586691,432.7878485876382,283.4736157518073,1054.5171936546883,0.018624934901527376,0.9998261583453736,0.018626018988910323,220.78784858763822,163.4736157518073,-1.4509943709419828,0.0,-0.03,-0.03,0.03,0.0,0.0,0.0
1773806347.471148,True,0.76126367,1773806347.46661,432.34305,283.81665,43.220734,23.277937,0.02350893,432.69888848925126,283.54222267957084,1039.9888971305475,0.020089483988850937,0.9997954141871961,0.02009089122813206,220.69888848925126,163.54222267957084,-1.464867359515992,0.0,-0.03,-0.03,0.03,0.0,0.0,0.0
1773806347.481263,True,0.76126367,1773806347.46661,432.34305,283.81665,43.220734,23.277937,0.02350893,432.62772041054166,283.5971082217817,1029.8190895636487,0.02111466834997743,0.9997738932764719,0.021116304463422934,220.62772041054166,163.5971082217817,-1.4746942511617926,0.0,-0.03,-0.03,0.03,0.0,0.0,0.0
1773806347.4913323,True,0.76126367,1773806347.46661,432.34305,283.81665,43.220734,23.277937,0.02350893,432.570785947574,283.6410166555504,1022.7002242668198,0.021832297402765974,0.9997588286389649,0.021834093697331754,220.570785947574,163.6410166555504,-1.4816309886575076,0.0,-0.03,-0.03,0.03,0.0,0.0,0.0
1773806347.500926,True,0.76126367,1773806347.46661,432.34305,283.81665,43.220734,23.277937,0.02350893,432.52523837719986,283.67614340256534,1017.7170185590394,0.022334637739717954,0.99974828339271,0.022336545687031768,220.52523837719986,163.67614340256534,-1.4865154951307877,0.0,-0.03,-0.03,0.03,0.0,0.0,0.0
1773806347.5108898,True,0.5633139,1773806347.50844,431.47534,283.25433,46.57424,26.378708,0.011922151,432.31525906113495,283.59178142127104,1080.9724208038276,0.019210806944149873,0.9998024779753002,0.01921223809190929,220.31525906113495,163.59178142127104,-1.4262163711145663,0.0,-0.03,-0.03,0.03,0.0,0.0,0.0
1773806347.5210273,True,0.5633139,1773806347.50844,431.47534,283.25433,46.57424,26.378708,0.011922151,432.147275608283,283.5242918362356,1125.2512023751792,0.017024125387252217,0.9998404141831133,0.017025197479561365,220.147275608283,163.5242918362356,-1.3860710950454562,0.0,-0.03,-0.03,0.03,0.0,0.0,0.0
1773806347.5312033,True,0.5633139,1773806347.50844,431.47534,283.25433,46.57424,26.378708,0.011922151,432.01288884600143,283.47030016820725,1156.2463494751255,0.015493448297423858,0.9998669695285826,0.015494269637844999,220.01288884600143,163.47030016820725,-1.3588985441474624,0.0,-0.03,-0.03,0.03,0.0,0.0,0.0
1773806347.5408847,True,0.60848683,1773806347.5332253,429.24524,283.68704,45.894196,24.121264,0.036330648,431.45935892836366,283.51364858183143,1141.4802449255565,0.02174221062630073,0.9997089130512057,0.02174511330252898,219.45935892836366,163.51364858183143,-1.3717515161796154,0.0,-0.03,-0.03,0.03,0.0,0.0,0.0
1773806347.550998,True,0.60848683,1773806347.5332253,429.24524,283.68704,45.894196,24.121264,0.036330648,431.01653499425345,283.5483273127308,1131.1439717408582,0.026116344256514545,0.9995982735170419,0.026120897704165383,219.01653499425345,163.5483273127308,-1.3808479117748065,0.0,-0.03,-0.03,0.03,0.0,0.0,0.0
1773806347.5610178,True,0.60848683,1773806347.5332253,429.24524,283.68704,45.894196,24.121264,0.036330648,430.66227584696526,283.57607029745026,1123.9085805115694,0.02917823779766421,0.9995208258431272,0.02918393779270892,218.66227584696526,163.57607029745026,-1.3872649826770092,0.0,-0.03,-0.03,0.03,0.0,0.0,0.0
1773806347.570913,True,0.6526404,1773806347.569401,430.1353,285.70212,49.734737,22.671982,0.011765514,430.5568836658535,284.0012798219446,1125.0115312604423,0.023954339096244115,0.9996438142332826,0.02395828926193087,218.5568836658535,164.0012798219446,-1.3862841111631397,0.0,-0.03,-0.03,0.03,0.0,0.0,0.0
1773806347.5809705,True,0.6526404,1773806347.569401,430.1353,285.70212,49.734737,22.671982,0.011765514,430.4725699209641,284.3414474415401,1125.7835967846534,0.020297610005250048,0.9997299061063915,0.02030030468591352,218.47256992096408,164.34144744154008,-1.3855980731094117,0.0,-0.03,-0.03,0.03,0.0,0.0,0.0
1773806347.5910351,True,0.6526404,1773806347.569401,430.1353,285.70212,49.734737,22.671982,0.011765514,430.40511892505253,284.6135815372165,1126.324042651601,0.0177378996415542,0.9997901704175676,0.017739761228687458,218.40511892505253,164.61358153721648,-1.3851181263538852,0.0,-0.03,-0.03,0.03,0.0,0.0,0.0
1773806347.6010413,True,0.6526404,1773806347.569401,430.1353,285.70212,49.734737,22.671982,0.011765514,430.35115812832333,284.83128881375757,1126.7023547584645,0.015946102386967108,0.9998323554353908,0.01594742405698114,218.35115812832333,164.83128881375757,-1.3847823006300024,0.0,-0.03,-0.03,0.03,0.0,0.0,0.0
1773806347.6111236,True,0.6229469,1773806347.6030538,429.9884,284.88156,47.355705,24.188484,0.030489836,430.2786071667212,284.84134330686544,1132.3304788973314,0.020307805289746107,0.9997432150932173,0.02031022821343186,218.2786071667212,164.84134330686544,-1.3797995171133903,0.0,-0.03,-0.03,0.03,0.0,0.0,0.0
1773806347.6211104,True,0.6229469,1773806347.6030538,429.9884,284.88156,47.355705,24.188484,0.030489836,430.2205663974395,284.84938690135175,1136.2701657945381,0.023360997321691404,0.9996808168536957,0.023364203813121005,218.22056639743948,164.84938690135175,-1.3763262827502496,0.0,-0.03,-0.03,0.03,0.0,0.0,0.0
1773806347.6311226,True,0.6229469,1773806347.6030538,429.9884,284.88156,47.355705,24.188484,0.030489836,430.1741337820141,284.8558217769408,1139.027946622583,0.025498231744053114,0.9996371380860305,0.025501957603201068,218.1741337820141,164.8558217769408,-1.373902176508123,0.0,-0.03,-0.03,0.03,0.0,0.0,0.0
1773806347.6409454,True,0.75607604,1773806347.6344893,430.9945,285.99918,44.706573,23.507107,0.030772213,430.3382083927988,285.0844926266308,1112.5962349990891,0.02707896920247659,0.9996039685053535,0.027083073885130603,218.33820839279878,165.08449262663078,-1.397381162089249,0.0,-0.03,-0.03,0.03,0.0,0.0,0.0
1773806347.6512332,True,0.75607604,1773806347.6344893,430.9945,285.99918,44.706573,23.507107,0.030772213,430.46946808142656,285.2674293063827,1094.0940368626436,0.02818548542337302,0.9995807497988796,0.028189837598371712,218.46946808142656,165.26742930638272,-1.4141507395577313,0.0,-0.03,-0.03,0.03,0.0,0.0,0.0
1773806347.6614306,True,0.75607604,1773806347.6344893,430.9945,285.99918,44.706573,23.507107,0.030772213,430.57447583232874,285.4137786501843,1081.1424981671316,0.02896004677800052,0.9995644967043479,0.028964561850198512,218.57447583232874,165.41377865018433,-1.4260590461156382,0.0,-0.03,-0.03,0.03,0.0,0.0,0.0
1773806347.6709619,True,0.75607604,1773806347.6344893,430.9945,285.99918,44.706573,23.507107,0.030772213,430.6584820330505,285.53085812522556,1072.0764210802733,0.029502239726239773,0.9995531195381757,0.029506863179274027,218.65848203305052,165.53085812522556,-1.434480048347405,0.0,-0.03,-0.03,0.03,0.0,0.0,0.0
1773806347.6812656,True,0.88130134,1773806347.6714678,432.2866,287.64334,42.73265,20.487535,0.021474047,430.9841037416748,285.95335471307106,1013.0995030569725,0.02709328668819805,0.9996180161329299,0.0270970059212783,218.9841037416748,165.95335471307106,-1.4910629502161512,0.0,-0.03,-0.03,0.03,0.0,0.0,0.0
1773806347.6909664,True,0.88130134,1773806347.6714678,432.2866,287.64334,42.73265,20.487535,0.021474047,431.2446011085743,286.2913519833475,971.815660440662,0.02540701956156884,0.9996634437492578,0.025410103043488612,219.24460110857427,166.2913519833475,-1.5326665390361658,0.0,-0.03,-0.03,0.03,0.0,0.0,0.0
1773806347.7011435,True,0.86549056,1773806347.6996388,431.76816,287.45605,44.935368,22.157843,0.025731629,431.3493124786563,286.524292524178,978.9721952186196,0.025503550482428087,0.9996650985965395,0.025506561686018316,219.34931247865632,166.524292524178,-1.5253294348379443,0.0,-0.03,-0.03,0.03,0.0,0.0,0.0
1773806347.71121,True,0.86549056,1773806347.6996388,431.76816,287.45605,44.935368,22.157843,0.025731629,431.433081574722,286.71064495684243,983.9817695631899,0.025571122127029562,0.9996662569896367,0.025574082263409875,219.433081574722,166.71064495684243,-1.5202253057444592,0.0,-0.03,-0.03,0.03,0.0,0.0,0.0
1773806347.7212331,True,0.86549056,1773806347.6996388,431.76816,287.45605,44.935368,22.157843,0.025731629,431.50009685157454,286.859726902974,987.4884716043891,0.025618422278250595,0.9996670678648049,0.025621346435738213,219.50009685157454,166.859726902974,-1.516667853375949,0.0,-0.03,-0.03,0.03,0.0,0.0,0.0
1773806347.7309601,True,0.86549056,1773806347.6996388,431.76816,287.45605,44.935368,22.157843,0.025731629,431.55370907305655,286.97899245987924,989.9431630332286,0.025651532384105315,0.9996676354774225,0.02565443124263332,219.55370907305655,166.97899245987924,-1.5141851453554014,0.0,-0.03,-0.03,0.03,0.0,0.0,0.0
1773806347.7410843,True,0.7928277,1773806347.7324698,431.79227,288.39575,45.85755,22.546932,0.022335974,431.6014206275859,287.2623443585284,1003.1443571896663,0.024656307866501775,0.9996925135818293,0.02465889242553941,219.60142062758592,167.26234435852842,-1.5009379727393184,0.0,-0.03,-0.03,0.03,0.0,0.0,0.0
1773806347.751402,True,0.7928277,1773806347.7324698,431.79227,288.39575,45.85755,22.546932,0.022335974,431.6395898712094,287.4890258774478,1012.3851930991726,0.023959650704179297,0.999709928254914,0.02396201552935206,219.6395898712094,167.48902587744777,-1.4917682727384771,0.0,-0.03,-0.03,0.03,0.0,0.0,0.0
1773806347.7612844,True,0.7928277,1773806347.7324698,431.79227,288.39575,45.85755,22.546932,0.022335974,431.6701252661082,287.67037109258325,1018.853778235827,0.023471990690553564,0.9997221185260734,0.023474202257142838,219.6701252661082,167.67037109258325,-1.4853991481846054,0.0,-0.03,-0.03,0.03,0.0,0.0,0.0
1773806347.7710543,True,0.7928277,1773806347.7324698,431.79227,288.39575,45.85755,22.546932,0.022335974,431.6945535820272,287.8154472646916,1023.3817878314851,0.02313062868101555,0.9997306517158848,0.02313273338266199,219.6945535820272,167.8154472646916,-1.4809647752937773,0.0,-0.03,-0.03,0.03,0.0,0.0,0.0
1773806347.7809184,True,0.6661889,1773806347.7720616,433.13724,288.7968,46.01325,24.061337,0.014652963,431.9830903753874,288.0117206047221,1048.5093291187582,0.020587171610933694,0.9997792503795595,0.020588807539714912,219.9830903753874,168.0117206047221,-1.4567079278701751,0.0,-0.03,-0.03,0.03,0.0,0.0,0.0
1773806347.7914693,True,0.6661889,1773806347.7720616,433.13724,288.7968,46.01325,24.061337,0.014652963,432.2139198100756,288.16873927674646,1066.0986080198495,0.018806751661876394,0.9998132694441317,0.018808046063417676,220.2139198100756,168.16873927674646,-1.440071572477865,0.0,-0.03,-0.03,0.03,0.0,0.0,0.0
1773806347.800993,True,0.6661889,1773806347.7720616,433.13724,288.7968,46.01325,24.061337,0.014652963,432.39858335782617,288.29435421436597,1078.4111032506135,0.017560457697536284,0.9998370827893324,0.01756151347861392,220.39858335782617,168.29435421436597,-1.4285886396123733,0.0,-0.03,-0.03,0.03,0.0,0.0,0.0
1773806347.8109808,True,0.63335603,1773806347.803153,431.74203,290.46872,45.38092,23.476223,0.013818467,432.26727366868283,288.7292272679772,1074.4995398535543,0.0164377285684663,0.9998573159036204,0.016438593426342372,220.26727366868283,168.7292272679772,-1.4322223879183253,0.0,-0.03,-0.03,0.03,0.0,0.0,0.0
1773806347.8211856,True,0.63335603,1773806347.803153,431.74203,290.46872,45.38092,23.476223,0.013818467,432.1622259173682,289.07712571086614,1071.761445475613,0.015651818178117314,0.999871479083622,0.01565255159332304,220.16222591736818,169.07712571086614,-1.4347738910972139,0.0,-0.03,-0.03,0.03,0.0,0.0,0.0
1773806347.8307285,True,0.63335603,1773806347.803153,431.74203,290.46872,45.38092,23.476223,0.013818467,432.07818771631645,289.3554444651773,1069.844779411054,0.015101680904873023,0.9998813933096231,0.01510232399266408,220.07818771631645,169.3554444651773,-1.4365638247965224,0.0,-0.03,-0.03,0.03,0.0,0.0,0.0
1773806347.8412561,True,0.6702155,1773806347.8337398,433.2097,290.58163,43.814854,25.153135,0.01919002,432.3044874289126,289.60068247643875,1079.5156253728942,0.016327829554809367,0.9998617384767929,0.01632863601876572,220.30448742891258,169.60068247643875,-1.4275649512692188,0.0,-0.03,-0.03,0.03,0.0,0.0,0.0
1773806347.8512886,True,0.6702155,1773806347.8337398,433.2097,290.58163,43.814854,25.153135,0.01919002,432.4855271989895,289.7968728854479,1086.2852175461821,0.01718613360976481,0.9998479800938118,0.017187054119125657,220.48552719898947,169.7968728854479,-1.4213135784880875,0.0,-0.03,-0.03,0.03,0.0,0.0,0.0
1773806347.8612967,True,0.6702155,1773806347.8337398,433.2097,290.58163,43.814854,25.153135,0.01919002,432.630359015051,289.9538252126552,1091.0239320674837,0.01778694644823362,0.999838349225725,0.017787945848604533,220.630359015051,169.9538252126552,-1.4169607542653937,0.0,-0.03,-0.03,0.03,0.0,0.0,0.0
1773806347.87097,True,0.6702155,1773806347.8337398,433.2097,290.58163,43.814854,25.153135,0.01919002,432.7462244679002,290.07938707442105,1094.3410322323948,0.018207515435161786,0.9998316076180642,0.018208569329009355,220.74622446790022,170.07938707442105,-1.4139250117083764,0.0,-0.03,-0.03,0.03,0.0,0.0,0.0
1773806347.8811984,True,0.5414524,1773806347.8727117,431.391,292.08707,46.72606,23.534882,0.018523213,432.4751778165077,290.480922989615,1095.9464007853326,0.018301906792326548,0.9998306603938572,0.01830296245976033,220.4751778165077,170.480922989615,-1.4124591138392537,0.0,-0.03,-0.03,0.03,0.0,0.0,0.0
1773806347.8908265,True,0.5414524,1773806347.8727117,431.391,292.08707,46.72606,23.534882,0.018523213,432.25834049539367,290.80215172177014,1097.070158772389,0.01836798074234188,0.999829997336912,0.01836903756371643,220.25834049539367,170.80215172177014,-1.411434262402982,0.0,-0.03,-0.03,0.03,0.0,0.0,0.0
1773806347.900961,True,0.5414524,1773806347.8727117,431.391,292.08707,46.72606,23.534882,0.018523213,432.0848706385025,291.05913470749425,1097.8567893633285,0.018414232507352614,0.9998295331970506,0.018415290093218666,220.08487063850248,171.05913470749425,-1.4107174908263371,0.0,-0.03,-0.03,0.03,0.0,0.0,0.0
1773806347.911243,True,0.38079917,1773806347.900961,430.47015,292.88684,47.78147,22.330585,0.01588247,431.7619272725208,291.4246759300579,1088.59623692933,0.017654503351871832,0.9998428361066914,0.017655443722659446,219.76192727252078,171.4246759300579,-1.4191883865626236,0.0,-0.03,-0.03,0.03,0.0,0.0,0.0
1773806347.9208803,True,0.38079917,1773806347.900961,430.47015,292.88684,47.78147,22.330585,0.01588247,431.5035725797354,291.7171089081088,1082.113850225531,0.017122692943035284,0.99985214814344,0.017123551109949862,219.50357257973542,171.7171089081088,-1.4251609998675334,0.0,-0.03,-0.03,0.03,0.0,0.0,0.0
1773806347.9309444,True,0.38079917,1773806347.900961,430.47015,292.88684,47.78147,22.330585,0.01588247,431.29688882550715,291.95105529054956,1077.5761795328717,0.0167504256568497,0.9998586665691641,0.01675122639266991,219.29688882550715,171.95105529054956,-1.429363156017128,0.0,-0.03,-0.03,0.03,0.0,0.0,0.0
1773806347.940592,True,0.33978358,1773806347.9349527,429.45474,293.71533,49.290558,26.084023,0.024765495,430.92845954673385,292.3039106386897,1140.0121391495727,0.01915418707559747,0.9998090718375301,0.019155501573691606,218.92845954673385,172.30391063868967,-1.3730384860497455,0.0,-0.03,-0.03,0.03,0.0,0.0,0.0
1773806347.9512978,True,0.33978358,1773806347.9349527,429.45474,293.71533,49.290558,26.084023,0.024765495,430.6337161237152,292.58619491720174,1183.7173108812633,0.020836820068720906,0.9997743555253862,0.020838505991747847,218.6337161237152,172.58619491720174,-1.3354176465232535,0.0,-0.03,-0.03,0.03,0.0,0.0,0.0
1773806347.9613225,True,0.33978358,1773806347.9349527,429.45474,293.71533,49.290558,26.084023,0.024765495,430.3979213853003,292.8120223400114,1214.3109310934467,0.022014663163907315,0.9997500541068853,0.022016608946200503,218.39792138530032,172.81202234001142,-1.3099006157681048,0.0,-0.03,-0.03,0.03,0.0,0.0,0.0
1773806347.9711893,True,0.4057003,1773806347.967022,429.76276,293.93686,47.08566,24.20904,0.02791407,430.2708883777715,293.036989698181,1191.9872196365063,0.02378339760942454,0.9997081661717526,0.023785853671112734,218.27088837777148,173.036989698181,-1.3284555499720492,0.0,-0.03,-0.03,0.03,0.0,0.0,0.0
1773806347.9807372,True,0.4057003,1773806347.967022,429.76276,293.93686,47.08566,24.20904,0.02791407,430.1692619717485,293.21696358471667,1176.3606216166481,0.025021511721286596,0.9996788446171596,0.025024325235864436,218.16926197174848,173.21696358471667,-1.341651943273093,0.0,-0.03,-0.03,0.03,0.0,0.0,0.0
1773806347.9912434,True,0.4057003,1773806347.967022,429.76276,293.93686,47.08566,24.20904,0.02791407,430.08796084693006,293.3609426939452,1165.4220030027473,0.025888191599590035,0.9996583195289446,0.02589125309989731,218.08796084693006,173.36094269394522,-1.3509941410125066,0.0,-0.03,-0.03,0.03,0.0,0.0,0.0
1773806348.0011637,True,0.4057003,1773806347.967022,429.76276,293.93686,47.08566,24.20904,0.02791407,430.02291994707537,293.47612598132804,1157.7649699730168,0.026494867514402443,0.999643951967194,0.026498100702816864,218.02291994707537,173.47612598132804,-1.3575860002518056,0.0,-0.03,-0.03,0.03,0.0,0.0,0.0
1773806348.0111597,True,0.8599547,1773806348.0042455,432.01813,295.51285,42.005722,19.406717,0.020738607,430.4219614459416,293.88347036514057,1054.9934318619712,0.024767543478218287,0.999686255214478,0.024770249306219964,218.42196144594158,173.88347036514057,-1.4505428555908741,0.0,-0.03,-0.03,0.03,0.0,0.0,0.0
1773806348.0212586,True,0.8599547,1773806348.0042455,432.01813,295.51285,42.005722,19.406717,0.020738607,430.7411946450345,294.2093458721906,983.0533551842392,0.02355841665288938,0.9997158674875767,0.023560751703935994,218.7411946450345,174.20934587219062,-1.52116927917555,0.0,-0.03,-0.03,0.03,0.0,0.0,0.0
1773806348.0312622,True,0.8599547,1773806348.0042455,432.01813,295.51285,42.005722,19.406717,0.020738607,430.9965812043089,294.47004627783065,932.6953015098268,0.022712027875159146,0.9997365960787458,0.022714104782016676,218.99658120430888,174.47004627783065,-1.5737541075532095,0.0,-0.03,-0.03,0.03,0.0,0.0,0.0
1773806348.0409522,True,0.78790057,1773806348.0333693,430.9008,296.25092,45.018684,21.030828,0.014611673,430.97742243415024,294.8262201277333,936.9207747775818,0.020281765316971335,0.9997835926784318,0.02028337330210487,218.97742243415024,174.82622012773328,-1.5692339490930225,0.0,-0.03,-0.03,0.03,0.0,0.0,0.0
1773806348.0510802,True,0.78790057,1773806348.0333693,430.9008,296.25092,45.018684,21.030828,0.014611673,430.96209541802335,295.1111592076554,939.8786060650103,0.018580581526239866,0.999816490298212,0.01858185289367223,218.96209541802335,175.11115920765542,-1.5660819513180018,0.0,-0.03,-0.03,0.03,0.0,0.0,0.0
1773806348.0617073,True,0.78790057,1773806348.0333693,430.9008,296.25092,45.018684,21.030828,0.014611673,430.94983380512184,295.33911047159313,941.9490879662103,0.01738975287272784,0.9998395186320581,0.01739079061862274,218.94983380512184,175.33911047159313,-1.5638814493876256,0.0,-0.03,-0.03,0.03,0.0,0.0,0.0
1773806348.0707717,True,0.79193646,1773806348.068237,431.3059,296.6602,45.25883,21.801033,0.012847651,431.02104868472253,295.6033257307902,955.3711425822065,0.01602701621760616,0.9998629040633605,0.01602784114355908,219.02104868472253,175.60332573079017,-1.5497327797990064,0.0,-0.03,-0.03,0.03,0.0,0.0,0.0
1773806348.0816064,True,0.79193646,1773806348.068237,431.3059,296.6602,45.25883,21.801033,0.012847651,431.07802058840304,295.8146979381478,964.7665808134038,0.015073100559020985,0.9998792738652722,0.015073778710136475,219.07802058840304,175.8146979381478,-1.5399464888458179,0.0,-0.03,-0.03,0.03,0.0,0.0,0.0
1773806348.0911283,True,0.79193646,1773806348.068237,431.3059,296.6602,45.25883,21.801033,0.012847651,431.12359811134746,295.98379570403387,971.343387575242,0.014405359598011362,0.9998907327266103,0.014405937162014722,219.12359811134746,175.98379570403387,-1.5331526267552347,0.0,-0.03,-0.03,0.03,0.0,0.0,0.0
1773806348.1012957,True,0.79193646,1773806348.068237,431.3059,296.6602,45.25883,21.801033,0.012847651,431.160060129703,296.11907391674276,975.9471523085288,0.013937940925304627,0.9998987539295471,0.01393844950405951,219.16006012970303,176.11907391674276,-1.5284242380362005,0.0,-0.03,-0.03,0.03,0.0,0.0,0.0
1773806348.110917,True,0.79193646,1773806348.068237,431.3059,296.6602,45.25883,21.801033,0.012847651,431.18922974438743,296.22729648690984,979.1697876218294,0.013610747854409914,0.9999043687716028,0.013611208968884708,219.18922974438743,176.22729648690984,-1.5251276186207219,0.0,-0.03,-0.03,0.03,0.0,0.0,0.0
1773806348.121028,True,0.77140737,1773806348.110917,431.59784,297.08096,46.10607,21.789505,0.006782135,431.2709516666037,296.398029816481,986.8073950364524,0.011562148398568572,0.9999261585633056,0.011562486932494807,219.2709516666037,176.39802981648103,-1.5173577971746086,0.0,-0.03,-0.03,0.03,0.0,0.0,0.0
1773806348.131053,True,0.77140737,1773806348.110917,431.59784,297.08096,46.10607,21.789505,0.006782135,431.33632920437674,296.53461648013797,992.1537202266884,0.01012812877947963,0.9999414114174975,0.010128375856316481,219.33632920437674,176.53461648013797,-1.5119546205726484,0.0,-0.03,-0.03,0.03,0.0,0.0,0.0
1773806348.140785,True,0.76861113,1773806348.1340618,432.09283,296.9445,45.11355,21.484402,0.0083924215,431.48763025803265,296.6165908891885,985.2788871176663,0.009607387049287123,0.9999484231433904,0.009607586970986919,219.48763025803265,176.6165908891885,-1.5189079405316153,0.0,-0.03,-0.03,0.03,0.0,0.0,0.0
1773806348.1509411,True,0.76861113,1773806348.1340618,432.09283,296.9445,45.11355,21.484402,0.0083924215,431.6086711009574,296.68217041642896,980.4665039413508,0.009242867838152369,0.9999533313515154,0.009243035979140736,219.6086711009574,176.68217041642896,-1.5238041929275299,0.0,-0.03,-0.03,0.03,0.0,0.0,0.0
1773806348.161008,True,0.76861113,1773806348.1340618,432.09283,296.9445,45.11355,21.484402,0.0083924215,431.7055037752972,296.7346340382213,977.0978357179299,0.00898770439035804,0.9999567670972029,0.008987850946632884,219.7055037752972,176.73463403822132,-1.5272458898162675,0.0,-0.03,-0.03,0.03,0.0,0.0,0.0
1773806348.1710436,True,0.87411034,1773806348.1700356,432.88974,297.27985,43.102104,20.934013,0.020755086,431.9423510182846,296.84367646885835,954.6584996509885,0.012517471873964937,0.999905123247766,0.012518005703631478,219.94235101828463,176.84367646885835,-1.5504789912174357,0.0,-0.03,-0.03,0.03,0.0,0.0,0.0
1773806348.181075,True,0.87411034,1773806348.1700356,432.88974,297.27985,43.102104,20.934013,0.020755086,432.1318288126746,296.93091041336794,938.9509644041293,0.014988309112489766,0.9998689725531602,0.01498915058818001,220.1318288126746,176.93091041336794,-1.5670694189955807,0.0,-0.03,-0.03,0.03,0.0,0.0,0.0
1773806348.1913345,True,0.87411034,1773806348.1700356,432.88974,297.27985,43.102104,20.934013,0.020755086,432.2834110481866,297.0006975689756,927.955689731328,0.016717895179457147,0.9998436670669362,0.016718951192535494,220.28341104818662,177.00069756897562,-1.578848692246534,0.0,-0.03,-0.03,0.03,0.0,0.0,0.0
1773806348.201159,True,0.7673109,1773806348.1995957,433.06262,297.82437,43.620853,21.131622,0.010589749,432.4392532526118,297.16543232275865,926.1028084955233,0.014879391834058725,0.9998737456876763,0.014880172307797734,220.43925325261182,177.16543232275865,-1.5808474229817506,0.0,-0.03,-0.03,0.03,0.0,0.0,0.0
1773806348.211039,True,0.7673109,1773806348.1995957,433.06262,297.82437,43.620853,21.131622,0.010589749,432.563927016152,297.2972201257851,924.8057916304599,0.013592439492279831,0.9998948007221944,0.01359303229841209,220.56392701615198,177.2972201257851,-1.5822489152837187,0.0,-0.03,-0.03,0.03,0.0,0.0,0.0
1773806348.2210803,True,0.7673109,1773806348.1995957,433.06262,297.82437,43.620853,21.131622,0.010589749,432.66366602698406,297.4026503682062,923.8978798249157,0.012691572853034605,0.9999095392463571,0.012692039491042612,220.66366602698406,177.4026503682062,-1.5832311298944806,0.0,-0.03,-0.03,0.03,0.0,0.0,0.0
1773806348.2310956,True,0.7673109,1773806348.1995957,433.06262,297.82437,43.620853,21.131622,0.010589749,432.74345723564977,297.4869945621431,923.2623415610346,0.012060966205562946,0.999919856213271,0.012061347981154845,220.74345723564977,177.48699456214308,-1.5839192545970384,0.0,-0.03,-0.03,0.03,0.0,0.0,0.0
1773806348.240912,True,0.79932284,1773806348.2371082,432.87045,298.10205,44.615196,21.313091,0.00560843,432.7688563646917,297.6100058059645,931.5499659970211,0.010125196563073823,0.9999391811883745,0.010125466350714481,220.76885636469171,177.61000580596448,-1.574982846793556,0.0,-0.03,-0.03,0.03,0.0,0.0,0.0
1773806348.2509713,True,0.79932284,1773806348.2371082,432.87045,298.10205,44.615196,21.313091,0.00560843,432.7891756679253,297.7084148010216,937.3513031022117,0.008770157813331438,0.9999527086709471,0.008770347709657914,220.7891756679253,177.7084148010216,-1.5687745405180529,0.0,-0.03,-0.03,0.03,0.0,0.0,0.0
1773806348.2611365,True,0.79932284,1773806348.2371082,432.87045,298.10205,44.615196,21.313091,0.00560843,432.80543111051213,297.7871419970673,941.412239075845,0.007821630688511768,0.9999621779087479,0.007821767014222835,220.80543111051213,177.7871419970673,-1.5644515459455162,0.0,-0.03,-0.03,0.03,0.0,0.0,0.0
1773806348.2715816,True,0.7199431,1773806348.26762,433.76624,298.1251,45.52121,22.021759,0.0012957007,432.99759195872224,297.85473190820073,959.7256950386384,0.005863851573981117,0.999973272710125,0.005863941089994565,220.99759195872224,177.85473190820073,-1.5451851664611138,0.0,-0.03,-0.03,0.03,0.0,0.0,0.0
1773806348.2808814,True,0.7199431,1773806348.26762,433.76624,298.1251,45.52121,22.021759,0.0012957007,433.1513206372903,297.9088038371075,972.5451142125937,0.004493406193809661,0.999981039071089,0.004493461151555669,221.15132063729033,177.90880383710748,-1.5319162114059606,0.0,-0.03,-0.03,0.03,0.0,0.0,0.0
1773806348.2909153,True,0.7199431,1773806348.26762,433.76624,298.1251,45.52121,22.021759,0.0012957007,433.2743035801448,297.95206138023286,981.5187076343624,0.003534094427689642,0.9999864755237639,0.003534127511220337,221.27430358014482,177.95206138023286,-1.5227316019745714,0.0,-0.03,-0.03,0.03,0.0,0.0,0.0
1773806348.3010557,True,0.7199431,1773806348.26762,433.76624,298.1251,45.52121,22.021759,0.0012957007,433.37268993442837,297.9866674147332,987.8002230296005,0.0028625761914056287,0.9999902810406363,0.0028625961937716327,221.37268993442837,177.98666741473318,-1.5163522018677449,0.0,-0.03,-0.03,0.03,0.0,0.0,0.0
1773806348.3109891,True,0.71944565,1773806348.3079326,432.46152,298.27664,45.256767,22.35757,0.0098506585,433.1904554143396,298.0446623009272,995.0095640797047,0.004958953083956685,0.9999786415252807,0.004959018350993159,221.19045541433962,178.0446623009272,-1.509080326505608,0.0,-0.03,-0.03,0.03,0.0,0.0,0.0
1773806348.3208237,True,0.71944565,1773806348.3079326,432.46152,298.27664,45.256767,22.35757,0.0098506585,433.0446677982686,298.0910582098824,1000.0561028147775,0.006426416908742424,0.999970493864532,0.0064265180595840035,221.04466779826862,178.09105820988242,-1.5040212955352006,0.0,-0.03,-0.03,0.03,0.0,0.0,0.0
1773806348.3309655,True,0.71944565,1773806348.3079326,432.46152,298.27664,45.256767,22.35757,0.0098506585,432.92803770541184,298.1281749370466,1003.5886799293286,0.007453641586092441,0.9999647905020077,0.007453765990907847,220.92803770541184,178.1281749370466,-1.5004951407943563,0.0,-0.03,-0.03,0.03,0.0,0.0,0.0
1773806348.34095,True,0.7032335,1773806348.3362334,432.5517,297.92313,45.2313,21.130646,0.014125376,432.85276951979824,298.0871651937779,989.24205641928,0.00945502099504246,0.9999454249119291,0.009455255249289038,220.85276951979824,178.08716519377788,-1.5148936254272856,0.0,-0.03,-0.03,0.03,0.0,0.0,0.0
1773806348.350937,True,0.7032335,1773806348.3362334,432.5517,297.92313,45.2313,21.130646,0.014125376,432.79255497130737,298.05435739916294,979.1994199622459,0.010855986581307474,0.999931868998874,0.010856299735735606,220.79255497130737,178.05435739916294,-1.5250973563593424,0.0,-0.03,-0.03,0.03,0.0,0.0,0.0
1773806348.3609939,True,0.7032335,1773806348.3362334,432.5517,297.92313,45.2313,21.130646,0.014125376,432.7443833325147,298.02811116347095,972.1695744423221,0.011836662491692983,0.9999223798597354,0.011837028446058991,220.7443833325147,178.02811116347095,-1.5323024272114258,0.0,-0.03,-0.03,0.03,0.0,0.0,0.0
1773806348.3710454,True,0.7032335,1773806348.3362334,432.5517,297.92313,45.2313,21.130646,0.014125376,432.70584602148057,298.00711417491743,967.2486825783755,0.01252313562896284,0.9999157374623384,0.012523536181873305,220.70584602148057,178.00711417491743,-1.5373770442067594,0.0,-0.03,-0.03,0.03,0.0,0.0,0.0
1773806348.381105,True,0.69368416,1773806348.3736029,433.70227,298.38284,44.488358,22.099903,0.010343978,432.905130918747,298.08225994344957,972.0306024630659,0.011869333055825255,0.9999249666840503,0.01186966625161064,220.90513091874698,178.08225994344957,-1.5324453877780835,0.0,-0.03,-0.03,0.03,0.0,0.0,0.0
1773806348.3913505,True,0.69368416,1773806348.3736029,433.70227,298.38284,44.488358,22.099903,0.010343978,433.0645588365601,298.1423765582753,975.3779463823491,0.011411671254628946,0.9999314271392487,0.011411958409682676,221.06455883656008,178.14237655827532,-1.529007642557268,0.0,-0.03,-0.03,0.03,0.0,0.0,0.0
1773806348.4013805,True,0.69368416,1773806348.3736029,433.70227,298.38284,44.488358,22.099903,0.010343978,433.1921011708106,298.1904698501359,977.7210871258476,0.01109130799379153,0.9999359494578876,0.01109156358286379,221.1921011708106,178.1904698501359,-1.526608233385022,0.0,-0.03,-0.03,0.03,0.0,0.0,0.0
1773806348.4110658,True,0.61008644,1773806348.4055212,433.6374,298.35315,45.2422,22.326414,0.0075002527,433.28115896399225,298.2230057629213,987.4335817888746,0.010013970305763575,0.9999467265915232,0.01001416904684068,221.28115896399225,178.22300576292128,-1.5167234401930938,0.0,-0.03,-0.03,0.03,0.0,0.0,0.0
1773806348.4209077,True,0.61008644,1773806348.4055212,433.6374,298.35315,45.2422,22.326414,0.0075002527,433.35240519853755,298.24903449314957,994.2323280529934,0.009259833924144006,0.9999542705850681,0.00925999270758487,221.35240519853755,178.24903449314957,-1.509861765976933,0.0,-0.03,-0.03,0.03,0.0,0.0,0.0
1773806348.4309394,True,0.61008644,1773806348.4055212,433.6374,298.35315,45.2422,22.326414,0.0075002527,433.4094021861738,298.26985747733215,998.9914504378767,0.00873193845701031,0.9999595513805496,0.008732069722067711,221.4094021861738,178.26985747733215,-1.5050864552667222,0.0,-0.03,-0.03,0.03,0.0,0.0,0.0
1773806348.4408693,True,0.5738559,1773806348.4329555,435.2924,297.6713,45.179127,22.220871,0.005521919,433.7859995321422,298.15014501506886,1000.4698820057324,0.007768924235110944,0.9999671122394034,0.007769023435400268,221.78599953214223,178.15014501506886,-1.503607625130522,0.0,-0.03,-0.03,0.03,0.0,0.0,0.0
1773806348.451428,True,0.5738559,1773806348.4329555,435.2924,297.6713,45.179127,22.220871,0.005521919,434.087277408917,298.0543750452582,1001.5047841032313,0.007094814279781388,0.999972404840601,0.007094891019009886,222.08727740891698,178.0543750452582,-1.5025737437261233,0.0,-0.03,-0.03,0.03,0.0,0.0,0.0
1773806348.4609568,True,0.5738559,1773806348.4329555,435.2924,297.6713,45.179127,22.220871,0.005521919,434.32829971033675,297.97775906940973,1002.2292155714806,0.006622937311050698,0.9999761096614393,0.006622998700027909,222.32829971033675,177.97775906940973,-1.5018506622193655,0.0,-0.03,-0.03,0.03,0.0,0.0,0.0
1773806348.471022,True,0.5738559,1773806348.4329555,435.2924,297.6713,45.179127,22.220871,0.005521919,434.52111755147257,297.91646628873093,1002.736317599255,0.0062926234329392155,0.9999787030360262,0.006292674389667839,222.52111755147257,177.91646628873093,-1.5013448160786733,0.0,-0.03,-0.03,0.03,0.0,0.0,0.0
1773806348.481043,True,0.6294221,1773806348.4715285,435.9749,297.73367,46.97021,24.335592,0.011702971,434.8118769513343,297.8799076501254,1044.8297777882285,0.007915647442429407,0.9999645484315558,0.007915762738301397,222.81187695133428,177.8799076501254,-1.4602234166965344,0.0,-0.03,-0.03,0.03,0.0,0.0,0.0
1773806348.4910774,True,0.6294221,1773806348.4715285,435.9749,297.73367,46.97021,24.335592,0.011702971,435.04448447122365,297.85066073924094,1074.29519992051,0.00905176424907254,0.9999546402084265,0.009051927615282155,223.04448447122365,177.85066073924094,-1.4324125781955799,0.0,-0.03,-0.03,0.03,0.0,0.0,0.0
1773806348.5016007,True,0.6294221,1773806348.4715285,435.9749,297.73367,46.97021,24.335592,0.011702971,435.2305704871352,297.8272632105334,1094.920995413107,0.009847046013722735,0.999947704452236,0.009847242695210543,223.2305704871352,177.82726321053337,-1.4133951864184335,0.0,-0.03,-0.03,0.03,0.0,0.0,0.0
1773806348.5111575,True,0.6294221,1773806348.4715285,435.9749,297.73367,46.97021,24.335592,0.011702971,435.37943929986443,297.80854518756735,1109.3590522579248,0.01040374324897787,0.9999428494229026,0.01040396246322737,223.37943929986443,177.80854518756735,-1.4002949786274344,0.0,-0.03,-0.03,0.03,0.0,0.0,0.0
1773806348.5211837,True,0.7768292,1773806348.5211837,436.21524,297.76688,45.00812,21.754145,0.007868861,435.54659953559474,297.80021139419455,1070.2852843344535,0.00964325416724598,0.9999507067982988,0.009643430593732516,223.54659953559474,177.80021139419455,-1.4361521629661669,0.0,-0.03,-0.03,0.03,0.0,0.0,0.0
1773806348.531601,True,0.7768292,1773806348.5211837,436.21524,297.76688,45.00812,21.754145,0.007868861,435.68032772417894,297.7935443594963,1042.9336467880237,0.009110911810033656,0.9999562069610761,0.009111058706433594,223.68032772417894,177.7935443594963,-1.462039840434229,0.0,-0.03,-0.03,0.03,0.0,0.0,0.0
1773806348.5412903,True,0.7768292,1773806348.5211837,436.21524,297.76688,45.00812,21.754145,0.007868861,435.78731027504625,297.78821073173765,1023.7875005055228,0.008738272159985029,0.9999600570750202,0.008738398779032196,223.78731027504625,177.78821073173765,-1.4805684107315882,0.0,-0.03,-0.03,0.03,0.0,0.0,0.0
1773806348.5508175,True,0.78965044,1773806348.549809,436.94803,298.61322,44.07935,23.42511,0.02208777,436.01945393292766,297.95321262835887,1026.4203299437095,0.012742582602465729,0.9998988624929028,0.012743181658239506,224.01945393292766,177.95321262835887,-1.4780000556152324,0.0,-0.03,-0.03,0.03,0.0,0.0,0.0
1773806348.561101,True,0.78965044,1773806348.549809,436.94803,298.61322,44.07935,23.42511,0.02208777,436.20516885923274,298.08521414565587,1028.2633105504403,0.015545599912202218,0.9998560262854206,0.015546585753579556,224.20516885923274,178.08521414565587,-1.4762061238734652,0.0,-0.03,-0.03,0.03,0.0,0.0,0.0
1773806348.5712552,True,0.5923053,1773806348.5682325,436.82535,298.3984,46.033527,23.685833,0.014956875,436.32920466746435,298.1478527130091,1046.887039553277,0.015368815073580644,0.9998656628099103,0.015369669597702551,224.32920466746435,178.14785271300912,-1.4582563603423078,0.0,-0.03,-0.03,0.03,0.0,0.0,0.0
1773806348.5812187,True,0.5923053,1773806348.5682325,436.82535,298.3984,46.033527,23.685833,0.014956875,436.42843331404964,298.1979635668917,1059.9236498552627,0.015245065686545543,0.999872408377053,0.015245829744472006,224.42843331404964,178.1979635668917,-1.4458805196849023,0.0,-0.03,-0.03,0.03,0.0,0.0,0.0
1773806348.591256,True,0.5923053,1773806348.5682325,436.82535,298.3984,46.033527,23.685833,0.014956875,436.50781623131786,298.23805224999774,1069.0492770666526,0.015158441115620971,0.999877130274053,0.01515914256293961,224.50781623131786,178.23805224999774,-1.437307669381692,0.0,-0.03,-0.03,0.03,0.0,0.0,0.0
1773806348.601379,True,0.5923053,1773806348.5682325,436.82535,298.3984,46.033527,23.685833,0.014956875,436.57132256513245,298.2701231964826,1075.4372161146257,0.01509780391597377,0.9998804356019529,0.015098461887378822,224.57132256513245,178.2701231964826,-1.431350105217057,0.0,-0.03,-0.03,0.03,0.0,0.0,0.0
1773806348.6109424,True,0.71945775,1773806348.6023936,437.32257,298.43036,41.64444,21.851341,0.01074676,436.72157221226223,298.3021703345298,1025.80211451266,0.013792428770990022,0.9998989811595769,0.013792947458747266,224.72157221226223,178.30217033452982,-1.4786025394750304,0.0,-0.03,-0.03,0.03,0.0,0.0,0.0
1773806348.6210904,True,0.71945775,1773806348.6023936,437.32257,298.43036,41.64444,21.851341,0.01074676,436.84177192996606,298.3278080449676,991.0575433912838,0.012878666169501398,0.9999119630499136,0.012879087931906943,224.84177192996606,178.32780804496758,-1.513060077129037,0.0,-0.03,-0.03,0.03,0.0,0.0,0.0
1773806348.6312206,True,0.71945775,1773806348.6023936,437.32257,298.43036,41.64444,21.851341,0.01074676,436.93793170412914,298.34831821331784,966.7363436063205,0.01223903234845936,0.9999210503731493,0.012239387491116941,224.93793170412914,178.34831821331784,-1.5379068714568191,0.0,-0.03,-0.03,0.03,0.0,0.0,0.0
1773806348.6408496,True,0.7199203,1773806348.6332912,436.8889,299.00165,40.592514,21.708681,0.021116018,436.9281224629127,298.47898416049804,941.0784288056743,0.014901657375915207,0.9998778548120522,0.014902374489090207,224.9281224629127,178.47898416049804,-1.564806193412688,0.0,-0.03,-0.03,0.03,0.0,0.0,0.0
1773806348.651173,True,0.7199203,1773806348.6332912,436.8889,299.00165,40.592514,21.708681,0.021116018,436.9202750699396,298.5835169182422,923.117888445222,0.0167654948951343,0.9998476179192841,0.016766478766973333,224.92027506993958,178.5835169182422,-1.5840757262855454,0.0,-0.03,-0.03,0.03,0.0,0.0,0.0
1773806348.661439,True,0.7199203,1773806348.6332912,436.8889,299.00165,40.592514,21.708681,0.021116018,436.91399715556105,298.66714312443753,910.5455101929053,0.01807018115858766,0.9998264520943465,0.018071350278774104,224.91399715556105,178.66714312443753,-1.5977887941024909,0.0,-0.03,-0.03,0.03,0.0,0.0,0.0
1773806348.6711109,True,0.79906726,1773806348.6660233,436.88562,299.6897,39.449875,21.003922,0.03259419,436.90832174788636,298.87165395267505,885.9624723694087,0.022425652244703963,0.9997191733997618,0.022428190339355995,224.90832174788636,178.87165395267505,-1.6251580822925835,0.0,-0.03,-0.03,0.03,0.0,0.0,0.0
1773806348.6812007,True,0.79906726,1773806348.6660233,436.88562,299.6897,39.449875,21.003922,0.03259419,436.9037814217466,299.035262615265,868.754345892961,0.025474482004985373,0.9996440783135525,0.025478037865625195,224.9037814217466,179.03526261526503,-1.6447722764252037,0.0,-0.03,-0.03,0.03,0.0,0.0,0.0
1773806348.6911242,True,0.79906726,1773806348.6660233,436.88562,299.6897,39.449875,21.003922,0.03259419,436.9001491608348,299.166149545337,856.7086573594477,0.02760866283718236,0.999591511753206,0.027612925076690616,224.90014916083481,179.16614954533702,-1.6587347713656224,0.0,-0.03,-0.03,0.03,0.0,0.0,0.0
1773806348.7009916,True,0.79906726,1773806348.6660233,436.88562,299.6897,39.449875,21.003922,0.03259419,436.89724335210536,299.2708590893946,848.2766753859883,0.029102589419720253,0.9995547151609635,0.02910733108119919,224.89724335210536,179.2708590893946,-1.6686258250365305,0.0,-0.03,-0.03,0.03,0.0,0.0,0.0
1773806348.7108042,True,0.84905994,1773806348.7057843,436.73737,300.19525,39.283062,19.61332,0.031693313,436.8652678262156,299.4557375644844,824.9350485026137,0.02987821491203854,0.9995376433082419,0.02988313728350953,224.8652678262156,179.45573756448442,-1.6965280216107683,0.0,-0.03,-0.03,0.03,0.0,0.0,0.0
1773806348.7212472,True,0.84905994,1773806348.7057843,436.73737,300.19525,39.283062,19.61332,0.031693313,436.83968740550375,299.6036403445563,808.5959096842514,0.030421152756661338,0.9995256930113368,0.030426196039409287,224.83968740550375,179.6036403445563,-1.7165333770801776,0.0,-0.03,-0.03,0.03,0.0,0.0,0.0
1773806348.7307806,True,0.84905994,1773806348.7057843,436.73737,300.19525,39.283062,19.61332,0.031693313,436.81922306893426,299.72196256861383,797.1585125113977,0.0308012092478973,0.9995173278035032,0.030806334232822977,224.81922306893426,179.72196256861383,-1.7307791302800015,0.0,-0.03,-0.03,0.03,0.0,0.0,0.0
1773806348.7411506,True,0.77702636,1773806348.7350109,436.7687,300.6794,39.664623,20.06716,0.040252015,436.80911991022555,299.91345262325046,796.7978484064158,0.033633190370602695,0.9994191285681124,0.03364004292539424,224.80911991022555,179.91345262325046,-1.7312316697848211,0.0,-0.03,-0.03,0.03,0.0,0.0,0.0
1773806348.751084,True,0.77702636,1773806348.7350109,436.7687,300.6794,39.664623,20.06716,0.040252015,436.8010373832586,300.06664466695975,796.5453835329286,0.03561557715649647,0.9993503891033388,0.03562365147593565,224.80103738325857,180.06664466695975,-1.731548569333568,-0.0356236514759356,-0.03,-0.03,0.03,0.0,0.0,-0.000356236514759356
1773806348.7610872,True,0.77702636,1773806348.7350109,436.7687,300.6794,39.664623,20.06716,0.040252015,436.79457136168503,300.1891983019272,796.3686581214874,0.037003247906622114,0.9993022714779973,0.03701217388369683,224.79457136168503,180.1891983019272,-1.731770458785911,-0.03701217388369704,-0.03,-0.03,0.03,0.0,0.0,-0.00037012173883697045
1773806348.7710755,True,0.74132234,1773806348.766605,436.54846,301.6487,44.341507,20.148155,0.02058141,436.74534947216057,300.4811010731824,825.4779215248848,0.03207626043591129,0.9994480531159361,0.03208296223065364,224.74534947216057,180.4811010731824,-1.6958701583344746,0.0,-0.03,-0.03,0.03,0.0,0.0,0.0
1773806348.7809691,True,0.74132234,1773806348.766605,436.54846,301.6487,44.341507,20.148155,0.02058141,436.705971960541,300.7146232901865,845.8544059072631,0.028627369206413712,0.9995501002624932,0.02863242744291093,224.70597196054098,180.71462329018652,-1.6714854279989142,0.0,-0.03,-0.03,0.03,0.0,0.0,0.0
1773806348.7911336,True,0.74132234,1773806348.766605,436.54846,301.6487,44.341507,20.148155,0.02058141,436.6744699512453,300.9014410637899,860.1179449749279,0.026213145345765406,0.9996215332650833,0.0262170616247841,224.67446995124533,180.9014410637899,-1.6547631505947336,0.0,-0.03,-0.03,0.03,0.0,0.0,0.0
1773806348.8009093,True,0.6984891,1773806348.7993975,436.32574,301.85617,44.570087,21.418182,0.022454225,436.60472488677755,301.0923869818913,888.4656486406526,0.025084903052128304,0.9996594476332615,0.025088183717125324,224.60472488677755,181.0923869818913,-1.6223366911050827,0.0,-0.03,-0.03,0.03,0.0,0.0,0.0
1773806348.811265,True,0.6984891,1773806348.7993975,436.32574,301.85617,44.570087,21.418182,0.022454225,436.5489288352033,301.2451437163724,908.3090412066599,0.024295133446582334,0.9996859876909863,0.02429798190692274,224.5489288352033,181.2451437163724,-1.600248001312489,0.0,-0.03,-0.03,0.03,0.0,0.0,0.0
1773806348.8209214,True,0.6984891,1773806348.7993975,436.32574,301.85617,44.570087,21.418182,0.022454225,436.5042919939439,301.36734910395734,922.1994160028651,0.023742294722700154,0.9997045657313935,0.023744847487302365,224.50429199394392,181.36734910395734,-1.5850711892511713,0.0,-0.03,-0.03,0.03,0.0,0.0,0.0
1773806348.831136,True,0.6984891,1773806348.7993975,436.32574,301.85617,44.570087,21.418182,0.022454225,436.4685825209364,301.46511341402527,931.9226783602086,0.023355307615982628,0.9997175703596787,0.02335765695881975,224.46858252093642,181.46511341402527,-1.5745828276472744,0.0,-0.03,-0.03,0.03,0.0,0.0,0.0
1773806348.8412182,True,0.7347806,1773806348.8361418,436.5172,303.38382,44.74801,21.713154,0.021427233,436.4783083995617,301.84885464723584,943.8320015611303,0.0227763932838036,0.9997334329410562,0.022778525889621367,224.47830839956168,181.84885464723584,-1.561884489898417,0.0,-0.03,-0.03,0.03,0.0,0.0,0.0
1773806348.8507535,True,0.7347806,1773806348.8361418,436.5172,303.38382,44.74801,21.713154,0.021427233,436.48608910246185,302.15584763380434,952.1685278017756,0.022371153251278284,0.9997445367480204,0.02237313596007498,224.48608910246185,182.15584763380434,-1.5530906316322575,0.0,-0.03,-0.03,0.03,0.0,0.0,0.0
1773806348.86129,True,0.7347806,1773806348.8361418,436.5172,303.38382,44.74801,21.713154,0.021427233,436.49231366478205,302.4014420230591,958.0040961702273,0.02208748522851056,0.9997523094128954,0.02208936398332252,224.49231366478205,182.40144202305908,-1.5469806220448885,0.0,-0.03,-0.03,0.03,0.0,0.0,0.0
1773806348.8713303,True,0.7347806,1773806348.8361418,436.5172,303.38382,44.74801,21.713154,0.021427233,436.4972933146381,302.5979175344629,962.0889940281434,0.021888917612573156,0.9997577502783079,0.021890724105177638,224.4972933146381,182.5979175344629,-1.5427257199866695,0.0,-0.03,-0.03,0.03,0.0,0.0,0.0
1773806348.880973,True,0.7219458,1773806348.8713303,435.99936,302.8047,44.93272,21.32251,0.033647493,436.3977064778824,302.6392715275704,960.8858065618879,0.02541458548825993,0.9996606181533495,0.02541773844373027,224.39770647788242,182.63927152757037,-1.5439771015678507,0.0,-0.03,-0.03,0.03,0.0,0.0,0.0
1773806348.8910308,True,0.7219458,1773806348.8713303,435.99936,302.8047,44.93272,21.32251,0.033647493,436.31803700847786,302.6723547220563,960.0435753355089,0.02788255300124067,0.9995926256658786,0.027886685163897033,224.31803700847786,182.6723547220563,-1.5448540013521799,0.0,-0.03,-0.03,0.03,0.0,0.0,0.0
1773806348.9008284,True,0.7219458,1773806348.8713303,435.99936,302.8047,44.93272,21.32251,0.033647493,436.2543014329542,302.69882127764504,959.4540134770436,0.02961013026032719,0.999545030924649,0.029614947166097014,224.2543014329542,182.69882127764504,-1.5454682890495863,0.0,-0.03,-0.03,0.03,0.0,0.0,0.0
1773806348.9109962,True,0.83795035,1773806348.9008284,436.1936,303.75726,45.320732,20.944721,0.032677516,436.2421618494884,302.91050965883477,956.3868401956493,0.030528601492343734,0.9995213628886088,0.030533728119282594,224.2421618494884,182.91050965883477,-1.5486701999974213,0.0,-0.03,-0.03,0.03,0.0,0.0,0.0
1773806348.9210274,True,0.83795035,1773806348.9008284,436.1936,303.75726,45.320732,20.944721,0.032677516,436.23245018271575,303.07986036378657,954.2398188986731,0.031171531354755318,0.9995047952633807,0.031176870086625206,224.23245018271575,183.07986036378657,-1.5509176534080413,0.0,-0.03,-0.03,0.03,0.0,0.0,0.0
1773806348.931512,True,0.83795035,1773806348.9008284,436.1936,303.75726,45.320732,20.944721,0.032677516,436.2246808492976,303.215340927748,952.7369039907899,0.03162158225844343,0.9994931979257211,0.031627066830708206,224.2246808492976,183.215340927748,-1.5524938815822074,0.0,-0.03,-0.03,0.03,0.0,0.0,0.0
1773806348.9414334,True,0.80729485,1773806348.936376,435.97565,303.59653,45.25368,20.598763,0.03353336,436.17487407396936,303.2915781621203,946.5667910455061,0.03219323053941906,0.9994765814102071,0.032198957613987084,224.17487407396936,183.2915781621203,-1.5589911412537594,0.0,-0.03,-0.03,0.03,0.0,0.0,0.0
1773806348.9509566,True,0.80729485,1773806348.936376,435.97565,303.59653,45.25368,20.598763,0.03353336,436.13502865370674,303.3525679496181,942.2477119838072,0.032593384336102,0.9994649498493473,0.032599279962678966,224.13502865370674,183.3525679496181,-1.5635644718615995,0.0,-0.03,-0.03,0.03,0.0,0.0,0.0
1773806348.961083,True,0.80729485,1773806348.936376,435.97565,303.59653,45.25368,20.598763,0.03353336,436.10315231749667,303.40135977961637,939.2243566406182,0.03287349199378006,0.9994568077567454,0.032879504939343926,224.10315231749667,183.40135977961637,-1.5667782936300663,0.0,-0.03,-0.03,0.03,0.0,0.0,0.0
1773806348.9711785,True,0.78505456,1773806348.9691467,437.14746,303.9111,42.994934,20.426018,0.030166823,436.3120140414973,303.5033082826775,920.9216309472608,0.0320601188365585,0.9994832701962444,0.03206569921745486,224.31201404149732,183.5033082826775,-1.5864577343860458,0.0,-0.03,-0.03,0.03,0.0,0.0,0.0
1773806348.9806678,True,0.78505456,1773806348.9691467,437.14746,303.9111,42.994934,20.426018,0.030166823,436.47910342069787,303.5848670851264,908.1097229619106,0.03149075762650341,0.9995017939038937,0.031496035508180587,224.47910342069787,183.5848670851264,-1.6004674641912933,0.0,-0.03,-0.03,0.03,0.0,0.0,0.0
1773806348.9911895,True,0.78505456,1773806348.9691467,437.14746,303.9111,42.994934,20.426018,0.030166823,436.61277492405833,303.65011412708554,899.1413873721656,0.031092204779464845,0.9995147604992483,0.03109727128616983,224.61277492405833,183.65011412708554,-1.61039238182605,0.0,-0.03,-0.03,0.03,0.0,0.0,0.0
1773806349.0013342,True,0.78505456,1773806348.9691467,437.14746,303.9111,42.994934,20.426018,0.030166823,436.7197121267467,303.70231176065283,892.863552459344,0.030813217786537853,0.9995238371159965,0.030818136592947964,224.71971212674669,183.70231176065283,-1.6173989033545793,0.0,-0.03,-0.03,0.03,0.0,0.0,0.0
1773806349.0107791,True,0.89553326,1773806349.00234,437.67114,304.2713,43.07392,19.757154,0.02993697,436.90999821702235,303.8161096624285,880.3099249539625,0.030549001786044347,0.999532262701621,0.030553786164025192,224.90999821702235,183.81610966242852,-1.631558642841916,0.0,-0.03,-0.03,0.03,0.0,0.0,0.0
1773806349.020827,True,0.89553326,1773806349.00234,437.67114,304.2713,43.07392,19.757154,0.02993697,437.06222708924287,303.9071479838491,871.5223857001956,0.03036405058569889,0.9995381606115581,0.03036874097171757,225.06222708924287,183.9071479838491,-1.6415911247252473,0.0,-0.03,-0.03,0.03,0.0,0.0,0.0
1773806349.031389,True,0.89553326,1773806349.00234,437.67114,304.2713,43.07392,19.757154,0.02993697,437.1840101870193,303.9799786409855,865.3711082225589,0.030234584745457066,0.9995422891485141,0.030239209397855273,225.18401018701928,183.9799786409855,-1.6486742339853464,0.0,-0.03,-0.03,0.03,0.0,0.0,0.0
1773806349.0411088,True,0.8662589,1773806349.036581,438.4342,304.21027,41.150085,19.871843,0.029053226,437.43404896992797,304.02603613544466,851.078183958916,0.029878951030759535,0.9995529978176685,0.029883414301097908,225.43404896992797,184.02603613544466,-1.665328678362902,0.0,-0.03,-0.03,0.03,0.0,0.0,0.0
1773806349.0507267,True,0.8662589,1773806349.036581,438.4342,304.21027,41.150085,19.871843,0.029053226,437.6340799962549,304.062882131012,841.0731369743662,0.029630007430471263,0.9995604938860765,0.029634357760999038,225.6340799962549,184.06288213101197,-1.677154055268938,0.0,-0.03,-0.03,0.03,0.0,0.0,0.0
1773806349.0613678,True,0.8662589,1773806349.036581,438.4342,304.21027,41.150085,19.871843,0.029053226,437.79410481731645,304.09235892746585,834.0696040851813,0.02945574691026947,0.9995657411339622,0.02946001821564107,225.79410481731645,184.09235892746585,-1.685515818746392,0.0,-0.03,-0.03,0.03,0.0,0.0,0.0
1773806349.0708983,True,0.8227305,1773806349.0693853,439.20926,304.27322,41.39064,20.653772,0.027453987,438.0771356604938,304.1285319173633,840.3105819904862,0.028854184321668537,0.9995829676850592,0.02885820879738301,226.0771356604938,184.12853191736332,-1.6780611117933488,0.0,-0.03,-0.03,0.03,0.0,0.0,0.0
1773806349.081135,True,0.8227305,1773806349.0693853,439.20926,304.27322,41.39064,20.653772,0.027453987,438.30356033503574,304.1574703092813,844.6792665241996,0.02843309050964788,0.9995950262708269,0.028436942079670593,226.30356033503574,184.15747030928128,-1.672875686698288,0.0,-0.03,-0.03,0.03,0.0,0.0,0.0
1773806349.0909078,True,0.8227305,1773806349.0693853,439.20926,304.27322,41.39064,20.653772,0.027453987,438.48470007466926,304.18062102281567,847.737345697799,0.028138324841233422,0.9996034672808642,0.02814205540883292,226.48470007466926,184.18062102281567,-1.6692618217908783,0.0,-0.03,-0.03,0.03,0.0,0.0,0.0
1773806349.101046,True,0.8227305,1773806349.0693853,439.20926,304.27322,41.39064,20.653772,0.027453987,438.6296118663761,304.19914159364316,849.8780011193186,0.0279319888733433,0.9996093759878906,0.02793563478653415,226.62961186637608,184.19914159364316,-1.666739864670111,0.0,-0.03,-0.03,0.03,0.0,0.0,0.0
1773806349.1110964,True,0.8830975,1773806349.1065862,439.0042,304.32758,42.978386,20.22879,0.026978644,438.70453177825715,304.2248284116333,855.7348278343042,0.027645003513866787,0.9996173927317182,0.027648537355787248,226.70453177825715,184.22482841163333,-1.6598721281759823,0.0,-0.03,-0.03,0.03,0.0,0.0,0.0
1773806349.121247,True,0.8830975,1773806349.1065862,439.0042,304.32758,42.978386,20.22879,0.026978644,438.764467707762,304.2453778660254,859.8346065347941,0.02744411376223323,0.9996230044523976,0.02744756917876824,226.76446770776198,184.24537786602542,-1.6550926229891298,0.0,-0.03,-0.03,0.03,0.0,0.0,0.0
1773806349.1310472,True,0.8830975,1773806349.1065862,439.0042,304.32758,42.978386,20.22879,0.026978644,438.81241645136583,304.26181742953906,862.704451625137,0.02730349093608974,0.9996269326568732,0.027306891476934683,226.81241645136583,184.26181742953906,-1.6517605095812313,0.0,-0.03,-0.03,0.03,0.0,0.0,0.0
1773806349.140811,True,0.9077789,1773806349.1348002,439.83652,304.74908,42.85072,19.984299,0.025055645,439.01723662788953,304.3592708381625,860.7955819579084,0.026628350711722662,0.9996446899839303,0.026631517581993263,227.01723662788953,184.3592708381625,-1.6539756188479047,0.0,-0.03,-0.03,0.03,0.0,0.0,0.0
1773806349.151111,True,0.9077789,1773806349.1348002,439.83652,304.74908,42.85072,19.984299,0.025055645,439.1810927691085,304.43723356506126,859.4593731908484,0.026155752554665707,0.9996571201128703,0.026158755636554475,227.1810927691085,184.43723356506126,-1.6555291200098003,0.0,-0.03,-0.03,0.03,0.0,0.0,0.0
1773806349.1611574,True,0.9077789,1773806349.1348002,439.83652,304.74908,42.85072,19.984299,0.025055645,439.3121776820837,304.49960374658025,858.5240270539064,0.02582493384472584,0.9996658212031283,0.025827822298576334,227.3121776820837,184.49960374658025,-1.6566180085627713,0.0,-0.03,-0.03,0.03,0.0,0.0,0.0
1773806349.171102,True,0.90869206,1773806349.16959,440.5586,305.22015,41.778313,18.99131,0.027302874,439.561460895667,304.643713758983,838.9942786545313,0.026267298362690823,0.9996542647467918,0.02627033804397468,227.56146089566698,184.64371375898298,-1.6796287885581613,0.0,-0.03,-0.03,0.03,0.0,0.0,0.0
1773806349.1809044,True,0.90869206,1773806349.16959,440.5586,305.22015,41.778313,18.99131,0.027302874,439.76088746653363,304.75900176890514,825.3234547749688,0.02657695352526631,0.9996461752273562,0.02658009904064659,227.76088746653363,184.75900176890514,-1.696057299867774,0.0,-0.03,-0.03,0.03,0.0,0.0,0.0
1773806349.191017,True,0.90869206,1773806349.16959,440.5586,305.22015,41.778313,18.99131,0.027302874,439.92042872322696,304.85123217684287,815.753878059275,0.02679371213906915,0.9996405125637513,0.026796931689129354,227.92042872322696,184.85123217684287,-1.707719986316171,0.0,-0.03,-0.03,0.03,0.0,0.0,0.0
1773806349.2010627,True,0.8862942,1773806349.2000492,440.71594,305.46866,40.813126,18.263128,0.022192538,440.0795314551441,304.97471743092746,794.6403245047737,0.025412813345245325,0.9996744855166387,0.025415614428651975,228.0795314551441,184.97471743092746,-1.7339430854843678,0.0,-0.03,-0.03,0.03,0.0,0.0,0.0
1773806349.2112112,True,0.8862942,1773806349.2000492,440.71594,305.46866,40.813126,18.263128,0.022192538,440.2068136406778,305.0735056341951,779.8608370166228,0.024446184189568648,0.99969826658366,0.02444869017417893,228.2068136406778,185.0735056341951,-1.752717186073712,0.0,-0.03,-0.03,0.03,0.0,0.0,0.0
1773806349.2210202,True,0.8862942,1773806349.2000492,440.71594,305.46866,40.813126,18.263128,0.022192538,440.30863938910477,305.1525361968092,769.5151957749172,0.023769543780594975,0.9997149133305748,0.023771843253583964,228.30863938910477,185.1525361968092,-1.7660719750787246,0.0,-0.03,-0.03,0.03,0.0,0.0,0.0
1773806349.2311873,True,0.8862942,1773806349.2000492,440.71594,305.46866,40.813126,18.263128,0.022192538,440.3900999878463,305.2157606469005,762.2732469057232,0.0232958954943134,0.9997265660534153,0.023298050822167096,228.39009998784633,185.2157606469005,-1.7755275926106224,0.0,-0.03,-0.03,0.03,0.0,0.0,0.0
1773806349.2409353,True,0.8345095,1773806349.2341988,440.6126,306.33295,40.895515,19.360458,0.023619598,440.43460196293336,305.43919787298915,771.118048957053,0.023392347346277854,0.9997249173178926,0.02339451504660537,228.43460196293336,185.43919787298915,-1.763991202427702,0.0,-0.03,-0.03,0.03,0.0,0.0,0.0
1773806349.2510958,True,0.8345095,1773806349.2341988,440.6126,306.33295,40.895515,19.360458,0.023619598,440.470203543003,305.6179476538601,777.3094103929839,0.023459863642652977,0.9997237632030267,0.023462039934030385,228.47020354300298,185.61794765386009,-1.7559941930819687,0.0,-0.03,-0.03,0.03,0.0,0.0,0.0
1773806349.2611058,True,0.8345095,1773806349.2341988,440.6126,306.33295,40.895515,19.360458,0.023619598,440.4986848070587,305.76094747855683,781.6433633981355,0.02350712505011556,0.9997229553226206,0.02350930732070178,228.49868480705868,185.76094747855683,-1.7504340962743712,0.0,-0.03,-0.03,0.03,0.0,0.0,0.0
1773806349.271248,True,0.8345095,1773806349.2341988,440.6126,306.33295,40.895515,19.360458,0.023619598,440.5214698183032,305.8753473383142,784.6771305017417,0.02354020803533937,0.9997223898063363,0.02354239447432292,228.52146981830322,185.8753473383142,-1.7465603413064186,0.0,-0.03,-0.03,0.03,0.0,0.0,0.0
1773806349.2813838,True,0.8175863,1773806349.2737782,441.29724,307.16357,40.316742,18.748245,0.034327127,440.6766240968301,306.1329927144014,776.0344405699691,0.02677426138438242,0.9996289374725441,0.026777797817004033,228.6766240968301,186.13299271440138,-1.7576357743822568,0.0,-0.03,-0.03,0.03,0.0,0.0,0.0
1773806349.2912383,True,0.8175863,1773806349.2737782,441.29724,307.16357,40.316742,18.748245,0.034327127,440.80074751965157,306.3391090152711,769.9845576177282,0.029038098728712554,0.9995635208388896,0.029042610477598013,228.80074751965157,186.3391090152711,-1.7654622161536981,0.0,-0.03,-0.03,0.03,0.0,0.0,0.0
1773806349.3009746,True,0.8175863,1773806349.2737782,441.29724,307.16357,40.316742,18.748245,0.034327127,440.90004625790874,306.5040020559669,765.7496395511597,0.03062278486974365,0.9995177291953313,0.030627979780603207,228.90004625790874,186.5040020559669,-1.7709774007591081,0.0,-0.03,-0.03,0.03,0.0,0.0,0.0
1773806349.3110507,True,0.75027716,1773806349.3046477,441.22897,308.15308,40.758118,20.997187,0.053523514,440.9658316840614,306.83381687914857,792.7664835256555,0.03748533821402744,0.999232798023655,0.03749653597743226,228.9658316840614,186.83381687914857,-1.7363039697139206,-0.03749653597743219,-0.03,-0.03,0.03,0.0,0.0,-0.0003749653597743219
1773806349.3213458,True,0.75027716,1773806349.3046477,441.22897,308.15308,40.758118,20.997187,0.053523514,441.0184600249835,307.0976687376939,811.6782743078026,0.0422891255550261,0.9990333462034814,0.04230478841487286,229.01846002498348,187.09766873769388,-1.7127286280168497,-0.04230478841487306,-0.03,-0.03,0.03,0.0,0.0,-0.00042304788414873065
1773806349.3309236,True,0.75027716,1773806349.3046477,441.22897,308.15308,40.758118,20.997187,0.053523514,441.06056269772114,307.3087502245301,824.9165278553055,0.04565177669372516,0.99889372992936,0.04567055609463898,229.06056269772114,187.30875022453012,-1.6965504728998109,-0.0456705560946391,-0.03,-0.03,0.03,0.0,0.0,-0.000456705560946391
1773806349.3410532,True,0.7277297,1773806349.3339534,441.86664,308.4949,38.73185,19.987492,0.059925247,441.22177779489573,307.54598089251476,809.6873275553544,0.04992306002885008,0.9986871168415231,0.04994711325891542,229.22177779489573,187.54598089251476,-1.715184517978796,-0.04994711325891554,-0.03,-0.03,0.03,0.0,0.0,-0.0004994711325891554
1773806349.351192,True,0.7277297,1773806349.3339534,441.86664,308.4949,38.73185,19.987492,0.059925247,441.35074987263533,307.73576542690245,799.0268873453887,0.052912958363437526,0.9985424876800374,0.05294067749422861,229.35074987263533,187.73576542690245,-1.728438079312534,-0.052940677494228705,-0.03,-0.03,0.03,0.0,0.0,-0.000529406774942287
1773806349.3611376,True,0.7277297,1773806349.3339534,441.86664,308.4949,38.73185,19.987492,0.059925247,441.453927534827,307.8875930544126,791.5645791984126,0.05500588719764874,0.9984412472669973,0.05503612653585295,229.45392753482702,187.8875930544126,-1.7378212088643583,-0.05503612653585277,-0.03,-0.03,0.03,0.0,0.0,-0.0005503612653585277
1773806349.3712502,True,0.7277297,1773806349.3339534,441.86664,308.4949,38.73185,19.987492,0.059925247,441.5364696645804,308.0090551564207,786.3409634955294,0.056470937381596586,0.9983703789778693,0.05650290694521005,229.5364696645804,188.0090551564207,-1.7444421815955602,-0.056502906945210096,-0.03,-0.03,0.03,0.0,0.0,-0.000565029069452101
1773806349.3808775,True,0.65211874,1773806349.3722599,441.6209,308.97064,39.60886,19.997227,0.059194393,441.5533578605706,308.2013725431053,788.0588892906205,0.057277605233368944,0.9983338223072074,0.05731037173597274,229.5533578605706,188.20137254310532,-1.7422598560905636,-0.057310371735972865,-0.03,-0.03,0.03,0.0,0.0,-0.0005731037173597286
1773806349.3909109,True,0.65211874,1773806349.3722599,441.6209,308.97064,39.60886,19.997227,0.059194393,441.5668684173628,308.35522645245305,789.2614373471843,0.057842272729609595,0.9983082326377439,0.05787558782327904,229.5668684173628,188.35522645245305,-1.740735057012976,-0.05787558782327906,-0.03,-0.03,0.03,0.0,0.0,-0.0005787558782327907
1773806349.4009805,True,0.65211874,1773806349.3722599,441.6209,308.97064,39.60886,19.997227,0.059194393,441.5776768627965,308.4783095799312,790.1032209867789,0.05823753997697805,0.9982903198691195,0.05827123431995415,229.57767686279652,188.4783095799312,-1.7396690793556147,-0.05827123431995407,-0.03,-0.03,0.03,0.0,0.0,-0.0005827123431995407
1773806349.4112191,True,0.6718891,1773806349.4009805,441.53262,309.74722,39.466686,19.578972,0.056169502,441.56866614844034,308.7320922440231,784.8874036165264,0.05760826933717619,0.9983300963710321,0.05764070940630459,229.56866614844034,188.73209224402308,-1.7462924031471752,-0.0576407094063045,-0.03,-0.03,0.03,0.0,0.0,-0.000576407094063045
1773806349.4211771,True,0.6718891,1773806349.4009805,441.53262,309.74722,39.466686,19.578972,0.056169502,441.5614575769554,308.9351183752966,781.2363314573497,0.05716777988931489,0.9983579399223709,0.05719934453224871,229.56145757695538,188.9351183752966,-1.7509549705954444,-0.05719934453224873,-0.03,-0.03,0.03,0.0,0.0,-0.0005719934453224874
1773806349.4312282,True,0.6718891,1773806349.4009805,441.53262,309.74722,39.466686,19.578972,0.056169502,441.5556907197674,309.0975392803154,778.6805809459261,0.05685943727581198,0.998377430408308,0.056890390484194316,229.55569071976743,189.0975392803154,-1.7542317512725711,-0.05689039048419442,-0.03,-0.03,0.03,0.0,0.0,-0.0005689039048419443
1773806349.4415166,True,0.31077752,1773806349.4394593,441.75952,309.15,43.98184,20.230698,0.020956384,441.5964568726889,309.1080302035492,812.011385910195,0.046088061137800944,0.9987983281919923,0.04611080231923072,229.59645687268892,189.10803020354922,-1.7123183136381508,-0.046110802319230704,-0.03,-0.03,0.03,0.0,0.0,-0.000461108023192307
1773806349.450796,True,0.31077752,1773806349.4394593,441.75952,309.15,43.98184,20.230698,0.020956384,441.6290697950261,309.11642294213624,835.3429493851834,0.03854809784119322,0.9990929566405713,0.038563965822328884,229.6290697950261,189.11642294213624,-1.683990317402468,-0.03856396582232868,-0.03,-0.03,0.03,0.0,0.0,-0.0003856396582232868
1773806349.4608207,True,0.31077752,1773806349.4394593,441.75952,309.15,43.98184,20.230698,0.020956384,441.65516013289596,309.12313713300586,851.6750438176753,0.033270123533567814,0.9992991965545766,0.033281162453381016,229.65516013289596,189.12313713300586,-1.6646276256519537,0.0,-0.03,-0.03,0.03,0.0,0.0,0.0
1773806349.4711134,True,0.39011252,1773806349.470119,441.51544,310.19547,42.91056,20.467861,0.028009288,441.627216485223,309.33760272398285,859.6587550376071,0.031690774227855725,0.9993917672491528,0.031699439282005075,229.62721648522302,189.33760272398285,-1.6552971617233059,0.0,-0.03,-0.03,0.03,0.0,0.0,0.0
1773806349.4810002,True,0.39011252,1773806349.470119,441.51544,310.19547,42.91056,20.467861,0.028009288,441.6048615670847,309.50917519676443,865.2473528915593,0.030585229713857263,0.9994565667353562,0.030592312532767053,229.6048615670847,189.50917519676443,-1.648817252604402,0.0,-0.03,-0.03,0.03,0.0,0.0,0.0
1773806349.4913318,True,0.39011252,1773806349.470119,441.51544,310.19547,42.91056,20.467861,0.028009288,441.586977632574,309.6464331749897,869.1593713893258,0.029811348554058342,0.9995019263756986,0.0298173644293533,229.58697763257402,189.64643317498968,-1.6443061710027427,0.0,-0.03,-0.03,0.03,0.0,0.0,0.0
1773806349.5009785,True,0.39011252,1773806349.470119,441.51544,310.19547,42.91056,20.467861,0.028009288,441.5726704849655,309.75623955756987,871.8977843377625,0.029269631742199098,0.9995336781239382,0.029274921237464332,229.5726704849655,189.75623955756987,-1.6411604785163527,0.0,-0.03,-0.03,0.03,0.0,0.0,0.0
1773806349.510838,True,0.7405059,1773806349.504491,441.40793,310.67587,42.70284,20.085648,0.041548654,441.5397220813318,309.9401662066028,867.6427007454181,0.032949752607434366,0.9994146683327778,0.032957112893567904,229.53972208133177,189.94016620660278,-1.6460526809289637,0.0,-0.03,-0.03,0.03,0.0,0.0,0.0
1773806349.5208855,True,0.7405059,1773806349.504491,441.40793,310.67587,42.70284,20.085648,0.041548654,441.51336335842484,310.0873075258291,864.6641422307771,0.03552583721309906,0.9993313614789655,0.03553464283196207,229.51336335842484,190.0873075258291,-1.649491519102454,-0.03553464283196206,-0.03,-0.03,0.03,0.0,0.0,-0.0003553464283196206
1773806349.5312378,True,0.7405059,1773806349.504491,441.40793,310.67587,42.70284,20.085648,0.041548654,441.49227638009927,310.20502058121014,862.5791512705282,0.03732909643706434,0.9992730466812969,0.037338890469664994,229.49227638009927,190.20502058121014,-1.6519057614744492,-0.03733889046966521,-0.03,-0.03,0.03,0.0,0.0,-0.0003733889046966521
1773806349.5408196,True,0.67897666,1773806349.534244,441.97003,310.73093,42.226353,20.107811,0.041385368,441.58782745173573,310.3102017677025,858.5292645319478,0.03854243392664952,0.9992342570470392,0.03855285811333957,229.58782745173573,190.3102017677025,-1.6566119080205608,-0.03855285811333964,-0.03,-0.03,0.03,0.0,0.0,-0.0003855285811333964
1773806349.5512729,True,0.67897666,1773806349.534244,441.97003,310.73093,42.226353,20.107811,0.041385368,441.66426830904487,310.3943467168964,855.6943438149415,0.03939177016935915,0.9992071043030588,0.0394026241120855,229.66426830904487,190.3943467168964,-1.6599194383656657,-0.039402624112085505,-0.03,-0.03,0.03,0.0,0.0,-0.00039402624112085506
1773806349.5611172,True,0.67897666,1773806349.534244,441.97003,310.73093,42.226353,20.107811,0.041385368,441.7254209948922,310.46166267625154,853.7098993130371,0.03998630553925589,0.9991880973822724,0.03999745398741642,229.7254209948922,190.46166267625154,-1.662241236034475,-0.03999745398741661,-0.03,-0.03,0.03,0.0,0.0,-0.0003999745398741661
1773806349.5711818,True,0.67897666,1773806349.534244,441.97003,310.73093,42.226353,20.107811,0.041385368,441.77434314357004,310.5155154437356,852.3207881617041,0.04040248029818361,0.9991747925377219,0.04041383154034873,229.77434314357004,190.51551544373558,-1.6638697078650417,-0.04041383154034861,-0.03,-0.03,0.03,0.0,0.0,-0.0004041383154034861
1773806349.5811696,True,0.6925691,1773806349.57319,442.62048,311.28778,40.776585,19.68055,0.041027714,441.94357119454355,310.6699685073322,837.3762362835052,0.04058659752674271,0.9991698991999491,0.040597997264979674,229.94357119454355,190.66996850733221,-1.681559200551305,-0.04059799726497948,-0.03,-0.03,0.03,0.0,0.0,-0.0004059799726497948
1773806349.5909274,True,0.6925691,1773806349.57319,442.62048,311.28778,40.776585,19.68055,0.041027714,442.07895363532236,310.79353095820954,826.9150499687661,0.04071547958673408,0.9991664738635082,0.04072691270678448,230.07895363532236,190.79353095820954,-1.6941307067257678,-0.040726912706784635,-0.03,-0.03,0.03,0.0,0.0,-0.00040726912706784635
1773806349.601173,True,0.6925691,1773806349.57319,442.62048,311.28778,40.776585,19.68055,0.041027714,442.1872595879454,310.8923809189114,819.5922195484487,0.040805697028728036,0.9991640761279996,0.040817153236326564,230.1872595879454,190.89238091891139,-1.7030257524250003,-0.0408171532363264,-0.03,-0.03,0.03,0.0,0.0,-0.00040817153236326397
1773806349.611095,True,0.5583077,1773806349.601173,443.45227,311.29416,41.9645,21.271515,0.036659744,442.44026177191887,310.9727365222385,841.5091032444609,0.0395594477577582,0.9992132853451371,0.039569928724065076,230.44026177191887,190.9727365222385,-1.6766358443079161,-0.03956992872406495,-0.03,-0.03,0.03,0.0,0.0,-0.0003956992872406495
1773806349.6211333,True,0.5583077,1773806349.601173,443.45227,311.29416,41.9645,21.271515,0.036659744,442.64266351909765,311.03702100490017,856.8509218316694,0.03868707326807932,0.9992477317971333,0.03869687114102045,230.64266351909765,191.03702100490017,-1.6585687258142727,-0.038696871141020495,-0.03,-0.03,0.03,0.0,0.0,-0.00038696871141020496
1773806349.6309674,True,0.5583077,1773806349.601173,443.45227,311.29416,41.9645,21.271515,0.036659744,442.80458491684067,311.08844859102953,867.5901948427154,0.0380764111253041,0.9992718443135307,0.03808573145075089,230.80458491684067,191.08844859102953,-1.6461131983417585,-0.03808573145075078,-0.03,-0.03,0.03,0.0,0.0,-0.00038085731450750784
1773806349.6409502,True,0.5957186,1773806349.6359766,444.04233,311.255,41.017807,20.003416,0.037215605,443.0521335096445,311.12175984938614,853.4620194465413,0.03781559239656131,0.9992825648036721,0.03782469309292905,231.05213350964448,191.12175984938614,-1.662531634283783,-0.03782469309292891,-0.03,-0.03,0.03,0.0,0.0,-0.00037824693092928906
1773806349.6515694,True,0.5957186,1773806349.6359766,444.04233,311.255,41.017807,20.003416,0.037215605,443.2501723838875,311.14840885607146,843.5722966692194,0.03763301928644135,0.999290069146771,0.0376419665043113,231.2501723838875,191.14840885607146,-1.6741870671083565,-0.03764196650431151,-0.03,-0.03,0.03,0.0,0.0,-0.0003764196650431151
1773806349.661118,True,0.5957186,1773806349.6359766,444.04233,311.255,41.017807,20.003416,0.037215605,443.4086034832819,311.1697280614197,836.6494907250942,0.037505218109357384,0.9992953221869403,0.03751405802816023,231.40860348328192,191.16972806141968,-1.682427461525246,-0.037514058028160324,-0.03,-0.03,0.03,0.0,0.0,-0.00037514058028160325
1773806349.6711228,True,0.5957186,1773806349.6359766,444.04233,311.255,41.017807,20.003416,0.037215605,443.53534836279744,311.18678342569825,831.8035265642065,0.03741575728539861,0.9992989993150587,0.03742452216403325,231.53534836279744,191.18678342569825,-1.6882364087805317,-0.03742452216403347,-0.03,-0.03,0.03,0.0,0.0,-0.0003742452216403347
1773806349.6806598,True,0.7233398,1773806349.6746397,444.92133,311.30762,41.053593,19.40133,0.034447156,443.81254382695676,311.2109501780586,821.2107657140851,0.036523133227848274,0.9993313261379178,0.036531312161031594,231.81254382695676,191.21095017805862,-1.701052880964926,-0.03653131216103178,-0.03,-0.03,0.03,0.0,0.0,-0.0003653131216103178
1773806349.6912878,True,0.7233398,1773806349.6746397,444.92133,311.30762,41.053593,19.40133,0.034447156,444.0343001982842,311.2302835799469,813.7958331190002,0.03589829638756304,0.9993539549139191,0.03590606475926837,232.0343001982842,191.2302835799469,-1.7101231604804106,-0.035906064759268386,-0.03,-0.03,0.03,0.0,0.0,-0.00035906064759268387
1773806349.701197,True,0.7233398,1773806349.6746397,444.92133,311.30762,41.053593,19.40133,0.034447156,444.2117052953461,311.2457503014575,808.6053803024407,0.03546091059936338,0.99936979505712,0.035468391685537955,232.21170529534612,191.24575030145752,-1.716521664724705,-0.03546839168553806,-0.03,-0.03,0.03,0.0,0.0,-0.0003546839168553806
1773806349.711536,True,0.6160955,1773806349.7047343,445.20212,311.9072,41.9132,21.084621,0.034803875,444.4097878202613,311.37803945015037,831.1409476081928,0.03526169207086068,0.9993771784250667,0.035269036444199264,232.40978782026127,191.37803945015037,-1.689033283241906,-0.03526903644419921,-0.03,-0.03,0.03,0.0,0.0,-0.0003526903644419921
1773806349.7212987,True,0.6160955,1773806349.7047343,445.20212,311.9072,41.9132,21.084621,0.034803875,444.5682538401934,311.48387076910467,846.9158447222194,0.035122239100908795,0.9993823467826293,0.0351294878582968,232.5682538401934,191.48387076910467,-1.670231342923075,-0.03512948785829684,-0.03,-0.03,0.03,0.0,0.0,-0.00035129487858296836
1773806349.731328,True,0.6160955,1773806349.7047343,445.20212,311.9072,41.9132,21.084621,0.034803875,444.6950266561391,311.5685358242681,857.9582727020379,0.03502462202194248,0.9993859646329231,0.035031803892224496,232.69502665613908,191.5685358242681,-1.65727721066749,-0.03503180389222438,-0.03,-0.03,0.03,0.0,0.0,-0.0003503180389222438
1773806349.7408643,True,0.8657365,1773806349.7363594,444.23926,312.10007,39.80384,18.689636,0.036293853,444.6038728874113,311.6748420871489,823.7465843484576,0.035403001102490596,0.9993726103655862,0.035410418747188435,232.60387288741128,191.67484208714887,-1.697969736416503,-0.03541041874718864,-0.03,-0.03,0.03,0.0,0.0,-0.0003541041874718864
1773806349.7508056,True,0.8657365,1773806349.7363594,444.23926,312.10007,39.80384,18.689636,0.036293853,444.53094987242906,311.7598870974535,799.7984025009515,0.03566786645887428,0.9993632623784504,0.03567544912965459,232.53094987242906,191.7598870974535,-1.7274729767208417,-0.0356754491296547,-0.03,-0.03,0.03,0.0,0.0,-0.00035675449129654704
1773806349.7610843,True,0.8657365,1773806349.7363594,444.23926,312.10007,39.80384,18.689636,0.036293853,444.47261146044326,311.8279231056972,783.0346752076972,0.035853272208342855,0.9993567187874554,0.035860970366434194,232.47261146044326,191.8279231056972,-1.748655695680861,-0.03586097036643432,-0.03,-0.03,0.03,0.0,0.0,-0.0003586097036643432
1773806349.771295,True,0.80366886,1773806349.7697797,444.30768,313.13858,41.127,20.400366,0.02426506,444.4396248128859,312.0900545490109,799.8260121473411,0.03237609427219887,0.9994613885126149,0.032382218304612916,232.43962481288588,192.09005454901092,-1.7274384565595595,0.0,-0.03,-0.03,0.03,0.0,0.0,0.0
1773806349.7811766,True,0.80366886,1773806349.7697797,444.30768,313.13858,41.127,20.400366,0.02426506,444.41323549484,312.29975970366183,811.5799480050919,0.029942069716898077,0.9995346573202266,0.02994705388142793,232.41323549484002,192.29975970366183,-1.7128497748577889,0.0,-0.03,-0.03,0.03,0.0,0.0,0.0
1773806349.7912009,True,0.80366886,1773806349.7697797,444.30768,313.13858,41.127,20.400366,0.02426506,444.3921240404033,312.4675238273826,819.8077031055175,0.028238252528187523,0.9995859454855548,0.028242438095477156,232.3921240404033,192.4675238273826,-1.7027628714094143,0.0,-0.03,-0.03,0.03,0.0,0.0,0.0
1773806349.8013265,True,0.80366886,1773806349.7697797,444.30768,313.13858,41.127,20.400366,0.02426506,444.37523487685394,312.60173512635924,825.5671316758153,0.027045580496090134,0.9996218472012846,0.027049212854155343,232.37523487685394,192.60173512635924,-1.6957620932627864,0.0,-0.03,-0.03,0.03,0.0,0.0,0.0
1773806349.8108063,True,0.7514681,1773806349.8018322,443.61438,313.2698,39.901222,19.531975,0.014445673,444.22306387804565,312.73534928272807,811.7018932961175,0.023265457447426932,0.9997039919660741,0.023268146163132726,232.22306387804565,192.73534928272807,-1.7126995294867728,0.0,-0.03,-0.03,0.03,0.0,0.0,0.0
1773806349.8209746,True,0.7514681,1773806349.8018322,443.61438,313.2698,39.901222,19.531975,0.014445673,444.101327078999,312.8422406078231,801.9962264303291,0.02061937131336269,0.9997614933014268,0.020621366832179952,232.10132707899902,192.8422406078231,-1.7247287731020569,0.0,-0.03,-0.03,0.03,0.0,0.0,0.0
1773806349.831175,True,0.7514681,1773806349.8018322,443.61438,313.2698,39.901222,19.531975,0.014445673,444.0039376397617,312.9277536678991,795.2022596242772,0.018767111019517724,0.9998017442361737,0.018768628313518932,232.00393763976172,192.92775366789908,-1.7332361788402586,0.0,-0.03,-0.03,0.03,0.0,0.0,0.0
1773806349.8413277,True,0.8068113,1773806349.838268,443.1924,313.48706,40.799732,19.897532,0.014624874,443.84163277782505,313.0396150436943,800.185771190119,0.017524283544116444,0.9998291384957636,0.01752548378666872,231.84163277782505,193.0396150436943,-1.7269887610603298,0.0,-0.03,-0.03,0.03,0.0,0.0,0.0
1773806349.8509884,True,0.8068113,1773806349.838268,443.1924,313.48706,40.799732,19.897532,0.014624874,443.7117888882757,313.1291041443305,803.6742292862083,0.01665430431133555,0.9998483144774766,0.01665529068849437,231.7117888882757,193.12910414433048,-1.7226386761450272,0.0,-0.03,-0.03,0.03,0.0,0.0,0.0
1773806349.860918,True,0.8068113,1773806349.838268,443.1924,313.48706,40.799732,19.897532,0.014624874,443.6079137766362,313.2006954248394,806.1161499534708,0.01604531884838892,0.9998617376646755,0.01604616029206964,231.60791377663622,193.2006954248394,-1.7196048369921242,0.0,-0.03,-0.03,0.03,0.0,0.0,0.0
1773806349.8709931,True,0.8068113,1773806349.838268,443.1924,313.48706,40.799732,19.897532,0.014624874,443.52481368732464,313.25796844924656,807.8254944205545,0.01561902902432628,0.9998711338957147,0.015619771633453199,231.52481368732464,193.25796844924656,-1.7174866128144701,0.0,-0.03,-0.03,0.03,0.0,0.0,0.0
1773806349.8808422,True,0.7693108,1773806349.8750038,443.73276,315.32965,38.997707,22.789055,0.045887597,443.56640246353163,313.6723049351785,832.0941119635288,0.02469476868685499,0.9995939984138081,0.024699774711438426,231.56640246353163,193.6723049351785,-1.6878871259934805,0.0,-0.03,-0.03,0.03,0.0,0.0,0.0
1773806349.8911636,True,0.7693108,1773806349.8750038,443.73276,315.32965,38.997707,22.789055,0.045887597,443.5996734844972,314.0037741239241,849.0821442436106,0.031047786450625087,0.9994000035764735,0.031056437672896637,231.5996734844972,194.00377412392407,-1.6676767400124701,0.0,-0.03,-0.03,0.03,0.0,0.0,0.0
1773806349.901203,True,0.8618263,1773806349.8996985,443.5928,314.99576,38.202644,19.892548,0.033957303,443.5982995786134,314.20217091046743,822.341882074043,0.031918683593855024,0.9994070543636635,0.03192676859280615,231.59829957861342,194.20217091046743,-1.6996764522389458,0.0,-0.03,-0.03,0.03,0.0,0.0,0.0
1773806349.910974,True,0.8618263,1773806349.8996985,443.5928,314.99576,38.202644,19.892548,0.033957303,443.5972004539064,314.3608883397021,803.6236985553456,0.032528311594115976,0.9994119899146965,0.032535964221831526,231.5972004539064,194.36088833970211,-1.722701552765477,0.0,-0.03,-0.03,0.03,0.0,0.0,0.0
1773806349.9214447,True,0.8618263,1773806349.8996985,443.5928,314.99576,38.202644,19.892548,0.033957303,443.5963211541408,314.48786228308984,790.5209700922575,0.032955051194298646,0.9994154448004196,0.032962383235627654,231.5963211541408,194.48786228308984,-1.7391404918297966,0.0,-0.03,-0.03,0.03,0.0,0.0,0.0
1773806349.9310765,True,0.8618263,1773806349.8996985,443.5928,314.99576,38.202644,19.892548,0.033957303,443.59561771432834,314.5894414378,781.3490601680958,0.03325376891442652,0.9994178632204257,0.03326086766554427,231.59561771432834,194.58944143780002,-1.7508106857306993,0.0,-0.03,-0.03,0.03,0.0,0.0,0.0
1773806349.9408736,True,0.85755545,1773806349.936226,443.6925,315.56354,38.135086,20.619621,0.043082636,443.6149951480252,314.78426066977124,782.843658523917,0.03619843105293645,0.9993141302893369,0.036207444798249146,231.61499514802517,194.78426066977124,-1.7488996695332515,-0.036207444798249,-0.03,-0.03,0.03,0.0,0.0,-0.00036207444798249
1773806349.9509284,True,0.85755545,1773806349.936226,443.6925,315.56354,38.135086,20.619621,0.043082636,443.6304970949826,314.94011605534826,783.8898773729919,0.038259694549893405,0.9992415172375746,0.03827004155983264,231.63049709498262,194.94011605534826,-1.747564127808238,-0.03827004155983271,-0.03,-0.03,0.03,0.0,0.0,-0.00038270041559832716
1773806349.960949,True,0.85755545,1773806349.936226,443.6925,315.56354,38.135086,20.619621,0.043082636,443.64289865254864,315.06480036380987,784.6222305673443,0.03970257899776328,0.999190688101341,0.039713844860036866,231.64289865254864,195.06480036380987,-1.7466303087527604,-0.03971384486003693,-0.03,-0.03,0.03,0.0,0.0,-0.0003971384486003693
1773806349.9711378,True,0.85755545,1773806349.936226,443.6925,315.56354,38.135086,20.619621,0.043082636,443.6528198986015,315.16454781057917,785.134877803391,0.04071259811127218,0.9991551077059775,0.04072449636313946,231.65281989860148,195.16454781057917,-1.7459771538773492,-0.04072449636313946,-0.03,-0.03,0.03,0.0,0.0,-0.00040724496363139464
1773806349.9810622,True,0.84448624,1773806349.9731553,444.00827,315.0271,39.186615,21.661968,0.045441467,443.72390997161557,315.1370581703383,804.2521720307329,0.042126567691222354,0.9990988896467967,0.04213960180834095,231.72390997161557,195.13705817033832,-1.721919808951927,-0.04213960180834109,-0.03,-0.03,0.03,0.0,0.0,-0.0004213960180834109
1773806349.9912486,True,0.84448624,1773806349.9731553,444.00827,315.0271,39.186615,21.661968,0.045441467,443.78078203002684,315.1150664581457,817.6342779898723,0.04311634639718748,0.9990595370053702,0.04313017023443622,231.78078203002684,195.1150664581457,-1.705417532053421,-0.04313017023443644,-0.03,-0.03,0.03,0.0,0.0,-0.0004313017023443644
1773806350.0008228,True,0.84448624,1773806349.9731553,444.00827,315.0271,39.186615,21.661968,0.045441467,443.82627967675586,315.09747308839155,827.0017521612699,0.043809191491363066,0.9990319901563716,0.043823564287593805,231.82627967675586,195.09747308839155,-1.6940258620413537,-0.04382356428759371,-0.03,-0.03,0.03,0.0,0.0,-0.0004382356428759371
1773806350.0113645,True,0.8046763,1773806350.0038393,444.2032,314.55844,38.498657,20.150543,0.04785451,443.90166094843596,314.98966670313513,811.6318844718733,0.045017307962088304,0.9989789505511183,0.04503285354897532,231.90166094843596,194.98966670313513,-1.7127857826347654,-0.04503285354897546,-0.03,-0.03,0.03,0.0,0.0,-0.0004503285354897546
1773806350.0207002,True,0.8046763,1773806350.0038393,444.2032,314.55844,38.498657,20.150543,0.04785451,443.96196596578005,314.90342159493,800.8729770892955,0.04586298949159598,0.9989418228274409,0.04587935422667396,231.96196596578005,194.90342159493002,-1.7261303216781194,-0.045879354226673996,-0.03,-0.03,0.03,0.0,0.0,-0.00045879354226673996
1773806350.0307596,True,0.8046763,1773806350.0038393,444.2032,314.55844,38.498657,20.150543,0.04785451,444.0102099796553,314.83442550836594,793.3417419214912,0.04645496656225134,0.9989158334208668,0.046471903063730675,232.01020997965531,194.83442550836594,-1.7355785987564667,-0.046471903063730835,-0.03,-0.03,0.03,0.0,0.0,-0.0004647190306373084
1773806350.0411077,True,0.8404052,1773806350.0369132,444.41003,314.84207,38.768993,20.806376,0.035315357,444.09017481966174,314.8359547133334,797.3318829192626,0.043110881654936345,0.9990540266692693,0.04312494807737268,232.09017481966174,194.83595471333342,-1.7305616684388454,-0.04312494807737277,-0.03,-0.03,0.03,0.0,0.0,-0.0004312494807737277
1773806350.050876,True,0.8404052,1773806350.0369132,444.41003,314.84207,38.768993,20.806376,0.035315357,444.1541466916669,314.8371780773074,800.1249816177026,0.04077002221981585,0.9991507619431512,0.04078205081321565,232.15414669166688,194.83717807730739,-1.727064733270526,-0.04078205081321551,-0.03,-0.03,0.03,0.0,0.0,-0.0004078205081321551
1773806350.0611277,True,0.8404052,1773806350.0369132,444.41003,314.84207,38.768993,20.806376,0.035315357,444.20532418927104,314.83815676848656,802.0801507066105,0.0391314206152315,0.9992184766348684,0.03914202458892476,232.20532418927104,194.83815676848656,-1.7246241343484987,-0.039142024588924684,-0.03,-0.03,0.03,0.0,0.0,-0.00039142024588924686
1773806350.0712452,True,0.8387051,1773806350.0677214,444.24606,314.4944,39.837364,20.844078,0.0189068,444.21347199790125,314.76940236791427,810.5680378676742,0.03306369653167214,0.9993993151783036,0.03307150701245162,232.21347199790125,194.76940236791427,-1.714097392556652,0.0,-0.03,-0.03,0.03,0.0,0.0,0.0
1773806350.0808399,True,0.8387051,1773806350.0677214,444.24606,314.4944,39.837364,20.844078,0.0189068,444.2199902448054,314.71439884745644,816.5095588804188,0.02881628967318059,0.9995259021587082,0.028821974376851852,232.2199902448054,194.71439884745644,-1.7067940562756738,0.0,-0.03,-0.03,0.03,0.0,0.0,0.0
1773806350.090848,True,0.8387051,1773806350.0677214,444.24606,314.4944,39.837364,20.844078,0.0189068,444.2252048423287,314.67039603109015,820.66862358934,0.025843104872236504,0.9996145130449914,0.0258473132997717,232.2252048423287,194.67039603109015,-1.7017132731325606,0.0,-0.03,-0.03,0.03,0.0,0.0,0.0
1773806350.100965,True,0.8387051,1773806350.0677214,444.24606,314.4944,39.837364,20.844078,0.0189068,444.2293765203474,314.63519377799713,823.5799688855849,0.023761875511575645,0.9996765406653898,0.023765088976641705,232.2293765203474,194.63519377799713,-1.6981720223119303,0.0,-0.03,-0.03,0.03,0.0,0.0,0.0
1773806350.1107807,True,0.82867795,1773806350.1091173,444.92346,314.52835,38.887558,20.717207,0.033965822,444.36819359909043,314.61382518841333,818.1984586886593,0.02682110038435151,0.9996005435394966,0.026825382149873095,232.36819359909043,194.61382518841333,-1.7047277540479975,0.0,-0.03,-0.03,0.03,0.0,0.0,0.0
1773806350.121078,True,0.82867795,1773806350.1091173,444.92346,314.52835,38.887558,20.717207,0.033965822,444.47924726208487,314.5967303167463,814.4314015508115,0.028962557795294615,0.9995473455513713,0.02896756862007264,232.47924726208487,194.5967303167463,-1.7093424728091098,0.0,-0.03,-0.03,0.03,0.0,0.0,0.0
1773806350.1313083,True,0.82867795,1773806350.1091173,444.92346,314.52835,38.887558,20.717207,0.033965822,444.56809019248044,314.58305441941263,811.794461554318,0.030461577982954784,0.9995101069596837,0.030467077761905537,232.56809019248044,194.58305441941263,-1.712585493803201,0.0,-0.03,-0.03,0.03,0.0,0.0,0.0
1773806350.1409662,True,0.8291288,1773806350.1374485,444.78305,314.00958,39.672073,20.295708,0.017384524,444.6110822614063,314.46836003943633,809.8079602462258,0.02653819895081184,0.9996117427647582,0.026542271902504768,232.6110822614063,194.46836003943633,-1.7150355423170536,0.0,-0.03,-0.03,0.03,0.0,0.0,0.0
1773806350.1510274,True,0.8291288,1773806350.1374485,444.78305,314.00958,39.672073,20.295708,0.017384524,444.64547591654696,314.37660453545533,808.4174093305612,0.023791833628311783,0.9996828878283102,0.023794888821513965,232.64547591654696,194.37660453545533,-1.7167541549208003,0.0,-0.03,-0.03,0.03,0.0,0.0,0.0
1773806350.1608906,True,0.8291288,1773806350.1374485,444.78305,314.00958,39.672073,20.295708,0.017384524,444.6729908406595,314.3032001322705,807.444023689596,0.021869377902561743,0.9997326893727967,0.021871737099981015,232.6729908406595,194.3032001322705,-1.7179589435726172,0.0,-0.03,-0.03,0.03,0.0,0.0,0.0
1773806350.1711712,True,0.84312564,1773806350.1691642,445.05743,314.18793,39.465084,20.774178,0.03147048,444.7498794889339,314.2801455550351,811.1672191706077,0.024748150596479952,0.9996643361424391,0.024751404705421993,232.7498794889339,194.28014555503512,-1.7133584540306537,0.0,-0.03,-0.03,0.03,0.0,0.0,0.0
1773806350.180607,True,0.84312564,1773806350.1691642,445.05743,314.18793,39.465084,20.774178,0.03147048,444.8113904075534,314.2617018932468,813.773456007316,0.0267632914822227,0.9996164888811889,0.02676716488459803,232.8113904075534,194.26170189324682,-1.7101506580644892,0.0,-0.03,-0.03,0.03,0.0,0.0,0.0
1773806350.1908603,True,0.84312564,1773806350.1691642,445.05743,314.18793,39.465084,20.774178,0.03147048,444.860599142449,314.2469469638162,815.5978217930117,0.028173890102242624,0.9995829957983138,0.028178183344696676,232.86059914244902,194.24694696381619,-1.7079113077421437,0.0,-0.03,-0.03,0.03,0.0,0.0,0.0
1773806350.2014246,True,0.84312564,1773806350.1691642,445.05743,314.18793,39.465084,20.774178,0.03147048,444.8999661303655,314.2351430202717,816.8748778429987,0.029161309136256572,0.9995595506403012,0.02916588608453243,232.8999661303655,194.23514302027172,-1.7063467409217892,0.0,-0.03,-0.03,0.03,0.0,0.0,0.0
1773806350.2110796,True,0.8441337,1773806350.2072797,444.96564,313.45557,40.196774,20.181269,0.01949927,444.9131003456987,314.0792276974674,815.1789733279896,0.026262326773928656,0.9996346540242775,0.02626588320070345,232.9131003456987,194.0792276974674,-1.7084249874504704,0.0,-0.03,-0.03,0.03,0.0,0.0,0.0
1773806350.2211187,True,0.8441337,1773806350.2072797,444.96564,313.45557,40.196774,20.181269,0.01949927,444.92360771796524,313.95449543922393,813.9918401674832,0.024233039120299116,0.999687226393061,0.024235874628147008,232.92360771796524,193.95449543922393,-1.7098823341703864,0.0,-0.03,-0.03,0.03,0.0,0.0,0.0
1773806350.2308352,True,0.8441337,1773806350.2072797,444.96564,313.45557,40.196774,20.181269,0.01949927,444.9320136157785,313.8547096326292,813.1608469551288,0.022812537762758437,0.9997240270512093,0.022814875797532642,232.9320136157785,193.85470963262918,-1.710903742045845,0.0,-0.03,-0.03,0.03,0.0,0.0,0.0
1773806350.2411816,True,0.8515614,1773806350.2328403,444.8694,313.66025,40.24582,20.482983,0.02435953,444.9194878457478,313.81581726665024,816.5189222142933,0.02327591267571953,0.9997178153330175,0.023278277060270962,232.91948784574782,193.81581726665024,-1.7067825888285557,0.0,-0.03,-0.03,0.03,0.0,0.0,0.0
1773806350.2508936,True,0.8515614,1773806350.2328403,444.8694,313.66025,40.24582,20.482983,0.02435953,444.9094672297233,313.7847033738671,818.8695748957084,0.023600275114792298,0.9997134671302832,0.02360265543282812,232.9094672297233,193.7847033738671,-1.7039078537984331,0.0,-0.03,-0.03,0.03,0.0,0.0,0.0
1773806350.2611806,True,0.8515614,1773806350.2328403,444.8694,313.66025,40.24582,20.482983,0.02435953,444.90145073690366,313.75981225964057,820.515031772699,0.023827328822143234,0.9997104233883694,0.023829719020707175,232.90145073690366,193.75981225964057,-1.7019004451368485,0.0,-0.03,-0.03,0.03,0.0,0.0,0.0
1773806350.270965,True,0.8557483,1773806350.267188,445.02798,313.7269,39.901665,20.396877,0.024947038,444.9267575133511,313.75322944638435,818.5213376705767,0.02416246528044691,0.9997039480081753,0.02416491600003958,232.9267575133511,193.75322944638435,-1.7043332100499056,0.0,-0.03,-0.03,0.03,0.0,0.0,0.0
1773806350.2811675,True,0.8557483,1773806350.267188,445.02798,313.7269,39.901665,20.396877,0.024947038,444.94700293450904,313.7479631957794,817.1257517990912,0.02439706080125948,0.9996994152420394,0.024399553242157507,232.94700293450904,193.7479631957794,-1.7060396737719818,0.0,-0.03,-0.03,0.03,0.0,0.0,0.0
1773806350.2912188,True,0.8557483,1773806350.267188,445.02798,313.7269,39.901665,20.396877,0.024947038,444.96319927143537,313.7437501952954,816.1488416890513,0.02456127766582828,0.9996962423057444,0.024563798980336896,232.96319927143537,193.74375019529538,-1.7072359333971965,0.0,-0.03,-0.03,0.03,0.0,0.0,0.0
1773806350.3012426,True,0.8557483,1773806350.267188,445.02798,313.7269,39.901665,20.396877,0.024947038,444.97615634097644,313.74037979490816,815.4650046120234,0.02467622947102644,0.9996940212503378,0.02467877082922573,232.97615634097644,193.74037979490816,-1.7080741674176039,0.0,-0.03,-0.03,0.03,0.0,0.0,0.0
1773806350.3111336,True,0.8694652,1773806350.3082511,444.7173,313.31323,39.902313,19.483908,0.025952589,444.9243821040312,313.65495032030157,804.0614041073226,0.02505826328793348,0.999684790016203,0.02506091657580676,232.92438210403122,193.65495032030157,-1.7221570362279202,0.0,-0.03,-0.03,0.03,0.0,0.0,0.0
1773806350.321113,True,0.8694652,1773806350.3082511,444.7173,313.31323,39.902313,19.483908,0.025952589,444.88296271447496,313.5866067406163,796.0788837540321,0.025325686959768404,0.9996783281523087,0.025328418448264434,232.88296271447496,193.58660674061628,-1.7321343946306202,0.0,-0.03,-0.03,0.03,0.0,0.0,0.0
1773806350.3311455,True,0.8694652,1773806350.3082511,444.7173,313.31323,39.902313,19.483908,0.025952589,444.84982720282994,313.53193187686804,790.4911195067286,0.02551288353005285,0.9996738048475827,0.025515669661656994,232.84982720282994,193.53193187686804,-1.7391782531925701,0.0,-0.03,-0.03,0.03,0.0,0.0,0.0
1773806350.3408496,True,0.85292745,1773806350.3354573,444.7716,314.20187,38.928654,21.00354,0.03841431,444.8341830513265,313.66592025735383,798.6356415648663,0.029380477557666193,0.9995503417220295,0.02938523378233844,232.83418305132648,193.66592025735383,-1.7289278520664961,0.0,-0.03,-0.03,0.03,0.0,0.0,0.0
1773806350.3511875,True,0.85292745,1773806350.3354573,444.7716,314.20187,38.928654,21.00354,0.03841431,444.82166773012375,313.7731109617425,804.3368070055626,0.032087793376995535,0.9994639175341422,0.03209398057927696,232.82166773012375,193.77311096174247,-1.7218145801134719,0.0,-0.03,-0.03,0.03,0.0,0.0,0.0
1773806350.3612273,True,0.85292745,1773806350.3354573,444.7716,314.20187,38.928654,21.00354,0.03841431,444.8116554731615,313.85886352525335,808.3276228140501,0.03398291445052607,0.999403420602621,0.03399010411003686,232.81165547316152,193.85886352525335,-1.7168652256398294,0.0,-0.03,-0.03,0.03,0.0,0.0,0.0
1773806350.3712914,True,0.85292745,1773806350.3354573,444.7716,314.20187,38.928654,21.00354,0.03841431,444.8036456675917,313.92746557606205,811.1211938799913,0.03530949920199745,0.9993610727505562,0.03531738250030755,232.8036456675917,193.92746557606205,-1.7134151952244616,-0.03531738250030747,-0.03,-0.03,0.03,0.0,0.0,-0.00035317382500307473
1773806350.3815353,True,0.84050775,1773806350.3733575,444.7024,313.3545,39.896233,19.836342,0.023144161,444.78339504969836,313.8128708983496,805.2034331281031,0.03165927799555069,0.9994724066813251,0.03166540218107297,232.78339504969836,193.81287089834962,-1.72073771830576,0.0,-0.03,-0.03,0.03,0.0,0.0,0.0
1773806350.3911197,True,0.84050775,1773806350.3733575,444.7024,313.3545,39.896233,19.836342,0.023144161,444.7671945553837,313.7211951561797,801.0610006017814,0.02910412315103796,0.9995503404328634,0.02910899152475295,232.7671945553837,193.7211951561797,-1.7258955760319596,0.0,-0.03,-0.03,0.03,0.0,0.0,0.0
1773806350.4011505,True,0.84050775,1773806350.3733575,444.7024,313.3545,39.896233,19.836342,0.023144161,444.75423415993197,313.64785456244374,798.1612978333562,0.027315514759879048,0.9996048940589402,0.027319512826094412,232.75423415993197,193.64785456244374,-1.7295219711229135,0.0,-0.03,-0.03,0.03,0.0,0.0,0.0
1773806350.4115295,True,0.79134655,1773806350.4052474,444.96848,313.5526,40.804565,20.48098,0.018724883,444.797082396305,313.6288061108925,809.428148961865,0.024737996963149697,0.9996708341915654,0.02474109312424859,232.79708239630497,193.62880611089253,-1.7155046663554399,0.0,-0.03,-0.03,0.03,0.0,0.0,0.0
1773806350.421118,True,0.79134655,1773806350.4052474,444.96848,313.5526,40.804565,20.48098,0.018724883,444.83136098540336,313.61356734965153,817.314944751821,0.022933734505439153,0.9997169922844031,0.022936203908032207,232.83136098540336,193.61356734965153,-1.7058081658880015,0.0,-0.03,-0.03,0.03,0.0,0.0,0.0
1773806350.4311814,True,0.79134655,1773806350.4052474,444.96848,313.5526,40.804565,20.48098,0.018724883,444.8587838566821,313.60137634065876,822.8357018047903,0.02167075078504177,0.9997493029493896,0.021672790995062113,232.85878385668212,193.60137634065876,-1.699076128297729,0.0,-0.03,-0.03,0.03,0.0,0.0,0.0
1773806350.4412942,True,0.7811953,1773806350.4362342,443.7885,313.61957,38.643257,20.767036,0.043027394,444.6447297220645,313.60501464674576,816.7367673864001,0.028073761021735887,0.999546851416977,0.02807910651785893,232.64472972206448,193.60501464674576,-1.7065158269555853,0.0,-0.03,-0.03,0.03,0.0,0.0,0.0
1773806350.4509254,True,0.7811953,1773806350.4362342,443.7885,313.61957,38.643257,20.767036,0.043027394,444.47348641437037,313.6079252916154,812.4675132935268,0.03255586818742177,0.9994051353442882,0.03256373100941784,232.47348641437037,193.6079252916154,-1.7117567459926217,0.0,-0.03,-0.03,0.03,0.0,0.0,0.0
1773806350.4610143,True,0.7811953,1773806350.4362342,443.7885,313.61957,38.643257,20.767036,0.043027394,444.33649176821507,313.61025380751107,809.4790354285157,0.03569334320340189,0.9993059340934061,0.035702956004727726,232.33649176821507,193.61025380751107,-1.7154418011496295,-0.035702956004727504,-0.03,-0.03,0.03,0.0,0.0,-0.000357029560047275
1773806350.4711118,True,0.80398935,1773806350.468602,443.77502,313.81,38.685966,20.622612,0.044107378,444.2241982973846,313.65020255772765,805.977024018711,0.03821326345985729,0.9992223820596607,0.038224374437309874,232.2241982973846,193.65020255772765,-1.719777439838351,-0.03822437443731008,-0.03,-0.03,0.03,0.0,0.0,-0.00038224374437310086
1773806350.480732,True,0.80398935,1773806350.468602,443.77502,313.81,38.685966,20.622612,0.044107378,444.13436352072017,313.6821615579009,803.5256160318477,0.03997720763937607,0.999163895636039,0.03998933081625733,232.13436352072017,193.68216155790088,-1.7228236105266688,-0.03998933081625733,-0.03,-0.03,0.03,0.0,0.0,-0.0003998933081625733
1773806350.4912682,True,0.80398935,1773806350.468602,443.77502,313.81,38.685966,20.622612,0.044107378,444.06249569938865,313.7077287580395,801.8096304410434,0.04121196856503921,0.9991229551395039,0.041224775562460125,232.06249569938865,193.70772875803948,-1.7249614645956417,-0.04122477556246018,-0.03,-0.03,0.03,0.0,0.0,-0.0004122477556246018
1773806350.5007858,True,0.80398935,1773806350.468602,443.77502,313.81,38.685966,20.622612,0.044107378,444.0050014423234,313.72818251815033,800.6084405274804,0.04207630121300342,0.9990942967919293,0.042089572432672466,232.00500144232342,193.72818251815033,-1.726460686503226,-0.04208957243267264,-0.03,-0.03,0.03,0.0,0.0,-0.0004208957243267264
1773806350.511247,True,0.75223076,1773806350.50681,443.5425,313.82547,37.81233,20.222431,0.045235205,443.9125033511244,313.7476400086609,789.8230763379862,0.04301934488737212,0.9990591265169761,0.043033275168081565,231.91250335112443,193.74764000866088,-1.7400237093813353,-0.04303327516808153,-0.03,-0.03,0.03,0.0,0.0,-0.0004303327516808153
1773806350.5212607,True,0.75223076,1773806350.50681,443.5425,313.82547,37.81233,20.222431,0.045235205,443.83850487816517,313.76320600106936,782.2733214053403,0.04367947545943021,0.9990345073245089,0.04369386108262077,231.83850487816517,193.76320600106936,-1.7496284804159343,-0.043693861082620966,-0.03,-0.03,0.03,0.0,0.0,-0.00043693861082620965
1773806350.530818,True,0.75223076,1773806350.50681,443.5425,313.82547,37.81233,20.222431,0.045235205,443.77930609979774,313.7756587949961,776.9884929524882,0.044141566859870876,0.9990172738897819,0.0441562679249804,231.77930609979774,193.7756587949961,-1.756407135085384,-0.04415626792498051,-0.03,-0.03,0.03,0.0,0.0,-0.0004415626792498051
1773806350.5418906,True,0.8164694,1773806350.5359406,443.76645,313.23447,40.336773,19.770866,0.023127027,443.7767346747601,313.6674203465438,783.1398210433041,0.037836586389881126,0.999231866393036,0.037847590455993646,231.77673467476012,193.6674203465438,-1.7485214247729683,-0.03784759045599362,-0.03,-0.03,0.03,0.0,0.0,-0.0003784759045599362
1773806350.5510378,True,0.8164694,1773806350.5359406,443.76645,313.23447,40.336773,19.770866,0.023127027,443.77467753473,313.5808295877819,787.4457507068753,0.0334231000608883,0.9993820811453138,0.033431305166753696,231.77467753473002,193.58082958778192,-1.7430381954227792,0.0,-0.03,-0.03,0.03,0.0,0.0,0.0
1773806350.5611794,True,0.8164694,1773806350.5359406,443.76645,313.23447,40.336773,19.770866,0.023127027,443.77303182270595,313.5115569807724,790.4599014713751,0.030333659630593316,0.9994872314719083,0.03033990893005657,231.77303182270595,193.5115569807724,-1.7392177459218747,0.0,-0.03,-0.03,0.03,0.0,0.0,0.0
1773806350.5707128,True,0.7988208,1773806350.5689836,443.7569,313.12988,40.40175,19.84317,0.02941706,443.769804852696,313.43522214711794,793.8315684811345,0.03005740706874762,0.9995112668750975,0.030063044167798668,231.76980485269598,193.43522214711794,-1.734961367390511,0.0,-0.03,-0.03,0.03,0.0,0.0,0.0
1773806350.5812736,True,0.7988208,1773806350.5689836,443.7569,313.12988,40.40175,19.84317,0.02941706,443.767223276688,313.3741542801944,796.191735387966,0.029864030275455634,0.9995280916573299,0.029869244011344123,231.76722327668801,193.37415428019438,-1.7319926453164445,0.0,-0.03,-0.03,0.03,0.0,0.0,0.0
1773806350.5909407,True,0.7988208,1773806350.5689836,443.7569,313.12988,40.40175,19.84317,0.02941706,443.76515801588164,313.3252999866555,797.8438522227481,0.029728666520151242,0.9995398690048926,0.02973358644756326,231.76515801588164,193.32529998665552,-1.7299197713615697,0.0,-0.03,-0.03,0.03,0.0,0.0,0.0
1773806350.6012743,True,0.7988208,1773806350.5689836,443.7569,313.12988,40.40175,19.84317,0.02941706,443.7635058072366,313.2862165518244,799.0003340070955,0.02963391189143817,0.9995481131481865,0.029638627403395904,231.76350580723658,193.2862165518244,-1.7284713119608153,0.0,-0.03,-0.03,0.03,0.0,0.0,0.0
1773806350.6117225,True,0.81293464,1773806350.6052816,444.19296,312.9071,38.512863,20.057423,0.04670234,443.84939717508615,313.21039413989706,791.0408588049668,0.034749347809225936,0.9993565723771831,0.03475771720772932,231.84939717508615,193.21039413989706,-1.73848305470412,0.0,-0.03,-0.03,0.03,0.0,0.0,0.0
1773806350.6208432,True,0.81293464,1773806350.6052816,444.19296,312.9071,38.512863,20.057423,0.04670234,443.9181102693658,313.1497362103552,785.4692261634767,0.03833015295167737,0.9992224938374807,0.03834117925082426,231.9181102693658,193.14973621035517,-1.7455513962159601,-0.038341179250824364,-0.03,-0.03,0.03,0.0,0.0,-0.00038341179250824366
1773806350.6309106,True,0.81293464,1773806350.6052816,444.19296,312.9071,38.512863,20.057423,0.04670234,443.9730807447895,313.10120986672166,781.5690833144337,0.04083671655139337,0.9991286388596891,0.040849594175124765,231.9730807447895,193.10120986672166,-1.7505291314487827,-0.04084959417512479,-0.03,-0.03,0.03,0.0,0.0,-0.00040849594175124793
1773806350.6410823,True,0.8330444,1773806350.638527,444.16772,313.0679,39.085907,19.494335,0.024795175,444.01200951770664,313.094548215643,775.6844972361191,0.03602349178449897,0.999297831823927,0.036033200935760165,232.01200951770664,193.094548215643,-1.7580868139761634,-0.036033200935760235,-0.03,-0.03,0.03,0.0,0.0,-0.00036033200935760236
1773806350.6509018,True,0.8330444,1773806350.638527,444.16772,313.0679,39.085907,19.494335,0.024795175,444.04315253604034,313.08921889478006,771.5652869812989,0.03265423444767289,0.9994162668988935,0.032661687638354024,232.04315253604034,193.08921889478006,-1.763411384099006,0.0,-0.03,-0.03,0.03,0.0,0.0,0.0
1773806350.6610107,True,0.8330444,1773806350.638527,444.16772,313.0679,39.085907,19.494335,0.024795175,444.0680669507073,313.0849554380897,768.6818398029247,0.030295754311894636,0.9994991714513701,0.030301657255361828,232.0680669507073,193.0849554380897,-1.7671555242395314,0.0,-0.03,-0.03,0.03,0.0,0.0,0.0
1773806350.6715398,True,0.8856053,1773806350.6680193,444.12576,313.11523,38.98326,18.795242,0.029403858,444.0796061484565,313.0910112254718,757.8872365925159,0.030026914329855617,0.9995197413307763,0.030032309576138234,232.0796061484565,193.0910112254718,-1.7812980655723796,0.0,-0.03,-0.03,0.03,0.0,0.0,0.0
1773806350.681218,True,0.8856053,1773806350.6680193,444.12576,313.11523,38.98326,18.795242,0.029403858,444.0888375066558,313.0958558553774,750.3310143452298,0.029838726342428304,0.9995341402463606,0.029843770201117344,232.0888375066558,193.0958558553774,-1.7913182141350978,0.0,-0.03,-0.03,0.03,0.0,0.0,0.0
1773806350.6907272,True,0.8856053,1773806350.6680193,444.12576,313.11523,38.98326,18.795242,0.029403858,444.09622259321526,313.099731559302,745.0416587721296,0.029706994751229183,0.9995442194872696,0.029711794607079692,232.09622259321526,193.09973155930197,-1.7983925411272552,0.0,-0.03,-0.03,0.03,0.0,0.0,0.0
1773806350.7012856,True,0.8856053,1773806350.6680193,444.12576,313.11523,38.98326,18.795242,0.029403858,444.10213066246286,313.10283212244155,741.3391098709594,0.0296147826373898,0.9995512749559058,0.02961941265864117,232.10213066246286,193.10283212244155,-1.8033745169942845,0.0,-0.03,-0.03,0.03,0.0,0.0,0.0
1773806350.7108877,True,0.83271587,1773806350.7017908,444.09424,313.43143,39.091576,20.12753,0.055361785,444.1005521862203,313.16855109834387,754.9824269584997,0.037330400652461446,0.9992262707937072,0.037341940163704825,232.10055218622028,193.16855109834387,-1.7851382023319224,-0.037341940163704734,-0.03,-0.03,0.03,0.0,0.0,-0.00037341940163704735
1773806350.72105,True,0.83271587,1773806350.7017908,444.09424,313.43143,39.091576,20.12753,0.055361785,444.0992894052263,313.22112627906574,764.5327489197779,0.042731333263011595,0.9989987678801682,0.04274810178158699,232.09928940522627,193.22112627906574,-1.772567814263245,-0.04274810178158717,-0.03,-0.03,0.03,0.0,0.0,-0.00042748101781587167
1773806350.7308033,True,0.83271587,1773806350.7017908,444.09424,313.43143,39.091576,20.12753,0.055361785,444.09827918043106,313.2631864236432,771.2179742926726,0.0465119860903967,0.9988395158406909,0.0465324111065648,232.09827918043106,193.26318642364322,-1.7638616258189046,-0.04653241110656481,-0.03,-0.03,0.03,0.0,0.0,-0.0004653241110656481
1773806350.7411637,True,0.84989613,1773806350.7401202,444.02838,313.45795,38.203964,19.497742,0.04900874,444.0842996138761,313.30213849438337,763.3198976786989,0.047255126847275564,0.9988274547304171,0.04727534966967918,232.0842996138761,193.30213849438337,-1.774155469327421,-0.04727534966967939,-0.03,-0.03,0.03,0.0,0.0,-0.0004727534966967939
1773806350.7512023,True,0.84989613,1773806350.7401202,444.02838,313.45795,38.203964,19.497742,0.04900874,444.07311596063215,313.33330015097545,757.7912440489173,0.04777532537709077,0.9988190119532255,0.04779538631440161,232.07311596063215,193.33330015097545,-1.78142473167598,-0.04779538631440161,-0.03,-0.03,0.03,0.0,0.0,-0.0004779538631440161
1773806350.7611036,True,0.84989613,1773806350.7401202,444.02838,313.45795,38.203964,19.497742,0.04900874,444.064169038037,313.3582294762491,753.9211865080702,0.048139464347961416,0.9988131020091915,0.04815940182044903,232.064169038037,193.3582294762491,-1.786544840391427,-0.04815940182044898,-0.03,-0.03,0.03,0.0,0.0,-0.0004815940182044898
1773806350.771139,True,0.87066305,1773806350.7696228,443.7147,313.97845,39.321648,19.482803,0.03646416,443.9942734628515,313.4822744989681,757.5736147353366,0.04463444853761764,0.9989697482768931,0.04465078368632288,231.99427346285148,193.48227449896808,-1.7817119619279096,-0.044650783686322804,-0.03,-0.03,0.03,0.0,0.0,-0.00044650783686322803
1773806350.7811859,True,0.87066305,1773806350.7696228,443.7147,313.97845,39.321648,19.482803,0.03646416,443.93835700270307,313.5815105171432,760.1303144944231,0.042180937470376996,0.9990794006642842,0.04219474602135739,231.93835700270307,193.58151051714322,-1.7783427907366938,-0.04219474602135742,-0.03,-0.03,0.03,0.0,0.0,-0.0004219474602135742
1773806350.7909534,True,0.87066305,1773806350.7696228,443.7147,313.97845,39.321648,19.482803,0.03646416,443.89362383458433,313.66089933168337,761.9200043257836,0.04046347972330855,0.9991561573354582,0.04047553560547255,231.89362383458433,193.66089933168337,-1.7759911067824357,-0.04047553560547268,-0.03,-0.03,0.03,0.0,0.0,-0.0004047553560547268
1773806350.8007646,True,0.87066305,1773806350.7696228,443.7147,313.97845,39.321648,19.482803,0.03646416,443.85783730008933,313.72441038331544,763.1727872077361,0.03926125930036063,0.9992098870052799,0.039272102435563595,231.85783730008933,193.72441038331544,-1.774348212434381,-0.03927210243556356,-0.03,-0.03,0.03,0.0,0.0,-0.00039272102435563563
1773806350.81079,True,0.8646675,1773806350.8017728,443.4277,313.85864,40.0414,19.253614,0.042300288,443.7718106115559,313.75125682227736,765.5034644731495,0.040169183713504995,0.9991785637717917,0.040180569738478174,231.7718106115559,193.75125682227736,-1.7712989349058592,-0.040180569738478056,-0.03,-0.03,0.03,0.0,0.0,-0.00040180569738478054
1773806350.8212013,True,0.8646675,1773806350.8017728,443.4277,313.85864,40.0414,19.253614,0.042300288,443.70298926072917,313.77273397344686,767.134938558939,0.040804730802706045,0.99915663750835,0.04081649134710968,231.70298926072917,193.77273397344686,-1.7691699595405177,-0.04081649134710963,-0.03,-0.03,0.03,0.0,0.0,-0.0004081649134710963
1773806350.831268,True,0.8646675,1773806350.8017728,443.4277,313.85864,40.0414,19.253614,0.042300288,443.64793218006776,313.7899156943825,768.2769704189916,0.041249613765146784,0.9991412891239408,0.04126163345737268,231.64793218006776,193.7899156943825,-1.7676823690588008,-0.04126163345737277,-0.03,-0.03,0.03,0.0,0.0,-0.0004126163345737277
1773806350.8409548,True,0.8396897,1773806350.8399544,443.42322,314.61526,37.76198,19.25608,0.06466566,443.60298929874176,313.95498553402166,755.9381908167315,0.04826091009063431,0.9987718737909335,0.04828269925839241,231.60298929874176,193.95498553402166,-1.7838730611001867,-0.04828269925839246,-0.03,-0.03,0.03,0.0,0.0,-0.0004828269925839246
1773806350.8507056,True,0.8396897,1773806350.8399544,443.42322,314.61526,37.76198,19.25608,0.06466566,443.5670349936809,314.087041405733,747.3010450951496,0.053168817518475575,0.9985132830578284,0.053197742123945915,231.56703499368092,194.08704140573298,-1.795364566328364,-0.05319774212394579,-0.03,-0.03,0.03,0.0,0.0,-0.0005319774212394579
1773806350.861224,True,0.8396897,1773806350.8399544,443.42322,314.61526,37.76198,19.25608,0.06466566,443.53827154963227,314.192686103102,741.2550430900421,0.05660435271796446,0.9983322695446548,0.05663827022331553,231.53827154963227,194.192686103102,-1.803487921975465,-0.05663827022331569,-0.03,-0.03,0.03,0.0,0.0,-0.0005663827022331569
1773806350.8713524,True,0.8675226,1773806350.869251,443.29828,315.29282,37.685856,19.161816,0.061920337,443.49027300142455,314.41271211490346,735.5173485224045,0.05818727986619035,0.9982576531873424,0.0582229596510481,231.49027300142455,194.41271211490346,-1.8112585486090949,-0.05822295965104818,-0.03,-0.03,0.03,0.0,0.0,-0.0005822295965104818
1773806350.8809621,True,0.8675226,1773806350.869251,443.29828,315.29282,37.685856,19.161816,0.061920337,443.4518741628584,314.58873292434464,731.5009623250581,0.05929532886994847,0.9982054217372237,0.05933220949404636,231.45187416285842,194.58873292434464,-1.8167341397487786,-0.059332209494046495,-0.03,-0.03,0.03,0.0,0.0,-0.000593322094940465
1773806350.89101,True,0.8675226,1773806350.869251,443.29828,315.29282,37.685856,19.161816,0.061920337,443.4211550920055,314.72954957189756,728.6894919869156,0.06007096317257916,0.9981688597221406,0.060108666640358695,231.4211550920055,194.72954957189756,-1.8205849714044595,-0.06010866664035852,-0.03,-0.03,0.03,0.0,0.0,-0.0006010866664035852
1773806350.9014003,True,0.8675226,1773806350.869251,443.29828,315.29282,37.685856,19.161816,0.061920337,443.39657983532317,314.8422028899399,726.7214627502159,0.06061390718442064,0.9981432663115825,0.06065217736765695,231.39657983532317,194.84220288993993,-1.8232894040319598,-0.060652177367657156,-0.03,-0.03,0.03,0.0,0.0,-0.0006065217736765715
1773806350.9110835,True,0.87855035,1773806350.9054575,442.88782,316.48743,37.865055,20.647064,0.07174263,443.29482734482104,315.17124766351446,743.2456977532761,0.06393406624369136,0.9979285667310034,0.063979336401171,231.29482734482104,195.17124766351446,-1.8008060023217454,-0.06397933640117115,-0.03,-0.03,0.03,0.0,0.0,-0.0006397933640117116
1773806350.9208457,True,0.87855035,1773806350.9054575,442.88782,316.48743,37.865055,20.647064,0.07174263,443.21342535241934,315.43448348237405,754.8126622554182,0.06625817758518086,0.9977782770245981,0.06630835996160389,231.21342535241934,195.43448348237405,-1.785363086761617,-0.06630835996160389,-0.03,-0.03,0.03,0.0,0.0,-0.000663083599616039
1773806350.9312053,True,0.87855035,1773806350.9054575,442.88782,316.48743,37.865055,20.647064,0.07174263,443.148303758498,315.64507213746174,762.9095374069177,0.06788505552422351,0.9976730742301143,0.06793866677203031,231.148303758498,195.64507213746174,-1.774693213223897,-0.06793866677203031,-0.03,-0.03,0.03,0.0,0.0,-0.0006793866677203031
1773806350.941227,True,0.87855035,1773806350.9054575,442.88782,316.48743,37.865055,20.647064,0.07174263,443.0962064833609,315.8135430615319,768.5773500129674,0.06902387008155338,0.9975994322739757,0.0690798714177957,231.0962064833609,195.8135430615319,-1.767291467209735,-0.06907987141779559,-0.03,-0.03,0.03,0.0,0.0,-0.0006907987141779559
1773806350.9512618,True,0.87404525,1773806350.941744,442.82928,316.6241,38.127636,19.791576,0.0646812,443.0428221202825,315.9756574472724,764.385950428999,0.06770754233789221,0.9976922726615073,0.0677602574819102,231.0428221202825,195.9756574472724,-1.7727598434290766,-0.06776025748191028,-0.03,-0.03,0.03,0.0,0.0,-0.0006776025748191028
1773806350.9610088,True,0.87404525,1773806350.941744,442.82928,316.6241,38.127636,19.791576,0.0646812,443.0001146298198,316.1053489558648,761.4519707202211,0.06678611291732939,0.9977572609327794,0.0668365329509421,231.0001146298198,196.10534895586483,-1.776605577348989,-0.06683653295094194,-0.03,-0.03,0.03,0.0,0.0,-0.0006683653295094194
1773806350.9709442,True,0.87404525,1773806350.941744,442.82928,316.6241,38.127636,19.791576,0.0646812,442.9659486374496,316.20910216273876,759.3981849240766,0.06614111232293542,0.9978027527226698,0.0661899293172111,230.96594863744963,196.20910216273876,-1.7793064181083158,-0.06618992931721124,-0.03,-0.03,0.03,0.0,0.0,-0.0006618992931721124
1773806350.980726,True,0.8613145,1773806350.9720984,442.5606,316.57373,38.668655,20.274523,0.07143132,442.884880491991,316.282027823941,766.7752870640411,0.06770995453014994,0.9976968873406481,0.06776235170298686,230.884880491991,196.282027823941,-1.769638893765586,-0.06776235170298683,-0.03,-0.03,0.03,0.0,0.0,-0.0006776235170298684
1773806350.9910262,True,0.8613145,1773806350.9720984,442.5606,316.57373,38.668655,20.274523,0.07143132,442.82002597562405,316.34036835290283,771.9392585620162,0.06880814407520011,0.9976227815732329,0.0688630467042122,230.82002597562405,196.34036835290283,-1.7629268094482673,-0.0688630467042124,-0.03,-0.03,0.03,0.0,0.0,-0.0006886304670421239
1773806351.0014381,True,0.8613145,1773806350.9720984,442.5606,316.57373,38.668655,20.274523,0.07143132,442.7681423625305,316.3870407760723,775.5540386105988,0.06957687675673523,0.9975709075360423,0.06963353122244927,230.7681423625305,196.3870407760723,-1.7582550132863446,-0.0696335312224492,-0.03,-0.03,0.03,0.0,0.0,-0.000696335312224492
1773806351.010819,True,0.83037513,1773806351.0037699,442.4225,317.45016,37.843575,20.354427,0.055194754,442.6990109603369,316.5996655798422,773.9731175547629,0.06525383382333234,0.9978427821420888,0.06530192304827491,230.69901096033692,196.59966557984222,-1.76029553461324,-0.06530192304827498,-0.03,-0.03,0.03,0.0,0.0,-0.0006530192304827498
1773806351.020957,True,0.83037513,1773806351.0037699,442.4225,317.45016,37.843575,20.354427,0.055194754,442.64370583858204,316.76976542285814,772.8664728156778,0.062227703769950335,0.9980330943663214,0.062269731945709055,230.64370583858204,196.76976542285814,-1.7617263810109907,-0.06226973194570906,-0.03,-0.03,0.03,0.0,0.0,-0.0006226973194570906
1773806351.0308475,True,0.83037513,1773806351.0037699,442.4225,317.45016,37.843575,20.354427,0.055194754,442.5994617411782,316.9058452972709,772.0918214983182,0.060109412732582926,0.9981663129232843,0.06014720073380514,230.59946174117817,196.9058452972709,-1.7627291930417472,-0.060147200733805306,-0.03,-0.03,0.03,0.0,0.0,-0.000601472007338053
1773806351.0411236,True,0.7769509,1773806351.040129,442.3885,317.4063,38.395668,20.585554,0.04524045,442.55726714684886,317.00593844484797,777.5831104980414,0.05564409490385708,0.9984094666486464,0.05567514245808617,230.55726714684886,197.00593844484797,-1.7556421428865923,-0.055675142458086135,-0.03,-0.03,0.03,0.0,0.0,-0.0005567514245808613
1773806351.0508072,True,0.7769509,1773806351.040129,442.3885,317.4063,38.395668,20.585554,0.04524045,442.5235114713854,317.08601296290965,781.4270127978476,0.05251837242374899,0.9985796742563998,0.052544660676987744,230.5235114713854,197.08601296290965,-1.7507109239911065,-0.05254466067698793,-0.03,-0.03,0.03,0.0,0.0,-0.0005254466067698793
1773806351.061082,True,0.7769509,1773806351.040129,442.3885,317.4063,38.395668,20.585554,0.04524045,442.49650693101455,317.15007257735897,784.117744407712,0.05033036668767332,0.9986988195818273,0.050353341417486305,230.49650693101455,197.15007257735897,-1.7472734824910099,-0.05035334141748615,-0.03,-0.03,0.03,0.0,0.0,-0.0005035334141748615
1773806351.0712643,True,0.85076356,1773806351.0687392,441.19318,318.18982,39.72975,19.63618,0.06631789,442.2358407987179,317.3580219290747,782.9245902748515,0.055112044443687475,0.9984297060077842,0.05514276328824067,230.2358407987179,197.3580219290747,-1.748796293122255,-0.05514276328824064,-0.03,-0.03,0.03,0.0,0.0,-0.0005514276328824064
1773806351.081194,True,0.85076356,1773806351.0687392,441.19318,318.18982,39.72975,19.63618,0.06631789,442.0273078928806,317.5243814104473,782.0893823818492,0.05845921887289737,0.998241326505954,0.05849540110017572,230.02730789288057,197.5243814104473,-1.7498636420237805,-0.058495401100175926,-0.03,-0.03,0.03,0.0,0.0,-0.0005849540110017592
1773806351.0912488,True,0.85076356,1773806351.0687392,441.19318,318.18982,39.72975,19.63618,0.06631789,441.86048156821073,317.65746899554534,781.5047368567475,0.0608022409733443,0.9981094608546728,0.060842221629241064,229.86048156821073,197.65746899554534,-1.750611464678208,-0.060842221629241244,-0.03,-0.03,0.03,0.0,0.0,-0.0006084222162924124
1773806351.1008933,True,0.85076356,1773806351.0687392,441.19318,318.18982,39.72975,19.63618,0.06631789,441.7270205084748,317.7639390636238,781.0954849891764,0.06244235644365716,0.998017154898776,0.062484967249504954,229.72702050847482,197.7639390636238,-1.751135273482542,-0.06248496724950492,-0.03,-0.03,0.03,0.0,0.0,-0.0006248496724950493
1773806351.110891,True,0.8213727,1773806351.1064172,439.31625,318.3328,42.233265,19.48936,0.041772235,441.24486713920174,317.8777100887897,793.6966490627359,0.05623767592432058,0.9983503085413846,0.056271135646758716,229.24486713920174,197.87771008878968,-1.7351313415896874,-0.056271135646758896,-0.03,-0.03,0.03,0.0,0.0,-0.000562711356467589
1773806351.1209056,True,0.8213727,1773806351.1064172,439.31625,318.3328,42.233265,19.48936,0.041772235,440.8591444437833,317.9687269089224,802.5174639142276,0.051894399560784975,0.9985835160912107,0.05192130418460652,228.8591444437833,197.9687269089224,-1.7240790591041386,-0.0519213041846065,-0.03,-0.03,0.03,0.0,0.0,-0.000519213041846065
1773806351.1309316,True,0.8213727,1773806351.1064172,439.31625,318.3328,42.233265,19.48936,0.041772235,440.55056628744853,318.0415403650286,808.6920343102718,0.04885410610631005,0.9987467613760889,0.04887645111918311,228.55056628744853,198.0415403650286,-1.7164145056986273,-0.04887645111918326,-0.03,-0.03,0.03,0.0,0.0,-0.0004887645111918326
1773806351.140958,True,0.77772784,1773806351.1404526,438.02792,317.66965,41.32519,18.825695,0.05495956,440.04603774675576,317.96716173538226,799.4770631773464,0.0506774436160573,0.9986697639856278,0.050701456626817305,228.04603774675576,197.96716173538226,-1.7278748328548545,-0.050701456626817354,-0.03,-0.03,0.03,0.0,0.0,-0.0005070145662681736
1773806351.150854,True,0.77772784,1773806351.1404526,438.02792,317.66965,41.32519,18.825695,0.05495956,439.64241491420154,317.90765883166523,793.0265833842986,0.05195377987288037,0.998615865812305,0.05197892752514632,227.64241491420154,197.90765883166523,-1.735975932132722,-0.051978927525146545,-0.03,-0.03,0.03,0.0,0.0,-0.0005197892752514655
1773806351.161274,True,0.77772784,1773806351.1404526,438.02792,317.66965,41.32519,18.825695,0.05495956,439.3195166481581,317.86005650869157,788.5112475291653,0.052847215252656524,0.998578137090979,0.052873138418458865,227.31951664815813,197.86005650869157,-1.7416860049939407,-0.052873138418458865,-0.03,-0.03,0.03,0.0,0.0,-0.0005287313841845887
1773806351.1709638,True,0.47957364,1773806351.168452,438.82202,316.46692,40.10473,22.938883,0.036680344,439.2200176154015,317.58142899601575,827.9451840614313,0.04799468661630757,0.9988029014397284,0.04801527657934879,227.2200176154015,197.58142899601575,-1.6928857263890134,-0.048015276579348676,-0.03,-0.03,0.03,0.0,0.0,-0.00048015276579348675
1773806351.1809065,True,0.47957364,1773806351.168452,438.82202,316.46692,40.10473,22.938883,0.036680344,439.1404183891962,317.35852698587513,855.5489396340174,0.0445979165708633,0.998960236483853,0.04461471108439323,227.1404183891962,197.35852698587513,-1.6600893781780586,-0.0446147110843933,-0.03,-0.03,0.03,0.0,0.0,-0.00044614711084393303
1773806351.191067,True,0.47957364,1773806351.168452,438.82202,316.46692,40.10473,22.938883,0.036680344,439.076739008232,317.1802053777626,874.8715685348277,0.04222017753905232,0.9990703710147404,0.04223433355589908,227.07673900823198,197.1802053777626,-1.6377555789912013,-0.042234333555899006,-0.03,-0.03,0.03,0.0,0.0,-0.0004223433355589901
1773806351.2008073,True,0.47957364,1773806351.168452,438.82202,316.46692,40.10473,22.938883,0.036680344,439.0257955034606,317.0375480912726,888.397408765395,0.040555760216784635,0.9991474651863614,0.04056809499966779,227.02579550346059,197.03754809127258,-1.6224135004855318,-0.040568094999667625,-0.03,-0.03,0.03,0.0,0.0,-0.0004056809499966763
1773806351.2110553,True,0.47957364,1773806351.168452,438.82202,316.46692,40.10473,22.938883,0.036680344,438.9850406996435,316.9234222620806,897.865496926792,0.039390668091197255,0.9992014311064963,0.039401746350635744,226.9850406996435,196.92342226208058,-1.611812399379593,-0.03940174635063576,-0.03,-0.03,0.03,0.0,0.0,-0.00039401746350635757
1773806351.2212443,True,0.47957364,1773806351.168452,438.82202,316.46692,40.10473,22.938883,0.036680344,438.9524368565898,316.832121598727,904.49315863977,0.03857510360328609,0.9992392072505907,0.038585313251918676,226.95243685658983,196.83212159872699,-1.6044579346445684,-0.038585313251918496,-0.03,-0.03,0.03,0.0,0.0,-0.000385853132519185
1773806351.231277,True,0.47957364,1773806351.168452,438.82202,316.46692,40.10473,22.938883,0.036680344,438.92635378214686,316.7590810680441,909.1325218388545,0.03800420846174827,0.9992656505514568,0.03801381612632096,226.92635378214686,196.7590810680441,-1.5993418036054576,-0.03801381612632104,-0.03,-0.03,0.03,0.0,0.0,-0.00038013816126321044
1773806351.2409356,True,0.47957364,1773806351.168452,438.82202,316.46692,40.10473,22.938883,0.036680344,438.90548732259253,316.7006486434978,912.3800760782137,0.0376045818626718,0.9992841608620628,0.03761377133131771,226.90548732259253,196.7006486434978,-1.5957760224145165,-0.037613771331317825,-0.03,-0.03,0.03,0.0,0.0,-0.00037613771331317824
1773806351.25077,True,0.47957364,1773806351.168452,438.82202,316.46692,40.10473,22.938883,0.036680344,438.88879415494904,316.65390270386075,914.6533640457652,0.03732484324331827,0.9992971180794872,0.03733374161877799,226.88879415494904,196.65390270386075,-1.593287519368249,-0.03733374161877778,-0.03,-0.03,0.03,0.0,0.0,-0.0003733374161877778
1773806351.261311,True,0.47957364,1773806351.168452,438.82202,316.46692,40.10473,22.938883,0.036680344,438.87543962083424,316.6165059521511,916.2446656230512,0.0371290262097708,0.9993061881316843,0.03713772165278675,226.87543962083424,196.6165059521511,-1.5915492445411539,-0.03713772165278684,-0.03,-0.03,0.03,0.0,0.0,-0.0003713772165278684
1773806351.2708824,True,0.47957364,1773806351.168452,438.82202,316.46692,40.10473,22.938883,0.036680344,438.8647559935424,316.5865885507834,917.3585767271514,0.03699195428628757,0.9993125371682221,0.037000508094003036,226.86475599354242,196.5865885507834,-1.590334247517366,-0.03700050809400324,-0.03,-0.03,0.03,0.0,0.0,-0.00037000508094003236
1773806351.281145,True,0.37215516,1773806351.27189,428.01788,308.85675,40.760475,21.552822,0.09763455,436.6953814549902,315.040620938283,905.7019924785372,0.0551382190243162,0.9980900358156319,0.05518763636167877,224.69538145499018,195.04062093828298,-1.6031223504477903,-0.05518763636167856,-0.03,-0.03,0.03,0.0,0.0,-0.0005518763636167856
1773806351.2912962,True,0.37215516,1773806351.27189,428.01788,308.85675,40.760475,21.552822,0.09763455,434.9598818241484,313.80384684828266,897.5423835045071,0.06784060434093624,0.9972342848688189,0.06792409925882936,222.9598818241484,193.80384684828266,-1.6121723325505397,-0.06792409925882925,-0.03,-0.03,0.03,0.0,0.0,-0.0006792409925882925
1773806351.3013844,True,0.37215516,1773806351.27189,428.01788,308.85675,40.760475,21.552822,0.09763455,433.571482119475,312.8144275762824,891.8306572226861,0.07673227406257027,0.9966352592060497,0.07683974243534543,221.57148211947498,192.8144275762824,-1.6185564073643737,-0.0768397424353453,-0.03,-0.03,0.03,0.0,0.0,-0.0007683974243534531
1773806351.311239,True,0.37215516,1773806351.27189,428.01788,308.85675,40.760475,21.552822,0.09763455,432.4607623557363,312.02289215868217,887.8324488254113,0.08295644286771409,0.9962159412421112,0.0830798716475761,220.46076235573628,192.02289215868217,-1.6230496343244276,-0.08307987164757602,-0.03,-0.03,0.03,0.0,0.0,-0.0008307987164757602
1773806351.3210583,True,0.37215516,1773806351.27189,428.01788,308.85675,40.760475,21.552822,0.09763455,431.5721865447453,311.389663824602,885.0337029473192,0.08731336103131476,0.9959224186673543,0.08744725836770731,219.5721865447453,191.389663824602,-1.6262069490492495,-0.08744725836770728,-0.03,-0.03,0.03,0.0,0.0,-0.0008744725836770729
1773806351.3310747,True,0.37215516,1773806351.27189,428.01788,308.85675,40.760475,21.552822,0.09763455,430.8613258959525,310.88308115733787,883.0745808326546,0.09036320374583523,0.9957169528650245,0.09050398095068675,218.86132589595252,190.88308115733787,-1.628423015717111,-0.0905039809506869,-0.03,-0.03,0.03,0.0,0.0,-0.000905039809506869
1773806351.3412805,True,0.37215516,1773806351.27189,428.01788,308.85675,40.760475,21.552822,0.09763455,430.29263737691826,310.47781502352655,881.7031953523895,0.09249809364599956,0.9955731268033936,0.09264343178117539,218.29263737691826,190.47781502352655,-1.629977189590802,-0.09264343178117551,-0.03,-0.03,0.03,0.0,0.0,-0.0009264343178117552
1773806351.3511088,True,0.37215516,1773806351.27189,428.01788,308.85675,40.760475,21.552822,0.09763455,429.8376865616909,310.1536021164775,880.7432255162039,0.09399251657611458,0.995472448560252,0.09414091029088464,217.83768656169087,190.1536021164775,-1.631066550288242,-0.09414091029088478,-0.03,-0.03,0.03,0.0,0.0,-0.0009414091029088478
1773806351.360638,True,0.37215516,1773806351.27189,428.01788,308.85675,40.760475,21.552822,0.09763455,429.47372590950897,309.89423179083826,880.0712466308739,0.09503861262719511,0.9954019737900528,0.09518907392348751,217.47372590950897,189.89423179083826,-1.6318298094828727,-0.0951890739234873,-0.03,-0.03,0.03,0.0,0.0,-0.000951890739234873
1773806351.371344,True,0.37215516,1773806351.27189,428.01788,308.85675,40.760475,21.552822,0.09763455,429.18255738776344,309.68673553032687,879.6008614111429,0.09577087986295148,0.9953526414509135,0.09592275209149893,217.18255738776344,189.68673553032687,-1.6323644377568398,-0.09592275209149914,-0.03,-0.03,0.03,0.0,0.0,-0.0009592275209149915
1773806351.3811038,True,0.37215516,1773806351.27189,428.01788,308.85675,40.760475,21.552822,0.09763455,428.949622570367,309.52073852191774,879.2715917573312,0.09628346692798093,0.9953181088135159,0.0964363084965008,216.949622570367,189.52073852191774,-1.6327388476886855,-0.09643630849650098,-0.03,-0.03,0.03,0.0,0.0,-0.0009643630849650098
1773806351.391309,True,0.37215516,1773806351.27189,428.01788,308.85675,40.760475,21.552822,0.09763455,428.76327471644987,309.3879409151904,879.041102999663,0.09664227787350155,0.9952939359673376,0.09679578883915364,216.76327471644987,189.38794091519043,-1.633001018074733,-0.09679578883915374,-0.03,-0.03,0.03,0.0,0.0,-0.0009679578883915374
1773806351.40105,True,0.37215516,1773806351.27189,428.01788,308.85675,40.760475,21.552822,0.09763455,428.6141964333162,309.2817028298086,878.8797608692953,0.09689344553536598,0.9952770149750128,0.09704742054249292,216.61419643331618,189.28170282980858,-1.633184578249866,-0.09704742054249271,-0.03,-0.03,0.03,0.0,0.0,-0.0009704742054249271
1773806351.4111412,True,0.37215516,1773806351.27189,428.01788,308.85675,40.760475,21.552822,0.09763455,428.49493380680923,309.1967123615031,878.7668213780378,0.09706926289867109,0.9952651702803854,0.0972235604922158,216.49493380680923,189.1967123615031,-1.6333130904235347,-0.09722356049221581,-0.03,-0.03,0.03,0.0,0.0,-0.0009722356049221582
1773806351.4216704,True,0.37215516,1773806351.27189,428.01788,308.85675,40.760475,21.552822,0.09763455,428.39952370560366,309.12871998685875,878.6877637341577,0.09719233505298465,0.9952568789941463,0.09734685735137694,216.39952370560366,189.12871998685875,-1.6334030587727633,-0.09734685735137694,-0.03,-0.03,0.03,0.0,0.0,-0.0009734685735137694
1773806351.4308283,True,0.37215516,1773806351.27189,428.01788,308.85675,40.760475,21.552822,0.09763455,428.3231956246392,309.0743260871433,878.6324233834416,0.09727848556100414,0.9952510750937789,0.09743316460870391,216.3231956246392,189.07432608714328,-1.6334660414336808,-0.0974331646087041,-0.03,-0.03,0.03,0.0,0.0,-0.000974331646087041
1773806351.4409373,True,0.37215516,1773806351.27189,428.01788,308.85675,40.760475,21.552822,0.09763455,428.26213315986763,309.0308109673709,878.5936851379404,0.09733879091661779,0.9952470123635218,0.09749357942143506,216.26213315986763,189.03081096737088,-1.6335101316566973,-0.09749357942143488,-0.03,-0.03,0.03,0.0,0.0,-0.0009749357942143488
1773806351.451278,True,0.37215516,1773806351.27189,428.01788,308.85675,40.760475,21.552822,0.09763455,428.21328318805035,308.99599887155296,878.5665683660895,0.09738100466554735,0.9952441684523416,0.09753586965904912,216.21328318805035,188.99599887155296,-1.6335409959694984,-0.09753586965904892,-0.03,-0.03,0.03,0.0,0.0,-0.0009753586965904892
1773806351.460802,True,0.37215516,1773806351.27189,428.01788,308.85675,40.760475,21.552822,0.09763455,428.17420321059654,308.9681491948986,878.5475866257939,0.09741055428979804,0.9952421777145157,0.09756547276094941,216.17420321059654,188.96814919489861,-1.6335626015552738,-0.0975654727609494,-0.03,-0.03,0.03,0.0,0.0,-0.000975654727609494
1773806351.4708977,True,0.37215516,1773806351.27189,428.01788,308.85675,40.760475,21.552822,0.09763455,428.1429392286335,308.94586945357514,878.5342994075868,0.09743123902677353,0.9952407841980375,0.09758619490067706,216.1429392286335,188.94586945357514,-1.6335777257430684,-0.0975861949006771,-0.03,-0.03,0.03,0.0,0.0,-0.000975861949006771
1773806351.4810843,False,0.37215516,1773806351.27189,428.01788,308.85675,40.760475,21.552822,0.09763455,,,,,,,,,,,0.0,0.0,0.0,0.0,0.0,0.0
1773806351.4908626,False,0.37215516,1773806351.27189,428.01788,308.85675,40.760475,21.552822,0.09763455,,,,,,,,,,,0.0,0.0,0.0,0.0,0.0,0.0
1773806351.5006704,False,0.37215516,1773806351.27189,428.01788,308.85675,40.760475,21.552822,0.09763455,,,,,,,,,,,0.0,0.0,0.0,0.0,0.0,0.0
1773806351.5109918,False,0.37215516,1773806351.27189,428.01788,308.85675,40.760475,21.552822,0.09763455,,,,,,,,,,,0.0,0.0,0.0,0.0,0.0,0.0
1773806351.5210178,False,0.37215516,1773806351.27189,428.01788,308.85675,40.760475,21.552822,0.09763455,,,,,,,,,,,0.0,0.0,0.0,0.0,0.0,0.0
1773806351.5311072,False,0.37215516,1773806351.27189,428.01788,308.85675,40.760475,21.552822,0.09763455,,,,,,,,,,,0.0,0.0,0.0,0.0,0.0,0.0
1773806351.5413954,False,0.37215516,1773806351.27189,428.01788,308.85675,40.760475,21.552822,0.09763455,,,,,,,,,,,0.0,0.0,0.0,0.0,0.0,0.0
1773806351.5512033,False,0.37215516,1773806351.27189,428.01788,308.85675,40.760475,21.552822,0.09763455,,,,,,,,,,,0.0,0.0,0.0,0.0,0.0,0.0
1773806351.5612116,False,0.37215516,1773806351.27189,428.01788,308.85675,40.760475,21.552822,0.09763455,,,,,,,,,,,0.0,0.0,0.0,0.0,0.0,0.0
1773806351.5708175,False,0.37215516,1773806351.27189,428.01788,308.85675,40.760475,21.552822,0.09763455,,,,,,,,,,,0.0,0.0,0.0,0.0,0.0,0.0
1773806351.5812025,False,0.37215516,1773806351.27189,428.01788,308.85675,40.760475,21.552822,0.09763455,,,,,,,,,,,0.0,0.0,0.0,0.0,0.0,0.0
1773806351.5908918,False,0.37215516,1773806351.27189,428.01788,308.85675,40.760475,21.552822,0.09763455,,,,,,,,,,,0.0,0.0,0.0,0.0,0.0,0.0
1773806351.600949,False,0.37215516,1773806351.27189,428.01788,308.85675,40.760475,21.552822,0.09763455,,,,,,,,,,,0.0,0.0,0.0,0.0,0.0,0.0
1773806351.610971,True,0.7101299,1773806351.6084723,380.4262,315.47733,23.426622,41.718132,1.4017904,418.5995930821256,310.25216065075074,908.1684920071857,0.36392760419970704,0.7471293113804472,0.4532754452662655,206.59959308212558,190.25216065075074,-1.6004027504874,-0.4532754452662653,-0.03,-0.03,0.03,0.0,0.0,-0.004532754452662653
1773806351.6209903,True,0.7101299,1773806351.6084723,380.4262,315.47733,23.426622,41.718132,1.4017904,410.96491616491926,311.2971936084912,928.912426826905,0.5504750598207605,0.5734512804081341,0.7649581933454007,198.96491616491926,191.29719360849123,-1.5778182074515088,-0.7649581933454006,-0.03,-0.03,0.03,0.0,0.0,-0.007649581933454006
1773806351.6310165,True,0.7101299,1773806351.6084723,380.4262,315.47733,23.426622,41.718132,1.4017904,404.8571746311542,312.1332199746836,943.4331812007083,0.681058278755498,0.45187665872751487,0.9849948528691995,192.85717463115418,192.13321997468358,-1.5623071335947047,-0.9849948528691996,-0.03,-0.03,0.03,0.0,0.0,-0.009849948528691997
1773806351.6412857,True,0.7101299,1773806351.6084723,380.4262,315.47733,23.426622,41.718132,1.4017904,399.9709814041421,312.8020410676375,953.5977092623707,0.7724665320098141,0.3667744235510814,1.1275034584012575,187.9709814041421,192.8020410676375,-1.5515907816499064,-1.1275034584012573,-0.03,-0.03,0.03,0.0,0.0,-0.011275034584012574
1773806351.651063,True,0.7101299,1773806351.6084723,380.4262,315.47733,23.426622,41.718132,1.4017904,396.0620268225324,313.33709794200064,960.7128789055344,0.8364523092878354,0.307202858927578,1.218820838098274,184.0620268225324,193.33709794200064,-1.5441570846810035,-1.218820838098274,-0.03,-0.03,0.03,0.0,0.0,-0.01218820838098274
1773806351.6611054,True,0.7101299,1773806351.6084723,380.4262,315.47733,23.426622,41.718132,1.4017904,392.93486315724465,313.76514344149115,965.6934976557491,0.8812423533824504,0.26550276369112563,1.27816348364066,180.93486315724465,193.76514344149115,-1.5389861821045223,-1.27816348364066,-0.03,-0.03,0.03,0.0,0.0,-0.012781634836406599
1773806351.6713076,True,0.7101299,1773806351.6084723,380.4262,315.47733,23.426622,41.718132,1.4017904,390.43313222501445,314.1075798410835,969.1799307808992,0.9125953842486808,0.23631269702560895,1.31741601601387,178.43313222501445,194.10757984108352,-1.5353823940249656,-1.31741601601387,-0.03,-0.03,0.03,0.0,0.0,-0.0131741601601387
1773806351.6810763,True,0.7101299,1773806351.6084723,380.4262,315.47733,23.426622,41.718132,1.4017904,388.43174747923035,314.38152896075746,971.6204339685044,0.9345425058550422,0.21587965035974727,1.34377805194147,176.43174747923035,194.38152896075746,-1.5328674475953676,-1.34377805194147,-0.03,-0.03,0.03,0.0,0.0,-0.0134377805194147
1773806351.6910508,True,0.7101299,1773806351.6084723,380.4262,315.47733,23.426622,41.718132,1.4017904,386.8306396826031,314.6006882564966,973.3287861998281,0.9499054909794951,0.2015765176936441,1.3616913687908396,174.83063968260308,194.6006882564966,-1.5311107408876112,-1.3616913687908396,-0.03,-0.03,0.03,0.0,0.0,-0.013616913687908396
1773806351.7010782,True,0.7101299,1773806351.6084723,380.4262,315.47733,23.426622,41.718132,1.4017904,385.54975344530123,314.7760156930879,974.5246327617547,0.960659580566612,0.19156432482737187,1.3739689420007062,173.54975344530123,194.7760156930879,-1.5298828797964963,-1.3739689420007062,-0.03,-0.03,0.03,0.0,0.0,-0.013739689420007061
1773806351.7111378,True,0.7101299,1773806351.6084723,380.4262,315.47733,23.426622,41.718132,1.4017904,384.5250444554598,314.91627764236097,975.3617253551031,0.968187443277594,0.1845557898209813,1.382436150821025,172.5250444554598,194.91627764236097,-1.529024273199974,-1.382436150821025,-0.03,-0.03,0.03,0.0,0.0,-0.01382436150821025
1773806351.7212322,True,0.7101299,1773806351.6084723,380.4262,315.47733,23.426622,41.718132,1.4017904,383.7052772635866,315.0284872017794,975.947690170447,0.9734569471752813,0.17964981531650792,1.388301357327825,171.7052772635866,195.0284872017794,-1.52842368691848,-1.388301357327825,-0.03,-0.03,0.03,0.0,0.0,-0.013883013573278249
1773806351.7312775,True,0.7101299,1773806351.6084723,380.4262,315.47733,23.426622,41.718132,1.4017904,383.049463510088,315.11825484931416,976.3578655411877,0.9771455999036625,0.17621563316337654,1.3923768578976559,171.049463510088,195.11825484931416,-1.5280034910371785,-1.3923768578976559,-0.03,-0.03,0.03,0.0,0.0,-0.013923768578976559
1773806351.741358,True,0.7101299,1773806351.6084723,380.4262,315.47733,23.426622,41.718132,1.4017904,382.5248125072892,315.190068967342,976.6449883007062,0.9797276568135292,0.1738117056561846,1.3952149935701887,170.5248125072892,195.19006896734197,-1.5277094589408893,-1.3952149935701887,-0.03,-0.03,0.03,0.0,0.0,-0.013952149935701888
1773806351.7510355,True,0.7101299,1773806351.6084723,380.4262,315.47733,23.426622,41.718132,1.4017904,382.1050917050501,315.2475202617642,976.8459742323694,0.981535096650436,0.17212895640115022,1.3971944978926212,170.10509170505009,195.24752026176418,-1.5275036879020392,-1.3971944978926212,-0.03,-0.03,0.03,0.0,0.0,-0.013971944978926213
1773806351.7610846,True,0.7101299,1773806351.6084723,380.4262,315.47733,23.426622,41.718132,1.4017904,381.7693150632589,315.293481297302,976.9866643845335,0.9828003045362708,0.17095103192262617,1.39857663431,169.7693150632589,195.29348129730198,-1.5273596733640213,-1.39857663431,-0.03,-0.03,0.03,0.0,0.0,-0.0139857663431
1773806351.7712064,True,0.7101299,1773806351.6084723,380.4262,315.47733,23.426622,41.718132,1.4017904,381.5006937498259,315.3302501257322,977.0851474910482,0.9836859500563551,0.17012648478765935,1.3995424090226618,169.50069374982593,195.33025012573222,-1.527258875526399,-1.3995424090226618,-0.03,-0.03,0.03,0.0,0.0,-0.013995424090226619
1773806351.7807314,True,0.7101299,1773806351.6084723,380.4262,315.47733,23.426622,41.718132,1.4017904,381.28579669907947,315.3596651884764,977.1540856656086,0.9843059019204141,0.16954930179318256,1.400217608953992,169.28579669907947,195.3596651884764,-1.527188323084897,-1.400217608953992,-0.03,-0.03,0.03,0.0,0.0,-0.01400217608953992
1773806351.7907538,True,0.7101299,1773806351.6084723,380.4262,315.47733,23.426622,41.718132,1.4017904,381.1138790584823,315.38319723867176,977.2023423878009,0.9847398682252554,0.16914527369704882,1.400689836426469,169.11387905848233,195.38319723867176,-1.5271389393373784,-1.400689836426469,-0.03,-0.03,0.03,0.0,0.0,-0.014006898364264692
1773806351.8013017,True,0.7101299,1773806351.6084723,380.4262,315.47733,23.426622,41.718132,1.4017904,380.9763449460046,315.402022878828,977.2361220933356,0.9850436446386444,0.1688624540297552,1.4010201936388371,168.9763449460046,195.402022878828,-1.527104372165117,-1.4010201936388371,-0.03,-0.03,0.03,0.0,0.0,-0.014010201936388371
1773806351.8113284,False,0.7101299,1773806351.6084723,380.4262,315.47733,23.426622,41.718132,1.4017904,,,,,,,,,,,0.0,0.0,0.0,0.0,0.0,0.0
1773806351.8214123,False,0.7101299,1773806351.6084723,380.4262,315.47733,23.426622,41.718132,1.4017904,,,,,,,,,,,0.0,0.0,0.0,0.0,0.0,0.0
1773806351.8309422,False,0.7101299,1773806351.6084723,380.4262,315.47733,23.426622,41.718132,1.4017904,,,,,,,,,,,0.0,0.0,0.0,0.0,0.0,0.0
1773806351.8409064,False,0.7101299,1773806351.6084723,380.4262,315.47733,23.426622,41.718132,1.4017904,,,,,,,,,,,0.0,0.0,0.0,0.0,0.0,0.0
1773806351.8507228,False,0.7101299,1773806351.6084723,380.4262,315.47733,23.426622,41.718132,1.4017904,,,,,,,,,,,0.0,0.0,0.0,0.0,0.0,0.0
1773806351.8609715,False,0.7101299,1773806351.6084723,380.4262,315.47733,23.426622,41.718132,1.4017904,,,,,,,,,,,0.0,0.0,0.0,0.0,0.0,0.0
1773806351.871281,False,0.7101299,1773806351.6084723,380.4262,315.47733,23.426622,41.718132,1.4017904,,,,,,,,,,,0.0,0.0,0.0,0.0,0.0,0.0
1773806351.880943,False,0.7101299,1773806351.6084723,380.4262,315.47733,23.426622,41.718132,1.4017904,,,,,,,,,,,0.0,0.0,0.0,0.0,0.0,0.0
1773806351.8911207,False,0.7101299,1773806351.6084723,380.4262,315.47733,23.426622,41.718132,1.4017904,,,,,,,,,,,0.0,0.0,0.0,0.0,0.0,0.0
1773806351.9010413,False,0.7101299,1773806351.6084723,380.4262,315.47733,23.426622,41.718132,1.4017904,,,,,,,,,,,0.0,0.0,0.0,0.0,0.0,0.0
1773806351.91125,False,0.7101299,1773806351.6084723,380.4262,315.47733,23.426622,41.718132,1.4017904,,,,,,,,,,,0.0,0.0,0.0,0.0,0.0,0.0
1773806351.9211285,False,0.7101299,1773806351.6084723,380.4262,315.47733,23.426622,41.718132,1.4017904,,,,,,,,,,,0.0,0.0,0.0,0.0,0.0,0.0
1773806351.9311595,False,0.7101299,1773806351.6084723,380.4262,315.47733,23.426622,41.718132,1.4017904,,,,,,,,,,,0.0,0.0,0.0,0.0,0.0,0.0
1773806351.941185,False,0.7101299,1773806351.6084723,380.4262,315.47733,23.426622,41.718132,1.4017904,,,,,,,,,,,0.0,0.0,0.0,0.0,0.0,0.0
1773806351.9509041,False,0.7101299,1773806351.6084723,380.4262,315.47733,23.426622,41.718132,1.4017904,,,,,,,,,,,0.0,0.0,0.0,0.0,0.0,0.0
1773806351.9614244,False,0.7101299,1773806351.6084723,380.4262,315.47733,23.426622,41.718132,1.4017904,,,,,,,,,,,0.0,0.0,0.0,0.0,0.0,0.0
1773806351.971224,False,0.7101299,1773806351.6084723,380.4262,315.47733,23.426622,41.718132,1.4017904,,,,,,,,,,,0.0,0.0,0.0,0.0,0.0,0.0
1773806351.980742,False,0.7101299,1773806351.6084723,380.4262,315.47733,23.426622,41.718132,1.4017904,,,,,,,,,,,0.0,0.0,0.0,0.0,0.0,0.0
1773806351.991189,False,0.7101299,1773806351.6084723,380.4262,315.47733,23.426622,41.718132,1.4017904,,,,,,,,,,,0.0,0.0,0.0,0.0,0.0,0.0
1773806352.000795,False,0.7101299,1773806351.6084723,380.4262,315.47733,23.426622,41.718132,1.4017904,,,,,,,,,,,0.0,0.0,0.0,0.0,0.0,0.0
1773806352.0108228,False,0.7101299,1773806351.6084723,380.4262,315.47733,23.426622,41.718132,1.4017904,,,,,,,,,,,0.0,0.0,0.0,0.0,0.0,0.0
1773806352.0209727,False,0.7101299,1773806351.6084723,380.4262,315.47733,23.426622,41.718132,1.4017904,,,,,,,,,,,0.0,0.0,0.0,0.0,0.0,0.0
1773806352.0310462,False,0.7101299,1773806351.6084723,380.4262,315.47733,23.426622,41.718132,1.4017904,,,,,,,,,,,0.0,0.0,0.0,0.0,0.0,0.0
1773806352.0407364,False,0.7101299,1773806351.6084723,380.4262,315.47733,23.426622,41.718132,1.4017904,,,,,,,,,,,0.0,0.0,0.0,0.0,0.0,0.0
1773806352.050789,False,0.7101299,1773806351.6084723,380.4262,315.47733,23.426622,41.718132,1.4017904,,,,,,,,,,,0.0,0.0,0.0,0.0,0.0,0.0
1773806352.0608985,False,0.7101299,1773806351.6084723,380.4262,315.47733,23.426622,41.718132,1.4017904,,,,,,,,,,,0.0,0.0,0.0,0.0,0.0,0.0
1773806352.0707374,False,0.7101299,1773806351.6084723,380.4262,315.47733,23.426622,41.718132,1.4017904,,,,,,,,,,,0.0,0.0,0.0,0.0,0.0,0.0
1773806352.080959,False,0.7101299,1773806351.6084723,380.4262,315.47733,23.426622,41.718132,1.4017904,,,,,,,,,,,0.0,0.0,0.0,0.0,0.0,0.0
1773806352.0910087,False,0.7101299,1773806351.6084723,380.4262,315.47733,23.426622,41.718132,1.4017904,,,,,,,,,,,0.0,0.0,0.0,0.0,0.0,0.0
1773806352.101299,False,0.7101299,1773806351.6084723,380.4262,315.47733,23.426622,41.718132,1.4017904,,,,,,,,,,,0.0,0.0,0.0,0.0,0.0,0.0
1773806352.1106696,False,0.7101299,1773806351.6084723,380.4262,315.47733,23.426622,41.718132,1.4017904,,,,,,,,,,,0.0,0.0,0.0,0.0,0.0,0.0
1773806352.121212,False,0.7101299,1773806351.6084723,380.4262,315.47733,23.426622,41.718132,1.4017904,,,,,,,,,,,0.0,0.0,0.0,0.0,0.0,0.0
1773806352.1312983,False,0.7101299,1773806351.6084723,380.4262,315.47733,23.426622,41.718132,1.4017904,,,,,,,,,,,0.0,0.0,0.0,0.0,0.0,0.0
1773806352.1409738,False,0.7101299,1773806351.6084723,380.4262,315.47733,23.426622,41.718132,1.4017904,,,,,,,,,,,0.0,0.0,0.0,0.0,0.0,0.0
1773806352.1509833,False,0.7101299,1773806351.6084723,380.4262,315.47733,23.426622,41.718132,1.4017904,,,,,,,,,,,0.0,0.0,0.0,0.0,0.0,0.0
1773806352.1610315,False,0.7101299,1773806351.6084723,380.4262,315.47733,23.426622,41.718132,1.4017904,,,,,,,,,,,0.0,0.0,0.0,0.0,0.0,0.0
1773806352.1715508,False,0.7101299,1773806351.6084723,380.4262,315.47733,23.426622,41.718132,1.4017904,,,,,,,,,,,0.0,0.0,0.0,0.0,0.0,0.0
1773806352.180762,False,0.7101299,1773806351.6084723,380.4262,315.47733,23.426622,41.718132,1.4017904,,,,,,,,,,,0.0,0.0,0.0,0.0,0.0,0.0
1773806352.1908147,False,0.7101299,1773806351.6084723,380.4262,315.47733,23.426622,41.718132,1.4017904,,,,,,,,,,,0.0,0.0,0.0,0.0,0.0,0.0
1773806352.2010052,False,0.7101299,1773806351.6084723,380.4262,315.47733,23.426622,41.718132,1.4017904,,,,,,,,,,,0.0,0.0,0.0,0.0,0.0,0.0
1773806352.2112234,False,0.7101299,1773806351.6084723,380.4262,315.47733,23.426622,41.718132,1.4017904,,,,,,,,,,,0.0,0.0,0.0,0.0,0.0,0.0
1773806352.2207758,False,0.7101299,1773806351.6084723,380.4262,315.47733,23.426622,41.718132,1.4017904,,,,,,,,,,,0.0,0.0,0.0,0.0,0.0,0.0
1773806352.2308009,False,0.7101299,1773806351.6084723,380.4262,315.47733,23.426622,41.718132,1.4017904,,,,,,,,,,,0.0,0.0,0.0,0.0,0.0,0.0
1773806352.240676,False,0.7101299,1773806351.6084723,380.4262,315.47733,23.426622,41.718132,1.4017904,,,,,,,,,,,0.0,0.0,0.0,0.0,0.0,0.0
1773806352.2507882,False,0.7101299,1773806351.6084723,380.4262,315.47733,23.426622,41.718132,1.4017904,,,,,,,,,,,0.0,0.0,0.0,0.0,0.0,0.0
1773806352.2613826,False,0.7101299,1773806351.6084723,380.4262,315.47733,23.426622,41.718132,1.4017904,,,,,,,,,,,0.0,0.0,0.0,0.0,0.0,0.0
1773806352.2711275,False,0.7101299,1773806351.6084723,380.4262,315.47733,23.426622,41.718132,1.4017904,,,,,,,,,,,0.0,0.0,0.0,0.0,0.0,0.0
1773806352.2811594,False,0.7101299,1773806351.6084723,380.4262,315.47733,23.426622,41.718132,1.4017904,,,,,,,,,,,0.0,0.0,0.0,0.0,0.0,0.0
1773806352.2911062,False,0.7101299,1773806351.6084723,380.4262,315.47733,23.426622,41.718132,1.4017904,,,,,,,,,,,0.0,0.0,0.0,0.0,0.0,0.0
1773806352.301168,False,0.7101299,1773806351.6084723,380.4262,315.47733,23.426622,41.718132,1.4017904,,,,,,,,,,,0.0,0.0,0.0,0.0,0.0,0.0
1773806352.3113794,False,0.7101299,1773806351.6084723,380.4262,315.47733,23.426622,41.718132,1.4017904,,,,,,,,,,,0.0,0.0,0.0,0.0,0.0,0.0
1773806352.3212874,False,0.7101299,1773806351.6084723,380.4262,315.47733,23.426622,41.718132,1.4017904,,,,,,,,,,,0.0,0.0,0.0,0.0,0.0,0.0
1773806352.3313224,False,0.7101299,1773806351.6084723,380.4262,315.47733,23.426622,41.718132,1.4017904,,,,,,,,,,,0.0,0.0,0.0,0.0,0.0,0.0
1773806352.340875,False,0.7101299,1773806351.6084723,380.4262,315.47733,23.426622,41.718132,1.4017904,,,,,,,,,,,0.0,0.0,0.0,0.0,0.0,0.0
1773806352.3510363,False,0.7101299,1773806351.6084723,380.4262,315.47733,23.426622,41.718132,1.4017904,,,,,,,,,,,0.0,0.0,0.0,0.0,0.0,0.0
1773806352.3610883,False,0.7101299,1773806351.6084723,380.4262,315.47733,23.426622,41.718132,1.4017904,,,,,,,,,,,0.0,0.0,0.0,0.0,0.0,0.0
1773806352.3710532,False,0.7101299,1773806351.6084723,380.4262,315.47733,23.426622,41.718132,1.4017904,,,,,,,,,,,0.0,0.0,0.0,0.0,0.0,0.0
1773806352.3810647,False,0.7101299,1773806351.6084723,380.4262,315.47733,23.426622,41.718132,1.4017904,,,,,,,,,,,0.0,0.0,0.0,0.0,0.0,0.0
1773806352.3910823,False,0.7101299,1773806351.6084723,380.4262,315.47733,23.426622,41.718132,1.4017904,,,,,,,,,,,0.0,0.0,0.0,0.0,0.0,0.0
1773806352.400807,False,0.7101299,1773806351.6084723,380.4262,315.47733,23.426622,41.718132,1.4017904,,,,,,,,,,,0.0,0.0,0.0,0.0,0.0,0.0
1773806352.4111166,False,0.7101299,1773806351.6084723,380.4262,315.47733,23.426622,41.718132,1.4017904,,,,,,,,,,,0.0,0.0,0.0,0.0,0.0,0.0
1773806352.421217,False,0.7101299,1773806351.6084723,380.4262,315.47733,23.426622,41.718132,1.4017904,,,,,,,,,,,0.0,0.0,0.0,0.0,0.0,0.0
1773806352.4313254,False,0.7101299,1773806351.6084723,380.4262,315.47733,23.426622,41.718132,1.4017904,,,,,,,,,,,0.0,0.0,0.0,0.0,0.0,0.0
1773806352.4410222,False,0.7101299,1773806351.6084723,380.4262,315.47733,23.426622,41.718132,1.4017904,,,,,,,,,,,0.0,0.0,0.0,0.0,0.0,0.0
1773806352.451128,False,0.7101299,1773806351.6084723,380.4262,315.47733,23.426622,41.718132,1.4017904,,,,,,,,,,,0.0,0.0,0.0,0.0,0.0,0.0
1773806352.4617698,False,0.7101299,1773806351.6084723,380.4262,315.47733,23.426622,41.718132,1.4017904,,,,,,,,,,,0.0,0.0,0.0,0.0,0.0,0.0
1773806352.4710226,False,0.7101299,1773806351.6084723,380.4262,315.47733,23.426622,41.718132,1.4017904,,,,,,,,,,,0.0,0.0,0.0,0.0,0.0,0.0
1773806352.4806612,False,0.7101299,1773806351.6084723,380.4262,315.47733,23.426622,41.718132,1.4017904,,,,,,,,,,,0.0,0.0,0.0,0.0,0.0,0.0
1773806352.4909678,False,0.7101299,1773806351.6084723,380.4262,315.47733,23.426622,41.718132,1.4017904,,,,,,,,,,,0.0,0.0,0.0,0.0,0.0,0.0
1773806352.5010803,False,0.7101299,1773806351.6084723,380.4262,315.47733,23.426622,41.718132,1.4017904,,,,,,,,,,,0.0,0.0,0.0,0.0,0.0,0.0
1773806352.5108557,False,0.7101299,1773806351.6084723,380.4262,315.47733,23.426622,41.718132,1.4017904,,,,,,,,,,,0.0,0.0,0.0,0.0,0.0,0.0
1773806352.52102,False,0.7101299,1773806351.6084723,380.4262,315.47733,23.426622,41.718132,1.4017904,,,,,,,,,,,0.0,0.0,0.0,0.0,0.0,0.0
1773806352.5310538,False,0.7101299,1773806351.6084723,380.4262,315.47733,23.426622,41.718132,1.4017904,,,,,,,,,,,0.0,0.0,0.0,0.0,0.0,0.0
1773806352.5410886,False,0.7101299,1773806351.6084723,380.4262,315.47733,23.426622,41.718132,1.4017904,,,,,,,,,,,0.0,0.0,0.0,0.0,0.0,0.0
1773806352.55113,False,0.7101299,1773806351.6084723,380.4262,315.47733,23.426622,41.718132,1.4017904,,,,,,,,,,,0.0,0.0,0.0,0.0,0.0,0.0
1773806352.5611997,False,0.7101299,1773806351.6084723,380.4262,315.47733,23.426622,41.718132,1.4017904,,,,,,,,,,,0.0,0.0,0.0,0.0,0.0,0.0
1773806352.5708914,False,0.7101299,1773806351.6084723,380.4262,315.47733,23.426622,41.718132,1.4017904,,,,,,,,,,,0.0,0.0,0.0,0.0,0.0,0.0
1773806352.5807586,False,0.7101299,1773806351.6084723,380.4262,315.47733,23.426622,41.718132,1.4017904,,,,,,,,,,,0.0,0.0,0.0,0.0,0.0,0.0
1773806352.5908825,False,0.7101299,1773806351.6084723,380.4262,315.47733,23.426622,41.718132,1.4017904,,,,,,,,,,,0.0,0.0,0.0,0.0,0.0,0.0
1773806352.6009157,False,0.7101299,1773806351.6084723,380.4262,315.47733,23.426622,41.718132,1.4017904,,,,,,,,,,,0.0,0.0,0.0,0.0,0.0,0.0
1773806352.6111553,False,0.7101299,1773806351.6084723,380.4262,315.47733,23.426622,41.718132,1.4017904,,,,,,,,,,,0.0,0.0,0.0,0.0,0.0,0.0
1773806352.6211412,False,0.7101299,1773806351.6084723,380.4262,315.47733,23.426622,41.718132,1.4017904,,,,,,,,,,,0.0,0.0,0.0,0.0,0.0,0.0
1773806352.6311085,False,0.7101299,1773806351.6084723,380.4262,315.47733,23.426622,41.718132,1.4017904,,,,,,,,,,,0.0,0.0,0.0,0.0,0.0,0.0
1773806352.641145,False,0.7101299,1773806351.6084723,380.4262,315.47733,23.426622,41.718132,1.4017904,,,,,,,,,,,0.0,0.0,0.0,0.0,0.0,0.0
1773806352.651186,False,0.7101299,1773806351.6084723,380.4262,315.47733,23.426622,41.718132,1.4017904,,,,,,,,,,,0.0,0.0,0.0,0.0,0.0,0.0
1773806352.661216,False,0.7101299,1773806351.6084723,380.4262,315.47733,23.426622,41.718132,1.4017904,,,,,,,,,,,0.0,0.0,0.0,0.0,0.0,0.0
1773806352.670783,True,0.28720346,1773806352.6692789,299.99896,245.25032,14.814524,30.49146,1.3786142,364.7808684372725,301.3716823899765,819.580223819827,0.9840074855348562,0.17550411199447846,1.3942957840542847,152.7808684372725,181.3716823899765,-1.7030403887479457,-1.3942957840542847,-0.03,-0.03,0.03,0.0,0.0,-0.013942957840542848
1773806352.6809952,True,0.28720346,1773806352.6692789,299.99896,245.25032,14.814524,30.49146,1.3786142,351.82448723028676,290.1474099988953,709.221095028371,0.9832821741622044,0.18015327256978475,1.3895898308173849,139.82448723028676,170.14740999889528,-1.8476653571778687,-1.3895898308173849,-0.03,-0.03,0.03,0.0,0.0,-0.01389589830817385
1773806352.6912189,True,0.28720346,1773806352.6692789,299.99896,245.25032,14.814524,30.49146,1.3786142,341.4593822646982,281.16799208603027,631.9697048743519,0.9827744562013483,0.18340768497249915,1.3862963480897041,129.4593822646982,161.16799208603027,-1.9629912180858806,-1.3862963480897041,-0.03,-0.03,0.03,0.0,0.0,-0.013862963480897042
1773806352.7008173,True,0.28720346,1773806352.6692789,299.99896,245.25032,14.814524,30.49146,1.3786142,333.1672982922273,273.9844577557383,577.8937317665385,0.9824190536287489,0.18568577365439926,1.3839912898413065,121.16729829222731,153.98445775573828,-2.052442679064643,-1.3839912898413065,-0.03,-0.03,0.03,0.0,0.0,-0.013839912898413066
1773806352.7109804,True,0.28720346,1773806352.6692789,299.99896,245.25032,14.814524,30.49146,1.3786142,326.5336311142506,268.23763029150473,540.0405505910692,0.9821702718279295,0.1872804357317293,1.3823779502590914,114.53363111425062,148.23763029150473,-2.1201884453323157,-1.3823779502590914,-0.03,-0.03,0.03,0.0,0.0,-0.013823779502590915
1773806352.72102,True,0.28720346,1773806352.6692789,299.99896,245.25032,14.814524,30.49146,1.3786142,321.22669737186925,263.6401683201178,513.5433237682406,0.9819961245673559,0.18839669918586033,1.3812487163304907,109.22669737186925,143.64016832011782,-2.170498280390305,-1.3812487163304907,-0.03,-0.03,0.03,0.0,0.0,-0.013812487163304908
1773806352.7310712,True,0.28720346,1773806352.6692789,299.99896,245.25032,14.814524,30.49146,1.3786142,316.9811503779641,259.96219874300834,494.9952649922606,0.9818742214849543,0.18917808360375205,1.3804583052130157,104.98115037796413,139.96219874300834,-2.207284478907673,-1.3804583052130157,-0.03,-0.03,0.03,0.0,0.0,-0.013804583052130157
1773806352.7409146,True,0.28720346,1773806352.6692789,299.99896,245.25032,14.814524,30.49146,1.3786142,313.58471278284003,257.01982308132074,482.0116238490746,0.9817888893272733,0.18972505269627626,1.3799050438313067,101.58471278284003,137.01982308132074,-2.2338644461291444,-1.3799050438313067,-0.03,-0.03,0.03,0.0,0.0,-0.013799050438313068
1773806352.7509868,True,0.28720346,1773806352.6692789,299.99896,245.25032,14.814524,30.49146,1.3786142,310.8675627067408,254.66592255197065,472.9230750488444,0.9817291568168964,0.19010793106104323,1.3795177740097313,98.86756270674078,134.66592255197065,-2.2528999325245427,-1.3795177740097313,-0.03,-0.03,0.03,0.0,0.0,-0.013795177740097314
1773806352.7611363,True,0.28720346,1773806352.6692789,299.99896,245.25032,14.814524,30.49146,1.3786142,308.6938426458614,252.7828021284906,466.5610908886832,0.9816873440596328,0.19037594591638007,1.3792466916477788,96.69384264586142,132.7828021284906,-2.266443708227864,-1.3792466916477788,-0.03,-0.03,0.03,0.0,0.0,-0.013792466916477788
1773806352.771179,True,0.28720346,1773806352.6692789,299.99896,245.25032,14.814524,30.49146,1.3786142,306.9548665971579,251.27630578970656,462.1077019765704,0.9816580751295481,0.1905635563151159,1.379056937210478,94.95486659715789,131.27630578970656,-2.27603469068378,-1.379056937210478,-0.03,-0.03,0.03,0.0,0.0,-0.01379056937210478
1773806352.7812357,True,0.28720346,1773806352.6692789,299.99896,245.25032,14.814524,30.49146,1.3786142,305.5636857581951,250.0711087186793,458.9903297380915,0.9816375868784888,0.19069488359423098,1.3789241106886843,93.5636857581951,130.0711087186793,-2.2828035340285346,-1.3789241106886843,-0.03,-0.03,0.03,0.0,0.0,-0.013789241106886842
1773806352.7909126,True,0.28720346,1773806352.6692789,299.99896,245.25032,14.814524,30.49146,1.3786142,304.4507410870249,249.10695106185753,456.8081691711562,0.9816232451027473,0.1907868126896115,1.3788311329026404,92.45074108702488,129.10695106185753,-2.287569134102008,-1.3788311329026404,-0.03,-0.03,0.03,0.0,0.0,-0.013788311329026404
1773806352.8010278,True,0.28720346,1773806352.6692789,299.99896,245.25032,14.814524,30.49146,1.3786142,303.56038535008867,248.3356249364001,455.2806567743015,0.9816132058597284,0.1908511630563779,1.3787660488352167,91.56038535008867,128.3356249364001,-2.2909186188923165,-1.3787660488352167,-0.03,-0.03,0.03,0.0,0.0,-0.013787660488352168
1773806352.811025,True,0.28720346,1773806352.6692789,299.99896,245.25032,14.814524,30.49146,1.3786142,302.8481007605397,247.71856403603417,454.2113980965032,0.9816061783896151,0.19089620831311432,1.3787204901759362,90.8481007605397,127.71856403603417,-2.2932699515174053,-1.3787204901759362,-0.03,-0.03,0.03,0.0,0.0,-0.013787204901759362
1773806352.8211856,True,0.28720346,1773806352.6692789,299.99896,245.25032,14.814524,30.49146,1.3786142,302.2782730889005,247.2249153157414,453.4629170220444,0.9816012591605356,0.19092773999282986,1.3786885992066356,90.2782730889005,127.22491531574141,-2.294919180170557,-1.3786885992066356,-0.03,-0.03,0.03,0.0,0.0,-0.013786885992066357
1773806352.8317292,True,0.28720346,1773806352.6692789,299.99896,245.25032,14.814524,30.49146,1.3786142,301.8224109515892,246.8299963395072,452.93898026992326,0.9815978157001801,0.19094981216863072,1.3786662755733412,89.82241095158918,126.8299963395072,-2.296075260739322,-1.3786662755733412,-0.03,-0.03,0.03,0.0,0.0,-0.013786662755733411
1773806352.8412447,True,0.28720346,1773806352.6692789,299.99896,245.25032,14.814524,30.49146,1.3786142,301.4577212417401,246.51406115851984,452.57222454343844,0.9815954052779312,0.19096526269169134,1.3786506490522048,89.4577212417401,126.51406115851984,-2.2968853131044176,-1.3786506490522048,-0.03,-0.03,0.03,0.0,0.0,-0.013786506490522049
1773806352.8509784,True,0.28720346,1773806352.6692789,299.99896,245.25032,14.814524,30.49146,1.3786142,301.16596947386086,246.26131301372993,452.31549553489907,0.9815937179823571,0.1909760780578338,1.378639710498277,89.16596947386086,126.26131301372993,-2.2974527404431497,-1.378639710498277,-0.03,-0.03,0.03,0.0,0.0,-0.013786397104982771
1773806352.861051,True,0.28720346,1773806352.6692789,299.99896,245.25032,14.814524,30.49146,1.3786142,300.9325680595574,246.059114497898,452.1357852289215,0.9815925368754552,0.1909836488141335,1.3786320535158545,88.93256805955741,126.05911449789801,-2.2978501312416695,-1.3786320535158545,-0.03,-0.03,0.03,0.0,0.0,-0.013786320535158545
1773806352.8710504,False,0.28720346,1773806352.6692789,299.99896,245.25032,14.814524,30.49146,1.3786142,,,,,,,,,,,0.0,0.0,0.0,0.0,0.0,0.0
1773806352.8809102,False,0.28720346,1773806352.6692789,299.99896,245.25032,14.814524,30.49146,1.3786142,,,,,,,,,,,0.0,0.0,0.0,0.0,0.0,0.0
1773806352.890802,False,0.28720346,1773806352.6692789,299.99896,245.25032,14.814524,30.49146,1.3786142,,,,,,,,,,,0.0,0.0,0.0,0.0,0.0,0.0
1773806352.9010997,False,0.28720346,1773806352.6692789,299.99896,245.25032,14.814524,30.49146,1.3786142,,,,,,,,,,,0.0,0.0,0.0,0.0,0.0,0.0
1773806352.9108434,False,0.28720346,1773806352.6692789,299.99896,245.25032,14.814524,30.49146,1.3786142,,,,,,,,,,,0.0,0.0,0.0,0.0,0.0,0.0
1773806352.920885,False,0.28720346,1773806352.6692789,299.99896,245.25032,14.814524,30.49146,1.3786142,,,,,,,,,,,0.0,0.0,0.0,0.0,0.0,0.0
1773806352.9310741,False,0.28720346,1773806352.6692789,299.99896,245.25032,14.814524,30.49146,1.3786142,,,,,,,,,,,0.0,0.0,0.0,0.0,0.0,0.0
1773806352.9408736,False,0.28720346,1773806352.6692789,299.99896,245.25032,14.814524,30.49146,1.3786142,,,,,,,,,,,0.0,0.0,0.0,0.0,0.0,0.0
1773806352.9509423,False,0.28720346,1773806352.6692789,299.99896,245.25032,14.814524,30.49146,1.3786142,,,,,,,,,,,0.0,0.0,0.0,0.0,0.0,0.0
1773806352.9611592,False,0.28720346,1773806352.6692789,299.99896,245.25032,14.814524,30.49146,1.3786142,,,,,,,,,,,0.0,0.0,0.0,0.0,0.0,0.0
1773806352.9712636,False,0.28720346,1773806352.6692789,299.99896,245.25032,14.814524,30.49146,1.3786142,,,,,,,,,,,0.0,0.0,0.0,0.0,0.0,0.0
1773806352.9813213,False,0.28720346,1773806352.6692789,299.99896,245.25032,14.814524,30.49146,1.3786142,,,,,,,,,,,0.0,0.0,0.0,0.0,0.0,0.0
1773806352.9908433,False,0.28720346,1773806352.6692789,299.99896,245.25032,14.814524,30.49146,1.3786142,,,,,,,,,,,0.0,0.0,0.0,0.0,0.0,0.0
1773806353.0008326,False,0.28720346,1773806352.6692789,299.99896,245.25032,14.814524,30.49146,1.3786142,,,,,,,,,,,0.0,0.0,0.0,0.0,0.0,0.0
1773806353.0111303,False,0.28720346,1773806352.6692789,299.99896,245.25032,14.814524,30.49146,1.3786142,,,,,,,,,,,0.0,0.0,0.0,0.0,0.0,0.0
1773806353.020683,False,0.28720346,1773806352.6692789,299.99896,245.25032,14.814524,30.49146,1.3786142,,,,,,,,,,,0.0,0.0,0.0,0.0,0.0,0.0
1773806353.031167,False,0.28720346,1773806352.6692789,299.99896,245.25032,14.814524,30.49146,1.3786142,,,,,,,,,,,0.0,0.0,0.0,0.0,0.0,0.0
1773806353.0408282,False,0.28720346,1773806352.6692789,299.99896,245.25032,14.814524,30.49146,1.3786142,,,,,,,,,,,0.0,0.0,0.0,0.0,0.0,0.0
1773806353.0507786,False,0.28720346,1773806352.6692789,299.99896,245.25032,14.814524,30.49146,1.3786142,,,,,,,,,,,0.0,0.0,0.0,0.0,0.0,0.0
1773806353.0608501,False,0.28720346,1773806352.6692789,299.99896,245.25032,14.814524,30.49146,1.3786142,,,,,,,,,,,0.0,0.0,0.0,0.0,0.0,0.0
1773806353.071124,False,0.28720346,1773806352.6692789,299.99896,245.25032,14.814524,30.49146,1.3786142,,,,,,,,,,,0.0,0.0,0.0,0.0,0.0,0.0
1773806353.0808249,False,0.28720346,1773806352.6692789,299.99896,245.25032,14.814524,30.49146,1.3786142,,,,,,,,,,,0.0,0.0,0.0,0.0,0.0,0.0
1773806353.0911193,False,0.28720346,1773806352.6692789,299.99896,245.25032,14.814524,30.49146,1.3786142,,,,,,,,,,,0.0,0.0,0.0,0.0,0.0,0.0
1773806353.101136,False,0.28720346,1773806352.6692789,299.99896,245.25032,14.814524,30.49146,1.3786142,,,,,,,,,,,0.0,0.0,0.0,0.0,0.0,0.0
1773806353.1106923,False,0.28720346,1773806352.6692789,299.99896,245.25032,14.814524,30.49146,1.3786142,,,,,,,,,,,0.0,0.0,0.0,0.0,0.0,0.0
1773806353.1212676,False,0.28720346,1773806352.6692789,299.99896,245.25032,14.814524,30.49146,1.3786142,,,,,,,,,,,0.0,0.0,0.0,0.0,0.0,0.0
1773806353.1308787,False,0.28720346,1773806352.6692789,299.99896,245.25032,14.814524,30.49146,1.3786142,,,,,,,,,,,0.0,0.0,0.0,0.0,0.0,0.0
1773806353.1411023,False,0.28720346,1773806352.6692789,299.99896,245.25032,14.814524,30.49146,1.3786142,,,,,,,,,,,0.0,0.0,0.0,0.0,0.0,0.0
1773806353.1508934,False,0.28720346,1773806352.6692789,299.99896,245.25032,14.814524,30.49146,1.3786142,,,,,,,,,,,0.0,0.0,0.0,0.0,0.0,0.0
1773806353.161174,False,0.28720346,1773806352.6692789,299.99896,245.25032,14.814524,30.49146,1.3786142,,,,,,,,,,,0.0,0.0,0.0,0.0,0.0,0.0
1773806353.1711946,False,0.28720346,1773806352.6692789,299.99896,245.25032,14.814524,30.49146,1.3786142,,,,,,,,,,,0.0,0.0,0.0,0.0,0.0,0.0
1773806353.1809044,False,0.28720346,1773806352.6692789,299.99896,245.25032,14.814524,30.49146,1.3786142,,,,,,,,,,,0.0,0.0,0.0,0.0,0.0,0.0
1773806353.1910288,False,0.28720346,1773806352.6692789,299.99896,245.25032,14.814524,30.49146,1.3786142,,,,,,,,,,,0.0,0.0,0.0,0.0,0.0,0.0
1773806353.2011607,False,0.28720346,1773806352.6692789,299.99896,245.25032,14.814524,30.49146,1.3786142,,,,,,,,,,,0.0,0.0,0.0,0.0,0.0,0.0
1773806353.210646,False,0.28720346,1773806352.6692789,299.99896,245.25032,14.814524,30.49146,1.3786142,,,,,,,,,,,0.0,0.0,0.0,0.0,0.0,0.0
1773806353.2210355,False,0.28720346,1773806352.6692789,299.99896,245.25032,14.814524,30.49146,1.3786142,,,,,,,,,,,0.0,0.0,0.0,0.0,0.0,0.0
1773806353.230665,False,0.28720346,1773806352.6692789,299.99896,245.25032,14.814524,30.49146,1.3786142,,,,,,,,,,,0.0,0.0,0.0,0.0,0.0,0.0
1773806353.2412372,True,0.26711488,1773806353.2407322,299.70148,246.16594,16.806892,31.713558,1.3856018,300.6863498578022,246.08047946452933,476.39695395712005,0.9819849083965556,0.18892988751775341,1.3807229613869942,88.68634985780221,126.08047946452933,-2.245581232174449,-1.3807229613869942,-0.03,-0.03,0.03,0.0,0.0,-0.013807229613869943
1773806353.2512555,True,0.26711488,1773806353.2407322,299.70148,246.16594,16.806892,31.713558,1.3856018,300.489375296398,246.0975714378344,493.379772066859,0.9822595684613259,0.18749225461028737,1.3821866047375506,88.48937529639801,126.0975714378344,-2.210553469530595,-1.3821866047375506,-0.03,-0.03,0.03,0.0,0.0,-0.013821866047375507
1773806353.2612708,True,0.26711488,1773806353.2407322,299.70148,246.16594,16.806892,31.713558,1.3856018,300.33179564727465,246.11124501647845,505.26774474367625,0.9824518305066651,0.18648591157506114,1.3832111550337893,88.33179564727465,126.11124501647845,-2.186744199371604,-1.3832111550337893,-0.03,-0.03,0.03,0.0,0.0,-0.013832111550337894
1773806353.2706902,True,0.26711488,1773806353.2407322,299.70148,246.16594,16.806892,31.713558,1.3856018,300.205731927976,246.12218387939373,513.5893256174484,0.9825864139384025,0.18578147145040277,1.3839283388824117,88.20573192797599,126.12218387939373,-2.1704087070537623,-1.3839283388824117,-0.03,-0.03,0.03,0.0,0.0,-0.013839283388824118
1773806353.2808564,True,0.26711488,1773806353.2407322,299.70148,246.16594,16.806892,31.713558,1.3856018,300.10488095253703,246.13093496972596,519.4144322290888,0.9826806223406187,0.18528836336314192,1.3844303664528783,88.10488095253703,126.13093496972596,-2.1591305905679166,-1.3844303664528783,-0.03,-0.03,0.03,0.0,0.0,-0.013844303664528783
1773806353.2909818,True,0.26711488,1773806353.2407322,299.70148,246.16594,16.806892,31.713558,1.3856018,300.0242001721859,246.1379358419917,523.4920068572371,0.98274656822217,0.18494318770205934,1.384781785044638,88.02420017218589,126.13793584199169,-2.1513109142229596,-1.384781785044638,-0.03,-0.03,0.03,0.0,0.0,-0.01384781785044638
1773806353.3010652,True,0.26711488,1773806353.2407322,299.70148,246.16594,16.806892,31.713558,1.3856018,299.95965554790496,246.1435365398043,526.346309096941,0.982792730339256,0.18470156473930152,1.3850277776583055,87.95965554790496,126.1435365398043,-2.1458732973456787,-1.3850277776583055,-0.03,-0.03,0.03,0.0,0.0,-0.013850277776583056
1773806353.3110745,True,0.26711488,1773806353.2407322,299.70148,246.16594,16.806892,31.713558,1.3856018,299.90801984848025,246.14801709805437,528.3443206647337,0.982825043821216,0.18453242866537106,1.3851999722731236,87.90801984848025,126.14801709805437,-2.1420844821205254,-1.3851999722731236,-0.03,-0.03,0.03,0.0,0.0,-0.013851999722731236
1773806353.321173,True,0.26711488,1773806353.2407322,299.70148,246.16594,16.806892,31.713558,1.3856018,299.86671128894045,246.15160154465445,529.7429287621885,0.9828476632585882,0.18441403341361973,1.3853205083919333,87.86671128894045,126.15160154465445,-2.1394408269535727,-1.3853205083919333,-0.03,-0.03,0.03,0.0,0.0,-0.013853205083919334
1773806353.3308854,True,0.26711488,1773806353.2407322,299.70148,246.16594,16.806892,31.713558,1.3856018,299.8336644413086,246.15446910193452,530.7219544304069,0.9828634968647486,0.1843311567373938,1.3854048836182609,87.8336644413086,126.15446910193452,-2.137594417964688,-1.3854048836182609,-0.03,-0.03,0.03,0.0,0.0,-0.013854048836182608
1773806353.3411393,True,0.26711488,1773806353.2407322,299.70148,246.16594,16.806892,31.713558,1.3856018,299.80722696320316,246.15676314775857,531.4072723981598,0.982874580389061,0.18427314306403567,1.3854639462480935,87.80722696320316,126.15676314775857,-2.1363039571703766,-1.3854639462480935,-0.03,-0.03,0.03,0.0,0.0,-0.013854639462480936
1773806353.3511622,True,0.26711488,1773806353.2407322,299.70148,246.16594,16.806892,31.713558,1.3856018,299.7860769807188,246.15859838441781,531.8869949755867,0.9828823388560796,0.18423253349268495,1.3855052900747085,87.7860769807188,126.15859838441781,-2.1354016244395493,-1.3855052900747085,-0.03,-0.03,0.03,0.0,0.0,-0.013855052900747084
1773806353.3613768,True,0.26711488,1773806353.2407322,299.70148,246.16594,16.806892,31.713558,1.3856018,299.7691569947313,246.1600665737452,532.2228007797858,0.9828877697829926,0.18420410679273946,1.38553423074626,87.7691569947313,126.16006657374521,-2.1347704756301202,-1.38553423074626,-0.03,-0.03,0.03,0.0,0.0,-0.0138553423074626
1773806353.3710232,True,0.26711488,1773806353.2407322,299.70148,246.16594,16.806892,31.713558,1.3856018,299.7556210059413,246.16124112520714,532.457864842725,0.9828915714318318,0.1841842081027776,1.385554489212847,87.7556210059413,126.16124112520714,-2.134328908361457,-1.385554489212847,-0.03,-0.03,0.03,0.0,0.0,-0.013855544892128471
1773806353.381095,True,0.26711488,1773806353.2407322,299.70148,246.16594,16.806892,31.713558,1.3856018,299.7447922149093,246.16218076637665,532.6224096867825,0.9828942325860192,0.18417027901980432,1.3855686701377334,87.7447922149093,126.16218076637665,-2.1340199272465092,-1.3855686701377334,-0.03,-0.03,0.03,0.0,0.0,-0.013855686701377335
1773806353.3913617,True,0.26711488,1773806353.2407322,299.70148,246.16594,16.806892,31.713558,1.3856018,299.7361291820837,246.16293247931225,532.7375910776227,0.9828960953939503,0.184160528661723,1.385578596784305,87.73612918208369,126.16293247931225,-2.1338036972562593,-1.385578596784305,-0.03,-0.03,0.03,0.0,0.0,-0.013855785967843051
1773806353.4009135,True,0.26711488,1773806353.2407322,299.70148,246.16594,16.806892,31.713558,1.3856018,299.72919875582323,246.16353384966072,532.8182180512108,0.9828973993595022,0.1841537034110661,1.3855855454364883,87.72919875582323,126.16353384966072,-2.133652364077741,-1.3855855454364883,-0.03,-0.03,0.03,0.0,0.0,-0.013855855454364883
1773806353.4109502,True,0.26711488,1773806353.2407322,299.70148,246.16594,16.806892,31.713558,1.3856018,299.72365441481486,246.16401494593953,532.8746569327225,0.9828983121353885,0.18414892573560626,1.3855904094928118,87.72365441481486,126.16401494593953,-2.1335464444776586,-1.3855904094928118,-0.03,-0.03,0.03,0.0,0.0,-0.013855904094928118
1773806353.420979,True,0.26711488,1773806353.2407322,299.70148,246.16594,16.806892,31.713558,1.3856018,299.7192189420081,246.1643998229626,532.9141641497806,0.9828989510785089,0.18414558136278436,1.3855938143321376,87.71921894200813,126.1643998229626,-2.1334723074323176,-1.3855938143321376,-0.03,-0.03,0.03,0.0,0.0,-0.013855938143321376
1773806353.4310024,True,0.26711488,1773806353.2407322,299.70148,246.16594,16.806892,31.713558,1.3856018,299.7156705637628,246.16470772458104,532.9418192017214,0.9828993983386931,0.18414324030180904,1.3855961977196165,87.71567056376279,126.16470772458104,-2.1334204147706846,-1.3855961977196165,-0.03,-0.03,0.03,0.0,0.0,-0.013855961977196166
1773806353.4410257,False,0.26711488,1773806353.2407322,299.70148,246.16594,16.806892,31.713558,1.3856018,,,,,,,,,,,0.0,0.0,0.0,0.0,0.0,0.0
1773806353.4508598,False,0.26711488,1773806353.2407322,299.70148,246.16594,16.806892,31.713558,1.3856018,,,,,,,,,,,0.0,0.0,0.0,0.0,0.0,0.0
1773806353.4608872,False,0.26711488,1773806353.2407322,299.70148,246.16594,16.806892,31.713558,1.3856018,,,,,,,,,,,0.0,0.0,0.0,0.0,0.0,0.0
1773806353.470955,False,0.26711488,1773806353.2407322,299.70148,246.16594,16.806892,31.713558,1.3856018,,,,,,,,,,,0.0,0.0,0.0,0.0,0.0,0.0
1773806353.4809344,False,0.26711488,1773806353.2407322,299.70148,246.16594,16.806892,31.713558,1.3856018,,,,,,,,,,,0.0,0.0,0.0,0.0,0.0,0.0
1773806353.4908342,False,0.26711488,1773806353.2407322,299.70148,246.16594,16.806892,31.713558,1.3856018,,,,,,,,,,,0.0,0.0,0.0,0.0,0.0,0.0
1773806353.5009694,False,0.26711488,1773806353.2407322,299.70148,246.16594,16.806892,31.713558,1.3856018,,,,,,,,,,,0.0,0.0,0.0,0.0,0.0,0.0
1773806353.5111017,False,0.26711488,1773806353.2407322,299.70148,246.16594,16.806892,31.713558,1.3856018,,,,,,,,,,,0.0,0.0,0.0,0.0,0.0,0.0
1773806353.5208464,False,0.26711488,1773806353.2407322,299.70148,246.16594,16.806892,31.713558,1.3856018,,,,,,,,,,,0.0,0.0,0.0,0.0,0.0,0.0
1773806353.530865,False,0.26711488,1773806353.2407322,299.70148,246.16594,16.806892,31.713558,1.3856018,,,,,,,,,,,0.0,0.0,0.0,0.0,0.0,0.0
1773806353.5408916,False,0.26711488,1773806353.2407322,299.70148,246.16594,16.806892,31.713558,1.3856018,,,,,,,,,,,0.0,0.0,0.0,0.0,0.0,0.0
1773806353.5509586,False,0.26711488,1773806353.2407322,299.70148,246.16594,16.806892,31.713558,1.3856018,,,,,,,,,,,0.0,0.0,0.0,0.0,0.0,0.0
1773806353.5610478,False,0.26711488,1773806353.2407322,299.70148,246.16594,16.806892,31.713558,1.3856018,,,,,,,,,,,0.0,0.0,0.0,0.0,0.0,0.0
1773806353.5711434,False,0.26711488,1773806353.2407322,299.70148,246.16594,16.806892,31.713558,1.3856018,,,,,,,,,,,0.0,0.0,0.0,0.0,0.0,0.0
1773806353.581234,False,0.26711488,1773806353.2407322,299.70148,246.16594,16.806892,31.713558,1.3856018,,,,,,,,,,,0.0,0.0,0.0,0.0,0.0,0.0
1773806353.5908165,False,0.26711488,1773806353.2407322,299.70148,246.16594,16.806892,31.713558,1.3856018,,,,,,,,,,,0.0,0.0,0.0,0.0,0.0,0.0
1773806353.6010826,False,0.26711488,1773806353.2407322,299.70148,246.16594,16.806892,31.713558,1.3856018,,,,,,,,,,,0.0,0.0,0.0,0.0,0.0,0.0
1773806353.6111364,False,0.26711488,1773806353.2407322,299.70148,246.16594,16.806892,31.713558,1.3856018,,,,,,,,,,,0.0,0.0,0.0,0.0,0.0,0.0
1773806353.6211052,False,0.26711488,1773806353.2407322,299.70148,246.16594,16.806892,31.713558,1.3856018,,,,,,,,,,,0.0,0.0,0.0,0.0,0.0,0.0
1773806353.6312108,False,0.26711488,1773806353.2407322,299.70148,246.16594,16.806892,31.713558,1.3856018,,,,,,,,,,,0.0,0.0,0.0,0.0,0.0,0.0
1773806353.6412456,False,0.26711488,1773806353.2407322,299.70148,246.16594,16.806892,31.713558,1.3856018,,,,,,,,,,,0.0,0.0,0.0,0.0,0.0,0.0
1773806353.652255,False,0.26711488,1773806353.2407322,299.70148,246.16594,16.806892,31.713558,1.3856018,,,,,,,,,,,0.0,0.0,0.0,0.0,0.0,0.0
1773806353.6612709,False,0.26711488,1773806353.2407322,299.70148,246.16594,16.806892,31.713558,1.3856018,,,,,,,,,,,0.0,0.0,0.0,0.0,0.0,0.0
1773806353.6713147,False,0.26711488,1773806353.2407322,299.70148,246.16594,16.806892,31.713558,1.3856018,,,,,,,,,,,0.0,0.0,0.0,0.0,0.0,0.0
1773806353.6808457,False,0.26711488,1773806353.2407322,299.70148,246.16594,16.806892,31.713558,1.3856018,,,,,,,,,,,0.0,0.0,0.0,0.0,0.0,0.0
1773806353.690904,False,0.26711488,1773806353.2407322,299.70148,246.16594,16.806892,31.713558,1.3856018,,,,,,,,,,,0.0,0.0,0.0,0.0,0.0,0.0
1773806353.7014484,False,0.26711488,1773806353.2407322,299.70148,246.16594,16.806892,31.713558,1.3856018,,,,,,,,,,,0.0,0.0,0.0,0.0,0.0,0.0
1773806353.711199,False,0.26711488,1773806353.2407322,299.70148,246.16594,16.806892,31.713558,1.3856018,,,,,,,,,,,0.0,0.0,0.0,0.0,0.0,0.0
1773806353.720812,False,0.26711488,1773806353.2407322,299.70148,246.16594,16.806892,31.713558,1.3856018,,,,,,,,,,,0.0,0.0,0.0,0.0,0.0,0.0
1773806353.7313387,False,0.26711488,1773806353.2407322,299.70148,246.16594,16.806892,31.713558,1.3856018,,,,,,,,,,,0.0,0.0,0.0,0.0,0.0,0.0
1773806353.7409284,False,0.26711488,1773806353.2407322,299.70148,246.16594,16.806892,31.713558,1.3856018,,,,,,,,,,,0.0,0.0,0.0,0.0,0.0,0.0
1773806353.751012,False,0.26711488,1773806353.2407322,299.70148,246.16594,16.806892,31.713558,1.3856018,,,,,,,,,,,0.0,0.0,0.0,0.0,0.0,0.0
1773806353.7610404,False,0.26711488,1773806353.2407322,299.70148,246.16594,16.806892,31.713558,1.3856018,,,,,,,,,,,0.0,0.0,0.0,0.0,0.0,0.0
1773806353.7711952,False,0.26711488,1773806353.2407322,299.70148,246.16594,16.806892,31.713558,1.3856018,,,,,,,,,,,0.0,0.0,0.0,0.0,0.0,0.0
1773806353.7807605,False,0.26711488,1773806353.2407322,299.70148,246.16594,16.806892,31.713558,1.3856018,,,,,,,,,,,0.0,0.0,0.0,0.0,0.0,0.0
1773806353.791248,False,0.26711488,1773806353.2407322,299.70148,246.16594,16.806892,31.713558,1.3856018,,,,,,,,,,,0.0,0.0,0.0,0.0,0.0,0.0
1773806353.801024,False,0.26711488,1773806353.2407322,299.70148,246.16594,16.806892,31.713558,1.3856018,,,,,,,,,,,0.0,0.0,0.0,0.0,0.0,0.0
1773806353.810727,False,0.26711488,1773806353.2407322,299.70148,246.16594,16.806892,31.713558,1.3856018,,,,,,,,,,,0.0,0.0,0.0,0.0,0.0,0.0
1773806353.82086,False,0.26711488,1773806353.2407322,299.70148,246.16594,16.806892,31.713558,1.3856018,,,,,,,,,,,0.0,0.0,0.0,0.0,0.0,0.0
1773806353.8311172,False,0.26711488,1773806353.2407322,299.70148,246.16594,16.806892,31.713558,1.3856018,,,,,,,,,,,0.0,0.0,0.0,0.0,0.0,0.0
1773806353.8411872,False,0.26711488,1773806353.2407322,299.70148,246.16594,16.806892,31.713558,1.3856018,,,,,,,,,,,0.0,0.0,0.0,0.0,0.0,0.0
1773806353.8507428,False,0.26711488,1773806353.2407322,299.70148,246.16594,16.806892,31.713558,1.3856018,,,,,,,,,,,0.0,0.0,0.0,0.0,0.0,0.0
1773806353.860807,False,0.26711488,1773806353.2407322,299.70148,246.16594,16.806892,31.713558,1.3856018,,,,,,,,,,,0.0,0.0,0.0,0.0,0.0,0.0
1773806353.870839,False,0.26711488,1773806353.2407322,299.70148,246.16594,16.806892,31.713558,1.3856018,,,,,,,,,,,0.0,0.0,0.0,0.0,0.0,0.0
1773806353.8808722,False,0.26711488,1773806353.2407322,299.70148,246.16594,16.806892,31.713558,1.3856018,,,,,,,,,,,0.0,0.0,0.0,0.0,0.0,0.0
1773806353.8909016,False,0.26711488,1773806353.2407322,299.70148,246.16594,16.806892,31.713558,1.3856018,,,,,,,,,,,0.0,0.0,0.0,0.0,0.0,0.0
1773806353.9015198,False,0.26711488,1773806353.2407322,299.70148,246.16594,16.806892,31.713558,1.3856018,,,,,,,,,,,0.0,0.0,0.0,0.0,0.0,0.0
1773806353.9107482,False,0.26711488,1773806353.2407322,299.70148,246.16594,16.806892,31.713558,1.3856018,,,,,,,,,,,0.0,0.0,0.0,0.0,0.0,0.0
1773806353.9209201,False,0.26711488,1773806353.2407322,299.70148,246.16594,16.806892,31.713558,1.3856018,,,,,,,,,,,0.0,0.0,0.0,0.0,0.0,0.0
1773806353.930954,False,0.26711488,1773806353.2407322,299.70148,246.16594,16.806892,31.713558,1.3856018,,,,,,,,,,,0.0,0.0,0.0,0.0,0.0,0.0
1773806353.9409742,False,0.26711488,1773806353.2407322,299.70148,246.16594,16.806892,31.713558,1.3856018,,,,,,,,,,,0.0,0.0,0.0,0.0,0.0,0.0
1773806353.9508538,False,0.26711488,1773806353.2407322,299.70148,246.16594,16.806892,31.713558,1.3856018,,,,,,,,,,,0.0,0.0,0.0,0.0,0.0,0.0
1773806353.961025,False,0.26711488,1773806353.2407322,299.70148,246.16594,16.806892,31.713558,1.3856018,,,,,,,,,,,0.0,0.0,0.0,0.0,0.0,0.0
1773806353.9706972,False,0.26711488,1773806353.2407322,299.70148,246.16594,16.806892,31.713558,1.3856018,,,,,,,,,,,0.0,0.0,0.0,0.0,0.0,0.0
1773806353.9812927,False,0.26711488,1773806353.2407322,299.70148,246.16594,16.806892,31.713558,1.3856018,,,,,,,,,,,0.0,0.0,0.0,0.0,0.0,0.0
1773806353.9911242,False,0.26711488,1773806353.2407322,299.70148,246.16594,16.806892,31.713558,1.3856018,,,,,,,,,,,0.0,0.0,0.0,0.0,0.0,0.0
1773806354.001214,False,0.26711488,1773806353.2407322,299.70148,246.16594,16.806892,31.713558,1.3856018,,,,,,,,,,,0.0,0.0,0.0,0.0,0.0,0.0
1773806354.0107958,False,0.26711488,1773806353.2407322,299.70148,246.16594,16.806892,31.713558,1.3856018,,,,,,,,,,,0.0,0.0,0.0,0.0,0.0,0.0
1773806354.020991,False,0.26711488,1773806353.2407322,299.70148,246.16594,16.806892,31.713558,1.3856018,,,,,,,,,,,0.0,0.0,0.0,0.0,0.0,0.0
1773806354.031031,False,0.26711488,1773806353.2407322,299.70148,246.16594,16.806892,31.713558,1.3856018,,,,,,,,,,,0.0,0.0,0.0,0.0,0.0,0.0
1773806354.041167,False,0.26711488,1773806353.2407322,299.70148,246.16594,16.806892,31.713558,1.3856018,,,,,,,,,,,0.0,0.0,0.0,0.0,0.0,0.0
1773806354.0510783,False,0.26711488,1773806353.2407322,299.70148,246.16594,16.806892,31.713558,1.3856018,,,,,,,,,,,0.0,0.0,0.0,0.0,0.0,0.0
1773806354.061117,False,0.26711488,1773806353.2407322,299.70148,246.16594,16.806892,31.713558,1.3856018,,,,,,,,,,,0.0,0.0,0.0,0.0,0.0,0.0
1773806354.0707998,False,0.26711488,1773806353.2407322,299.70148,246.16594,16.806892,31.713558,1.3856018,,,,,,,,,,,0.0,0.0,0.0,0.0,0.0,0.0
1773806354.080818,False,0.26711488,1773806353.2407322,299.70148,246.16594,16.806892,31.713558,1.3856018,,,,,,,,,,,0.0,0.0,0.0,0.0,0.0,0.0
1773806354.0911705,False,0.26711488,1773806353.2407322,299.70148,246.16594,16.806892,31.713558,1.3856018,,,,,,,,,,,0.0,0.0,0.0,0.0,0.0,0.0
1773806354.1012752,False,0.26711488,1773806353.2407322,299.70148,246.16594,16.806892,31.713558,1.3856018,,,,,,,,,,,0.0,0.0,0.0,0.0,0.0,0.0
1773806354.1108499,False,0.26711488,1773806353.2407322,299.70148,246.16594,16.806892,31.713558,1.3856018,,,,,,,,,,,0.0,0.0,0.0,0.0,0.0,0.0
1773806354.1208863,False,0.26711488,1773806353.2407322,299.70148,246.16594,16.806892,31.713558,1.3856018,,,,,,,,,,,0.0,0.0,0.0,0.0,0.0,0.0
1773806354.1309128,False,0.26711488,1773806353.2407322,299.70148,246.16594,16.806892,31.713558,1.3856018,,,,,,,,,,,0.0,0.0,0.0,0.0,0.0,0.0
1773806354.1409576,False,0.26711488,1773806353.2407322,299.70148,246.16594,16.806892,31.713558,1.3856018,,,,,,,,,,,0.0,0.0,0.0,0.0,0.0,0.0
1773806354.151291,False,0.26711488,1773806353.2407322,299.70148,246.16594,16.806892,31.713558,1.3856018,,,,,,,,,,,0.0,0.0,0.0,0.0,0.0,0.0
1773806354.1611307,False,0.26711488,1773806353.2407322,299.70148,246.16594,16.806892,31.713558,1.3856018,,,,,,,,,,,0.0,0.0,0.0,0.0,0.0,0.0
1773806354.1707249,False,0.26711488,1773806353.2407322,299.70148,246.16594,16.806892,31.713558,1.3856018,,,,,,,,,,,0.0,0.0,0.0,0.0,0.0,0.0
1773806354.1809647,False,0.26711488,1773806353.2407322,299.70148,246.16594,16.806892,31.713558,1.3856018,,,,,,,,,,,0.0,0.0,0.0,0.0,0.0,0.0
1773806354.1912248,False,0.26711488,1773806353.2407322,299.70148,246.16594,16.806892,31.713558,1.3856018,,,,,,,,,,,0.0,0.0,0.0,0.0,0.0,0.0
1773806354.2011092,False,0.26711488,1773806353.2407322,299.70148,246.16594,16.806892,31.713558,1.3856018,,,,,,,,,,,0.0,0.0,0.0,0.0,0.0,0.0
1773806354.211378,False,0.26711488,1773806353.2407322,299.70148,246.16594,16.806892,31.713558,1.3856018,,,,,,,,,,,0.0,0.0,0.0,0.0,0.0,0.0
1773806354.2209647,False,0.26711488,1773806353.2407322,299.70148,246.16594,16.806892,31.713558,1.3856018,,,,,,,,,,,0.0,0.0,0.0,0.0,0.0,0.0
1773806354.2310097,False,0.26711488,1773806353.2407322,299.70148,246.16594,16.806892,31.713558,1.3856018,,,,,,,,,,,0.0,0.0,0.0,0.0,0.0,0.0
1773806354.2409334,False,0.26711488,1773806353.2407322,299.70148,246.16594,16.806892,31.713558,1.3856018,,,,,,,,,,,0.0,0.0,0.0,0.0,0.0,0.0
1773806354.251231,False,0.26711488,1773806353.2407322,299.70148,246.16594,16.806892,31.713558,1.3856018,,,,,,,,,,,0.0,0.0,0.0,0.0,0.0,0.0
1773806354.261093,False,0.26711488,1773806353.2407322,299.70148,246.16594,16.806892,31.713558,1.3856018,,,,,,,,,,,0.0,0.0,0.0,0.0,0.0,0.0
1773806354.270854,False,0.26711488,1773806353.2407322,299.70148,246.16594,16.806892,31.713558,1.3856018,,,,,,,,,,,0.0,0.0,0.0,0.0,0.0,0.0
1773806354.2811186,False,0.26711488,1773806353.2407322,299.70148,246.16594,16.806892,31.713558,1.3856018,,,,,,,,,,,0.0,0.0,0.0,0.0,0.0,0.0
1773806354.2911525,False,0.26711488,1773806353.2407322,299.70148,246.16594,16.806892,31.713558,1.3856018,,,,,,,,,,,0.0,0.0,0.0,0.0,0.0,0.0
1773806354.3010628,False,0.26711488,1773806353.2407322,299.70148,246.16594,16.806892,31.713558,1.3856018,,,,,,,,,,,0.0,0.0,0.0,0.0,0.0,0.0
1773806354.3109062,False,0.26711488,1773806353.2407322,299.70148,246.16594,16.806892,31.713558,1.3856018,,,,,,,,,,,0.0,0.0,0.0,0.0,0.0,0.0
1773806354.3213532,False,0.26711488,1773806353.2407322,299.70148,246.16594,16.806892,31.713558,1.3856018,,,,,,,,,,,0.0,0.0,0.0,0.0,0.0,0.0
1773806354.3311136,False,0.26711488,1773806353.2407322,299.70148,246.16594,16.806892,31.713558,1.3856018,,,,,,,,,,,0.0,0.0,0.0,0.0,0.0,0.0
1773806354.3409576,False,0.26711488,1773806353.2407322,299.70148,246.16594,16.806892,31.713558,1.3856018,,,,,,,,,,,0.0,0.0,0.0,0.0,0.0,0.0
1773806354.3513892,False,0.26711488,1773806353.2407322,299.70148,246.16594,16.806892,31.713558,1.3856018,,,,,,,,,,,0.0,0.0,0.0,0.0,0.0,0.0
1773806354.3609192,False,0.26711488,1773806353.2407322,299.70148,246.16594,16.806892,31.713558,1.3856018,,,,,,,,,,,0.0,0.0,0.0,0.0,0.0,0.0
1773806354.3710263,False,0.26711488,1773806353.2407322,299.70148,246.16594,16.806892,31.713558,1.3856018,,,,,,,,,,,0.0,0.0,0.0,0.0,0.0,0.0
1773806354.3806708,False,0.26711488,1773806353.2407322,299.70148,246.16594,16.806892,31.713558,1.3856018,,,,,,,,,,,0.0,0.0,0.0,0.0,0.0,0.0
1773806354.3907795,False,0.26711488,1773806353.2407322,299.70148,246.16594,16.806892,31.713558,1.3856018,,,,,,,,,,,0.0,0.0,0.0,0.0,0.0,0.0
1773806354.4008102,False,0.26711488,1773806353.2407322,299.70148,246.16594,16.806892,31.713558,1.3856018,,,,,,,,,,,0.0,0.0,0.0,0.0,0.0,0.0
1773806354.4108386,False,0.26711488,1773806353.2407322,299.70148,246.16594,16.806892,31.713558,1.3856018,,,,,,,,,,,0.0,0.0,0.0,0.0,0.0,0.0
1773806354.420855,False,0.26711488,1773806353.2407322,299.70148,246.16594,16.806892,31.713558,1.3856018,,,,,,,,,,,0.0,0.0,0.0,0.0,0.0,0.0
1773806354.4308023,False,0.26711488,1773806353.2407322,299.70148,246.16594,16.806892,31.713558,1.3856018,,,,,,,,,,,0.0,0.0,0.0,0.0,0.0,0.0
1773806354.440818,False,0.26711488,1773806353.2407322,299.70148,246.16594,16.806892,31.713558,1.3856018,,,,,,,,,,,0.0,0.0,0.0,0.0,0.0,0.0
1773806354.45084,False,0.26711488,1773806353.2407322,299.70148,246.16594,16.806892,31.713558,1.3856018,,,,,,,,,,,0.0,0.0,0.0,0.0,0.0,0.0
1773806354.4613893,False,0.26711488,1773806353.2407322,299.70148,246.16594,16.806892,31.713558,1.3856018,,,,,,,,,,,0.0,0.0,0.0,0.0,0.0,0.0
1773806354.4709992,False,0.26711488,1773806353.2407322,299.70148,246.16594,16.806892,31.713558,1.3856018,,,,,,,,,,,0.0,0.0,0.0,0.0,0.0,0.0
1773806354.4809096,False,0.26711488,1773806353.2407322,299.70148,246.16594,16.806892,31.713558,1.3856018,,,,,,,,,,,0.0,0.0,0.0,0.0,0.0,0.0
1773806354.4909348,False,0.26711488,1773806353.2407322,299.70148,246.16594,16.806892,31.713558,1.3856018,,,,,,,,,,,0.0,0.0,0.0,0.0,0.0,0.0
1773806354.5010898,False,0.26711488,1773806353.2407322,299.70148,246.16594,16.806892,31.713558,1.3856018,,,,,,,,,,,0.0,0.0,0.0,0.0,0.0,0.0
1773806354.5109873,False,0.26711488,1773806353.2407322,299.70148,246.16594,16.806892,31.713558,1.3856018,,,,,,,,,,,0.0,0.0,0.0,0.0,0.0,0.0
1773806354.520842,False,0.26711488,1773806353.2407322,299.70148,246.16594,16.806892,31.713558,1.3856018,,,,,,,,,,,0.0,0.0,0.0,0.0,0.0,0.0
1773806354.5309203,False,0.26711488,1773806353.2407322,299.70148,246.16594,16.806892,31.713558,1.3856018,,,,,,,,,,,0.0,0.0,0.0,0.0,0.0,0.0
1773806354.5412035,False,0.26711488,1773806353.2407322,299.70148,246.16594,16.806892,31.713558,1.3856018,,,,,,,,,,,0.0,0.0,0.0,0.0,0.0,0.0
1773806354.5508616,False,0.26711488,1773806353.2407322,299.70148,246.16594,16.806892,31.713558,1.3856018,,,,,,,,,,,0.0,0.0,0.0,0.0,0.0,0.0
1773806354.5608535,False,0.26711488,1773806353.2407322,299.70148,246.16594,16.806892,31.713558,1.3856018,,,,,,,,,,,0.0,0.0,0.0,0.0,0.0,0.0
1773806354.570781,False,0.26711488,1773806353.2407322,299.70148,246.16594,16.806892,31.713558,1.3856018,,,,,,,,,,,0.0,0.0,0.0,0.0,0.0,0.0
1773806354.5807967,False,0.26711488,1773806353.2407322,299.70148,246.16594,16.806892,31.713558,1.3856018,,,,,,,,,,,0.0,0.0,0.0,0.0,0.0,0.0
1773806354.5908372,False,0.26711488,1773806353.2407322,299.70148,246.16594,16.806892,31.713558,1.3856018,,,,,,,,,,,0.0,0.0,0.0,0.0,0.0,0.0
1773806354.6011324,False,0.26711488,1773806353.2407322,299.70148,246.16594,16.806892,31.713558,1.3856018,,,,,,,,,,,0.0,0.0,0.0,0.0,0.0,0.0
1773806354.6112525,False,0.26711488,1773806353.2407322,299.70148,246.16594,16.806892,31.713558,1.3856018,,,,,,,,,,,0.0,0.0,0.0,0.0,0.0,0.0
1773806354.620792,False,0.26711488,1773806353.2407322,299.70148,246.16594,16.806892,31.713558,1.3856018,,,,,,,,,,,0.0,0.0,0.0,0.0,0.0,0.0
1773806354.6312995,False,0.26711488,1773806353.2407322,299.70148,246.16594,16.806892,31.713558,1.3856018,,,,,,,,,,,0.0,0.0,0.0,0.0,0.0,0.0
1773806354.6408324,False,0.26711488,1773806353.2407322,299.70148,246.16594,16.806892,31.713558,1.3856018,,,,,,,,,,,0.0,0.0,0.0,0.0,0.0,0.0
1773806354.6508486,False,0.26711488,1773806353.2407322,299.70148,246.16594,16.806892,31.713558,1.3856018,,,,,,,,,,,0.0,0.0,0.0,0.0,0.0,0.0
1773806354.6608782,False,0.26711488,1773806353.2407322,299.70148,246.16594,16.806892,31.713558,1.3856018,,,,,,,,,,,0.0,0.0,0.0,0.0,0.0,0.0
1773806354.6713617,False,0.26711488,1773806353.2407322,299.70148,246.16594,16.806892,31.713558,1.3856018,,,,,,,,,,,0.0,0.0,0.0,0.0,0.0,0.0
1773806354.6814048,False,0.26711488,1773806353.2407322,299.70148,246.16594,16.806892,31.713558,1.3856018,,,,,,,,,,,0.0,0.0,0.0,0.0,0.0,0.0
1773806354.6908486,False,0.26711488,1773806353.2407322,299.70148,246.16594,16.806892,31.713558,1.3856018,,,,,,,,,,,0.0,0.0,0.0,0.0,0.0,0.0
1773806354.7008822,False,0.26711488,1773806353.2407322,299.70148,246.16594,16.806892,31.713558,1.3856018,,,,,,,,,,,0.0,0.0,0.0,0.0,0.0,0.0
1773806354.711069,False,0.26711488,1773806353.2407322,299.70148,246.16594,16.806892,31.713558,1.3856018,,,,,,,,,,,0.0,0.0,0.0,0.0,0.0,0.0
1773806354.7208226,False,0.26711488,1773806353.2407322,299.70148,246.16594,16.806892,31.713558,1.3856018,,,,,,,,,,,0.0,0.0,0.0,0.0,0.0,0.0
1773806354.7310982,False,0.26711488,1773806353.2407322,299.70148,246.16594,16.806892,31.713558,1.3856018,,,,,,,,,,,0.0,0.0,0.0,0.0,0.0,0.0
1773806354.7411845,False,0.26711488,1773806353.2407322,299.70148,246.16594,16.806892,31.713558,1.3856018,,,,,,,,,,,0.0,0.0,0.0,0.0,0.0,0.0
1773806354.7513542,False,0.26711488,1773806353.2407322,299.70148,246.16594,16.806892,31.713558,1.3856018,,,,,,,,,,,0.0,0.0,0.0,0.0,0.0,0.0
1773806354.761017,False,0.26711488,1773806353.2407322,299.70148,246.16594,16.806892,31.713558,1.3856018,,,,,,,,,,,0.0,0.0,0.0,0.0,0.0,0.0
1773806354.7712574,False,0.26711488,1773806353.2407322,299.70148,246.16594,16.806892,31.713558,1.3856018,,,,,,,,,,,0.0,0.0,0.0,0.0,0.0,0.0
1773806354.7809947,False,0.26711488,1773806353.2407322,299.70148,246.16594,16.806892,31.713558,1.3856018,,,,,,,,,,,0.0,0.0,0.0,0.0,0.0,0.0
1773806354.7910779,False,0.26711488,1773806353.2407322,299.70148,246.16594,16.806892,31.713558,1.3856018,,,,,,,,,,,0.0,0.0,0.0,0.0,0.0,0.0
1773806354.8011627,False,0.26711488,1773806353.2407322,299.70148,246.16594,16.806892,31.713558,1.3856018,,,,,,,,,,,0.0,0.0,0.0,0.0,0.0,0.0
1773806354.811222,False,0.26711488,1773806353.2407322,299.70148,246.16594,16.806892,31.713558,1.3856018,,,,,,,,,,,0.0,0.0,0.0,0.0,0.0,0.0
1773806354.8207314,False,0.26711488,1773806353.2407322,299.70148,246.16594,16.806892,31.713558,1.3856018,,,,,,,,,,,0.0,0.0,0.0,0.0,0.0,0.0
1773806354.8307545,False,0.26711488,1773806353.2407322,299.70148,246.16594,16.806892,31.713558,1.3856018,,,,,,,,,,,0.0,0.0,0.0,0.0,0.0,0.0
1773806354.8407598,False,0.26711488,1773806353.2407322,299.70148,246.16594,16.806892,31.713558,1.3856018,,,,,,,,,,,0.0,0.0,0.0,0.0,0.0,0.0
1773806354.8508027,False,0.26711488,1773806353.2407322,299.70148,246.16594,16.806892,31.713558,1.3856018,,,,,,,,,,,0.0,0.0,0.0,0.0,0.0,0.0
1773806354.8613296,False,0.26711488,1773806353.2407322,299.70148,246.16594,16.806892,31.713558,1.3856018,,,,,,,,,,,0.0,0.0,0.0,0.0,0.0,0.0
1773806354.8709562,False,0.26711488,1773806353.2407322,299.70148,246.16594,16.806892,31.713558,1.3856018,,,,,,,,,,,0.0,0.0,0.0,0.0,0.0,0.0
1773806354.8807693,False,0.26711488,1773806353.2407322,299.70148,246.16594,16.806892,31.713558,1.3856018,,,,,,,,,,,0.0,0.0,0.0,0.0,0.0,0.0
1773806354.8913245,False,0.26711488,1773806353.2407322,299.70148,246.16594,16.806892,31.713558,1.3856018,,,,,,,,,,,0.0,0.0,0.0,0.0,0.0,0.0
1773806354.9008617,False,0.26711488,1773806353.2407322,299.70148,246.16594,16.806892,31.713558,1.3856018,,,,,,,,,,,0.0,0.0,0.0,0.0,0.0,0.0
1773806354.9111412,False,0.26711488,1773806353.2407322,299.70148,246.16594,16.806892,31.713558,1.3856018,,,,,,,,,,,0.0,0.0,0.0,0.0,0.0,0.0
1773806354.9209123,False,0.26711488,1773806353.2407322,299.70148,246.16594,16.806892,31.713558,1.3856018,,,,,,,,,,,0.0,0.0,0.0,0.0,0.0,0.0
1773806354.931168,False,0.26711488,1773806353.2407322,299.70148,246.16594,16.806892,31.713558,1.3856018,,,,,,,,,,,0.0,0.0,0.0,0.0,0.0,0.0
1773806354.9409673,False,0.26711488,1773806353.2407322,299.70148,246.16594,16.806892,31.713558,1.3856018,,,,,,,,,,,0.0,0.0,0.0,0.0,0.0,0.0
1773806354.9511182,False,0.26711488,1773806353.2407322,299.70148,246.16594,16.806892,31.713558,1.3856018,,,,,,,,,,,0.0,0.0,0.0,0.0,0.0,0.0
1773806354.9611979,False,0.26711488,1773806353.2407322,299.70148,246.16594,16.806892,31.713558,1.3856018,,,,,,,,,,,0.0,0.0,0.0,0.0,0.0,0.0
1773806354.9708524,False,0.26711488,1773806353.2407322,299.70148,246.16594,16.806892,31.713558,1.3856018,,,,,,,,,,,0.0,0.0,0.0,0.0,0.0,0.0
1773806354.9809952,False,0.26711488,1773806353.2407322,299.70148,246.16594,16.806892,31.713558,1.3856018,,,,,,,,,,,0.0,0.0,0.0,0.0,0.0,0.0
1773806354.9911351,False,0.26711488,1773806353.2407322,299.70148,246.16594,16.806892,31.713558,1.3856018,,,,,,,,,,,0.0,0.0,0.0,0.0,0.0,0.0
1773806355.001181,False,0.26711488,1773806353.2407322,299.70148,246.16594,16.806892,31.713558,1.3856018,,,,,,,,,,,0.0,0.0,0.0,0.0,0.0,0.0
1773806355.010751,False,0.26711488,1773806353.2407322,299.70148,246.16594,16.806892,31.713558,1.3856018,,,,,,,,,,,0.0,0.0,0.0,0.0,0.0,0.0
1773806355.021374,False,0.26711488,1773806353.2407322,299.70148,246.16594,16.806892,31.713558,1.3856018,,,,,,,,,,,0.0,0.0,0.0,0.0,0.0,0.0
1773806355.0309396,False,0.26711488,1773806353.2407322,299.70148,246.16594,16.806892,31.713558,1.3856018,,,,,,,,,,,0.0,0.0,0.0,0.0,0.0,0.0
1773806355.0412724,False,0.26711488,1773806353.2407322,299.70148,246.16594,16.806892,31.713558,1.3856018,,,,,,,,,,,0.0,0.0,0.0,0.0,0.0,0.0
1773806355.0510347,False,0.26711488,1773806353.2407322,299.70148,246.16594,16.806892,31.713558,1.3856018,,,,,,,,,,,0.0,0.0,0.0,0.0,0.0,0.0
1773806355.061063,False,0.26711488,1773806353.2407322,299.70148,246.16594,16.806892,31.713558,1.3856018,,,,,,,,,,,0.0,0.0,0.0,0.0,0.0,0.0
1773806355.071104,False,0.26711488,1773806353.2407322,299.70148,246.16594,16.806892,31.713558,1.3856018,,,,,,,,,,,0.0,0.0,0.0,0.0,0.0,0.0
1773806355.0809891,False,0.26711488,1773806353.2407322,299.70148,246.16594,16.806892,31.713558,1.3856018,,,,,,,,,,,0.0,0.0,0.0,0.0,0.0,0.0
1773806355.0910177,False,0.26711488,1773806353.2407322,299.70148,246.16594,16.806892,31.713558,1.3856018,,,,,,,,,,,0.0,0.0,0.0,0.0,0.0,0.0
1773806355.1010785,False,0.26711488,1773806353.2407322,299.70148,246.16594,16.806892,31.713558,1.3856018,,,,,,,,,,,0.0,0.0,0.0,0.0,0.0,0.0
1773806355.1111417,False,0.26711488,1773806353.2407322,299.70148,246.16594,16.806892,31.713558,1.3856018,,,,,,,,,,,0.0,0.0,0.0,0.0,0.0,0.0
1773806355.120855,False,0.26711488,1773806353.2407322,299.70148,246.16594,16.806892,31.713558,1.3856018,,,,,,,,,,,0.0,0.0,0.0,0.0,0.0,0.0
1773806355.131185,False,0.26711488,1773806353.2407322,299.70148,246.16594,16.806892,31.713558,1.3856018,,,,,,,,,,,0.0,0.0,0.0,0.0,0.0,0.0
1773806355.1409898,False,0.26711488,1773806353.2407322,299.70148,246.16594,16.806892,31.713558,1.3856018,,,,,,,,,,,0.0,0.0,0.0,0.0,0.0,0.0
1773806355.151116,False,0.26711488,1773806353.2407322,299.70148,246.16594,16.806892,31.713558,1.3856018,,,,,,,,,,,0.0,0.0,0.0,0.0,0.0,0.0
1773806355.1607056,False,0.26711488,1773806353.2407322,299.70148,246.16594,16.806892,31.713558,1.3856018,,,,,,,,,,,0.0,0.0,0.0,0.0,0.0,0.0
1773806355.1707437,False,0.26711488,1773806353.2407322,299.70148,246.16594,16.806892,31.713558,1.3856018,,,,,,,,,,,0.0,0.0,0.0,0.0,0.0,0.0
1773806355.1808197,True,0.3238239,1773806355.174754,299.71005,247.2317,16.080269,30.18494,1.3928578,299.71454694905714,246.37810712204765,518.6738608435487,0.9832927783126095,0.18200057927887398,1.3877746700713134,87.71454694905714,126.37810712204765,-2.160557389263398,-1.3877746700713134,-0.03,-0.03,0.03,0.0,0.0,-0.013877746700713135
1773806355.1910002,True,0.3238239,1773806355.174754,299.71005,247.2317,16.080269,30.18494,1.3928578,299.71364805729263,246.54882664002096,508.6862899928278,0.983568144294351,0.18050071656281944,1.3892996101342618,87.71364805729263,126.54882664002096,-2.1800011753586777,-1.3892996101342618,-0.03,-0.03,0.03,0.0,0.0,-0.01389299610134262
1773806355.2012115,True,0.3238239,1773806355.174754,299.71005,247.2317,16.080269,30.18494,1.3928578,299.712928943881,246.6854022543996,501.6949903973232,0.98376090048157,0.17945081266158125,1.3903670683917868,87.71292894388102,126.6854022543996,-2.193840329573542,-1.3903670683917868,-0.03,-0.03,0.03,0.0,0.0,-0.013903670683917868
1773806355.211359,True,0.3238239,1773806355.174754,299.71005,247.2317,16.080269,30.18494,1.3928578,299.7123536531517,246.7946627459025,496.8010806804699,0.9838958298126234,0.17871587993071453,1.3911142877671823,87.7123536531517,126.79466274590251,-2.2036429698587585,-1.3911142877671823,-0.03,-0.03,0.03,0.0,0.0,-0.013911142877671824
1773806355.2214413,True,0.3238239,1773806355.174754,299.71005,247.2317,16.080269,30.18494,1.3928578,299.71189342056823,246.88207113910485,493.37534387867265,0.9839902803443606,0.17820142701910782,1.3916373401238293,87.71189342056823,126.88207113910485,-2.210562444783147,-1.3916373401238293,-0.03,-0.03,0.03,0.0,0.0,-0.013916373401238294
1773806355.2309594,True,0.3238239,1773806355.174754,299.71005,247.2317,16.080269,30.18494,1.3928578,299.7115252345015,246.9519978536667,490.9773281174146,0.9840563957165768,0.17784130998098313,1.3920034760048954,87.7115252345015,126.95199785366671,-2.2154347239436007,-1.3920034760048954,-0.03,-0.03,0.03,0.0,0.0,-0.013920034760048954
1773806355.240834,True,0.3238239,1773806355.174754,299.71005,247.2317,16.080269,30.18494,1.3928578,299.7112306856481,247.0079392253162,489.2987170845339,0.9841026764771281,0.17758922805429583,1.392259770684124,87.7112306856481,127.00793922531619,-2.2188594994072286,-1.392259770684124,-0.03,-0.03,0.03,0.0,0.0,-0.01392259770684124
1773806355.25133,True,0.3238239,1773806355.174754,299.71005,247.2317,16.080269,30.18494,1.3928578,299.71099504656536,247.05269232263578,488.12368936151745,0.984135073009514,0.17741277070561473,1.392439176724308,87.71099504656536,127.05269232263578,-2.2212638402148928,-1.392439176724308,-0.03,-0.03,0.03,0.0,0.0,-0.013924391767243081
1773806355.260903,True,0.3238239,1773806355.174754,299.71005,247.2317,16.080269,30.18494,1.3928578,299.7108065352992,247.08849480049145,487.30116995540595,0.9841577505821841,0.17728925056153794,1.392564760829986,87.71080653529918,127.08849480049145,-2.222950325018326,-1.392564760829986,-0.03,-0.03,0.03,0.0,0.0,-0.013925647608299861
1773806355.270945,True,0.3238239,1773806355.174754,299.71005,247.2317,16.080269,30.18494,1.3928578,299.71065572628623,247.117136782776,486.72540637112786,0.9841736248830533,0.17720278646068421,1.3926526696415016,87.71065572628623,127.11713678277599,-2.2241325589846936,-1.3926526696415016,-0.03,-0.03,0.03,0.0,0.0,-0.013926526696415016
1773806355.280823,True,0.3238239,1773806355.174754,299.71005,247.2317,16.080269,30.18494,1.3928578,299.7105350790759,247.14005036860362,486.3223718621332,0.9841847368936616,0.1771422615900866,1.3927142057781146,87.7105350790759,127.14005036860362,-2.2249609551663787,-1.3927142057781146,-0.03,-0.03,0.03,0.0,0.0,-0.013927142057781146
1773806355.2908792,True,0.3238239,1773806355.174754,299.71005,247.2317,16.080269,30.18494,1.3928578,299.7104385613076,247.15838123726573,486.0402477058369,0.9841925153010874,0.1770998941806683,1.392757281058045,87.71043856130763,127.15838123726573,-2.2255412410772837,-1.392757281058045,-0.03,-0.03,0.03,0.0,0.0,-0.013927572810580451
1773806355.3009138,True,0.3238239,1773806355.174754,299.71005,247.2317,16.080269,30.18494,1.3928578,299.710361347093,247.1730459321954,485.8427607964296,0.9841979601862856,0.17707023699407545,1.392787433746205,87.710361347093,127.17304593219541,-2.2259476416633577,-1.392787433746205,-0.03,-0.03,0.03,0.0,0.0,-0.01392787433746205
1773806355.3138223,True,0.3238239,1773806355.174754,299.71005,247.2317,16.080269,30.18494,1.3928578,299.7102995757213,247.18477768813915,485.70451995984445,0.9842017716059243,0.17704947696346046,1.392808540624065,87.71029957572131,127.18477768813915,-2.2262322203766254,-1.392808540624065,-0.03,-0.03,0.03,0.0,0.0,-0.013928085406240649
1773806355.321842,True,0.3238239,1773806355.174754,299.71005,247.2317,16.080269,30.18494,1.3928578,299.7102501586239,247.19416309289414,485.6077513742348,0.9842044395996713,0.17703494494202998,1.3928233154366678,87.71025015862392,127.19416309289414,-2.226431473672987,-1.3928233154366678,-0.03,-0.03,0.03,0.0,0.0,-0.013928233154366679
1773806355.3313587,True,0.3238239,1773806355.174754,299.71005,247.2317,16.080269,30.18494,1.3928578,299.71021062494606,247.20167141669813,485.54001336430804,0.9842063071952942,0.17702477252702864,1.3928336578045553,87.71021062494606,127.20167141669813,-2.2265709746068225,-1.3928336578045553,-0.03,-0.03,0.03,0.0,0.0,-0.013928336578045554
1773806355.3408859,True,0.3238239,1773806355.174754,299.71005,247.2317,16.080269,30.18494,1.3928578,299.71017899800376,247.20767807574134,485.49259675735937,0.9842076145122303,0.17701765183652768,1.3928408974616173,87.71017899800376,127.20767807574134,-2.2266686368408033,-1.3928408974616173,-0.03,-0.03,0.03,0.0,0.0,-0.013928408974616174
1773806355.3510058,True,0.3238239,1773806355.174754,299.71005,247.2317,16.080269,30.18494,1.3928578,299.7101536964499,247.2124834029759,485.45940513249525,0.9842085296340856,0.177012667353177,1.3928459652213352,87.71015369644988,127.21248340297589,-2.2267370060800906,-1.3928459652213352,-0.03,-0.03,0.03,0.0,0.0,-0.013928459652213352
1773806355.3610358,True,0.3238239,1773806355.174754,299.71005,247.2317,16.080269,30.18494,1.3928578,299.7101334552068,247.21632766476355,485.4361709950904,0.9842091702193843,0.17700917821483153,1.392849512653027,87.7101334552068,127.21632766476355,-2.2267848673289845,-1.392849512653027,-0.03,-0.03,0.03,0.0,0.0,-0.01392849512653027
1773806355.3709242,True,0.3238239,1773806355.174754,299.71005,247.2317,16.080269,30.18494,1.3928578,299.71011726221235,247.21940307419368,485.41990709890695,0.9842096186290933,0.1770067358179897,1.3928519958551568,87.71011726221235,127.21940307419368,-2.226818371566228,-1.3928519958551568,-0.03,-0.03,0.03,0.0,0.0,-0.013928519958551568
1773806355.381101,False,0.3238239,1773806355.174754,299.71005,247.2317,16.080269,30.18494,1.3928578,,,,,,,,,,,0.0,0.0,0.0,0.0,0.0,0.0
1773806355.3907254,False,0.3238239,1773806355.174754,299.71005,247.2317,16.080269,30.18494,1.3928578,,,,,,,,,,,0.0,0.0,0.0,0.0,0.0,0.0
1773806355.4012673,False,0.3238239,1773806355.174754,299.71005,247.2317,16.080269,30.18494,1.3928578,,,,,,,,,,,0.0,0.0,0.0,0.0,0.0,0.0
1773806355.4111488,False,0.3238239,1773806355.174754,299.71005,247.2317,16.080269,30.18494,1.3928578,,,,,,,,,,,0.0,0.0,0.0,0.0,0.0,0.0
1773806355.4211538,False,0.3238239,1773806355.174754,299.71005,247.2317,16.080269,30.18494,1.3928578,,,,,,,,,,,0.0,0.0,0.0,0.0,0.0,0.0
1773806355.431461,False,0.3238239,1773806355.174754,299.71005,247.2317,16.080269,30.18494,1.3928578,,,,,,,,,,,0.0,0.0,0.0,0.0,0.0,0.0
1773806355.441077,False,0.3238239,1773806355.174754,299.71005,247.2317,16.080269,30.18494,1.3928578,,,,,,,,,,,0.0,0.0,0.0,0.0,0.0,0.0
1773806355.451145,False,0.3238239,1773806355.174754,299.71005,247.2317,16.080269,30.18494,1.3928578,,,,,,,,,,,0.0,0.0,0.0,0.0,0.0,0.0
1773806355.4610066,False,0.3238239,1773806355.174754,299.71005,247.2317,16.080269,30.18494,1.3928578,,,,,,,,,,,0.0,0.0,0.0,0.0,0.0,0.0
1773806355.471165,False,0.3238239,1773806355.174754,299.71005,247.2317,16.080269,30.18494,1.3928578,,,,,,,,,,,0.0,0.0,0.0,0.0,0.0,0.0
1773806355.4807234,False,0.3238239,1773806355.174754,299.71005,247.2317,16.080269,30.18494,1.3928578,,,,,,,,,,,0.0,0.0,0.0,0.0,0.0,0.0
1773806355.491086,False,0.3238239,1773806355.174754,299.71005,247.2317,16.080269,30.18494,1.3928578,,,,,,,,,,,0.0,0.0,0.0,0.0,0.0,0.0
1773806355.5011444,False,0.3238239,1773806355.174754,299.71005,247.2317,16.080269,30.18494,1.3928578,,,,,,,,,,,0.0,0.0,0.0,0.0,0.0,0.0
1773806355.5113025,False,0.3238239,1773806355.174754,299.71005,247.2317,16.080269,30.18494,1.3928578,,,,,,,,,,,0.0,0.0,0.0,0.0,0.0,0.0
1773806355.5209,False,0.3238239,1773806355.174754,299.71005,247.2317,16.080269,30.18494,1.3928578,,,,,,,,,,,0.0,0.0,0.0,0.0,0.0,0.0
1773806355.5309422,False,0.3238239,1773806355.174754,299.71005,247.2317,16.080269,30.18494,1.3928578,,,,,,,,,,,0.0,0.0,0.0,0.0,0.0,0.0
1773806355.5410075,True,0.27297673,1773806355.5395024,300.22552,247.64372,17.021032,31.044601,1.3975052,299.81319879023863,247.3042669661909,498.3172931235317,0.984453520086426,0.1756322590865329,1.3942479449525866,87.81319879023863,127.30426696619091,-2.200595666831746,-1.3942479449525866,-0.03,-0.03,0.03,0.0,0.0,-0.013942479449525867
1773806355.5511432,True,0.27297673,1773806355.5395024,300.22552,247.64372,17.021032,31.044601,1.3975052,299.89566401265967,247.37215807978868,507.345463340769,0.9846242511065588,0.17467012537451315,1.3952251117920897,87.89566401265967,127.37215807978868,-2.1826405169462277,-1.3952251117920897,-0.03,-0.03,0.03,0.0,0.0,-0.013952251117920898
1773806355.5611463,True,0.27297673,1773806355.5395024,300.22552,247.64372,17.021032,31.044601,1.3975052,299.9616361905965,247.4264709706669,513.6651824928351,0.9847437628206518,0.17399663177609934,1.3959091286327652,87.9616361905965,127.42647097066691,-2.170261018482088,-1.3959091286327652,-0.03,-0.03,0.03,0.0,0.0,-0.013959091286327652
1773806355.5711792,True,0.27297673,1773806355.5395024,300.22552,247.64372,17.021032,31.044601,1.3975052,300.01441393294596,247.4699212833695,518.0889858992814,0.9848274210205169,0.17352518625720967,1.3963879400500536,88.01441393294596,127.4699212833695,-2.1616856608023522,-1.3963879400500536,-0.03,-0.03,0.03,0.0,0.0,-0.013963879400500536
1773806355.5809624,True,0.27297673,1773806355.5395024,300.22552,247.64372,17.021032,31.044601,1.3975052,300.05663612682554,247.50468153353157,521.1856482837939,0.9848859817604225,0.1731951743939869,1.3967231077240478,88.05663612682554,127.50468153353157,-2.1557263667966766,-1.3967231077240478,-0.03,-0.03,0.03,0.0,0.0,-0.013967231077240478
1773806355.5913498,True,0.27297673,1773806355.5395024,300.22552,247.64372,17.021032,31.044601,1.3975052,300.0904138819292,247.5324897336612,523.3533119529525,0.9849269742783564,0.17296416608973098,1.396957724893245,88.09041388192918,127.53248973366121,-2.151575891106562,-1.396957724893245,-0.03,-0.03,0.03,0.0,0.0,-0.01396957724893245
1773806355.6008623,True,0.27297673,1773806355.5395024,300.22552,247.64372,17.021032,31.044601,1.3975052,300.1174360860121,247.55473629376493,524.8706765213635,0.9849556690409101,0.17280246027675183,1.397121956796383,88.1174360860121,127.55473629376493,-2.1486807739466105,-1.397121956796383,-0.03,-0.03,0.03,0.0,0.0,-0.01397121956796383
1773806355.6112564,True,0.27297673,1773806355.5395024,300.22552,247.64372,17.021032,31.044601,1.3975052,300.1390538492784,247.57253354184792,525.9328317192513,0.9849757553746977,0.17268926620766642,1.3972369190665854,88.13905384927841,127.57253354184792,-2.1466591675258075,-1.3972369190665854,-0.03,-0.03,0.03,0.0,0.0,-0.013972369190665855
1773806355.6211493,True,0.27297673,1773806355.5395024,300.22552,247.64372,17.021032,31.044601,1.3975052,300.15634805989146,247.5867713403143,526.6763403577728,0.9849898158083491,0.1726100303593066,1.3973173926234645,88.15634805989146,127.5867713403143,-2.1452464708062706,-1.3973173926234645,-0.03,-0.03,0.03,0.0,0.0,-0.013973173926234646
1773806355.6312559,True,0.27297673,1773806355.5395024,300.22552,247.64372,17.021032,31.044601,1.3975052,300.17018342838196,247.5981615790874,527.1967964047378,0.984999658111905,0.17255456526545476,1.3973737240968243,88.17018342838196,127.59816157908739,-2.144258769210849,-1.3973737240968243,-0.03,-0.03,0.03,0.0,0.0,-0.013973737240968244
1773806355.6408718,True,0.27297673,1773806355.5395024,300.22552,247.64372,17.021032,31.044601,1.3975052,300.18125172317434,247.60727377010588,527.5611156376133,0.9850065477243942,0.17251573969975847,1.3974131561198913,88.18125172317434,127.60727377010588,-2.143567958090678,-1.3974131561198913,-0.03,-0.03,0.03,0.0,0.0,-0.013974131561198913
1773806355.650746,True,0.27297673,1773806355.5395024,300.22552,247.64372,17.021032,31.044601,1.3975052,300.19010635900827,247.61456352292066,527.8161391006262,0.9850113704531366,0.17248856180377106,1.3974407585319022,88.19010635900827,127.61456352292066,-2.143084674095629,-1.3974407585319022,-0.03,-0.03,0.03,0.0,0.0,-0.013974407585319022
1773806355.6610649,True,0.27297673,1773806355.5395024,300.22552,247.64372,17.021032,31.044601,1.3975052,300.19719006767536,247.6203953251725,527.9946555247352,0.9850147463632563,0.17246953727657988,1.3974600802182575,88.19719006767536,127.6203953251725,-2.1427465142156223,-1.3974600802182575,-0.03,-0.03,0.03,0.0,0.0,-0.013974600802182576
1773806355.670625,True,0.27297673,1773806355.5395024,300.22552,247.64372,17.021032,31.044601,1.3975052,300.20285703460905,247.62506076697395,528.1196170216115,0.98501710950034,0.17245622010754605,1.3974736053976913,88.20285703460905,127.62506076697395,-2.1425098703207186,-1.3974736053976913,-0.03,-0.03,0.03,0.0,0.0,-0.013974736053976913
1773806355.6811323,True,0.27297673,1773806355.5395024,300.22552,247.64372,17.021032,31.044601,1.3975052,300.207390608156,247.6287931204151,528.2070900694249,0.9850187636962987,0.17244689808922237,1.3974830730227947,88.207390608156,127.62879312041511,-2.1423442529081775,-1.3974830730227947,-0.03,-0.03,0.03,0.0,0.0,-0.013974830730227948
1773806355.6911716,True,0.27297673,1773806355.5395024,300.22552,247.64372,17.021032,31.044601,1.3975052,300.21101746699355,247.63177900316805,528.2683212028943,0.9850199216334697,0.17244037267639578,1.397489700360121,88.21101746699355,127.63177900316805,-2.142228337037567,-1.397489700360121,-0.03,-0.03,0.03,0.0,0.0,-0.01397489700360121
1773806355.7012093,True,0.27297673,1773806355.5395024,300.22552,247.64372,17.021032,31.044601,1.3975052,300.2139189540636,247.6341677093704,528.3111829963228,0.9850207321894895,0.17243580488741717,1.3974943394961283,88.21391895406362,127.63416770937039,-2.14214720392211,-1.3974943394961283,-0.03,-0.03,0.03,0.0,0.0,-0.013974943394961284
1773806355.7112107,True,0.27297673,1773806355.5395024,300.22552,247.64372,17.021032,31.044601,1.3975052,300.2162401437197,247.63607867433228,528.3411862517228,0.9850212995787033,0.17243260743513217,1.397497586891274,88.21624014371969,127.63607867433228,-2.1420904146576722,-1.397497586891274,-0.03,-0.03,0.03,0.0,0.0,-0.013974975868912741
1773806355.7210405,True,0.27297673,1773806355.5395024,300.22552,247.64372,17.021032,31.044601,1.3975052,300.2180970954445,247.63760744630179,528.3621885305027,0.985021696751153,0.17243036921853266,1.3974998600678468,88.21809709544448,127.63760744630179,-2.1420506640913657,-1.3974998600678468,-0.03,-0.03,0.03,0.0,0.0,-0.013974998600678468
1773806355.7311265,True,0.27297673,1773806355.5395024,300.22552,247.64372,17.021032,31.044601,1.3975052,300.21958265682434,247.63883046387738,528.3768901256487,0.9850219747718678,0.172428802466913,1.3975014512914337,88.21958265682434,127.63883046387738,-2.1420228396350853,-1.3975014512914337,-0.03,-0.03,0.03,0.0,0.0,-0.013975014512914337
1773806355.7410724,False,0.27297673,1773806355.5395024,300.22552,247.64372,17.021032,31.044601,1.3975052,,,,,,,,,,,0.0,0.0,0.0,0.0,0.0,0.0
1773806355.751119,False,0.27297673,1773806355.5395024,300.22552,247.64372,17.021032,31.044601,1.3975052,,,,,,,,,,,0.0,0.0,0.0,0.0,0.0,0.0
1773806355.7608273,False,0.27297673,1773806355.5395024,300.22552,247.64372,17.021032,31.044601,1.3975052,,,,,,,,,,,0.0,0.0,0.0,0.0,0.0,0.0
1773806355.7710893,False,0.27297673,1773806355.5395024,300.22552,247.64372,17.021032,31.044601,1.3975052,,,,,,,,,,,0.0,0.0,0.0,0.0,0.0,0.0
1773806355.7810585,False,0.27297673,1773806355.5395024,300.22552,247.64372,17.021032,31.044601,1.3975052,,,,,,,,,,,0.0,0.0,0.0,0.0,0.0,0.0
1773806355.7909887,False,0.27297673,1773806355.5395024,300.22552,247.64372,17.021032,31.044601,1.3975052,,,,,,,,,,,0.0,0.0,0.0,0.0,0.0,0.0
1773806355.8013291,False,0.27297673,1773806355.5395024,300.22552,247.64372,17.021032,31.044601,1.3975052,,,,,,,,,,,0.0,0.0,0.0,0.0,0.0,0.0
1773806355.810847,False,0.27297673,1773806355.5395024,300.22552,247.64372,17.021032,31.044601,1.3975052,,,,,,,,,,,0.0,0.0,0.0,0.0,0.0,0.0
1773806355.8208492,False,0.27297673,1773806355.5395024,300.22552,247.64372,17.021032,31.044601,1.3975052,,,,,,,,,,,0.0,0.0,0.0,0.0,0.0,0.0
1773806355.831399,False,0.27297673,1773806355.5395024,300.22552,247.64372,17.021032,31.044601,1.3975052,,,,,,,,,,,0.0,0.0,0.0,0.0,0.0,0.0
1773806355.8409352,False,0.27297673,1773806355.5395024,300.22552,247.64372,17.021032,31.044601,1.3975052,,,,,,,,,,,0.0,0.0,0.0,0.0,0.0,0.0
1773806355.8509774,False,0.27297673,1773806355.5395024,300.22552,247.64372,17.021032,31.044601,1.3975052,,,,,,,,,,,0.0,0.0,0.0,0.0,0.0,0.0
1773806355.8610086,False,0.27297673,1773806355.5395024,300.22552,247.64372,17.021032,31.044601,1.3975052,,,,,,,,,,,0.0,0.0,0.0,0.0,0.0,0.0
1773806355.8710463,False,0.27297673,1773806355.5395024,300.22552,247.64372,17.021032,31.044601,1.3975052,,,,,,,,,,,0.0,0.0,0.0,0.0,0.0,0.0
1773806355.8810954,False,0.27297673,1773806355.5395024,300.22552,247.64372,17.021032,31.044601,1.3975052,,,,,,,,,,,0.0,0.0,0.0,0.0,0.0,0.0
1773806355.8911355,False,0.27297673,1773806355.5395024,300.22552,247.64372,17.021032,31.044601,1.3975052,,,,,,,,,,,0.0,0.0,0.0,0.0,0.0,0.0
1773806355.901167,False,0.27297673,1773806355.5395024,300.22552,247.64372,17.021032,31.044601,1.3975052,,,,,,,,,,,0.0,0.0,0.0,0.0,0.0,0.0
1773806355.9111946,False,0.27297673,1773806355.5395024,300.22552,247.64372,17.021032,31.044601,1.3975052,,,,,,,,,,,0.0,0.0,0.0,0.0,0.0,0.0
1773806355.9212382,False,0.27297673,1773806355.5395024,300.22552,247.64372,17.021032,31.044601,1.3975052,,,,,,,,,,,0.0,0.0,0.0,0.0,0.0,0.0
1773806355.9312885,False,0.27297673,1773806355.5395024,300.22552,247.64372,17.021032,31.044601,1.3975052,,,,,,,,,,,0.0,0.0,0.0,0.0,0.0,0.0
1773806355.941136,False,0.27297673,1773806355.5395024,300.22552,247.64372,17.021032,31.044601,1.3975052,,,,,,,,,,,0.0,0.0,0.0,0.0,0.0,0.0
1773806355.9509008,False,0.27297673,1773806355.5395024,300.22552,247.64372,17.021032,31.044601,1.3975052,,,,,,,,,,,0.0,0.0,0.0,0.0,0.0,0.0
1773806355.961019,False,0.27297673,1773806355.5395024,300.22552,247.64372,17.021032,31.044601,1.3975052,,,,,,,,,,,0.0,0.0,0.0,0.0,0.0,0.0
1773806355.9707484,False,0.27297673,1773806355.5395024,300.22552,247.64372,17.021032,31.044601,1.3975052,,,,,,,,,,,0.0,0.0,0.0,0.0,0.0,0.0
1773806355.9812863,False,0.27297673,1773806355.5395024,300.22552,247.64372,17.021032,31.044601,1.3975052,,,,,,,,,,,0.0,0.0,0.0,0.0,0.0,0.0
1773806355.9913802,False,0.27297673,1773806355.5395024,300.22552,247.64372,17.021032,31.044601,1.3975052,,,,,,,,,,,0.0,0.0,0.0,0.0,0.0,0.0
1773806356.0009048,False,0.27297673,1773806355.5395024,300.22552,247.64372,17.021032,31.044601,1.3975052,,,,,,,,,,,0.0,0.0,0.0,0.0,0.0,0.0
1773806356.0115778,False,0.27297673,1773806355.5395024,300.22552,247.64372,17.021032,31.044601,1.3975052,,,,,,,,,,,0.0,0.0,0.0,0.0,0.0,0.0
1773806356.021317,False,0.27297673,1773806355.5395024,300.22552,247.64372,17.021032,31.044601,1.3975052,,,,,,,,,,,0.0,0.0,0.0,0.0,0.0,0.0
1773806356.0313723,False,0.27297673,1773806355.5395024,300.22552,247.64372,17.021032,31.044601,1.3975052,,,,,,,,,,,0.0,0.0,0.0,0.0,0.0,0.0
1773806356.0413508,False,0.27297673,1773806355.5395024,300.22552,247.64372,17.021032,31.044601,1.3975052,,,,,,,,,,,0.0,0.0,0.0,0.0,0.0,0.0
1773806356.0508249,False,0.27297673,1773806355.5395024,300.22552,247.64372,17.021032,31.044601,1.3975052,,,,,,,,,,,0.0,0.0,0.0,0.0,0.0,0.0
1773806356.0611176,False,0.27297673,1773806355.5395024,300.22552,247.64372,17.021032,31.044601,1.3975052,,,,,,,,,,,0.0,0.0,0.0,0.0,0.0,0.0
1773806356.0714898,False,0.27297673,1773806355.5395024,300.22552,247.64372,17.021032,31.044601,1.3975052,,,,,,,,,,,0.0,0.0,0.0,0.0,0.0,0.0
1773806356.0808642,False,0.27297673,1773806355.5395024,300.22552,247.64372,17.021032,31.044601,1.3975052,,,,,,,,,,,0.0,0.0,0.0,0.0,0.0,0.0
1773806356.0911708,False,0.27297673,1773806355.5395024,300.22552,247.64372,17.021032,31.044601,1.3975052,,,,,,,,,,,0.0,0.0,0.0,0.0,0.0,0.0
