time,det_valid,det_conf,det_t,det_u,det_v,det_w,det_h,det_theta,u_filtered,v_filtered,area_filtered,sin_filtered,cos_filtered,theta_filtered,e_u,e_v,e_area,e_theta,vx,vy,vz,wx,wy,wz
1773805181.7920485,False,,,,,,,,,,,,,,,,,,0.0,0.0,0.0,0.0,0.0,0.0
1773805181.8000834,False,,,,,,,,,,,,,,,,,,0.0,0.0,0.0,0.0,0.0,0.0
1773805181.8094976,False,,,,,,,,,,,,,,,,,,0.0,0.0,0.0,0.0,0.0,0.0
1773805181.8196428,False,,,,,,,,,,,,,,,,,,0.0,0.0,0.0,0.0,0.0,0.0
1773805181.829493,False,,,,,,,,,,,,,,,,,,0.0,0.0,0.0,0.0,0.0,0.0
1773805181.839361,False,,,,,,,,,,,,,,,,,,0.0,0.0,0.0,0.0,0.0,0.0
1773805181.8494067,False,,,,,,,,,,,,,,,,,,0.0,0.0,0.0,0.0,0.0,0.0
1773805181.8594613,False,,,,,,,,,,,,,,,,,,0.0,0.0,0.0,0.0,0.0,0.0
1773805181.86953,False,,,,,,,,,,,,,,,,,,0.0,0.0,0.0,0.0,0.0,0.0
1773805181.8796852,False,,,,,,,,,,,,,,,,,,0.0,0.0,0.0,0.0,0.0,0.0
1773805181.889491,False,,,,,,,,,,,,,,,,,,0.0,0.0,0.0,0.0,0.0,0.0
1773805181.8995,False,,,,,,,,,,,,,,,,,,0.0,0.0,0.0,0.0,0.0,0.0
1773805181.9092891,False,,,,,,,,,,,,,,,,,,0.0,0.0,0.0,0.0,0.0,0.0
1773805181.9193141,False,,,,,,,,,,,,,,,,,,0.0,0.0,0.0,0.0,0.0,0.0
1773805181.929511,False,,,,,,,,,,,,,,,,,,0.0,0.0,0.0,0.0,0.0,0.0
1773805181.9394312,False,,,,,,,,,,,,,,,,,,0.0,0.0,0.0,0.0,0.0,0.0
1773805181.9496682,False,,,,,,,,,,,,,,,,,,0.0,0.0,0.0,0.0,0.0,0.0
1773805181.959388,False,,,,,,,,,,,,,,,,,,0.0,0.0,0.0,0.0,0.0,0.0
1773805181.9696183,False,,,,,,,,,,,,,,,,,,0.0,0.0,0.0,0.0,0.0,0.0
1773805181.9794807,False,,,,,,,,,,,,,,,,,,0.0,0.0,0.0,0.0,0.0,0.0
1773805181.989665,False,,,,,,,,,,,,,,,,,,0.0,0.0,0.0,0.0,0.0,0.0
1773805181.9993713,False,,,,,,,,,,,,,,,,,,0.0,0.0,0.0,0.0,0.0,0.0
1773805182.0093825,False,,,,,,,,,,,,,,,,,,0.0,0.0,0.0,0.0,0.0,0.0
1773805182.0192091,False,,,,,,,,,,,,,,,,,,0.0,0.0,0.0,0.0,0.0,0.0
1773805182.0295298,False,,,,,,,,,,,,,,,,,,0.0,0.0,0.0,0.0,0.0,0.0
1773805182.0394132,False,,,,,,,,,,,,,,,,,,0.0,0.0,0.0,0.0,0.0,0.0
1773805182.0493796,False,,,,,,,,,,,,,,,,,,0.0,0.0,0.0,0.0,0.0,0.0
1773805182.0594876,False,,,,,,,,,,,,,,,,,,0.0,0.0,0.0,0.0,0.0,0.0
1773805182.0697076,False,,,,,,,,,,,,,,,,,,0.0,0.0,0.0,0.0,0.0,0.0
1773805182.07953,False,,,,,,,,,,,,,,,,,,0.0,0.0,0.0,0.0,0.0,0.0
1773805182.089289,False,,,,,,,,,,,,,,,,,,0.0,0.0,0.0,0.0,0.0,0.0
1773805182.09931,False,,,,,,,,,,,,,,,,,,0.0,0.0,0.0,0.0,0.0,0.0
1773805182.1093733,False,,,,,,,,,,,,,,,,,,0.0,0.0,0.0,0.0,0.0,0.0
1773805182.1195152,False,,,,,,,,,,,,,,,,,,0.0,0.0,0.0,0.0,0.0,0.0
1773805182.12947,False,,,,,,,,,,,,,,,,,,0.0,0.0,0.0,0.0,0.0,0.0
1773805182.1392295,False,,,,,,,,,,,,,,,,,,0.0,0.0,0.0,0.0,0.0,0.0
1773805182.1494467,False,,,,,,,,,,,,,,,,,,0.0,0.0,0.0,0.0,0.0,0.0
1773805182.159507,False,,,,,,,,,,,,,,,,,,0.0,0.0,0.0,0.0,0.0,0.0
1773805182.1694381,False,,,,,,,,,,,,,,,,,,0.0,0.0,0.0,0.0,0.0,0.0
1773805182.1797113,False,,,,,,,,,,,,,,,,,,0.0,0.0,0.0,0.0,0.0,0.0
1773805182.1893196,False,,,,,,,,,,,,,,,,,,0.0,0.0,0.0,0.0,0.0,0.0
1773805182.1996348,False,,,,,,,,,,,,,,,,,,0.0,0.0,0.0,0.0,0.0,0.0
1773805182.2100003,False,,,,,,,,,,,,,,,,,,0.0,0.0,0.0,0.0,0.0,0.0
1773805182.2195373,False,,,,,,,,,,,,,,,,,,0.0,0.0,0.0,0.0,0.0,0.0
1773805182.2293932,False,,,,,,,,,,,,,,,,,,0.0,0.0,0.0,0.0,0.0,0.0
1773805182.239405,False,,,,,,,,,,,,,,,,,,0.0,0.0,0.0,0.0,0.0,0.0
1773805182.2494574,False,,,,,,,,,,,,,,,,,,0.0,0.0,0.0,0.0,0.0,0.0
1773805182.2593908,False,,,,,,,,,,,,,,,,,,0.0,0.0,0.0,0.0,0.0,0.0
1773805182.2696073,False,,,,,,,,,,,,,,,,,,0.0,0.0,0.0,0.0,0.0,0.0
1773805182.2792368,False,,,,,,,,,,,,,,,,,,0.0,0.0,0.0,0.0,0.0,0.0
1773805182.2897098,False,,,,,,,,,,,,,,,,,,0.0,0.0,0.0,0.0,0.0,0.0
1773805182.2997816,False,,,,,,,,,,,,,,,,,,0.0,0.0,0.0,0.0,0.0,0.0
1773805182.3092053,False,,,,,,,,,,,,,,,,,,0.0,0.0,0.0,0.0,0.0,0.0
1773805182.3192496,False,,,,,,,,,,,,,,,,,,0.0,0.0,0.0,0.0,0.0,0.0
1773805182.3296947,False,,,,,,,,,,,,,,,,,,0.0,0.0,0.0,0.0,0.0,0.0
1773805182.3392594,False,,,,,,,,,,,,,,,,,,0.0,0.0,0.0,0.0,0.0,0.0
1773805182.349298,False,,,,,,,,,,,,,,,,,,0.0,0.0,0.0,0.0,0.0,0.0
1773805182.359316,False,,,,,,,,,,,,,,,,,,0.0,0.0,0.0,0.0,0.0,0.0
1773805182.369215,False,,,,,,,,,,,,,,,,,,0.0,0.0,0.0,0.0,0.0,0.0
1773805182.3792703,False,,,,,,,,,,,,,,,,,,0.0,0.0,0.0,0.0,0.0,0.0
1773805182.3892827,False,,,,,,,,,,,,,,,,,,0.0,0.0,0.0,0.0,0.0,0.0
1773805182.39932,False,,,,,,,,,,,,,,,,,,0.0,0.0,0.0,0.0,0.0,0.0
1773805182.4093757,False,,,,,,,,,,,,,,,,,,0.0,0.0,0.0,0.0,0.0,0.0
1773805182.4196093,False,,,,,,,,,,,,,,,,,,0.0,0.0,0.0,0.0,0.0,0.0
1773805182.4298565,False,,,,,,,,,,,,,,,,,,0.0,0.0,0.0,0.0,0.0,0.0
1773805182.4392626,False,,,,,,,,,,,,,,,,,,0.0,0.0,0.0,0.0,0.0,0.0
1773805182.4493113,False,,,,,,,,,,,,,,,,,,0.0,0.0,0.0,0.0,0.0,0.0
1773805182.459549,False,,,,,,,,,,,,,,,,,,0.0,0.0,0.0,0.0,0.0,0.0
1773805182.4693594,False,,,,,,,,,,,,,,,,,,0.0,0.0,0.0,0.0,0.0,0.0
1773805182.479633,False,,,,,,,,,,,,,,,,,,0.0,0.0,0.0,0.0,0.0,0.0
1773805182.4894423,False,,,,,,,,,,,,,,,,,,0.0,0.0,0.0,0.0,0.0,0.0
1773805182.4997015,False,,,,,,,,,,,,,,,,,,0.0,0.0,0.0,0.0,0.0,0.0
1773805182.5094714,False,,,,,,,,,,,,,,,,,,0.0,0.0,0.0,0.0,0.0,0.0
1773805182.519686,False,,,,,,,,,,,,,,,,,,0.0,0.0,0.0,0.0,0.0,0.0
1773805182.5294185,False,,,,,,,,,,,,,,,,,,0.0,0.0,0.0,0.0,0.0,0.0
1773805182.539811,False,,,,,,,,,,,,,,,,,,0.0,0.0,0.0,0.0,0.0,0.0
1773805182.5493343,False,,,,,,,,,,,,,,,,,,0.0,0.0,0.0,0.0,0.0,0.0
1773805182.5595574,False,,,,,,,,,,,,,,,,,,0.0,0.0,0.0,0.0,0.0,0.0
1773805182.569602,False,,,,,,,,,,,,,,,,,,0.0,0.0,0.0,0.0,0.0,0.0
1773805182.5792425,False,,,,,,,,,,,,,,,,,,0.0,0.0,0.0,0.0,0.0,0.0
1773805182.5895247,False,,,,,,,,,,,,,,,,,,0.0,0.0,0.0,0.0,0.0,0.0
1773805182.5996943,False,,,,,,,,,,,,,,,,,,0.0,0.0,0.0,0.0,0.0,0.0
1773805182.6092277,False,,,,,,,,,,,,,,,,,,0.0,0.0,0.0,0.0,0.0,0.0
1773805182.6194088,False,,,,,,,,,,,,,,,,,,0.0,0.0,0.0,0.0,0.0,0.0
1773805182.629642,False,,,,,,,,,,,,,,,,,,0.0,0.0,0.0,0.0,0.0,0.0
1773805182.6396782,False,,,,,,,,,,,,,,,,,,0.0,0.0,0.0,0.0,0.0,0.0
1773805182.6494021,False,,,,,,,,,,,,,,,,,,0.0,0.0,0.0,0.0,0.0,0.0
1773805182.6596353,False,,,,,,,,,,,,,,,,,,0.0,0.0,0.0,0.0,0.0,0.0
1773805182.669688,False,,,,,,,,,,,,,,,,,,0.0,0.0,0.0,0.0,0.0,0.0
1773805182.6797192,False,,,,,,,,,,,,,,,,,,0.0,0.0,0.0,0.0,0.0,0.0
1773805182.6893444,False,,,,,,,,,,,,,,,,,,0.0,0.0,0.0,0.0,0.0,0.0
1773805182.6993127,False,,,,,,,,,,,,,,,,,,0.0,0.0,0.0,0.0,0.0,0.0
1773805182.7095463,False,,,,,,,,,,,,,,,,,,0.0,0.0,0.0,0.0,0.0,0.0
1773805182.7193117,False,,,,,,,,,,,,,,,,,,0.0,0.0,0.0,0.0,0.0,0.0
1773805182.729483,False,,,,,,,,,,,,,,,,,,0.0,0.0,0.0,0.0,0.0,0.0
1773805182.7395475,False,,,,,,,,,,,,,,,,,,0.0,0.0,0.0,0.0,0.0,0.0
1773805182.7495975,False,,,,,,,,,,,,,,,,,,0.0,0.0,0.0,0.0,0.0,0.0
1773805182.7592988,False,,,,,,,,,,,,,,,,,,0.0,0.0,0.0,0.0,0.0,0.0
1773805182.769496,False,,,,,,,,,,,,,,,,,,0.0,0.0,0.0,0.0,0.0,0.0
1773805182.7797344,False,,,,,,,,,,,,,,,,,,0.0,0.0,0.0,0.0,0.0,0.0
1773805182.7892065,False,,,,,,,,,,,,,,,,,,0.0,0.0,0.0,0.0,0.0,0.0
1773805182.7993374,False,,,,,,,,,,,,,,,,,,0.0,0.0,0.0,0.0,0.0,0.0
1773805182.8097718,False,,,,,,,,,,,,,,,,,,0.0,0.0,0.0,0.0,0.0,0.0
1773805182.8196514,False,,,,,,,,,,,,,,,,,,0.0,0.0,0.0,0.0,0.0,0.0
1773805182.829721,False,,,,,,,,,,,,,,,,,,0.0,0.0,0.0,0.0,0.0,0.0
1773805182.839762,False,,,,,,,,,,,,,,,,,,0.0,0.0,0.0,0.0,0.0,0.0
1773805182.8491702,False,,,,,,,,,,,,,,,,,,0.0,0.0,0.0,0.0,0.0,0.0
1773805182.859286,False,,,,,,,,,,,,,,,,,,0.0,0.0,0.0,0.0,0.0,0.0
1773805182.8698199,False,,,,,,,,,,,,,,,,,,0.0,0.0,0.0,0.0,0.0,0.0
1773805182.8794293,False,,,,,,,,,,,,,,,,,,0.0,0.0,0.0,0.0,0.0,0.0
1773805182.8899744,False,,,,,,,,,,,,,,,,,,0.0,0.0,0.0,0.0,0.0,0.0
1773805182.8998322,False,,,,,,,,,,,,,,,,,,0.0,0.0,0.0,0.0,0.0,0.0
1773805182.9098961,False,,,,,,,,,,,,,,,,,,0.0,0.0,0.0,0.0,0.0,0.0
1773805182.9197855,False,,,,,,,,,,,,,,,,,,0.0,0.0,0.0,0.0,0.0,0.0
1773805182.9293568,False,,,,,,,,,,,,,,,,,,0.0,0.0,0.0,0.0,0.0,0.0
1773805182.9393396,False,,,,,,,,,,,,,,,,,,0.0,0.0,0.0,0.0,0.0,0.0
1773805182.9497187,False,,,,,,,,,,,,,,,,,,0.0,0.0,0.0,0.0,0.0,0.0
1773805182.9593785,False,,,,,,,,,,,,,,,,,,0.0,0.0,0.0,0.0,0.0,0.0
1773805182.9693005,False,,,,,,,,,,,,,,,,,,0.0,0.0,0.0,0.0,0.0,0.0
1773805182.979424,False,,,,,,,,,,,,,,,,,,0.0,0.0,0.0,0.0,0.0,0.0
1773805182.9896867,False,,,,,,,,,,,,,,,,,,0.0,0.0,0.0,0.0,0.0,0.0
1773805182.9994662,False,,,,,,,,,,,,,,,,,,0.0,0.0,0.0,0.0,0.0,0.0
1773805183.0095012,False,,,,,,,,,,,,,,,,,,0.0,0.0,0.0,0.0,0.0,0.0
1773805183.019563,False,,,,,,,,,,,,,,,,,,0.0,0.0,0.0,0.0,0.0,0.0
1773805183.0293486,False,,,,,,,,,,,,,,,,,,0.0,0.0,0.0,0.0,0.0,0.0
1773805183.0401046,False,,,,,,,,,,,,,,,,,,0.0,0.0,0.0,0.0,0.0,0.0
1773805183.0496387,False,,,,,,,,,,,,,,,,,,0.0,0.0,0.0,0.0,0.0,0.0
1773805183.0595329,False,,,,,,,,,,,,,,,,,,0.0,0.0,0.0,0.0,0.0,0.0
1773805183.069586,False,,,,,,,,,,,,,,,,,,0.0,0.0,0.0,0.0,0.0,0.0
1773805183.0791214,False,,,,,,,,,,,,,,,,,,0.0,0.0,0.0,0.0,0.0,0.0
1773805183.0894701,False,,,,,,,,,,,,,,,,,,0.0,0.0,0.0,0.0,0.0,0.0
1773805183.099419,False,,,,,,,,,,,,,,,,,,0.0,0.0,0.0,0.0,0.0,0.0
1773805183.109698,False,,,,,,,,,,,,,,,,,,0.0,0.0,0.0,0.0,0.0,0.0
1773805183.1192374,False,,,,,,,,,,,,,,,,,,0.0,0.0,0.0,0.0,0.0,0.0
1773805183.1294498,False,,,,,,,,,,,,,,,,,,0.0,0.0,0.0,0.0,0.0,0.0
1773805183.1398215,False,,,,,,,,,,,,,,,,,,0.0,0.0,0.0,0.0,0.0,0.0
1773805183.149435,False,,,,,,,,,,,,,,,,,,0.0,0.0,0.0,0.0,0.0,0.0
1773805183.1595154,False,,,,,,,,,,,,,,,,,,0.0,0.0,0.0,0.0,0.0,0.0
1773805183.169616,False,,,,,,,,,,,,,,,,,,0.0,0.0,0.0,0.0,0.0,0.0
1773805183.1795318,False,,,,,,,,,,,,,,,,,,0.0,0.0,0.0,0.0,0.0,0.0
1773805183.189577,False,,,,,,,,,,,,,,,,,,0.0,0.0,0.0,0.0,0.0,0.0
1773805183.1997201,False,,,,,,,,,,,,,,,,,,0.0,0.0,0.0,0.0,0.0,0.0
1773805183.2099245,False,,,,,,,,,,,,,,,,,,0.0,0.0,0.0,0.0,0.0,0.0
1773805183.2195065,False,,,,,,,,,,,,,,,,,,0.0,0.0,0.0,0.0,0.0,0.0
1773805183.229335,False,,,,,,,,,,,,,,,,,,0.0,0.0,0.0,0.0,0.0,0.0
1773805183.2394285,False,,,,,,,,,,,,,,,,,,0.0,0.0,0.0,0.0,0.0,0.0
1773805183.249845,False,,,,,,,,,,,,,,,,,,0.0,0.0,0.0,0.0,0.0,0.0
1773805183.25966,False,,,,,,,,,,,,,,,,,,0.0,0.0,0.0,0.0,0.0,0.0
1773805183.26971,False,,,,,,,,,,,,,,,,,,0.0,0.0,0.0,0.0,0.0,0.0
1773805183.2797613,False,,,,,,,,,,,,,,,,,,0.0,0.0,0.0,0.0,0.0,0.0
1773805183.2893143,False,,,,,,,,,,,,,,,,,,0.0,0.0,0.0,0.0,0.0,0.0
1773805183.2999065,False,,,,,,,,,,,,,,,,,,0.0,0.0,0.0,0.0,0.0,0.0
1773805183.30969,False,,,,,,,,,,,,,,,,,,0.0,0.0,0.0,0.0,0.0,0.0
1773805183.3191733,False,,,,,,,,,,,,,,,,,,0.0,0.0,0.0,0.0,0.0,0.0
1773805183.3294451,False,,,,,,,,,,,,,,,,,,0.0,0.0,0.0,0.0,0.0,0.0
1773805183.3395383,False,,,,,,,,,,,,,,,,,,0.0,0.0,0.0,0.0,0.0,0.0
1773805183.3502457,False,,,,,,,,,,,,,,,,,,0.0,0.0,0.0,0.0,0.0,0.0
1773805183.359774,False,,,,,,,,,,,,,,,,,,0.0,0.0,0.0,0.0,0.0,0.0
1773805183.3697028,False,,,,,,,,,,,,,,,,,,0.0,0.0,0.0,0.0,0.0,0.0
1773805183.3797574,False,,,,,,,,,,,,,,,,,,0.0,0.0,0.0,0.0,0.0,0.0
1773805183.3898165,False,,,,,,,,,,,,,,,,,,0.0,0.0,0.0,0.0,0.0,0.0
1773805183.3996484,False,,,,,,,,,,,,,,,,,,0.0,0.0,0.0,0.0,0.0,0.0
1773805183.4096918,False,,,,,,,,,,,,,,,,,,0.0,0.0,0.0,0.0,0.0,0.0
1773805183.4197092,False,,,,,,,,,,,,,,,,,,0.0,0.0,0.0,0.0,0.0,0.0
1773805183.4297285,False,,,,,,,,,,,,,,,,,,0.0,0.0,0.0,0.0,0.0,0.0
1773805183.4392362,False,,,,,,,,,,,,,,,,,,0.0,0.0,0.0,0.0,0.0,0.0
1773805183.4492521,False,,,,,,,,,,,,,,,,,,0.0,0.0,0.0,0.0,0.0,0.0
1773805183.459261,False,,,,,,,,,,,,,,,,,,0.0,0.0,0.0,0.0,0.0,0.0
1773805183.4692836,False,,,,,,,,,,,,,,,,,,0.0,0.0,0.0,0.0,0.0,0.0
1773805183.479299,False,,,,,,,,,,,,,,,,,,0.0,0.0,0.0,0.0,0.0,0.0
1773805183.489387,False,,,,,,,,,,,,,,,,,,0.0,0.0,0.0,0.0,0.0,0.0
1773805183.4993987,False,,,,,,,,,,,,,,,,,,0.0,0.0,0.0,0.0,0.0,0.0
1773805183.5094244,False,,,,,,,,,,,,,,,,,,0.0,0.0,0.0,0.0,0.0,0.0
1773805183.519441,False,,,,,,,,,,,,,,,,,,0.0,0.0,0.0,0.0,0.0,0.0
1773805183.5294576,False,,,,,,,,,,,,,,,,,,0.0,0.0,0.0,0.0,0.0,0.0
1773805183.5394766,False,,,,,,,,,,,,,,,,,,0.0,0.0,0.0,0.0,0.0,0.0
1773805183.549491,False,,,,,,,,,,,,,,,,,,0.0,0.0,0.0,0.0,0.0,0.0
1773805183.5595176,False,,,,,,,,,,,,,,,,,,0.0,0.0,0.0,0.0,0.0,0.0
1773805183.5695379,False,,,,,,,,,,,,,,,,,,0.0,0.0,0.0,0.0,0.0,0.0
1773805183.5795515,False,,,,,,,,,,,,,,,,,,0.0,0.0,0.0,0.0,0.0,0.0
1773805183.5895662,False,,,,,,,,,,,,,,,,,,0.0,0.0,0.0,0.0,0.0,0.0
1773805183.599591,False,,,,,,,,,,,,,,,,,,0.0,0.0,0.0,0.0,0.0,0.0
1773805183.6096075,False,,,,,,,,,,,,,,,,,,0.0,0.0,0.0,0.0,0.0,0.0
1773805183.6191328,False,,,,,,,,,,,,,,,,,,0.0,0.0,0.0,0.0,0.0,0.0
1773805183.6291432,False,,,,,,,,,,,,,,,,,,0.0,0.0,0.0,0.0,0.0,0.0
1773805183.6391587,False,,,,,,,,,,,,,,,,,,0.0,0.0,0.0,0.0,0.0,0.0
1773805183.6491642,False,,,,,,,,,,,,,,,,,,0.0,0.0,0.0,0.0,0.0,0.0
1773805183.6591809,False,,,,,,,,,,,,,,,,,,0.0,0.0,0.0,0.0,0.0,0.0
1773805183.669302,False,,,,,,,,,,,,,,,,,,0.0,0.0,0.0,0.0,0.0,0.0
1773805183.6794822,False,,,,,,,,,,,,,,,,,,0.0,0.0,0.0,0.0,0.0,0.0
1773805183.6891668,False,,,,,,,,,,,,,,,,,,0.0,0.0,0.0,0.0,0.0,0.0
1773805183.6994894,False,,,,,,,,,,,,,,,,,,0.0,0.0,0.0,0.0,0.0,0.0
1773805183.7095256,False,,,,,,,,,,,,,,,,,,0.0,0.0,0.0,0.0,0.0,0.0
1773805183.7193868,False,,,,,,,,,,,,,,,,,,0.0,0.0,0.0,0.0,0.0,0.0
1773805183.7290986,False,,,,,,,,,,,,,,,,,,0.0,0.0,0.0,0.0,0.0,0.0
1773805183.7396345,False,,,,,,,,,,,,,,,,,,0.0,0.0,0.0,0.0,0.0,0.0
1773805183.7491953,False,,,,,,,,,,,,,,,,,,0.0,0.0,0.0,0.0,0.0,0.0
1773805183.7591975,False,,,,,,,,,,,,,,,,,,0.0,0.0,0.0,0.0,0.0,0.0
1773805183.7694278,False,,,,,,,,,,,,,,,,,,0.0,0.0,0.0,0.0,0.0,0.0
1773805183.7791831,False,,,,,,,,,,,,,,,,,,0.0,0.0,0.0,0.0,0.0,0.0
1773805183.7893033,False,,,,,,,,,,,,,,,,,,0.0,0.0,0.0,0.0,0.0,0.0
1773805183.799701,False,,,,,,,,,,,,,,,,,,0.0,0.0,0.0,0.0,0.0,0.0
1773805183.8096874,False,,,,,,,,,,,,,,,,,,0.0,0.0,0.0,0.0,0.0,0.0
1773805183.8192918,False,,,,,,,,,,,,,,,,,,0.0,0.0,0.0,0.0,0.0,0.0
1773805183.829199,False,,,,,,,,,,,,,,,,,,0.0,0.0,0.0,0.0,0.0,0.0
1773805183.8393738,False,,,,,,,,,,,,,,,,,,0.0,0.0,0.0,0.0,0.0,0.0
1773805183.8490736,False,,,,,,,,,,,,,,,,,,0.0,0.0,0.0,0.0,0.0,0.0
1773805183.8594263,False,,,,,,,,,,,,,,,,,,0.0,0.0,0.0,0.0,0.0,0.0
1773805183.8696353,False,,,,,,,,,,,,,,,,,,0.0,0.0,0.0,0.0,0.0,0.0
1773805183.879275,False,,,,,,,,,,,,,,,,,,0.0,0.0,0.0,0.0,0.0,0.0
1773805183.8891492,False,,,,,,,,,,,,,,,,,,0.0,0.0,0.0,0.0,0.0,0.0
1773805183.8996794,False,,,,,,,,,,,,,,,,,,0.0,0.0,0.0,0.0,0.0,0.0
1773805183.909095,False,,,,,,,,,,,,,,,,,,0.0,0.0,0.0,0.0,0.0,0.0
1773805183.9196136,False,,,,,,,,,,,,,,,,,,0.0,0.0,0.0,0.0,0.0,0.0
1773805183.9292057,False,,,,,,,,,,,,,,,,,,0.0,0.0,0.0,0.0,0.0,0.0
1773805183.9392395,False,,,,,,,,,,,,,,,,,,0.0,0.0,0.0,0.0,0.0,0.0
1773805183.949202,False,,,,,,,,,,,,,,,,,,0.0,0.0,0.0,0.0,0.0,0.0
1773805183.9590464,False,,,,,,,,,,,,,,,,,,0.0,0.0,0.0,0.0,0.0,0.0
1773805183.9691849,False,,,,,,,,,,,,,,,,,,0.0,0.0,0.0,0.0,0.0,0.0
1773805183.979197,False,,,,,,,,,,,,,,,,,,0.0,0.0,0.0,0.0,0.0,0.0
1773805183.9892697,False,,,,,,,,,,,,,,,,,,0.0,0.0,0.0,0.0,0.0,0.0
1773805183.9993746,False,,,,,,,,,,,,,,,,,,0.0,0.0,0.0,0.0,0.0,0.0
1773805184.009201,False,,,,,,,,,,,,,,,,,,0.0,0.0,0.0,0.0,0.0,0.0
1773805184.019233,False,,,,,,,,,,,,,,,,,,0.0,0.0,0.0,0.0,0.0,0.0
1773805184.0295434,False,,,,,,,,,,,,,,,,,,0.0,0.0,0.0,0.0,0.0,0.0
1773805184.0392923,False,,,,,,,,,,,,,,,,,,0.0,0.0,0.0,0.0,0.0,0.0
1773805184.0495076,False,,,,,,,,,,,,,,,,,,0.0,0.0,0.0,0.0,0.0,0.0
1773805184.0595465,False,,,,,,,,,,,,,,,,,,0.0,0.0,0.0,0.0,0.0,0.0
1773805184.069729,False,,,,,,,,,,,,,,,,,,0.0,0.0,0.0,0.0,0.0,0.0
1773805184.079385,False,,,,,,,,,,,,,,,,,,0.0,0.0,0.0,0.0,0.0,0.0
1773805184.089423,False,,,,,,,,,,,,,,,,,,0.0,0.0,0.0,0.0,0.0,0.0
1773805184.0995076,False,,,,,,,,,,,,,,,,,,0.0,0.0,0.0,0.0,0.0,0.0
1773805184.109321,False,,,,,,,,,,,,,,,,,,0.0,0.0,0.0,0.0,0.0,0.0
1773805184.1199253,False,,,,,,,,,,,,,,,,,,0.0,0.0,0.0,0.0,0.0,0.0
1773805184.1294866,False,,,,,,,,,,,,,,,,,,0.0,0.0,0.0,0.0,0.0,0.0
1773805184.1397145,False,,,,,,,,,,,,,,,,,,0.0,0.0,0.0,0.0,0.0,0.0
1773805184.1497462,False,,,,,,,,,,,,,,,,,,0.0,0.0,0.0,0.0,0.0,0.0
1773805184.1595054,False,,,,,,,,,,,,,,,,,,0.0,0.0,0.0,0.0,0.0,0.0
1773805184.169539,False,,,,,,,,,,,,,,,,,,0.0,0.0,0.0,0.0,0.0,0.0
1773805184.1792004,False,,,,,,,,,,,,,,,,,,0.0,0.0,0.0,0.0,0.0,0.0
1773805184.1892247,False,,,,,,,,,,,,,,,,,,0.0,0.0,0.0,0.0,0.0,0.0
1773805184.1993594,False,,,,,,,,,,,,,,,,,,0.0,0.0,0.0,0.0,0.0,0.0
1773805184.2093835,False,,,,,,,,,,,,,,,,,,0.0,0.0,0.0,0.0,0.0,0.0
1773805184.2194214,False,,,,,,,,,,,,,,,,,,0.0,0.0,0.0,0.0,0.0,0.0
1773805184.2296028,False,,,,,,,,,,,,,,,,,,0.0,0.0,0.0,0.0,0.0,0.0
1773805184.2396648,False,,,,,,,,,,,,,,,,,,0.0,0.0,0.0,0.0,0.0,0.0
1773805184.249409,False,,,,,,,,,,,,,,,,,,0.0,0.0,0.0,0.0,0.0,0.0
1773805184.2594352,False,,,,,,,,,,,,,,,,,,0.0,0.0,0.0,0.0,0.0,0.0
1773805184.2698493,False,,,,,,,,,,,,,,,,,,0.0,0.0,0.0,0.0,0.0,0.0
1773805184.2793667,False,,,,,,,,,,,,,,,,,,0.0,0.0,0.0,0.0,0.0,0.0
1773805184.2892447,False,,,,,,,,,,,,,,,,,,0.0,0.0,0.0,0.0,0.0,0.0
1773805184.2993705,False,,,,,,,,,,,,,,,,,,0.0,0.0,0.0,0.0,0.0,0.0
1773805184.3091917,False,,,,,,,,,,,,,,,,,,0.0,0.0,0.0,0.0,0.0,0.0
1773805184.31969,False,,,,,,,,,,,,,,,,,,0.0,0.0,0.0,0.0,0.0,0.0
1773805184.3292658,False,,,,,,,,,,,,,,,,,,0.0,0.0,0.0,0.0,0.0,0.0
1773805184.339405,False,,,,,,,,,,,,,,,,,,0.0,0.0,0.0,0.0,0.0,0.0
1773805184.3494866,False,,,,,,,,,,,,,,,,,,0.0,0.0,0.0,0.0,0.0,0.0
1773805184.359717,False,,,,,,,,,,,,,,,,,,0.0,0.0,0.0,0.0,0.0,0.0
1773805184.3698235,False,,,,,,,,,,,,,,,,,,0.0,0.0,0.0,0.0,0.0,0.0
1773805184.3793952,False,,,,,,,,,,,,,,,,,,0.0,0.0,0.0,0.0,0.0,0.0
1773805184.3895214,False,,,,,,,,,,,,,,,,,,0.0,0.0,0.0,0.0,0.0,0.0
1773805184.39932,False,,,,,,,,,,,,,,,,,,0.0,0.0,0.0,0.0,0.0,0.0
1773805184.4097116,False,,,,,,,,,,,,,,,,,,0.0,0.0,0.0,0.0,0.0,0.0
1773805184.4194403,False,,,,,,,,,,,,,,,,,,0.0,0.0,0.0,0.0,0.0,0.0
1773805184.4293783,False,,,,,,,,,,,,,,,,,,0.0,0.0,0.0,0.0,0.0,0.0
1773805184.439202,False,,,,,,,,,,,,,,,,,,0.0,0.0,0.0,0.0,0.0,0.0
1773805184.4492466,False,,,,,,,,,,,,,,,,,,0.0,0.0,0.0,0.0,0.0,0.0
1773805184.4593012,False,,,,,,,,,,,,,,,,,,0.0,0.0,0.0,0.0,0.0,0.0
1773805184.4693258,False,,,,,,,,,,,,,,,,,,0.0,0.0,0.0,0.0,0.0,0.0
1773805184.4793591,False,,,,,,,,,,,,,,,,,,0.0,0.0,0.0,0.0,0.0,0.0
1773805184.4893703,False,,,,,,,,,,,,,,,,,,0.0,0.0,0.0,0.0,0.0,0.0
1773805184.499715,False,,,,,,,,,,,,,,,,,,0.0,0.0,0.0,0.0,0.0,0.0
1773805184.5092387,False,,,,,,,,,,,,,,,,,,0.0,0.0,0.0,0.0,0.0,0.0
1773805184.5192733,False,,,,,,,,,,,,,,,,,,0.0,0.0,0.0,0.0,0.0,0.0
1773805184.5293343,False,,,,,,,,,,,,,,,,,,0.0,0.0,0.0,0.0,0.0,0.0
1773805184.5393953,False,,,,,,,,,,,,,,,,,,0.0,0.0,0.0,0.0,0.0,0.0
1773805184.5493581,False,,,,,,,,,,,,,,,,,,0.0,0.0,0.0,0.0,0.0,0.0
1773805184.5594819,False,,,,,,,,,,,,,,,,,,0.0,0.0,0.0,0.0,0.0,0.0
1773805184.569526,False,,,,,,,,,,,,,,,,,,0.0,0.0,0.0,0.0,0.0,0.0
1773805184.5795836,False,,,,,,,,,,,,,,,,,,0.0,0.0,0.0,0.0,0.0,0.0
1773805184.5891566,False,,,,,,,,,,,,,,,,,,0.0,0.0,0.0,0.0,0.0,0.0
1773805184.5994012,False,,,,,,,,,,,,,,,,,,0.0,0.0,0.0,0.0,0.0,0.0
1773805184.6091673,False,,,,,,,,,,,,,,,,,,0.0,0.0,0.0,0.0,0.0,0.0
1773805184.6193707,False,,,,,,,,,,,,,,,,,,0.0,0.0,0.0,0.0,0.0,0.0
1773805184.629475,False,,,,,,,,,,,,,,,,,,0.0,0.0,0.0,0.0,0.0,0.0
1773805184.639584,False,,,,,,,,,,,,,,,,,,0.0,0.0,0.0,0.0,0.0,0.0
1773805184.6492527,False,,,,,,,,,,,,,,,,,,0.0,0.0,0.0,0.0,0.0,0.0
1773805184.6595008,False,,,,,,,,,,,,,,,,,,0.0,0.0,0.0,0.0,0.0,0.0
1773805184.669659,False,,,,,,,,,,,,,,,,,,0.0,0.0,0.0,0.0,0.0,0.0
1773805184.6792073,False,,,,,,,,,,,,,,,,,,0.0,0.0,0.0,0.0,0.0,0.0
1773805184.6897461,False,,,,,,,,,,,,,,,,,,0.0,0.0,0.0,0.0,0.0,0.0
1773805184.699297,False,,,,,,,,,,,,,,,,,,0.0,0.0,0.0,0.0,0.0,0.0
1773805184.7093089,False,,,,,,,,,,,,,,,,,,0.0,0.0,0.0,0.0,0.0,0.0
1773805184.7196121,False,,,,,,,,,,,,,,,,,,0.0,0.0,0.0,0.0,0.0,0.0
1773805184.729548,False,,,,,,,,,,,,,,,,,,0.0,0.0,0.0,0.0,0.0,0.0
1773805184.73949,False,,,,,,,,,,,,,,,,,,0.0,0.0,0.0,0.0,0.0,0.0
1773805184.749702,False,,,,,,,,,,,,,,,,,,0.0,0.0,0.0,0.0,0.0,0.0
1773805184.759359,False,,,,,,,,,,,,,,,,,,0.0,0.0,0.0,0.0,0.0,0.0
1773805184.7693374,False,,,,,,,,,,,,,,,,,,0.0,0.0,0.0,0.0,0.0,0.0
1773805184.779601,False,,,,,,,,,,,,,,,,,,0.0,0.0,0.0,0.0,0.0,0.0
1773805184.78981,False,,,,,,,,,,,,,,,,,,0.0,0.0,0.0,0.0,0.0,0.0
1773805184.8001301,False,,,,,,,,,,,,,,,,,,0.0,0.0,0.0,0.0,0.0,0.0
1773805184.8094907,False,,,,,,,,,,,,,,,,,,0.0,0.0,0.0,0.0,0.0,0.0
1773805184.8193288,False,,,,,,,,,,,,,,,,,,0.0,0.0,0.0,0.0,0.0,0.0
1773805184.8296638,False,,,,,,,,,,,,,,,,,,0.0,0.0,0.0,0.0,0.0,0.0
1773805184.8397198,False,,,,,,,,,,,,,,,,,,0.0,0.0,0.0,0.0,0.0,0.0
1773805184.8497186,False,,,,,,,,,,,,,,,,,,0.0,0.0,0.0,0.0,0.0,0.0
1773805184.8592823,False,,,,,,,,,,,,,,,,,,0.0,0.0,0.0,0.0,0.0,0.0
1773805184.8693693,False,,,,,,,,,,,,,,,,,,0.0,0.0,0.0,0.0,0.0,0.0
1773805184.879449,False,,,,,,,,,,,,,,,,,,0.0,0.0,0.0,0.0,0.0,0.0
1773805184.889489,False,,,,,,,,,,,,,,,,,,0.0,0.0,0.0,0.0,0.0,0.0
1773805184.8993506,False,,,,,,,,,,,,,,,,,,0.0,0.0,0.0,0.0,0.0,0.0
1773805184.9097075,False,,,,,,,,,,,,,,,,,,0.0,0.0,0.0,0.0,0.0,0.0
1773805184.9191093,False,,,,,,,,,,,,,,,,,,0.0,0.0,0.0,0.0,0.0,0.0
1773805184.929375,False,,,,,,,,,,,,,,,,,,0.0,0.0,0.0,0.0,0.0,0.0
1773805184.939269,False,,,,,,,,,,,,,,,,,,0.0,0.0,0.0,0.0,0.0,0.0
1773805184.9497623,False,,,,,,,,,,,,,,,,,,0.0,0.0,0.0,0.0,0.0,0.0
1773805184.9597354,False,,,,,,,,,,,,,,,,,,0.0,0.0,0.0,0.0,0.0,0.0
1773805184.9698694,False,,,,,,,,,,,,,,,,,,0.0,0.0,0.0,0.0,0.0,0.0
1773805184.9798338,False,,,,,,,,,,,,,,,,,,0.0,0.0,0.0,0.0,0.0,0.0
1773805184.989379,False,,,,,,,,,,,,,,,,,,0.0,0.0,0.0,0.0,0.0,0.0
1773805184.9994419,False,,,,,,,,,,,,,,,,,,0.0,0.0,0.0,0.0,0.0,0.0
1773805185.0094898,False,,,,,,,,,,,,,,,,,,0.0,0.0,0.0,0.0,0.0,0.0
1773805185.019298,False,,,,,,,,,,,,,,,,,,0.0,0.0,0.0,0.0,0.0,0.0
1773805185.0291777,False,,,,,,,,,,,,,,,,,,0.0,0.0,0.0,0.0,0.0,0.0
1773805185.0396664,False,,,,,,,,,,,,,,,,,,0.0,0.0,0.0,0.0,0.0,0.0
1773805185.0493805,False,,,,,,,,,,,,,,,,,,0.0,0.0,0.0,0.0,0.0,0.0
1773805185.059729,False,,,,,,,,,,,,,,,,,,0.0,0.0,0.0,0.0,0.0,0.0
1773805185.069353,False,,,,,,,,,,,,,,,,,,0.0,0.0,0.0,0.0,0.0,0.0
1773805185.0794144,False,,,,,,,,,,,,,,,,,,0.0,0.0,0.0,0.0,0.0,0.0
1773805185.0895915,False,,,,,,,,,,,,,,,,,,0.0,0.0,0.0,0.0,0.0,0.0
1773805185.0996554,False,,,,,,,,,,,,,,,,,,0.0,0.0,0.0,0.0,0.0,0.0
1773805185.1097064,False,,,,,,,,,,,,,,,,,,0.0,0.0,0.0,0.0,0.0,0.0
1773805185.119645,False,,,,,,,,,,,,,,,,,,0.0,0.0,0.0,0.0,0.0,0.0
1773805185.1296802,False,,,,,,,,,,,,,,,,,,0.0,0.0,0.0,0.0,0.0,0.0
1773805185.1391957,False,,,,,,,,,,,,,,,,,,0.0,0.0,0.0,0.0,0.0,0.0
1773805185.1497228,False,,,,,,,,,,,,,,,,,,0.0,0.0,0.0,0.0,0.0,0.0
1773805185.1593928,False,,,,,,,,,,,,,,,,,,0.0,0.0,0.0,0.0,0.0,0.0
1773805185.1692324,False,,,,,,,,,,,,,,,,,,0.0,0.0,0.0,0.0,0.0,0.0
1773805185.1792996,False,,,,,,,,,,,,,,,,,,0.0,0.0,0.0,0.0,0.0,0.0
1773805185.1895745,False,,,,,,,,,,,,,,,,,,0.0,0.0,0.0,0.0,0.0,0.0
1773805185.1997125,False,,,,,,,,,,,,,,,,,,0.0,0.0,0.0,0.0,0.0,0.0
1773805185.2092302,False,,,,,,,,,,,,,,,,,,0.0,0.0,0.0,0.0,0.0,0.0
1773805185.219925,False,,,,,,,,,,,,,,,,,,0.0,0.0,0.0,0.0,0.0,0.0
1773805185.2294595,False,,,,,,,,,,,,,,,,,,0.0,0.0,0.0,0.0,0.0,0.0
1773805185.2394822,False,,,,,,,,,,,,,,,,,,0.0,0.0,0.0,0.0,0.0,0.0
1773805185.249518,False,,,,,,,,,,,,,,,,,,0.0,0.0,0.0,0.0,0.0,0.0
1773805185.259542,False,,,,,,,,,,,,,,,,,,0.0,0.0,0.0,0.0,0.0,0.0
1773805185.2693977,False,,,,,,,,,,,,,,,,,,0.0,0.0,0.0,0.0,0.0,0.0
1773805185.2792838,False,,,,,,,,,,,,,,,,,,0.0,0.0,0.0,0.0,0.0,0.0
1773805185.2895114,False,,,,,,,,,,,,,,,,,,0.0,0.0,0.0,0.0,0.0,0.0
1773805185.2991602,False,,,,,,,,,,,,,,,,,,0.0,0.0,0.0,0.0,0.0,0.0
1773805185.3092637,False,,,,,,,,,,,,,,,,,,0.0,0.0,0.0,0.0,0.0,0.0
1773805185.3193252,False,,,,,,,,,,,,,,,,,,0.0,0.0,0.0,0.0,0.0,0.0
1773805185.3293884,False,,,,,,,,,,,,,,,,,,0.0,0.0,0.0,0.0,0.0,0.0
1773805185.3397312,False,,,,,,,,,,,,,,,,,,0.0,0.0,0.0,0.0,0.0,0.0
1773805185.3496199,False,,,,,,,,,,,,,,,,,,0.0,0.0,0.0,0.0,0.0,0.0
1773805185.3596892,False,,,,,,,,,,,,,,,,,,0.0,0.0,0.0,0.0,0.0,0.0
1773805185.3694315,False,,,,,,,,,,,,,,,,,,0.0,0.0,0.0,0.0,0.0,0.0
1773805185.379642,False,,,,,,,,,,,,,,,,,,0.0,0.0,0.0,0.0,0.0,0.0
1773805185.389288,False,,,,,,,,,,,,,,,,,,0.0,0.0,0.0,0.0,0.0,0.0
1773805185.3994725,False,,,,,,,,,,,,,,,,,,0.0,0.0,0.0,0.0,0.0,0.0
1773805185.4095178,False,,,,,,,,,,,,,,,,,,0.0,0.0,0.0,0.0,0.0,0.0
1773805185.4195404,False,,,,,,,,,,,,,,,,,,0.0,0.0,0.0,0.0,0.0,0.0
1773805185.4295733,False,,,,,,,,,,,,,,,,,,0.0,0.0,0.0,0.0,0.0,0.0
1773805185.439589,False,,,,,,,,,,,,,,,,,,0.0,0.0,0.0,0.0,0.0,0.0
1773805185.4496155,False,,,,,,,,,,,,,,,,,,0.0,0.0,0.0,0.0,0.0,0.0
1773805185.4596257,False,,,,,,,,,,,,,,,,,,0.0,0.0,0.0,0.0,0.0,0.0
1773805185.4696412,False,,,,,,,,,,,,,,,,,,0.0,0.0,0.0,0.0,0.0,0.0
1773805185.4791524,False,,,,,,,,,,,,,,,,,,0.0,0.0,0.0,0.0,0.0,0.0
1773805185.4891756,False,,,,,,,,,,,,,,,,,,0.0,0.0,0.0,0.0,0.0,0.0
1773805185.4991853,False,,,,,,,,,,,,,,,,,,0.0,0.0,0.0,0.0,0.0,0.0
1773805185.5097065,False,,,,,,,,,,,,,,,,,,0.0,0.0,0.0,0.0,0.0,0.0
1773805185.5192242,False,,,,,,,,,,,,,,,,,,0.0,0.0,0.0,0.0,0.0,0.0
1773805185.5292478,False,,,,,,,,,,,,,,,,,,0.0,0.0,0.0,0.0,0.0,0.0
1773805185.5392642,False,,,,,,,,,,,,,,,,,,0.0,0.0,0.0,0.0,0.0,0.0
1773805185.549312,False,,,,,,,,,,,,,,,,,,0.0,0.0,0.0,0.0,0.0,0.0
1773805185.5596733,False,,,,,,,,,,,,,,,,,,0.0,0.0,0.0,0.0,0.0,0.0
1773805185.569664,False,,,,,,,,,,,,,,,,,,0.0,0.0,0.0,0.0,0.0,0.0
1773805185.579372,False,,,,,,,,,,,,,,,,,,0.0,0.0,0.0,0.0,0.0,0.0
1773805185.589248,False,,,,,,,,,,,,,,,,,,0.0,0.0,0.0,0.0,0.0,0.0
1773805185.5993006,False,,,,,,,,,,,,,,,,,,0.0,0.0,0.0,0.0,0.0,0.0
1773805185.609153,False,,,,,,,,,,,,,,,,,,0.0,0.0,0.0,0.0,0.0,0.0
1773805185.6192088,False,,,,,,,,,,,,,,,,,,0.0,0.0,0.0,0.0,0.0,0.0
1773805185.6294882,False,,,,,,,,,,,,,,,,,,0.0,0.0,0.0,0.0,0.0,0.0
1773805185.6393418,False,,,,,,,,,,,,,,,,,,0.0,0.0,0.0,0.0,0.0,0.0
1773805185.6493819,False,,,,,,,,,,,,,,,,,,0.0,0.0,0.0,0.0,0.0,0.0
1773805185.6594398,False,,,,,,,,,,,,,,,,,,0.0,0.0,0.0,0.0,0.0,0.0
1773805185.669315,False,,,,,,,,,,,,,,,,,,0.0,0.0,0.0,0.0,0.0,0.0
1773805185.6794193,False,,,,,,,,,,,,,,,,,,0.0,0.0,0.0,0.0,0.0,0.0
1773805185.6894794,False,,,,,,,,,,,,,,,,,,0.0,0.0,0.0,0.0,0.0,0.0
1773805185.6995213,False,,,,,,,,,,,,,,,,,,0.0,0.0,0.0,0.0,0.0,0.0
1773805185.7095375,False,,,,,,,,,,,,,,,,,,0.0,0.0,0.0,0.0,0.0,0.0
1773805185.7195823,False,,,,,,,,,,,,,,,,,,0.0,0.0,0.0,0.0,0.0,0.0
1773805185.7294436,False,,,,,,,,,,,,,,,,,,0.0,0.0,0.0,0.0,0.0,0.0
1773805185.7394848,False,,,,,,,,,,,,,,,,,,0.0,0.0,0.0,0.0,0.0,0.0
1773805185.7491834,False,,,,,,,,,,,,,,,,,,0.0,0.0,0.0,0.0,0.0,0.0
1773805185.7593374,False,,,,,,,,,,,,,,,,,,0.0,0.0,0.0,0.0,0.0,0.0
1773805185.7695053,False,,,,,,,,,,,,,,,,,,0.0,0.0,0.0,0.0,0.0,0.0
1773805185.7795348,False,,,,,,,,,,,,,,,,,,0.0,0.0,0.0,0.0,0.0,0.0
1773805185.789305,False,,,,,,,,,,,,,,,,,,0.0,0.0,0.0,0.0,0.0,0.0
1773805185.7994127,False,,,,,,,,,,,,,,,,,,0.0,0.0,0.0,0.0,0.0,0.0
1773805185.8094435,False,,,,,,,,,,,,,,,,,,0.0,0.0,0.0,0.0,0.0,0.0
1773805185.81967,False,,,,,,,,,,,,,,,,,,0.0,0.0,0.0,0.0,0.0,0.0
1773805185.8297076,False,,,,,,,,,,,,,,,,,,0.0,0.0,0.0,0.0,0.0,0.0
1773805185.8393252,False,,,,,,,,,,,,,,,,,,0.0,0.0,0.0,0.0,0.0,0.0
1773805185.8496182,False,,,,,,,,,,,,,,,,,,0.0,0.0,0.0,0.0,0.0,0.0
1773805185.8596091,False,,,,,,,,,,,,,,,,,,0.0,0.0,0.0,0.0,0.0,0.0
1773805185.869262,False,,,,,,,,,,,,,,,,,,0.0,0.0,0.0,0.0,0.0,0.0
1773805185.8795574,False,,,,,,,,,,,,,,,,,,0.0,0.0,0.0,0.0,0.0,0.0
1773805185.8896,False,,,,,,,,,,,,,,,,,,0.0,0.0,0.0,0.0,0.0,0.0
1773805185.899425,False,,,,,,,,,,,,,,,,,,0.0,0.0,0.0,0.0,0.0,0.0
1773805185.909188,False,,,,,,,,,,,,,,,,,,0.0,0.0,0.0,0.0,0.0,0.0
1773805185.9198074,False,,,,,,,,,,,,,,,,,,0.0,0.0,0.0,0.0,0.0,0.0
1773805185.9295518,False,,,,,,,,,,,,,,,,,,0.0,0.0,0.0,0.0,0.0,0.0
1773805185.9395647,False,,,,,,,,,,,,,,,,,,0.0,0.0,0.0,0.0,0.0,0.0
1773805185.9497528,False,,,,,,,,,,,,,,,,,,0.0,0.0,0.0,0.0,0.0,0.0
1773805185.9598603,False,,,,,,,,,,,,,,,,,,0.0,0.0,0.0,0.0,0.0,0.0
1773805185.9700902,False,,,,,,,,,,,,,,,,,,0.0,0.0,0.0,0.0,0.0,0.0
1773805185.9791844,False,,,,,,,,,,,,,,,,,,0.0,0.0,0.0,0.0,0.0,0.0
1773805185.9894042,False,,,,,,,,,,,,,,,,,,0.0,0.0,0.0,0.0,0.0,0.0
1773805185.9994514,False,,,,,,,,,,,,,,,,,,0.0,0.0,0.0,0.0,0.0,0.0
1773805186.0094404,False,,,,,,,,,,,,,,,,,,0.0,0.0,0.0,0.0,0.0,0.0
1773805186.0190365,False,,,,,,,,,,,,,,,,,,0.0,0.0,0.0,0.0,0.0,0.0
1773805186.0296993,False,,,,,,,,,,,,,,,,,,0.0,0.0,0.0,0.0,0.0,0.0
1773805186.0394497,False,,,,,,,,,,,,,,,,,,0.0,0.0,0.0,0.0,0.0,0.0
1773805186.049386,False,,,,,,,,,,,,,,,,,,0.0,0.0,0.0,0.0,0.0,0.0
1773805186.059426,False,,,,,,,,,,,,,,,,,,0.0,0.0,0.0,0.0,0.0,0.0
1773805186.0694861,False,,,,,,,,,,,,,,,,,,0.0,0.0,0.0,0.0,0.0,0.0
1773805186.0795066,False,,,,,,,,,,,,,,,,,,0.0,0.0,0.0,0.0,0.0,0.0
1773805186.0900452,False,,,,,,,,,,,,,,,,,,0.0,0.0,0.0,0.0,0.0,0.0
1773805186.0995488,False,,,,,,,,,,,,,,,,,,0.0,0.0,0.0,0.0,0.0,0.0
1773805186.109613,False,,,,,,,,,,,,,,,,,,0.0,0.0,0.0,0.0,0.0,0.0
1773805186.1195788,False,,,,,,,,,,,,,,,,,,0.0,0.0,0.0,0.0,0.0,0.0
1773805186.129678,False,,,,,,,,,,,,,,,,,,0.0,0.0,0.0,0.0,0.0,0.0
1773805186.1408792,False,,,,,,,,,,,,,,,,,,0.0,0.0,0.0,0.0,0.0,0.0
1773805186.149909,False,,,,,,,,,,,,,,,,,,0.0,0.0,0.0,0.0,0.0,0.0
1773805186.159442,False,,,,,,,,,,,,,,,,,,0.0,0.0,0.0,0.0,0.0,0.0
1773805186.1694794,False,,,,,,,,,,,,,,,,,,0.0,0.0,0.0,0.0,0.0,0.0
1773805186.179632,False,,,,,,,,,,,,,,,,,,0.0,0.0,0.0,0.0,0.0,0.0
1773805186.1896117,False,,,,,,,,,,,,,,,,,,0.0,0.0,0.0,0.0,0.0,0.0
1773805186.1993594,False,,,,,,,,,,,,,,,,,,0.0,0.0,0.0,0.0,0.0,0.0
1773805186.209858,False,,,,,,,,,,,,,,,,,,0.0,0.0,0.0,0.0,0.0,0.0
1773805186.2195015,False,,,,,,,,,,,,,,,,,,0.0,0.0,0.0,0.0,0.0,0.0
1773805186.2296274,False,,,,,,,,,,,,,,,,,,0.0,0.0,0.0,0.0,0.0,0.0
1773805186.239637,False,,,,,,,,,,,,,,,,,,0.0,0.0,0.0,0.0,0.0,0.0
1773805186.2497025,False,,,,,,,,,,,,,,,,,,0.0,0.0,0.0,0.0,0.0,0.0
1773805186.2597299,False,,,,,,,,,,,,,,,,,,0.0,0.0,0.0,0.0,0.0,0.0
1773805186.2693741,False,,,,,,,,,,,,,,,,,,0.0,0.0,0.0,0.0,0.0,0.0
1773805186.279709,False,,,,,,,,,,,,,,,,,,0.0,0.0,0.0,0.0,0.0,0.0
1773805186.2900405,False,,,,,,,,,,,,,,,,,,0.0,0.0,0.0,0.0,0.0,0.0
1773805186.299521,False,,,,,,,,,,,,,,,,,,0.0,0.0,0.0,0.0,0.0,0.0
1773805186.3093672,False,,,,,,,,,,,,,,,,,,0.0,0.0,0.0,0.0,0.0,0.0
1773805186.3196404,False,,,,,,,,,,,,,,,,,,0.0,0.0,0.0,0.0,0.0,0.0
1773805186.3299565,False,,,,,,,,,,,,,,,,,,0.0,0.0,0.0,0.0,0.0,0.0
1773805186.3396554,False,,,,,,,,,,,,,,,,,,0.0,0.0,0.0,0.0,0.0,0.0
1773805186.3497488,False,,,,,,,,,,,,,,,,,,0.0,0.0,0.0,0.0,0.0,0.0
1773805186.359521,False,,,,,,,,,,,,,,,,,,0.0,0.0,0.0,0.0,0.0,0.0
1773805186.3696864,False,,,,,,,,,,,,,,,,,,0.0,0.0,0.0,0.0,0.0,0.0
1773805186.3798673,False,,,,,,,,,,,,,,,,,,0.0,0.0,0.0,0.0,0.0,0.0
1773805186.389817,False,,,,,,,,,,,,,,,,,,0.0,0.0,0.0,0.0,0.0,0.0
1773805186.399421,False,,,,,,,,,,,,,,,,,,0.0,0.0,0.0,0.0,0.0,0.0
1773805186.4098635,False,,,,,,,,,,,,,,,,,,0.0,0.0,0.0,0.0,0.0,0.0
1773805186.419889,False,,,,,,,,,,,,,,,,,,0.0,0.0,0.0,0.0,0.0,0.0
1773805186.4295611,False,,,,,,,,,,,,,,,,,,0.0,0.0,0.0,0.0,0.0,0.0
1773805186.439089,False,,,,,,,,,,,,,,,,,,0.0,0.0,0.0,0.0,0.0,0.0
1773805186.4494083,False,,,,,,,,,,,,,,,,,,0.0,0.0,0.0,0.0,0.0,0.0
1773805186.4597125,False,,,,,,,,,,,,,,,,,,0.0,0.0,0.0,0.0,0.0,0.0
1773805186.4697466,False,,,,,,,,,,,,,,,,,,0.0,0.0,0.0,0.0,0.0,0.0
1773805186.4792635,False,,,,,,,,,,,,,,,,,,0.0,0.0,0.0,0.0,0.0,0.0
1773805186.4892883,False,,,,,,,,,,,,,,,,,,0.0,0.0,0.0,0.0,0.0,0.0
1773805186.4993618,False,,,,,,,,,,,,,,,,,,0.0,0.0,0.0,0.0,0.0,0.0
1773805186.5094957,False,,,,,,,,,,,,,,,,,,0.0,0.0,0.0,0.0,0.0,0.0
1773805186.5195208,False,,,,,,,,,,,,,,,,,,0.0,0.0,0.0,0.0,0.0,0.0
1773805186.5296876,False,,,,,,,,,,,,,,,,,,0.0,0.0,0.0,0.0,0.0,0.0
1773805186.5392497,False,,,,,,,,,,,,,,,,,,0.0,0.0,0.0,0.0,0.0,0.0
1773805186.5493584,False,,,,,,,,,,,,,,,,,,0.0,0.0,0.0,0.0,0.0,0.0
1773805186.5593815,False,,,,,,,,,,,,,,,,,,0.0,0.0,0.0,0.0,0.0,0.0
1773805186.5694613,False,,,,,,,,,,,,,,,,,,0.0,0.0,0.0,0.0,0.0,0.0
1773805186.5792983,False,,,,,,,,,,,,,,,,,,0.0,0.0,0.0,0.0,0.0,0.0
1773805186.58921,False,,,,,,,,,,,,,,,,,,0.0,0.0,0.0,0.0,0.0,0.0
1773805186.5994663,False,,,,,,,,,,,,,,,,,,0.0,0.0,0.0,0.0,0.0,0.0
1773805186.6094928,False,,,,,,,,,,,,,,,,,,0.0,0.0,0.0,0.0,0.0,0.0
1773805186.6195214,False,,,,,,,,,,,,,,,,,,0.0,0.0,0.0,0.0,0.0,0.0
1773805186.6292946,False,,,,,,,,,,,,,,,,,,0.0,0.0,0.0,0.0,0.0,0.0
1773805186.6393316,False,,,,,,,,,,,,,,,,,,0.0,0.0,0.0,0.0,0.0,0.0
1773805186.6493745,False,,,,,,,,,,,,,,,,,,0.0,0.0,0.0,0.0,0.0,0.0
1773805186.6596024,False,,,,,,,,,,,,,,,,,,0.0,0.0,0.0,0.0,0.0,0.0
1773805186.6697204,False,,,,,,,,,,,,,,,,,,0.0,0.0,0.0,0.0,0.0,0.0
1773805186.679692,False,,,,,,,,,,,,,,,,,,0.0,0.0,0.0,0.0,0.0,0.0
1773805186.6892102,False,,,,,,,,,,,,,,,,,,0.0,0.0,0.0,0.0,0.0,0.0
1773805186.6992626,False,,,,,,,,,,,,,,,,,,0.0,0.0,0.0,0.0,0.0,0.0
1773805186.709303,False,,,,,,,,,,,,,,,,,,0.0,0.0,0.0,0.0,0.0,0.0
1773805186.7193022,False,,,,,,,,,,,,,,,,,,0.0,0.0,0.0,0.0,0.0,0.0
1773805186.7293236,False,,,,,,,,,,,,,,,,,,0.0,0.0,0.0,0.0,0.0,0.0
1773805186.7395866,False,,,,,,,,,,,,,,,,,,0.0,0.0,0.0,0.0,0.0,0.0
1773805186.7496908,False,,,,,,,,,,,,,,,,,,0.0,0.0,0.0,0.0,0.0,0.0
1773805186.7593687,False,,,,,,,,,,,,,,,,,,0.0,0.0,0.0,0.0,0.0,0.0
1773805186.7696893,False,,,,,,,,,,,,,,,,,,0.0,0.0,0.0,0.0,0.0,0.0
1773805186.7793167,False,,,,,,,,,,,,,,,,,,0.0,0.0,0.0,0.0,0.0,0.0
1773805186.7895186,False,,,,,,,,,,,,,,,,,,0.0,0.0,0.0,0.0,0.0,0.0
1773805186.7993097,False,,,,,,,,,,,,,,,,,,0.0,0.0,0.0,0.0,0.0,0.0
1773805186.8095422,False,,,,,,,,,,,,,,,,,,0.0,0.0,0.0,0.0,0.0,0.0
1773805186.8192909,False,,,,,,,,,,,,,,,,,,0.0,0.0,0.0,0.0,0.0,0.0
1773805186.829387,False,,,,,,,,,,,,,,,,,,0.0,0.0,0.0,0.0,0.0,0.0
1773805186.8394458,False,,,,,,,,,,,,,,,,,,0.0,0.0,0.0,0.0,0.0,0.0
1773805186.849599,False,,,,,,,,,,,,,,,,,,0.0,0.0,0.0,0.0,0.0,0.0
1773805186.8595712,False,,,,,,,,,,,,,,,,,,0.0,0.0,0.0,0.0,0.0,0.0
1773805186.8691213,False,,,,,,,,,,,,,,,,,,0.0,0.0,0.0,0.0,0.0,0.0
1773805186.8794713,False,,,,,,,,,,,,,,,,,,0.0,0.0,0.0,0.0,0.0,0.0
1773805186.8893173,False,,,,,,,,,,,,,,,,,,0.0,0.0,0.0,0.0,0.0,0.0
1773805186.8993404,False,,,,,,,,,,,,,,,,,,0.0,0.0,0.0,0.0,0.0,0.0
1773805186.9093144,False,,,,,,,,,,,,,,,,,,0.0,0.0,0.0,0.0,0.0,0.0
1773805186.9198184,False,,,,,,,,,,,,,,,,,,0.0,0.0,0.0,0.0,0.0,0.0
1773805186.9293306,False,,,,,,,,,,,,,,,,,,0.0,0.0,0.0,0.0,0.0,0.0
1773805186.9393137,False,,,,,,,,,,,,,,,,,,0.0,0.0,0.0,0.0,0.0,0.0
1773805186.9493084,False,,,,,,,,,,,,,,,,,,0.0,0.0,0.0,0.0,0.0,0.0
1773805186.9593546,False,,,,,,,,,,,,,,,,,,0.0,0.0,0.0,0.0,0.0,0.0
1773805186.9693139,False,,,,,,,,,,,,,,,,,,0.0,0.0,0.0,0.0,0.0,0.0
1773805186.9793427,False,,,,,,,,,,,,,,,,,,0.0,0.0,0.0,0.0,0.0,0.0
1773805186.9894748,False,,,,,,,,,,,,,,,,,,0.0,0.0,0.0,0.0,0.0,0.0
1773805186.9991639,False,,,,,,,,,,,,,,,,,,0.0,0.0,0.0,0.0,0.0,0.0
1773805187.0091896,False,,,,,,,,,,,,,,,,,,0.0,0.0,0.0,0.0,0.0,0.0
1773805187.0193865,False,,,,,,,,,,,,,,,,,,0.0,0.0,0.0,0.0,0.0,0.0
1773805187.0292637,False,,,,,,,,,,,,,,,,,,0.0,0.0,0.0,0.0,0.0,0.0
1773805187.039794,False,,,,,,,,,,,,,,,,,,0.0,0.0,0.0,0.0,0.0,0.0
1773805187.0495384,False,,,,,,,,,,,,,,,,,,0.0,0.0,0.0,0.0,0.0,0.0
1773805187.0598075,False,,,,,,,,,,,,,,,,,,0.0,0.0,0.0,0.0,0.0,0.0
1773805187.069688,False,,,,,,,,,,,,,,,,,,0.0,0.0,0.0,0.0,0.0,0.0
1773805187.079317,False,,,,,,,,,,,,,,,,,,0.0,0.0,0.0,0.0,0.0,0.0
1773805187.0890954,False,,,,,,,,,,,,,,,,,,0.0,0.0,0.0,0.0,0.0,0.0
1773805187.0996988,False,,,,,,,,,,,,,,,,,,0.0,0.0,0.0,0.0,0.0,0.0
1773805187.109819,False,,,,,,,,,,,,,,,,,,0.0,0.0,0.0,0.0,0.0,0.0
1773805187.119894,False,,,,,,,,,,,,,,,,,,0.0,0.0,0.0,0.0,0.0,0.0
1773805187.1294563,False,,,,,,,,,,,,,,,,,,0.0,0.0,0.0,0.0,0.0,0.0
1773805187.1392133,False,,,,,,,,,,,,,,,,,,0.0,0.0,0.0,0.0,0.0,0.0
1773805187.1497571,False,,,,,,,,,,,,,,,,,,0.0,0.0,0.0,0.0,0.0,0.0
1773805187.1589952,False,,,,,,,,,,,,,,,,,,0.0,0.0,0.0,0.0,0.0,0.0
1773805187.1695502,False,,,,,,,,,,,,,,,,,,0.0,0.0,0.0,0.0,0.0,0.0
1773805187.179632,False,,,,,,,,,,,,,,,,,,0.0,0.0,0.0,0.0,0.0,0.0
1773805187.1894164,False,,,,,,,,,,,,,,,,,,0.0,0.0,0.0,0.0,0.0,0.0
1773805187.199155,False,,,,,,,,,,,,,,,,,,0.0,0.0,0.0,0.0,0.0,0.0
1773805187.2093906,False,,,,,,,,,,,,,,,,,,0.0,0.0,0.0,0.0,0.0,0.0
1773805187.2194855,False,,,,,,,,,,,,,,,,,,0.0,0.0,0.0,0.0,0.0,0.0
1773805187.2300012,False,,,,,,,,,,,,,,,,,,0.0,0.0,0.0,0.0,0.0,0.0
1773805187.2396474,False,,,,,,,,,,,,,,,,,,0.0,0.0,0.0,0.0,0.0,0.0
1773805187.249247,False,,,,,,,,,,,,,,,,,,0.0,0.0,0.0,0.0,0.0,0.0
1773805187.259529,False,,,,,,,,,,,,,,,,,,0.0,0.0,0.0,0.0,0.0,0.0
1773805187.2693965,False,,,,,,,,,,,,,,,,,,0.0,0.0,0.0,0.0,0.0,0.0
1773805187.2794497,False,,,,,,,,,,,,,,,,,,0.0,0.0,0.0,0.0,0.0,0.0
1773805187.289646,False,,,,,,,,,,,,,,,,,,0.0,0.0,0.0,0.0,0.0,0.0
1773805187.2999043,False,,,,,,,,,,,,,,,,,,0.0,0.0,0.0,0.0,0.0,0.0
1773805187.309489,False,,,,,,,,,,,,,,,,,,0.0,0.0,0.0,0.0,0.0,0.0
1773805187.3195515,False,,,,,,,,,,,,,,,,,,0.0,0.0,0.0,0.0,0.0,0.0
1773805187.3295295,False,,,,,,,,,,,,,,,,,,0.0,0.0,0.0,0.0,0.0,0.0
1773805187.3391316,False,,,,,,,,,,,,,,,,,,0.0,0.0,0.0,0.0,0.0,0.0
1773805187.3494067,False,,,,,,,,,,,,,,,,,,0.0,0.0,0.0,0.0,0.0,0.0
1773805187.359467,False,,,,,,,,,,,,,,,,,,0.0,0.0,0.0,0.0,0.0,0.0
1773805187.369644,False,,,,,,,,,,,,,,,,,,0.0,0.0,0.0,0.0,0.0,0.0
1773805187.3794043,False,,,,,,,,,,,,,,,,,,0.0,0.0,0.0,0.0,0.0,0.0
1773805187.389444,False,,,,,,,,,,,,,,,,,,0.0,0.0,0.0,0.0,0.0,0.0
1773805187.3995128,False,,,,,,,,,,,,,,,,,,0.0,0.0,0.0,0.0,0.0,0.0
1773805187.4097364,False,,,,,,,,,,,,,,,,,,0.0,0.0,0.0,0.0,0.0,0.0
1773805187.4197364,False,,,,,,,,,,,,,,,,,,0.0,0.0,0.0,0.0,0.0,0.0
1773805187.4298766,False,,,,,,,,,,,,,,,,,,0.0,0.0,0.0,0.0,0.0,0.0
1773805187.4395483,False,,,,,,,,,,,,,,,,,,0.0,0.0,0.0,0.0,0.0,0.0
1773805187.4498506,False,,,,,,,,,,,,,,,,,,0.0,0.0,0.0,0.0,0.0,0.0
1773805187.4598923,False,,,,,,,,,,,,,,,,,,0.0,0.0,0.0,0.0,0.0,0.0
1773805187.4694877,False,,,,,,,,,,,,,,,,,,0.0,0.0,0.0,0.0,0.0,0.0
1773805187.47968,False,,,,,,,,,,,,,,,,,,0.0,0.0,0.0,0.0,0.0,0.0
1773805187.4897695,False,,,,,,,,,,,,,,,,,,0.0,0.0,0.0,0.0,0.0,0.0
1773805187.4993057,False,,,,,,,,,,,,,,,,,,0.0,0.0,0.0,0.0,0.0,0.0
1773805187.509791,False,,,,,,,,,,,,,,,,,,0.0,0.0,0.0,0.0,0.0,0.0
1773805187.5198324,False,,,,,,,,,,,,,,,,,,0.0,0.0,0.0,0.0,0.0,0.0
1773805187.52938,False,,,,,,,,,,,,,,,,,,0.0,0.0,0.0,0.0,0.0,0.0
1773805187.5393913,False,,,,,,,,,,,,,,,,,,0.0,0.0,0.0,0.0,0.0,0.0
1773805187.549413,False,,,,,,,,,,,,,,,,,,0.0,0.0,0.0,0.0,0.0,0.0
1773805187.559436,False,,,,,,,,,,,,,,,,,,0.0,0.0,0.0,0.0,0.0,0.0
1773805187.569532,False,,,,,,,,,,,,,,,,,,0.0,0.0,0.0,0.0,0.0,0.0
1773805187.5798123,False,,,,,,,,,,,,,,,,,,0.0,0.0,0.0,0.0,0.0,0.0
1773805187.5894542,False,,,,,,,,,,,,,,,,,,0.0,0.0,0.0,0.0,0.0,0.0
1773805187.599627,False,,,,,,,,,,,,,,,,,,0.0,0.0,0.0,0.0,0.0,0.0
1773805187.6095808,False,,,,,,,,,,,,,,,,,,0.0,0.0,0.0,0.0,0.0,0.0
1773805187.6199164,False,,,,,,,,,,,,,,,,,,0.0,0.0,0.0,0.0,0.0,0.0
1773805187.6295729,False,,,,,,,,,,,,,,,,,,0.0,0.0,0.0,0.0,0.0,0.0
1773805187.6395938,False,,,,,,,,,,,,,,,,,,0.0,0.0,0.0,0.0,0.0,0.0
1773805187.6496122,False,,,,,,,,,,,,,,,,,,0.0,0.0,0.0,0.0,0.0,0.0
1773805187.659653,False,,,,,,,,,,,,,,,,,,0.0,0.0,0.0,0.0,0.0,0.0
1773805187.6696765,False,,,,,,,,,,,,,,,,,,0.0,0.0,0.0,0.0,0.0,0.0
1773805187.6792188,False,,,,,,,,,,,,,,,,,,0.0,0.0,0.0,0.0,0.0,0.0
1773805187.6892455,False,,,,,,,,,,,,,,,,,,0.0,0.0,0.0,0.0,0.0,0.0
1773805187.6994417,False,,,,,,,,,,,,,,,,,,0.0,0.0,0.0,0.0,0.0,0.0
1773805187.709471,False,,,,,,,,,,,,,,,,,,0.0,0.0,0.0,0.0,0.0,0.0
1773805187.719638,False,,,,,,,,,,,,,,,,,,0.0,0.0,0.0,0.0,0.0,0.0
1773805187.7297523,False,,,,,,,,,,,,,,,,,,0.0,0.0,0.0,0.0,0.0,0.0
1773805187.739435,False,,,,,,,,,,,,,,,,,,0.0,0.0,0.0,0.0,0.0,0.0
1773805187.749971,False,,,,,,,,,,,,,,,,,,0.0,0.0,0.0,0.0,0.0,0.0
1773805187.7595985,False,,,,,,,,,,,,,,,,,,0.0,0.0,0.0,0.0,0.0,0.0
1773805187.769665,False,,,,,,,,,,,,,,,,,,0.0,0.0,0.0,0.0,0.0,0.0
1773805187.7794392,False,,,,,,,,,,,,,,,,,,0.0,0.0,0.0,0.0,0.0,0.0
1773805187.7896316,False,,,,,,,,,,,,,,,,,,0.0,0.0,0.0,0.0,0.0,0.0
1773805187.7991877,False,,,,,,,,,,,,,,,,,,0.0,0.0,0.0,0.0,0.0,0.0
1773805187.809685,False,,,,,,,,,,,,,,,,,,0.0,0.0,0.0,0.0,0.0,0.0
1773805187.8192248,False,,,,,,,,,,,,,,,,,,0.0,0.0,0.0,0.0,0.0,0.0
1773805187.829775,False,,,,,,,,,,,,,,,,,,0.0,0.0,0.0,0.0,0.0,0.0
1773805187.8396337,False,,,,,,,,,,,,,,,,,,0.0,0.0,0.0,0.0,0.0,0.0
1773805187.8496673,False,,,,,,,,,,,,,,,,,,0.0,0.0,0.0,0.0,0.0,0.0
1773805187.8592982,False,,,,,,,,,,,,,,,,,,0.0,0.0,0.0,0.0,0.0,0.0
1773805187.8695421,False,,,,,,,,,,,,,,,,,,0.0,0.0,0.0,0.0,0.0,0.0
1773805187.8797774,False,,,,,,,,,,,,,,,,,,0.0,0.0,0.0,0.0,0.0,0.0
1773805187.8892767,False,,,,,,,,,,,,,,,,,,0.0,0.0,0.0,0.0,0.0,0.0
1773805187.8996294,False,,,,,,,,,,,,,,,,,,0.0,0.0,0.0,0.0,0.0,0.0
1773805187.9096272,False,,,,,,,,,,,,,,,,,,0.0,0.0,0.0,0.0,0.0,0.0
1773805187.919478,False,,,,,,,,,,,,,,,,,,0.0,0.0,0.0,0.0,0.0,0.0
1773805187.9295268,False,,,,,,,,,,,,,,,,,,0.0,0.0,0.0,0.0,0.0,0.0
1773805187.9395719,False,,,,,,,,,,,,,,,,,,0.0,0.0,0.0,0.0,0.0,0.0
1773805187.949227,False,,,,,,,,,,,,,,,,,,0.0,0.0,0.0,0.0,0.0,0.0
1773805187.9598646,False,,,,,,,,,,,,,,,,,,0.0,0.0,0.0,0.0,0.0,0.0
1773805187.9697723,False,,,,,,,,,,,,,,,,,,0.0,0.0,0.0,0.0,0.0,0.0
1773805187.9794803,False,,,,,,,,,,,,,,,,,,0.0,0.0,0.0,0.0,0.0,0.0
1773805187.989538,False,,,,,,,,,,,,,,,,,,0.0,0.0,0.0,0.0,0.0,0.0
1773805187.9997156,False,,,,,,,,,,,,,,,,,,0.0,0.0,0.0,0.0,0.0,0.0
1773805188.0099614,False,,,,,,,,,,,,,,,,,,0.0,0.0,0.0,0.0,0.0,0.0
1773805188.0197449,False,,,,,,,,,,,,,,,,,,0.0,0.0,0.0,0.0,0.0,0.0
1773805188.0298123,False,,,,,,,,,,,,,,,,,,0.0,0.0,0.0,0.0,0.0,0.0
1773805188.0393507,False,,,,,,,,,,,,,,,,,,0.0,0.0,0.0,0.0,0.0,0.0
1773805188.0497108,False,,,,,,,,,,,,,,,,,,0.0,0.0,0.0,0.0,0.0,0.0
1773805188.0598507,False,,,,,,,,,,,,,,,,,,0.0,0.0,0.0,0.0,0.0,0.0
1773805188.0694242,False,,,,,,,,,,,,,,,,,,0.0,0.0,0.0,0.0,0.0,0.0
1773805188.0793872,False,,,,,,,,,,,,,,,,,,0.0,0.0,0.0,0.0,0.0,0.0
1773805188.089685,False,,,,,,,,,,,,,,,,,,0.0,0.0,0.0,0.0,0.0,0.0
1773805188.0994098,False,,,,,,,,,,,,,,,,,,0.0,0.0,0.0,0.0,0.0,0.0
1773805188.1094615,False,,,,,,,,,,,,,,,,,,0.0,0.0,0.0,0.0,0.0,0.0
1773805188.1197028,False,,,,,,,,,,,,,,,,,,0.0,0.0,0.0,0.0,0.0,0.0
1773805188.1298153,False,,,,,,,,,,,,,,,,,,0.0,0.0,0.0,0.0,0.0,0.0
1773805188.1393316,False,,,,,,,,,,,,,,,,,,0.0,0.0,0.0,0.0,0.0,0.0
1773805188.1493645,False,,,,,,,,,,,,,,,,,,0.0,0.0,0.0,0.0,0.0,0.0
1773805188.1598291,False,,,,,,,,,,,,,,,,,,0.0,0.0,0.0,0.0,0.0,0.0
1773805188.1696236,False,,,,,,,,,,,,,,,,,,0.0,0.0,0.0,0.0,0.0,0.0
1773805188.1794221,False,,,,,,,,,,,,,,,,,,0.0,0.0,0.0,0.0,0.0,0.0
1773805188.1895285,False,,,,,,,,,,,,,,,,,,0.0,0.0,0.0,0.0,0.0,0.0
1773805188.1990898,False,,,,,,,,,,,,,,,,,,0.0,0.0,0.0,0.0,0.0,0.0
1773805188.2094603,False,,,,,,,,,,,,,,,,,,0.0,0.0,0.0,0.0,0.0,0.0
1773805188.2195122,False,,,,,,,,,,,,,,,,,,0.0,0.0,0.0,0.0,0.0,0.0
1773805188.2293465,False,,,,,,,,,,,,,,,,,,0.0,0.0,0.0,0.0,0.0,0.0
1773805188.2396708,False,,,,,,,,,,,,,,,,,,0.0,0.0,0.0,0.0,0.0,0.0
1773805188.249603,False,,,,,,,,,,,,,,,,,,0.0,0.0,0.0,0.0,0.0,0.0
1773805188.259982,False,,,,,,,,,,,,,,,,,,0.0,0.0,0.0,0.0,0.0,0.0
1773805188.2693257,False,,,,,,,,,,,,,,,,,,0.0,0.0,0.0,0.0,0.0,0.0
1773805188.2792053,False,,,,,,,,,,,,,,,,,,0.0,0.0,0.0,0.0,0.0,0.0
1773805188.2891586,False,,,,,,,,,,,,,,,,,,0.0,0.0,0.0,0.0,0.0,0.0
1773805188.2997987,False,,,,,,,,,,,,,,,,,,0.0,0.0,0.0,0.0,0.0,0.0
1773805188.3092778,False,,,,,,,,,,,,,,,,,,0.0,0.0,0.0,0.0,0.0,0.0
1773805188.3194747,False,,,,,,,,,,,,,,,,,,0.0,0.0,0.0,0.0,0.0,0.0
1773805188.3295274,False,,,,,,,,,,,,,,,,,,0.0,0.0,0.0,0.0,0.0,0.0
1773805188.3392267,False,,,,,,,,,,,,,,,,,,0.0,0.0,0.0,0.0,0.0,0.0
1773805188.3498094,False,,,,,,,,,,,,,,,,,,0.0,0.0,0.0,0.0,0.0,0.0
1773805188.3598425,False,,,,,,,,,,,,,,,,,,0.0,0.0,0.0,0.0,0.0,0.0
1773805188.3692183,False,,,,,,,,,,,,,,,,,,0.0,0.0,0.0,0.0,0.0,0.0
1773805188.3797867,False,,,,,,,,,,,,,,,,,,0.0,0.0,0.0,0.0,0.0,0.0
1773805188.389942,False,,,,,,,,,,,,,,,,,,0.0,0.0,0.0,0.0,0.0,0.0
1773805188.3994942,False,,,,,,,,,,,,,,,,,,0.0,0.0,0.0,0.0,0.0,0.0
1773805188.409403,False,,,,,,,,,,,,,,,,,,0.0,0.0,0.0,0.0,0.0,0.0
1773805188.419949,False,,,,,,,,,,,,,,,,,,0.0,0.0,0.0,0.0,0.0,0.0
1773805188.4296525,False,,,,,,,,,,,,,,,,,,0.0,0.0,0.0,0.0,0.0,0.0
1773805188.4397008,False,,,,,,,,,,,,,,,,,,0.0,0.0,0.0,0.0,0.0,0.0
1773805188.449788,False,,,,,,,,,,,,,,,,,,0.0,0.0,0.0,0.0,0.0,0.0
1773805188.4595883,False,,,,,,,,,,,,,,,,,,0.0,0.0,0.0,0.0,0.0,0.0
1773805188.4695024,False,,,,,,,,,,,,,,,,,,0.0,0.0,0.0,0.0,0.0,0.0
1773805188.479656,False,,,,,,,,,,,,,,,,,,0.0,0.0,0.0,0.0,0.0,0.0
1773805188.4894521,False,,,,,,,,,,,,,,,,,,0.0,0.0,0.0,0.0,0.0,0.0
1773805188.4995313,False,,,,,,,,,,,,,,,,,,0.0,0.0,0.0,0.0,0.0,0.0
1773805188.5094151,False,,,,,,,,,,,,,,,,,,0.0,0.0,0.0,0.0,0.0,0.0
1773805188.519455,False,,,,,,,,,,,,,,,,,,0.0,0.0,0.0,0.0,0.0,0.0
1773805188.5294847,False,,,,,,,,,,,,,,,,,,0.0,0.0,0.0,0.0,0.0,0.0
1773805188.5400507,False,,,,,,,,,,,,,,,,,,0.0,0.0,0.0,0.0,0.0,0.0
1773805188.5499797,False,,,,,,,,,,,,,,,,,,0.0,0.0,0.0,0.0,0.0,0.0
1773805188.559801,False,,,,,,,,,,,,,,,,,,0.0,0.0,0.0,0.0,0.0,0.0
1773805188.569312,False,,,,,,,,,,,,,,,,,,0.0,0.0,0.0,0.0,0.0,0.0
1773805188.5794904,False,,,,,,,,,,,,,,,,,,0.0,0.0,0.0,0.0,0.0,0.0
1773805188.5890236,False,,,,,,,,,,,,,,,,,,0.0,0.0,0.0,0.0,0.0,0.0
1773805188.5997605,False,,,,,,,,,,,,,,,,,,0.0,0.0,0.0,0.0,0.0,0.0
1773805188.6097808,False,,,,,,,,,,,,,,,,,,0.0,0.0,0.0,0.0,0.0,0.0
1773805188.6195998,False,,,,,,,,,,,,,,,,,,0.0,0.0,0.0,0.0,0.0,0.0
1773805188.6295033,False,,,,,,,,,,,,,,,,,,0.0,0.0,0.0,0.0,0.0,0.0
1773805188.6395376,False,,,,,,,,,,,,,,,,,,0.0,0.0,0.0,0.0,0.0,0.0
1773805188.6496732,False,,,,,,,,,,,,,,,,,,0.0,0.0,0.0,0.0,0.0,0.0
1773805188.6597223,False,,,,,,,,,,,,,,,,,,0.0,0.0,0.0,0.0,0.0,0.0
1773805188.6694736,False,,,,,,,,,,,,,,,,,,0.0,0.0,0.0,0.0,0.0,0.0
1773805188.6792061,False,,,,,,,,,,,,,,,,,,0.0,0.0,0.0,0.0,0.0,0.0
1773805188.68974,False,,,,,,,,,,,,,,,,,,0.0,0.0,0.0,0.0,0.0,0.0
1773805188.699452,False,,,,,,,,,,,,,,,,,,0.0,0.0,0.0,0.0,0.0,0.0
1773805188.7095244,False,,,,,,,,,,,,,,,,,,0.0,0.0,0.0,0.0,0.0,0.0
1773805188.7197235,False,,,,,,,,,,,,,,,,,,0.0,0.0,0.0,0.0,0.0,0.0
1773805188.729288,False,,,,,,,,,,,,,,,,,,0.0,0.0,0.0,0.0,0.0,0.0
1773805188.7394574,False,,,,,,,,,,,,,,,,,,0.0,0.0,0.0,0.0,0.0,0.0
1773805188.7495155,False,,,,,,,,,,,,,,,,,,0.0,0.0,0.0,0.0,0.0,0.0
1773805188.7591,False,,,,,,,,,,,,,,,,,,0.0,0.0,0.0,0.0,0.0,0.0
1773805188.7698705,False,,,,,,,,,,,,,,,,,,0.0,0.0,0.0,0.0,0.0,0.0
1773805188.7793324,False,,,,,,,,,,,,,,,,,,0.0,0.0,0.0,0.0,0.0,0.0
1773805188.7890785,False,,,,,,,,,,,,,,,,,,0.0,0.0,0.0,0.0,0.0,0.0
1773805188.7990835,False,,,,,,,,,,,,,,,,,,0.0,0.0,0.0,0.0,0.0,0.0
1773805188.8095508,False,,,,,,,,,,,,,,,,,,0.0,0.0,0.0,0.0,0.0,0.0
1773805188.8198423,False,,,,,,,,,,,,,,,,,,0.0,0.0,0.0,0.0,0.0,0.0
1773805188.8293202,False,,,,,,,,,,,,,,,,,,0.0,0.0,0.0,0.0,0.0,0.0
1773805188.8396344,False,,,,,,,,,,,,,,,,,,0.0,0.0,0.0,0.0,0.0,0.0
1773805188.849522,False,,,,,,,,,,,,,,,,,,0.0,0.0,0.0,0.0,0.0,0.0
1773805188.8595865,False,,,,,,,,,,,,,,,,,,0.0,0.0,0.0,0.0,0.0,0.0
1773805188.8698268,False,,,,,,,,,,,,,,,,,,0.0,0.0,0.0,0.0,0.0,0.0
1773805188.8796706,False,,,,,,,,,,,,,,,,,,0.0,0.0,0.0,0.0,0.0,0.0
1773805188.8897104,False,,,,,,,,,,,,,,,,,,0.0,0.0,0.0,0.0,0.0,0.0
1773805188.8993046,False,,,,,,,,,,,,,,,,,,0.0,0.0,0.0,0.0,0.0,0.0
1773805188.9093118,False,,,,,,,,,,,,,,,,,,0.0,0.0,0.0,0.0,0.0,0.0
1773805188.9196818,False,,,,,,,,,,,,,,,,,,0.0,0.0,0.0,0.0,0.0,0.0
1773805188.929408,False,,,,,,,,,,,,,,,,,,0.0,0.0,0.0,0.0,0.0,0.0
1773805188.9396107,False,,,,,,,,,,,,,,,,,,0.0,0.0,0.0,0.0,0.0,0.0
1773805188.9492068,False,,,,,,,,,,,,,,,,,,0.0,0.0,0.0,0.0,0.0,0.0
1773805188.959213,False,,,,,,,,,,,,,,,,,,0.0,0.0,0.0,0.0,0.0,0.0
1773805188.9697819,False,,,,,,,,,,,,,,,,,,0.0,0.0,0.0,0.0,0.0,0.0
1773805188.9794059,False,,,,,,,,,,,,,,,,,,0.0,0.0,0.0,0.0,0.0,0.0
1773805188.9893374,False,,,,,,,,,,,,,,,,,,0.0,0.0,0.0,0.0,0.0,0.0
1773805188.999388,False,,,,,,,,,,,,,,,,,,0.0,0.0,0.0,0.0,0.0,0.0
1773805189.0096536,False,,,,,,,,,,,,,,,,,,0.0,0.0,0.0,0.0,0.0,0.0
1773805189.0195484,False,,,,,,,,,,,,,,,,,,0.0,0.0,0.0,0.0,0.0,0.0
1773805189.0297787,False,,,,,,,,,,,,,,,,,,0.0,0.0,0.0,0.0,0.0,0.0
1773805189.0399845,False,,,,,,,,,,,,,,,,,,0.0,0.0,0.0,0.0,0.0,0.0
1773805189.0497742,False,,,,,,,,,,,,,,,,,,0.0,0.0,0.0,0.0,0.0,0.0
1773805189.059463,False,,,,,,,,,,,,,,,,,,0.0,0.0,0.0,0.0,0.0,0.0
1773805189.0695355,False,,,,,,,,,,,,,,,,,,0.0,0.0,0.0,0.0,0.0,0.0
1773805189.0797532,False,,,,,,,,,,,,,,,,,,0.0,0.0,0.0,0.0,0.0,0.0
1773805189.089545,False,,,,,,,,,,,,,,,,,,0.0,0.0,0.0,0.0,0.0,0.0
1773805189.0994427,False,,,,,,,,,,,,,,,,,,0.0,0.0,0.0,0.0,0.0,0.0
1773805189.109525,False,,,,,,,,,,,,,,,,,,0.0,0.0,0.0,0.0,0.0,0.0
1773805189.119798,False,,,,,,,,,,,,,,,,,,0.0,0.0,0.0,0.0,0.0,0.0
1773805189.1293848,False,,,,,,,,,,,,,,,,,,0.0,0.0,0.0,0.0,0.0,0.0
1773805189.139679,False,,,,,,,,,,,,,,,,,,0.0,0.0,0.0,0.0,0.0,0.0
1773805189.1495578,False,,,,,,,,,,,,,,,,,,0.0,0.0,0.0,0.0,0.0,0.0
1773805189.159814,False,,,,,,,,,,,,,,,,,,0.0,0.0,0.0,0.0,0.0,0.0
1773805189.169464,False,,,,,,,,,,,,,,,,,,0.0,0.0,0.0,0.0,0.0,0.0
1773805189.1793377,False,,,,,,,,,,,,,,,,,,0.0,0.0,0.0,0.0,0.0,0.0
1773805189.1894236,False,,,,,,,,,,,,,,,,,,0.0,0.0,0.0,0.0,0.0,0.0
1773805189.1997092,False,,,,,,,,,,,,,,,,,,0.0,0.0,0.0,0.0,0.0,0.0
1773805189.2096848,False,,,,,,,,,,,,,,,,,,0.0,0.0,0.0,0.0,0.0,0.0
1773805189.2197604,False,,,,,,,,,,,,,,,,,,0.0,0.0,0.0,0.0,0.0,0.0
1773805189.229518,False,,,,,,,,,,,,,,,,,,0.0,0.0,0.0,0.0,0.0,0.0
1773805189.2391307,False,,,,,,,,,,,,,,,,,,0.0,0.0,0.0,0.0,0.0,0.0
1773805189.249626,False,,,,,,,,,,,,,,,,,,0.0,0.0,0.0,0.0,0.0,0.0
1773805189.2592103,False,,,,,,,,,,,,,,,,,,0.0,0.0,0.0,0.0,0.0,0.0
1773805189.2695773,False,,,,,,,,,,,,,,,,,,0.0,0.0,0.0,0.0,0.0,0.0
1773805189.2796998,False,,,,,,,,,,,,,,,,,,0.0,0.0,0.0,0.0,0.0,0.0
1773805189.2895074,False,,,,,,,,,,,,,,,,,,0.0,0.0,0.0,0.0,0.0,0.0
1773805189.2992957,False,,,,,,,,,,,,,,,,,,0.0,0.0,0.0,0.0,0.0,0.0
1773805189.3096418,False,,,,,,,,,,,,,,,,,,0.0,0.0,0.0,0.0,0.0,0.0
1773805189.3193676,False,,,,,,,,,,,,,,,,,,0.0,0.0,0.0,0.0,0.0,0.0
1773805189.3298433,False,,,,,,,,,,,,,,,,,,0.0,0.0,0.0,0.0,0.0,0.0
1773805189.3393815,False,,,,,,,,,,,,,,,,,,0.0,0.0,0.0,0.0,0.0,0.0
1773805189.3491833,False,,,,,,,,,,,,,,,,,,0.0,0.0,0.0,0.0,0.0,0.0
1773805189.3595424,False,,,,,,,,,,,,,,,,,,0.0,0.0,0.0,0.0,0.0,0.0
1773805189.3696187,False,,,,,,,,,,,,,,,,,,0.0,0.0,0.0,0.0,0.0,0.0
1773805189.3799872,False,,,,,,,,,,,,,,,,,,0.0,0.0,0.0,0.0,0.0,0.0
1773805189.38978,False,,,,,,,,,,,,,,,,,,0.0,0.0,0.0,0.0,0.0,0.0
1773805189.3996553,False,,,,,,,,,,,,,,,,,,0.0,0.0,0.0,0.0,0.0,0.0
1773805189.409817,False,,,,,,,,,,,,,,,,,,0.0,0.0,0.0,0.0,0.0,0.0
1773805189.4195025,False,,,,,,,,,,,,,,,,,,0.0,0.0,0.0,0.0,0.0,0.0
1773805189.4293742,False,,,,,,,,,,,,,,,,,,0.0,0.0,0.0,0.0,0.0,0.0
1773805189.4398284,False,,,,,,,,,,,,,,,,,,0.0,0.0,0.0,0.0,0.0,0.0
1773805189.4494464,False,,,,,,,,,,,,,,,,,,0.0,0.0,0.0,0.0,0.0,0.0
1773805189.4595048,False,,,,,,,,,,,,,,,,,,0.0,0.0,0.0,0.0,0.0,0.0
1773805189.4696653,False,,,,,,,,,,,,,,,,,,0.0,0.0,0.0,0.0,0.0,0.0
1773805189.4796498,False,,,,,,,,,,,,,,,,,,0.0,0.0,0.0,0.0,0.0,0.0
1773805189.489692,False,,,,,,,,,,,,,,,,,,0.0,0.0,0.0,0.0,0.0,0.0
1773805189.4997375,False,,,,,,,,,,,,,,,,,,0.0,0.0,0.0,0.0,0.0,0.0
1773805189.5095284,False,,,,,,,,,,,,,,,,,,0.0,0.0,0.0,0.0,0.0,0.0
1773805189.5195837,False,,,,,,,,,,,,,,,,,,0.0,0.0,0.0,0.0,0.0,0.0
1773805189.5296278,False,,,,,,,,,,,,,,,,,,0.0,0.0,0.0,0.0,0.0,0.0
1773805189.5396938,False,,,,,,,,,,,,,,,,,,0.0,0.0,0.0,0.0,0.0,0.0
1773805189.5492928,False,,,,,,,,,,,,,,,,,,0.0,0.0,0.0,0.0,0.0,0.0
1773805189.5593169,False,,,,,,,,,,,,,,,,,,0.0,0.0,0.0,0.0,0.0,0.0
1773805189.5693753,False,,,,,,,,,,,,,,,,,,0.0,0.0,0.0,0.0,0.0,0.0
1773805189.579516,False,,,,,,,,,,,,,,,,,,0.0,0.0,0.0,0.0,0.0,0.0
1773805189.5895615,False,,,,,,,,,,,,,,,,,,0.0,0.0,0.0,0.0,0.0,0.0
1773805189.5993915,False,,,,,,,,,,,,,,,,,,0.0,0.0,0.0,0.0,0.0,0.0
1773805189.6091824,False,,,,,,,,,,,,,,,,,,0.0,0.0,0.0,0.0,0.0,0.0
1773805189.6195095,False,,,,,,,,,,,,,,,,,,0.0,0.0,0.0,0.0,0.0,0.0
1773805189.6295238,False,,,,,,,,,,,,,,,,,,0.0,0.0,0.0,0.0,0.0,0.0
1773805189.6396441,False,,,,,,,,,,,,,,,,,,0.0,0.0,0.0,0.0,0.0,0.0
1773805189.6496186,False,,,,,,,,,,,,,,,,,,0.0,0.0,0.0,0.0,0.0,0.0
1773805189.6596737,False,,,,,,,,,,,,,,,,,,0.0,0.0,0.0,0.0,0.0,0.0
1773805189.6695735,False,,,,,,,,,,,,,,,,,,0.0,0.0,0.0,0.0,0.0,0.0
1773805189.6792133,False,,,,,,,,,,,,,,,,,,0.0,0.0,0.0,0.0,0.0,0.0
1773805189.6891518,False,,,,,,,,,,,,,,,,,,0.0,0.0,0.0,0.0,0.0,0.0
1773805189.6994379,False,,,,,,,,,,,,,,,,,,0.0,0.0,0.0,0.0,0.0,0.0
1773805189.7094355,False,,,,,,,,,,,,,,,,,,0.0,0.0,0.0,0.0,0.0,0.0
1773805189.7194784,False,,,,,,,,,,,,,,,,,,0.0,0.0,0.0,0.0,0.0,0.0
1773805189.7296472,False,,,,,,,,,,,,,,,,,,0.0,0.0,0.0,0.0,0.0,0.0
1773805189.7395098,False,,,,,,,,,,,,,,,,,,0.0,0.0,0.0,0.0,0.0,0.0
1773805189.7498734,False,,,,,,,,,,,,,,,,,,0.0,0.0,0.0,0.0,0.0,0.0
1773805189.7596045,False,,,,,,,,,,,,,,,,,,0.0,0.0,0.0,0.0,0.0,0.0
1773805189.770058,False,,,,,,,,,,,,,,,,,,0.0,0.0,0.0,0.0,0.0,0.0
1773805189.7795672,False,,,,,,,,,,,,,,,,,,0.0,0.0,0.0,0.0,0.0,0.0
1773805189.7896903,False,,,,,,,,,,,,,,,,,,0.0,0.0,0.0,0.0,0.0,0.0
1773805189.7998323,False,,,,,,,,,,,,,,,,,,0.0,0.0,0.0,0.0,0.0,0.0
1773805189.809131,False,,,,,,,,,,,,,,,,,,0.0,0.0,0.0,0.0,0.0,0.0
1773805189.8194249,False,,,,,,,,,,,,,,,,,,0.0,0.0,0.0,0.0,0.0,0.0
1773805189.8294694,False,,,,,,,,,,,,,,,,,,0.0,0.0,0.0,0.0,0.0,0.0
1773805189.8398657,False,,,,,,,,,,,,,,,,,,0.0,0.0,0.0,0.0,0.0,0.0
1773805189.8493865,False,,,,,,,,,,,,,,,,,,0.0,0.0,0.0,0.0,0.0,0.0
1773805189.8594337,False,,,,,,,,,,,,,,,,,,0.0,0.0,0.0,0.0,0.0,0.0
1773805189.869452,False,,,,,,,,,,,,,,,,,,0.0,0.0,0.0,0.0,0.0,0.0
1773805189.879531,False,,,,,,,,,,,,,,,,,,0.0,0.0,0.0,0.0,0.0,0.0
1773805189.8895645,False,,,,,,,,,,,,,,,,,,0.0,0.0,0.0,0.0,0.0,0.0
1773805189.8995874,False,,,,,,,,,,,,,,,,,,0.0,0.0,0.0,0.0,0.0,0.0
1773805189.909423,False,,,,,,,,,,,,,,,,,,0.0,0.0,0.0,0.0,0.0,0.0
1773805189.9194586,False,,,,,,,,,,,,,,,,,,0.0,0.0,0.0,0.0,0.0,0.0
1773805189.9292176,False,,,,,,,,,,,,,,,,,,0.0,0.0,0.0,0.0,0.0,0.0
1773805189.9393532,False,,,,,,,,,,,,,,,,,,0.0,0.0,0.0,0.0,0.0,0.0
1773805189.9495296,False,,,,,,,,,,,,,,,,,,0.0,0.0,0.0,0.0,0.0,0.0
1773805189.9595616,False,,,,,,,,,,,,,,,,,,0.0,0.0,0.0,0.0,0.0,0.0
1773805189.969397,False,,,,,,,,,,,,,,,,,,0.0,0.0,0.0,0.0,0.0,0.0
1773805189.979221,False,,,,,,,,,,,,,,,,,,0.0,0.0,0.0,0.0,0.0,0.0
1773805189.9895813,False,,,,,,,,,,,,,,,,,,0.0,0.0,0.0,0.0,0.0,0.0
1773805189.9994361,False,,,,,,,,,,,,,,,,,,0.0,0.0,0.0,0.0,0.0,0.0
1773805190.0091908,False,,,,,,,,,,,,,,,,,,0.0,0.0,0.0,0.0,0.0,0.0
1773805190.0197396,False,,,,,,,,,,,,,,,,,,0.0,0.0,0.0,0.0,0.0,0.0
1773805190.0294862,False,,,,,,,,,,,,,,,,,,0.0,0.0,0.0,0.0,0.0,0.0
1773805190.0393267,False,,,,,,,,,,,,,,,,,,0.0,0.0,0.0,0.0,0.0,0.0
1773805190.0495663,False,,,,,,,,,,,,,,,,,,0.0,0.0,0.0,0.0,0.0,0.0
1773805190.0597577,False,,,,,,,,,,,,,,,,,,0.0,0.0,0.0,0.0,0.0,0.0
1773805190.0694258,False,,,,,,,,,,,,,,,,,,0.0,0.0,0.0,0.0,0.0,0.0
1773805190.079491,False,,,,,,,,,,,,,,,,,,0.0,0.0,0.0,0.0,0.0,0.0
1773805190.0896316,False,,,,,,,,,,,,,,,,,,0.0,0.0,0.0,0.0,0.0,0.0
1773805190.0993865,False,,,,,,,,,,,,,,,,,,0.0,0.0,0.0,0.0,0.0,0.0
1773805190.1094053,False,,,,,,,,,,,,,,,,,,0.0,0.0,0.0,0.0,0.0,0.0
1773805190.1191626,False,,,,,,,,,,,,,,,,,,0.0,0.0,0.0,0.0,0.0,0.0
1773805190.1294198,False,,,,,,,,,,,,,,,,,,0.0,0.0,0.0,0.0,0.0,0.0
1773805190.1394608,False,,,,,,,,,,,,,,,,,,0.0,0.0,0.0,0.0,0.0,0.0
1773805190.1493864,False,,,,,,,,,,,,,,,,,,0.0,0.0,0.0,0.0,0.0,0.0
1773805190.1592178,False,,,,,,,,,,,,,,,,,,0.0,0.0,0.0,0.0,0.0,0.0
1773805190.1692731,False,,,,,,,,,,,,,,,,,,0.0,0.0,0.0,0.0,0.0,0.0
1773805190.1793344,False,,,,,,,,,,,,,,,,,,0.0,0.0,0.0,0.0,0.0,0.0
1773805190.1894355,False,,,,,,,,,,,,,,,,,,0.0,0.0,0.0,0.0,0.0,0.0
1773805190.1992886,False,,,,,,,,,,,,,,,,,,0.0,0.0,0.0,0.0,0.0,0.0
1773805190.2093647,False,,,,,,,,,,,,,,,,,,0.0,0.0,0.0,0.0,0.0,0.0
1773805190.2196205,False,,,,,,,,,,,,,,,,,,0.0,0.0,0.0,0.0,0.0,0.0
1773805190.229564,False,,,,,,,,,,,,,,,,,,0.0,0.0,0.0,0.0,0.0,0.0
1773805190.2393024,False,,,,,,,,,,,,,,,,,,0.0,0.0,0.0,0.0,0.0,0.0
1773805190.2494204,False,,,,,,,,,,,,,,,,,,0.0,0.0,0.0,0.0,0.0,0.0
1773805190.2595797,False,,,,,,,,,,,,,,,,,,0.0,0.0,0.0,0.0,0.0,0.0
1773805190.2695165,False,,,,,,,,,,,,,,,,,,0.0,0.0,0.0,0.0,0.0,0.0
1773805190.279598,False,,,,,,,,,,,,,,,,,,0.0,0.0,0.0,0.0,0.0,0.0
1773805190.2891054,False,,,,,,,,,,,,,,,,,,0.0,0.0,0.0,0.0,0.0,0.0
1773805190.299444,False,,,,,,,,,,,,,,,,,,0.0,0.0,0.0,0.0,0.0,0.0
1773805190.3094754,False,,,,,,,,,,,,,,,,,,0.0,0.0,0.0,0.0,0.0,0.0
1773805190.319423,False,,,,,,,,,,,,,,,,,,0.0,0.0,0.0,0.0,0.0,0.0
1773805190.3295114,False,,,,,,,,,,,,,,,,,,0.0,0.0,0.0,0.0,0.0,0.0
1773805190.3394313,False,,,,,,,,,,,,,,,,,,0.0,0.0,0.0,0.0,0.0,0.0
1773805190.3495352,False,,,,,,,,,,,,,,,,,,0.0,0.0,0.0,0.0,0.0,0.0
1773805190.3592799,False,,,,,,,,,,,,,,,,,,0.0,0.0,0.0,0.0,0.0,0.0
1773805190.3694813,False,,,,,,,,,,,,,,,,,,0.0,0.0,0.0,0.0,0.0,0.0
1773805190.3791027,False,,,,,,,,,,,,,,,,,,0.0,0.0,0.0,0.0,0.0,0.0
1773805190.3892798,False,,,,,,,,,,,,,,,,,,0.0,0.0,0.0,0.0,0.0,0.0
1773805190.3991442,False,,,,,,,,,,,,,,,,,,0.0,0.0,0.0,0.0,0.0,0.0
1773805190.409435,False,,,,,,,,,,,,,,,,,,0.0,0.0,0.0,0.0,0.0,0.0
1773805190.4193146,False,,,,,,,,,,,,,,,,,,0.0,0.0,0.0,0.0,0.0,0.0
1773805190.4293337,False,,,,,,,,,,,,,,,,,,0.0,0.0,0.0,0.0,0.0,0.0
1773805190.4392097,False,,,,,,,,,,,,,,,,,,0.0,0.0,0.0,0.0,0.0,0.0
1773805190.449232,False,,,,,,,,,,,,,,,,,,0.0,0.0,0.0,0.0,0.0,0.0
1773805190.4594464,False,,,,,,,,,,,,,,,,,,0.0,0.0,0.0,0.0,0.0,0.0
1773805190.469276,False,,,,,,,,,,,,,,,,,,0.0,0.0,0.0,0.0,0.0,0.0
1773805190.4794564,False,,,,,,,,,,,,,,,,,,0.0,0.0,0.0,0.0,0.0,0.0
1773805190.489253,False,,,,,,,,,,,,,,,,,,0.0,0.0,0.0,0.0,0.0,0.0
1773805190.4993184,False,,,,,,,,,,,,,,,,,,0.0,0.0,0.0,0.0,0.0,0.0
1773805190.5093668,False,,,,,,,,,,,,,,,,,,0.0,0.0,0.0,0.0,0.0,0.0
1773805190.5193956,False,,,,,,,,,,,,,,,,,,0.0,0.0,0.0,0.0,0.0,0.0
1773805190.5291123,False,,,,,,,,,,,,,,,,,,0.0,0.0,0.0,0.0,0.0,0.0
1773805190.539138,False,,,,,,,,,,,,,,,,,,0.0,0.0,0.0,0.0,0.0,0.0
1773805190.5497825,False,,,,,,,,,,,,,,,,,,0.0,0.0,0.0,0.0,0.0,0.0
1773805190.559441,False,,,,,,,,,,,,,,,,,,0.0,0.0,0.0,0.0,0.0,0.0
1773805190.569107,False,,,,,,,,,,,,,,,,,,0.0,0.0,0.0,0.0,0.0,0.0
1773805190.5795052,False,,,,,,,,,,,,,,,,,,0.0,0.0,0.0,0.0,0.0,0.0
1773805190.5894618,False,,,,,,,,,,,,,,,,,,0.0,0.0,0.0,0.0,0.0,0.0
1773805190.5994756,False,,,,,,,,,,,,,,,,,,0.0,0.0,0.0,0.0,0.0,0.0
1773805190.6095216,False,,,,,,,,,,,,,,,,,,0.0,0.0,0.0,0.0,0.0,0.0
1773805190.619241,False,,,,,,,,,,,,,,,,,,0.0,0.0,0.0,0.0,0.0,0.0
1773805190.6294012,False,,,,,,,,,,,,,,,,,,0.0,0.0,0.0,0.0,0.0,0.0
1773805190.6396167,False,,,,,,,,,,,,,,,,,,0.0,0.0,0.0,0.0,0.0,0.0
1773805190.6491978,False,,,,,,,,,,,,,,,,,,0.0,0.0,0.0,0.0,0.0,0.0
1773805190.6594286,False,,,,,,,,,,,,,,,,,,0.0,0.0,0.0,0.0,0.0,0.0
1773805190.669297,False,,,,,,,,,,,,,,,,,,0.0,0.0,0.0,0.0,0.0,0.0
1773805190.6794968,False,,,,,,,,,,,,,,,,,,0.0,0.0,0.0,0.0,0.0,0.0
1773805190.6894863,False,,,,,,,,,,,,,,,,,,0.0,0.0,0.0,0.0,0.0,0.0
1773805190.699692,False,,,,,,,,,,,,,,,,,,0.0,0.0,0.0,0.0,0.0,0.0
1773805190.7093678,False,,,,,,,,,,,,,,,,,,0.0,0.0,0.0,0.0,0.0,0.0
1773805190.7196102,False,,,,,,,,,,,,,,,,,,0.0,0.0,0.0,0.0,0.0,0.0
1773805190.7291355,False,,,,,,,,,,,,,,,,,,0.0,0.0,0.0,0.0,0.0,0.0
1773805190.7391639,False,,,,,,,,,,,,,,,,,,0.0,0.0,0.0,0.0,0.0,0.0
1773805190.7492032,False,,,,,,,,,,,,,,,,,,0.0,0.0,0.0,0.0,0.0,0.0
1773805190.759349,False,,,,,,,,,,,,,,,,,,0.0,0.0,0.0,0.0,0.0,0.0
1773805190.769563,False,,,,,,,,,,,,,,,,,,0.0,0.0,0.0,0.0,0.0,0.0
1773805190.7792995,False,,,,,,,,,,,,,,,,,,0.0,0.0,0.0,0.0,0.0,0.0
1773805190.7893915,False,,,,,,,,,,,,,,,,,,0.0,0.0,0.0,0.0,0.0,0.0
1773805190.7998157,False,,,,,,,,,,,,,,,,,,0.0,0.0,0.0,0.0,0.0,0.0
1773805190.8093765,False,,,,,,,,,,,,,,,,,,0.0,0.0,0.0,0.0,0.0,0.0
1773805190.8201854,False,,,,,,,,,,,,,,,,,,0.0,0.0,0.0,0.0,0.0,0.0
1773805190.829786,False,,,,,,,,,,,,,,,,,,0.0,0.0,0.0,0.0,0.0,0.0
1773805190.8396988,False,,,,,,,,,,,,,,,,,,0.0,0.0,0.0,0.0,0.0,0.0
1773805190.8493884,False,,,,,,,,,,,,,,,,,,0.0,0.0,0.0,0.0,0.0,0.0
1773805190.8597353,False,,,,,,,,,,,,,,,,,,0.0,0.0,0.0,0.0,0.0,0.0
1773805190.8693643,False,,,,,,,,,,,,,,,,,,0.0,0.0,0.0,0.0,0.0,0.0
1773805190.8794844,False,,,,,,,,,,,,,,,,,,0.0,0.0,0.0,0.0,0.0,0.0
1773805190.889389,False,,,,,,,,,,,,,,,,,,0.0,0.0,0.0,0.0,0.0,0.0
1773805190.8996198,False,,,,,,,,,,,,,,,,,,0.0,0.0,0.0,0.0,0.0,0.0
1773805190.9096272,False,,,,,,,,,,,,,,,,,,0.0,0.0,0.0,0.0,0.0,0.0
1773805190.919403,False,,,,,,,,,,,,,,,,,,0.0,0.0,0.0,0.0,0.0,0.0
1773805190.929445,False,,,,,,,,,,,,,,,,,,0.0,0.0,0.0,0.0,0.0,0.0
1773805190.9399867,False,,,,,,,,,,,,,,,,,,0.0,0.0,0.0,0.0,0.0,0.0
1773805190.9495888,False,,,,,,,,,,,,,,,,,,0.0,0.0,0.0,0.0,0.0,0.0
1773805190.9590912,False,,,,,,,,,,,,,,,,,,0.0,0.0,0.0,0.0,0.0,0.0
1773805190.970006,False,,,,,,,,,,,,,,,,,,0.0,0.0,0.0,0.0,0.0,0.0
1773805190.979823,False,,,,,,,,,,,,,,,,,,0.0,0.0,0.0,0.0,0.0,0.0
1773805190.9897208,False,,,,,,,,,,,,,,,,,,0.0,0.0,0.0,0.0,0.0,0.0
1773805190.999407,False,,,,,,,,,,,,,,,,,,0.0,0.0,0.0,0.0,0.0,0.0
1773805191.009435,False,,,,,,,,,,,,,,,,,,0.0,0.0,0.0,0.0,0.0,0.0
1773805191.0198061,False,,,,,,,,,,,,,,,,,,0.0,0.0,0.0,0.0,0.0,0.0
1773805191.0298154,False,,,,,,,,,,,,,,,,,,0.0,0.0,0.0,0.0,0.0,0.0
1773805191.039875,False,,,,,,,,,,,,,,,,,,0.0,0.0,0.0,0.0,0.0,0.0
1773805191.0494597,False,,,,,,,,,,,,,,,,,,0.0,0.0,0.0,0.0,0.0,0.0
1773805191.0595186,False,,,,,,,,,,,,,,,,,,0.0,0.0,0.0,0.0,0.0,0.0
1773805191.0695505,False,,,,,,,,,,,,,,,,,,0.0,0.0,0.0,0.0,0.0,0.0
1773805191.0795994,False,,,,,,,,,,,,,,,,,,0.0,0.0,0.0,0.0,0.0,0.0
1773805191.0896442,False,,,,,,,,,,,,,,,,,,0.0,0.0,0.0,0.0,0.0,0.0
1773805191.0991611,False,,,,,,,,,,,,,,,,,,0.0,0.0,0.0,0.0,0.0,0.0
1773805191.1095426,False,,,,,,,,,,,,,,,,,,0.0,0.0,0.0,0.0,0.0,0.0
1773805191.1195798,False,,,,,,,,,,,,,,,,,,0.0,0.0,0.0,0.0,0.0,0.0
1773805191.1298468,False,,,,,,,,,,,,,,,,,,0.0,0.0,0.0,0.0,0.0,0.0
1773805191.139464,False,,,,,,,,,,,,,,,,,,0.0,0.0,0.0,0.0,0.0,0.0
1773805191.149523,False,,,,,,,,,,,,,,,,,,0.0,0.0,0.0,0.0,0.0,0.0
1773805191.159455,False,,,,,,,,,,,,,,,,,,0.0,0.0,0.0,0.0,0.0,0.0
1773805191.169471,False,,,,,,,,,,,,,,,,,,0.0,0.0,0.0,0.0,0.0,0.0
1773805191.1794705,False,,,,,,,,,,,,,,,,,,0.0,0.0,0.0,0.0,0.0,0.0
1773805191.1894927,False,,,,,,,,,,,,,,,,,,0.0,0.0,0.0,0.0,0.0,0.0
1773805191.199573,False,,,,,,,,,,,,,,,,,,0.0,0.0,0.0,0.0,0.0,0.0
1773805191.2093985,False,,,,,,,,,,,,,,,,,,0.0,0.0,0.0,0.0,0.0,0.0
1773805191.2196078,False,,,,,,,,,,,,,,,,,,0.0,0.0,0.0,0.0,0.0,0.0
1773805191.2296515,False,,,,,,,,,,,,,,,,,,0.0,0.0,0.0,0.0,0.0,0.0
1773805191.2396924,False,,,,,,,,,,,,,,,,,,0.0,0.0,0.0,0.0,0.0,0.0
1773805191.2494595,False,,,,,,,,,,,,,,,,,,0.0,0.0,0.0,0.0,0.0,0.0
1773805191.2594988,False,,,,,,,,,,,,,,,,,,0.0,0.0,0.0,0.0,0.0,0.0
1773805191.2692142,False,,,,,,,,,,,,,,,,,,0.0,0.0,0.0,0.0,0.0,0.0
1773805191.2791765,False,,,,,,,,,,,,,,,,,,0.0,0.0,0.0,0.0,0.0,0.0
1773805191.2894862,False,,,,,,,,,,,,,,,,,,0.0,0.0,0.0,0.0,0.0,0.0
1773805191.2995584,False,,,,,,,,,,,,,,,,,,0.0,0.0,0.0,0.0,0.0,0.0
1773805191.309913,False,,,,,,,,,,,,,,,,,,0.0,0.0,0.0,0.0,0.0,0.0
1773805191.3199604,False,,,,,,,,,,,,,,,,,,0.0,0.0,0.0,0.0,0.0,0.0
1773805191.329575,False,,,,,,,,,,,,,,,,,,0.0,0.0,0.0,0.0,0.0,0.0
1773805191.3397563,False,,,,,,,,,,,,,,,,,,0.0,0.0,0.0,0.0,0.0,0.0
1773805191.3497822,False,,,,,,,,,,,,,,,,,,0.0,0.0,0.0,0.0,0.0,0.0
1773805191.359323,False,,,,,,,,,,,,,,,,,,0.0,0.0,0.0,0.0,0.0,0.0
1773805191.3699849,False,,,,,,,,,,,,,,,,,,0.0,0.0,0.0,0.0,0.0,0.0
1773805191.3796678,False,,,,,,,,,,,,,,,,,,0.0,0.0,0.0,0.0,0.0,0.0
1773805191.3895543,False,,,,,,,,,,,,,,,,,,0.0,0.0,0.0,0.0,0.0,0.0
1773805191.3995252,False,,,,,,,,,,,,,,,,,,0.0,0.0,0.0,0.0,0.0,0.0
1773805191.4098723,False,,,,,,,,,,,,,,,,,,0.0,0.0,0.0,0.0,0.0,0.0
1773805191.420011,False,,,,,,,,,,,,,,,,,,0.0,0.0,0.0,0.0,0.0,0.0
1773805191.4293196,False,,,,,,,,,,,,,,,,,,0.0,0.0,0.0,0.0,0.0,0.0
1773805191.4393613,False,,,,,,,,,,,,,,,,,,0.0,0.0,0.0,0.0,0.0,0.0
1773805191.4498916,False,,,,,,,,,,,,,,,,,,0.0,0.0,0.0,0.0,0.0,0.0
1773805191.4593346,False,,,,,,,,,,,,,,,,,,0.0,0.0,0.0,0.0,0.0,0.0
1773805191.469391,False,,,,,,,,,,,,,,,,,,0.0,0.0,0.0,0.0,0.0,0.0
1773805191.4798524,False,,,,,,,,,,,,,,,,,,0.0,0.0,0.0,0.0,0.0,0.0
1773805191.4896374,False,,,,,,,,,,,,,,,,,,0.0,0.0,0.0,0.0,0.0,0.0
1773805191.4997914,False,,,,,,,,,,,,,,,,,,0.0,0.0,0.0,0.0,0.0,0.0
1773805191.5095975,False,,,,,,,,,,,,,,,,,,0.0,0.0,0.0,0.0,0.0,0.0
1773805191.5196512,False,,,,,,,,,,,,,,,,,,0.0,0.0,0.0,0.0,0.0,0.0
1773805191.5292296,False,,,,,,,,,,,,,,,,,,0.0,0.0,0.0,0.0,0.0,0.0
1773805191.5392587,False,,,,,,,,,,,,,,,,,,0.0,0.0,0.0,0.0,0.0,0.0
1773805191.5493364,False,,,,,,,,,,,,,,,,,,0.0,0.0,0.0,0.0,0.0,0.0
1773805191.5593047,False,,,,,,,,,,,,,,,,,,0.0,0.0,0.0,0.0,0.0,0.0
1773805191.5694091,False,,,,,,,,,,,,,,,,,,0.0,0.0,0.0,0.0,0.0,0.0
1773805191.5794961,False,,,,,,,,,,,,,,,,,,0.0,0.0,0.0,0.0,0.0,0.0
1773805191.5896912,False,,,,,,,,,,,,,,,,,,0.0,0.0,0.0,0.0,0.0,0.0
1773805191.5992267,False,,,,,,,,,,,,,,,,,,0.0,0.0,0.0,0.0,0.0,0.0
1773805191.6093197,False,,,,,,,,,,,,,,,,,,0.0,0.0,0.0,0.0,0.0,0.0
1773805191.619477,False,,,,,,,,,,,,,,,,,,0.0,0.0,0.0,0.0,0.0,0.0
1773805191.6295078,False,,,,,,,,,,,,,,,,,,0.0,0.0,0.0,0.0,0.0,0.0
1773805191.639572,False,,,,,,,,,,,,,,,,,,0.0,0.0,0.0,0.0,0.0,0.0
1773805191.649666,False,,,,,,,,,,,,,,,,,,0.0,0.0,0.0,0.0,0.0,0.0
1773805191.6597173,False,,,,,,,,,,,,,,,,,,0.0,0.0,0.0,0.0,0.0,0.0
1773805191.6693633,False,,,,,,,,,,,,,,,,,,0.0,0.0,0.0,0.0,0.0,0.0
1773805191.6793613,False,,,,,,,,,,,,,,,,,,0.0,0.0,0.0,0.0,0.0,0.0
1773805191.6896415,False,,,,,,,,,,,,,,,,,,0.0,0.0,0.0,0.0,0.0,0.0
1773805191.6996894,False,,,,,,,,,,,,,,,,,,0.0,0.0,0.0,0.0,0.0,0.0
1773805191.7102,False,,,,,,,,,,,,,,,,,,0.0,0.0,0.0,0.0,0.0,0.0
1773805191.7197125,False,,,,,,,,,,,,,,,,,,0.0,0.0,0.0,0.0,0.0,0.0
1773805191.7292335,False,,,,,,,,,,,,,,,,,,0.0,0.0,0.0,0.0,0.0,0.0
1773805191.7395895,False,,,,,,,,,,,,,,,,,,0.0,0.0,0.0,0.0,0.0,0.0
1773805191.7491484,False,,,,,,,,,,,,,,,,,,0.0,0.0,0.0,0.0,0.0,0.0
1773805191.75922,False,,,,,,,,,,,,,,,,,,0.0,0.0,0.0,0.0,0.0,0.0
1773805191.7692633,False,,,,,,,,,,,,,,,,,,0.0,0.0,0.0,0.0,0.0,0.0
1773805191.7794802,False,,,,,,,,,,,,,,,,,,0.0,0.0,0.0,0.0,0.0,0.0
1773805191.7895489,False,,,,,,,,,,,,,,,,,,0.0,0.0,0.0,0.0,0.0,0.0
1773805191.7995682,False,,,,,,,,,,,,,,,,,,0.0,0.0,0.0,0.0,0.0,0.0
1773805191.8096411,False,,,,,,,,,,,,,,,,,,0.0,0.0,0.0,0.0,0.0,0.0
1773805191.8194246,False,,,,,,,,,,,,,,,,,,0.0,0.0,0.0,0.0,0.0,0.0
1773805191.8295908,False,,,,,,,,,,,,,,,,,,0.0,0.0,0.0,0.0,0.0,0.0
1773805191.8393195,False,,,,,,,,,,,,,,,,,,0.0,0.0,0.0,0.0,0.0,0.0
1773805191.849547,False,,,,,,,,,,,,,,,,,,0.0,0.0,0.0,0.0,0.0,0.0
1773805191.8595912,False,,,,,,,,,,,,,,,,,,0.0,0.0,0.0,0.0,0.0,0.0
1773805191.8693373,False,,,,,,,,,,,,,,,,,,0.0,0.0,0.0,0.0,0.0,0.0
1773805191.8794677,False,,,,,,,,,,,,,,,,,,0.0,0.0,0.0,0.0,0.0,0.0
1773805191.8895369,False,,,,,,,,,,,,,,,,,,0.0,0.0,0.0,0.0,0.0,0.0
1773805191.8996284,False,,,,,,,,,,,,,,,,,,0.0,0.0,0.0,0.0,0.0,0.0
1773805191.909136,False,,,,,,,,,,,,,,,,,,0.0,0.0,0.0,0.0,0.0,0.0
1773805191.9196458,False,,,,,,,,,,,,,,,,,,0.0,0.0,0.0,0.0,0.0,0.0
1773805191.9296553,False,,,,,,,,,,,,,,,,,,0.0,0.0,0.0,0.0,0.0,0.0
1773805191.9391768,False,,,,,,,,,,,,,,,,,,0.0,0.0,0.0,0.0,0.0,0.0
1773805191.9491985,False,,,,,,,,,,,,,,,,,,0.0,0.0,0.0,0.0,0.0,0.0
1773805191.9597173,False,,,,,,,,,,,,,,,,,,0.0,0.0,0.0,0.0,0.0,0.0
1773805191.9692261,False,,,,,,,,,,,,,,,,,,0.0,0.0,0.0,0.0,0.0,0.0
1773805191.9792473,False,,,,,,,,,,,,,,,,,,0.0,0.0,0.0,0.0,0.0,0.0
1773805191.9892604,False,,,,,,,,,,,,,,,,,,0.0,0.0,0.0,0.0,0.0,0.0
1773805191.9992726,False,,,,,,,,,,,,,,,,,,0.0,0.0,0.0,0.0,0.0,0.0
1773805192.0092854,False,,,,,,,,,,,,,,,,,,0.0,0.0,0.0,0.0,0.0,0.0
1773805192.019304,False,,,,,,,,,,,,,,,,,,0.0,0.0,0.0,0.0,0.0,0.0
1773805192.029704,False,,,,,,,,,,,,,,,,,,0.0,0.0,0.0,0.0,0.0,0.0
1773805192.0391338,False,,,,,,,,,,,,,,,,,,0.0,0.0,0.0,0.0,0.0,0.0
1773805192.0496671,False,,,,,,,,,,,,,,,,,,0.0,0.0,0.0,0.0,0.0,0.0
1773805192.0597062,False,,,,,,,,,,,,,,,,,,0.0,0.0,0.0,0.0,0.0,0.0
1773805192.0695138,False,,,,,,,,,,,,,,,,,,0.0,0.0,0.0,0.0,0.0,0.0
1773805192.0791492,False,,,,,,,,,,,,,,,,,,0.0,0.0,0.0,0.0,0.0,0.0
1773805192.089383,False,,,,,,,,,,,,,,,,,,0.0,0.0,0.0,0.0,0.0,0.0
1773805192.0996,False,,,,,,,,,,,,,,,,,,0.0,0.0,0.0,0.0,0.0,0.0
1773805192.1095104,False,,,,,,,,,,,,,,,,,,0.0,0.0,0.0,0.0,0.0,0.0
1773805192.1195612,False,,,,,,,,,,,,,,,,,,0.0,0.0,0.0,0.0,0.0,0.0
1773805192.1293333,False,,,,,,,,,,,,,,,,,,0.0,0.0,0.0,0.0,0.0,0.0
1773805192.139471,False,,,,,,,,,,,,,,,,,,0.0,0.0,0.0,0.0,0.0,0.0
1773805192.1494033,False,,,,,,,,,,,,,,,,,,0.0,0.0,0.0,0.0,0.0,0.0
1773805192.1596298,False,,,,,,,,,,,,,,,,,,0.0,0.0,0.0,0.0,0.0,0.0
1773805192.1698496,False,,,,,,,,,,,,,,,,,,0.0,0.0,0.0,0.0,0.0,0.0
1773805192.1798944,False,,,,,,,,,,,,,,,,,,0.0,0.0,0.0,0.0,0.0,0.0
1773805192.189624,False,,,,,,,,,,,,,,,,,,0.0,0.0,0.0,0.0,0.0,0.0
1773805192.1996439,False,,,,,,,,,,,,,,,,,,0.0,0.0,0.0,0.0,0.0,0.0
1773805192.2099583,False,,,,,,,,,,,,,,,,,,0.0,0.0,0.0,0.0,0.0,0.0
1773805192.2195365,False,,,,,,,,,,,,,,,,,,0.0,0.0,0.0,0.0,0.0,0.0
1773805192.2295728,False,,,,,,,,,,,,,,,,,,0.0,0.0,0.0,0.0,0.0,0.0
1773805192.2396429,False,,,,,,,,,,,,,,,,,,0.0,0.0,0.0,0.0,0.0,0.0
1773805192.2492416,False,,,,,,,,,,,,,,,,,,0.0,0.0,0.0,0.0,0.0,0.0
1773805192.259436,False,,,,,,,,,,,,,,,,,,0.0,0.0,0.0,0.0,0.0,0.0
1773805192.2694554,False,,,,,,,,,,,,,,,,,,0.0,0.0,0.0,0.0,0.0,0.0
1773805192.2794197,False,,,,,,,,,,,,,,,,,,0.0,0.0,0.0,0.0,0.0,0.0
1773805192.2894585,False,,,,,,,,,,,,,,,,,,0.0,0.0,0.0,0.0,0.0,0.0
1773805192.2993295,False,,,,,,,,,,,,,,,,,,0.0,0.0,0.0,0.0,0.0,0.0
1773805192.3095744,False,,,,,,,,,,,,,,,,,,0.0,0.0,0.0,0.0,0.0,0.0
1773805192.3196068,False,,,,,,,,,,,,,,,,,,0.0,0.0,0.0,0.0,0.0,0.0
1773805192.3296278,False,,,,,,,,,,,,,,,,,,0.0,0.0,0.0,0.0,0.0,0.0
1773805192.3397276,False,,,,,,,,,,,,,,,,,,0.0,0.0,0.0,0.0,0.0,0.0
1773805192.3492575,False,,,,,,,,,,,,,,,,,,0.0,0.0,0.0,0.0,0.0,0.0
1773805192.3592854,False,,,,,,,,,,,,,,,,,,0.0,0.0,0.0,0.0,0.0,0.0
1773805192.3693032,False,,,,,,,,,,,,,,,,,,0.0,0.0,0.0,0.0,0.0,0.0
1773805192.379748,False,,,,,,,,,,,,,,,,,,0.0,0.0,0.0,0.0,0.0,0.0
1773805192.3893993,False,,,,,,,,,,,,,,,,,,0.0,0.0,0.0,0.0,0.0,0.0
1773805192.3994346,False,,,,,,,,,,,,,,,,,,0.0,0.0,0.0,0.0,0.0,0.0
1773805192.4095073,False,,,,,,,,,,,,,,,,,,0.0,0.0,0.0,0.0,0.0,0.0
1773805192.4193995,False,,,,,,,,,,,,,,,,,,0.0,0.0,0.0,0.0,0.0,0.0
1773805192.429425,False,,,,,,,,,,,,,,,,,,0.0,0.0,0.0,0.0,0.0,0.0
1773805192.4395118,False,,,,,,,,,,,,,,,,,,0.0,0.0,0.0,0.0,0.0,0.0
1773805192.4496717,False,,,,,,,,,,,,,,,,,,0.0,0.0,0.0,0.0,0.0,0.0
1773805192.459191,False,,,,,,,,,,,,,,,,,,0.0,0.0,0.0,0.0,0.0,0.0
1773805192.4693434,False,,,,,,,,,,,,,,,,,,0.0,0.0,0.0,0.0,0.0,0.0
1773805192.479371,False,,,,,,,,,,,,,,,,,,0.0,0.0,0.0,0.0,0.0,0.0
1773805192.4894807,False,,,,,,,,,,,,,,,,,,0.0,0.0,0.0,0.0,0.0,0.0
1773805192.4991953,False,,,,,,,,,,,,,,,,,,0.0,0.0,0.0,0.0,0.0,0.0
1773805192.5095205,False,,,,,,,,,,,,,,,,,,0.0,0.0,0.0,0.0,0.0,0.0
1773805192.5197246,False,,,,,,,,,,,,,,,,,,0.0,0.0,0.0,0.0,0.0,0.0
1773805192.529259,False,,,,,,,,,,,,,,,,,,0.0,0.0,0.0,0.0,0.0,0.0
1773805192.5393913,False,,,,,,,,,,,,,,,,,,0.0,0.0,0.0,0.0,0.0,0.0
1773805192.5494528,False,,,,,,,,,,,,,,,,,,0.0,0.0,0.0,0.0,0.0,0.0
1773805192.5597234,False,,,,,,,,,,,,,,,,,,0.0,0.0,0.0,0.0,0.0,0.0
1773805192.5692854,False,,,,,,,,,,,,,,,,,,0.0,0.0,0.0,0.0,0.0,0.0
1773805192.5793107,False,,,,,,,,,,,,,,,,,,0.0,0.0,0.0,0.0,0.0,0.0
1773805192.589504,False,,,,,,,,,,,,,,,,,,0.0,0.0,0.0,0.0,0.0,0.0
1773805192.5995452,False,,,,,,,,,,,,,,,,,,0.0,0.0,0.0,0.0,0.0,0.0
1773805192.6091263,False,,,,,,,,,,,,,,,,,,0.0,0.0,0.0,0.0,0.0,0.0
1773805192.619564,False,,,,,,,,,,,,,,,,,,0.0,0.0,0.0,0.0,0.0,0.0
1773805192.6295693,False,,,,,,,,,,,,,,,,,,0.0,0.0,0.0,0.0,0.0,0.0
1773805192.6395142,False,,,,,,,,,,,,,,,,,,0.0,0.0,0.0,0.0,0.0,0.0
1773805192.6495667,False,,,,,,,,,,,,,,,,,,0.0,0.0,0.0,0.0,0.0,0.0
1773805192.6591163,False,,,,,,,,,,,,,,,,,,0.0,0.0,0.0,0.0,0.0,0.0
1773805192.6694944,False,,,,,,,,,,,,,,,,,,0.0,0.0,0.0,0.0,0.0,0.0
1773805192.6795228,False,,,,,,,,,,,,,,,,,,0.0,0.0,0.0,0.0,0.0,0.0
1773805192.6891391,False,,,,,,,,,,,,,,,,,,0.0,0.0,0.0,0.0,0.0,0.0
1773805192.699384,False,,,,,,,,,,,,,,,,,,0.0,0.0,0.0,0.0,0.0,0.0
1773805192.7094944,False,,,,,,,,,,,,,,,,,,0.0,0.0,0.0,0.0,0.0,0.0
1773805192.719441,False,,,,,,,,,,,,,,,,,,0.0,0.0,0.0,0.0,0.0,0.0
1773805192.7292154,False,,,,,,,,,,,,,,,,,,0.0,0.0,0.0,0.0,0.0,0.0
1773805192.73964,False,,,,,,,,,,,,,,,,,,0.0,0.0,0.0,0.0,0.0,0.0
1773805192.7491734,False,,,,,,,,,,,,,,,,,,0.0,0.0,0.0,0.0,0.0,0.0
1773805192.7596922,False,,,,,,,,,,,,,,,,,,0.0,0.0,0.0,0.0,0.0,0.0
1773805192.769773,False,,,,,,,,,,,,,,,,,,0.0,0.0,0.0,0.0,0.0,0.0
1773805192.7792933,False,,,,,,,,,,,,,,,,,,0.0,0.0,0.0,0.0,0.0,0.0
1773805192.7895558,False,,,,,,,,,,,,,,,,,,0.0,0.0,0.0,0.0,0.0,0.0
1773805192.7993386,False,,,,,,,,,,,,,,,,,,0.0,0.0,0.0,0.0,0.0,0.0
1773805192.809443,False,,,,,,,,,,,,,,,,,,0.0,0.0,0.0,0.0,0.0,0.0
1773805192.819851,False,,,,,,,,,,,,,,,,,,0.0,0.0,0.0,0.0,0.0,0.0
1773805192.8298037,False,,,,,,,,,,,,,,,,,,0.0,0.0,0.0,0.0,0.0,0.0
1773805192.839433,False,,,,,,,,,,,,,,,,,,0.0,0.0,0.0,0.0,0.0,0.0
1773805192.8494818,False,,,,,,,,,,,,,,,,,,0.0,0.0,0.0,0.0,0.0,0.0
1773805192.8595247,False,,,,,,,,,,,,,,,,,,0.0,0.0,0.0,0.0,0.0,0.0
1773805192.8695984,False,,,,,,,,,,,,,,,,,,0.0,0.0,0.0,0.0,0.0,0.0
1773805192.8796346,False,,,,,,,,,,,,,,,,,,0.0,0.0,0.0,0.0,0.0,0.0
1773805192.8891695,False,,,,,,,,,,,,,,,,,,0.0,0.0,0.0,0.0,0.0,0.0
1773805192.899365,False,,,,,,,,,,,,,,,,,,0.0,0.0,0.0,0.0,0.0,0.0
1773805192.9092615,False,,,,,,,,,,,,,,,,,,0.0,0.0,0.0,0.0,0.0,0.0
1773805192.9196332,False,,,,,,,,,,,,,,,,,,0.0,0.0,0.0,0.0,0.0,0.0
1773805192.9294534,False,,,,,,,,,,,,,,,,,,0.0,0.0,0.0,0.0,0.0,0.0
1773805192.9394948,False,,,,,,,,,,,,,,,,,,0.0,0.0,0.0,0.0,0.0,0.0
1773805192.9498143,False,,,,,,,,,,,,,,,,,,0.0,0.0,0.0,0.0,0.0,0.0
1773805192.959611,False,,,,,,,,,,,,,,,,,,0.0,0.0,0.0,0.0,0.0,0.0
1773805192.9692256,False,,,,,,,,,,,,,,,,,,0.0,0.0,0.0,0.0,0.0,0.0
1773805192.979783,False,,,,,,,,,,,,,,,,,,0.0,0.0,0.0,0.0,0.0,0.0
1773805192.9897103,False,,,,,,,,,,,,,,,,,,0.0,0.0,0.0,0.0,0.0,0.0
1773805192.9995985,False,,,,,,,,,,,,,,,,,,0.0,0.0,0.0,0.0,0.0,0.0
1773805193.0100024,False,,,,,,,,,,,,,,,,,,0.0,0.0,0.0,0.0,0.0,0.0
1773805193.01975,False,,,,,,,,,,,,,,,,,,0.0,0.0,0.0,0.0,0.0,0.0
1773805193.0293994,False,,,,,,,,,,,,,,,,,,0.0,0.0,0.0,0.0,0.0,0.0
1773805193.039863,False,,,,,,,,,,,,,,,,,,0.0,0.0,0.0,0.0,0.0,0.0
1773805193.0497246,False,,,,,,,,,,,,,,,,,,0.0,0.0,0.0,0.0,0.0,0.0
1773805193.0593247,False,,,,,,,,,,,,,,,,,,0.0,0.0,0.0,0.0,0.0,0.0
1773805193.0696046,False,,,,,,,,,,,,,,,,,,0.0,0.0,0.0,0.0,0.0,0.0
1773805193.0795476,False,,,,,,,,,,,,,,,,,,0.0,0.0,0.0,0.0,0.0,0.0
1773805193.089379,False,,,,,,,,,,,,,,,,,,0.0,0.0,0.0,0.0,0.0,0.0
1773805193.0994473,False,,,,,,,,,,,,,,,,,,0.0,0.0,0.0,0.0,0.0,0.0
1773805193.1092627,False,,,,,,,,,,,,,,,,,,0.0,0.0,0.0,0.0,0.0,0.0
1773805193.1193078,False,,,,,,,,,,,,,,,,,,0.0,0.0,0.0,0.0,0.0,0.0
1773805193.1294398,False,,,,,,,,,,,,,,,,,,0.0,0.0,0.0,0.0,0.0,0.0
1773805193.1392927,False,,,,,,,,,,,,,,,,,,0.0,0.0,0.0,0.0,0.0,0.0
1773805193.1499462,False,,,,,,,,,,,,,,,,,,0.0,0.0,0.0,0.0,0.0,0.0
1773805193.1594877,False,,,,,,,,,,,,,,,,,,0.0,0.0,0.0,0.0,0.0,0.0
1773805193.169702,False,,,,,,,,,,,,,,,,,,0.0,0.0,0.0,0.0,0.0,0.0
1773805193.179434,False,,,,,,,,,,,,,,,,,,0.0,0.0,0.0,0.0,0.0,0.0
1773805193.1900384,False,,,,,,,,,,,,,,,,,,0.0,0.0,0.0,0.0,0.0,0.0
1773805193.1993356,False,,,,,,,,,,,,,,,,,,0.0,0.0,0.0,0.0,0.0,0.0
1773805193.2094142,False,,,,,,,,,,,,,,,,,,0.0,0.0,0.0,0.0,0.0,0.0
1773805193.219216,False,,,,,,,,,,,,,,,,,,0.0,0.0,0.0,0.0,0.0,0.0
1773805193.2296052,False,,,,,,,,,,,,,,,,,,0.0,0.0,0.0,0.0,0.0,0.0
1773805193.2396693,False,,,,,,,,,,,,,,,,,,0.0,0.0,0.0,0.0,0.0,0.0
1773805193.249629,False,,,,,,,,,,,,,,,,,,0.0,0.0,0.0,0.0,0.0,0.0
1773805193.2596512,False,,,,,,,,,,,,,,,,,,0.0,0.0,0.0,0.0,0.0,0.0
1773805193.2696626,False,,,,,,,,,,,,,,,,,,0.0,0.0,0.0,0.0,0.0,0.0
1773805193.2796037,False,,,,,,,,,,,,,,,,,,0.0,0.0,0.0,0.0,0.0,0.0
1773805193.2891214,False,,,,,,,,,,,,,,,,,,0.0,0.0,0.0,0.0,0.0,0.0
1773805193.2992318,False,,,,,,,,,,,,,,,,,,0.0,0.0,0.0,0.0,0.0,0.0
1773805193.3090425,False,,,,,,,,,,,,,,,,,,0.0,0.0,0.0,0.0,0.0,0.0
1773805193.3191757,False,,,,,,,,,,,,,,,,,,0.0,0.0,0.0,0.0,0.0,0.0
1773805193.3296602,False,,,,,,,,,,,,,,,,,,0.0,0.0,0.0,0.0,0.0,0.0
1773805193.3394072,False,,,,,,,,,,,,,,,,,,0.0,0.0,0.0,0.0,0.0,0.0
1773805193.3491788,False,,,,,,,,,,,,,,,,,,0.0,0.0,0.0,0.0,0.0,0.0
1773805193.3592043,False,,,,,,,,,,,,,,,,,,0.0,0.0,0.0,0.0,0.0,0.0
1773805193.3694978,False,,,,,,,,,,,,,,,,,,0.0,0.0,0.0,0.0,0.0,0.0
1773805193.3794887,False,,,,,,,,,,,,,,,,,,0.0,0.0,0.0,0.0,0.0,0.0
1773805193.3896055,False,,,,,,,,,,,,,,,,,,0.0,0.0,0.0,0.0,0.0,0.0
1773805193.399203,False,,,,,,,,,,,,,,,,,,0.0,0.0,0.0,0.0,0.0,0.0
1773805193.4096248,False,,,,,,,,,,,,,,,,,,0.0,0.0,0.0,0.0,0.0,0.0
1773805193.4195073,False,,,,,,,,,,,,,,,,,,0.0,0.0,0.0,0.0,0.0,0.0
1773805193.4295688,False,,,,,,,,,,,,,,,,,,0.0,0.0,0.0,0.0,0.0,0.0
1773805193.4393728,False,,,,,,,,,,,,,,,,,,0.0,0.0,0.0,0.0,0.0,0.0
1773805193.449638,False,,,,,,,,,,,,,,,,,,0.0,0.0,0.0,0.0,0.0,0.0
1773805193.4596577,False,,,,,,,,,,,,,,,,,,0.0,0.0,0.0,0.0,0.0,0.0
1773805193.4693673,False,,,,,,,,,,,,,,,,,,0.0,0.0,0.0,0.0,0.0,0.0
1773805193.479555,False,,,,,,,,,,,,,,,,,,0.0,0.0,0.0,0.0,0.0,0.0
1773805193.4896963,False,,,,,,,,,,,,,,,,,,0.0,0.0,0.0,0.0,0.0,0.0
1773805193.4997404,False,,,,,,,,,,,,,,,,,,0.0,0.0,0.0,0.0,0.0,0.0
1773805193.5097933,False,,,,,,,,,,,,,,,,,,0.0,0.0,0.0,0.0,0.0,0.0
1773805193.5197437,False,,,,,,,,,,,,,,,,,,0.0,0.0,0.0,0.0,0.0,0.0
1773805193.5292573,False,,,,,,,,,,,,,,,,,,0.0,0.0,0.0,0.0,0.0,0.0
1773805193.5393267,False,,,,,,,,,,,,,,,,,,0.0,0.0,0.0,0.0,0.0,0.0
1773805193.5495868,False,,,,,,,,,,,,,,,,,,0.0,0.0,0.0,0.0,0.0,0.0
1773805193.559418,False,,,,,,,,,,,,,,,,,,0.0,0.0,0.0,0.0,0.0,0.0
1773805193.5694566,False,,,,,,,,,,,,,,,,,,0.0,0.0,0.0,0.0,0.0,0.0
1773805193.5799708,False,,,,,,,,,,,,,,,,,,0.0,0.0,0.0,0.0,0.0,0.0
1773805193.589284,False,,,,,,,,,,,,,,,,,,0.0,0.0,0.0,0.0,0.0,0.0
1773805193.5993037,False,,,,,,,,,,,,,,,,,,0.0,0.0,0.0,0.0,0.0,0.0
1773805193.6094527,False,,,,,,,,,,,,,,,,,,0.0,0.0,0.0,0.0,0.0,0.0
1773805193.6195164,False,,,,,,,,,,,,,,,,,,0.0,0.0,0.0,0.0,0.0,0.0
1773805193.6296818,False,,,,,,,,,,,,,,,,,,0.0,0.0,0.0,0.0,0.0,0.0
1773805193.6394653,False,,,,,,,,,,,,,,,,,,0.0,0.0,0.0,0.0,0.0,0.0
1773805193.6496632,False,,,,,,,,,,,,,,,,,,0.0,0.0,0.0,0.0,0.0,0.0
1773805193.6597228,False,,,,,,,,,,,,,,,,,,0.0,0.0,0.0,0.0,0.0,0.0
1773805193.6693335,False,,,,,,,,,,,,,,,,,,0.0,0.0,0.0,0.0,0.0,0.0
1773805193.6794007,False,,,,,,,,,,,,,,,,,,0.0,0.0,0.0,0.0,0.0,0.0
1773805193.6894522,False,,,,,,,,,,,,,,,,,,0.0,0.0,0.0,0.0,0.0,0.0
1773805193.6996028,False,,,,,,,,,,,,,,,,,,0.0,0.0,0.0,0.0,0.0,0.0
1773805193.7092917,False,,,,,,,,,,,,,,,,,,0.0,0.0,0.0,0.0,0.0,0.0
1773805193.7197554,False,,,,,,,,,,,,,,,,,,0.0,0.0,0.0,0.0,0.0,0.0
1773805193.7293818,False,,,,,,,,,,,,,,,,,,0.0,0.0,0.0,0.0,0.0,0.0
1773805193.7394686,False,,,,,,,,,,,,,,,,,,0.0,0.0,0.0,0.0,0.0,0.0
1773805193.7499785,False,,,,,,,,,,,,,,,,,,0.0,0.0,0.0,0.0,0.0,0.0
1773805193.7595925,False,,,,,,,,,,,,,,,,,,0.0,0.0,0.0,0.0,0.0,0.0
1773805193.7696254,False,,,,,,,,,,,,,,,,,,0.0,0.0,0.0,0.0,0.0,0.0
1773805193.779349,False,,,,,,,,,,,,,,,,,,0.0,0.0,0.0,0.0,0.0,0.0
1773805193.7893088,False,,,,,,,,,,,,,,,,,,0.0,0.0,0.0,0.0,0.0,0.0
1773805193.7996972,False,,,,,,,,,,,,,,,,,,0.0,0.0,0.0,0.0,0.0,0.0
1773805193.809362,False,,,,,,,,,,,,,,,,,,0.0,0.0,0.0,0.0,0.0,0.0
1773805193.8196638,False,,,,,,,,,,,,,,,,,,0.0,0.0,0.0,0.0,0.0,0.0
1773805193.8293788,False,,,,,,,,,,,,,,,,,,0.0,0.0,0.0,0.0,0.0,0.0
1773805193.8394327,False,,,,,,,,,,,,,,,,,,0.0,0.0,0.0,0.0,0.0,0.0
1773805193.8494651,False,,,,,,,,,,,,,,,,,,0.0,0.0,0.0,0.0,0.0,0.0
1773805193.8591194,False,,,,,,,,,,,,,,,,,,0.0,0.0,0.0,0.0,0.0,0.0
1773805193.8696213,False,,,,,,,,,,,,,,,,,,0.0,0.0,0.0,0.0,0.0,0.0
1773805193.8798087,False,,,,,,,,,,,,,,,,,,0.0,0.0,0.0,0.0,0.0,0.0
1773805193.8893597,False,,,,,,,,,,,,,,,,,,0.0,0.0,0.0,0.0,0.0,0.0
1773805193.8996503,False,,,,,,,,,,,,,,,,,,0.0,0.0,0.0,0.0,0.0,0.0
1773805193.9096837,False,,,,,,,,,,,,,,,,,,0.0,0.0,0.0,0.0,0.0,0.0
1773805193.9195013,False,,,,,,,,,,,,,,,,,,0.0,0.0,0.0,0.0,0.0,0.0
1773805193.9295306,False,,,,,,,,,,,,,,,,,,0.0,0.0,0.0,0.0,0.0,0.0
1773805193.9395835,False,,,,,,,,,,,,,,,,,,0.0,0.0,0.0,0.0,0.0,0.0
1773805193.9493995,False,,,,,,,,,,,,,,,,,,0.0,0.0,0.0,0.0,0.0,0.0
1773805193.9594374,False,,,,,,,,,,,,,,,,,,0.0,0.0,0.0,0.0,0.0,0.0
1773805193.9694614,False,,,,,,,,,,,,,,,,,,0.0,0.0,0.0,0.0,0.0,0.0
1773805193.9794948,False,,,,,,,,,,,,,,,,,,0.0,0.0,0.0,0.0,0.0,0.0
1773805193.9890726,False,,,,,,,,,,,,,,,,,,0.0,0.0,0.0,0.0,0.0,0.0
1773805193.9990764,False,,,,,,,,,,,,,,,,,,0.0,0.0,0.0,0.0,0.0,0.0
1773805194.0096128,False,,,,,,,,,,,,,,,,,,0.0,0.0,0.0,0.0,0.0,0.0
1773805194.0195575,False,,,,,,,,,,,,,,,,,,0.0,0.0,0.0,0.0,0.0,0.0
1773805194.0298946,False,,,,,,,,,,,,,,,,,,0.0,0.0,0.0,0.0,0.0,0.0
1773805194.0393562,False,,,,,,,,,,,,,,,,,,0.0,0.0,0.0,0.0,0.0,0.0
1773805194.0496416,False,,,,,,,,,,,,,,,,,,0.0,0.0,0.0,0.0,0.0,0.0
1773805194.0598962,False,,,,,,,,,,,,,,,,,,0.0,0.0,0.0,0.0,0.0,0.0
1773805194.0699487,False,,,,,,,,,,,,,,,,,,0.0,0.0,0.0,0.0,0.0,0.0
1773805194.0796168,False,,,,,,,,,,,,,,,,,,0.0,0.0,0.0,0.0,0.0,0.0
1773805194.0898292,False,,,,,,,,,,,,,,,,,,0.0,0.0,0.0,0.0,0.0,0.0
1773805194.0994592,False,,,,,,,,,,,,,,,,,,0.0,0.0,0.0,0.0,0.0,0.0
1773805194.1097107,False,,,,,,,,,,,,,,,,,,0.0,0.0,0.0,0.0,0.0,0.0
1773805194.1193688,False,,,,,,,,,,,,,,,,,,0.0,0.0,0.0,0.0,0.0,0.0
1773805194.129478,False,,,,,,,,,,,,,,,,,,0.0,0.0,0.0,0.0,0.0,0.0
1773805194.1395023,False,,,,,,,,,,,,,,,,,,0.0,0.0,0.0,0.0,0.0,0.0
1773805194.1495876,False,,,,,,,,,,,,,,,,,,0.0,0.0,0.0,0.0,0.0,0.0
1773805194.1596265,False,,,,,,,,,,,,,,,,,,0.0,0.0,0.0,0.0,0.0,0.0
1773805194.1692274,False,,,,,,,,,,,,,,,,,,0.0,0.0,0.0,0.0,0.0,0.0
1773805194.1795034,False,,,,,,,,,,,,,,,,,,0.0,0.0,0.0,0.0,0.0,0.0
1773805194.1894348,False,,,,,,,,,,,,,,,,,,0.0,0.0,0.0,0.0,0.0,0.0
1773805194.199404,False,,,,,,,,,,,,,,,,,,0.0,0.0,0.0,0.0,0.0,0.0
1773805194.209286,False,,,,,,,,,,,,,,,,,,0.0,0.0,0.0,0.0,0.0,0.0
1773805194.2196317,False,,,,,,,,,,,,,,,,,,0.0,0.0,0.0,0.0,0.0,0.0
1773805194.2292795,False,,,,,,,,,,,,,,,,,,0.0,0.0,0.0,0.0,0.0,0.0
1773805194.2393818,False,,,,,,,,,,,,,,,,,,0.0,0.0,0.0,0.0,0.0,0.0
1773805194.249504,False,,,,,,,,,,,,,,,,,,0.0,0.0,0.0,0.0,0.0,0.0
1773805194.2596393,False,,,,,,,,,,,,,,,,,,0.0,0.0,0.0,0.0,0.0,0.0
1773805194.2696528,False,,,,,,,,,,,,,,,,,,0.0,0.0,0.0,0.0,0.0,0.0
1773805194.280369,False,,,,,,,,,,,,,,,,,,0.0,0.0,0.0,0.0,0.0,0.0
1773805194.289888,False,,,,,,,,,,,,,,,,,,0.0,0.0,0.0,0.0,0.0,0.0
1773805194.29942,False,,,,,,,,,,,,,,,,,,0.0,0.0,0.0,0.0,0.0,0.0
1773805194.3094442,False,,,,,,,,,,,,,,,,,,0.0,0.0,0.0,0.0,0.0,0.0
1773805194.3196611,False,,,,,,,,,,,,,,,,,,0.0,0.0,0.0,0.0,0.0,0.0
1773805194.3296847,False,,,,,,,,,,,,,,,,,,0.0,0.0,0.0,0.0,0.0,0.0
1773805194.3396883,False,,,,,,,,,,,,,,,,,,0.0,0.0,0.0,0.0,0.0,0.0
1773805194.3492916,False,,,,,,,,,,,,,,,,,,0.0,0.0,0.0,0.0,0.0,0.0
1773805194.3597498,False,,,,,,,,,,,,,,,,,,0.0,0.0,0.0,0.0,0.0,0.0
1773805194.3694534,False,,,,,,,,,,,,,,,,,,0.0,0.0,0.0,0.0,0.0,0.0
1773805194.3797946,False,,,,,,,,,,,,,,,,,,0.0,0.0,0.0,0.0,0.0,0.0
1773805194.3893614,False,,,,,,,,,,,,,,,,,,0.0,0.0,0.0,0.0,0.0,0.0
1773805194.3996384,False,,,,,,,,,,,,,,,,,,0.0,0.0,0.0,0.0,0.0,0.0
1773805194.4097874,False,,,,,,,,,,,,,,,,,,0.0,0.0,0.0,0.0,0.0,0.0
1773805194.419663,False,,,,,,,,,,,,,,,,,,0.0,0.0,0.0,0.0,0.0,0.0
1773805194.4295452,False,,,,,,,,,,,,,,,,,,0.0,0.0,0.0,0.0,0.0,0.0
1773805194.4392855,False,,,,,,,,,,,,,,,,,,0.0,0.0,0.0,0.0,0.0,0.0
1773805194.449809,False,,,,,,,,,,,,,,,,,,0.0,0.0,0.0,0.0,0.0,0.0
1773805194.4595578,False,,,,,,,,,,,,,,,,,,0.0,0.0,0.0,0.0,0.0,0.0
1773805194.4691267,False,,,,,,,,,,,,,,,,,,0.0,0.0,0.0,0.0,0.0,0.0
1773805194.479655,False,,,,,,,,,,,,,,,,,,0.0,0.0,0.0,0.0,0.0,0.0
1773805194.489605,False,,,,,,,,,,,,,,,,,,0.0,0.0,0.0,0.0,0.0,0.0
1773805194.4996471,False,,,,,,,,,,,,,,,,,,0.0,0.0,0.0,0.0,0.0,0.0
1773805194.5098932,False,,,,,,,,,,,,,,,,,,0.0,0.0,0.0,0.0,0.0,0.0
1773805194.5194488,False,,,,,,,,,,,,,,,,,,0.0,0.0,0.0,0.0,0.0,0.0
1773805194.5293524,False,,,,,,,,,,,,,,,,,,0.0,0.0,0.0,0.0,0.0,0.0
1773805194.539326,False,,,,,,,,,,,,,,,,,,0.0,0.0,0.0,0.0,0.0,0.0
1773805194.5495157,False,,,,,,,,,,,,,,,,,,0.0,0.0,0.0,0.0,0.0,0.0
1773805194.5594304,False,,,,,,,,,,,,,,,,,,0.0,0.0,0.0,0.0,0.0,0.0
1773805194.5693762,False,,,,,,,,,,,,,,,,,,0.0,0.0,0.0,0.0,0.0,0.0
1773805194.579256,False,,,,,,,,,,,,,,,,,,0.0,0.0,0.0,0.0,0.0,0.0
1773805194.5896003,False,,,,,,,,,,,,,,,,,,0.0,0.0,0.0,0.0,0.0,0.0
1773805194.599427,False,,,,,,,,,,,,,,,,,,0.0,0.0,0.0,0.0,0.0,0.0
1773805194.6095417,False,,,,,,,,,,,,,,,,,,0.0,0.0,0.0,0.0,0.0,0.0
1773805194.619628,False,,,,,,,,,,,,,,,,,,0.0,0.0,0.0,0.0,0.0,0.0
1773805194.629739,False,,,,,,,,,,,,,,,,,,0.0,0.0,0.0,0.0,0.0,0.0
1773805194.63941,False,,,,,,,,,,,,,,,,,,0.0,0.0,0.0,0.0,0.0,0.0
1773805194.6496303,False,,,,,,,,,,,,,,,,,,0.0,0.0,0.0,0.0,0.0,0.0
1773805194.6592748,False,,,,,,,,,,,,,,,,,,0.0,0.0,0.0,0.0,0.0,0.0
1773805194.669333,False,,,,,,,,,,,,,,,,,,0.0,0.0,0.0,0.0,0.0,0.0
1773805194.6793554,False,,,,,,,,,,,,,,,,,,0.0,0.0,0.0,0.0,0.0,0.0
1773805194.6894162,False,,,,,,,,,,,,,,,,,,0.0,0.0,0.0,0.0,0.0,0.0
1773805194.6991422,False,,,,,,,,,,,,,,,,,,0.0,0.0,0.0,0.0,0.0,0.0
1773805194.7094996,False,,,,,,,,,,,,,,,,,,0.0,0.0,0.0,0.0,0.0,0.0
1773805194.7194524,False,,,,,,,,,,,,,,,,,,0.0,0.0,0.0,0.0,0.0,0.0
1773805194.7294977,False,,,,,,,,,,,,,,,,,,0.0,0.0,0.0,0.0,0.0,0.0
1773805194.7393315,False,,,,,,,,,,,,,,,,,,0.0,0.0,0.0,0.0,0.0,0.0
1773805194.7496328,False,,,,,,,,,,,,,,,,,,0.0,0.0,0.0,0.0,0.0,0.0
1773805194.7597723,False,,,,,,,,,,,,,,,,,,0.0,0.0,0.0,0.0,0.0,0.0
1773805194.7697852,False,,,,,,,,,,,,,,,,,,0.0,0.0,0.0,0.0,0.0,0.0
1773805194.779272,False,,,,,,,,,,,,,,,,,,0.0,0.0,0.0,0.0,0.0,0.0
1773805194.7896779,False,,,,,,,,,,,,,,,,,,0.0,0.0,0.0,0.0,0.0,0.0
1773805194.7993913,False,,,,,,,,,,,,,,,,,,0.0,0.0,0.0,0.0,0.0,0.0
1773805194.809617,False,,,,,,,,,,,,,,,,,,0.0,0.0,0.0,0.0,0.0,0.0
1773805194.8196619,False,,,,,,,,,,,,,,,,,,0.0,0.0,0.0,0.0,0.0,0.0
1773805194.8298569,False,,,,,,,,,,,,,,,,,,0.0,0.0,0.0,0.0,0.0,0.0
1773805194.839381,False,,,,,,,,,,,,,,,,,,0.0,0.0,0.0,0.0,0.0,0.0
1773805194.84961,False,,,,,,,,,,,,,,,,,,0.0,0.0,0.0,0.0,0.0,0.0
1773805194.859572,False,,,,,,,,,,,,,,,,,,0.0,0.0,0.0,0.0,0.0,0.0
1773805194.869673,False,,,,,,,,,,,,,,,,,,0.0,0.0,0.0,0.0,0.0,0.0
1773805194.8797755,False,,,,,,,,,,,,,,,,,,0.0,0.0,0.0,0.0,0.0,0.0
1773805194.8894594,False,,,,,,,,,,,,,,,,,,0.0,0.0,0.0,0.0,0.0,0.0
1773805194.8997471,False,,,,,,,,,,,,,,,,,,0.0,0.0,0.0,0.0,0.0,0.0
1773805194.9095874,False,,,,,,,,,,,,,,,,,,0.0,0.0,0.0,0.0,0.0,0.0
1773805194.91931,False,,,,,,,,,,,,,,,,,,0.0,0.0,0.0,0.0,0.0,0.0
1773805194.9298465,False,,,,,,,,,,,,,,,,,,0.0,0.0,0.0,0.0,0.0,0.0
1773805194.9393854,False,,,,,,,,,,,,,,,,,,0.0,0.0,0.0,0.0,0.0,0.0
1773805194.949613,False,,,,,,,,,,,,,,,,,,0.0,0.0,0.0,0.0,0.0,0.0
1773805194.9596403,False,,,,,,,,,,,,,,,,,,0.0,0.0,0.0,0.0,0.0,0.0
1773805194.9696784,False,,,,,,,,,,,,,,,,,,0.0,0.0,0.0,0.0,0.0,0.0
1773805194.979823,False,,,,,,,,,,,,,,,,,,0.0,0.0,0.0,0.0,0.0,0.0
1773805194.9896088,False,,,,,,,,,,,,,,,,,,0.0,0.0,0.0,0.0,0.0,0.0
1773805194.9996455,False,,,,,,,,,,,,,,,,,,0.0,0.0,0.0,0.0,0.0,0.0
1773805195.009418,False,,,,,,,,,,,,,,,,,,0.0,0.0,0.0,0.0,0.0,0.0
1773805195.019774,False,,,,,,,,,,,,,,,,,,0.0,0.0,0.0,0.0,0.0,0.0
1773805195.0294464,False,,,,,,,,,,,,,,,,,,0.0,0.0,0.0,0.0,0.0,0.0
1773805195.0391128,False,,,,,,,,,,,,,,,,,,0.0,0.0,0.0,0.0,0.0,0.0
1773805195.0494242,False,,,,,,,,,,,,,,,,,,0.0,0.0,0.0,0.0,0.0,0.0
1773805195.0594826,False,,,,,,,,,,,,,,,,,,0.0,0.0,0.0,0.0,0.0,0.0
1773805195.0691261,False,,,,,,,,,,,,,,,,,,0.0,0.0,0.0,0.0,0.0,0.0
1773805195.0796077,False,,,,,,,,,,,,,,,,,,0.0,0.0,0.0,0.0,0.0,0.0
1773805195.089208,False,,,,,,,,,,,,,,,,,,0.0,0.0,0.0,0.0,0.0,0.0
1773805195.0990953,False,,,,,,,,,,,,,,,,,,0.0,0.0,0.0,0.0,0.0,0.0
1773805195.1092443,False,,,,,,,,,,,,,,,,,,0.0,0.0,0.0,0.0,0.0,0.0
1773805195.119371,False,,,,,,,,,,,,,,,,,,0.0,0.0,0.0,0.0,0.0,0.0
1773805195.1292362,False,,,,,,,,,,,,,,,,,,0.0,0.0,0.0,0.0,0.0,0.0
1773805195.1395812,False,,,,,,,,,,,,,,,,,,0.0,0.0,0.0,0.0,0.0,0.0
1773805195.149158,False,,,,,,,,,,,,,,,,,,0.0,0.0,0.0,0.0,0.0,0.0
1773805195.1595354,False,,,,,,,,,,,,,,,,,,0.0,0.0,0.0,0.0,0.0,0.0
1773805195.169128,False,,,,,,,,,,,,,,,,,,0.0,0.0,0.0,0.0,0.0,0.0
1773805195.179073,False,,,,,,,,,,,,,,,,,,0.0,0.0,0.0,0.0,0.0,0.0
1773805195.1894011,False,,,,,,,,,,,,,,,,,,0.0,0.0,0.0,0.0,0.0,0.0
1773805195.199766,False,,,,,,,,,,,,,,,,,,0.0,0.0,0.0,0.0,0.0,0.0
1773805195.2093234,False,,,,,,,,,,,,,,,,,,0.0,0.0,0.0,0.0,0.0,0.0
1773805195.2191496,False,,,,,,,,,,,,,,,,,,0.0,0.0,0.0,0.0,0.0,0.0
1773805195.229686,False,,,,,,,,,,,,,,,,,,0.0,0.0,0.0,0.0,0.0,0.0
1773805195.239569,False,,,,,,,,,,,,,,,,,,0.0,0.0,0.0,0.0,0.0,0.0
1773805195.2494626,False,,,,,,,,,,,,,,,,,,0.0,0.0,0.0,0.0,0.0,0.0
1773805195.2599187,False,,,,,,,,,,,,,,,,,,0.0,0.0,0.0,0.0,0.0,0.0
1773805195.2697868,False,,,,,,,,,,,,,,,,,,0.0,0.0,0.0,0.0,0.0,0.0
1773805195.2795022,False,,,,,,,,,,,,,,,,,,0.0,0.0,0.0,0.0,0.0,0.0
1773805195.2894711,False,,,,,,,,,,,,,,,,,,0.0,0.0,0.0,0.0,0.0,0.0
1773805195.299615,False,,,,,,,,,,,,,,,,,,0.0,0.0,0.0,0.0,0.0,0.0
1773805195.3096597,False,,,,,,,,,,,,,,,,,,0.0,0.0,0.0,0.0,0.0,0.0
1773805195.3197172,False,,,,,,,,,,,,,,,,,,0.0,0.0,0.0,0.0,0.0,0.0
1773805195.3292577,False,,,,,,,,,,,,,,,,,,0.0,0.0,0.0,0.0,0.0,0.0
1773805195.3393695,False,,,,,,,,,,,,,,,,,,0.0,0.0,0.0,0.0,0.0,0.0
1773805195.3498561,False,,,,,,,,,,,,,,,,,,0.0,0.0,0.0,0.0,0.0,0.0
1773805195.359322,False,,,,,,,,,,,,,,,,,,0.0,0.0,0.0,0.0,0.0,0.0
1773805195.3693628,False,,,,,,,,,,,,,,,,,,0.0,0.0,0.0,0.0,0.0,0.0
1773805195.3794172,False,,,,,,,,,,,,,,,,,,0.0,0.0,0.0,0.0,0.0,0.0
1773805195.3899105,False,,,,,,,,,,,,,,,,,,0.0,0.0,0.0,0.0,0.0,0.0
1773805195.399124,False,,,,,,,,,,,,,,,,,,0.0,0.0,0.0,0.0,0.0,0.0
1773805195.4098182,False,,,,,,,,,,,,,,,,,,0.0,0.0,0.0,0.0,0.0,0.0
1773805195.4194908,False,,,,,,,,,,,,,,,,,,0.0,0.0,0.0,0.0,0.0,0.0
1773805195.4298368,False,,,,,,,,,,,,,,,,,,0.0,0.0,0.0,0.0,0.0,0.0
1773805195.4395084,False,,,,,,,,,,,,,,,,,,0.0,0.0,0.0,0.0,0.0,0.0
1773805195.4495575,False,,,,,,,,,,,,,,,,,,0.0,0.0,0.0,0.0,0.0,0.0
1773805195.4594917,False,,,,,,,,,,,,,,,,,,0.0,0.0,0.0,0.0,0.0,0.0
1773805195.4690773,False,,,,,,,,,,,,,,,,,,0.0,0.0,0.0,0.0,0.0,0.0
1773805195.4791672,False,,,,,,,,,,,,,,,,,,0.0,0.0,0.0,0.0,0.0,0.0
1773805195.4901695,False,,,,,,,,,,,,,,,,,,0.0,0.0,0.0,0.0,0.0,0.0
1773805195.4997084,False,,,,,,,,,,,,,,,,,,0.0,0.0,0.0,0.0,0.0,0.0
1773805195.5094874,False,,,,,,,,,,,,,,,,,,0.0,0.0,0.0,0.0,0.0,0.0
1773805195.5192227,False,,,,,,,,,,,,,,,,,,0.0,0.0,0.0,0.0,0.0,0.0
1773805195.5294802,False,,,,,,,,,,,,,,,,,,0.0,0.0,0.0,0.0,0.0,0.0
1773805195.5396357,False,,,,,,,,,,,,,,,,,,0.0,0.0,0.0,0.0,0.0,0.0
1773805195.549177,False,,,,,,,,,,,,,,,,,,0.0,0.0,0.0,0.0,0.0,0.0
1773805195.5596764,False,,,,,,,,,,,,,,,,,,0.0,0.0,0.0,0.0,0.0,0.0
1773805195.5695133,False,,,,,,,,,,,,,,,,,,0.0,0.0,0.0,0.0,0.0,0.0
1773805195.579593,False,,,,,,,,,,,,,,,,,,0.0,0.0,0.0,0.0,0.0,0.0
1773805195.5893788,False,,,,,,,,,,,,,,,,,,0.0,0.0,0.0,0.0,0.0,0.0
1773805195.5994308,False,,,,,,,,,,,,,,,,,,0.0,0.0,0.0,0.0,0.0,0.0
1773805195.6094775,False,,,,,,,,,,,,,,,,,,0.0,0.0,0.0,0.0,0.0,0.0
1773805195.619294,False,,,,,,,,,,,,,,,,,,0.0,0.0,0.0,0.0,0.0,0.0
1773805195.6295521,False,,,,,,,,,,,,,,,,,,0.0,0.0,0.0,0.0,0.0,0.0
1773805195.6397247,False,,,,,,,,,,,,,,,,,,0.0,0.0,0.0,0.0,0.0,0.0
1773805195.649938,False,,,,,,,,,,,,,,,,,,0.0,0.0,0.0,0.0,0.0,0.0
1773805195.6594548,False,,,,,,,,,,,,,,,,,,0.0,0.0,0.0,0.0,0.0,0.0
1773805195.66949,False,,,,,,,,,,,,,,,,,,0.0,0.0,0.0,0.0,0.0,0.0
1773805195.6795387,False,,,,,,,,,,,,,,,,,,0.0,0.0,0.0,0.0,0.0,0.0
1773805195.689308,False,,,,,,,,,,,,,,,,,,0.0,0.0,0.0,0.0,0.0,0.0
1773805195.699599,False,,,,,,,,,,,,,,,,,,0.0,0.0,0.0,0.0,0.0,0.0
1773805195.7094998,False,,,,,,,,,,,,,,,,,,0.0,0.0,0.0,0.0,0.0,0.0
1773805195.7196095,False,,,,,,,,,,,,,,,,,,0.0,0.0,0.0,0.0,0.0,0.0
1773805195.7293816,False,,,,,,,,,,,,,,,,,,0.0,0.0,0.0,0.0,0.0,0.0
1773805195.7394836,False,,,,,,,,,,,,,,,,,,0.0,0.0,0.0,0.0,0.0,0.0
1773805195.7496326,False,,,,,,,,,,,,,,,,,,0.0,0.0,0.0,0.0,0.0,0.0
1773805195.759673,False,,,,,,,,,,,,,,,,,,0.0,0.0,0.0,0.0,0.0,0.0
1773805195.7697787,False,,,,,,,,,,,,,,,,,,0.0,0.0,0.0,0.0,0.0,0.0
1773805195.7800076,False,,,,,,,,,,,,,,,,,,0.0,0.0,0.0,0.0,0.0,0.0
1773805195.7896733,False,,,,,,,,,,,,,,,,,,0.0,0.0,0.0,0.0,0.0,0.0
1773805195.799476,False,,,,,,,,,,,,,,,,,,0.0,0.0,0.0,0.0,0.0,0.0
1773805195.8095202,False,,,,,,,,,,,,,,,,,,0.0,0.0,0.0,0.0,0.0,0.0
1773805195.819552,False,,,,,,,,,,,,,,,,,,0.0,0.0,0.0,0.0,0.0,0.0
1773805195.8296819,False,,,,,,,,,,,,,,,,,,0.0,0.0,0.0,0.0,0.0,0.0
1773805195.83943,False,,,,,,,,,,,,,,,,,,0.0,0.0,0.0,0.0,0.0,0.0
1773805195.8494384,False,,,,,,,,,,,,,,,,,,0.0,0.0,0.0,0.0,0.0,0.0
1773805195.8598642,False,,,,,,,,,,,,,,,,,,0.0,0.0,0.0,0.0,0.0,0.0
1773805195.8694384,False,,,,,,,,,,,,,,,,,,0.0,0.0,0.0,0.0,0.0,0.0
1773805195.879352,False,,,,,,,,,,,,,,,,,,0.0,0.0,0.0,0.0,0.0,0.0
1773805195.8891847,False,,,,,,,,,,,,,,,,,,0.0,0.0,0.0,0.0,0.0,0.0
1773805195.899245,False,,,,,,,,,,,,,,,,,,0.0,0.0,0.0,0.0,0.0,0.0
1773805195.909692,False,,,,,,,,,,,,,,,,,,0.0,0.0,0.0,0.0,0.0,0.0
1773805195.919648,False,,,,,,,,,,,,,,,,,,0.0,0.0,0.0,0.0,0.0,0.0
1773805195.9291837,False,,,,,,,,,,,,,,,,,,0.0,0.0,0.0,0.0,0.0,0.0
1773805195.939587,False,,,,,,,,,,,,,,,,,,0.0,0.0,0.0,0.0,0.0,0.0
1773805195.9498487,False,,,,,,,,,,,,,,,,,,0.0,0.0,0.0,0.0,0.0,0.0
1773805195.959403,False,,,,,,,,,,,,,,,,,,0.0,0.0,0.0,0.0,0.0,0.0
1773805195.9695299,False,,,,,,,,,,,,,,,,,,0.0,0.0,0.0,0.0,0.0,0.0
1773805195.9795737,False,,,,,,,,,,,,,,,,,,0.0,0.0,0.0,0.0,0.0,0.0
1773805195.9896367,False,,,,,,,,,,,,,,,,,,0.0,0.0,0.0,0.0,0.0,0.0
1773805195.9996846,False,,,,,,,,,,,,,,,,,,0.0,0.0,0.0,0.0,0.0,0.0
1773805196.009731,False,,,,,,,,,,,,,,,,,,0.0,0.0,0.0,0.0,0.0,0.0
1773805196.0193067,False,,,,,,,,,,,,,,,,,,0.0,0.0,0.0,0.0,0.0,0.0
1773805196.0293741,False,,,,,,,,,,,,,,,,,,0.0,0.0,0.0,0.0,0.0,0.0
1773805196.039466,False,,,,,,,,,,,,,,,,,,0.0,0.0,0.0,0.0,0.0,0.0
1773805196.0495913,False,,,,,,,,,,,,,,,,,,0.0,0.0,0.0,0.0,0.0,0.0
1773805196.0596452,False,,,,,,,,,,,,,,,,,,0.0,0.0,0.0,0.0,0.0,0.0
1773805196.0693219,False,,,,,,,,,,,,,,,,,,0.0,0.0,0.0,0.0,0.0,0.0
1773805196.0794299,False,,,,,,,,,,,,,,,,,,0.0,0.0,0.0,0.0,0.0,0.0
1773805196.0892916,False,,,,,,,,,,,,,,,,,,0.0,0.0,0.0,0.0,0.0,0.0
1773805196.0996537,False,,,,,,,,,,,,,,,,,,0.0,0.0,0.0,0.0,0.0,0.0
1773805196.1091905,False,,,,,,,,,,,,,,,,,,0.0,0.0,0.0,0.0,0.0,0.0
1773805196.1192975,False,,,,,,,,,,,,,,,,,,0.0,0.0,0.0,0.0,0.0,0.0
1773805196.1294622,False,,,,,,,,,,,,,,,,,,0.0,0.0,0.0,0.0,0.0,0.0
1773805196.1395285,False,,,,,,,,,,,,,,,,,,0.0,0.0,0.0,0.0,0.0,0.0
1773805196.1498582,False,,,,,,,,,,,,,,,,,,0.0,0.0,0.0,0.0,0.0,0.0
1773805196.1593845,False,,,,,,,,,,,,,,,,,,0.0,0.0,0.0,0.0,0.0,0.0
1773805196.169669,False,,,,,,,,,,,,,,,,,,0.0,0.0,0.0,0.0,0.0,0.0
1773805196.1796002,False,,,,,,,,,,,,,,,,,,0.0,0.0,0.0,0.0,0.0,0.0
1773805196.1896706,False,,,,,,,,,,,,,,,,,,0.0,0.0,0.0,0.0,0.0,0.0
1773805196.1992936,False,,,,,,,,,,,,,,,,,,0.0,0.0,0.0,0.0,0.0,0.0
1773805196.2093318,False,,,,,,,,,,,,,,,,,,0.0,0.0,0.0,0.0,0.0,0.0
1773805196.219488,False,,,,,,,,,,,,,,,,,,0.0,0.0,0.0,0.0,0.0,0.0
1773805196.2296307,False,,,,,,,,,,,,,,,,,,0.0,0.0,0.0,0.0,0.0,0.0
1773805196.239191,False,,,,,,,,,,,,,,,,,,0.0,0.0,0.0,0.0,0.0,0.0
1773805196.2492852,False,,,,,,,,,,,,,,,,,,0.0,0.0,0.0,0.0,0.0,0.0
1773805196.25939,False,,,,,,,,,,,,,,,,,,0.0,0.0,0.0,0.0,0.0,0.0
1773805196.2696972,False,,,,,,,,,,,,,,,,,,0.0,0.0,0.0,0.0,0.0,0.0
1773805196.27944,False,,,,,,,,,,,,,,,,,,0.0,0.0,0.0,0.0,0.0,0.0
1773805196.2892556,False,,,,,,,,,,,,,,,,,,0.0,0.0,0.0,0.0,0.0,0.0
1773805196.2994628,False,,,,,,,,,,,,,,,,,,0.0,0.0,0.0,0.0,0.0,0.0
1773805196.3099113,False,,,,,,,,,,,,,,,,,,0.0,0.0,0.0,0.0,0.0,0.0
1773805196.3193321,False,,,,,,,,,,,,,,,,,,0.0,0.0,0.0,0.0,0.0,0.0
1773805196.3293517,False,,,,,,,,,,,,,,,,,,0.0,0.0,0.0,0.0,0.0,0.0
1773805196.339403,False,,,,,,,,,,,,,,,,,,0.0,0.0,0.0,0.0,0.0,0.0
1773805196.3494792,False,,,,,,,,,,,,,,,,,,0.0,0.0,0.0,0.0,0.0,0.0
1773805196.3594356,False,,,,,,,,,,,,,,,,,,0.0,0.0,0.0,0.0,0.0,0.0
1773805196.3694563,False,,,,,,,,,,,,,,,,,,0.0,0.0,0.0,0.0,0.0,0.0
1773805196.3798106,False,,,,,,,,,,,,,,,,,,0.0,0.0,0.0,0.0,0.0,0.0
1773805196.3895729,False,,,,,,,,,,,,,,,,,,0.0,0.0,0.0,0.0,0.0,0.0
1773805196.3993866,False,,,,,,,,,,,,,,,,,,0.0,0.0,0.0,0.0,0.0,0.0
1773805196.4094222,False,,,,,,,,,,,,,,,,,,0.0,0.0,0.0,0.0,0.0,0.0
1773805196.4192367,False,,,,,,,,,,,,,,,,,,0.0,0.0,0.0,0.0,0.0,0.0
1773805196.430254,False,,,,,,,,,,,,,,,,,,0.0,0.0,0.0,0.0,0.0,0.0
1773805196.4392993,False,,,,,,,,,,,,,,,,,,0.0,0.0,0.0,0.0,0.0,0.0
1773805196.449386,False,,,,,,,,,,,,,,,,,,0.0,0.0,0.0,0.0,0.0,0.0
1773805196.459063,False,,,,,,,,,,,,,,,,,,0.0,0.0,0.0,0.0,0.0,0.0
1773805196.4692724,False,,,,,,,,,,,,,,,,,,0.0,0.0,0.0,0.0,0.0,0.0
1773805196.479466,False,,,,,,,,,,,,,,,,,,0.0,0.0,0.0,0.0,0.0,0.0
1773805196.4895134,False,,,,,,,,,,,,,,,,,,0.0,0.0,0.0,0.0,0.0,0.0
1773805196.49934,False,,,,,,,,,,,,,,,,,,0.0,0.0,0.0,0.0,0.0,0.0
1773805196.5100315,False,,,,,,,,,,,,,,,,,,0.0,0.0,0.0,0.0,0.0,0.0
1773805196.5196037,False,,,,,,,,,,,,,,,,,,0.0,0.0,0.0,0.0,0.0,0.0
1773805196.5293765,False,,,,,,,,,,,,,,,,,,0.0,0.0,0.0,0.0,0.0,0.0
1773805196.5394826,False,,,,,,,,,,,,,,,,,,0.0,0.0,0.0,0.0,0.0,0.0
1773805196.5493062,False,,,,,,,,,,,,,,,,,,0.0,0.0,0.0,0.0,0.0,0.0
1773805196.5595415,False,,,,,,,,,,,,,,,,,,0.0,0.0,0.0,0.0,0.0,0.0
1773805196.569586,False,,,,,,,,,,,,,,,,,,0.0,0.0,0.0,0.0,0.0,0.0
1773805196.5793924,False,,,,,,,,,,,,,,,,,,0.0,0.0,0.0,0.0,0.0,0.0
1773805196.589474,False,,,,,,,,,,,,,,,,,,0.0,0.0,0.0,0.0,0.0,0.0
1773805196.5997696,False,,,,,,,,,,,,,,,,,,0.0,0.0,0.0,0.0,0.0,0.0
1773805196.6095319,False,,,,,,,,,,,,,,,,,,0.0,0.0,0.0,0.0,0.0,0.0
1773805196.619422,False,,,,,,,,,,,,,,,,,,0.0,0.0,0.0,0.0,0.0,0.0
1773805196.6294963,False,,,,,,,,,,,,,,,,,,0.0,0.0,0.0,0.0,0.0,0.0
1773805196.63959,False,,,,,,,,,,,,,,,,,,0.0,0.0,0.0,0.0,0.0,0.0
1773805196.6492105,False,,,,,,,,,,,,,,,,,,0.0,0.0,0.0,0.0,0.0,0.0
1773805196.6592662,False,,,,,,,,,,,,,,,,,,0.0,0.0,0.0,0.0,0.0,0.0
1773805196.6693044,False,,,,,,,,,,,,,,,,,,0.0,0.0,0.0,0.0,0.0,0.0
1773805196.6796997,False,,,,,,,,,,,,,,,,,,0.0,0.0,0.0,0.0,0.0,0.0
1773805196.6896462,False,,,,,,,,,,,,,,,,,,0.0,0.0,0.0,0.0,0.0,0.0
1773805196.6994379,False,,,,,,,,,,,,,,,,,,0.0,0.0,0.0,0.0,0.0,0.0
1773805196.7094805,False,,,,,,,,,,,,,,,,,,0.0,0.0,0.0,0.0,0.0,0.0
1773805196.7198348,False,,,,,,,,,,,,,,,,,,0.0,0.0,0.0,0.0,0.0,0.0
1773805196.729599,False,,,,,,,,,,,,,,,,,,0.0,0.0,0.0,0.0,0.0,0.0
1773805196.7395964,False,,,,,,,,,,,,,,,,,,0.0,0.0,0.0,0.0,0.0,0.0
1773805196.749504,False,,,,,,,,,,,,,,,,,,0.0,0.0,0.0,0.0,0.0,0.0
1773805196.7598343,False,,,,,,,,,,,,,,,,,,0.0,0.0,0.0,0.0,0.0,0.0
1773805196.7693906,False,,,,,,,,,,,,,,,,,,0.0,0.0,0.0,0.0,0.0,0.0
1773805196.7794883,False,,,,,,,,,,,,,,,,,,0.0,0.0,0.0,0.0,0.0,0.0
1773805196.789737,False,,,,,,,,,,,,,,,,,,0.0,0.0,0.0,0.0,0.0,0.0
1773805196.7997916,False,,,,,,,,,,,,,,,,,,0.0,0.0,0.0,0.0,0.0,0.0
1773805196.8090913,False,,,,,,,,,,,,,,,,,,0.0,0.0,0.0,0.0,0.0,0.0
1773805196.8194387,False,,,,,,,,,,,,,,,,,,0.0,0.0,0.0,0.0,0.0,0.0
1773805196.8295007,False,,,,,,,,,,,,,,,,,,0.0,0.0,0.0,0.0,0.0,0.0
1773805196.8398042,False,,,,,,,,,,,,,,,,,,0.0,0.0,0.0,0.0,0.0,0.0
1773805196.849694,False,,,,,,,,,,,,,,,,,,0.0,0.0,0.0,0.0,0.0,0.0
1773805196.8594315,False,,,,,,,,,,,,,,,,,,0.0,0.0,0.0,0.0,0.0,0.0
1773805196.869535,False,,,,,,,,,,,,,,,,,,0.0,0.0,0.0,0.0,0.0,0.0
1773805196.879937,False,,,,,,,,,,,,,,,,,,0.0,0.0,0.0,0.0,0.0,0.0
1773805196.889346,False,,,,,,,,,,,,,,,,,,0.0,0.0,0.0,0.0,0.0,0.0
1773805196.8995607,False,,,,,,,,,,,,,,,,,,0.0,0.0,0.0,0.0,0.0,0.0
1773805196.90979,False,,,,,,,,,,,,,,,,,,0.0,0.0,0.0,0.0,0.0,0.0
1773805196.9194314,False,,,,,,,,,,,,,,,,,,0.0,0.0,0.0,0.0,0.0,0.0
1773805196.9294052,False,,,,,,,,,,,,,,,,,,0.0,0.0,0.0,0.0,0.0,0.0
1773805196.9399416,False,,,,,,,,,,,,,,,,,,0.0,0.0,0.0,0.0,0.0,0.0
1773805196.9507751,False,,,,,,,,,,,,,,,,,,0.0,0.0,0.0,0.0,0.0,0.0
1773805196.9602425,False,,,,,,,,,,,,,,,,,,0.0,0.0,0.0,0.0,0.0,0.0
1773805196.9697845,False,,,,,,,,,,,,,,,,,,0.0,0.0,0.0,0.0,0.0,0.0
1773805196.979657,False,,,,,,,,,,,,,,,,,,0.0,0.0,0.0,0.0,0.0,0.0
1773805196.9896905,False,,,,,,,,,,,,,,,,,,0.0,0.0,0.0,0.0,0.0,0.0
1773805196.9992871,False,,,,,,,,,,,,,,,,,,0.0,0.0,0.0,0.0,0.0,0.0
1773805197.0094686,False,,,,,,,,,,,,,,,,,,0.0,0.0,0.0,0.0,0.0,0.0
1773805197.0195138,False,,,,,,,,,,,,,,,,,,0.0,0.0,0.0,0.0,0.0,0.0
1773805197.0297801,False,,,,,,,,,,,,,,,,,,0.0,0.0,0.0,0.0,0.0,0.0
1773805197.039516,False,,,,,,,,,,,,,,,,,,0.0,0.0,0.0,0.0,0.0,0.0
1773805197.0497372,False,,,,,,,,,,,,,,,,,,0.0,0.0,0.0,0.0,0.0,0.0
1773805197.0593975,False,,,,,,,,,,,,,,,,,,0.0,0.0,0.0,0.0,0.0,0.0
1773805197.0697696,False,,,,,,,,,,,,,,,,,,0.0,0.0,0.0,0.0,0.0,0.0
1773805197.079589,False,,,,,,,,,,,,,,,,,,0.0,0.0,0.0,0.0,0.0,0.0
1773805197.089674,False,,,,,,,,,,,,,,,,,,0.0,0.0,0.0,0.0,0.0,0.0
1773805197.099806,False,,,,,,,,,,,,,,,,,,0.0,0.0,0.0,0.0,0.0,0.0
1773805197.1096382,False,,,,,,,,,,,,,,,,,,0.0,0.0,0.0,0.0,0.0,0.0
1773805197.1196895,False,,,,,,,,,,,,,,,,,,0.0,0.0,0.0,0.0,0.0,0.0
1773805197.1297004,False,,,,,,,,,,,,,,,,,,0.0,0.0,0.0,0.0,0.0,0.0
1773805197.1394625,False,,,,,,,,,,,,,,,,,,0.0,0.0,0.0,0.0,0.0,0.0
1773805197.1492417,False,,,,,,,,,,,,,,,,,,0.0,0.0,0.0,0.0,0.0,0.0
1773805197.1594725,False,,,,,,,,,,,,,,,,,,0.0,0.0,0.0,0.0,0.0,0.0
1773805197.1693125,False,,,,,,,,,,,,,,,,,,0.0,0.0,0.0,0.0,0.0,0.0
1773805197.1791508,False,,,,,,,,,,,,,,,,,,0.0,0.0,0.0,0.0,0.0,0.0
1773805197.1893044,False,,,,,,,,,,,,,,,,,,0.0,0.0,0.0,0.0,0.0,0.0
1773805197.1997,False,,,,,,,,,,,,,,,,,,0.0,0.0,0.0,0.0,0.0,0.0
1773805197.2094116,False,,,,,,,,,,,,,,,,,,0.0,0.0,0.0,0.0,0.0,0.0
1773805197.2195506,False,,,,,,,,,,,,,,,,,,0.0,0.0,0.0,0.0,0.0,0.0
1773805197.2296915,False,,,,,,,,,,,,,,,,,,0.0,0.0,0.0,0.0,0.0,0.0
1773805197.2393084,False,,,,,,,,,,,,,,,,,,0.0,0.0,0.0,0.0,0.0,0.0
1773805197.2491844,False,,,,,,,,,,,,,,,,,,0.0,0.0,0.0,0.0,0.0,0.0
1773805197.25911,False,,,,,,,,,,,,,,,,,,0.0,0.0,0.0,0.0,0.0,0.0
1773805197.2693503,False,,,,,,,,,,,,,,,,,,0.0,0.0,0.0,0.0,0.0,0.0
1773805197.279551,False,,,,,,,,,,,,,,,,,,0.0,0.0,0.0,0.0,0.0,0.0
1773805197.2892127,False,,,,,,,,,,,,,,,,,,0.0,0.0,0.0,0.0,0.0,0.0
1773805197.2994254,False,,,,,,,,,,,,,,,,,,0.0,0.0,0.0,0.0,0.0,0.0
1773805197.309299,False,,,,,,,,,,,,,,,,,,0.0,0.0,0.0,0.0,0.0,0.0
1773805197.3194065,False,,,,,,,,,,,,,,,,,,0.0,0.0,0.0,0.0,0.0,0.0
1773805197.3294914,False,,,,,,,,,,,,,,,,,,0.0,0.0,0.0,0.0,0.0,0.0
1773805197.339199,False,,,,,,,,,,,,,,,,,,0.0,0.0,0.0,0.0,0.0,0.0
1773805197.3495064,False,,,,,,,,,,,,,,,,,,0.0,0.0,0.0,0.0,0.0,0.0
1773805197.3590484,False,,,,,,,,,,,,,,,,,,0.0,0.0,0.0,0.0,0.0,0.0
1773805197.3691869,False,,,,,,,,,,,,,,,,,,0.0,0.0,0.0,0.0,0.0,0.0
1773805197.3795507,False,,,,,,,,,,,,,,,,,,0.0,0.0,0.0,0.0,0.0,0.0
1773805197.3891382,False,,,,,,,,,,,,,,,,,,0.0,0.0,0.0,0.0,0.0,0.0
1773805197.3991947,False,,,,,,,,,,,,,,,,,,0.0,0.0,0.0,0.0,0.0,0.0
1773805197.4095225,False,,,,,,,,,,,,,,,,,,0.0,0.0,0.0,0.0,0.0,0.0
1773805197.419181,False,,,,,,,,,,,,,,,,,,0.0,0.0,0.0,0.0,0.0,0.0
1773805197.4291885,False,,,,,,,,,,,,,,,,,,0.0,0.0,0.0,0.0,0.0,0.0
1773805197.4393468,False,,,,,,,,,,,,,,,,,,0.0,0.0,0.0,0.0,0.0,0.0
1773805197.4491222,False,,,,,,,,,,,,,,,,,,0.0,0.0,0.0,0.0,0.0,0.0
1773805197.4591892,False,,,,,,,,,,,,,,,,,,0.0,0.0,0.0,0.0,0.0,0.0
1773805197.4694724,False,,,,,,,,,,,,,,,,,,0.0,0.0,0.0,0.0,0.0,0.0
1773805197.4795258,False,,,,,,,,,,,,,,,,,,0.0,0.0,0.0,0.0,0.0,0.0
1773805197.489339,False,,,,,,,,,,,,,,,,,,0.0,0.0,0.0,0.0,0.0,0.0
1773805197.4991162,False,,,,,,,,,,,,,,,,,,0.0,0.0,0.0,0.0,0.0,0.0
1773805197.509351,False,,,,,,,,,,,,,,,,,,0.0,0.0,0.0,0.0,0.0,0.0
1773805197.5195196,False,,,,,,,,,,,,,,,,,,0.0,0.0,0.0,0.0,0.0,0.0
1773805197.5297546,False,,,,,,,,,,,,,,,,,,0.0,0.0,0.0,0.0,0.0,0.0
1773805197.5394537,False,,,,,,,,,,,,,,,,,,0.0,0.0,0.0,0.0,0.0,0.0
1773805197.5492034,False,,,,,,,,,,,,,,,,,,0.0,0.0,0.0,0.0,0.0,0.0
1773805197.5593698,False,,,,,,,,,,,,,,,,,,0.0,0.0,0.0,0.0,0.0,0.0
1773805197.5694177,False,,,,,,,,,,,,,,,,,,0.0,0.0,0.0,0.0,0.0,0.0
1773805197.579677,False,,,,,,,,,,,,,,,,,,0.0,0.0,0.0,0.0,0.0,0.0
1773805197.5896332,False,,,,,,,,,,,,,,,,,,0.0,0.0,0.0,0.0,0.0,0.0
1773805197.599332,False,,,,,,,,,,,,,,,,,,0.0,0.0,0.0,0.0,0.0,0.0
1773805197.609444,False,,,,,,,,,,,,,,,,,,0.0,0.0,0.0,0.0,0.0,0.0
1773805197.6196241,False,,,,,,,,,,,,,,,,,,0.0,0.0,0.0,0.0,0.0,0.0
1773805197.6297536,False,,,,,,,,,,,,,,,,,,0.0,0.0,0.0,0.0,0.0,0.0
1773805197.6392694,False,,,,,,,,,,,,,,,,,,0.0,0.0,0.0,0.0,0.0,0.0
1773805197.6493018,False,,,,,,,,,,,,,,,,,,0.0,0.0,0.0,0.0,0.0,0.0
1773805197.6595695,False,,,,,,,,,,,,,,,,,,0.0,0.0,0.0,0.0,0.0,0.0
1773805197.6690943,False,,,,,,,,,,,,,,,,,,0.0,0.0,0.0,0.0,0.0,0.0
1773805197.6794481,False,,,,,,,,,,,,,,,,,,0.0,0.0,0.0,0.0,0.0,0.0
1773805197.6894865,False,,,,,,,,,,,,,,,,,,0.0,0.0,0.0,0.0,0.0,0.0
1773805197.6992133,False,,,,,,,,,,,,,,,,,,0.0,0.0,0.0,0.0,0.0,0.0
1773805197.7094736,False,,,,,,,,,,,,,,,,,,0.0,0.0,0.0,0.0,0.0,0.0
1773805197.7193518,False,,,,,,,,,,,,,,,,,,0.0,0.0,0.0,0.0,0.0,0.0
1773805197.7294004,False,,,,,,,,,,,,,,,,,,0.0,0.0,0.0,0.0,0.0,0.0
1773805197.7395394,False,,,,,,,,,,,,,,,,,,0.0,0.0,0.0,0.0,0.0,0.0
1773805197.7497618,False,,,,,,,,,,,,,,,,,,0.0,0.0,0.0,0.0,0.0,0.0
1773805197.7593565,False,,,,,,,,,,,,,,,,,,0.0,0.0,0.0,0.0,0.0,0.0
1773805197.7696185,False,,,,,,,,,,,,,,,,,,0.0,0.0,0.0,0.0,0.0,0.0
1773805197.7800899,False,,,,,,,,,,,,,,,,,,0.0,0.0,0.0,0.0,0.0,0.0
1773805197.789241,False,,,,,,,,,,,,,,,,,,0.0,0.0,0.0,0.0,0.0,0.0
1773805197.7991936,False,,,,,,,,,,,,,,,,,,0.0,0.0,0.0,0.0,0.0,0.0
1773805197.8095994,False,,,,,,,,,,,,,,,,,,0.0,0.0,0.0,0.0,0.0,0.0
1773805197.8196282,False,,,,,,,,,,,,,,,,,,0.0,0.0,0.0,0.0,0.0,0.0
1773805197.8291698,False,,,,,,,,,,,,,,,,,,0.0,0.0,0.0,0.0,0.0,0.0
1773805197.8395035,False,,,,,,,,,,,,,,,,,,0.0,0.0,0.0,0.0,0.0,0.0
1773805197.8494668,False,,,,,,,,,,,,,,,,,,0.0,0.0,0.0,0.0,0.0,0.0
1773805197.8593287,False,,,,,,,,,,,,,,,,,,0.0,0.0,0.0,0.0,0.0,0.0
1773805197.8694668,False,,,,,,,,,,,,,,,,,,0.0,0.0,0.0,0.0,0.0,0.0
1773805197.879499,False,,,,,,,,,,,,,,,,,,0.0,0.0,0.0,0.0,0.0,0.0
1773805197.8895316,False,,,,,,,,,,,,,,,,,,0.0,0.0,0.0,0.0,0.0,0.0
1773805197.8995636,False,,,,,,,,,,,,,,,,,,0.0,0.0,0.0,0.0,0.0,0.0
1773805197.9092,False,,,,,,,,,,,,,,,,,,0.0,0.0,0.0,0.0,0.0,0.0
1773805197.9195395,False,,,,,,,,,,,,,,,,,,0.0,0.0,0.0,0.0,0.0,0.0
1773805197.929131,False,,,,,,,,,,,,,,,,,,0.0,0.0,0.0,0.0,0.0,0.0
1773805197.9393299,False,,,,,,,,,,,,,,,,,,0.0,0.0,0.0,0.0,0.0,0.0
1773805197.9493911,False,,,,,,,,,,,,,,,,,,0.0,0.0,0.0,0.0,0.0,0.0
1773805197.9594731,False,,,,,,,,,,,,,,,,,,0.0,0.0,0.0,0.0,0.0,0.0
1773805197.9695003,False,,,,,,,,,,,,,,,,,,0.0,0.0,0.0,0.0,0.0,0.0
1773805197.9790874,False,,,,,,,,,,,,,,,,,,0.0,0.0,0.0,0.0,0.0,0.0
1773805197.989294,False,,,,,,,,,,,,,,,,,,0.0,0.0,0.0,0.0,0.0,0.0
1773805197.9993334,False,,,,,,,,,,,,,,,,,,0.0,0.0,0.0,0.0,0.0,0.0
1773805198.00948,False,,,,,,,,,,,,,,,,,,0.0,0.0,0.0,0.0,0.0,0.0
1773805198.019497,False,,,,,,,,,,,,,,,,,,0.0,0.0,0.0,0.0,0.0,0.0
1773805198.0296335,False,,,,,,,,,,,,,,,,,,0.0,0.0,0.0,0.0,0.0,0.0
1773805198.039218,False,,,,,,,,,,,,,,,,,,0.0,0.0,0.0,0.0,0.0,0.0
1773805198.0497236,False,,,,,,,,,,,,,,,,,,0.0,0.0,0.0,0.0,0.0,0.0
1773805198.0592122,False,,,,,,,,,,,,,,,,,,0.0,0.0,0.0,0.0,0.0,0.0
1773805198.0694654,False,,,,,,,,,,,,,,,,,,0.0,0.0,0.0,0.0,0.0,0.0
1773805198.0791237,False,,,,,,,,,,,,,,,,,,0.0,0.0,0.0,0.0,0.0,0.0
1773805198.089731,False,,,,,,,,,,,,,,,,,,0.0,0.0,0.0,0.0,0.0,0.0
1773805198.0992708,False,,,,,,,,,,,,,,,,,,0.0,0.0,0.0,0.0,0.0,0.0
1773805198.109152,False,,,,,,,,,,,,,,,,,,0.0,0.0,0.0,0.0,0.0,0.0
1773805198.1194289,False,,,,,,,,,,,,,,,,,,0.0,0.0,0.0,0.0,0.0,0.0
1773805198.1294756,False,,,,,,,,,,,,,,,,,,0.0,0.0,0.0,0.0,0.0,0.0
1773805198.139406,False,,,,,,,,,,,,,,,,,,0.0,0.0,0.0,0.0,0.0,0.0
1773805198.1497312,False,,,,,,,,,,,,,,,,,,0.0,0.0,0.0,0.0,0.0,0.0
1773805198.1597664,False,,,,,,,,,,,,,,,,,,0.0,0.0,0.0,0.0,0.0,0.0
1773805198.1695218,False,,,,,,,,,,,,,,,,,,0.0,0.0,0.0,0.0,0.0,0.0
1773805198.1798348,False,,,,,,,,,,,,,,,,,,0.0,0.0,0.0,0.0,0.0,0.0
1773805198.1897025,False,,,,,,,,,,,,,,,,,,0.0,0.0,0.0,0.0,0.0,0.0
1773805198.199738,False,,,,,,,,,,,,,,,,,,0.0,0.0,0.0,0.0,0.0,0.0
1773805198.2093413,False,,,,,,,,,,,,,,,,,,0.0,0.0,0.0,0.0,0.0,0.0
1773805198.2193587,False,,,,,,,,,,,,,,,,,,0.0,0.0,0.0,0.0,0.0,0.0
1773805198.229387,False,,,,,,,,,,,,,,,,,,0.0,0.0,0.0,0.0,0.0,0.0
1773805198.239327,False,,,,,,,,,,,,,,,,,,0.0,0.0,0.0,0.0,0.0,0.0
1773805198.2491868,False,,,,,,,,,,,,,,,,,,0.0,0.0,0.0,0.0,0.0,0.0
1773805198.2598348,False,,,,,,,,,,,,,,,,,,0.0,0.0,0.0,0.0,0.0,0.0
1773805198.2695196,False,,,,,,,,,,,,,,,,,,0.0,0.0,0.0,0.0,0.0,0.0
1773805198.2792952,False,,,,,,,,,,,,,,,,,,0.0,0.0,0.0,0.0,0.0,0.0
1773805198.2893517,False,,,,,,,,,,,,,,,,,,0.0,0.0,0.0,0.0,0.0,0.0
1773805198.299512,False,,,,,,,,,,,,,,,,,,0.0,0.0,0.0,0.0,0.0,0.0
1773805198.309492,False,,,,,,,,,,,,,,,,,,0.0,0.0,0.0,0.0,0.0,0.0
1773805198.3196769,False,,,,,,,,,,,,,,,,,,0.0,0.0,0.0,0.0,0.0,0.0
1773805198.3297164,False,,,,,,,,,,,,,,,,,,0.0,0.0,0.0,0.0,0.0,0.0
1773805198.3392744,False,,,,,,,,,,,,,,,,,,0.0,0.0,0.0,0.0,0.0,0.0
1773805198.3495002,False,,,,,,,,,,,,,,,,,,0.0,0.0,0.0,0.0,0.0,0.0
1773805198.3592293,False,,,,,,,,,,,,,,,,,,0.0,0.0,0.0,0.0,0.0,0.0
1773805198.3692582,False,,,,,,,,,,,,,,,,,,0.0,0.0,0.0,0.0,0.0,0.0
1773805198.3795922,False,,,,,,,,,,,,,,,,,,0.0,0.0,0.0,0.0,0.0,0.0
1773805198.3891563,False,,,,,,,,,,,,,,,,,,0.0,0.0,0.0,0.0,0.0,0.0
1773805198.399727,False,,,,,,,,,,,,,,,,,,0.0,0.0,0.0,0.0,0.0,0.0
1773805198.409724,False,,,,,,,,,,,,,,,,,,0.0,0.0,0.0,0.0,0.0,0.0
1773805198.4192438,False,,,,,,,,,,,,,,,,,,0.0,0.0,0.0,0.0,0.0,0.0
1773805198.4292922,False,,,,,,,,,,,,,,,,,,0.0,0.0,0.0,0.0,0.0,0.0
1773805198.4393384,False,,,,,,,,,,,,,,,,,,0.0,0.0,0.0,0.0,0.0,0.0
1773805198.4495368,False,,,,,,,,,,,,,,,,,,0.0,0.0,0.0,0.0,0.0,0.0
1773805198.459672,False,,,,,,,,,,,,,,,,,,0.0,0.0,0.0,0.0,0.0,0.0
1773805198.46974,False,,,,,,,,,,,,,,,,,,0.0,0.0,0.0,0.0,0.0,0.0
1773805198.479222,False,,,,,,,,,,,,,,,,,,0.0,0.0,0.0,0.0,0.0,0.0
1773805198.4890833,False,,,,,,,,,,,,,,,,,,0.0,0.0,0.0,0.0,0.0,0.0
1773805198.499274,False,,,,,,,,,,,,,,,,,,0.0,0.0,0.0,0.0,0.0,0.0
1773805198.5095296,False,,,,,,,,,,,,,,,,,,0.0,0.0,0.0,0.0,0.0,0.0
1773805198.5196292,False,,,,,,,,,,,,,,,,,,0.0,0.0,0.0,0.0,0.0,0.0
1773805198.5295544,False,,,,,,,,,,,,,,,,,,0.0,0.0,0.0,0.0,0.0,0.0
1773805198.5391066,False,,,,,,,,,,,,,,,,,,0.0,0.0,0.0,0.0,0.0,0.0
1773805198.5491984,False,,,,,,,,,,,,,,,,,,0.0,0.0,0.0,0.0,0.0,0.0
1773805198.559337,False,,,,,,,,,,,,,,,,,,0.0,0.0,0.0,0.0,0.0,0.0
1773805198.5693824,False,,,,,,,,,,,,,,,,,,0.0,0.0,0.0,0.0,0.0,0.0
1773805198.5794086,False,,,,,,,,,,,,,,,,,,0.0,0.0,0.0,0.0,0.0,0.0
1773805198.5895102,False,,,,,,,,,,,,,,,,,,0.0,0.0,0.0,0.0,0.0,0.0
1773805198.5995724,False,,,,,,,,,,,,,,,,,,0.0,0.0,0.0,0.0,0.0,0.0
1773805198.6091194,False,,,,,,,,,,,,,,,,,,0.0,0.0,0.0,0.0,0.0,0.0
1773805198.61917,False,,,,,,,,,,,,,,,,,,0.0,0.0,0.0,0.0,0.0,0.0
1773805198.6294897,False,,,,,,,,,,,,,,,,,,0.0,0.0,0.0,0.0,0.0,0.0
1773805198.6393356,False,,,,,,,,,,,,,,,,,,0.0,0.0,0.0,0.0,0.0,0.0
1773805198.6494026,False,,,,,,,,,,,,,,,,,,0.0,0.0,0.0,0.0,0.0,0.0
1773805198.6590512,False,,,,,,,,,,,,,,,,,,0.0,0.0,0.0,0.0,0.0,0.0
1773805198.6690762,False,,,,,,,,,,,,,,,,,,0.0,0.0,0.0,0.0,0.0,0.0
1773805198.679233,False,,,,,,,,,,,,,,,,,,0.0,0.0,0.0,0.0,0.0,0.0
1773805198.6891177,False,,,,,,,,,,,,,,,,,,0.0,0.0,0.0,0.0,0.0,0.0
1773805198.6996565,False,,,,,,,,,,,,,,,,,,0.0,0.0,0.0,0.0,0.0,0.0
1773805198.7092965,False,,,,,,,,,,,,,,,,,,0.0,0.0,0.0,0.0,0.0,0.0
1773805198.7200122,False,,,,,,,,,,,,,,,,,,0.0,0.0,0.0,0.0,0.0,0.0
1773805198.7295473,False,,,,,,,,,,,,,,,,,,0.0,0.0,0.0,0.0,0.0,0.0
1773805198.739681,False,,,,,,,,,,,,,,,,,,0.0,0.0,0.0,0.0,0.0,0.0
1773805198.7496428,False,,,,,,,,,,,,,,,,,,0.0,0.0,0.0,0.0,0.0,0.0
1773805198.7593205,False,,,,,,,,,,,,,,,,,,0.0,0.0,0.0,0.0,0.0,0.0
1773805198.769565,False,,,,,,,,,,,,,,,,,,0.0,0.0,0.0,0.0,0.0,0.0
1773805198.7792344,False,,,,,,,,,,,,,,,,,,0.0,0.0,0.0,0.0,0.0,0.0
1773805198.7893367,False,,,,,,,,,,,,,,,,,,0.0,0.0,0.0,0.0,0.0,0.0
1773805198.7992644,False,,,,,,,,,,,,,,,,,,0.0,0.0,0.0,0.0,0.0,0.0
1773805198.8092735,False,,,,,,,,,,,,,,,,,,0.0,0.0,0.0,0.0,0.0,0.0
1773805198.819234,False,,,,,,,,,,,,,,,,,,0.0,0.0,0.0,0.0,0.0,0.0
1773805198.829251,False,,,,,,,,,,,,,,,,,,0.0,0.0,0.0,0.0,0.0,0.0
1773805198.8393836,False,,,,,,,,,,,,,,,,,,0.0,0.0,0.0,0.0,0.0,0.0
1773805198.8492427,False,,,,,,,,,,,,,,,,,,0.0,0.0,0.0,0.0,0.0,0.0
1773805198.8592482,False,,,,,,,,,,,,,,,,,,0.0,0.0,0.0,0.0,0.0,0.0
1773805198.8694525,False,,,,,,,,,,,,,,,,,,0.0,0.0,0.0,0.0,0.0,0.0
1773805198.8792381,False,,,,,,,,,,,,,,,,,,0.0,0.0,0.0,0.0,0.0,0.0
1773805198.8894908,False,,,,,,,,,,,,,,,,,,0.0,0.0,0.0,0.0,0.0,0.0
1773805198.8995416,False,,,,,,,,,,,,,,,,,,0.0,0.0,0.0,0.0,0.0,0.0
1773805198.909296,False,,,,,,,,,,,,,,,,,,0.0,0.0,0.0,0.0,0.0,0.0
1773805198.9193113,False,,,,,,,,,,,,,,,,,,0.0,0.0,0.0,0.0,0.0,0.0
1773805198.9294825,False,,,,,,,,,,,,,,,,,,0.0,0.0,0.0,0.0,0.0,0.0
1773805198.9390423,False,,,,,,,,,,,,,,,,,,0.0,0.0,0.0,0.0,0.0,0.0
1773805198.9495816,False,,,,,,,,,,,,,,,,,,0.0,0.0,0.0,0.0,0.0,0.0
1773805198.9593875,False,,,,,,,,,,,,,,,,,,0.0,0.0,0.0,0.0,0.0,0.0
1773805198.9692385,False,,,,,,,,,,,,,,,,,,0.0,0.0,0.0,0.0,0.0,0.0
1773805198.9795134,False,,,,,,,,,,,,,,,,,,0.0,0.0,0.0,0.0,0.0,0.0
1773805198.989103,False,,,,,,,,,,,,,,,,,,0.0,0.0,0.0,0.0,0.0,0.0
1773805198.9997816,False,,,,,,,,,,,,,,,,,,0.0,0.0,0.0,0.0,0.0,0.0
1773805199.0095427,False,,,,,,,,,,,,,,,,,,0.0,0.0,0.0,0.0,0.0,0.0
1773805199.0192773,False,,,,,,,,,,,,,,,,,,0.0,0.0,0.0,0.0,0.0,0.0
1773805199.0293016,False,,,,,,,,,,,,,,,,,,0.0,0.0,0.0,0.0,0.0,0.0
1773805199.0393436,False,,,,,,,,,,,,,,,,,,0.0,0.0,0.0,0.0,0.0,0.0
1773805199.0495858,False,,,,,,,,,,,,,,,,,,0.0,0.0,0.0,0.0,0.0,0.0
1773805199.059326,False,,,,,,,,,,,,,,,,,,0.0,0.0,0.0,0.0,0.0,0.0
1773805199.0696425,False,,,,,,,,,,,,,,,,,,0.0,0.0,0.0,0.0,0.0,0.0
1773805199.0796437,False,,,,,,,,,,,,,,,,,,0.0,0.0,0.0,0.0,0.0,0.0
1773805199.0894647,False,,,,,,,,,,,,,,,,,,0.0,0.0,0.0,0.0,0.0,0.0
1773805199.0990736,False,,,,,,,,,,,,,,,,,,0.0,0.0,0.0,0.0,0.0,0.0
1773805199.1095867,False,,,,,,,,,,,,,,,,,,0.0,0.0,0.0,0.0,0.0,0.0
1773805199.1193218,False,,,,,,,,,,,,,,,,,,0.0,0.0,0.0,0.0,0.0,0.0
1773805199.1293812,False,,,,,,,,,,,,,,,,,,0.0,0.0,0.0,0.0,0.0,0.0
1773805199.1391964,False,,,,,,,,,,,,,,,,,,0.0,0.0,0.0,0.0,0.0,0.0
1773805199.149542,False,,,,,,,,,,,,,,,,,,0.0,0.0,0.0,0.0,0.0,0.0
1773805199.1598063,False,,,,,,,,,,,,,,,,,,0.0,0.0,0.0,0.0,0.0,0.0
1773805199.169502,False,,,,,,,,,,,,,,,,,,0.0,0.0,0.0,0.0,0.0,0.0
1773805199.1795425,False,,,,,,,,,,,,,,,,,,0.0,0.0,0.0,0.0,0.0,0.0
1773805199.1891322,False,,,,,,,,,,,,,,,,,,0.0,0.0,0.0,0.0,0.0,0.0
1773805199.2002747,False,,,,,,,,,,,,,,,,,,0.0,0.0,0.0,0.0,0.0,0.0
1773805199.2098181,False,,,,,,,,,,,,,,,,,,0.0,0.0,0.0,0.0,0.0,0.0
1773805199.2198346,False,,,,,,,,,,,,,,,,,,0.0,0.0,0.0,0.0,0.0,0.0
1773805199.2295198,False,,,,,,,,,,,,,,,,,,0.0,0.0,0.0,0.0,0.0,0.0
1773805199.2395256,False,,,,,,,,,,,,,,,,,,0.0,0.0,0.0,0.0,0.0,0.0
1773805199.2495084,False,,,,,,,,,,,,,,,,,,0.0,0.0,0.0,0.0,0.0,0.0
1773805199.259701,False,,,,,,,,,,,,,,,,,,0.0,0.0,0.0,0.0,0.0,0.0
1773805199.2694905,False,,,,,,,,,,,,,,,,,,0.0,0.0,0.0,0.0,0.0,0.0
1773805199.2795305,False,,,,,,,,,,,,,,,,,,0.0,0.0,0.0,0.0,0.0,0.0
1773805199.289557,False,,,,,,,,,,,,,,,,,,0.0,0.0,0.0,0.0,0.0,0.0
1773805199.2996352,False,,,,,,,,,,,,,,,,,,0.0,0.0,0.0,0.0,0.0,0.0
1773805199.3097057,False,,,,,,,,,,,,,,,,,,0.0,0.0,0.0,0.0,0.0,0.0
1773805199.3196435,False,,,,,,,,,,,,,,,,,,0.0,0.0,0.0,0.0,0.0,0.0
1773805199.329436,False,,,,,,,,,,,,,,,,,,0.0,0.0,0.0,0.0,0.0,0.0
1773805199.3395612,False,,,,,,,,,,,,,,,,,,0.0,0.0,0.0,0.0,0.0,0.0
1773805199.3495817,False,,,,,,,,,,,,,,,,,,0.0,0.0,0.0,0.0,0.0,0.0
1773805199.3596394,False,,,,,,,,,,,,,,,,,,0.0,0.0,0.0,0.0,0.0,0.0
1773805199.369698,False,,,,,,,,,,,,,,,,,,0.0,0.0,0.0,0.0,0.0,0.0
1773805199.379293,False,,,,,,,,,,,,,,,,,,0.0,0.0,0.0,0.0,0.0,0.0
1773805199.3895776,False,,,,,,,,,,,,,,,,,,0.0,0.0,0.0,0.0,0.0,0.0
1773805199.3995886,False,,,,,,,,,,,,,,,,,,0.0,0.0,0.0,0.0,0.0,0.0
1773805199.4096637,False,,,,,,,,,,,,,,,,,,0.0,0.0,0.0,0.0,0.0,0.0
1773805199.4195218,False,,,,,,,,,,,,,,,,,,0.0,0.0,0.0,0.0,0.0,0.0
1773805199.4295926,False,,,,,,,,,,,,,,,,,,0.0,0.0,0.0,0.0,0.0,0.0
1773805199.4395702,False,,,,,,,,,,,,,,,,,,0.0,0.0,0.0,0.0,0.0,0.0
1773805199.4495842,False,,,,,,,,,,,,,,,,,,0.0,0.0,0.0,0.0,0.0,0.0
1773805199.4591198,False,,,,,,,,,,,,,,,,,,0.0,0.0,0.0,0.0,0.0,0.0
1773805199.4691906,False,,,,,,,,,,,,,,,,,,0.0,0.0,0.0,0.0,0.0,0.0
1773805199.4797266,False,,,,,,,,,,,,,,,,,,0.0,0.0,0.0,0.0,0.0,0.0
1773805199.48942,False,,,,,,,,,,,,,,,,,,0.0,0.0,0.0,0.0,0.0,0.0
1773805199.4994335,False,,,,,,,,,,,,,,,,,,0.0,0.0,0.0,0.0,0.0,0.0
1773805199.509717,False,,,,,,,,,,,,,,,,,,0.0,0.0,0.0,0.0,0.0,0.0
1773805199.5193894,False,,,,,,,,,,,,,,,,,,0.0,0.0,0.0,0.0,0.0,0.0
1773805199.5295842,False,,,,,,,,,,,,,,,,,,0.0,0.0,0.0,0.0,0.0,0.0
1773805199.5396397,False,,,,,,,,,,,,,,,,,,0.0,0.0,0.0,0.0,0.0,0.0
1773805199.5494468,False,,,,,,,,,,,,,,,,,,0.0,0.0,0.0,0.0,0.0,0.0
1773805199.5594153,False,,,,,,,,,,,,,,,,,,0.0,0.0,0.0,0.0,0.0,0.0
1773805199.5691814,False,,,,,,,,,,,,,,,,,,0.0,0.0,0.0,0.0,0.0,0.0
1773805199.5793726,False,,,,,,,,,,,,,,,,,,0.0,0.0,0.0,0.0,0.0,0.0
1773805199.5895102,False,,,,,,,,,,,,,,,,,,0.0,0.0,0.0,0.0,0.0,0.0
1773805199.5995693,False,,,,,,,,,,,,,,,,,,0.0,0.0,0.0,0.0,0.0,0.0
1773805199.6092443,False,,,,,,,,,,,,,,,,,,0.0,0.0,0.0,0.0,0.0,0.0
1773805199.6194217,False,,,,,,,,,,,,,,,,,,0.0,0.0,0.0,0.0,0.0,0.0
1773805199.62945,False,,,,,,,,,,,,,,,,,,0.0,0.0,0.0,0.0,0.0,0.0
1773805199.6394763,False,,,,,,,,,,,,,,,,,,0.0,0.0,0.0,0.0,0.0,0.0
1773805199.6492095,False,,,,,,,,,,,,,,,,,,0.0,0.0,0.0,0.0,0.0,0.0
1773805199.659949,False,,,,,,,,,,,,,,,,,,0.0,0.0,0.0,0.0,0.0,0.0
1773805199.669995,False,,,,,,,,,,,,,,,,,,0.0,0.0,0.0,0.0,0.0,0.0
1773805199.6793718,False,,,,,,,,,,,,,,,,,,0.0,0.0,0.0,0.0,0.0,0.0
1773805199.6898677,False,,,,,,,,,,,,,,,,,,0.0,0.0,0.0,0.0,0.0,0.0
1773805199.6998134,False,,,,,,,,,,,,,,,,,,0.0,0.0,0.0,0.0,0.0,0.0
1773805199.7095928,False,,,,,,,,,,,,,,,,,,0.0,0.0,0.0,0.0,0.0,0.0
1773805199.7194526,False,,,,,,,,,,,,,,,,,,0.0,0.0,0.0,0.0,0.0,0.0
1773805199.7296617,False,,,,,,,,,,,,,,,,,,0.0,0.0,0.0,0.0,0.0,0.0
1773805199.7393925,False,,,,,,,,,,,,,,,,,,0.0,0.0,0.0,0.0,0.0,0.0
1773805199.750048,False,,,,,,,,,,,,,,,,,,0.0,0.0,0.0,0.0,0.0,0.0
1773805199.7592316,False,,,,,,,,,,,,,,,,,,0.0,0.0,0.0,0.0,0.0,0.0
1773805199.7697687,False,,,,,,,,,,,,,,,,,,0.0,0.0,0.0,0.0,0.0,0.0
1773805199.7796824,False,,,,,,,,,,,,,,,,,,0.0,0.0,0.0,0.0,0.0,0.0
1773805199.7899537,False,,,,,,,,,,,,,,,,,,0.0,0.0,0.0,0.0,0.0,0.0
1773805199.7994099,False,,,,,,,,,,,,,,,,,,0.0,0.0,0.0,0.0,0.0,0.0
1773805199.8094068,False,,,,,,,,,,,,,,,,,,0.0,0.0,0.0,0.0,0.0,0.0
1773805199.8201134,False,,,,,,,,,,,,,,,,,,0.0,0.0,0.0,0.0,0.0,0.0
1773805199.8294203,False,,,,,,,,,,,,,,,,,,0.0,0.0,0.0,0.0,0.0,0.0
1773805199.8394651,False,,,,,,,,,,,,,,,,,,0.0,0.0,0.0,0.0,0.0,0.0
1773805199.8496299,False,,,,,,,,,,,,,,,,,,0.0,0.0,0.0,0.0,0.0,0.0
1773805199.8595753,False,,,,,,,,,,,,,,,,,,0.0,0.0,0.0,0.0,0.0,0.0
1773805199.869766,False,,,,,,,,,,,,,,,,,,0.0,0.0,0.0,0.0,0.0,0.0
1773805199.8792715,False,,,,,,,,,,,,,,,,,,0.0,0.0,0.0,0.0,0.0,0.0
1773805199.8894296,False,,,,,,,,,,,,,,,,,,0.0,0.0,0.0,0.0,0.0,0.0
1773805199.899499,False,,,,,,,,,,,,,,,,,,0.0,0.0,0.0,0.0,0.0,0.0
1773805199.9094143,False,,,,,,,,,,,,,,,,,,0.0,0.0,0.0,0.0,0.0,0.0
1773805199.9196577,False,,,,,,,,,,,,,,,,,,0.0,0.0,0.0,0.0,0.0,0.0
1773805199.929661,False,,,,,,,,,,,,,,,,,,0.0,0.0,0.0,0.0,0.0,0.0
1773805199.93985,False,,,,,,,,,,,,,,,,,,0.0,0.0,0.0,0.0,0.0,0.0
1773805199.9496508,False,,,,,,,,,,,,,,,,,,0.0,0.0,0.0,0.0,0.0,0.0
1773805199.959836,False,,,,,,,,,,,,,,,,,,0.0,0.0,0.0,0.0,0.0,0.0
1773805199.9693902,False,,,,,,,,,,,,,,,,,,0.0,0.0,0.0,0.0,0.0,0.0
1773805199.9795535,False,,,,,,,,,,,,,,,,,,0.0,0.0,0.0,0.0,0.0,0.0
1773805199.9895806,False,,,,,,,,,,,,,,,,,,0.0,0.0,0.0,0.0,0.0,0.0
1773805199.9998193,False,,,,,,,,,,,,,,,,,,0.0,0.0,0.0,0.0,0.0,0.0
1773805200.0098326,False,,,,,,,,,,,,,,,,,,0.0,0.0,0.0,0.0,0.0,0.0
1773805200.0204847,False,,,,,,,,,,,,,,,,,,0.0,0.0,0.0,0.0,0.0,0.0
1773805200.0292883,False,,,,,,,,,,,,,,,,,,0.0,0.0,0.0,0.0,0.0,0.0
1773805200.039813,False,,,,,,,,,,,,,,,,,,0.0,0.0,0.0,0.0,0.0,0.0
1773805200.0495532,False,,,,,,,,,,,,,,,,,,0.0,0.0,0.0,0.0,0.0,0.0
1773805200.0592322,False,,,,,,,,,,,,,,,,,,0.0,0.0,0.0,0.0,0.0,0.0
1773805200.069383,False,,,,,,,,,,,,,,,,,,0.0,0.0,0.0,0.0,0.0,0.0
1773805200.0794103,False,,,,,,,,,,,,,,,,,,0.0,0.0,0.0,0.0,0.0,0.0
1773805200.0896268,False,,,,,,,,,,,,,,,,,,0.0,0.0,0.0,0.0,0.0,0.0
1773805200.099566,False,,,,,,,,,,,,,,,,,,0.0,0.0,0.0,0.0,0.0,0.0
1773805200.109281,False,,,,,,,,,,,,,,,,,,0.0,0.0,0.0,0.0,0.0,0.0
1773805200.1193185,False,,,,,,,,,,,,,,,,,,0.0,0.0,0.0,0.0,0.0,0.0
1773805200.1292582,False,,,,,,,,,,,,,,,,,,0.0,0.0,0.0,0.0,0.0,0.0
1773805200.1393373,False,,,,,,,,,,,,,,,,,,0.0,0.0,0.0,0.0,0.0,0.0
1773805200.1494024,False,,,,,,,,,,,,,,,,,,0.0,0.0,0.0,0.0,0.0,0.0
1773805200.1594508,False,,,,,,,,,,,,,,,,,,0.0,0.0,0.0,0.0,0.0,0.0
1773805200.1696668,False,,,,,,,,,,,,,,,,,,0.0,0.0,0.0,0.0,0.0,0.0
1773805200.18011,False,,,,,,,,,,,,,,,,,,0.0,0.0,0.0,0.0,0.0,0.0
1773805200.1898642,False,,,,,,,,,,,,,,,,,,0.0,0.0,0.0,0.0,0.0,0.0
1773805200.199563,False,,,,,,,,,,,,,,,,,,0.0,0.0,0.0,0.0,0.0,0.0
1773805200.2096627,False,,,,,,,,,,,,,,,,,,0.0,0.0,0.0,0.0,0.0,0.0
1773805200.2192113,False,,,,,,,,,,,,,,,,,,0.0,0.0,0.0,0.0,0.0,0.0
1773805200.229284,False,,,,,,,,,,,,,,,,,,0.0,0.0,0.0,0.0,0.0,0.0
1773805200.2393675,False,,,,,,,,,,,,,,,,,,0.0,0.0,0.0,0.0,0.0,0.0
1773805200.249494,False,,,,,,,,,,,,,,,,,,0.0,0.0,0.0,0.0,0.0,0.0
1773805200.2595575,False,,,,,,,,,,,,,,,,,,0.0,0.0,0.0,0.0,0.0,0.0
1773805200.2701335,False,,,,,,,,,,,,,,,,,,0.0,0.0,0.0,0.0,0.0,0.0
1773805200.2797008,False,,,,,,,,,,,,,,,,,,0.0,0.0,0.0,0.0,0.0,0.0
1773805200.289282,False,,,,,,,,,,,,,,,,,,0.0,0.0,0.0,0.0,0.0,0.0
1773805200.2994435,False,,,,,,,,,,,,,,,,,,0.0,0.0,0.0,0.0,0.0,0.0
1773805200.3094907,False,,,,,,,,,,,,,,,,,,0.0,0.0,0.0,0.0,0.0,0.0
1773805200.3199599,False,,,,,,,,,,,,,,,,,,0.0,0.0,0.0,0.0,0.0,0.0
1773805200.3297431,False,,,,,,,,,,,,,,,,,,0.0,0.0,0.0,0.0,0.0,0.0
1773805200.3393445,False,,,,,,,,,,,,,,,,,,0.0,0.0,0.0,0.0,0.0,0.0
1773805200.3493683,False,,,,,,,,,,,,,,,,,,0.0,0.0,0.0,0.0,0.0,0.0
1773805200.3599768,False,,,,,,,,,,,,,,,,,,0.0,0.0,0.0,0.0,0.0,0.0
1773805200.3697686,False,,,,,,,,,,,,,,,,,,0.0,0.0,0.0,0.0,0.0,0.0
1773805200.3791976,False,,,,,,,,,,,,,,,,,,0.0,0.0,0.0,0.0,0.0,0.0
1773805200.389713,False,,,,,,,,,,,,,,,,,,0.0,0.0,0.0,0.0,0.0,0.0
1773805200.399758,False,,,,,,,,,,,,,,,,,,0.0,0.0,0.0,0.0,0.0,0.0
1773805200.4092717,False,,,,,,,,,,,,,,,,,,0.0,0.0,0.0,0.0,0.0,0.0
1773805200.4195728,False,,,,,,,,,,,,,,,,,,0.0,0.0,0.0,0.0,0.0,0.0
1773805200.4296088,False,,,,,,,,,,,,,,,,,,0.0,0.0,0.0,0.0,0.0,0.0
1773805200.4391825,False,,,,,,,,,,,,,,,,,,0.0,0.0,0.0,0.0,0.0,0.0
1773805200.4492571,False,,,,,,,,,,,,,,,,,,0.0,0.0,0.0,0.0,0.0,0.0
1773805200.4595814,False,,,,,,,,,,,,,,,,,,0.0,0.0,0.0,0.0,0.0,0.0
1773805200.4694674,False,,,,,,,,,,,,,,,,,,0.0,0.0,0.0,0.0,0.0,0.0
1773805200.4794972,False,,,,,,,,,,,,,,,,,,0.0,0.0,0.0,0.0,0.0,0.0
1773805200.4893115,False,,,,,,,,,,,,,,,,,,0.0,0.0,0.0,0.0,0.0,0.0
1773805200.4994183,False,,,,,,,,,,,,,,,,,,0.0,0.0,0.0,0.0,0.0,0.0
1773805200.5097315,False,,,,,,,,,,,,,,,,,,0.0,0.0,0.0,0.0,0.0,0.0
1773805200.5194085,False,,,,,,,,,,,,,,,,,,0.0,0.0,0.0,0.0,0.0,0.0
1773805200.5294666,False,,,,,,,,,,,,,,,,,,0.0,0.0,0.0,0.0,0.0,0.0
1773805200.5396643,False,,,,,,,,,,,,,,,,,,0.0,0.0,0.0,0.0,0.0,0.0
1773805200.5492036,False,,,,,,,,,,,,,,,,,,0.0,0.0,0.0,0.0,0.0,0.0
1773805200.5593624,False,,,,,,,,,,,,,,,,,,0.0,0.0,0.0,0.0,0.0,0.0
1773805200.5696476,False,,,,,,,,,,,,,,,,,,0.0,0.0,0.0,0.0,0.0,0.0
1773805200.5796845,False,,,,,,,,,,,,,,,,,,0.0,0.0,0.0,0.0,0.0,0.0
1773805200.5891547,False,,,,,,,,,,,,,,,,,,0.0,0.0,0.0,0.0,0.0,0.0
1773805200.599265,False,,,,,,,,,,,,,,,,,,0.0,0.0,0.0,0.0,0.0,0.0
1773805200.6093001,False,,,,,,,,,,,,,,,,,,0.0,0.0,0.0,0.0,0.0,0.0
1773805200.6193566,False,,,,,,,,,,,,,,,,,,0.0,0.0,0.0,0.0,0.0,0.0
1773805200.6295805,False,,,,,,,,,,,,,,,,,,0.0,0.0,0.0,0.0,0.0,0.0
1773805200.6392105,False,,,,,,,,,,,,,,,,,,0.0,0.0,0.0,0.0,0.0,0.0
1773805200.6494367,False,,,,,,,,,,,,,,,,,,0.0,0.0,0.0,0.0,0.0,0.0
1773805200.6594784,False,,,,,,,,,,,,,,,,,,0.0,0.0,0.0,0.0,0.0,0.0
1773805200.669336,False,,,,,,,,,,,,,,,,,,0.0,0.0,0.0,0.0,0.0,0.0
1773805200.6793783,False,,,,,,,,,,,,,,,,,,0.0,0.0,0.0,0.0,0.0,0.0
1773805200.6893044,False,,,,,,,,,,,,,,,,,,0.0,0.0,0.0,0.0,0.0,0.0
1773805200.6996531,False,,,,,,,,,,,,,,,,,,0.0,0.0,0.0,0.0,0.0,0.0
1773805200.7096615,False,,,,,,,,,,,,,,,,,,0.0,0.0,0.0,0.0,0.0,0.0
1773805200.7195804,False,,,,,,,,,,,,,,,,,,0.0,0.0,0.0,0.0,0.0,0.0
1773805200.7296479,False,,,,,,,,,,,,,,,,,,0.0,0.0,0.0,0.0,0.0,0.0
1773805200.7395008,False,,,,,,,,,,,,,,,,,,0.0,0.0,0.0,0.0,0.0,0.0
1773805200.749739,False,,,,,,,,,,,,,,,,,,0.0,0.0,0.0,0.0,0.0,0.0
1773805200.7592988,False,,,,,,,,,,,,,,,,,,0.0,0.0,0.0,0.0,0.0,0.0
1773805200.7694278,False,,,,,,,,,,,,,,,,,,0.0,0.0,0.0,0.0,0.0,0.0
1773805200.7794988,False,,,,,,,,,,,,,,,,,,0.0,0.0,0.0,0.0,0.0,0.0
1773805200.7897408,False,,,,,,,,,,,,,,,,,,0.0,0.0,0.0,0.0,0.0,0.0
1773805200.7992768,False,,,,,,,,,,,,,,,,,,0.0,0.0,0.0,0.0,0.0,0.0
1773805200.8093388,False,,,,,,,,,,,,,,,,,,0.0,0.0,0.0,0.0,0.0,0.0
1773805200.819663,False,,,,,,,,,,,,,,,,,,0.0,0.0,0.0,0.0,0.0,0.0
1773805200.8298402,False,,,,,,,,,,,,,,,,,,0.0,0.0,0.0,0.0,0.0,0.0
1773805200.839356,False,,,,,,,,,,,,,,,,,,0.0,0.0,0.0,0.0,0.0,0.0
1773805200.8494098,False,,,,,,,,,,,,,,,,,,0.0,0.0,0.0,0.0,0.0,0.0
1773805200.8594544,False,,,,,,,,,,,,,,,,,,0.0,0.0,0.0,0.0,0.0,0.0
1773805200.8697586,False,,,,,,,,,,,,,,,,,,0.0,0.0,0.0,0.0,0.0,0.0
1773805200.8795414,False,,,,,,,,,,,,,,,,,,0.0,0.0,0.0,0.0,0.0,0.0
1773805200.8894796,False,,,,,,,,,,,,,,,,,,0.0,0.0,0.0,0.0,0.0,0.0
1773805200.8992114,False,,,,,,,,,,,,,,,,,,0.0,0.0,0.0,0.0,0.0,0.0
1773805200.9096,False,,,,,,,,,,,,,,,,,,0.0,0.0,0.0,0.0,0.0,0.0
1773805200.919358,False,,,,,,,,,,,,,,,,,,0.0,0.0,0.0,0.0,0.0,0.0
1773805200.9301584,False,,,,,,,,,,,,,,,,,,0.0,0.0,0.0,0.0,0.0,0.0
1773805200.939691,False,,,,,,,,,,,,,,,,,,0.0,0.0,0.0,0.0,0.0,0.0
1773805200.9496262,False,,,,,,,,,,,,,,,,,,0.0,0.0,0.0,0.0,0.0,0.0
1773805200.959497,False,,,,,,,,,,,,,,,,,,0.0,0.0,0.0,0.0,0.0,0.0
1773805200.9698608,False,,,,,,,,,,,,,,,,,,0.0,0.0,0.0,0.0,0.0,0.0
1773805200.9797962,False,,,,,,,,,,,,,,,,,,0.0,0.0,0.0,0.0,0.0,0.0
1773805200.9899385,False,,,,,,,,,,,,,,,,,,0.0,0.0,0.0,0.0,0.0,0.0
1773805200.999507,False,,,,,,,,,,,,,,,,,,0.0,0.0,0.0,0.0,0.0,0.0
1773805201.0094645,False,,,,,,,,,,,,,,,,,,0.0,0.0,0.0,0.0,0.0,0.0
