time,det_valid,det_conf,det_t,det_u,det_v,det_w,det_h,det_theta,u_filtered,v_filtered,area_filtered,sin_filtered,cos_filtered,theta_filtered,e_u,e_v,e_area,e_theta,vx,vy,vz,wx,wy,wz
1773799308.3697684,False,,,,,,,,,,,,,,,,,,0.0,0.0,0.0,0.0,0.0,0.0
1773799308.3801103,False,,,,,,,,,,,,,,,,,,0.0,0.0,0.0,0.0,0.0,0.0
1773799308.390344,False,,,,,,,,,,,,,,,,,,0.0,0.0,0.0,0.0,0.0,0.0
1773799308.4006634,False,,,,,,,,,,,,,,,,,,0.0,0.0,0.0,0.0,0.0,0.0
1773799308.410374,False,,,,,,,,,,,,,,,,,,0.0,0.0,0.0,0.0,0.0,0.0
1773799308.420362,False,,,,,,,,,,,,,,,,,,0.0,0.0,0.0,0.0,0.0,0.0
1773799308.4302974,False,,,,,,,,,,,,,,,,,,0.0,0.0,0.0,0.0,0.0,0.0
1773799308.4398954,False,,,,,,,,,,,,,,,,,,0.0,0.0,0.0,0.0,0.0,0.0
1773799308.4502351,False,,,,,,,,,,,,,,,,,,0.0,0.0,0.0,0.0,0.0,0.0
1773799308.4605927,False,,,,,,,,,,,,,,,,,,0.0,0.0,0.0,0.0,0.0,0.0
1773799308.469966,False,,,,,,,,,,,,,,,,,,0.0,0.0,0.0,0.0,0.0,0.0
1773799308.4804418,False,,,,,,,,,,,,,,,,,,0.0,0.0,0.0,0.0,0.0,0.0
1773799308.4902096,False,,,,,,,,,,,,,,,,,,0.0,0.0,0.0,0.0,0.0,0.0
1773799308.5004108,False,,,,,,,,,,,,,,,,,,0.0,0.0,0.0,0.0,0.0,0.0
1773799308.5102131,False,,,,,,,,,,,,,,,,,,0.0,0.0,0.0,0.0,0.0,0.0
1773799308.5200877,False,,,,,,,,,,,,,,,,,,0.0,0.0,0.0,0.0,0.0,0.0
1773799308.5301201,False,,,,,,,,,,,,,,,,,,0.0,0.0,0.0,0.0,0.0,0.0
1773799308.540257,False,,,,,,,,,,,,,,,,,,0.0,0.0,0.0,0.0,0.0,0.0
1773799308.5502923,False,,,,,,,,,,,,,,,,,,0.0,0.0,0.0,0.0,0.0,0.0
1773799308.560256,False,,,,,,,,,,,,,,,,,,0.0,0.0,0.0,0.0,0.0,0.0
1773799308.5702784,False,,,,,,,,,,,,,,,,,,0.0,0.0,0.0,0.0,0.0,0.0
1773799308.5801442,False,,,,,,,,,,,,,,,,,,0.0,0.0,0.0,0.0,0.0,0.0
1773799308.5904887,False,,,,,,,,,,,,,,,,,,0.0,0.0,0.0,0.0,0.0,0.0
1773799308.6004558,False,,,,,,,,,,,,,,,,,,0.0,0.0,0.0,0.0,0.0,0.0
1773799308.6101558,False,,,,,,,,,,,,,,,,,,0.0,0.0,0.0,0.0,0.0,0.0
1773799308.6200478,False,,,,,,,,,,,,,,,,,,0.0,0.0,0.0,0.0,0.0,0.0
1773799308.6302617,False,,,,,,,,,,,,,,,,,,0.0,0.0,0.0,0.0,0.0,0.0
1773799308.6401558,False,,,,,,,,,,,,,,,,,,0.0,0.0,0.0,0.0,0.0,0.0
1773799308.650527,False,,,,,,,,,,,,,,,,,,0.0,0.0,0.0,0.0,0.0,0.0
1773799308.6604652,False,,,,,,,,,,,,,,,,,,0.0,0.0,0.0,0.0,0.0,0.0
1773799308.6699834,False,,,,,,,,,,,,,,,,,,0.0,0.0,0.0,0.0,0.0,0.0
1773799308.6804483,False,,,,,,,,,,,,,,,,,,0.0,0.0,0.0,0.0,0.0,0.0
1773799308.6902604,False,,,,,,,,,,,,,,,,,,0.0,0.0,0.0,0.0,0.0,0.0
1773799308.7001812,False,,,,,,,,,,,,,,,,,,0.0,0.0,0.0,0.0,0.0,0.0
1773799308.710172,False,,,,,,,,,,,,,,,,,,0.0,0.0,0.0,0.0,0.0,0.0
1773799308.7201846,False,,,,,,,,,,,,,,,,,,0.0,0.0,0.0,0.0,0.0,0.0
1773799308.7302027,False,,,,,,,,,,,,,,,,,,0.0,0.0,0.0,0.0,0.0,0.0
1773799308.740146,False,,,,,,,,,,,,,,,,,,0.0,0.0,0.0,0.0,0.0,0.0
1773799308.7502642,False,,,,,,,,,,,,,,,,,,0.0,0.0,0.0,0.0,0.0,0.0
1773799308.7603824,False,,,,,,,,,,,,,,,,,,0.0,0.0,0.0,0.0,0.0,0.0
1773799308.7705305,False,,,,,,,,,,,,,,,,,,0.0,0.0,0.0,0.0,0.0,0.0
1773799308.7801192,False,,,,,,,,,,,,,,,,,,0.0,0.0,0.0,0.0,0.0,0.0
1773799308.790422,False,,,,,,,,,,,,,,,,,,0.0,0.0,0.0,0.0,0.0,0.0
1773799308.8004293,False,,,,,,,,,,,,,,,,,,0.0,0.0,0.0,0.0,0.0,0.0
1773799308.8104095,False,,,,,,,,,,,,,,,,,,0.0,0.0,0.0,0.0,0.0,0.0
1773799308.8202755,False,,,,,,,,,,,,,,,,,,0.0,0.0,0.0,0.0,0.0,0.0
1773799308.830347,False,,,,,,,,,,,,,,,,,,0.0,0.0,0.0,0.0,0.0,0.0
1773799308.840396,False,,,,,,,,,,,,,,,,,,0.0,0.0,0.0,0.0,0.0,0.0
1773799308.850326,False,,,,,,,,,,,,,,,,,,0.0,0.0,0.0,0.0,0.0,0.0
1773799308.8604975,False,,,,,,,,,,,,,,,,,,0.0,0.0,0.0,0.0,0.0,0.0
1773799308.8702524,False,,,,,,,,,,,,,,,,,,0.0,0.0,0.0,0.0,0.0,0.0
1773799308.8804011,False,,,,,,,,,,,,,,,,,,0.0,0.0,0.0,0.0,0.0,0.0
1773799308.8907392,False,,,,,,,,,,,,,,,,,,0.0,0.0,0.0,0.0,0.0,0.0
1773799308.9002664,False,,,,,,,,,,,,,,,,,,0.0,0.0,0.0,0.0,0.0,0.0
1773799308.9102635,False,,,,,,,,,,,,,,,,,,0.0,0.0,0.0,0.0,0.0,0.0
1773799308.920615,False,,,,,,,,,,,,,,,,,,0.0,0.0,0.0,0.0,0.0,0.0
1773799308.9300764,False,,,,,,,,,,,,,,,,,,0.0,0.0,0.0,0.0,0.0,0.0
1773799308.9404774,False,,,,,,,,,,,,,,,,,,0.0,0.0,0.0,0.0,0.0,0.0
1773799308.9502108,False,,,,,,,,,,,,,,,,,,0.0,0.0,0.0,0.0,0.0,0.0
1773799308.9603572,False,,,,,,,,,,,,,,,,,,0.0,0.0,0.0,0.0,0.0,0.0
1773799308.970211,False,,,,,,,,,,,,,,,,,,0.0,0.0,0.0,0.0,0.0,0.0
1773799308.9802783,False,,,,,,,,,,,,,,,,,,0.0,0.0,0.0,0.0,0.0,0.0
1773799308.9904218,False,,,,,,,,,,,,,,,,,,0.0,0.0,0.0,0.0,0.0,0.0
1773799309.0003283,False,,,,,,,,,,,,,,,,,,0.0,0.0,0.0,0.0,0.0,0.0
1773799309.0104315,False,,,,,,,,,,,,,,,,,,0.0,0.0,0.0,0.0,0.0,0.0
1773799309.020141,False,,,,,,,,,,,,,,,,,,0.0,0.0,0.0,0.0,0.0,0.0
1773799309.0301075,False,,,,,,,,,,,,,,,,,,0.0,0.0,0.0,0.0,0.0,0.0
1773799309.040584,False,,,,,,,,,,,,,,,,,,0.0,0.0,0.0,0.0,0.0,0.0
1773799309.0506978,False,,,,,,,,,,,,,,,,,,0.0,0.0,0.0,0.0,0.0,0.0
1773799309.060609,False,,,,,,,,,,,,,,,,,,0.0,0.0,0.0,0.0,0.0,0.0
1773799309.0703735,False,,,,,,,,,,,,,,,,,,0.0,0.0,0.0,0.0,0.0,0.0
1773799309.0803854,False,,,,,,,,,,,,,,,,,,0.0,0.0,0.0,0.0,0.0,0.0
1773799309.0904088,False,,,,,,,,,,,,,,,,,,0.0,0.0,0.0,0.0,0.0,0.0
1773799309.1006033,False,,,,,,,,,,,,,,,,,,0.0,0.0,0.0,0.0,0.0,0.0
1773799309.1106954,False,,,,,,,,,,,,,,,,,,0.0,0.0,0.0,0.0,0.0,0.0
1773799309.1203833,False,,,,,,,,,,,,,,,,,,0.0,0.0,0.0,0.0,0.0,0.0
1773799309.1301434,False,,,,,,,,,,,,,,,,,,0.0,0.0,0.0,0.0,0.0,0.0
1773799309.1406991,False,,,,,,,,,,,,,,,,,,0.0,0.0,0.0,0.0,0.0,0.0
1773799309.1507576,False,,,,,,,,,,,,,,,,,,0.0,0.0,0.0,0.0,0.0,0.0
1773799309.1607947,False,,,,,,,,,,,,,,,,,,0.0,0.0,0.0,0.0,0.0,0.0
1773799309.1711445,False,,,,,,,,,,,,,,,,,,0.0,0.0,0.0,0.0,0.0,0.0
1773799309.1804445,False,,,,,,,,,,,,,,,,,,0.0,0.0,0.0,0.0,0.0,0.0
1773799309.1909583,False,,,,,,,,,,,,,,,,,,0.0,0.0,0.0,0.0,0.0,0.0
1773799309.200526,False,,,,,,,,,,,,,,,,,,0.0,0.0,0.0,0.0,0.0,0.0
1773799309.2106493,False,,,,,,,,,,,,,,,,,,0.0,0.0,0.0,0.0,0.0,0.0
1773799309.2211986,False,,,,,,,,,,,,,,,,,,0.0,0.0,0.0,0.0,0.0,0.0
1773799309.2305343,False,,,,,,,,,,,,,,,,,,0.0,0.0,0.0,0.0,0.0,0.0
1773799309.2400987,False,,,,,,,,,,,,,,,,,,0.0,0.0,0.0,0.0,0.0,0.0
1773799309.2506833,False,,,,,,,,,,,,,,,,,,0.0,0.0,0.0,0.0,0.0,0.0
1773799309.2607622,False,,,,,,,,,,,,,,,,,,0.0,0.0,0.0,0.0,0.0,0.0
1773799309.270256,False,,,,,,,,,,,,,,,,,,0.0,0.0,0.0,0.0,0.0,0.0
1773799309.2805016,False,,,,,,,,,,,,,,,,,,0.0,0.0,0.0,0.0,0.0,0.0
1773799309.2903166,False,,,,,,,,,,,,,,,,,,0.0,0.0,0.0,0.0,0.0,0.0
1773799309.300527,False,,,,,,,,,,,,,,,,,,0.0,0.0,0.0,0.0,0.0,0.0
1773799309.310907,False,,,,,,,,,,,,,,,,,,0.0,0.0,0.0,0.0,0.0,0.0
1773799309.3206596,False,,,,,,,,,,,,,,,,,,0.0,0.0,0.0,0.0,0.0,0.0
1773799309.330315,False,,,,,,,,,,,,,,,,,,0.0,0.0,0.0,0.0,0.0,0.0
1773799309.3403783,False,,,,,,,,,,,,,,,,,,0.0,0.0,0.0,0.0,0.0,0.0
1773799309.3504477,False,,,,,,,,,,,,,,,,,,0.0,0.0,0.0,0.0,0.0,0.0
1773799309.3603554,False,,,,,,,,,,,,,,,,,,0.0,0.0,0.0,0.0,0.0,0.0
1773799309.3709674,False,,,,,,,,,,,,,,,,,,0.0,0.0,0.0,0.0,0.0,0.0
1773799309.3801231,False,,,,,,,,,,,,,,,,,,0.0,0.0,0.0,0.0,0.0,0.0
1773799309.3908699,False,,,,,,,,,,,,,,,,,,0.0,0.0,0.0,0.0,0.0,0.0
1773799309.4001617,False,,,,,,,,,,,,,,,,,,0.0,0.0,0.0,0.0,0.0,0.0
1773799309.4102352,False,,,,,,,,,,,,,,,,,,0.0,0.0,0.0,0.0,0.0,0.0
1773799309.4198794,False,,,,,,,,,,,,,,,,,,0.0,0.0,0.0,0.0,0.0,0.0
1773799309.4306667,False,,,,,,,,,,,,,,,,,,0.0,0.0,0.0,0.0,0.0,0.0
1773799309.4407222,False,,,,,,,,,,,,,,,,,,0.0,0.0,0.0,0.0,0.0,0.0
1773799309.4508464,False,,,,,,,,,,,,,,,,,,0.0,0.0,0.0,0.0,0.0,0.0
1773799309.4603276,False,,,,,,,,,,,,,,,,,,0.0,0.0,0.0,0.0,0.0,0.0
1773799309.4708126,False,,,,,,,,,,,,,,,,,,0.0,0.0,0.0,0.0,0.0,0.0
1773799309.4805627,False,,,,,,,,,,,,,,,,,,0.0,0.0,0.0,0.0,0.0,0.0
1773799309.4902833,False,,,,,,,,,,,,,,,,,,0.0,0.0,0.0,0.0,0.0,0.0
1773799309.5005045,False,,,,,,,,,,,,,,,,,,0.0,0.0,0.0,0.0,0.0,0.0
1773799309.5103815,False,,,,,,,,,,,,,,,,,,0.0,0.0,0.0,0.0,0.0,0.0
1773799309.5209258,False,,,,,,,,,,,,,,,,,,0.0,0.0,0.0,0.0,0.0,0.0
1773799309.5304694,False,,,,,,,,,,,,,,,,,,0.0,0.0,0.0,0.0,0.0,0.0
1773799309.5409775,False,,,,,,,,,,,,,,,,,,0.0,0.0,0.0,0.0,0.0,0.0
1773799309.5506945,False,,,,,,,,,,,,,,,,,,0.0,0.0,0.0,0.0,0.0,0.0
1773799309.5608413,False,,,,,,,,,,,,,,,,,,0.0,0.0,0.0,0.0,0.0,0.0
1773799309.5709715,False,,,,,,,,,,,,,,,,,,0.0,0.0,0.0,0.0,0.0,0.0
1773799309.5804014,False,,,,,,,,,,,,,,,,,,0.0,0.0,0.0,0.0,0.0,0.0
1773799309.5903568,False,,,,,,,,,,,,,,,,,,0.0,0.0,0.0,0.0,0.0,0.0
1773799309.6006403,False,,,,,,,,,,,,,,,,,,0.0,0.0,0.0,0.0,0.0,0.0
1773799309.6109903,False,,,,,,,,,,,,,,,,,,0.0,0.0,0.0,0.0,0.0,0.0
1773799309.6205516,False,,,,,,,,,,,,,,,,,,0.0,0.0,0.0,0.0,0.0,0.0
1773799309.6303234,False,,,,,,,,,,,,,,,,,,0.0,0.0,0.0,0.0,0.0,0.0
1773799309.6403859,False,,,,,,,,,,,,,,,,,,0.0,0.0,0.0,0.0,0.0,0.0
1773799309.6504996,False,,,,,,,,,,,,,,,,,,0.0,0.0,0.0,0.0,0.0,0.0
1773799309.6602497,False,,,,,,,,,,,,,,,,,,0.0,0.0,0.0,0.0,0.0,0.0
1773799309.6709075,False,,,,,,,,,,,,,,,,,,0.0,0.0,0.0,0.0,0.0,0.0
1773799309.6805472,False,,,,,,,,,,,,,,,,,,0.0,0.0,0.0,0.0,0.0,0.0
1773799309.6906612,False,,,,,,,,,,,,,,,,,,0.0,0.0,0.0,0.0,0.0,0.0
1773799309.7006798,False,,,,,,,,,,,,,,,,,,0.0,0.0,0.0,0.0,0.0,0.0
1773799309.710326,False,,,,,,,,,,,,,,,,,,0.0,0.0,0.0,0.0,0.0,0.0
1773799309.7205627,False,,,,,,,,,,,,,,,,,,0.0,0.0,0.0,0.0,0.0,0.0
1773799309.730261,False,,,,,,,,,,,,,,,,,,0.0,0.0,0.0,0.0,0.0,0.0
1773799309.7404704,False,,,,,,,,,,,,,,,,,,0.0,0.0,0.0,0.0,0.0,0.0
1773799309.7502651,False,,,,,,,,,,,,,,,,,,0.0,0.0,0.0,0.0,0.0,0.0
1773799309.7603602,False,,,,,,,,,,,,,,,,,,0.0,0.0,0.0,0.0,0.0,0.0
1773799309.770654,False,,,,,,,,,,,,,,,,,,0.0,0.0,0.0,0.0,0.0,0.0
1773799309.7807548,False,,,,,,,,,,,,,,,,,,0.0,0.0,0.0,0.0,0.0,0.0
1773799309.790611,False,,,,,,,,,,,,,,,,,,0.0,0.0,0.0,0.0,0.0,0.0
1773799309.8006454,False,,,,,,,,,,,,,,,,,,0.0,0.0,0.0,0.0,0.0,0.0
1773799309.8105042,False,,,,,,,,,,,,,,,,,,0.0,0.0,0.0,0.0,0.0,0.0
1773799309.8208275,False,,,,,,,,,,,,,,,,,,0.0,0.0,0.0,0.0,0.0,0.0
1773799309.8303285,False,,,,,,,,,,,,,,,,,,0.0,0.0,0.0,0.0,0.0,0.0
1773799309.8406332,False,,,,,,,,,,,,,,,,,,0.0,0.0,0.0,0.0,0.0,0.0
1773799309.8508115,False,,,,,,,,,,,,,,,,,,0.0,0.0,0.0,0.0,0.0,0.0
1773799309.8604946,False,,,,,,,,,,,,,,,,,,0.0,0.0,0.0,0.0,0.0,0.0
1773799309.870241,False,,,,,,,,,,,,,,,,,,0.0,0.0,0.0,0.0,0.0,0.0
1773799309.8804724,False,,,,,,,,,,,,,,,,,,0.0,0.0,0.0,0.0,0.0,0.0
1773799309.8908746,False,,,,,,,,,,,,,,,,,,0.0,0.0,0.0,0.0,0.0,0.0
1773799309.9001706,False,,,,,,,,,,,,,,,,,,0.0,0.0,0.0,0.0,0.0,0.0
1773799309.9108636,False,,,,,,,,,,,,,,,,,,0.0,0.0,0.0,0.0,0.0,0.0
1773799309.9203982,False,,,,,,,,,,,,,,,,,,0.0,0.0,0.0,0.0,0.0,0.0
1773799309.9305267,False,,,,,,,,,,,,,,,,,,0.0,0.0,0.0,0.0,0.0,0.0
1773799309.9404986,False,,,,,,,,,,,,,,,,,,0.0,0.0,0.0,0.0,0.0,0.0
1773799309.9505498,False,,,,,,,,,,,,,,,,,,0.0,0.0,0.0,0.0,0.0,0.0
1773799309.9601176,False,,,,,,,,,,,,,,,,,,0.0,0.0,0.0,0.0,0.0,0.0
1773799309.9708035,False,,,,,,,,,,,,,,,,,,0.0,0.0,0.0,0.0,0.0,0.0
1773799309.9804275,False,,,,,,,,,,,,,,,,,,0.0,0.0,0.0,0.0,0.0,0.0
1773799309.9904032,False,,,,,,,,,,,,,,,,,,0.0,0.0,0.0,0.0,0.0,0.0
1773799310.000433,False,,,,,,,,,,,,,,,,,,0.0,0.0,0.0,0.0,0.0,0.0
1773799310.013466,False,,,,,,,,,,,,,,,,,,0.0,0.0,0.0,0.0,0.0,0.0
1773799310.0204809,False,,,,,,,,,,,,,,,,,,0.0,0.0,0.0,0.0,0.0,0.0
1773799310.0304801,False,,,,,,,,,,,,,,,,,,0.0,0.0,0.0,0.0,0.0,0.0
1773799310.040275,False,,,,,,,,,,,,,,,,,,0.0,0.0,0.0,0.0,0.0,0.0
1773799310.0508196,False,,,,,,,,,,,,,,,,,,0.0,0.0,0.0,0.0,0.0,0.0
1773799310.0598989,False,,,,,,,,,,,,,,,,,,0.0,0.0,0.0,0.0,0.0,0.0
1773799310.070409,False,,,,,,,,,,,,,,,,,,0.0,0.0,0.0,0.0,0.0,0.0
1773799310.0806417,False,,,,,,,,,,,,,,,,,,0.0,0.0,0.0,0.0,0.0,0.0
1773799310.0901327,False,,,,,,,,,,,,,,,,,,0.0,0.0,0.0,0.0,0.0,0.0
1773799310.099911,False,,,,,,,,,,,,,,,,,,0.0,0.0,0.0,0.0,0.0,0.0
1773799310.1104074,False,,,,,,,,,,,,,,,,,,0.0,0.0,0.0,0.0,0.0,0.0
1773799310.1205688,False,,,,,,,,,,,,,,,,,,0.0,0.0,0.0,0.0,0.0,0.0
1773799310.1303022,False,,,,,,,,,,,,,,,,,,0.0,0.0,0.0,0.0,0.0,0.0
1773799310.1403735,False,,,,,,,,,,,,,,,,,,0.0,0.0,0.0,0.0,0.0,0.0
1773799310.1503806,False,,,,,,,,,,,,,,,,,,0.0,0.0,0.0,0.0,0.0,0.0
1773799310.1604807,False,,,,,,,,,,,,,,,,,,0.0,0.0,0.0,0.0,0.0,0.0
1773799310.170206,False,,,,,,,,,,,,,,,,,,0.0,0.0,0.0,0.0,0.0,0.0
1773799310.1801388,False,,,,,,,,,,,,,,,,,,0.0,0.0,0.0,0.0,0.0,0.0
1773799310.1905065,False,,,,,,,,,,,,,,,,,,0.0,0.0,0.0,0.0,0.0,0.0
1773799310.200387,False,,,,,,,,,,,,,,,,,,0.0,0.0,0.0,0.0,0.0,0.0
1773799310.2100716,False,,,,,,,,,,,,,,,,,,0.0,0.0,0.0,0.0,0.0,0.0
1773799310.2202961,False,,,,,,,,,,,,,,,,,,0.0,0.0,0.0,0.0,0.0,0.0
1773799310.2305205,False,,,,,,,,,,,,,,,,,,0.0,0.0,0.0,0.0,0.0,0.0
1773799310.2406123,False,,,,,,,,,,,,,,,,,,0.0,0.0,0.0,0.0,0.0,0.0
1773799310.2506864,False,,,,,,,,,,,,,,,,,,0.0,0.0,0.0,0.0,0.0,0.0
1773799310.2607365,False,,,,,,,,,,,,,,,,,,0.0,0.0,0.0,0.0,0.0,0.0
1773799310.2704647,False,,,,,,,,,,,,,,,,,,0.0,0.0,0.0,0.0,0.0,0.0
1773799310.2805421,False,,,,,,,,,,,,,,,,,,0.0,0.0,0.0,0.0,0.0,0.0
1773799310.2907283,False,,,,,,,,,,,,,,,,,,0.0,0.0,0.0,0.0,0.0,0.0
1773799310.3001053,False,,,,,,,,,,,,,,,,,,0.0,0.0,0.0,0.0,0.0,0.0
1773799310.3100185,False,,,,,,,,,,,,,,,,,,0.0,0.0,0.0,0.0,0.0,0.0
1773799310.320265,False,,,,,,,,,,,,,,,,,,0.0,0.0,0.0,0.0,0.0,0.0
1773799310.3299446,False,,,,,,,,,,,,,,,,,,0.0,0.0,0.0,0.0,0.0,0.0
1773799310.3404443,False,,,,,,,,,,,,,,,,,,0.0,0.0,0.0,0.0,0.0,0.0
1773799310.3506448,False,,,,,,,,,,,,,,,,,,0.0,0.0,0.0,0.0,0.0,0.0
1773799310.360694,False,,,,,,,,,,,,,,,,,,0.0,0.0,0.0,0.0,0.0,0.0
1773799310.3704581,False,,,,,,,,,,,,,,,,,,0.0,0.0,0.0,0.0,0.0,0.0
1773799310.380543,False,,,,,,,,,,,,,,,,,,0.0,0.0,0.0,0.0,0.0,0.0
1773799310.390765,False,,,,,,,,,,,,,,,,,,0.0,0.0,0.0,0.0,0.0,0.0
1773799310.4002204,False,,,,,,,,,,,,,,,,,,0.0,0.0,0.0,0.0,0.0,0.0
1773799310.4105442,False,,,,,,,,,,,,,,,,,,0.0,0.0,0.0,0.0,0.0,0.0
1773799310.4204955,False,,,,,,,,,,,,,,,,,,0.0,0.0,0.0,0.0,0.0,0.0
1773799310.430566,False,,,,,,,,,,,,,,,,,,0.0,0.0,0.0,0.0,0.0,0.0
1773799310.4405777,False,,,,,,,,,,,,,,,,,,0.0,0.0,0.0,0.0,0.0,0.0
1773799310.4501982,False,,,,,,,,,,,,,,,,,,0.0,0.0,0.0,0.0,0.0,0.0
1773799310.4605632,False,,,,,,,,,,,,,,,,,,0.0,0.0,0.0,0.0,0.0,0.0
1773799310.4703145,False,,,,,,,,,,,,,,,,,,0.0,0.0,0.0,0.0,0.0,0.0
1773799310.480818,False,,,,,,,,,,,,,,,,,,0.0,0.0,0.0,0.0,0.0,0.0
1773799310.4905422,False,,,,,,,,,,,,,,,,,,0.0,0.0,0.0,0.0,0.0,0.0
1773799310.5003562,False,,,,,,,,,,,,,,,,,,0.0,0.0,0.0,0.0,0.0,0.0
1773799310.5104175,False,,,,,,,,,,,,,,,,,,0.0,0.0,0.0,0.0,0.0,0.0
1773799310.5205686,False,,,,,,,,,,,,,,,,,,0.0,0.0,0.0,0.0,0.0,0.0
1773799310.5306323,False,,,,,,,,,,,,,,,,,,0.0,0.0,0.0,0.0,0.0,0.0
1773799310.540395,False,,,,,,,,,,,,,,,,,,0.0,0.0,0.0,0.0,0.0,0.0
1773799310.55047,False,,,,,,,,,,,,,,,,,,0.0,0.0,0.0,0.0,0.0,0.0
1773799310.5607088,False,,,,,,,,,,,,,,,,,,0.0,0.0,0.0,0.0,0.0,0.0
1773799310.570436,False,,,,,,,,,,,,,,,,,,0.0,0.0,0.0,0.0,0.0,0.0
1773799310.5803812,False,,,,,,,,,,,,,,,,,,0.0,0.0,0.0,0.0,0.0,0.0
1773799310.5905566,False,,,,,,,,,,,,,,,,,,0.0,0.0,0.0,0.0,0.0,0.0
1773799310.600356,False,,,,,,,,,,,,,,,,,,0.0,0.0,0.0,0.0,0.0,0.0
1773799310.6100514,False,,,,,,,,,,,,,,,,,,0.0,0.0,0.0,0.0,0.0,0.0
1773799310.620646,False,,,,,,,,,,,,,,,,,,0.0,0.0,0.0,0.0,0.0,0.0
1773799310.6301775,False,,,,,,,,,,,,,,,,,,0.0,0.0,0.0,0.0,0.0,0.0
1773799310.6402094,False,,,,,,,,,,,,,,,,,,0.0,0.0,0.0,0.0,0.0,0.0
1773799310.6504848,False,,,,,,,,,,,,,,,,,,0.0,0.0,0.0,0.0,0.0,0.0
1773799310.66086,False,,,,,,,,,,,,,,,,,,0.0,0.0,0.0,0.0,0.0,0.0
1773799310.6706045,False,,,,,,,,,,,,,,,,,,0.0,0.0,0.0,0.0,0.0,0.0
1773799310.6807556,False,,,,,,,,,,,,,,,,,,0.0,0.0,0.0,0.0,0.0,0.0
1773799310.6901984,False,,,,,,,,,,,,,,,,,,0.0,0.0,0.0,0.0,0.0,0.0
1773799310.7003596,False,,,,,,,,,,,,,,,,,,0.0,0.0,0.0,0.0,0.0,0.0
1773799310.7107892,False,,,,,,,,,,,,,,,,,,0.0,0.0,0.0,0.0,0.0,0.0
1773799310.7203739,False,,,,,,,,,,,,,,,,,,0.0,0.0,0.0,0.0,0.0,0.0
1773799310.730601,False,,,,,,,,,,,,,,,,,,0.0,0.0,0.0,0.0,0.0,0.0
1773799310.7402115,False,,,,,,,,,,,,,,,,,,0.0,0.0,0.0,0.0,0.0,0.0
1773799310.7501864,False,,,,,,,,,,,,,,,,,,0.0,0.0,0.0,0.0,0.0,0.0
1773799310.7604656,False,,,,,,,,,,,,,,,,,,0.0,0.0,0.0,0.0,0.0,0.0
1773799310.7707589,False,,,,,,,,,,,,,,,,,,0.0,0.0,0.0,0.0,0.0,0.0
1773799310.7801356,False,,,,,,,,,,,,,,,,,,0.0,0.0,0.0,0.0,0.0,0.0
1773799310.7903078,False,,,,,,,,,,,,,,,,,,0.0,0.0,0.0,0.0,0.0,0.0
1773799310.80068,False,,,,,,,,,,,,,,,,,,0.0,0.0,0.0,0.0,0.0,0.0
1773799310.8105347,False,,,,,,,,,,,,,,,,,,0.0,0.0,0.0,0.0,0.0,0.0
1773799310.8204787,False,,,,,,,,,,,,,,,,,,0.0,0.0,0.0,0.0,0.0,0.0
1773799310.8304489,False,,,,,,,,,,,,,,,,,,0.0,0.0,0.0,0.0,0.0,0.0
1773799310.841029,False,,,,,,,,,,,,,,,,,,0.0,0.0,0.0,0.0,0.0,0.0
1773799310.8508155,False,,,,,,,,,,,,,,,,,,0.0,0.0,0.0,0.0,0.0,0.0
1773799310.860272,False,,,,,,,,,,,,,,,,,,0.0,0.0,0.0,0.0,0.0,0.0
1773799310.8706932,False,,,,,,,,,,,,,,,,,,0.0,0.0,0.0,0.0,0.0,0.0
1773799310.880821,False,,,,,,,,,,,,,,,,,,0.0,0.0,0.0,0.0,0.0,0.0
1773799310.890374,False,,,,,,,,,,,,,,,,,,0.0,0.0,0.0,0.0,0.0,0.0
1773799310.9008167,False,,,,,,,,,,,,,,,,,,0.0,0.0,0.0,0.0,0.0,0.0
1773799310.9103653,False,,,,,,,,,,,,,,,,,,0.0,0.0,0.0,0.0,0.0,0.0
1773799310.9203787,False,,,,,,,,,,,,,,,,,,0.0,0.0,0.0,0.0,0.0,0.0
1773799310.9307735,False,,,,,,,,,,,,,,,,,,0.0,0.0,0.0,0.0,0.0,0.0
1773799310.9401667,False,,,,,,,,,,,,,,,,,,0.0,0.0,0.0,0.0,0.0,0.0
1773799310.9503863,False,,,,,,,,,,,,,,,,,,0.0,0.0,0.0,0.0,0.0,0.0
1773799310.960697,False,,,,,,,,,,,,,,,,,,0.0,0.0,0.0,0.0,0.0,0.0
1773799310.9703677,False,,,,,,,,,,,,,,,,,,0.0,0.0,0.0,0.0,0.0,0.0
1773799310.9806352,False,,,,,,,,,,,,,,,,,,0.0,0.0,0.0,0.0,0.0,0.0
1773799310.9901557,False,,,,,,,,,,,,,,,,,,0.0,0.0,0.0,0.0,0.0,0.0
1773799311.0001724,False,,,,,,,,,,,,,,,,,,0.0,0.0,0.0,0.0,0.0,0.0
1773799311.0101936,False,,,,,,,,,,,,,,,,,,0.0,0.0,0.0,0.0,0.0,0.0
1773799311.0205455,False,,,,,,,,,,,,,,,,,,0.0,0.0,0.0,0.0,0.0,0.0
1773799311.0305743,False,,,,,,,,,,,,,,,,,,0.0,0.0,0.0,0.0,0.0,0.0
1773799311.040519,False,,,,,,,,,,,,,,,,,,0.0,0.0,0.0,0.0,0.0,0.0
1773799311.050669,False,,,,,,,,,,,,,,,,,,0.0,0.0,0.0,0.0,0.0,0.0
1773799311.0607429,False,,,,,,,,,,,,,,,,,,0.0,0.0,0.0,0.0,0.0,0.0
1773799311.0705633,False,,,,,,,,,,,,,,,,,,0.0,0.0,0.0,0.0,0.0,0.0
1773799311.0802221,False,,,,,,,,,,,,,,,,,,0.0,0.0,0.0,0.0,0.0,0.0
1773799311.0902758,False,,,,,,,,,,,,,,,,,,0.0,0.0,0.0,0.0,0.0,0.0
1773799311.100645,False,,,,,,,,,,,,,,,,,,0.0,0.0,0.0,0.0,0.0,0.0
1773799311.1104085,False,,,,,,,,,,,,,,,,,,0.0,0.0,0.0,0.0,0.0,0.0
1773799311.120245,False,,,,,,,,,,,,,,,,,,0.0,0.0,0.0,0.0,0.0,0.0
1773799311.12993,False,,,,,,,,,,,,,,,,,,0.0,0.0,0.0,0.0,0.0,0.0
1773799311.1408489,False,,,,,,,,,,,,,,,,,,0.0,0.0,0.0,0.0,0.0,0.0
1773799311.1503305,False,,,,,,,,,,,,,,,,,,0.0,0.0,0.0,0.0,0.0,0.0
1773799311.160602,False,,,,,,,,,,,,,,,,,,0.0,0.0,0.0,0.0,0.0,0.0
1773799311.1705296,False,,,,,,,,,,,,,,,,,,0.0,0.0,0.0,0.0,0.0,0.0
1773799311.1802995,False,,,,,,,,,,,,,,,,,,0.0,0.0,0.0,0.0,0.0,0.0
1773799311.1902425,False,,,,,,,,,,,,,,,,,,0.0,0.0,0.0,0.0,0.0,0.0
1773799311.2007215,False,,,,,,,,,,,,,,,,,,0.0,0.0,0.0,0.0,0.0,0.0
1773799311.2104583,False,,,,,,,,,,,,,,,,,,0.0,0.0,0.0,0.0,0.0,0.0
1773799311.220272,False,,,,,,,,,,,,,,,,,,0.0,0.0,0.0,0.0,0.0,0.0
1773799311.2301073,False,,,,,,,,,,,,,,,,,,0.0,0.0,0.0,0.0,0.0,0.0
1773799311.2405493,False,,,,,,,,,,,,,,,,,,0.0,0.0,0.0,0.0,0.0,0.0
1773799311.2502422,False,,,,,,,,,,,,,,,,,,0.0,0.0,0.0,0.0,0.0,0.0
1773799311.2602234,False,,,,,,,,,,,,,,,,,,0.0,0.0,0.0,0.0,0.0,0.0
1773799311.2704575,False,,,,,,,,,,,,,,,,,,0.0,0.0,0.0,0.0,0.0,0.0
1773799311.2804997,False,,,,,,,,,,,,,,,,,,0.0,0.0,0.0,0.0,0.0,0.0
1773799311.2900753,False,,,,,,,,,,,,,,,,,,0.0,0.0,0.0,0.0,0.0,0.0
1773799311.300885,False,,,,,,,,,,,,,,,,,,0.0,0.0,0.0,0.0,0.0,0.0
1773799311.310458,False,,,,,,,,,,,,,,,,,,0.0,0.0,0.0,0.0,0.0,0.0
1773799311.320283,False,,,,,,,,,,,,,,,,,,0.0,0.0,0.0,0.0,0.0,0.0
1773799311.3301108,False,,,,,,,,,,,,,,,,,,0.0,0.0,0.0,0.0,0.0,0.0
1773799311.340693,False,,,,,,,,,,,,,,,,,,0.0,0.0,0.0,0.0,0.0,0.0
1773799311.3501942,False,,,,,,,,,,,,,,,,,,0.0,0.0,0.0,0.0,0.0,0.0
1773799311.3606052,False,,,,,,,,,,,,,,,,,,0.0,0.0,0.0,0.0,0.0,0.0
1773799311.3703904,False,,,,,,,,,,,,,,,,,,0.0,0.0,0.0,0.0,0.0,0.0
1773799311.38036,False,,,,,,,,,,,,,,,,,,0.0,0.0,0.0,0.0,0.0,0.0
1773799311.3901098,False,,,,,,,,,,,,,,,,,,0.0,0.0,0.0,0.0,0.0,0.0
1773799311.4006782,False,,,,,,,,,,,,,,,,,,0.0,0.0,0.0,0.0,0.0,0.0
1773799311.4102957,False,,,,,,,,,,,,,,,,,,0.0,0.0,0.0,0.0,0.0,0.0
1773799311.420127,False,,,,,,,,,,,,,,,,,,0.0,0.0,0.0,0.0,0.0,0.0
1773799311.430112,False,,,,,,,,,,,,,,,,,,0.0,0.0,0.0,0.0,0.0,0.0
1773799311.4405265,False,,,,,,,,,,,,,,,,,,0.0,0.0,0.0,0.0,0.0,0.0
1773799311.4505177,False,,,,,,,,,,,,,,,,,,0.0,0.0,0.0,0.0,0.0,0.0
1773799311.4604018,False,,,,,,,,,,,,,,,,,,0.0,0.0,0.0,0.0,0.0,0.0
1773799311.470332,False,,,,,,,,,,,,,,,,,,0.0,0.0,0.0,0.0,0.0,0.0
1773799311.4805627,False,,,,,,,,,,,,,,,,,,0.0,0.0,0.0,0.0,0.0,0.0
1773799311.490271,False,,,,,,,,,,,,,,,,,,0.0,0.0,0.0,0.0,0.0,0.0
1773799311.5002408,False,,,,,,,,,,,,,,,,,,0.0,0.0,0.0,0.0,0.0,0.0
1773799311.5105984,False,,,,,,,,,,,,,,,,,,0.0,0.0,0.0,0.0,0.0,0.0
1773799311.5205517,False,,,,,,,,,,,,,,,,,,0.0,0.0,0.0,0.0,0.0,0.0
1773799311.530081,False,,,,,,,,,,,,,,,,,,0.0,0.0,0.0,0.0,0.0,0.0
1773799311.540691,False,,,,,,,,,,,,,,,,,,0.0,0.0,0.0,0.0,0.0,0.0
1773799311.5505445,False,,,,,,,,,,,,,,,,,,0.0,0.0,0.0,0.0,0.0,0.0
1773799311.5604994,False,,,,,,,,,,,,,,,,,,0.0,0.0,0.0,0.0,0.0,0.0
1773799311.5705764,False,,,,,,,,,,,,,,,,,,0.0,0.0,0.0,0.0,0.0,0.0
1773799311.580502,False,,,,,,,,,,,,,,,,,,0.0,0.0,0.0,0.0,0.0,0.0
1773799311.590453,False,,,,,,,,,,,,,,,,,,0.0,0.0,0.0,0.0,0.0,0.0
1773799311.6008034,False,,,,,,,,,,,,,,,,,,0.0,0.0,0.0,0.0,0.0,0.0
1773799311.6101208,False,,,,,,,,,,,,,,,,,,0.0,0.0,0.0,0.0,0.0,0.0
1773799311.6207511,False,,,,,,,,,,,,,,,,,,0.0,0.0,0.0,0.0,0.0,0.0
1773799311.6306539,False,,,,,,,,,,,,,,,,,,0.0,0.0,0.0,0.0,0.0,0.0
1773799311.6403933,False,,,,,,,,,,,,,,,,,,0.0,0.0,0.0,0.0,0.0,0.0
1773799311.6505775,False,,,,,,,,,,,,,,,,,,0.0,0.0,0.0,0.0,0.0,0.0
1773799311.6605418,False,,,,,,,,,,,,,,,,,,0.0,0.0,0.0,0.0,0.0,0.0
1773799311.670447,False,,,,,,,,,,,,,,,,,,0.0,0.0,0.0,0.0,0.0,0.0
1773799311.6806011,False,,,,,,,,,,,,,,,,,,0.0,0.0,0.0,0.0,0.0,0.0
1773799311.6907375,False,,,,,,,,,,,,,,,,,,0.0,0.0,0.0,0.0,0.0,0.0
1773799311.7007275,False,,,,,,,,,,,,,,,,,,0.0,0.0,0.0,0.0,0.0,0.0
1773799311.7107356,False,,,,,,,,,,,,,,,,,,0.0,0.0,0.0,0.0,0.0,0.0
1773799311.7206674,False,,,,,,,,,,,,,,,,,,0.0,0.0,0.0,0.0,0.0,0.0
1773799311.730547,False,,,,,,,,,,,,,,,,,,0.0,0.0,0.0,0.0,0.0,0.0
1773799311.7405176,False,,,,,,,,,,,,,,,,,,0.0,0.0,0.0,0.0,0.0,0.0
1773799311.7507873,False,,,,,,,,,,,,,,,,,,0.0,0.0,0.0,0.0,0.0,0.0
1773799311.7599986,False,,,,,,,,,,,,,,,,,,0.0,0.0,0.0,0.0,0.0,0.0
1773799311.770354,False,,,,,,,,,,,,,,,,,,0.0,0.0,0.0,0.0,0.0,0.0
1773799311.780577,False,,,,,,,,,,,,,,,,,,0.0,0.0,0.0,0.0,0.0,0.0
1773799311.7903984,False,,,,,,,,,,,,,,,,,,0.0,0.0,0.0,0.0,0.0,0.0
1773799311.8002558,False,,,,,,,,,,,,,,,,,,0.0,0.0,0.0,0.0,0.0,0.0
1773799311.8101375,False,,,,,,,,,,,,,,,,,,0.0,0.0,0.0,0.0,0.0,0.0
1773799311.8202562,False,,,,,,,,,,,,,,,,,,0.0,0.0,0.0,0.0,0.0,0.0
1773799311.8305712,False,,,,,,,,,,,,,,,,,,0.0,0.0,0.0,0.0,0.0,0.0
1773799311.8406541,False,,,,,,,,,,,,,,,,,,0.0,0.0,0.0,0.0,0.0,0.0
1773799311.8502667,False,,,,,,,,,,,,,,,,,,0.0,0.0,0.0,0.0,0.0,0.0
1773799311.8602145,False,,,,,,,,,,,,,,,,,,0.0,0.0,0.0,0.0,0.0,0.0
1773799311.87032,False,,,,,,,,,,,,,,,,,,0.0,0.0,0.0,0.0,0.0,0.0
1773799311.880383,False,,,,,,,,,,,,,,,,,,0.0,0.0,0.0,0.0,0.0,0.0
1773799311.890525,False,,,,,,,,,,,,,,,,,,0.0,0.0,0.0,0.0,0.0,0.0
1773799311.900485,False,,,,,,,,,,,,,,,,,,0.0,0.0,0.0,0.0,0.0,0.0
1773799311.9104,False,,,,,,,,,,,,,,,,,,0.0,0.0,0.0,0.0,0.0,0.0
1773799311.9209826,False,,,,,,,,,,,,,,,,,,0.0,0.0,0.0,0.0,0.0,0.0
1773799311.9300344,False,,,,,,,,,,,,,,,,,,0.0,0.0,0.0,0.0,0.0,0.0
1773799311.940548,False,,,,,,,,,,,,,,,,,,0.0,0.0,0.0,0.0,0.0,0.0
1773799311.9504771,False,,,,,,,,,,,,,,,,,,0.0,0.0,0.0,0.0,0.0,0.0
1773799311.9606419,False,,,,,,,,,,,,,,,,,,0.0,0.0,0.0,0.0,0.0,0.0
1773799311.970309,False,,,,,,,,,,,,,,,,,,0.0,0.0,0.0,0.0,0.0,0.0
1773799311.9805615,False,,,,,,,,,,,,,,,,,,0.0,0.0,0.0,0.0,0.0,0.0
1773799311.9904454,False,,,,,,,,,,,,,,,,,,0.0,0.0,0.0,0.0,0.0,0.0
1773799312.0000715,False,,,,,,,,,,,,,,,,,,0.0,0.0,0.0,0.0,0.0,0.0
1773799312.0101285,False,,,,,,,,,,,,,,,,,,0.0,0.0,0.0,0.0,0.0,0.0
1773799312.0200205,False,,,,,,,,,,,,,,,,,,0.0,0.0,0.0,0.0,0.0,0.0
1773799312.0305393,False,,,,,,,,,,,,,,,,,,0.0,0.0,0.0,0.0,0.0,0.0
1773799312.0403767,False,,,,,,,,,,,,,,,,,,0.0,0.0,0.0,0.0,0.0,0.0
1773799312.050186,False,,,,,,,,,,,,,,,,,,0.0,0.0,0.0,0.0,0.0,0.0
1773799312.0602317,False,,,,,,,,,,,,,,,,,,0.0,0.0,0.0,0.0,0.0,0.0
1773799312.071621,False,,,,,,,,,,,,,,,,,,0.0,0.0,0.0,0.0,0.0,0.0
1773799312.0800443,False,,,,,,,,,,,,,,,,,,0.0,0.0,0.0,0.0,0.0,0.0
1773799312.0906615,False,,,,,,,,,,,,,,,,,,0.0,0.0,0.0,0.0,0.0,0.0
1773799312.1004786,False,,,,,,,,,,,,,,,,,,0.0,0.0,0.0,0.0,0.0,0.0
1773799312.1101606,False,,,,,,,,,,,,,,,,,,0.0,0.0,0.0,0.0,0.0,0.0
1773799312.1203089,False,,,,,,,,,,,,,,,,,,0.0,0.0,0.0,0.0,0.0,0.0
1773799312.1305346,False,,,,,,,,,,,,,,,,,,0.0,0.0,0.0,0.0,0.0,0.0
1773799312.1403189,False,,,,,,,,,,,,,,,,,,0.0,0.0,0.0,0.0,0.0,0.0
1773799312.1503968,False,,,,,,,,,,,,,,,,,,0.0,0.0,0.0,0.0,0.0,0.0
1773799312.1604192,False,,,,,,,,,,,,,,,,,,0.0,0.0,0.0,0.0,0.0,0.0
1773799312.170476,False,,,,,,,,,,,,,,,,,,0.0,0.0,0.0,0.0,0.0,0.0
1773799312.1800795,False,,,,,,,,,,,,,,,,,,0.0,0.0,0.0,0.0,0.0,0.0
1773799312.1902452,False,,,,,,,,,,,,,,,,,,0.0,0.0,0.0,0.0,0.0,0.0
1773799312.200315,False,,,,,,,,,,,,,,,,,,0.0,0.0,0.0,0.0,0.0,0.0
1773799312.210308,False,,,,,,,,,,,,,,,,,,0.0,0.0,0.0,0.0,0.0,0.0
1773799312.2205226,False,,,,,,,,,,,,,,,,,,0.0,0.0,0.0,0.0,0.0,0.0
1773799312.2300897,False,,,,,,,,,,,,,,,,,,0.0,0.0,0.0,0.0,0.0,0.0
1773799312.2405522,False,,,,,,,,,,,,,,,,,,0.0,0.0,0.0,0.0,0.0,0.0
1773799312.2508335,False,,,,,,,,,,,,,,,,,,0.0,0.0,0.0,0.0,0.0,0.0
1773799312.2606537,False,,,,,,,,,,,,,,,,,,0.0,0.0,0.0,0.0,0.0,0.0
1773799312.270824,False,,,,,,,,,,,,,,,,,,0.0,0.0,0.0,0.0,0.0,0.0
1773799312.280661,False,,,,,,,,,,,,,,,,,,0.0,0.0,0.0,0.0,0.0,0.0
1773799312.2899778,False,,,,,,,,,,,,,,,,,,0.0,0.0,0.0,0.0,0.0,0.0
1773799312.3002925,False,,,,,,,,,,,,,,,,,,0.0,0.0,0.0,0.0,0.0,0.0
1773799312.3109972,False,,,,,,,,,,,,,,,,,,0.0,0.0,0.0,0.0,0.0,0.0
1773799312.3204944,False,,,,,,,,,,,,,,,,,,0.0,0.0,0.0,0.0,0.0,0.0
1773799312.3304403,False,,,,,,,,,,,,,,,,,,0.0,0.0,0.0,0.0,0.0,0.0
1773799312.3404276,False,,,,,,,,,,,,,,,,,,0.0,0.0,0.0,0.0,0.0,0.0
1773799312.3500018,False,,,,,,,,,,,,,,,,,,0.0,0.0,0.0,0.0,0.0,0.0
1773799312.360666,False,,,,,,,,,,,,,,,,,,0.0,0.0,0.0,0.0,0.0,0.0
1773799312.3706825,False,,,,,,,,,,,,,,,,,,0.0,0.0,0.0,0.0,0.0,0.0
1773799312.3803067,False,,,,,,,,,,,,,,,,,,0.0,0.0,0.0,0.0,0.0,0.0
1773799312.3902388,False,,,,,,,,,,,,,,,,,,0.0,0.0,0.0,0.0,0.0,0.0
1773799312.400396,False,,,,,,,,,,,,,,,,,,0.0,0.0,0.0,0.0,0.0,0.0
1773799312.4103925,False,,,,,,,,,,,,,,,,,,0.0,0.0,0.0,0.0,0.0,0.0
1773799312.4206753,False,,,,,,,,,,,,,,,,,,0.0,0.0,0.0,0.0,0.0,0.0
1773799312.4305053,False,,,,,,,,,,,,,,,,,,0.0,0.0,0.0,0.0,0.0,0.0
1773799312.4405265,False,,,,,,,,,,,,,,,,,,0.0,0.0,0.0,0.0,0.0,0.0
1773799312.4501617,False,,,,,,,,,,,,,,,,,,0.0,0.0,0.0,0.0,0.0,0.0
1773799312.4602983,False,,,,,,,,,,,,,,,,,,0.0,0.0,0.0,0.0,0.0,0.0
1773799312.4701757,False,,,,,,,,,,,,,,,,,,0.0,0.0,0.0,0.0,0.0,0.0
1773799312.4806051,False,,,,,,,,,,,,,,,,,,0.0,0.0,0.0,0.0,0.0,0.0
1773799312.4903936,False,,,,,,,,,,,,,,,,,,0.0,0.0,0.0,0.0,0.0,0.0
1773799312.5004125,False,,,,,,,,,,,,,,,,,,0.0,0.0,0.0,0.0,0.0,0.0
1773799312.5103486,False,,,,,,,,,,,,,,,,,,0.0,0.0,0.0,0.0,0.0,0.0
1773799312.520608,False,,,,,,,,,,,,,,,,,,0.0,0.0,0.0,0.0,0.0,0.0
1773799312.530414,False,,,,,,,,,,,,,,,,,,0.0,0.0,0.0,0.0,0.0,0.0
1773799312.5406172,False,,,,,,,,,,,,,,,,,,0.0,0.0,0.0,0.0,0.0,0.0
1773799312.550432,False,,,,,,,,,,,,,,,,,,0.0,0.0,0.0,0.0,0.0,0.0
1773799312.5602863,False,,,,,,,,,,,,,,,,,,0.0,0.0,0.0,0.0,0.0,0.0
1773799312.5705292,False,,,,,,,,,,,,,,,,,,0.0,0.0,0.0,0.0,0.0,0.0
1773799312.5803986,False,,,,,,,,,,,,,,,,,,0.0,0.0,0.0,0.0,0.0,0.0
1773799312.5904012,False,,,,,,,,,,,,,,,,,,0.0,0.0,0.0,0.0,0.0,0.0
1773799312.601017,False,,,,,,,,,,,,,,,,,,0.0,0.0,0.0,0.0,0.0,0.0
1773799312.61046,False,,,,,,,,,,,,,,,,,,0.0,0.0,0.0,0.0,0.0,0.0
1773799312.6202736,False,,,,,,,,,,,,,,,,,,0.0,0.0,0.0,0.0,0.0,0.0
1773799312.6305125,False,,,,,,,,,,,,,,,,,,0.0,0.0,0.0,0.0,0.0,0.0
1773799312.640194,False,,,,,,,,,,,,,,,,,,0.0,0.0,0.0,0.0,0.0,0.0
1773799312.6502337,False,,,,,,,,,,,,,,,,,,0.0,0.0,0.0,0.0,0.0,0.0
1773799312.6604357,False,,,,,,,,,,,,,,,,,,0.0,0.0,0.0,0.0,0.0,0.0
1773799312.6705425,False,,,,,,,,,,,,,,,,,,0.0,0.0,0.0,0.0,0.0,0.0
1773799312.6801333,False,,,,,,,,,,,,,,,,,,0.0,0.0,0.0,0.0,0.0,0.0
1773799312.6907158,False,,,,,,,,,,,,,,,,,,0.0,0.0,0.0,0.0,0.0,0.0
1773799312.7006812,False,,,,,,,,,,,,,,,,,,0.0,0.0,0.0,0.0,0.0,0.0
1773799312.7101998,False,,,,,,,,,,,,,,,,,,0.0,0.0,0.0,0.0,0.0,0.0
1773799312.7204082,False,,,,,,,,,,,,,,,,,,0.0,0.0,0.0,0.0,0.0,0.0
1773799312.7305427,False,,,,,,,,,,,,,,,,,,0.0,0.0,0.0,0.0,0.0,0.0
1773799312.740379,False,,,,,,,,,,,,,,,,,,0.0,0.0,0.0,0.0,0.0,0.0
1773799312.7504036,False,,,,,,,,,,,,,,,,,,0.0,0.0,0.0,0.0,0.0,0.0
1773799312.7607882,False,,,,,,,,,,,,,,,,,,0.0,0.0,0.0,0.0,0.0,0.0
1773799312.7706723,False,,,,,,,,,,,,,,,,,,0.0,0.0,0.0,0.0,0.0,0.0
1773799312.7805233,False,,,,,,,,,,,,,,,,,,0.0,0.0,0.0,0.0,0.0,0.0
1773799312.7906995,False,,,,,,,,,,,,,,,,,,0.0,0.0,0.0,0.0,0.0,0.0
1773799312.800518,False,,,,,,,,,,,,,,,,,,0.0,0.0,0.0,0.0,0.0,0.0
1773799312.8101435,False,,,,,,,,,,,,,,,,,,0.0,0.0,0.0,0.0,0.0,0.0
1773799312.820441,False,,,,,,,,,,,,,,,,,,0.0,0.0,0.0,0.0,0.0,0.0
1773799312.8306744,False,,,,,,,,,,,,,,,,,,0.0,0.0,0.0,0.0,0.0,0.0
1773799312.8403132,False,,,,,,,,,,,,,,,,,,0.0,0.0,0.0,0.0,0.0,0.0
1773799312.8500063,False,,,,,,,,,,,,,,,,,,0.0,0.0,0.0,0.0,0.0,0.0
1773799312.8602192,False,,,,,,,,,,,,,,,,,,0.0,0.0,0.0,0.0,0.0,0.0
1773799312.870326,False,,,,,,,,,,,,,,,,,,0.0,0.0,0.0,0.0,0.0,0.0
1773799312.8804638,False,,,,,,,,,,,,,,,,,,0.0,0.0,0.0,0.0,0.0,0.0
1773799312.8904297,False,,,,,,,,,,,,,,,,,,0.0,0.0,0.0,0.0,0.0,0.0
1773799312.9005616,False,,,,,,,,,,,,,,,,,,0.0,0.0,0.0,0.0,0.0,0.0
1773799312.9104836,False,,,,,,,,,,,,,,,,,,0.0,0.0,0.0,0.0,0.0,0.0
1773799312.9202604,False,,,,,,,,,,,,,,,,,,0.0,0.0,0.0,0.0,0.0,0.0
1773799312.930459,False,,,,,,,,,,,,,,,,,,0.0,0.0,0.0,0.0,0.0,0.0
1773799312.9402103,False,,,,,,,,,,,,,,,,,,0.0,0.0,0.0,0.0,0.0,0.0
1773799312.9505157,False,,,,,,,,,,,,,,,,,,0.0,0.0,0.0,0.0,0.0,0.0
1773799312.9601974,False,,,,,,,,,,,,,,,,,,0.0,0.0,0.0,0.0,0.0,0.0
1773799312.9709365,False,,,,,,,,,,,,,,,,,,0.0,0.0,0.0,0.0,0.0,0.0
1773799312.980535,False,,,,,,,,,,,,,,,,,,0.0,0.0,0.0,0.0,0.0,0.0
1773799312.9904308,False,,,,,,,,,,,,,,,,,,0.0,0.0,0.0,0.0,0.0,0.0
1773799313.0002635,False,,,,,,,,,,,,,,,,,,0.0,0.0,0.0,0.0,0.0,0.0
1773799313.0102692,False,,,,,,,,,,,,,,,,,,0.0,0.0,0.0,0.0,0.0,0.0
1773799313.0202901,False,,,,,,,,,,,,,,,,,,0.0,0.0,0.0,0.0,0.0,0.0
1773799313.0308218,False,,,,,,,,,,,,,,,,,,0.0,0.0,0.0,0.0,0.0,0.0
1773799313.040453,False,,,,,,,,,,,,,,,,,,0.0,0.0,0.0,0.0,0.0,0.0
1773799313.0502303,False,,,,,,,,,,,,,,,,,,0.0,0.0,0.0,0.0,0.0,0.0
1773799313.0605073,False,,,,,,,,,,,,,,,,,,0.0,0.0,0.0,0.0,0.0,0.0
1773799313.0705166,False,,,,,,,,,,,,,,,,,,0.0,0.0,0.0,0.0,0.0,0.0
1773799313.0802875,False,,,,,,,,,,,,,,,,,,0.0,0.0,0.0,0.0,0.0,0.0
1773799313.0906665,False,,,,,,,,,,,,,,,,,,0.0,0.0,0.0,0.0,0.0,0.0
1773799313.100446,False,,,,,,,,,,,,,,,,,,0.0,0.0,0.0,0.0,0.0,0.0
1773799313.1105835,False,,,,,,,,,,,,,,,,,,0.0,0.0,0.0,0.0,0.0,0.0
1773799313.1206028,False,,,,,,,,,,,,,,,,,,0.0,0.0,0.0,0.0,0.0,0.0
1773799313.1306338,False,,,,,,,,,,,,,,,,,,0.0,0.0,0.0,0.0,0.0,0.0
1773799313.1404335,False,,,,,,,,,,,,,,,,,,0.0,0.0,0.0,0.0,0.0,0.0
1773799313.1503804,False,,,,,,,,,,,,,,,,,,0.0,0.0,0.0,0.0,0.0,0.0
1773799313.1608384,False,,,,,,,,,,,,,,,,,,0.0,0.0,0.0,0.0,0.0,0.0
1773799313.1702106,False,,,,,,,,,,,,,,,,,,0.0,0.0,0.0,0.0,0.0,0.0
1773799313.180855,False,,,,,,,,,,,,,,,,,,0.0,0.0,0.0,0.0,0.0,0.0
1773799313.1903644,False,,,,,,,,,,,,,,,,,,0.0,0.0,0.0,0.0,0.0,0.0
1773799313.2006721,False,,,,,,,,,,,,,,,,,,0.0,0.0,0.0,0.0,0.0,0.0
1773799313.2101831,False,,,,,,,,,,,,,,,,,,0.0,0.0,0.0,0.0,0.0,0.0
1773799313.2203379,False,,,,,,,,,,,,,,,,,,0.0,0.0,0.0,0.0,0.0,0.0
1773799313.2307827,False,,,,,,,,,,,,,,,,,,0.0,0.0,0.0,0.0,0.0,0.0
1773799313.2407176,False,,,,,,,,,,,,,,,,,,0.0,0.0,0.0,0.0,0.0,0.0
1773799313.2507257,False,,,,,,,,,,,,,,,,,,0.0,0.0,0.0,0.0,0.0,0.0
1773799313.2605007,False,,,,,,,,,,,,,,,,,,0.0,0.0,0.0,0.0,0.0,0.0
1773799313.2703612,False,,,,,,,,,,,,,,,,,,0.0,0.0,0.0,0.0,0.0,0.0
1773799313.2803445,False,,,,,,,,,,,,,,,,,,0.0,0.0,0.0,0.0,0.0,0.0
1773799313.2902672,False,,,,,,,,,,,,,,,,,,0.0,0.0,0.0,0.0,0.0,0.0
1773799313.3003814,False,,,,,,,,,,,,,,,,,,0.0,0.0,0.0,0.0,0.0,0.0
1773799313.310541,False,,,,,,,,,,,,,,,,,,0.0,0.0,0.0,0.0,0.0,0.0
1773799313.3202984,False,,,,,,,,,,,,,,,,,,0.0,0.0,0.0,0.0,0.0,0.0
1773799313.3305984,False,,,,,,,,,,,,,,,,,,0.0,0.0,0.0,0.0,0.0,0.0
1773799313.3406506,False,,,,,,,,,,,,,,,,,,0.0,0.0,0.0,0.0,0.0,0.0
1773799313.3503134,False,,,,,,,,,,,,,,,,,,0.0,0.0,0.0,0.0,0.0,0.0
1773799313.3603687,False,,,,,,,,,,,,,,,,,,0.0,0.0,0.0,0.0,0.0,0.0
1773799313.370433,False,,,,,,,,,,,,,,,,,,0.0,0.0,0.0,0.0,0.0,0.0
1773799313.3804715,False,,,,,,,,,,,,,,,,,,0.0,0.0,0.0,0.0,0.0,0.0
1773799313.390341,False,,,,,,,,,,,,,,,,,,0.0,0.0,0.0,0.0,0.0,0.0
1773799313.4003336,False,,,,,,,,,,,,,,,,,,0.0,0.0,0.0,0.0,0.0,0.0
1773799313.410781,False,,,,,,,,,,,,,,,,,,0.0,0.0,0.0,0.0,0.0,0.0
1773799313.4207008,False,,,,,,,,,,,,,,,,,,0.0,0.0,0.0,0.0,0.0,0.0
1773799313.430659,False,,,,,,,,,,,,,,,,,,0.0,0.0,0.0,0.0,0.0,0.0
1773799313.44052,False,,,,,,,,,,,,,,,,,,0.0,0.0,0.0,0.0,0.0,0.0
1773799313.4503372,False,,,,,,,,,,,,,,,,,,0.0,0.0,0.0,0.0,0.0,0.0
1773799313.4600606,False,,,,,,,,,,,,,,,,,,0.0,0.0,0.0,0.0,0.0,0.0
1773799313.4700587,False,,,,,,,,,,,,,,,,,,0.0,0.0,0.0,0.0,0.0,0.0
1773799313.480339,False,,,,,,,,,,,,,,,,,,0.0,0.0,0.0,0.0,0.0,0.0
1773799313.4904118,False,,,,,,,,,,,,,,,,,,0.0,0.0,0.0,0.0,0.0,0.0
1773799313.5006237,False,,,,,,,,,,,,,,,,,,0.0,0.0,0.0,0.0,0.0,0.0
1773799313.5098045,False,,,,,,,,,,,,,,,,,,0.0,0.0,0.0,0.0,0.0,0.0
1773799313.5202734,False,,,,,,,,,,,,,,,,,,0.0,0.0,0.0,0.0,0.0,0.0
1773799313.530292,False,,,,,,,,,,,,,,,,,,0.0,0.0,0.0,0.0,0.0,0.0
1773799313.5403106,False,,,,,,,,,,,,,,,,,,0.0,0.0,0.0,0.0,0.0,0.0
1773799313.550917,False,,,,,,,,,,,,,,,,,,0.0,0.0,0.0,0.0,0.0,0.0
1773799313.5606031,False,,,,,,,,,,,,,,,,,,0.0,0.0,0.0,0.0,0.0,0.0
1773799313.5704186,False,,,,,,,,,,,,,,,,,,0.0,0.0,0.0,0.0,0.0,0.0
1773799313.5802083,False,,,,,,,,,,,,,,,,,,0.0,0.0,0.0,0.0,0.0,0.0
1773799313.5903313,False,,,,,,,,,,,,,,,,,,0.0,0.0,0.0,0.0,0.0,0.0
1773799313.6004207,False,,,,,,,,,,,,,,,,,,0.0,0.0,0.0,0.0,0.0,0.0
1773799313.6100311,False,,,,,,,,,,,,,,,,,,0.0,0.0,0.0,0.0,0.0,0.0
1773799313.6205466,False,,,,,,,,,,,,,,,,,,0.0,0.0,0.0,0.0,0.0,0.0
1773799313.6306403,False,,,,,,,,,,,,,,,,,,0.0,0.0,0.0,0.0,0.0,0.0
1773799313.640698,False,,,,,,,,,,,,,,,,,,0.0,0.0,0.0,0.0,0.0,0.0
1773799313.6502576,False,,,,,,,,,,,,,,,,,,0.0,0.0,0.0,0.0,0.0,0.0
1773799313.6601343,False,,,,,,,,,,,,,,,,,,0.0,0.0,0.0,0.0,0.0,0.0
1773799313.67006,False,,,,,,,,,,,,,,,,,,0.0,0.0,0.0,0.0,0.0,0.0
1773799313.6804068,False,,,,,,,,,,,,,,,,,,0.0,0.0,0.0,0.0,0.0,0.0
1773799313.6900384,False,,,,,,,,,,,,,,,,,,0.0,0.0,0.0,0.0,0.0,0.0
1773799313.7004864,False,,,,,,,,,,,,,,,,,,0.0,0.0,0.0,0.0,0.0,0.0
1773799313.7102475,False,,,,,,,,,,,,,,,,,,0.0,0.0,0.0,0.0,0.0,0.0
1773799313.7205956,False,,,,,,,,,,,,,,,,,,0.0,0.0,0.0,0.0,0.0,0.0
1773799313.7304428,False,,,,,,,,,,,,,,,,,,0.0,0.0,0.0,0.0,0.0,0.0
1773799313.7408242,False,,,,,,,,,,,,,,,,,,0.0,0.0,0.0,0.0,0.0,0.0
1773799313.7506094,False,,,,,,,,,,,,,,,,,,0.0,0.0,0.0,0.0,0.0,0.0
1773799313.7605062,False,,,,,,,,,,,,,,,,,,0.0,0.0,0.0,0.0,0.0,0.0
1773799313.7704828,False,,,,,,,,,,,,,,,,,,0.0,0.0,0.0,0.0,0.0,0.0
1773799313.7802925,False,,,,,,,,,,,,,,,,,,0.0,0.0,0.0,0.0,0.0,0.0
1773799313.7902372,False,,,,,,,,,,,,,,,,,,0.0,0.0,0.0,0.0,0.0,0.0
1773799313.800113,False,,,,,,,,,,,,,,,,,,0.0,0.0,0.0,0.0,0.0,0.0
1773799313.8105845,False,,,,,,,,,,,,,,,,,,0.0,0.0,0.0,0.0,0.0,0.0
1773799313.8204923,False,,,,,,,,,,,,,,,,,,0.0,0.0,0.0,0.0,0.0,0.0
1773799313.8307223,False,,,,,,,,,,,,,,,,,,0.0,0.0,0.0,0.0,0.0,0.0
1773799313.8402314,False,,,,,,,,,,,,,,,,,,0.0,0.0,0.0,0.0,0.0,0.0
1773799313.8502479,False,,,,,,,,,,,,,,,,,,0.0,0.0,0.0,0.0,0.0,0.0
1773799313.8599734,False,,,,,,,,,,,,,,,,,,0.0,0.0,0.0,0.0,0.0,0.0
1773799313.8703406,False,,,,,,,,,,,,,,,,,,0.0,0.0,0.0,0.0,0.0,0.0
1773799313.880525,False,,,,,,,,,,,,,,,,,,0.0,0.0,0.0,0.0,0.0,0.0
1773799313.8905365,False,,,,,,,,,,,,,,,,,,0.0,0.0,0.0,0.0,0.0,0.0
1773799313.9004192,False,,,,,,,,,,,,,,,,,,0.0,0.0,0.0,0.0,0.0,0.0
1773799313.9104452,False,,,,,,,,,,,,,,,,,,0.0,0.0,0.0,0.0,0.0,0.0
1773799313.9202962,False,,,,,,,,,,,,,,,,,,0.0,0.0,0.0,0.0,0.0,0.0
1773799313.9305809,False,,,,,,,,,,,,,,,,,,0.0,0.0,0.0,0.0,0.0,0.0
1773799313.940295,False,,,,,,,,,,,,,,,,,,0.0,0.0,0.0,0.0,0.0,0.0
1773799313.9502838,False,,,,,,,,,,,,,,,,,,0.0,0.0,0.0,0.0,0.0,0.0
1773799313.9603677,False,,,,,,,,,,,,,,,,,,0.0,0.0,0.0,0.0,0.0,0.0
1773799313.9702225,False,,,,,,,,,,,,,,,,,,0.0,0.0,0.0,0.0,0.0,0.0
1773799313.9804695,False,,,,,,,,,,,,,,,,,,0.0,0.0,0.0,0.0,0.0,0.0
1773799313.9906607,False,,,,,,,,,,,,,,,,,,0.0,0.0,0.0,0.0,0.0,0.0
1773799314.0003178,False,,,,,,,,,,,,,,,,,,0.0,0.0,0.0,0.0,0.0,0.0
1773799314.0102777,False,,,,,,,,,,,,,,,,,,0.0,0.0,0.0,0.0,0.0,0.0
1773799314.0205154,False,,,,,,,,,,,,,,,,,,0.0,0.0,0.0,0.0,0.0,0.0
1773799314.030086,False,,,,,,,,,,,,,,,,,,0.0,0.0,0.0,0.0,0.0,0.0
1773799314.042214,False,,,,,,,,,,,,,,,,,,0.0,0.0,0.0,0.0,0.0,0.0
1773799314.051011,False,,,,,,,,,,,,,,,,,,0.0,0.0,0.0,0.0,0.0,0.0
1773799314.0604012,False,,,,,,,,,,,,,,,,,,0.0,0.0,0.0,0.0,0.0,0.0
1773799314.0706828,False,,,,,,,,,,,,,,,,,,0.0,0.0,0.0,0.0,0.0,0.0
1773799314.0805712,False,,,,,,,,,,,,,,,,,,0.0,0.0,0.0,0.0,0.0,0.0
1773799314.0900154,False,,,,,,,,,,,,,,,,,,0.0,0.0,0.0,0.0,0.0,0.0
1773799314.1006532,False,,,,,,,,,,,,,,,,,,0.0,0.0,0.0,0.0,0.0,0.0
1773799314.1101754,False,,,,,,,,,,,,,,,,,,0.0,0.0,0.0,0.0,0.0,0.0
1773799314.1203318,False,,,,,,,,,,,,,,,,,,0.0,0.0,0.0,0.0,0.0,0.0
1773799314.130647,False,,,,,,,,,,,,,,,,,,0.0,0.0,0.0,0.0,0.0,0.0
1773799314.1402524,False,,,,,,,,,,,,,,,,,,0.0,0.0,0.0,0.0,0.0,0.0
1773799314.1505516,False,,,,,,,,,,,,,,,,,,0.0,0.0,0.0,0.0,0.0,0.0
1773799314.160495,False,,,,,,,,,,,,,,,,,,0.0,0.0,0.0,0.0,0.0,0.0
1773799314.170615,False,,,,,,,,,,,,,,,,,,0.0,0.0,0.0,0.0,0.0,0.0
1773799314.1806598,False,,,,,,,,,,,,,,,,,,0.0,0.0,0.0,0.0,0.0,0.0
1773799314.1905777,False,,,,,,,,,,,,,,,,,,0.0,0.0,0.0,0.0,0.0,0.0
1773799314.2004473,False,,,,,,,,,,,,,,,,,,0.0,0.0,0.0,0.0,0.0,0.0
1773799314.210151,False,,,,,,,,,,,,,,,,,,0.0,0.0,0.0,0.0,0.0,0.0
1773799314.2205172,False,,,,,,,,,,,,,,,,,,0.0,0.0,0.0,0.0,0.0,0.0
1773799314.2310078,False,,,,,,,,,,,,,,,,,,0.0,0.0,0.0,0.0,0.0,0.0
1773799314.240677,False,,,,,,,,,,,,,,,,,,0.0,0.0,0.0,0.0,0.0,0.0
1773799314.2503216,False,,,,,,,,,,,,,,,,,,0.0,0.0,0.0,0.0,0.0,0.0
1773799314.2604733,False,,,,,,,,,,,,,,,,,,0.0,0.0,0.0,0.0,0.0,0.0
1773799314.2706776,False,,,,,,,,,,,,,,,,,,0.0,0.0,0.0,0.0,0.0,0.0
1773799314.2802706,False,,,,,,,,,,,,,,,,,,0.0,0.0,0.0,0.0,0.0,0.0
1773799314.2902086,False,,,,,,,,,,,,,,,,,,0.0,0.0,0.0,0.0,0.0,0.0
1773799314.3003423,False,,,,,,,,,,,,,,,,,,0.0,0.0,0.0,0.0,0.0,0.0
1773799314.310649,False,,,,,,,,,,,,,,,,,,0.0,0.0,0.0,0.0,0.0,0.0
1773799314.3207412,False,,,,,,,,,,,,,,,,,,0.0,0.0,0.0,0.0,0.0,0.0
1773799314.3301198,False,,,,,,,,,,,,,,,,,,0.0,0.0,0.0,0.0,0.0,0.0
1773799314.3405883,False,,,,,,,,,,,,,,,,,,0.0,0.0,0.0,0.0,0.0,0.0
1773799314.3500516,False,,,,,,,,,,,,,,,,,,0.0,0.0,0.0,0.0,0.0,0.0
1773799314.3602388,False,,,,,,,,,,,,,,,,,,0.0,0.0,0.0,0.0,0.0,0.0
1773799314.3701677,False,,,,,,,,,,,,,,,,,,0.0,0.0,0.0,0.0,0.0,0.0
1773799314.380265,False,,,,,,,,,,,,,,,,,,0.0,0.0,0.0,0.0,0.0,0.0
1773799314.39028,False,,,,,,,,,,,,,,,,,,0.0,0.0,0.0,0.0,0.0,0.0
1773799314.400207,False,,,,,,,,,,,,,,,,,,0.0,0.0,0.0,0.0,0.0,0.0
1773799314.4101279,False,,,,,,,,,,,,,,,,,,0.0,0.0,0.0,0.0,0.0,0.0
1773799314.4207592,False,,,,,,,,,,,,,,,,,,0.0,0.0,0.0,0.0,0.0,0.0
1773799314.430434,False,,,,,,,,,,,,,,,,,,0.0,0.0,0.0,0.0,0.0,0.0
1773799314.44066,False,,,,,,,,,,,,,,,,,,0.0,0.0,0.0,0.0,0.0,0.0
1773799314.450398,False,,,,,,,,,,,,,,,,,,0.0,0.0,0.0,0.0,0.0,0.0
1773799314.4602916,False,,,,,,,,,,,,,,,,,,0.0,0.0,0.0,0.0,0.0,0.0
1773799314.4705055,False,,,,,,,,,,,,,,,,,,0.0,0.0,0.0,0.0,0.0,0.0
1773799314.480329,False,,,,,,,,,,,,,,,,,,0.0,0.0,0.0,0.0,0.0,0.0
1773799314.490304,False,,,,,,,,,,,,,,,,,,0.0,0.0,0.0,0.0,0.0,0.0
1773799314.500289,False,,,,,,,,,,,,,,,,,,0.0,0.0,0.0,0.0,0.0,0.0
1773799314.5102077,False,,,,,,,,,,,,,,,,,,0.0,0.0,0.0,0.0,0.0,0.0
1773799314.5203352,False,,,,,,,,,,,,,,,,,,0.0,0.0,0.0,0.0,0.0,0.0
1773799314.530612,False,,,,,,,,,,,,,,,,,,0.0,0.0,0.0,0.0,0.0,0.0
1773799314.5403898,False,,,,,,,,,,,,,,,,,,0.0,0.0,0.0,0.0,0.0,0.0
1773799314.5503411,False,,,,,,,,,,,,,,,,,,0.0,0.0,0.0,0.0,0.0,0.0
1773799314.5602841,False,,,,,,,,,,,,,,,,,,0.0,0.0,0.0,0.0,0.0,0.0
1773799314.5704389,False,,,,,,,,,,,,,,,,,,0.0,0.0,0.0,0.0,0.0,0.0
1773799314.5806437,False,,,,,,,,,,,,,,,,,,0.0,0.0,0.0,0.0,0.0,0.0
1773799314.590541,False,,,,,,,,,,,,,,,,,,0.0,0.0,0.0,0.0,0.0,0.0
1773799314.6002405,False,,,,,,,,,,,,,,,,,,0.0,0.0,0.0,0.0,0.0,0.0
1773799314.6104877,False,,,,,,,,,,,,,,,,,,0.0,0.0,0.0,0.0,0.0,0.0
1773799314.620504,False,,,,,,,,,,,,,,,,,,0.0,0.0,0.0,0.0,0.0,0.0
1773799314.6302474,False,,,,,,,,,,,,,,,,,,0.0,0.0,0.0,0.0,0.0,0.0
1773799314.6406424,False,,,,,,,,,,,,,,,,,,0.0,0.0,0.0,0.0,0.0,0.0
1773799314.6505578,False,,,,,,,,,,,,,,,,,,0.0,0.0,0.0,0.0,0.0,0.0
1773799314.6608264,False,,,,,,,,,,,,,,,,,,0.0,0.0,0.0,0.0,0.0,0.0
1773799314.670422,False,,,,,,,,,,,,,,,,,,0.0,0.0,0.0,0.0,0.0,0.0
1773799314.6802819,False,,,,,,,,,,,,,,,,,,0.0,0.0,0.0,0.0,0.0,0.0
1773799314.6906035,False,,,,,,,,,,,,,,,,,,0.0,0.0,0.0,0.0,0.0,0.0
1773799314.7007277,False,,,,,,,,,,,,,,,,,,0.0,0.0,0.0,0.0,0.0,0.0
1773799314.710648,False,,,,,,,,,,,,,,,,,,0.0,0.0,0.0,0.0,0.0,0.0
1773799314.7208037,False,,,,,,,,,,,,,,,,,,0.0,0.0,0.0,0.0,0.0,0.0
1773799314.7304132,False,,,,,,,,,,,,,,,,,,0.0,0.0,0.0,0.0,0.0,0.0
1773799314.740353,False,,,,,,,,,,,,,,,,,,0.0,0.0,0.0,0.0,0.0,0.0
1773799314.7503388,False,,,,,,,,,,,,,,,,,,0.0,0.0,0.0,0.0,0.0,0.0
1773799314.760174,False,,,,,,,,,,,,,,,,,,0.0,0.0,0.0,0.0,0.0,0.0
1773799314.770674,False,,,,,,,,,,,,,,,,,,0.0,0.0,0.0,0.0,0.0,0.0
1773799314.7802331,False,,,,,,,,,,,,,,,,,,0.0,0.0,0.0,0.0,0.0,0.0
1773799314.7906022,False,,,,,,,,,,,,,,,,,,0.0,0.0,0.0,0.0,0.0,0.0
1773799314.800283,False,,,,,,,,,,,,,,,,,,0.0,0.0,0.0,0.0,0.0,0.0
1773799314.8105109,False,,,,,,,,,,,,,,,,,,0.0,0.0,0.0,0.0,0.0,0.0
1773799314.8203447,False,,,,,,,,,,,,,,,,,,0.0,0.0,0.0,0.0,0.0,0.0
1773799314.8301964,False,,,,,,,,,,,,,,,,,,0.0,0.0,0.0,0.0,0.0,0.0
1773799314.8403585,False,,,,,,,,,,,,,,,,,,0.0,0.0,0.0,0.0,0.0,0.0
1773799314.850508,False,,,,,,,,,,,,,,,,,,0.0,0.0,0.0,0.0,0.0,0.0
1773799314.8606937,False,,,,,,,,,,,,,,,,,,0.0,0.0,0.0,0.0,0.0,0.0
1773799314.8703132,False,,,,,,,,,,,,,,,,,,0.0,0.0,0.0,0.0,0.0,0.0
1773799314.880341,False,,,,,,,,,,,,,,,,,,0.0,0.0,0.0,0.0,0.0,0.0
1773799314.890402,False,,,,,,,,,,,,,,,,,,0.0,0.0,0.0,0.0,0.0,0.0
1773799314.9003687,False,,,,,,,,,,,,,,,,,,0.0,0.0,0.0,0.0,0.0,0.0
1773799314.9102867,False,,,,,,,,,,,,,,,,,,0.0,0.0,0.0,0.0,0.0,0.0
1773799314.9209328,False,,,,,,,,,,,,,,,,,,0.0,0.0,0.0,0.0,0.0,0.0
1773799314.9305172,False,,,,,,,,,,,,,,,,,,0.0,0.0,0.0,0.0,0.0,0.0
1773799314.9404833,False,,,,,,,,,,,,,,,,,,0.0,0.0,0.0,0.0,0.0,0.0
1773799314.9508507,False,,,,,,,,,,,,,,,,,,0.0,0.0,0.0,0.0,0.0,0.0
1773799314.9604256,False,,,,,,,,,,,,,,,,,,0.0,0.0,0.0,0.0,0.0,0.0
1773799314.9707484,False,,,,,,,,,,,,,,,,,,0.0,0.0,0.0,0.0,0.0,0.0
1773799314.9807909,False,,,,,,,,,,,,,,,,,,0.0,0.0,0.0,0.0,0.0,0.0
1773799314.990251,False,,,,,,,,,,,,,,,,,,0.0,0.0,0.0,0.0,0.0,0.0
1773799315.0000403,False,,,,,,,,,,,,,,,,,,0.0,0.0,0.0,0.0,0.0,0.0
1773799315.0104218,False,,,,,,,,,,,,,,,,,,0.0,0.0,0.0,0.0,0.0,0.0
1773799315.0202768,False,,,,,,,,,,,,,,,,,,0.0,0.0,0.0,0.0,0.0,0.0
1773799315.0306165,False,,,,,,,,,,,,,,,,,,0.0,0.0,0.0,0.0,0.0,0.0
1773799315.0407515,False,,,,,,,,,,,,,,,,,,0.0,0.0,0.0,0.0,0.0,0.0
1773799315.0506136,False,,,,,,,,,,,,,,,,,,0.0,0.0,0.0,0.0,0.0,0.0
1773799315.0602033,False,,,,,,,,,,,,,,,,,,0.0,0.0,0.0,0.0,0.0,0.0
1773799315.0701995,False,,,,,,,,,,,,,,,,,,0.0,0.0,0.0,0.0,0.0,0.0
1773799315.080341,False,,,,,,,,,,,,,,,,,,0.0,0.0,0.0,0.0,0.0,0.0
1773799315.090282,False,,,,,,,,,,,,,,,,,,0.0,0.0,0.0,0.0,0.0,0.0
1773799315.1004891,False,,,,,,,,,,,,,,,,,,0.0,0.0,0.0,0.0,0.0,0.0
1773799315.1102335,False,,,,,,,,,,,,,,,,,,0.0,0.0,0.0,0.0,0.0,0.0
1773799315.1206236,False,,,,,,,,,,,,,,,,,,0.0,0.0,0.0,0.0,0.0,0.0
1773799315.1309192,False,,,,,,,,,,,,,,,,,,0.0,0.0,0.0,0.0,0.0,0.0
1773799315.1403544,False,,,,,,,,,,,,,,,,,,0.0,0.0,0.0,0.0,0.0,0.0
1773799315.1501112,False,,,,,,,,,,,,,,,,,,0.0,0.0,0.0,0.0,0.0,0.0
1773799315.1603944,False,,,,,,,,,,,,,,,,,,0.0,0.0,0.0,0.0,0.0,0.0
1773799315.1703632,False,,,,,,,,,,,,,,,,,,0.0,0.0,0.0,0.0,0.0,0.0
1773799315.1804848,False,,,,,,,,,,,,,,,,,,0.0,0.0,0.0,0.0,0.0,0.0
1773799315.1903079,False,,,,,,,,,,,,,,,,,,0.0,0.0,0.0,0.0,0.0,0.0
1773799315.2004244,False,,,,,,,,,,,,,,,,,,0.0,0.0,0.0,0.0,0.0,0.0
1773799315.210569,False,,,,,,,,,,,,,,,,,,0.0,0.0,0.0,0.0,0.0,0.0
1773799315.2206624,False,,,,,,,,,,,,,,,,,,0.0,0.0,0.0,0.0,0.0,0.0
1773799315.2306437,False,,,,,,,,,,,,,,,,,,0.0,0.0,0.0,0.0,0.0,0.0
1773799315.2405875,False,,,,,,,,,,,,,,,,,,0.0,0.0,0.0,0.0,0.0,0.0
1773799315.2503762,False,,,,,,,,,,,,,,,,,,0.0,0.0,0.0,0.0,0.0,0.0
1773799315.2605252,False,,,,,,,,,,,,,,,,,,0.0,0.0,0.0,0.0,0.0,0.0
1773799315.270515,False,,,,,,,,,,,,,,,,,,0.0,0.0,0.0,0.0,0.0,0.0
1773799315.2801893,False,,,,,,,,,,,,,,,,,,0.0,0.0,0.0,0.0,0.0,0.0
1773799315.2903886,False,,,,,,,,,,,,,,,,,,0.0,0.0,0.0,0.0,0.0,0.0
1773799315.3002863,False,,,,,,,,,,,,,,,,,,0.0,0.0,0.0,0.0,0.0,0.0
1773799315.3102357,False,,,,,,,,,,,,,,,,,,0.0,0.0,0.0,0.0,0.0,0.0
1773799315.3203907,False,,,,,,,,,,,,,,,,,,0.0,0.0,0.0,0.0,0.0,0.0
1773799315.3304267,False,,,,,,,,,,,,,,,,,,0.0,0.0,0.0,0.0,0.0,0.0
1773799315.3406074,False,,,,,,,,,,,,,,,,,,0.0,0.0,0.0,0.0,0.0,0.0
1773799315.3505023,False,,,,,,,,,,,,,,,,,,0.0,0.0,0.0,0.0,0.0,0.0
1773799315.3603914,False,,,,,,,,,,,,,,,,,,0.0,0.0,0.0,0.0,0.0,0.0
1773799315.3701236,False,,,,,,,,,,,,,,,,,,0.0,0.0,0.0,0.0,0.0,0.0
1773799315.3803604,False,,,,,,,,,,,,,,,,,,0.0,0.0,0.0,0.0,0.0,0.0
1773799315.3902678,False,,,,,,,,,,,,,,,,,,0.0,0.0,0.0,0.0,0.0,0.0
1773799315.4002922,False,,,,,,,,,,,,,,,,,,0.0,0.0,0.0,0.0,0.0,0.0
1773799315.4107368,False,,,,,,,,,,,,,,,,,,0.0,0.0,0.0,0.0,0.0,0.0
1773799315.4204667,False,,,,,,,,,,,,,,,,,,0.0,0.0,0.0,0.0,0.0,0.0
1773799315.4306283,False,,,,,,,,,,,,,,,,,,0.0,0.0,0.0,0.0,0.0,0.0
1773799315.4402728,False,,,,,,,,,,,,,,,,,,0.0,0.0,0.0,0.0,0.0,0.0
1773799315.4504097,False,,,,,,,,,,,,,,,,,,0.0,0.0,0.0,0.0,0.0,0.0
1773799315.460541,False,,,,,,,,,,,,,,,,,,0.0,0.0,0.0,0.0,0.0,0.0
1773799315.4709249,False,,,,,,,,,,,,,,,,,,0.0,0.0,0.0,0.0,0.0,0.0
1773799315.4801457,False,,,,,,,,,,,,,,,,,,0.0,0.0,0.0,0.0,0.0,0.0
1773799315.4901538,False,,,,,,,,,,,,,,,,,,0.0,0.0,0.0,0.0,0.0,0.0
1773799315.500505,False,,,,,,,,,,,,,,,,,,0.0,0.0,0.0,0.0,0.0,0.0
1773799315.5103195,False,,,,,,,,,,,,,,,,,,0.0,0.0,0.0,0.0,0.0,0.0
1773799315.5200415,False,,,,,,,,,,,,,,,,,,0.0,0.0,0.0,0.0,0.0,0.0
1773799315.5306013,False,,,,,,,,,,,,,,,,,,0.0,0.0,0.0,0.0,0.0,0.0
1773799315.5406756,False,,,,,,,,,,,,,,,,,,0.0,0.0,0.0,0.0,0.0,0.0
1773799315.5501854,False,,,,,,,,,,,,,,,,,,0.0,0.0,0.0,0.0,0.0,0.0
1773799315.5605047,False,,,,,,,,,,,,,,,,,,0.0,0.0,0.0,0.0,0.0,0.0
1773799315.5703034,False,,,,,,,,,,,,,,,,,,0.0,0.0,0.0,0.0,0.0,0.0
1773799315.5801528,False,,,,,,,,,,,,,,,,,,0.0,0.0,0.0,0.0,0.0,0.0
1773799315.5906835,False,,,,,,,,,,,,,,,,,,0.0,0.0,0.0,0.0,0.0,0.0
1773799315.6005778,False,,,,,,,,,,,,,,,,,,0.0,0.0,0.0,0.0,0.0,0.0
1773799315.6105008,False,,,,,,,,,,,,,,,,,,0.0,0.0,0.0,0.0,0.0,0.0
1773799315.6205094,False,,,,,,,,,,,,,,,,,,0.0,0.0,0.0,0.0,0.0,0.0
1773799315.6303394,False,,,,,,,,,,,,,,,,,,0.0,0.0,0.0,0.0,0.0,0.0
1773799315.6405678,False,,,,,,,,,,,,,,,,,,0.0,0.0,0.0,0.0,0.0,0.0
1773799315.6506174,False,,,,,,,,,,,,,,,,,,0.0,0.0,0.0,0.0,0.0,0.0
1773799315.6601152,False,,,,,,,,,,,,,,,,,,0.0,0.0,0.0,0.0,0.0,0.0
1773799315.6704137,False,,,,,,,,,,,,,,,,,,0.0,0.0,0.0,0.0,0.0,0.0
1773799315.6805322,False,,,,,,,,,,,,,,,,,,0.0,0.0,0.0,0.0,0.0,0.0
1773799315.6905732,False,,,,,,,,,,,,,,,,,,0.0,0.0,0.0,0.0,0.0,0.0
1773799315.7000628,False,,,,,,,,,,,,,,,,,,0.0,0.0,0.0,0.0,0.0,0.0
1773799315.7103412,False,,,,,,,,,,,,,,,,,,0.0,0.0,0.0,0.0,0.0,0.0
1773799315.7205203,False,,,,,,,,,,,,,,,,,,0.0,0.0,0.0,0.0,0.0,0.0
1773799315.7302024,False,,,,,,,,,,,,,,,,,,0.0,0.0,0.0,0.0,0.0,0.0
1773799315.7404687,False,,,,,,,,,,,,,,,,,,0.0,0.0,0.0,0.0,0.0,0.0
1773799315.7506151,False,,,,,,,,,,,,,,,,,,0.0,0.0,0.0,0.0,0.0,0.0
1773799315.760354,False,,,,,,,,,,,,,,,,,,0.0,0.0,0.0,0.0,0.0,0.0
1773799315.7707083,False,,,,,,,,,,,,,,,,,,0.0,0.0,0.0,0.0,0.0,0.0
1773799315.7800405,False,,,,,,,,,,,,,,,,,,0.0,0.0,0.0,0.0,0.0,0.0
1773799315.790266,False,,,,,,,,,,,,,,,,,,0.0,0.0,0.0,0.0,0.0,0.0
1773799315.8001375,False,,,,,,,,,,,,,,,,,,0.0,0.0,0.0,0.0,0.0,0.0
1773799315.8106377,False,,,,,,,,,,,,,,,,,,0.0,0.0,0.0,0.0,0.0,0.0
1773799315.8203897,False,,,,,,,,,,,,,,,,,,0.0,0.0,0.0,0.0,0.0,0.0
1773799315.8306499,False,,,,,,,,,,,,,,,,,,0.0,0.0,0.0,0.0,0.0,0.0
1773799315.8405442,False,,,,,,,,,,,,,,,,,,0.0,0.0,0.0,0.0,0.0,0.0
1773799315.8503506,False,,,,,,,,,,,,,,,,,,0.0,0.0,0.0,0.0,0.0,0.0
1773799315.8607872,False,,,,,,,,,,,,,,,,,,0.0,0.0,0.0,0.0,0.0,0.0
1773799315.8707244,False,,,,,,,,,,,,,,,,,,0.0,0.0,0.0,0.0,0.0,0.0
1773799315.8806276,False,,,,,,,,,,,,,,,,,,0.0,0.0,0.0,0.0,0.0,0.0
1773799315.8905876,False,,,,,,,,,,,,,,,,,,0.0,0.0,0.0,0.0,0.0,0.0
1773799315.9002278,False,,,,,,,,,,,,,,,,,,0.0,0.0,0.0,0.0,0.0,0.0
1773799315.910511,False,,,,,,,,,,,,,,,,,,0.0,0.0,0.0,0.0,0.0,0.0
1773799315.920753,False,,,,,,,,,,,,,,,,,,0.0,0.0,0.0,0.0,0.0,0.0
1773799315.9306324,False,,,,,,,,,,,,,,,,,,0.0,0.0,0.0,0.0,0.0,0.0
1773799315.9402473,False,,,,,,,,,,,,,,,,,,0.0,0.0,0.0,0.0,0.0,0.0
1773799315.9507823,False,,,,,,,,,,,,,,,,,,0.0,0.0,0.0,0.0,0.0,0.0
1773799315.9608335,False,,,,,,,,,,,,,,,,,,0.0,0.0,0.0,0.0,0.0,0.0
1773799315.9705446,False,,,,,,,,,,,,,,,,,,0.0,0.0,0.0,0.0,0.0,0.0
1773799315.9801521,False,,,,,,,,,,,,,,,,,,0.0,0.0,0.0,0.0,0.0,0.0
1773799315.9905992,False,,,,,,,,,,,,,,,,,,0.0,0.0,0.0,0.0,0.0,0.0
1773799316.0000432,False,,,,,,,,,,,,,,,,,,0.0,0.0,0.0,0.0,0.0,0.0
1773799316.0105479,False,,,,,,,,,,,,,,,,,,0.0,0.0,0.0,0.0,0.0,0.0
1773799316.0201735,False,,,,,,,,,,,,,,,,,,0.0,0.0,0.0,0.0,0.0,0.0
1773799316.030233,False,,,,,,,,,,,,,,,,,,0.0,0.0,0.0,0.0,0.0,0.0
1773799316.040188,False,,,,,,,,,,,,,,,,,,0.0,0.0,0.0,0.0,0.0,0.0
1773799316.0504344,False,,,,,,,,,,,,,,,,,,0.0,0.0,0.0,0.0,0.0,0.0
1773799316.060074,False,,,,,,,,,,,,,,,,,,0.0,0.0,0.0,0.0,0.0,0.0
1773799316.0706553,False,,,,,,,,,,,,,,,,,,0.0,0.0,0.0,0.0,0.0,0.0
1773799316.0804336,False,,,,,,,,,,,,,,,,,,0.0,0.0,0.0,0.0,0.0,0.0
1773799316.0909967,False,,,,,,,,,,,,,,,,,,0.0,0.0,0.0,0.0,0.0,0.0
1773799316.101208,False,,,,,,,,,,,,,,,,,,0.0,0.0,0.0,0.0,0.0,0.0
1773799316.1116695,False,,,,,,,,,,,,,,,,,,0.0,0.0,0.0,0.0,0.0,0.0
1773799316.1203656,False,,,,,,,,,,,,,,,,,,0.0,0.0,0.0,0.0,0.0,0.0
1773799316.1303358,False,,,,,,,,,,,,,,,,,,0.0,0.0,0.0,0.0,0.0,0.0
1773799316.1405313,False,,,,,,,,,,,,,,,,,,0.0,0.0,0.0,0.0,0.0,0.0
1773799316.1503794,False,,,,,,,,,,,,,,,,,,0.0,0.0,0.0,0.0,0.0,0.0
1773799316.1604075,False,,,,,,,,,,,,,,,,,,0.0,0.0,0.0,0.0,0.0,0.0
1773799316.1707046,False,,,,,,,,,,,,,,,,,,0.0,0.0,0.0,0.0,0.0,0.0
1773799316.18001,False,,,,,,,,,,,,,,,,,,0.0,0.0,0.0,0.0,0.0,0.0
1773799316.1902864,False,,,,,,,,,,,,,,,,,,0.0,0.0,0.0,0.0,0.0,0.0
1773799316.200483,False,,,,,,,,,,,,,,,,,,0.0,0.0,0.0,0.0,0.0,0.0
1773799316.2105582,False,,,,,,,,,,,,,,,,,,0.0,0.0,0.0,0.0,0.0,0.0
1773799316.2208247,False,,,,,,,,,,,,,,,,,,0.0,0.0,0.0,0.0,0.0,0.0
1773799316.230274,False,,,,,,,,,,,,,,,,,,0.0,0.0,0.0,0.0,0.0,0.0
1773799316.2405453,False,,,,,,,,,,,,,,,,,,0.0,0.0,0.0,0.0,0.0,0.0
1773799316.2505236,False,,,,,,,,,,,,,,,,,,0.0,0.0,0.0,0.0,0.0,0.0
1773799316.2602043,False,,,,,,,,,,,,,,,,,,0.0,0.0,0.0,0.0,0.0,0.0
1773799316.2702186,False,,,,,,,,,,,,,,,,,,0.0,0.0,0.0,0.0,0.0,0.0
1773799316.2801151,False,,,,,,,,,,,,,,,,,,0.0,0.0,0.0,0.0,0.0,0.0
1773799316.2904122,False,,,,,,,,,,,,,,,,,,0.0,0.0,0.0,0.0,0.0,0.0
1773799316.300683,False,,,,,,,,,,,,,,,,,,0.0,0.0,0.0,0.0,0.0,0.0
1773799316.3103852,False,,,,,,,,,,,,,,,,,,0.0,0.0,0.0,0.0,0.0,0.0
1773799316.3206103,False,,,,,,,,,,,,,,,,,,0.0,0.0,0.0,0.0,0.0,0.0
1773799316.3302917,False,,,,,,,,,,,,,,,,,,0.0,0.0,0.0,0.0,0.0,0.0
1773799316.3405495,False,,,,,,,,,,,,,,,,,,0.0,0.0,0.0,0.0,0.0,0.0
1773799316.3503644,False,,,,,,,,,,,,,,,,,,0.0,0.0,0.0,0.0,0.0,0.0
1773799316.360383,False,,,,,,,,,,,,,,,,,,0.0,0.0,0.0,0.0,0.0,0.0
1773799316.3708482,False,,,,,,,,,,,,,,,,,,0.0,0.0,0.0,0.0,0.0,0.0
1773799316.380407,False,,,,,,,,,,,,,,,,,,0.0,0.0,0.0,0.0,0.0,0.0
1773799316.3907058,False,,,,,,,,,,,,,,,,,,0.0,0.0,0.0,0.0,0.0,0.0
1773799316.4004326,False,,,,,,,,,,,,,,,,,,0.0,0.0,0.0,0.0,0.0,0.0
1773799316.410398,False,,,,,,,,,,,,,,,,,,0.0,0.0,0.0,0.0,0.0,0.0
1773799316.4203236,False,,,,,,,,,,,,,,,,,,0.0,0.0,0.0,0.0,0.0,0.0
1773799316.430312,False,,,,,,,,,,,,,,,,,,0.0,0.0,0.0,0.0,0.0,0.0
1773799316.4402432,False,,,,,,,,,,,,,,,,,,0.0,0.0,0.0,0.0,0.0,0.0
1773799316.4504745,False,,,,,,,,,,,,,,,,,,0.0,0.0,0.0,0.0,0.0,0.0
1773799316.4605665,False,,,,,,,,,,,,,,,,,,0.0,0.0,0.0,0.0,0.0,0.0
1773799316.4705164,False,,,,,,,,,,,,,,,,,,0.0,0.0,0.0,0.0,0.0,0.0
1773799316.4803286,False,,,,,,,,,,,,,,,,,,0.0,0.0,0.0,0.0,0.0,0.0
1773799316.4902296,False,,,,,,,,,,,,,,,,,,0.0,0.0,0.0,0.0,0.0,0.0
1773799316.5003939,False,,,,,,,,,,,,,,,,,,0.0,0.0,0.0,0.0,0.0,0.0
1773799316.5106463,False,,,,,,,,,,,,,,,,,,0.0,0.0,0.0,0.0,0.0,0.0
1773799316.5202386,False,,,,,,,,,,,,,,,,,,0.0,0.0,0.0,0.0,0.0,0.0
1773799316.5306885,False,,,,,,,,,,,,,,,,,,0.0,0.0,0.0,0.0,0.0,0.0
1773799316.540443,False,,,,,,,,,,,,,,,,,,0.0,0.0,0.0,0.0,0.0,0.0
1773799316.5502865,False,,,,,,,,,,,,,,,,,,0.0,0.0,0.0,0.0,0.0,0.0
1773799316.56061,False,,,,,,,,,,,,,,,,,,0.0,0.0,0.0,0.0,0.0,0.0
1773799316.570227,False,,,,,,,,,,,,,,,,,,0.0,0.0,0.0,0.0,0.0,0.0
1773799316.5805254,False,,,,,,,,,,,,,,,,,,0.0,0.0,0.0,0.0,0.0,0.0
1773799316.5904505,False,,,,,,,,,,,,,,,,,,0.0,0.0,0.0,0.0,0.0,0.0
1773799316.600526,False,,,,,,,,,,,,,,,,,,0.0,0.0,0.0,0.0,0.0,0.0
1773799316.6106749,False,,,,,,,,,,,,,,,,,,0.0,0.0,0.0,0.0,0.0,0.0
1773799316.6204882,False,,,,,,,,,,,,,,,,,,0.0,0.0,0.0,0.0,0.0,0.0
1773799316.630242,False,,,,,,,,,,,,,,,,,,0.0,0.0,0.0,0.0,0.0,0.0
1773799316.6404557,False,,,,,,,,,,,,,,,,,,0.0,0.0,0.0,0.0,0.0,0.0
1773799316.650265,False,,,,,,,,,,,,,,,,,,0.0,0.0,0.0,0.0,0.0,0.0
1773799316.6604185,False,,,,,,,,,,,,,,,,,,0.0,0.0,0.0,0.0,0.0,0.0
1773799316.670204,False,,,,,,,,,,,,,,,,,,0.0,0.0,0.0,0.0,0.0,0.0
1773799316.6802955,False,,,,,,,,,,,,,,,,,,0.0,0.0,0.0,0.0,0.0,0.0
1773799316.6907845,False,,,,,,,,,,,,,,,,,,0.0,0.0,0.0,0.0,0.0,0.0
1773799316.7005427,False,,,,,,,,,,,,,,,,,,0.0,0.0,0.0,0.0,0.0,0.0
1773799316.710172,False,,,,,,,,,,,,,,,,,,0.0,0.0,0.0,0.0,0.0,0.0
1773799316.7204838,False,,,,,,,,,,,,,,,,,,0.0,0.0,0.0,0.0,0.0,0.0
1773799316.730575,False,,,,,,,,,,,,,,,,,,0.0,0.0,0.0,0.0,0.0,0.0
1773799316.7400403,False,,,,,,,,,,,,,,,,,,0.0,0.0,0.0,0.0,0.0,0.0
1773799316.7500815,False,,,,,,,,,,,,,,,,,,0.0,0.0,0.0,0.0,0.0,0.0
1773799316.7606242,False,,,,,,,,,,,,,,,,,,0.0,0.0,0.0,0.0,0.0,0.0
1773799316.7706537,False,,,,,,,,,,,,,,,,,,0.0,0.0,0.0,0.0,0.0,0.0
1773799316.7803788,False,,,,,,,,,,,,,,,,,,0.0,0.0,0.0,0.0,0.0,0.0
1773799316.7903514,False,,,,,,,,,,,,,,,,,,0.0,0.0,0.0,0.0,0.0,0.0
1773799316.8006632,False,,,,,,,,,,,,,,,,,,0.0,0.0,0.0,0.0,0.0,0.0
1773799316.8103416,False,,,,,,,,,,,,,,,,,,0.0,0.0,0.0,0.0,0.0,0.0
1773799316.820381,False,,,,,,,,,,,,,,,,,,0.0,0.0,0.0,0.0,0.0,0.0
1773799316.8302228,False,,,,,,,,,,,,,,,,,,0.0,0.0,0.0,0.0,0.0,0.0
1773799316.8402486,False,,,,,,,,,,,,,,,,,,0.0,0.0,0.0,0.0,0.0,0.0
1773799316.8501604,False,,,,,,,,,,,,,,,,,,0.0,0.0,0.0,0.0,0.0,0.0
1773799316.8601987,False,,,,,,,,,,,,,,,,,,0.0,0.0,0.0,0.0,0.0,0.0
1773799316.8704157,False,,,,,,,,,,,,,,,,,,0.0,0.0,0.0,0.0,0.0,0.0
1773799316.8802316,False,,,,,,,,,,,,,,,,,,0.0,0.0,0.0,0.0,0.0,0.0
1773799316.8905175,False,,,,,,,,,,,,,,,,,,0.0,0.0,0.0,0.0,0.0,0.0
1773799316.9000847,False,,,,,,,,,,,,,,,,,,0.0,0.0,0.0,0.0,0.0,0.0
1773799316.910318,False,,,,,,,,,,,,,,,,,,0.0,0.0,0.0,0.0,0.0,0.0
1773799316.9209652,False,,,,,,,,,,,,,,,,,,0.0,0.0,0.0,0.0,0.0,0.0
1773799316.930529,False,,,,,,,,,,,,,,,,,,0.0,0.0,0.0,0.0,0.0,0.0
1773799316.9405613,False,,,,,,,,,,,,,,,,,,0.0,0.0,0.0,0.0,0.0,0.0
1773799316.9503093,False,,,,,,,,,,,,,,,,,,0.0,0.0,0.0,0.0,0.0,0.0
1773799316.9602172,False,,,,,,,,,,,,,,,,,,0.0,0.0,0.0,0.0,0.0,0.0
1773799316.97032,False,,,,,,,,,,,,,,,,,,0.0,0.0,0.0,0.0,0.0,0.0
1773799316.980375,False,,,,,,,,,,,,,,,,,,0.0,0.0,0.0,0.0,0.0,0.0
1773799316.9906793,False,,,,,,,,,,,,,,,,,,0.0,0.0,0.0,0.0,0.0,0.0
1773799317.000531,False,,,,,,,,,,,,,,,,,,0.0,0.0,0.0,0.0,0.0,0.0
1773799317.010864,False,,,,,,,,,,,,,,,,,,0.0,0.0,0.0,0.0,0.0,0.0
1773799317.020714,False,,,,,,,,,,,,,,,,,,0.0,0.0,0.0,0.0,0.0,0.0
1773799317.0301554,False,,,,,,,,,,,,,,,,,,0.0,0.0,0.0,0.0,0.0,0.0
1773799317.0402808,False,,,,,,,,,,,,,,,,,,0.0,0.0,0.0,0.0,0.0,0.0
1773799317.0505698,False,,,,,,,,,,,,,,,,,,0.0,0.0,0.0,0.0,0.0,0.0
1773799317.0604372,False,,,,,,,,,,,,,,,,,,0.0,0.0,0.0,0.0,0.0,0.0
1773799317.0698922,False,,,,,,,,,,,,,,,,,,0.0,0.0,0.0,0.0,0.0,0.0
1773799317.080401,False,,,,,,,,,,,,,,,,,,0.0,0.0,0.0,0.0,0.0,0.0
1773799317.0904388,False,,,,,,,,,,,,,,,,,,0.0,0.0,0.0,0.0,0.0,0.0
1773799317.1001155,False,,,,,,,,,,,,,,,,,,0.0,0.0,0.0,0.0,0.0,0.0
1773799317.1101737,False,,,,,,,,,,,,,,,,,,0.0,0.0,0.0,0.0,0.0,0.0
1773799317.1202316,False,,,,,,,,,,,,,,,,,,0.0,0.0,0.0,0.0,0.0,0.0
1773799317.1303582,False,,,,,,,,,,,,,,,,,,0.0,0.0,0.0,0.0,0.0,0.0
1773799317.1403809,False,,,,,,,,,,,,,,,,,,0.0,0.0,0.0,0.0,0.0,0.0
1773799317.1504827,False,,,,,,,,,,,,,,,,,,0.0,0.0,0.0,0.0,0.0,0.0
1773799317.1606956,False,,,,,,,,,,,,,,,,,,0.0,0.0,0.0,0.0,0.0,0.0
1773799317.1705842,False,,,,,,,,,,,,,,,,,,0.0,0.0,0.0,0.0,0.0,0.0
1773799317.180342,False,,,,,,,,,,,,,,,,,,0.0,0.0,0.0,0.0,0.0,0.0
1773799317.1907165,False,,,,,,,,,,,,,,,,,,0.0,0.0,0.0,0.0,0.0,0.0
1773799317.2005239,False,,,,,,,,,,,,,,,,,,0.0,0.0,0.0,0.0,0.0,0.0
1773799317.2102838,False,,,,,,,,,,,,,,,,,,0.0,0.0,0.0,0.0,0.0,0.0
1773799317.2202253,False,,,,,,,,,,,,,,,,,,0.0,0.0,0.0,0.0,0.0,0.0
1773799317.2304323,False,,,,,,,,,,,,,,,,,,0.0,0.0,0.0,0.0,0.0,0.0
1773799317.2402096,False,,,,,,,,,,,,,,,,,,0.0,0.0,0.0,0.0,0.0,0.0
1773799317.250633,False,,,,,,,,,,,,,,,,,,0.0,0.0,0.0,0.0,0.0,0.0
1773799317.260248,False,,,,,,,,,,,,,,,,,,0.0,0.0,0.0,0.0,0.0,0.0
1773799317.270647,False,,,,,,,,,,,,,,,,,,0.0,0.0,0.0,0.0,0.0,0.0
1773799317.2806618,False,,,,,,,,,,,,,,,,,,0.0,0.0,0.0,0.0,0.0,0.0
1773799317.2905493,False,,,,,,,,,,,,,,,,,,0.0,0.0,0.0,0.0,0.0,0.0
1773799317.3003526,False,,,,,,,,,,,,,,,,,,0.0,0.0,0.0,0.0,0.0,0.0
1773799317.310169,False,,,,,,,,,,,,,,,,,,0.0,0.0,0.0,0.0,0.0,0.0
1773799317.3205743,False,,,,,,,,,,,,,,,,,,0.0,0.0,0.0,0.0,0.0,0.0
1773799317.330177,False,,,,,,,,,,,,,,,,,,0.0,0.0,0.0,0.0,0.0,0.0
1773799317.3403177,False,,,,,,,,,,,,,,,,,,0.0,0.0,0.0,0.0,0.0,0.0
1773799317.3503032,False,,,,,,,,,,,,,,,,,,0.0,0.0,0.0,0.0,0.0,0.0
1773799317.3603954,False,,,,,,,,,,,,,,,,,,0.0,0.0,0.0,0.0,0.0,0.0
1773799317.3703303,False,,,,,,,,,,,,,,,,,,0.0,0.0,0.0,0.0,0.0,0.0
1773799317.380274,False,,,,,,,,,,,,,,,,,,0.0,0.0,0.0,0.0,0.0,0.0
1773799317.3907208,False,,,,,,,,,,,,,,,,,,0.0,0.0,0.0,0.0,0.0,0.0
1773799317.4003391,False,,,,,,,,,,,,,,,,,,0.0,0.0,0.0,0.0,0.0,0.0
1773799317.4103649,False,,,,,,,,,,,,,,,,,,0.0,0.0,0.0,0.0,0.0,0.0
1773799317.420549,False,,,,,,,,,,,,,,,,,,0.0,0.0,0.0,0.0,0.0,0.0
1773799317.4303584,False,,,,,,,,,,,,,,,,,,0.0,0.0,0.0,0.0,0.0,0.0
1773799317.4402077,False,,,,,,,,,,,,,,,,,,0.0,0.0,0.0,0.0,0.0,0.0
1773799317.4505715,False,,,,,,,,,,,,,,,,,,0.0,0.0,0.0,0.0,0.0,0.0
1773799317.4605262,False,,,,,,,,,,,,,,,,,,0.0,0.0,0.0,0.0,0.0,0.0
1773799317.4703505,False,,,,,,,,,,,,,,,,,,0.0,0.0,0.0,0.0,0.0,0.0
1773799317.4803915,False,,,,,,,,,,,,,,,,,,0.0,0.0,0.0,0.0,0.0,0.0
1773799317.490262,False,,,,,,,,,,,,,,,,,,0.0,0.0,0.0,0.0,0.0,0.0
1773799317.5004966,False,,,,,,,,,,,,,,,,,,0.0,0.0,0.0,0.0,0.0,0.0
1773799317.5102654,False,,,,,,,,,,,,,,,,,,0.0,0.0,0.0,0.0,0.0,0.0
1773799317.5203753,False,,,,,,,,,,,,,,,,,,0.0,0.0,0.0,0.0,0.0,0.0
1773799317.5307117,False,,,,,,,,,,,,,,,,,,0.0,0.0,0.0,0.0,0.0,0.0
1773799317.5405638,False,,,,,,,,,,,,,,,,,,0.0,0.0,0.0,0.0,0.0,0.0
1773799317.5505326,False,,,,,,,,,,,,,,,,,,0.0,0.0,0.0,0.0,0.0,0.0
1773799317.5603428,False,,,,,,,,,,,,,,,,,,0.0,0.0,0.0,0.0,0.0,0.0
1773799317.5704753,False,,,,,,,,,,,,,,,,,,0.0,0.0,0.0,0.0,0.0,0.0
1773799317.5798974,False,,,,,,,,,,,,,,,,,,0.0,0.0,0.0,0.0,0.0,0.0
1773799317.5903158,False,,,,,,,,,,,,,,,,,,0.0,0.0,0.0,0.0,0.0,0.0
1773799317.6006167,False,,,,,,,,,,,,,,,,,,0.0,0.0,0.0,0.0,0.0,0.0
1773799317.6103644,False,,,,,,,,,,,,,,,,,,0.0,0.0,0.0,0.0,0.0,0.0
1773799317.620256,False,,,,,,,,,,,,,,,,,,0.0,0.0,0.0,0.0,0.0,0.0
1773799317.6300964,False,,,,,,,,,,,,,,,,,,0.0,0.0,0.0,0.0,0.0,0.0
1773799317.640471,False,,,,,,,,,,,,,,,,,,0.0,0.0,0.0,0.0,0.0,0.0
1773799317.6508293,False,,,,,,,,,,,,,,,,,,0.0,0.0,0.0,0.0,0.0,0.0
1773799317.660101,False,,,,,,,,,,,,,,,,,,0.0,0.0,0.0,0.0,0.0,0.0
1773799317.6703637,False,,,,,,,,,,,,,,,,,,0.0,0.0,0.0,0.0,0.0,0.0
1773799317.6803553,False,,,,,,,,,,,,,,,,,,0.0,0.0,0.0,0.0,0.0,0.0
1773799317.6901288,False,,,,,,,,,,,,,,,,,,0.0,0.0,0.0,0.0,0.0,0.0
1773799317.7004614,False,,,,,,,,,,,,,,,,,,0.0,0.0,0.0,0.0,0.0,0.0
1773799317.710425,False,,,,,,,,,,,,,,,,,,0.0,0.0,0.0,0.0,0.0,0.0
1773799317.7202628,False,,,,,,,,,,,,,,,,,,0.0,0.0,0.0,0.0,0.0,0.0
1773799317.7303638,False,,,,,,,,,,,,,,,,,,0.0,0.0,0.0,0.0,0.0,0.0
1773799317.740219,False,,,,,,,,,,,,,,,,,,0.0,0.0,0.0,0.0,0.0,0.0
1773799317.7502835,False,,,,,,,,,,,,,,,,,,0.0,0.0,0.0,0.0,0.0,0.0
1773799317.7603981,False,,,,,,,,,,,,,,,,,,0.0,0.0,0.0,0.0,0.0,0.0
1773799317.770208,False,,,,,,,,,,,,,,,,,,0.0,0.0,0.0,0.0,0.0,0.0
1773799317.7803335,False,,,,,,,,,,,,,,,,,,0.0,0.0,0.0,0.0,0.0,0.0
1773799317.7905412,False,,,,,,,,,,,,,,,,,,0.0,0.0,0.0,0.0,0.0,0.0
1773799317.8004892,False,,,,,,,,,,,,,,,,,,0.0,0.0,0.0,0.0,0.0,0.0
1773799317.8103774,False,,,,,,,,,,,,,,,,,,0.0,0.0,0.0,0.0,0.0,0.0
1773799317.8202934,False,,,,,,,,,,,,,,,,,,0.0,0.0,0.0,0.0,0.0,0.0
1773799317.8303308,False,,,,,,,,,,,,,,,,,,0.0,0.0,0.0,0.0,0.0,0.0
1773799317.8404717,False,,,,,,,,,,,,,,,,,,0.0,0.0,0.0,0.0,0.0,0.0
1773799317.8505409,False,,,,,,,,,,,,,,,,,,0.0,0.0,0.0,0.0,0.0,0.0
1773799317.8604474,False,,,,,,,,,,,,,,,,,,0.0,0.0,0.0,0.0,0.0,0.0
1773799317.8705661,False,,,,,,,,,,,,,,,,,,0.0,0.0,0.0,0.0,0.0,0.0
1773799317.8803477,False,,,,,,,,,,,,,,,,,,0.0,0.0,0.0,0.0,0.0,0.0
1773799317.8905785,False,,,,,,,,,,,,,,,,,,0.0,0.0,0.0,0.0,0.0,0.0
1773799317.9005501,False,,,,,,,,,,,,,,,,,,0.0,0.0,0.0,0.0,0.0,0.0
1773799317.9103408,False,,,,,,,,,,,,,,,,,,0.0,0.0,0.0,0.0,0.0,0.0
1773799317.9203146,False,,,,,,,,,,,,,,,,,,0.0,0.0,0.0,0.0,0.0,0.0
1773799317.930261,False,,,,,,,,,,,,,,,,,,0.0,0.0,0.0,0.0,0.0,0.0
1773799317.9407523,False,,,,,,,,,,,,,,,,,,0.0,0.0,0.0,0.0,0.0,0.0
1773799317.9503136,False,,,,,,,,,,,,,,,,,,0.0,0.0,0.0,0.0,0.0,0.0
1773799317.9602926,False,,,,,,,,,,,,,,,,,,0.0,0.0,0.0,0.0,0.0,0.0
1773799317.9705944,False,,,,,,,,,,,,,,,,,,0.0,0.0,0.0,0.0,0.0,0.0
1773799317.980694,False,,,,,,,,,,,,,,,,,,0.0,0.0,0.0,0.0,0.0,0.0
1773799317.9904113,False,,,,,,,,,,,,,,,,,,0.0,0.0,0.0,0.0,0.0,0.0
1773799318.0000231,False,,,,,,,,,,,,,,,,,,0.0,0.0,0.0,0.0,0.0,0.0
1773799318.0102015,False,,,,,,,,,,,,,,,,,,0.0,0.0,0.0,0.0,0.0,0.0
1773799318.0200727,False,,,,,,,,,,,,,,,,,,0.0,0.0,0.0,0.0,0.0,0.0
1773799318.0301049,False,,,,,,,,,,,,,,,,,,0.0,0.0,0.0,0.0,0.0,0.0
1773799318.0400646,False,,,,,,,,,,,,,,,,,,0.0,0.0,0.0,0.0,0.0,0.0
1773799318.0504425,False,,,,,,,,,,,,,,,,,,0.0,0.0,0.0,0.0,0.0,0.0
1773799318.060815,False,,,,,,,,,,,,,,,,,,0.0,0.0,0.0,0.0,0.0,0.0
1773799318.07044,False,,,,,,,,,,,,,,,,,,0.0,0.0,0.0,0.0,0.0,0.0
1773799318.0802798,False,,,,,,,,,,,,,,,,,,0.0,0.0,0.0,0.0,0.0,0.0
1773799318.09035,False,,,,,,,,,,,,,,,,,,0.0,0.0,0.0,0.0,0.0,0.0
1773799318.1004422,False,,,,,,,,,,,,,,,,,,0.0,0.0,0.0,0.0,0.0,0.0
1773799318.1102827,False,,,,,,,,,,,,,,,,,,0.0,0.0,0.0,0.0,0.0,0.0
1773799318.1204197,False,,,,,,,,,,,,,,,,,,0.0,0.0,0.0,0.0,0.0,0.0
1773799318.1307373,False,,,,,,,,,,,,,,,,,,0.0,0.0,0.0,0.0,0.0,0.0
1773799318.1410449,False,,,,,,,,,,,,,,,,,,0.0,0.0,0.0,0.0,0.0,0.0
1773799318.1507778,False,,,,,,,,,,,,,,,,,,0.0,0.0,0.0,0.0,0.0,0.0
1773799318.1607497,False,,,,,,,,,,,,,,,,,,0.0,0.0,0.0,0.0,0.0,0.0
1773799318.1704526,False,,,,,,,,,,,,,,,,,,0.0,0.0,0.0,0.0,0.0,0.0
1773799318.1801682,False,,,,,,,,,,,,,,,,,,0.0,0.0,0.0,0.0,0.0,0.0
1773799318.1903474,False,,,,,,,,,,,,,,,,,,0.0,0.0,0.0,0.0,0.0,0.0
1773799318.2002926,False,,,,,,,,,,,,,,,,,,0.0,0.0,0.0,0.0,0.0,0.0
1773799318.2105558,False,,,,,,,,,,,,,,,,,,0.0,0.0,0.0,0.0,0.0,0.0
1773799318.2202816,False,,,,,,,,,,,,,,,,,,0.0,0.0,0.0,0.0,0.0,0.0
1773799318.230315,False,,,,,,,,,,,,,,,,,,0.0,0.0,0.0,0.0,0.0,0.0
1773799318.2404714,False,,,,,,,,,,,,,,,,,,0.0,0.0,0.0,0.0,0.0,0.0
1773799318.250432,False,,,,,,,,,,,,,,,,,,0.0,0.0,0.0,0.0,0.0,0.0
1773799318.2601597,False,,,,,,,,,,,,,,,,,,0.0,0.0,0.0,0.0,0.0,0.0
1773799318.270656,False,,,,,,,,,,,,,,,,,,0.0,0.0,0.0,0.0,0.0,0.0
1773799318.2802997,False,,,,,,,,,,,,,,,,,,0.0,0.0,0.0,0.0,0.0,0.0
1773799318.290712,False,,,,,,,,,,,,,,,,,,0.0,0.0,0.0,0.0,0.0,0.0
1773799318.300177,False,,,,,,,,,,,,,,,,,,0.0,0.0,0.0,0.0,0.0,0.0
1773799318.310202,False,,,,,,,,,,,,,,,,,,0.0,0.0,0.0,0.0,0.0,0.0
1773799318.3203623,False,,,,,,,,,,,,,,,,,,0.0,0.0,0.0,0.0,0.0,0.0
1773799318.3304586,False,,,,,,,,,,,,,,,,,,0.0,0.0,0.0,0.0,0.0,0.0
1773799318.3401306,False,,,,,,,,,,,,,,,,,,0.0,0.0,0.0,0.0,0.0,0.0
1773799318.3505523,False,,,,,,,,,,,,,,,,,,0.0,0.0,0.0,0.0,0.0,0.0
1773799318.3605447,False,,,,,,,,,,,,,,,,,,0.0,0.0,0.0,0.0,0.0,0.0
1773799318.3706672,False,,,,,,,,,,,,,,,,,,0.0,0.0,0.0,0.0,0.0,0.0
1773799318.3802586,False,,,,,,,,,,,,,,,,,,0.0,0.0,0.0,0.0,0.0,0.0
1773799318.390192,False,,,,,,,,,,,,,,,,,,0.0,0.0,0.0,0.0,0.0,0.0
1773799318.4006445,False,,,,,,,,,,,,,,,,,,0.0,0.0,0.0,0.0,0.0,0.0
1773799318.4104335,False,,,,,,,,,,,,,,,,,,0.0,0.0,0.0,0.0,0.0,0.0
1773799318.4202588,False,,,,,,,,,,,,,,,,,,0.0,0.0,0.0,0.0,0.0,0.0
1773799318.4301934,False,,,,,,,,,,,,,,,,,,0.0,0.0,0.0,0.0,0.0,0.0
1773799318.440196,False,,,,,,,,,,,,,,,,,,0.0,0.0,0.0,0.0,0.0,0.0
1773799318.4503703,False,,,,,,,,,,,,,,,,,,0.0,0.0,0.0,0.0,0.0,0.0
1773799318.460112,False,,,,,,,,,,,,,,,,,,0.0,0.0,0.0,0.0,0.0,0.0
1773799318.4704843,False,,,,,,,,,,,,,,,,,,0.0,0.0,0.0,0.0,0.0,0.0
1773799318.4805138,False,,,,,,,,,,,,,,,,,,0.0,0.0,0.0,0.0,0.0,0.0
1773799318.4903896,False,,,,,,,,,,,,,,,,,,0.0,0.0,0.0,0.0,0.0,0.0
1773799318.5005043,False,,,,,,,,,,,,,,,,,,0.0,0.0,0.0,0.0,0.0,0.0
1773799318.5103707,False,,,,,,,,,,,,,,,,,,0.0,0.0,0.0,0.0,0.0,0.0
1773799318.52027,False,,,,,,,,,,,,,,,,,,0.0,0.0,0.0,0.0,0.0,0.0
1773799318.5305772,False,,,,,,,,,,,,,,,,,,0.0,0.0,0.0,0.0,0.0,0.0
1773799318.5403717,False,,,,,,,,,,,,,,,,,,0.0,0.0,0.0,0.0,0.0,0.0
1773799318.5501518,False,,,,,,,,,,,,,,,,,,0.0,0.0,0.0,0.0,0.0,0.0
1773799318.559904,False,,,,,,,,,,,,,,,,,,0.0,0.0,0.0,0.0,0.0,0.0
1773799318.570731,False,,,,,,,,,,,,,,,,,,0.0,0.0,0.0,0.0,0.0,0.0
1773799318.5804663,False,,,,,,,,,,,,,,,,,,0.0,0.0,0.0,0.0,0.0,0.0
1773799318.590397,False,,,,,,,,,,,,,,,,,,0.0,0.0,0.0,0.0,0.0,0.0
1773799318.6007366,False,,,,,,,,,,,,,,,,,,0.0,0.0,0.0,0.0,0.0,0.0
1773799318.610624,False,,,,,,,,,,,,,,,,,,0.0,0.0,0.0,0.0,0.0,0.0
1773799318.6207862,False,,,,,,,,,,,,,,,,,,0.0,0.0,0.0,0.0,0.0,0.0
1773799318.6305797,False,,,,,,,,,,,,,,,,,,0.0,0.0,0.0,0.0,0.0,0.0
1773799318.6401105,False,,,,,,,,,,,,,,,,,,0.0,0.0,0.0,0.0,0.0,0.0
1773799318.650838,False,,,,,,,,,,,,,,,,,,0.0,0.0,0.0,0.0,0.0,0.0
1773799318.660508,False,,,,,,,,,,,,,,,,,,0.0,0.0,0.0,0.0,0.0,0.0
1773799318.670075,False,,,,,,,,,,,,,,,,,,0.0,0.0,0.0,0.0,0.0,0.0
1773799318.6805713,False,,,,,,,,,,,,,,,,,,0.0,0.0,0.0,0.0,0.0,0.0
1773799318.690418,False,,,,,,,,,,,,,,,,,,0.0,0.0,0.0,0.0,0.0,0.0
1773799318.7005365,False,,,,,,,,,,,,,,,,,,0.0,0.0,0.0,0.0,0.0,0.0
1773799318.7102697,False,,,,,,,,,,,,,,,,,,0.0,0.0,0.0,0.0,0.0,0.0
1773799318.7205338,False,,,,,,,,,,,,,,,,,,0.0,0.0,0.0,0.0,0.0,0.0
1773799318.7301302,False,,,,,,,,,,,,,,,,,,0.0,0.0,0.0,0.0,0.0,0.0
1773799318.7403843,False,,,,,,,,,,,,,,,,,,0.0,0.0,0.0,0.0,0.0,0.0
1773799318.7499871,False,,,,,,,,,,,,,,,,,,0.0,0.0,0.0,0.0,0.0,0.0
1773799318.760674,False,,,,,,,,,,,,,,,,,,0.0,0.0,0.0,0.0,0.0,0.0
1773799318.7702796,False,,,,,,,,,,,,,,,,,,0.0,0.0,0.0,0.0,0.0,0.0
1773799318.7802122,False,,,,,,,,,,,,,,,,,,0.0,0.0,0.0,0.0,0.0,0.0
1773799318.7903492,False,,,,,,,,,,,,,,,,,,0.0,0.0,0.0,0.0,0.0,0.0
1773799318.800746,False,,,,,,,,,,,,,,,,,,0.0,0.0,0.0,0.0,0.0,0.0
1773799318.8104,False,,,,,,,,,,,,,,,,,,0.0,0.0,0.0,0.0,0.0,0.0
1773799318.8203382,False,,,,,,,,,,,,,,,,,,0.0,0.0,0.0,0.0,0.0,0.0
1773799318.8303857,False,,,,,,,,,,,,,,,,,,0.0,0.0,0.0,0.0,0.0,0.0
1773799318.8404858,False,,,,,,,,,,,,,,,,,,0.0,0.0,0.0,0.0,0.0,0.0
1773799318.850223,False,,,,,,,,,,,,,,,,,,0.0,0.0,0.0,0.0,0.0,0.0
1773799318.8600926,False,,,,,,,,,,,,,,,,,,0.0,0.0,0.0,0.0,0.0,0.0
1773799318.8708138,False,,,,,,,,,,,,,,,,,,0.0,0.0,0.0,0.0,0.0,0.0
1773799318.8805637,False,,,,,,,,,,,,,,,,,,0.0,0.0,0.0,0.0,0.0,0.0
1773799318.8907795,False,,,,,,,,,,,,,,,,,,0.0,0.0,0.0,0.0,0.0,0.0
1773799318.9005842,False,,,,,,,,,,,,,,,,,,0.0,0.0,0.0,0.0,0.0,0.0
1773799318.9104395,False,,,,,,,,,,,,,,,,,,0.0,0.0,0.0,0.0,0.0,0.0
1773799318.9206994,False,,,,,,,,,,,,,,,,,,0.0,0.0,0.0,0.0,0.0,0.0
1773799318.9305735,False,,,,,,,,,,,,,,,,,,0.0,0.0,0.0,0.0,0.0,0.0
1773799318.940437,False,,,,,,,,,,,,,,,,,,0.0,0.0,0.0,0.0,0.0,0.0
1773799318.9508104,False,,,,,,,,,,,,,,,,,,0.0,0.0,0.0,0.0,0.0,0.0
1773799318.9604962,False,,,,,,,,,,,,,,,,,,0.0,0.0,0.0,0.0,0.0,0.0
1773799318.9701562,False,,,,,,,,,,,,,,,,,,0.0,0.0,0.0,0.0,0.0,0.0
1773799318.9804835,False,,,,,,,,,,,,,,,,,,0.0,0.0,0.0,0.0,0.0,0.0
1773799318.9902902,False,,,,,,,,,,,,,,,,,,0.0,0.0,0.0,0.0,0.0,0.0
1773799319.0006766,False,,,,,,,,,,,,,,,,,,0.0,0.0,0.0,0.0,0.0,0.0
1773799319.0106528,False,,,,,,,,,,,,,,,,,,0.0,0.0,0.0,0.0,0.0,0.0
1773799319.0205848,False,,,,,,,,,,,,,,,,,,0.0,0.0,0.0,0.0,0.0,0.0
1773799319.0305471,False,,,,,,,,,,,,,,,,,,0.0,0.0,0.0,0.0,0.0,0.0
1773799319.0405438,False,,,,,,,,,,,,,,,,,,0.0,0.0,0.0,0.0,0.0,0.0
1773799319.0502155,False,,,,,,,,,,,,,,,,,,0.0,0.0,0.0,0.0,0.0,0.0
1773799319.060431,False,,,,,,,,,,,,,,,,,,0.0,0.0,0.0,0.0,0.0,0.0
1773799319.0705376,False,,,,,,,,,,,,,,,,,,0.0,0.0,0.0,0.0,0.0,0.0
1773799319.0807245,False,,,,,,,,,,,,,,,,,,0.0,0.0,0.0,0.0,0.0,0.0
1773799319.090853,False,,,,,,,,,,,,,,,,,,0.0,0.0,0.0,0.0,0.0,0.0
1773799319.1004946,False,,,,,,,,,,,,,,,,,,0.0,0.0,0.0,0.0,0.0,0.0
1773799319.1104226,False,,,,,,,,,,,,,,,,,,0.0,0.0,0.0,0.0,0.0,0.0
1773799319.1203969,False,,,,,,,,,,,,,,,,,,0.0,0.0,0.0,0.0,0.0,0.0
1773799319.130798,False,,,,,,,,,,,,,,,,,,0.0,0.0,0.0,0.0,0.0,0.0
1773799319.140662,False,,,,,,,,,,,,,,,,,,0.0,0.0,0.0,0.0,0.0,0.0
1773799319.150402,False,,,,,,,,,,,,,,,,,,0.0,0.0,0.0,0.0,0.0,0.0
1773799319.1604388,False,,,,,,,,,,,,,,,,,,0.0,0.0,0.0,0.0,0.0,0.0
1773799319.1706953,False,,,,,,,,,,,,,,,,,,0.0,0.0,0.0,0.0,0.0,0.0
1773799319.1802852,False,,,,,,,,,,,,,,,,,,0.0,0.0,0.0,0.0,0.0,0.0
1773799319.1901815,False,,,,,,,,,,,,,,,,,,0.0,0.0,0.0,0.0,0.0,0.0
1773799319.2002819,False,,,,,,,,,,,,,,,,,,0.0,0.0,0.0,0.0,0.0,0.0
1773799319.210325,False,,,,,,,,,,,,,,,,,,0.0,0.0,0.0,0.0,0.0,0.0
1773799319.220433,False,,,,,,,,,,,,,,,,,,0.0,0.0,0.0,0.0,0.0,0.0
1773799319.230347,False,,,,,,,,,,,,,,,,,,0.0,0.0,0.0,0.0,0.0,0.0
1773799319.2404356,False,,,,,,,,,,,,,,,,,,0.0,0.0,0.0,0.0,0.0,0.0
1773799319.2503006,False,,,,,,,,,,,,,,,,,,0.0,0.0,0.0,0.0,0.0,0.0
1773799319.2604747,False,,,,,,,,,,,,,,,,,,0.0,0.0,0.0,0.0,0.0,0.0
1773799319.2705789,False,,,,,,,,,,,,,,,,,,0.0,0.0,0.0,0.0,0.0,0.0
1773799319.280572,False,,,,,,,,,,,,,,,,,,0.0,0.0,0.0,0.0,0.0,0.0
1773799319.2904186,False,,,,,,,,,,,,,,,,,,0.0,0.0,0.0,0.0,0.0,0.0
1773799319.300368,False,,,,,,,,,,,,,,,,,,0.0,0.0,0.0,0.0,0.0,0.0
1773799319.3109725,False,,,,,,,,,,,,,,,,,,0.0,0.0,0.0,0.0,0.0,0.0
1773799319.3202965,False,,,,,,,,,,,,,,,,,,0.0,0.0,0.0,0.0,0.0,0.0
1773799319.331129,False,,,,,,,,,,,,,,,,,,0.0,0.0,0.0,0.0,0.0,0.0
1773799319.340558,False,,,,,,,,,,,,,,,,,,0.0,0.0,0.0,0.0,0.0,0.0
1773799319.3506176,False,,,,,,,,,,,,,,,,,,0.0,0.0,0.0,0.0,0.0,0.0
1773799319.360095,False,,,,,,,,,,,,,,,,,,0.0,0.0,0.0,0.0,0.0,0.0
1773799319.3705413,False,,,,,,,,,,,,,,,,,,0.0,0.0,0.0,0.0,0.0,0.0
1773799319.380391,False,,,,,,,,,,,,,,,,,,0.0,0.0,0.0,0.0,0.0,0.0
1773799319.390409,False,,,,,,,,,,,,,,,,,,0.0,0.0,0.0,0.0,0.0,0.0
1773799319.4007626,False,,,,,,,,,,,,,,,,,,0.0,0.0,0.0,0.0,0.0,0.0
1773799319.410262,False,,,,,,,,,,,,,,,,,,0.0,0.0,0.0,0.0,0.0,0.0
1773799319.4203126,False,,,,,,,,,,,,,,,,,,0.0,0.0,0.0,0.0,0.0,0.0
1773799319.4304733,False,,,,,,,,,,,,,,,,,,0.0,0.0,0.0,0.0,0.0,0.0
1773799319.440256,False,,,,,,,,,,,,,,,,,,0.0,0.0,0.0,0.0,0.0,0.0
1773799319.4509244,False,,,,,,,,,,,,,,,,,,0.0,0.0,0.0,0.0,0.0,0.0
1773799319.4601452,False,,,,,,,,,,,,,,,,,,0.0,0.0,0.0,0.0,0.0,0.0
1773799319.470454,False,,,,,,,,,,,,,,,,,,0.0,0.0,0.0,0.0,0.0,0.0
1773799319.480315,False,,,,,,,,,,,,,,,,,,0.0,0.0,0.0,0.0,0.0,0.0
1773799319.4907866,False,,,,,,,,,,,,,,,,,,0.0,0.0,0.0,0.0,0.0,0.0
1773799319.5002608,False,,,,,,,,,,,,,,,,,,0.0,0.0,0.0,0.0,0.0,0.0
1773799319.5102756,False,,,,,,,,,,,,,,,,,,0.0,0.0,0.0,0.0,0.0,0.0
1773799319.5203893,False,,,,,,,,,,,,,,,,,,0.0,0.0,0.0,0.0,0.0,0.0
1773799319.5305796,False,,,,,,,,,,,,,,,,,,0.0,0.0,0.0,0.0,0.0,0.0
1773799319.5402935,False,,,,,,,,,,,,,,,,,,0.0,0.0,0.0,0.0,0.0,0.0
1773799319.5502725,False,,,,,,,,,,,,,,,,,,0.0,0.0,0.0,0.0,0.0,0.0
1773799319.5604877,False,,,,,,,,,,,,,,,,,,0.0,0.0,0.0,0.0,0.0,0.0
1773799319.570357,False,,,,,,,,,,,,,,,,,,0.0,0.0,0.0,0.0,0.0,0.0
1773799319.5804002,False,,,,,,,,,,,,,,,,,,0.0,0.0,0.0,0.0,0.0,0.0
1773799319.590655,False,,,,,,,,,,,,,,,,,,0.0,0.0,0.0,0.0,0.0,0.0
1773799319.6006637,False,,,,,,,,,,,,,,,,,,0.0,0.0,0.0,0.0,0.0,0.0
1773799319.6111262,False,,,,,,,,,,,,,,,,,,0.0,0.0,0.0,0.0,0.0,0.0
1773799319.6203012,False,,,,,,,,,,,,,,,,,,0.0,0.0,0.0,0.0,0.0,0.0
1773799319.630334,False,,,,,,,,,,,,,,,,,,0.0,0.0,0.0,0.0,0.0,0.0
1773799319.6404204,False,,,,,,,,,,,,,,,,,,0.0,0.0,0.0,0.0,0.0,0.0
1773799319.6502724,False,,,,,,,,,,,,,,,,,,0.0,0.0,0.0,0.0,0.0,0.0
1773799319.6603575,False,,,,,,,,,,,,,,,,,,0.0,0.0,0.0,0.0,0.0,0.0
1773799319.6706262,False,,,,,,,,,,,,,,,,,,0.0,0.0,0.0,0.0,0.0,0.0
1773799319.6808205,False,,,,,,,,,,,,,,,,,,0.0,0.0,0.0,0.0,0.0,0.0
1773799319.6904945,False,,,,,,,,,,,,,,,,,,0.0,0.0,0.0,0.0,0.0,0.0
1773799319.7004697,False,,,,,,,,,,,,,,,,,,0.0,0.0,0.0,0.0,0.0,0.0
1773799319.7104328,False,,,,,,,,,,,,,,,,,,0.0,0.0,0.0,0.0,0.0,0.0
1773799319.7204404,False,,,,,,,,,,,,,,,,,,0.0,0.0,0.0,0.0,0.0,0.0
1773799319.7305994,False,,,,,,,,,,,,,,,,,,0.0,0.0,0.0,0.0,0.0,0.0
1773799319.7403052,False,,,,,,,,,,,,,,,,,,0.0,0.0,0.0,0.0,0.0,0.0
1773799319.7502158,False,,,,,,,,,,,,,,,,,,0.0,0.0,0.0,0.0,0.0,0.0
1773799319.7604578,False,,,,,,,,,,,,,,,,,,0.0,0.0,0.0,0.0,0.0,0.0
1773799319.7699404,False,,,,,,,,,,,,,,,,,,0.0,0.0,0.0,0.0,0.0,0.0
1773799319.7803793,False,,,,,,,,,,,,,,,,,,0.0,0.0,0.0,0.0,0.0,0.0
1773799319.7906733,False,,,,,,,,,,,,,,,,,,0.0,0.0,0.0,0.0,0.0,0.0
1773799319.8012323,False,,,,,,,,,,,,,,,,,,0.0,0.0,0.0,0.0,0.0,0.0
1773799319.8104944,False,,,,,,,,,,,,,,,,,,0.0,0.0,0.0,0.0,0.0,0.0
1773799319.8203921,False,,,,,,,,,,,,,,,,,,0.0,0.0,0.0,0.0,0.0,0.0
1773799319.830749,False,,,,,,,,,,,,,,,,,,0.0,0.0,0.0,0.0,0.0,0.0
1773799319.8404822,False,,,,,,,,,,,,,,,,,,0.0,0.0,0.0,0.0,0.0,0.0
1773799319.8502197,False,,,,,,,,,,,,,,,,,,0.0,0.0,0.0,0.0,0.0,0.0
1773799319.8606722,False,,,,,,,,,,,,,,,,,,0.0,0.0,0.0,0.0,0.0,0.0
1773799319.8703077,False,,,,,,,,,,,,,,,,,,0.0,0.0,0.0,0.0,0.0,0.0
1773799319.8804164,False,,,,,,,,,,,,,,,,,,0.0,0.0,0.0,0.0,0.0,0.0
1773799319.890487,False,,,,,,,,,,,,,,,,,,0.0,0.0,0.0,0.0,0.0,0.0
1773799319.9004152,False,,,,,,,,,,,,,,,,,,0.0,0.0,0.0,0.0,0.0,0.0
1773799319.910346,False,,,,,,,,,,,,,,,,,,0.0,0.0,0.0,0.0,0.0,0.0
1773799319.92034,False,,,,,,,,,,,,,,,,,,0.0,0.0,0.0,0.0,0.0,0.0
1773799319.930538,False,,,,,,,,,,,,,,,,,,0.0,0.0,0.0,0.0,0.0,0.0
1773799319.9406388,False,,,,,,,,,,,,,,,,,,0.0,0.0,0.0,0.0,0.0,0.0
1773799319.9501338,False,,,,,,,,,,,,,,,,,,0.0,0.0,0.0,0.0,0.0,0.0
1773799319.9605184,False,,,,,,,,,,,,,,,,,,0.0,0.0,0.0,0.0,0.0,0.0
1773799319.9704564,False,,,,,,,,,,,,,,,,,,0.0,0.0,0.0,0.0,0.0,0.0
1773799319.980602,False,,,,,,,,,,,,,,,,,,0.0,0.0,0.0,0.0,0.0,0.0
1773799319.9902992,False,,,,,,,,,,,,,,,,,,0.0,0.0,0.0,0.0,0.0,0.0
1773799320.0001955,False,,,,,,,,,,,,,,,,,,0.0,0.0,0.0,0.0,0.0,0.0
1773799320.0102715,False,,,,,,,,,,,,,,,,,,0.0,0.0,0.0,0.0,0.0,0.0
1773799320.0204813,False,,,,,,,,,,,,,,,,,,0.0,0.0,0.0,0.0,0.0,0.0
1773799320.0304132,False,,,,,,,,,,,,,,,,,,0.0,0.0,0.0,0.0,0.0,0.0
1773799320.0403445,False,,,,,,,,,,,,,,,,,,0.0,0.0,0.0,0.0,0.0,0.0
1773799320.0503273,False,,,,,,,,,,,,,,,,,,0.0,0.0,0.0,0.0,0.0,0.0
1773799320.0604265,False,,,,,,,,,,,,,,,,,,0.0,0.0,0.0,0.0,0.0,0.0
1773799320.0704215,False,,,,,,,,,,,,,,,,,,0.0,0.0,0.0,0.0,0.0,0.0
1773799320.0806036,False,,,,,,,,,,,,,,,,,,0.0,0.0,0.0,0.0,0.0,0.0
1773799320.0903606,False,,,,,,,,,,,,,,,,,,0.0,0.0,0.0,0.0,0.0,0.0
1773799320.100194,False,,,,,,,,,,,,,,,,,,0.0,0.0,0.0,0.0,0.0,0.0
1773799320.1104572,False,,,,,,,,,,,,,,,,,,0.0,0.0,0.0,0.0,0.0,0.0
1773799320.1206555,False,,,,,,,,,,,,,,,,,,0.0,0.0,0.0,0.0,0.0,0.0
1773799320.130409,False,,,,,,,,,,,,,,,,,,0.0,0.0,0.0,0.0,0.0,0.0
1773799320.140671,False,,,,,,,,,,,,,,,,,,0.0,0.0,0.0,0.0,0.0,0.0
1773799320.1505284,False,,,,,,,,,,,,,,,,,,0.0,0.0,0.0,0.0,0.0,0.0
1773799320.160236,False,,,,,,,,,,,,,,,,,,0.0,0.0,0.0,0.0,0.0,0.0
1773799320.1705668,False,,,,,,,,,,,,,,,,,,0.0,0.0,0.0,0.0,0.0,0.0
1773799320.181287,False,,,,,,,,,,,,,,,,,,0.0,0.0,0.0,0.0,0.0,0.0
1773799320.192187,False,,,,,,,,,,,,,,,,,,0.0,0.0,0.0,0.0,0.0,0.0
1773799320.200159,False,,,,,,,,,,,,,,,,,,0.0,0.0,0.0,0.0,0.0,0.0
1773799320.2107456,False,,,,,,,,,,,,,,,,,,0.0,0.0,0.0,0.0,0.0,0.0
1773799320.2204578,False,,,,,,,,,,,,,,,,,,0.0,0.0,0.0,0.0,0.0,0.0
1773799320.2301598,False,,,,,,,,,,,,,,,,,,0.0,0.0,0.0,0.0,0.0,0.0
1773799320.2406409,False,,,,,,,,,,,,,,,,,,0.0,0.0,0.0,0.0,0.0,0.0
1773799320.2503798,False,,,,,,,,,,,,,,,,,,0.0,0.0,0.0,0.0,0.0,0.0
1773799320.2604833,False,,,,,,,,,,,,,,,,,,0.0,0.0,0.0,0.0,0.0,0.0
1773799320.2704453,False,,,,,,,,,,,,,,,,,,0.0,0.0,0.0,0.0,0.0,0.0
1773799320.2806766,False,,,,,,,,,,,,,,,,,,0.0,0.0,0.0,0.0,0.0,0.0
1773799320.2903929,False,,,,,,,,,,,,,,,,,,0.0,0.0,0.0,0.0,0.0,0.0
1773799320.3004668,False,,,,,,,,,,,,,,,,,,0.0,0.0,0.0,0.0,0.0,0.0
1773799320.3105478,False,,,,,,,,,,,,,,,,,,0.0,0.0,0.0,0.0,0.0,0.0
1773799320.3206754,False,,,,,,,,,,,,,,,,,,0.0,0.0,0.0,0.0,0.0,0.0
1773799320.3303003,False,,,,,,,,,,,,,,,,,,0.0,0.0,0.0,0.0,0.0,0.0
1773799320.3403263,False,,,,,,,,,,,,,,,,,,0.0,0.0,0.0,0.0,0.0,0.0
1773799320.3499177,False,,,,,,,,,,,,,,,,,,0.0,0.0,0.0,0.0,0.0,0.0
1773799320.3604493,False,,,,,,,,,,,,,,,,,,0.0,0.0,0.0,0.0,0.0,0.0
1773799320.3701122,False,,,,,,,,,,,,,,,,,,0.0,0.0,0.0,0.0,0.0,0.0
1773799320.380417,False,,,,,,,,,,,,,,,,,,0.0,0.0,0.0,0.0,0.0,0.0
1773799320.3905413,False,,,,,,,,,,,,,,,,,,0.0,0.0,0.0,0.0,0.0,0.0
1773799320.400302,False,,,,,,,,,,,,,,,,,,0.0,0.0,0.0,0.0,0.0,0.0
1773799320.410178,False,,,,,,,,,,,,,,,,,,0.0,0.0,0.0,0.0,0.0,0.0
1773799320.4203842,False,,,,,,,,,,,,,,,,,,0.0,0.0,0.0,0.0,0.0,0.0
1773799320.4301755,False,,,,,,,,,,,,,,,,,,0.0,0.0,0.0,0.0,0.0,0.0
1773799320.4402032,False,,,,,,,,,,,,,,,,,,0.0,0.0,0.0,0.0,0.0,0.0
1773799320.4502273,False,,,,,,,,,,,,,,,,,,0.0,0.0,0.0,0.0,0.0,0.0
1773799320.4606206,False,,,,,,,,,,,,,,,,,,0.0,0.0,0.0,0.0,0.0,0.0
1773799320.4702065,False,,,,,,,,,,,,,,,,,,0.0,0.0,0.0,0.0,0.0,0.0
1773799320.4802392,False,,,,,,,,,,,,,,,,,,0.0,0.0,0.0,0.0,0.0,0.0
1773799320.490599,False,,,,,,,,,,,,,,,,,,0.0,0.0,0.0,0.0,0.0,0.0
1773799320.5005019,False,,,,,,,,,,,,,,,,,,0.0,0.0,0.0,0.0,0.0,0.0
1773799320.5103538,False,,,,,,,,,,,,,,,,,,0.0,0.0,0.0,0.0,0.0,0.0
1773799320.5200226,False,,,,,,,,,,,,,,,,,,0.0,0.0,0.0,0.0,0.0,0.0
1773799320.530607,False,,,,,,,,,,,,,,,,,,0.0,0.0,0.0,0.0,0.0,0.0
1773799320.5402977,False,,,,,,,,,,,,,,,,,,0.0,0.0,0.0,0.0,0.0,0.0
1773799320.5498555,False,,,,,,,,,,,,,,,,,,0.0,0.0,0.0,0.0,0.0,0.0
1773799320.56071,False,,,,,,,,,,,,,,,,,,0.0,0.0,0.0,0.0,0.0,0.0
1773799320.5703716,False,,,,,,,,,,,,,,,,,,0.0,0.0,0.0,0.0,0.0,0.0
1773799320.5802972,False,,,,,,,,,,,,,,,,,,0.0,0.0,0.0,0.0,0.0,0.0
1773799320.5903523,False,,,,,,,,,,,,,,,,,,0.0,0.0,0.0,0.0,0.0,0.0
1773799320.6006854,False,,,,,,,,,,,,,,,,,,0.0,0.0,0.0,0.0,0.0,0.0
1773799320.610154,False,,,,,,,,,,,,,,,,,,0.0,0.0,0.0,0.0,0.0,0.0
1773799320.620326,False,,,,,,,,,,,,,,,,,,0.0,0.0,0.0,0.0,0.0,0.0
1773799320.6305172,False,,,,,,,,,,,,,,,,,,0.0,0.0,0.0,0.0,0.0,0.0
1773799320.6406403,False,,,,,,,,,,,,,,,,,,0.0,0.0,0.0,0.0,0.0,0.0
1773799320.6504545,False,,,,,,,,,,,,,,,,,,0.0,0.0,0.0,0.0,0.0,0.0
1773799320.6608179,False,,,,,,,,,,,,,,,,,,0.0,0.0,0.0,0.0,0.0,0.0
1773799320.6704328,False,,,,,,,,,,,,,,,,,,0.0,0.0,0.0,0.0,0.0,0.0
1773799320.6804323,False,,,,,,,,,,,,,,,,,,0.0,0.0,0.0,0.0,0.0,0.0
1773799320.690699,False,,,,,,,,,,,,,,,,,,0.0,0.0,0.0,0.0,0.0,0.0
1773799320.7006097,False,,,,,,,,,,,,,,,,,,0.0,0.0,0.0,0.0,0.0,0.0
1773799320.7103548,False,,,,,,,,,,,,,,,,,,0.0,0.0,0.0,0.0,0.0,0.0
1773799320.720498,False,,,,,,,,,,,,,,,,,,0.0,0.0,0.0,0.0,0.0,0.0
1773799320.7306101,False,,,,,,,,,,,,,,,,,,0.0,0.0,0.0,0.0,0.0,0.0
1773799320.740723,False,,,,,,,,,,,,,,,,,,0.0,0.0,0.0,0.0,0.0,0.0
1773799320.7504604,False,,,,,,,,,,,,,,,,,,0.0,0.0,0.0,0.0,0.0,0.0
1773799320.760552,False,,,,,,,,,,,,,,,,,,0.0,0.0,0.0,0.0,0.0,0.0
1773799320.770454,False,,,,,,,,,,,,,,,,,,0.0,0.0,0.0,0.0,0.0,0.0
1773799320.7806387,False,,,,,,,,,,,,,,,,,,0.0,0.0,0.0,0.0,0.0,0.0
1773799320.790145,False,,,,,,,,,,,,,,,,,,0.0,0.0,0.0,0.0,0.0,0.0
1773799320.8001616,False,,,,,,,,,,,,,,,,,,0.0,0.0,0.0,0.0,0.0,0.0
1773799320.8105865,False,,,,,,,,,,,,,,,,,,0.0,0.0,0.0,0.0,0.0,0.0
1773799320.820352,False,,,,,,,,,,,,,,,,,,0.0,0.0,0.0,0.0,0.0,0.0
1773799320.8306537,False,,,,,,,,,,,,,,,,,,0.0,0.0,0.0,0.0,0.0,0.0
1773799320.8405812,False,,,,,,,,,,,,,,,,,,0.0,0.0,0.0,0.0,0.0,0.0
1773799320.850199,False,,,,,,,,,,,,,,,,,,0.0,0.0,0.0,0.0,0.0,0.0
1773799320.86023,False,,,,,,,,,,,,,,,,,,0.0,0.0,0.0,0.0,0.0,0.0
1773799320.870195,False,,,,,,,,,,,,,,,,,,0.0,0.0,0.0,0.0,0.0,0.0
1773799320.8805542,False,,,,,,,,,,,,,,,,,,0.0,0.0,0.0,0.0,0.0,0.0
1773799320.8906667,False,,,,,,,,,,,,,,,,,,0.0,0.0,0.0,0.0,0.0,0.0
1773799320.9005911,False,,,,,,,,,,,,,,,,,,0.0,0.0,0.0,0.0,0.0,0.0
1773799320.9106014,False,,,,,,,,,,,,,,,,,,0.0,0.0,0.0,0.0,0.0,0.0
1773799320.9206254,False,,,,,,,,,,,,,,,,,,0.0,0.0,0.0,0.0,0.0,0.0
1773799320.9305084,False,,,,,,,,,,,,,,,,,,0.0,0.0,0.0,0.0,0.0,0.0
1773799320.9402714,False,,,,,,,,,,,,,,,,,,0.0,0.0,0.0,0.0,0.0,0.0
1773799320.9504032,False,,,,,,,,,,,,,,,,,,0.0,0.0,0.0,0.0,0.0,0.0
1773799320.9605527,False,,,,,,,,,,,,,,,,,,0.0,0.0,0.0,0.0,0.0,0.0
1773799320.9704316,False,,,,,,,,,,,,,,,,,,0.0,0.0,0.0,0.0,0.0,0.0
1773799320.98031,False,,,,,,,,,,,,,,,,,,0.0,0.0,0.0,0.0,0.0,0.0
1773799320.9902022,False,,,,,,,,,,,,,,,,,,0.0,0.0,0.0,0.0,0.0,0.0
1773799321.0002897,False,,,,,,,,,,,,,,,,,,0.0,0.0,0.0,0.0,0.0,0.0
1773799321.0105271,False,,,,,,,,,,,,,,,,,,0.0,0.0,0.0,0.0,0.0,0.0
1773799321.0201852,False,,,,,,,,,,,,,,,,,,0.0,0.0,0.0,0.0,0.0,0.0
1773799321.0305858,False,,,,,,,,,,,,,,,,,,0.0,0.0,0.0,0.0,0.0,0.0
1773799321.0406325,False,,,,,,,,,,,,,,,,,,0.0,0.0,0.0,0.0,0.0,0.0
1773799321.0507135,False,,,,,,,,,,,,,,,,,,0.0,0.0,0.0,0.0,0.0,0.0
1773799321.0609322,False,,,,,,,,,,,,,,,,,,0.0,0.0,0.0,0.0,0.0,0.0
1773799321.0706246,False,,,,,,,,,,,,,,,,,,0.0,0.0,0.0,0.0,0.0,0.0
1773799321.0804298,False,,,,,,,,,,,,,,,,,,0.0,0.0,0.0,0.0,0.0,0.0
1773799321.0906181,False,,,,,,,,,,,,,,,,,,0.0,0.0,0.0,0.0,0.0,0.0
1773799321.10068,False,,,,,,,,,,,,,,,,,,0.0,0.0,0.0,0.0,0.0,0.0
1773799321.110525,False,,,,,,,,,,,,,,,,,,0.0,0.0,0.0,0.0,0.0,0.0
1773799321.120972,False,,,,,,,,,,,,,,,,,,0.0,0.0,0.0,0.0,0.0,0.0
1773799321.1303878,False,,,,,,,,,,,,,,,,,,0.0,0.0,0.0,0.0,0.0,0.0
1773799321.1403003,False,,,,,,,,,,,,,,,,,,0.0,0.0,0.0,0.0,0.0,0.0
1773799321.1501427,False,,,,,,,,,,,,,,,,,,0.0,0.0,0.0,0.0,0.0,0.0
1773799321.1602046,False,,,,,,,,,,,,,,,,,,0.0,0.0,0.0,0.0,0.0,0.0
1773799321.1703734,False,,,,,,,,,,,,,,,,,,0.0,0.0,0.0,0.0,0.0,0.0
1773799321.180578,False,,,,,,,,,,,,,,,,,,0.0,0.0,0.0,0.0,0.0,0.0
1773799321.1905322,False,,,,,,,,,,,,,,,,,,0.0,0.0,0.0,0.0,0.0,0.0
1773799321.200708,False,,,,,,,,,,,,,,,,,,0.0,0.0,0.0,0.0,0.0,0.0
1773799321.2106664,False,,,,,,,,,,,,,,,,,,0.0,0.0,0.0,0.0,0.0,0.0
1773799321.2205777,False,,,,,,,,,,,,,,,,,,0.0,0.0,0.0,0.0,0.0,0.0
1773799321.2302911,False,,,,,,,,,,,,,,,,,,0.0,0.0,0.0,0.0,0.0,0.0
1773799321.240587,False,,,,,,,,,,,,,,,,,,0.0,0.0,0.0,0.0,0.0,0.0
1773799321.2504933,False,,,,,,,,,,,,,,,,,,0.0,0.0,0.0,0.0,0.0,0.0
1773799321.2605152,False,,,,,,,,,,,,,,,,,,0.0,0.0,0.0,0.0,0.0,0.0
1773799321.2706168,False,,,,,,,,,,,,,,,,,,0.0,0.0,0.0,0.0,0.0,0.0
1773799321.2806015,False,,,,,,,,,,,,,,,,,,0.0,0.0,0.0,0.0,0.0,0.0
1773799321.2911286,False,,,,,,,,,,,,,,,,,,0.0,0.0,0.0,0.0,0.0,0.0
1773799321.3004694,False,,,,,,,,,,,,,,,,,,0.0,0.0,0.0,0.0,0.0,0.0
1773799321.3101077,False,,,,,,,,,,,,,,,,,,0.0,0.0,0.0,0.0,0.0,0.0
1773799321.3201833,False,,,,,,,,,,,,,,,,,,0.0,0.0,0.0,0.0,0.0,0.0
1773799321.3301568,False,,,,,,,,,,,,,,,,,,0.0,0.0,0.0,0.0,0.0,0.0
1773799321.3402703,False,,,,,,,,,,,,,,,,,,0.0,0.0,0.0,0.0,0.0,0.0
1773799321.3504295,False,,,,,,,,,,,,,,,,,,0.0,0.0,0.0,0.0,0.0,0.0
1773799321.3605254,False,,,,,,,,,,,,,,,,,,0.0,0.0,0.0,0.0,0.0,0.0
1773799321.3704298,False,,,,,,,,,,,,,,,,,,0.0,0.0,0.0,0.0,0.0,0.0
1773799321.3805528,False,,,,,,,,,,,,,,,,,,0.0,0.0,0.0,0.0,0.0,0.0
1773799321.390346,False,,,,,,,,,,,,,,,,,,0.0,0.0,0.0,0.0,0.0,0.0
1773799321.4006257,False,,,,,,,,,,,,,,,,,,0.0,0.0,0.0,0.0,0.0,0.0
1773799321.4102361,False,,,,,,,,,,,,,,,,,,0.0,0.0,0.0,0.0,0.0,0.0
1773799321.4204686,False,,,,,,,,,,,,,,,,,,0.0,0.0,0.0,0.0,0.0,0.0
1773799321.4305475,False,,,,,,,,,,,,,,,,,,0.0,0.0,0.0,0.0,0.0,0.0
1773799321.440231,False,,,,,,,,,,,,,,,,,,0.0,0.0,0.0,0.0,0.0,0.0
1773799321.4503493,False,,,,,,,,,,,,,,,,,,0.0,0.0,0.0,0.0,0.0,0.0
1773799321.4601896,False,,,,,,,,,,,,,,,,,,0.0,0.0,0.0,0.0,0.0,0.0
1773799321.4706643,False,,,,,,,,,,,,,,,,,,0.0,0.0,0.0,0.0,0.0,0.0
1773799321.4801233,False,,,,,,,,,,,,,,,,,,0.0,0.0,0.0,0.0,0.0,0.0
1773799321.4905372,False,,,,,,,,,,,,,,,,,,0.0,0.0,0.0,0.0,0.0,0.0
1773799321.500281,False,,,,,,,,,,,,,,,,,,0.0,0.0,0.0,0.0,0.0,0.0
1773799321.5102878,False,,,,,,,,,,,,,,,,,,0.0,0.0,0.0,0.0,0.0,0.0
1773799321.5206552,False,,,,,,,,,,,,,,,,,,0.0,0.0,0.0,0.0,0.0,0.0
1773799321.53062,False,,,,,,,,,,,,,,,,,,0.0,0.0,0.0,0.0,0.0,0.0
1773799321.5403004,False,,,,,,,,,,,,,,,,,,0.0,0.0,0.0,0.0,0.0,0.0
1773799321.5506053,False,,,,,,,,,,,,,,,,,,0.0,0.0,0.0,0.0,0.0,0.0
1773799321.5606651,False,,,,,,,,,,,,,,,,,,0.0,0.0,0.0,0.0,0.0,0.0
1773799321.5705376,False,,,,,,,,,,,,,,,,,,0.0,0.0,0.0,0.0,0.0,0.0
1773799321.580571,False,,,,,,,,,,,,,,,,,,0.0,0.0,0.0,0.0,0.0,0.0
1773799321.5902274,False,,,,,,,,,,,,,,,,,,0.0,0.0,0.0,0.0,0.0,0.0
1773799321.600517,False,,,,,,,,,,,,,,,,,,0.0,0.0,0.0,0.0,0.0,0.0
1773799321.610582,False,,,,,,,,,,,,,,,,,,0.0,0.0,0.0,0.0,0.0,0.0
1773799321.6206038,False,,,,,,,,,,,,,,,,,,0.0,0.0,0.0,0.0,0.0,0.0
1773799321.6305811,False,,,,,,,,,,,,,,,,,,0.0,0.0,0.0,0.0,0.0,0.0
1773799321.6400735,False,,,,,,,,,,,,,,,,,,0.0,0.0,0.0,0.0,0.0,0.0
1773799321.6503367,False,,,,,,,,,,,,,,,,,,0.0,0.0,0.0,0.0,0.0,0.0
1773799321.6605284,False,,,,,,,,,,,,,,,,,,0.0,0.0,0.0,0.0,0.0,0.0
1773799321.670728,False,,,,,,,,,,,,,,,,,,0.0,0.0,0.0,0.0,0.0,0.0
1773799321.6802537,False,,,,,,,,,,,,,,,,,,0.0,0.0,0.0,0.0,0.0,0.0
1773799321.6902628,False,,,,,,,,,,,,,,,,,,0.0,0.0,0.0,0.0,0.0,0.0
1773799321.7006683,False,,,,,,,,,,,,,,,,,,0.0,0.0,0.0,0.0,0.0,0.0
1773799321.7106388,False,,,,,,,,,,,,,,,,,,0.0,0.0,0.0,0.0,0.0,0.0
1773799321.720373,False,,,,,,,,,,,,,,,,,,0.0,0.0,0.0,0.0,0.0,0.0
1773799321.7304137,False,,,,,,,,,,,,,,,,,,0.0,0.0,0.0,0.0,0.0,0.0
1773799321.7405202,False,,,,,,,,,,,,,,,,,,0.0,0.0,0.0,0.0,0.0,0.0
1773799321.750655,False,,,,,,,,,,,,,,,,,,0.0,0.0,0.0,0.0,0.0,0.0
1773799321.760515,False,,,,,,,,,,,,,,,,,,0.0,0.0,0.0,0.0,0.0,0.0
1773799321.7701485,False,,,,,,,,,,,,,,,,,,0.0,0.0,0.0,0.0,0.0,0.0
1773799321.7805524,False,,,,,,,,,,,,,,,,,,0.0,0.0,0.0,0.0,0.0,0.0
1773799321.7902448,False,,,,,,,,,,,,,,,,,,0.0,0.0,0.0,0.0,0.0,0.0
1773799321.8004866,False,,,,,,,,,,,,,,,,,,0.0,0.0,0.0,0.0,0.0,0.0
1773799321.8106132,False,,,,,,,,,,,,,,,,,,0.0,0.0,0.0,0.0,0.0,0.0
1773799321.8203616,False,,,,,,,,,,,,,,,,,,0.0,0.0,0.0,0.0,0.0,0.0
1773799321.8301816,False,,,,,,,,,,,,,,,,,,0.0,0.0,0.0,0.0,0.0,0.0
1773799321.8405268,False,,,,,,,,,,,,,,,,,,0.0,0.0,0.0,0.0,0.0,0.0
1773799321.8505197,False,,,,,,,,,,,,,,,,,,0.0,0.0,0.0,0.0,0.0,0.0
1773799321.8606288,False,,,,,,,,,,,,,,,,,,0.0,0.0,0.0,0.0,0.0,0.0
1773799321.8700805,False,,,,,,,,,,,,,,,,,,0.0,0.0,0.0,0.0,0.0,0.0
1773799321.8802936,False,,,,,,,,,,,,,,,,,,0.0,0.0,0.0,0.0,0.0,0.0
1773799321.8907304,False,,,,,,,,,,,,,,,,,,0.0,0.0,0.0,0.0,0.0,0.0
1773799321.9006882,False,,,,,,,,,,,,,,,,,,0.0,0.0,0.0,0.0,0.0,0.0
1773799321.9101512,False,,,,,,,,,,,,,,,,,,0.0,0.0,0.0,0.0,0.0,0.0
1773799321.920476,False,,,,,,,,,,,,,,,,,,0.0,0.0,0.0,0.0,0.0,0.0
1773799321.9305892,False,,,,,,,,,,,,,,,,,,0.0,0.0,0.0,0.0,0.0,0.0
1773799321.9402146,False,,,,,,,,,,,,,,,,,,0.0,0.0,0.0,0.0,0.0,0.0
1773799321.9504497,False,,,,,,,,,,,,,,,,,,0.0,0.0,0.0,0.0,0.0,0.0
1773799321.9606838,False,,,,,,,,,,,,,,,,,,0.0,0.0,0.0,0.0,0.0,0.0
1773799321.9706252,False,,,,,,,,,,,,,,,,,,0.0,0.0,0.0,0.0,0.0,0.0
1773799321.9806776,False,,,,,,,,,,,,,,,,,,0.0,0.0,0.0,0.0,0.0,0.0
1773799321.9902453,False,,,,,,,,,,,,,,,,,,0.0,0.0,0.0,0.0,0.0,0.0
1773799322.0004494,False,,,,,,,,,,,,,,,,,,0.0,0.0,0.0,0.0,0.0,0.0
1773799322.0100918,False,,,,,,,,,,,,,,,,,,0.0,0.0,0.0,0.0,0.0,0.0
1773799322.020906,False,,,,,,,,,,,,,,,,,,0.0,0.0,0.0,0.0,0.0,0.0
1773799322.0302727,False,,,,,,,,,,,,,,,,,,0.0,0.0,0.0,0.0,0.0,0.0
1773799322.040198,False,,,,,,,,,,,,,,,,,,0.0,0.0,0.0,0.0,0.0,0.0
1773799322.0503922,False,,,,,,,,,,,,,,,,,,0.0,0.0,0.0,0.0,0.0,0.0
1773799322.0605423,False,,,,,,,,,,,,,,,,,,0.0,0.0,0.0,0.0,0.0,0.0
1773799322.0700917,False,,,,,,,,,,,,,,,,,,0.0,0.0,0.0,0.0,0.0,0.0
1773799322.080726,False,,,,,,,,,,,,,,,,,,0.0,0.0,0.0,0.0,0.0,0.0
1773799322.0906122,False,,,,,,,,,,,,,,,,,,0.0,0.0,0.0,0.0,0.0,0.0
1773799322.1001058,False,,,,,,,,,,,,,,,,,,0.0,0.0,0.0,0.0,0.0,0.0
1773799322.1106453,False,,,,,,,,,,,,,,,,,,0.0,0.0,0.0,0.0,0.0,0.0
1773799322.120498,False,,,,,,,,,,,,,,,,,,0.0,0.0,0.0,0.0,0.0,0.0
1773799322.1308107,False,,,,,,,,,,,,,,,,,,0.0,0.0,0.0,0.0,0.0,0.0
1773799322.1405118,False,,,,,,,,,,,,,,,,,,0.0,0.0,0.0,0.0,0.0,0.0
1773799322.1504908,False,,,,,,,,,,,,,,,,,,0.0,0.0,0.0,0.0,0.0,0.0
1773799322.1604638,False,,,,,,,,,,,,,,,,,,0.0,0.0,0.0,0.0,0.0,0.0
1773799322.1704657,False,,,,,,,,,,,,,,,,,,0.0,0.0,0.0,0.0,0.0,0.0
1773799322.1807725,False,,,,,,,,,,,,,,,,,,0.0,0.0,0.0,0.0,0.0,0.0
1773799322.1902237,False,,,,,,,,,,,,,,,,,,0.0,0.0,0.0,0.0,0.0,0.0
1773799322.2001922,False,,,,,,,,,,,,,,,,,,0.0,0.0,0.0,0.0,0.0,0.0
1773799322.2104728,False,,,,,,,,,,,,,,,,,,0.0,0.0,0.0,0.0,0.0,0.0
1773799322.2205439,False,,,,,,,,,,,,,,,,,,0.0,0.0,0.0,0.0,0.0,0.0
1773799322.2301202,False,,,,,,,,,,,,,,,,,,0.0,0.0,0.0,0.0,0.0,0.0
1773799322.2408369,False,,,,,,,,,,,,,,,,,,0.0,0.0,0.0,0.0,0.0,0.0
1773799322.2507021,False,,,,,,,,,,,,,,,,,,0.0,0.0,0.0,0.0,0.0,0.0
1773799322.2606936,False,,,,,,,,,,,,,,,,,,0.0,0.0,0.0,0.0,0.0,0.0
1773799322.2700846,False,,,,,,,,,,,,,,,,,,0.0,0.0,0.0,0.0,0.0,0.0
1773799322.2804425,False,,,,,,,,,,,,,,,,,,0.0,0.0,0.0,0.0,0.0,0.0
1773799322.2904675,False,,,,,,,,,,,,,,,,,,0.0,0.0,0.0,0.0,0.0,0.0
1773799322.300386,False,,,,,,,,,,,,,,,,,,0.0,0.0,0.0,0.0,0.0,0.0
1773799322.3102741,False,,,,,,,,,,,,,,,,,,0.0,0.0,0.0,0.0,0.0,0.0
1773799322.3205633,False,,,,,,,,,,,,,,,,,,0.0,0.0,0.0,0.0,0.0,0.0
1773799322.330549,False,,,,,,,,,,,,,,,,,,0.0,0.0,0.0,0.0,0.0,0.0
1773799322.3404677,False,,,,,,,,,,,,,,,,,,0.0,0.0,0.0,0.0,0.0,0.0
1773799322.350378,False,,,,,,,,,,,,,,,,,,0.0,0.0,0.0,0.0,0.0,0.0
1773799322.3602426,False,,,,,,,,,,,,,,,,,,0.0,0.0,0.0,0.0,0.0,0.0
1773799322.3702455,False,,,,,,,,,,,,,,,,,,0.0,0.0,0.0,0.0,0.0,0.0
1773799322.3802636,False,,,,,,,,,,,,,,,,,,0.0,0.0,0.0,0.0,0.0,0.0
1773799322.3903272,False,,,,,,,,,,,,,,,,,,0.0,0.0,0.0,0.0,0.0,0.0
1773799322.4003174,False,,,,,,,,,,,,,,,,,,0.0,0.0,0.0,0.0,0.0,0.0
1773799322.4104192,False,,,,,,,,,,,,,,,,,,0.0,0.0,0.0,0.0,0.0,0.0
1773799322.4202921,False,,,,,,,,,,,,,,,,,,0.0,0.0,0.0,0.0,0.0,0.0
1773799322.4300718,False,,,,,,,,,,,,,,,,,,0.0,0.0,0.0,0.0,0.0,0.0
1773799322.44059,False,,,,,,,,,,,,,,,,,,0.0,0.0,0.0,0.0,0.0,0.0
1773799322.4501672,False,,,,,,,,,,,,,,,,,,0.0,0.0,0.0,0.0,0.0,0.0
1773799322.4608197,False,,,,,,,,,,,,,,,,,,0.0,0.0,0.0,0.0,0.0,0.0
1773799322.4705331,False,,,,,,,,,,,,,,,,,,0.0,0.0,0.0,0.0,0.0,0.0
1773799322.4806666,False,,,,,,,,,,,,,,,,,,0.0,0.0,0.0,0.0,0.0,0.0
1773799322.490532,False,,,,,,,,,,,,,,,,,,0.0,0.0,0.0,0.0,0.0,0.0
1773799322.5005357,False,,,,,,,,,,,,,,,,,,0.0,0.0,0.0,0.0,0.0,0.0
1773799322.5101614,False,,,,,,,,,,,,,,,,,,0.0,0.0,0.0,0.0,0.0,0.0
1773799322.5203214,False,,,,,,,,,,,,,,,,,,0.0,0.0,0.0,0.0,0.0,0.0
1773799322.5305676,False,,,,,,,,,,,,,,,,,,0.0,0.0,0.0,0.0,0.0,0.0
1773799322.5401638,False,,,,,,,,,,,,,,,,,,0.0,0.0,0.0,0.0,0.0,0.0
1773799322.550212,False,,,,,,,,,,,,,,,,,,0.0,0.0,0.0,0.0,0.0,0.0
1773799322.560754,False,,,,,,,,,,,,,,,,,,0.0,0.0,0.0,0.0,0.0,0.0
1773799322.5704665,False,,,,,,,,,,,,,,,,,,0.0,0.0,0.0,0.0,0.0,0.0
1773799322.5807154,False,,,,,,,,,,,,,,,,,,0.0,0.0,0.0,0.0,0.0,0.0
1773799322.590279,False,,,,,,,,,,,,,,,,,,0.0,0.0,0.0,0.0,0.0,0.0
1773799322.6009111,False,,,,,,,,,,,,,,,,,,0.0,0.0,0.0,0.0,0.0,0.0
1773799322.6100028,False,,,,,,,,,,,,,,,,,,0.0,0.0,0.0,0.0,0.0,0.0
1773799322.6206837,False,,,,,,,,,,,,,,,,,,0.0,0.0,0.0,0.0,0.0,0.0
1773799322.6303027,False,,,,,,,,,,,,,,,,,,0.0,0.0,0.0,0.0,0.0,0.0
1773799322.6403139,False,,,,,,,,,,,,,,,,,,0.0,0.0,0.0,0.0,0.0,0.0
1773799322.6501303,False,,,,,,,,,,,,,,,,,,0.0,0.0,0.0,0.0,0.0,0.0
1773799322.660514,False,,,,,,,,,,,,,,,,,,0.0,0.0,0.0,0.0,0.0,0.0
1773799322.6705337,False,,,,,,,,,,,,,,,,,,0.0,0.0,0.0,0.0,0.0,0.0
1773799322.6803854,False,,,,,,,,,,,,,,,,,,0.0,0.0,0.0,0.0,0.0,0.0
1773799322.6904087,False,,,,,,,,,,,,,,,,,,0.0,0.0,0.0,0.0,0.0,0.0
1773799322.700765,False,,,,,,,,,,,,,,,,,,0.0,0.0,0.0,0.0,0.0,0.0
1773799322.710351,False,,,,,,,,,,,,,,,,,,0.0,0.0,0.0,0.0,0.0,0.0
1773799322.7203019,False,,,,,,,,,,,,,,,,,,0.0,0.0,0.0,0.0,0.0,0.0
1773799322.7303698,False,,,,,,,,,,,,,,,,,,0.0,0.0,0.0,0.0,0.0,0.0
1773799322.7403028,False,,,,,,,,,,,,,,,,,,0.0,0.0,0.0,0.0,0.0,0.0
1773799322.7504418,False,,,,,,,,,,,,,,,,,,0.0,0.0,0.0,0.0,0.0,0.0
1773799322.7605915,False,,,,,,,,,,,,,,,,,,0.0,0.0,0.0,0.0,0.0,0.0
1773799322.7702632,False,,,,,,,,,,,,,,,,,,0.0,0.0,0.0,0.0,0.0,0.0
1773799322.7803357,False,,,,,,,,,,,,,,,,,,0.0,0.0,0.0,0.0,0.0,0.0
1773799322.7906718,False,,,,,,,,,,,,,,,,,,0.0,0.0,0.0,0.0,0.0,0.0
1773799322.8004205,False,,,,,,,,,,,,,,,,,,0.0,0.0,0.0,0.0,0.0,0.0
1773799322.8105552,False,,,,,,,,,,,,,,,,,,0.0,0.0,0.0,0.0,0.0,0.0
1773799322.820367,False,,,,,,,,,,,,,,,,,,0.0,0.0,0.0,0.0,0.0,0.0
1773799322.8305013,False,,,,,,,,,,,,,,,,,,0.0,0.0,0.0,0.0,0.0,0.0
1773799322.84026,False,,,,,,,,,,,,,,,,,,0.0,0.0,0.0,0.0,0.0,0.0
1773799322.850213,False,,,,,,,,,,,,,,,,,,0.0,0.0,0.0,0.0,0.0,0.0
1773799322.8604143,False,,,,,,,,,,,,,,,,,,0.0,0.0,0.0,0.0,0.0,0.0
1773799322.8706021,False,,,,,,,,,,,,,,,,,,0.0,0.0,0.0,0.0,0.0,0.0
1773799322.880775,False,,,,,,,,,,,,,,,,,,0.0,0.0,0.0,0.0,0.0,0.0
1773799322.8906639,False,,,,,,,,,,,,,,,,,,0.0,0.0,0.0,0.0,0.0,0.0
1773799322.9004295,False,,,,,,,,,,,,,,,,,,0.0,0.0,0.0,0.0,0.0,0.0
1773799322.910219,False,,,,,,,,,,,,,,,,,,0.0,0.0,0.0,0.0,0.0,0.0
1773799322.920255,False,,,,,,,,,,,,,,,,,,0.0,0.0,0.0,0.0,0.0,0.0
1773799322.9304686,False,,,,,,,,,,,,,,,,,,0.0,0.0,0.0,0.0,0.0,0.0
1773799322.9403524,False,,,,,,,,,,,,,,,,,,0.0,0.0,0.0,0.0,0.0,0.0
1773799322.9504268,False,,,,,,,,,,,,,,,,,,0.0,0.0,0.0,0.0,0.0,0.0
1773799322.9605563,False,,,,,,,,,,,,,,,,,,0.0,0.0,0.0,0.0,0.0,0.0
1773799322.9706485,False,,,,,,,,,,,,,,,,,,0.0,0.0,0.0,0.0,0.0,0.0
1773799322.9805043,False,,,,,,,,,,,,,,,,,,0.0,0.0,0.0,0.0,0.0,0.0
1773799322.9904401,False,,,,,,,,,,,,,,,,,,0.0,0.0,0.0,0.0,0.0,0.0
1773799323.0004673,False,,,,,,,,,,,,,,,,,,0.0,0.0,0.0,0.0,0.0,0.0
1773799323.0101104,False,,,,,,,,,,,,,,,,,,0.0,0.0,0.0,0.0,0.0,0.0
1773799323.0205655,False,,,,,,,,,,,,,,,,,,0.0,0.0,0.0,0.0,0.0,0.0
1773799323.0302894,False,,,,,,,,,,,,,,,,,,0.0,0.0,0.0,0.0,0.0,0.0
1773799323.0403957,False,,,,,,,,,,,,,,,,,,0.0,0.0,0.0,0.0,0.0,0.0
1773799323.0506144,False,,,,,,,,,,,,,,,,,,0.0,0.0,0.0,0.0,0.0,0.0
1773799323.060629,False,,,,,,,,,,,,,,,,,,0.0,0.0,0.0,0.0,0.0,0.0
1773799323.0704563,False,,,,,,,,,,,,,,,,,,0.0,0.0,0.0,0.0,0.0,0.0
1773799323.0804133,False,,,,,,,,,,,,,,,,,,0.0,0.0,0.0,0.0,0.0,0.0
1773799323.0909934,False,,,,,,,,,,,,,,,,,,0.0,0.0,0.0,0.0,0.0,0.0
1773799323.10038,False,,,,,,,,,,,,,,,,,,0.0,0.0,0.0,0.0,0.0,0.0
1773799323.110686,False,,,,,,,,,,,,,,,,,,0.0,0.0,0.0,0.0,0.0,0.0
1773799323.120344,False,,,,,,,,,,,,,,,,,,0.0,0.0,0.0,0.0,0.0,0.0
1773799323.130534,False,,,,,,,,,,,,,,,,,,0.0,0.0,0.0,0.0,0.0,0.0
1773799323.140391,False,,,,,,,,,,,,,,,,,,0.0,0.0,0.0,0.0,0.0,0.0
1773799323.150495,False,,,,,,,,,,,,,,,,,,0.0,0.0,0.0,0.0,0.0,0.0
1773799323.1606214,False,,,,,,,,,,,,,,,,,,0.0,0.0,0.0,0.0,0.0,0.0
1773799323.1705883,False,,,,,,,,,,,,,,,,,,0.0,0.0,0.0,0.0,0.0,0.0
1773799323.180157,False,,,,,,,,,,,,,,,,,,0.0,0.0,0.0,0.0,0.0,0.0
1773799323.1903474,False,,,,,,,,,,,,,,,,,,0.0,0.0,0.0,0.0,0.0,0.0
1773799323.20042,False,,,,,,,,,,,,,,,,,,0.0,0.0,0.0,0.0,0.0,0.0
1773799323.2105062,False,,,,,,,,,,,,,,,,,,0.0,0.0,0.0,0.0,0.0,0.0
1773799323.2203884,False,,,,,,,,,,,,,,,,,,0.0,0.0,0.0,0.0,0.0,0.0
1773799323.2300706,False,,,,,,,,,,,,,,,,,,0.0,0.0,0.0,0.0,0.0,0.0
1773799323.240312,False,,,,,,,,,,,,,,,,,,0.0,0.0,0.0,0.0,0.0,0.0
1773799323.2505107,False,,,,,,,,,,,,,,,,,,0.0,0.0,0.0,0.0,0.0,0.0
1773799323.2604358,False,,,,,,,,,,,,,,,,,,0.0,0.0,0.0,0.0,0.0,0.0
1773799323.2703524,False,,,,,,,,,,,,,,,,,,0.0,0.0,0.0,0.0,0.0,0.0
1773799323.2801673,False,,,,,,,,,,,,,,,,,,0.0,0.0,0.0,0.0,0.0,0.0
1773799323.29031,False,,,,,,,,,,,,,,,,,,0.0,0.0,0.0,0.0,0.0,0.0
1773799323.3006103,False,,,,,,,,,,,,,,,,,,0.0,0.0,0.0,0.0,0.0,0.0
1773799323.310356,False,,,,,,,,,,,,,,,,,,0.0,0.0,0.0,0.0,0.0,0.0
1773799323.3204346,False,,,,,,,,,,,,,,,,,,0.0,0.0,0.0,0.0,0.0,0.0
1773799323.330251,False,,,,,,,,,,,,,,,,,,0.0,0.0,0.0,0.0,0.0,0.0
1773799323.33997,False,,,,,,,,,,,,,,,,,,0.0,0.0,0.0,0.0,0.0,0.0
1773799323.350437,False,,,,,,,,,,,,,,,,,,0.0,0.0,0.0,0.0,0.0,0.0
1773799323.3605423,False,,,,,,,,,,,,,,,,,,0.0,0.0,0.0,0.0,0.0,0.0
1773799323.3705459,False,,,,,,,,,,,,,,,,,,0.0,0.0,0.0,0.0,0.0,0.0
1773799323.3801897,False,,,,,,,,,,,,,,,,,,0.0,0.0,0.0,0.0,0.0,0.0
1773799323.3906295,False,,,,,,,,,,,,,,,,,,0.0,0.0,0.0,0.0,0.0,0.0
1773799323.4005423,False,,,,,,,,,,,,,,,,,,0.0,0.0,0.0,0.0,0.0,0.0
1773799323.4101317,False,,,,,,,,,,,,,,,,,,0.0,0.0,0.0,0.0,0.0,0.0
1773799323.4203506,False,,,,,,,,,,,,,,,,,,0.0,0.0,0.0,0.0,0.0,0.0
1773799323.4301775,False,,,,,,,,,,,,,,,,,,0.0,0.0,0.0,0.0,0.0,0.0
1773799323.440213,False,,,,,,,,,,,,,,,,,,0.0,0.0,0.0,0.0,0.0,0.0
1773799323.4499419,False,,,,,,,,,,,,,,,,,,0.0,0.0,0.0,0.0,0.0,0.0
1773799323.460641,False,,,,,,,,,,,,,,,,,,0.0,0.0,0.0,0.0,0.0,0.0
1773799323.4698892,False,,,,,,,,,,,,,,,,,,0.0,0.0,0.0,0.0,0.0,0.0
1773799323.4801695,False,,,,,,,,,,,,,,,,,,0.0,0.0,0.0,0.0,0.0,0.0
1773799323.4902651,False,,,,,,,,,,,,,,,,,,0.0,0.0,0.0,0.0,0.0,0.0
1773799323.5005531,False,,,,,,,,,,,,,,,,,,0.0,0.0,0.0,0.0,0.0,0.0
1773799323.510584,False,,,,,,,,,,,,,,,,,,0.0,0.0,0.0,0.0,0.0,0.0
1773799323.5201845,False,,,,,,,,,,,,,,,,,,0.0,0.0,0.0,0.0,0.0,0.0
1773799323.5302641,False,,,,,,,,,,,,,,,,,,0.0,0.0,0.0,0.0,0.0,0.0
1773799323.5404046,False,,,,,,,,,,,,,,,,,,0.0,0.0,0.0,0.0,0.0,0.0
1773799323.550401,False,,,,,,,,,,,,,,,,,,0.0,0.0,0.0,0.0,0.0,0.0
1773799323.5604923,False,,,,,,,,,,,,,,,,,,0.0,0.0,0.0,0.0,0.0,0.0
1773799323.570652,False,,,,,,,,,,,,,,,,,,0.0,0.0,0.0,0.0,0.0,0.0
1773799323.580734,False,,,,,,,,,,,,,,,,,,0.0,0.0,0.0,0.0,0.0,0.0
1773799323.59061,False,,,,,,,,,,,,,,,,,,0.0,0.0,0.0,0.0,0.0,0.0
1773799323.600414,False,,,,,,,,,,,,,,,,,,0.0,0.0,0.0,0.0,0.0,0.0
1773799323.610362,False,,,,,,,,,,,,,,,,,,0.0,0.0,0.0,0.0,0.0,0.0
1773799323.6204078,False,,,,,,,,,,,,,,,,,,0.0,0.0,0.0,0.0,0.0,0.0
1773799323.6303926,False,,,,,,,,,,,,,,,,,,0.0,0.0,0.0,0.0,0.0,0.0
1773799323.6405354,False,,,,,,,,,,,,,,,,,,0.0,0.0,0.0,0.0,0.0,0.0
1773799323.6502469,False,,,,,,,,,,,,,,,,,,0.0,0.0,0.0,0.0,0.0,0.0
1773799323.6603131,False,,,,,,,,,,,,,,,,,,0.0,0.0,0.0,0.0,0.0,0.0
1773799323.6703224,False,,,,,,,,,,,,,,,,,,0.0,0.0,0.0,0.0,0.0,0.0
1773799323.6808152,False,,,,,,,,,,,,,,,,,,0.0,0.0,0.0,0.0,0.0,0.0
1773799323.6904387,False,,,,,,,,,,,,,,,,,,0.0,0.0,0.0,0.0,0.0,0.0
1773799323.7005067,False,,,,,,,,,,,,,,,,,,0.0,0.0,0.0,0.0,0.0,0.0
1773799323.7102413,False,,,,,,,,,,,,,,,,,,0.0,0.0,0.0,0.0,0.0,0.0
1773799323.7202482,False,,,,,,,,,,,,,,,,,,0.0,0.0,0.0,0.0,0.0,0.0
1773799323.730332,False,,,,,,,,,,,,,,,,,,0.0,0.0,0.0,0.0,0.0,0.0
1773799323.7404735,False,,,,,,,,,,,,,,,,,,0.0,0.0,0.0,0.0,0.0,0.0
1773799323.7501888,False,,,,,,,,,,,,,,,,,,0.0,0.0,0.0,0.0,0.0,0.0
1773799323.760389,False,,,,,,,,,,,,,,,,,,0.0,0.0,0.0,0.0,0.0,0.0
1773799323.7706199,False,,,,,,,,,,,,,,,,,,0.0,0.0,0.0,0.0,0.0,0.0
1773799323.7801836,False,,,,,,,,,,,,,,,,,,0.0,0.0,0.0,0.0,0.0,0.0
1773799323.790358,False,,,,,,,,,,,,,,,,,,0.0,0.0,0.0,0.0,0.0,0.0
1773799323.8003426,False,,,,,,,,,,,,,,,,,,0.0,0.0,0.0,0.0,0.0,0.0
1773799323.810366,False,,,,,,,,,,,,,,,,,,0.0,0.0,0.0,0.0,0.0,0.0
1773799323.8202147,False,,,,,,,,,,,,,,,,,,0.0,0.0,0.0,0.0,0.0,0.0
1773799323.830322,False,,,,,,,,,,,,,,,,,,0.0,0.0,0.0,0.0,0.0,0.0
1773799323.840184,False,,,,,,,,,,,,,,,,,,0.0,0.0,0.0,0.0,0.0,0.0
1773799323.8505564,False,,,,,,,,,,,,,,,,,,0.0,0.0,0.0,0.0,0.0,0.0
1773799323.860613,False,,,,,,,,,,,,,,,,,,0.0,0.0,0.0,0.0,0.0,0.0
1773799323.8701732,False,,,,,,,,,,,,,,,,,,0.0,0.0,0.0,0.0,0.0,0.0
1773799323.8803775,False,,,,,,,,,,,,,,,,,,0.0,0.0,0.0,0.0,0.0,0.0
1773799323.8908343,False,,,,,,,,,,,,,,,,,,0.0,0.0,0.0,0.0,0.0,0.0
1773799323.9005213,False,,,,,,,,,,,,,,,,,,0.0,0.0,0.0,0.0,0.0,0.0
1773799323.9105892,False,,,,,,,,,,,,,,,,,,0.0,0.0,0.0,0.0,0.0,0.0
1773799323.9203298,False,,,,,,,,,,,,,,,,,,0.0,0.0,0.0,0.0,0.0,0.0
1773799323.930588,False,,,,,,,,,,,,,,,,,,0.0,0.0,0.0,0.0,0.0,0.0
1773799323.9401689,False,,,,,,,,,,,,,,,,,,0.0,0.0,0.0,0.0,0.0,0.0
1773799323.950401,False,,,,,,,,,,,,,,,,,,0.0,0.0,0.0,0.0,0.0,0.0
1773799323.9602342,False,,,,,,,,,,,,,,,,,,0.0,0.0,0.0,0.0,0.0,0.0
1773799323.9706175,False,,,,,,,,,,,,,,,,,,0.0,0.0,0.0,0.0,0.0,0.0
1773799323.980359,False,,,,,,,,,,,,,,,,,,0.0,0.0,0.0,0.0,0.0,0.0
1773799323.9904974,False,,,,,,,,,,,,,,,,,,0.0,0.0,0.0,0.0,0.0,0.0
1773799324.0003479,False,,,,,,,,,,,,,,,,,,0.0,0.0,0.0,0.0,0.0,0.0
1773799324.0106063,False,,,,,,,,,,,,,,,,,,0.0,0.0,0.0,0.0,0.0,0.0
1773799324.0202901,False,,,,,,,,,,,,,,,,,,0.0,0.0,0.0,0.0,0.0,0.0
1773799324.0303483,False,,,,,,,,,,,,,,,,,,0.0,0.0,0.0,0.0,0.0,0.0
1773799324.0402768,False,,,,,,,,,,,,,,,,,,0.0,0.0,0.0,0.0,0.0,0.0
1773799324.0502264,False,,,,,,,,,,,,,,,,,,0.0,0.0,0.0,0.0,0.0,0.0
1773799324.0600471,False,,,,,,,,,,,,,,,,,,0.0,0.0,0.0,0.0,0.0,0.0
1773799324.070663,False,,,,,,,,,,,,,,,,,,0.0,0.0,0.0,0.0,0.0,0.0
1773799324.0803766,False,,,,,,,,,,,,,,,,,,0.0,0.0,0.0,0.0,0.0,0.0
1773799324.0903027,False,,,,,,,,,,,,,,,,,,0.0,0.0,0.0,0.0,0.0,0.0
1773799324.100739,False,,,,,,,,,,,,,,,,,,0.0,0.0,0.0,0.0,0.0,0.0
1773799324.110265,False,,,,,,,,,,,,,,,,,,0.0,0.0,0.0,0.0,0.0,0.0
1773799324.1219118,False,,,,,,,,,,,,,,,,,,0.0,0.0,0.0,0.0,0.0,0.0
1773799324.129833,False,,,,,,,,,,,,,,,,,,0.0,0.0,0.0,0.0,0.0,0.0
1773799324.1406238,False,,,,,,,,,,,,,,,,,,0.0,0.0,0.0,0.0,0.0,0.0
1773799324.1506398,False,,,,,,,,,,,,,,,,,,0.0,0.0,0.0,0.0,0.0,0.0
1773799324.1607392,False,,,,,,,,,,,,,,,,,,0.0,0.0,0.0,0.0,0.0,0.0
1773799324.1707642,False,,,,,,,,,,,,,,,,,,0.0,0.0,0.0,0.0,0.0,0.0
1773799324.1798851,False,,,,,,,,,,,,,,,,,,0.0,0.0,0.0,0.0,0.0,0.0
1773799324.1904662,False,,,,,,,,,,,,,,,,,,0.0,0.0,0.0,0.0,0.0,0.0
1773799324.2004135,False,,,,,,,,,,,,,,,,,,0.0,0.0,0.0,0.0,0.0,0.0
1773799324.2103214,False,,,,,,,,,,,,,,,,,,0.0,0.0,0.0,0.0,0.0,0.0
1773799324.2206404,False,,,,,,,,,,,,,,,,,,0.0,0.0,0.0,0.0,0.0,0.0
1773799324.230221,False,,,,,,,,,,,,,,,,,,0.0,0.0,0.0,0.0,0.0,0.0
1773799324.2406077,False,,,,,,,,,,,,,,,,,,0.0,0.0,0.0,0.0,0.0,0.0
1773799324.250634,False,,,,,,,,,,,,,,,,,,0.0,0.0,0.0,0.0,0.0,0.0
1773799324.260157,False,,,,,,,,,,,,,,,,,,0.0,0.0,0.0,0.0,0.0,0.0
1773799324.2704277,False,,,,,,,,,,,,,,,,,,0.0,0.0,0.0,0.0,0.0,0.0
1773799324.2804554,False,,,,,,,,,,,,,,,,,,0.0,0.0,0.0,0.0,0.0,0.0
1773799324.2904015,False,,,,,,,,,,,,,,,,,,0.0,0.0,0.0,0.0,0.0,0.0
1773799324.300531,False,,,,,,,,,,,,,,,,,,0.0,0.0,0.0,0.0,0.0,0.0
1773799324.3101673,False,,,,,,,,,,,,,,,,,,0.0,0.0,0.0,0.0,0.0,0.0
1773799324.320455,False,,,,,,,,,,,,,,,,,,0.0,0.0,0.0,0.0,0.0,0.0
1773799324.3302376,False,,,,,,,,,,,,,,,,,,0.0,0.0,0.0,0.0,0.0,0.0
1773799324.3405273,False,,,,,,,,,,,,,,,,,,0.0,0.0,0.0,0.0,0.0,0.0
1773799324.3505259,False,,,,,,,,,,,,,,,,,,0.0,0.0,0.0,0.0,0.0,0.0
1773799324.360307,False,,,,,,,,,,,,,,,,,,0.0,0.0,0.0,0.0,0.0,0.0
1773799324.3706782,False,,,,,,,,,,,,,,,,,,0.0,0.0,0.0,0.0,0.0,0.0
1773799324.380514,False,,,,,,,,,,,,,,,,,,0.0,0.0,0.0,0.0,0.0,0.0
1773799324.3904088,False,,,,,,,,,,,,,,,,,,0.0,0.0,0.0,0.0,0.0,0.0
1773799324.4004889,False,,,,,,,,,,,,,,,,,,0.0,0.0,0.0,0.0,0.0,0.0
1773799324.4104586,False,,,,,,,,,,,,,,,,,,0.0,0.0,0.0,0.0,0.0,0.0
1773799324.4205163,False,,,,,,,,,,,,,,,,,,0.0,0.0,0.0,0.0,0.0,0.0
1773799324.4308562,False,,,,,,,,,,,,,,,,,,0.0,0.0,0.0,0.0,0.0,0.0
1773799324.4405982,False,,,,,,,,,,,,,,,,,,0.0,0.0,0.0,0.0,0.0,0.0
1773799324.4503372,False,,,,,,,,,,,,,,,,,,0.0,0.0,0.0,0.0,0.0,0.0
1773799324.4603734,False,,,,,,,,,,,,,,,,,,0.0,0.0,0.0,0.0,0.0,0.0
1773799324.470222,False,,,,,,,,,,,,,,,,,,0.0,0.0,0.0,0.0,0.0,0.0
1773799324.4806426,False,,,,,,,,,,,,,,,,,,0.0,0.0,0.0,0.0,0.0,0.0
1773799324.4905996,False,,,,,,,,,,,,,,,,,,0.0,0.0,0.0,0.0,0.0,0.0
1773799324.5004444,False,,,,,,,,,,,,,,,,,,0.0,0.0,0.0,0.0,0.0,0.0
1773799324.5101335,False,,,,,,,,,,,,,,,,,,0.0,0.0,0.0,0.0,0.0,0.0
1773799324.5199971,False,,,,,,,,,,,,,,,,,,0.0,0.0,0.0,0.0,0.0,0.0
1773799324.53069,False,,,,,,,,,,,,,,,,,,0.0,0.0,0.0,0.0,0.0,0.0
1773799324.5405352,False,,,,,,,,,,,,,,,,,,0.0,0.0,0.0,0.0,0.0,0.0
1773799324.5504138,False,,,,,,,,,,,,,,,,,,0.0,0.0,0.0,0.0,0.0,0.0
1773799324.5601094,False,,,,,,,,,,,,,,,,,,0.0,0.0,0.0,0.0,0.0,0.0
1773799324.569982,False,,,,,,,,,,,,,,,,,,0.0,0.0,0.0,0.0,0.0,0.0
1773799324.5804486,False,,,,,,,,,,,,,,,,,,0.0,0.0,0.0,0.0,0.0,0.0
1773799324.5905704,False,,,,,,,,,,,,,,,,,,0.0,0.0,0.0,0.0,0.0,0.0
1773799324.6002047,False,,,,,,,,,,,,,,,,,,0.0,0.0,0.0,0.0,0.0,0.0
1773799324.6104248,False,,,,,,,,,,,,,,,,,,0.0,0.0,0.0,0.0,0.0,0.0
1773799324.620262,False,,,,,,,,,,,,,,,,,,0.0,0.0,0.0,0.0,0.0,0.0
1773799324.6305208,False,,,,,,,,,,,,,,,,,,0.0,0.0,0.0,0.0,0.0,0.0
1773799324.640214,False,,,,,,,,,,,,,,,,,,0.0,0.0,0.0,0.0,0.0,0.0
1773799324.650615,False,,,,,,,,,,,,,,,,,,0.0,0.0,0.0,0.0,0.0,0.0
1773799324.660449,False,,,,,,,,,,,,,,,,,,0.0,0.0,0.0,0.0,0.0,0.0
1773799324.670374,False,,,,,,,,,,,,,,,,,,0.0,0.0,0.0,0.0,0.0,0.0
1773799324.680396,False,,,,,,,,,,,,,,,,,,0.0,0.0,0.0,0.0,0.0,0.0
1773799324.6904879,False,,,,,,,,,,,,,,,,,,0.0,0.0,0.0,0.0,0.0,0.0
1773799324.7001798,False,,,,,,,,,,,,,,,,,,0.0,0.0,0.0,0.0,0.0,0.0
1773799324.7101989,False,,,,,,,,,,,,,,,,,,0.0,0.0,0.0,0.0,0.0,0.0
1773799324.7202532,False,,,,,,,,,,,,,,,,,,0.0,0.0,0.0,0.0,0.0,0.0
1773799324.730585,False,,,,,,,,,,,,,,,,,,0.0,0.0,0.0,0.0,0.0,0.0
1773799324.7403731,False,,,,,,,,,,,,,,,,,,0.0,0.0,0.0,0.0,0.0,0.0
1773799324.750672,False,,,,,,,,,,,,,,,,,,0.0,0.0,0.0,0.0,0.0,0.0
1773799324.7606833,False,,,,,,,,,,,,,,,,,,0.0,0.0,0.0,0.0,0.0,0.0
1773799324.7702174,False,,,,,,,,,,,,,,,,,,0.0,0.0,0.0,0.0,0.0,0.0
1773799324.7809129,False,,,,,,,,,,,,,,,,,,0.0,0.0,0.0,0.0,0.0,0.0
1773799324.790294,False,,,,,,,,,,,,,,,,,,0.0,0.0,0.0,0.0,0.0,0.0
1773799324.8004234,False,,,,,,,,,,,,,,,,,,0.0,0.0,0.0,0.0,0.0,0.0
1773799324.8102705,False,,,,,,,,,,,,,,,,,,0.0,0.0,0.0,0.0,0.0,0.0
1773799324.820406,False,,,,,,,,,,,,,,,,,,0.0,0.0,0.0,0.0,0.0,0.0
