time,det_valid,det_conf,det_t,det_u,det_v,det_w,det_h,det_theta,u_filtered,v_filtered,area_filtered,sin_filtered,cos_filtered,theta_filtered,e_u,e_v,e_area,e_theta,vx,vy,vz,wx,wy,wz
1773800133.7694325,False,,,,,,,,,,,,,,,,,,0.0,0.0,0.0,0.0,0.0,0.0
1773800133.783179,False,,,,,,,,,,,,,,,,,,0.0,0.0,0.0,0.0,0.0,0.0
1773800133.790388,False,,,,,,,,,,,,,,,,,,0.0,0.0,0.0,0.0,0.0,0.0
1773800133.7997665,False,,,,,,,,,,,,,,,,,,0.0,0.0,0.0,0.0,0.0,0.0
1773800133.8100147,False,,,,,,,,,,,,,,,,,,0.0,0.0,0.0,0.0,0.0,0.0
1773800133.8199317,False,,,,,,,,,,,,,,,,,,0.0,0.0,0.0,0.0,0.0,0.0
1773800133.830077,False,,,,,,,,,,,,,,,,,,0.0,0.0,0.0,0.0,0.0,0.0
1773800133.839936,False,,,,,,,,,,,,,,,,,,0.0,0.0,0.0,0.0,0.0,0.0
1773800133.8501832,False,,,,,,,,,,,,,,,,,,0.0,0.0,0.0,0.0,0.0,0.0
1773800133.8598983,False,,,,,,,,,,,,,,,,,,0.0,0.0,0.0,0.0,0.0,0.0
1773800133.869966,False,,,,,,,,,,,,,,,,,,0.0,0.0,0.0,0.0,0.0,0.0
1773800133.8797636,False,,,,,,,,,,,,,,,,,,0.0,0.0,0.0,0.0,0.0,0.0
1773800133.889966,False,,,,,,,,,,,,,,,,,,0.0,0.0,0.0,0.0,0.0,0.0
1773800133.89989,False,,,,,,,,,,,,,,,,,,0.0,0.0,0.0,0.0,0.0,0.0
1773800133.909857,False,,,,,,,,,,,,,,,,,,0.0,0.0,0.0,0.0,0.0,0.0
1773800133.9200225,False,,,,,,,,,,,,,,,,,,0.0,0.0,0.0,0.0,0.0,0.0
1773800133.9298284,False,,,,,,,,,,,,,,,,,,0.0,0.0,0.0,0.0,0.0,0.0
1773800133.9400947,False,,,,,,,,,,,,,,,,,,0.0,0.0,0.0,0.0,0.0,0.0
1773800133.9498398,False,,,,,,,,,,,,,,,,,,0.0,0.0,0.0,0.0,0.0,0.0
1773800133.9605014,False,,,,,,,,,,,,,,,,,,0.0,0.0,0.0,0.0,0.0,0.0
1773800133.969915,False,,,,,,,,,,,,,,,,,,0.0,0.0,0.0,0.0,0.0,0.0
1773800133.979813,False,,,,,,,,,,,,,,,,,,0.0,0.0,0.0,0.0,0.0,0.0
1773800133.9901001,False,,,,,,,,,,,,,,,,,,0.0,0.0,0.0,0.0,0.0,0.0
1773800133.999689,False,,,,,,,,,,,,,,,,,,0.0,0.0,0.0,0.0,0.0,0.0
1773800134.0097756,False,,,,,,,,,,,,,,,,,,0.0,0.0,0.0,0.0,0.0,0.0
1773800134.0200183,False,,,,,,,,,,,,,,,,,,0.0,0.0,0.0,0.0,0.0,0.0
1773800134.0300207,False,,,,,,,,,,,,,,,,,,0.0,0.0,0.0,0.0,0.0,0.0
1773800134.0404406,False,,,,,,,,,,,,,,,,,,0.0,0.0,0.0,0.0,0.0,0.0
1773800134.050258,False,,,,,,,,,,,,,,,,,,0.0,0.0,0.0,0.0,0.0,0.0
1773800134.060295,False,,,,,,,,,,,,,,,,,,0.0,0.0,0.0,0.0,0.0,0.0
1773800134.0700212,False,,,,,,,,,,,,,,,,,,0.0,0.0,0.0,0.0,0.0,0.0
1773800134.0800343,False,,,,,,,,,,,,,,,,,,0.0,0.0,0.0,0.0,0.0,0.0
1773800134.0900683,False,,,,,,,,,,,,,,,,,,0.0,0.0,0.0,0.0,0.0,0.0
1773800134.0999868,False,,,,,,,,,,,,,,,,,,0.0,0.0,0.0,0.0,0.0,0.0
1773800134.1097548,False,,,,,,,,,,,,,,,,,,0.0,0.0,0.0,0.0,0.0,0.0
1773800134.1198893,False,,,,,,,,,,,,,,,,,,0.0,0.0,0.0,0.0,0.0,0.0
1773800134.1298602,False,,,,,,,,,,,,,,,,,,0.0,0.0,0.0,0.0,0.0,0.0
1773800134.1401782,False,,,,,,,,,,,,,,,,,,0.0,0.0,0.0,0.0,0.0,0.0
1773800134.1496131,False,,,,,,,,,,,,,,,,,,0.0,0.0,0.0,0.0,0.0,0.0
1773800134.1598854,False,,,,,,,,,,,,,,,,,,0.0,0.0,0.0,0.0,0.0,0.0
1773800134.1698349,False,,,,,,,,,,,,,,,,,,0.0,0.0,0.0,0.0,0.0,0.0
1773800134.1798716,False,,,,,,,,,,,,,,,,,,0.0,0.0,0.0,0.0,0.0,0.0
1773800134.189675,False,,,,,,,,,,,,,,,,,,0.0,0.0,0.0,0.0,0.0,0.0
1773800134.200112,False,,,,,,,,,,,,,,,,,,0.0,0.0,0.0,0.0,0.0,0.0
1773800134.2098076,False,,,,,,,,,,,,,,,,,,0.0,0.0,0.0,0.0,0.0,0.0
1773800134.2200868,False,,,,,,,,,,,,,,,,,,0.0,0.0,0.0,0.0,0.0,0.0
1773800134.2299087,False,,,,,,,,,,,,,,,,,,0.0,0.0,0.0,0.0,0.0,0.0
1773800134.2398412,False,,,,,,,,,,,,,,,,,,0.0,0.0,0.0,0.0,0.0,0.0
1773800134.2499082,False,,,,,,,,,,,,,,,,,,0.0,0.0,0.0,0.0,0.0,0.0
1773800134.2599568,False,,,,,,,,,,,,,,,,,,0.0,0.0,0.0,0.0,0.0,0.0
1773800134.2696974,False,,,,,,,,,,,,,,,,,,0.0,0.0,0.0,0.0,0.0,0.0
1773800134.2800233,False,,,,,,,,,,,,,,,,,,0.0,0.0,0.0,0.0,0.0,0.0
1773800134.2898111,False,,,,,,,,,,,,,,,,,,0.0,0.0,0.0,0.0,0.0,0.0
1773800134.299965,False,,,,,,,,,,,,,,,,,,0.0,0.0,0.0,0.0,0.0,0.0
1773800134.3096704,False,,,,,,,,,,,,,,,,,,0.0,0.0,0.0,0.0,0.0,0.0
1773800134.3198857,False,,,,,,,,,,,,,,,,,,0.0,0.0,0.0,0.0,0.0,0.0
1773800134.3298244,False,,,,,,,,,,,,,,,,,,0.0,0.0,0.0,0.0,0.0,0.0
1773800134.3401177,False,,,,,,,,,,,,,,,,,,0.0,0.0,0.0,0.0,0.0,0.0
1773800134.349703,False,,,,,,,,,,,,,,,,,,0.0,0.0,0.0,0.0,0.0,0.0
1773800134.359995,False,,,,,,,,,,,,,,,,,,0.0,0.0,0.0,0.0,0.0,0.0
1773800134.3697927,False,,,,,,,,,,,,,,,,,,0.0,0.0,0.0,0.0,0.0,0.0
1773800134.3800435,False,,,,,,,,,,,,,,,,,,0.0,0.0,0.0,0.0,0.0,0.0
1773800134.3901098,False,,,,,,,,,,,,,,,,,,0.0,0.0,0.0,0.0,0.0,0.0
1773800134.400107,False,,,,,,,,,,,,,,,,,,0.0,0.0,0.0,0.0,0.0,0.0
1773800134.4101648,False,,,,,,,,,,,,,,,,,,0.0,0.0,0.0,0.0,0.0,0.0
1773800134.420122,False,,,,,,,,,,,,,,,,,,0.0,0.0,0.0,0.0,0.0,0.0
1773800134.4301069,False,,,,,,,,,,,,,,,,,,0.0,0.0,0.0,0.0,0.0,0.0
1773800134.4402099,False,,,,,,,,,,,,,,,,,,0.0,0.0,0.0,0.0,0.0,0.0
1773800134.4498022,False,,,,,,,,,,,,,,,,,,0.0,0.0,0.0,0.0,0.0,0.0
1773800134.4602532,False,,,,,,,,,,,,,,,,,,0.0,0.0,0.0,0.0,0.0,0.0
1773800134.4698865,False,,,,,,,,,,,,,,,,,,0.0,0.0,0.0,0.0,0.0,0.0
1773800134.479794,False,,,,,,,,,,,,,,,,,,0.0,0.0,0.0,0.0,0.0,0.0
1773800134.489721,False,,,,,,,,,,,,,,,,,,0.0,0.0,0.0,0.0,0.0,0.0
1773800134.4999154,False,,,,,,,,,,,,,,,,,,0.0,0.0,0.0,0.0,0.0,0.0
1773800134.5102515,False,,,,,,,,,,,,,,,,,,0.0,0.0,0.0,0.0,0.0,0.0
1773800134.51986,False,,,,,,,,,,,,,,,,,,0.0,0.0,0.0,0.0,0.0,0.0
1773800134.5297918,False,,,,,,,,,,,,,,,,,,0.0,0.0,0.0,0.0,0.0,0.0
1773800134.5398262,False,,,,,,,,,,,,,,,,,,0.0,0.0,0.0,0.0,0.0,0.0
1773800134.5500329,False,,,,,,,,,,,,,,,,,,0.0,0.0,0.0,0.0,0.0,0.0
1773800134.5597212,False,,,,,,,,,,,,,,,,,,0.0,0.0,0.0,0.0,0.0,0.0
1773800134.5700803,False,,,,,,,,,,,,,,,,,,0.0,0.0,0.0,0.0,0.0,0.0
1773800134.5800266,False,,,,,,,,,,,,,,,,,,0.0,0.0,0.0,0.0,0.0,0.0
1773800134.5896971,False,,,,,,,,,,,,,,,,,,0.0,0.0,0.0,0.0,0.0,0.0
1773800134.5998993,False,,,,,,,,,,,,,,,,,,0.0,0.0,0.0,0.0,0.0,0.0
1773800134.6098094,False,,,,,,,,,,,,,,,,,,0.0,0.0,0.0,0.0,0.0,0.0
1773800134.6199832,False,,,,,,,,,,,,,,,,,,0.0,0.0,0.0,0.0,0.0,0.0
1773800134.62966,False,,,,,,,,,,,,,,,,,,0.0,0.0,0.0,0.0,0.0,0.0
1773800134.640098,False,,,,,,,,,,,,,,,,,,0.0,0.0,0.0,0.0,0.0,0.0
1773800134.6496718,False,,,,,,,,,,,,,,,,,,0.0,0.0,0.0,0.0,0.0,0.0
1773800134.6596718,False,,,,,,,,,,,,,,,,,,0.0,0.0,0.0,0.0,0.0,0.0
1773800134.6698122,False,,,,,,,,,,,,,,,,,,0.0,0.0,0.0,0.0,0.0,0.0
1773800134.6801262,False,,,,,,,,,,,,,,,,,,0.0,0.0,0.0,0.0,0.0,0.0
1773800134.6898913,False,,,,,,,,,,,,,,,,,,0.0,0.0,0.0,0.0,0.0,0.0
1773800134.7000575,False,,,,,,,,,,,,,,,,,,0.0,0.0,0.0,0.0,0.0,0.0
1773800134.709937,False,,,,,,,,,,,,,,,,,,0.0,0.0,0.0,0.0,0.0,0.0
1773800134.7199962,False,,,,,,,,,,,,,,,,,,0.0,0.0,0.0,0.0,0.0,0.0
1773800134.7300708,False,,,,,,,,,,,,,,,,,,0.0,0.0,0.0,0.0,0.0,0.0
1773800134.7401018,False,,,,,,,,,,,,,,,,,,0.0,0.0,0.0,0.0,0.0,0.0
1773800134.749998,False,,,,,,,,,,,,,,,,,,0.0,0.0,0.0,0.0,0.0,0.0
1773800134.7597303,False,,,,,,,,,,,,,,,,,,0.0,0.0,0.0,0.0,0.0,0.0
1773800134.7697673,False,,,,,,,,,,,,,,,,,,0.0,0.0,0.0,0.0,0.0,0.0
1773800134.7799103,False,,,,,,,,,,,,,,,,,,0.0,0.0,0.0,0.0,0.0,0.0
1773800134.789962,False,,,,,,,,,,,,,,,,,,0.0,0.0,0.0,0.0,0.0,0.0
1773800134.800151,False,,,,,,,,,,,,,,,,,,0.0,0.0,0.0,0.0,0.0,0.0
1773800134.8097398,False,,,,,,,,,,,,,,,,,,0.0,0.0,0.0,0.0,0.0,0.0
1773800134.8201232,False,,,,,,,,,,,,,,,,,,0.0,0.0,0.0,0.0,0.0,0.0
1773800134.8300622,False,,,,,,,,,,,,,,,,,,0.0,0.0,0.0,0.0,0.0,0.0
1773800134.8399518,False,,,,,,,,,,,,,,,,,,0.0,0.0,0.0,0.0,0.0,0.0
1773800134.8499925,False,,,,,,,,,,,,,,,,,,0.0,0.0,0.0,0.0,0.0,0.0
1773800134.8596737,False,,,,,,,,,,,,,,,,,,0.0,0.0,0.0,0.0,0.0,0.0
1773800134.870124,False,,,,,,,,,,,,,,,,,,0.0,0.0,0.0,0.0,0.0,0.0
1773800134.8797,False,,,,,,,,,,,,,,,,,,0.0,0.0,0.0,0.0,0.0,0.0
1773800134.8896348,False,,,,,,,,,,,,,,,,,,0.0,0.0,0.0,0.0,0.0,0.0
1773800134.8997993,False,,,,,,,,,,,,,,,,,,0.0,0.0,0.0,0.0,0.0,0.0
1773800134.9099345,False,,,,,,,,,,,,,,,,,,0.0,0.0,0.0,0.0,0.0,0.0
1773800134.9198184,False,,,,,,,,,,,,,,,,,,0.0,0.0,0.0,0.0,0.0,0.0
1773800134.9299967,False,,,,,,,,,,,,,,,,,,0.0,0.0,0.0,0.0,0.0,0.0
1773800134.9401042,False,,,,,,,,,,,,,,,,,,0.0,0.0,0.0,0.0,0.0,0.0
1773800134.9500697,False,,,,,,,,,,,,,,,,,,0.0,0.0,0.0,0.0,0.0,0.0
1773800134.959693,False,,,,,,,,,,,,,,,,,,0.0,0.0,0.0,0.0,0.0,0.0
1773800134.9697332,False,,,,,,,,,,,,,,,,,,0.0,0.0,0.0,0.0,0.0,0.0
1773800134.9804058,False,,,,,,,,,,,,,,,,,,0.0,0.0,0.0,0.0,0.0,0.0
1773800134.989822,False,,,,,,,,,,,,,,,,,,0.0,0.0,0.0,0.0,0.0,0.0
1773800134.9997072,False,,,,,,,,,,,,,,,,,,0.0,0.0,0.0,0.0,0.0,0.0
1773800135.0099561,False,,,,,,,,,,,,,,,,,,0.0,0.0,0.0,0.0,0.0,0.0
1773800135.019945,False,,,,,,,,,,,,,,,,,,0.0,0.0,0.0,0.0,0.0,0.0
1773800135.0299604,False,,,,,,,,,,,,,,,,,,0.0,0.0,0.0,0.0,0.0,0.0
1773800135.040034,False,,,,,,,,,,,,,,,,,,0.0,0.0,0.0,0.0,0.0,0.0
1773800135.0497015,False,,,,,,,,,,,,,,,,,,0.0,0.0,0.0,0.0,0.0,0.0
1773800135.060041,False,,,,,,,,,,,,,,,,,,0.0,0.0,0.0,0.0,0.0,0.0
1773800135.070208,False,,,,,,,,,,,,,,,,,,0.0,0.0,0.0,0.0,0.0,0.0
1773800135.0801363,False,,,,,,,,,,,,,,,,,,0.0,0.0,0.0,0.0,0.0,0.0
1773800135.089677,False,,,,,,,,,,,,,,,,,,0.0,0.0,0.0,0.0,0.0,0.0
1773800135.0998576,False,,,,,,,,,,,,,,,,,,0.0,0.0,0.0,0.0,0.0,0.0
1773800135.1099544,False,,,,,,,,,,,,,,,,,,0.0,0.0,0.0,0.0,0.0,0.0
1773800135.1199355,False,,,,,,,,,,,,,,,,,,0.0,0.0,0.0,0.0,0.0,0.0
1773800135.1301277,False,,,,,,,,,,,,,,,,,,0.0,0.0,0.0,0.0,0.0,0.0
1773800135.139806,False,,,,,,,,,,,,,,,,,,0.0,0.0,0.0,0.0,0.0,0.0
1773800135.1499195,False,,,,,,,,,,,,,,,,,,0.0,0.0,0.0,0.0,0.0,0.0
1773800135.16015,False,,,,,,,,,,,,,,,,,,0.0,0.0,0.0,0.0,0.0,0.0
1773800135.1697478,False,,,,,,,,,,,,,,,,,,0.0,0.0,0.0,0.0,0.0,0.0
1773800135.1798973,False,,,,,,,,,,,,,,,,,,0.0,0.0,0.0,0.0,0.0,0.0
1773800135.1899822,False,,,,,,,,,,,,,,,,,,0.0,0.0,0.0,0.0,0.0,0.0
1773800135.1997728,False,,,,,,,,,,,,,,,,,,0.0,0.0,0.0,0.0,0.0,0.0
1773800135.2099006,False,,,,,,,,,,,,,,,,,,0.0,0.0,0.0,0.0,0.0,0.0
1773800135.2199335,False,,,,,,,,,,,,,,,,,,0.0,0.0,0.0,0.0,0.0,0.0
1773800135.2300096,False,,,,,,,,,,,,,,,,,,0.0,0.0,0.0,0.0,0.0,0.0
1773800135.2398582,False,,,,,,,,,,,,,,,,,,0.0,0.0,0.0,0.0,0.0,0.0
1773800135.250202,False,,,,,,,,,,,,,,,,,,0.0,0.0,0.0,0.0,0.0,0.0
1773800135.260219,False,,,,,,,,,,,,,,,,,,0.0,0.0,0.0,0.0,0.0,0.0
1773800135.2697525,False,,,,,,,,,,,,,,,,,,0.0,0.0,0.0,0.0,0.0,0.0
1773800135.279585,False,,,,,,,,,,,,,,,,,,0.0,0.0,0.0,0.0,0.0,0.0
1773800135.2897272,False,,,,,,,,,,,,,,,,,,0.0,0.0,0.0,0.0,0.0,0.0
1773800135.3001392,False,,,,,,,,,,,,,,,,,,0.0,0.0,0.0,0.0,0.0,0.0
1773800135.310208,False,,,,,,,,,,,,,,,,,,0.0,0.0,0.0,0.0,0.0,0.0
1773800135.319869,False,,,,,,,,,,,,,,,,,,0.0,0.0,0.0,0.0,0.0,0.0
1773800135.3301167,False,,,,,,,,,,,,,,,,,,0.0,0.0,0.0,0.0,0.0,0.0
1773800135.3400953,False,,,,,,,,,,,,,,,,,,0.0,0.0,0.0,0.0,0.0,0.0
1773800135.3497756,False,,,,,,,,,,,,,,,,,,0.0,0.0,0.0,0.0,0.0,0.0
1773800135.3598697,False,,,,,,,,,,,,,,,,,,0.0,0.0,0.0,0.0,0.0,0.0
1773800135.3700392,False,,,,,,,,,,,,,,,,,,0.0,0.0,0.0,0.0,0.0,0.0
1773800135.3800216,False,,,,,,,,,,,,,,,,,,0.0,0.0,0.0,0.0,0.0,0.0
1773800135.389932,False,,,,,,,,,,,,,,,,,,0.0,0.0,0.0,0.0,0.0,0.0
1773800135.399795,False,,,,,,,,,,,,,,,,,,0.0,0.0,0.0,0.0,0.0,0.0
1773800135.4101503,False,,,,,,,,,,,,,,,,,,0.0,0.0,0.0,0.0,0.0,0.0
1773800135.419748,False,,,,,,,,,,,,,,,,,,0.0,0.0,0.0,0.0,0.0,0.0
1773800135.4300926,False,,,,,,,,,,,,,,,,,,0.0,0.0,0.0,0.0,0.0,0.0
1773800135.440014,False,,,,,,,,,,,,,,,,,,0.0,0.0,0.0,0.0,0.0,0.0
1773800135.4505048,False,,,,,,,,,,,,,,,,,,0.0,0.0,0.0,0.0,0.0,0.0
1773800135.459685,False,,,,,,,,,,,,,,,,,,0.0,0.0,0.0,0.0,0.0,0.0
1773800135.470032,False,,,,,,,,,,,,,,,,,,0.0,0.0,0.0,0.0,0.0,0.0
1773800135.4801536,False,,,,,,,,,,,,,,,,,,0.0,0.0,0.0,0.0,0.0,0.0
1773800135.4900608,False,,,,,,,,,,,,,,,,,,0.0,0.0,0.0,0.0,0.0,0.0
1773800135.500039,False,,,,,,,,,,,,,,,,,,0.0,0.0,0.0,0.0,0.0,0.0
1773800135.5102534,False,,,,,,,,,,,,,,,,,,0.0,0.0,0.0,0.0,0.0,0.0
1773800135.519671,False,,,,,,,,,,,,,,,,,,0.0,0.0,0.0,0.0,0.0,0.0
1773800135.5298343,False,,,,,,,,,,,,,,,,,,0.0,0.0,0.0,0.0,0.0,0.0
1773800135.5398574,False,,,,,,,,,,,,,,,,,,0.0,0.0,0.0,0.0,0.0,0.0
1773800135.5499835,False,,,,,,,,,,,,,,,,,,0.0,0.0,0.0,0.0,0.0,0.0
1773800135.560049,False,,,,,,,,,,,,,,,,,,0.0,0.0,0.0,0.0,0.0,0.0
1773800135.5698864,False,,,,,,,,,,,,,,,,,,0.0,0.0,0.0,0.0,0.0,0.0
1773800135.5799744,False,,,,,,,,,,,,,,,,,,0.0,0.0,0.0,0.0,0.0,0.0
1773800135.590013,False,,,,,,,,,,,,,,,,,,0.0,0.0,0.0,0.0,0.0,0.0
1773800135.5997894,False,,,,,,,,,,,,,,,,,,0.0,0.0,0.0,0.0,0.0,0.0
1773800135.6100392,False,,,,,,,,,,,,,,,,,,0.0,0.0,0.0,0.0,0.0,0.0
1773800135.619594,False,,,,,,,,,,,,,,,,,,0.0,0.0,0.0,0.0,0.0,0.0
1773800135.630188,False,,,,,,,,,,,,,,,,,,0.0,0.0,0.0,0.0,0.0,0.0
1773800135.6399267,False,,,,,,,,,,,,,,,,,,0.0,0.0,0.0,0.0,0.0,0.0
1773800135.6498222,False,,,,,,,,,,,,,,,,,,0.0,0.0,0.0,0.0,0.0,0.0
1773800135.6598802,False,,,,,,,,,,,,,,,,,,0.0,0.0,0.0,0.0,0.0,0.0
1773800135.6700468,False,,,,,,,,,,,,,,,,,,0.0,0.0,0.0,0.0,0.0,0.0
1773800135.6796443,False,,,,,,,,,,,,,,,,,,0.0,0.0,0.0,0.0,0.0,0.0
1773800135.6903324,False,,,,,,,,,,,,,,,,,,0.0,0.0,0.0,0.0,0.0,0.0
1773800135.7000642,False,,,,,,,,,,,,,,,,,,0.0,0.0,0.0,0.0,0.0,0.0
1773800135.7100477,False,,,,,,,,,,,,,,,,,,0.0,0.0,0.0,0.0,0.0,0.0
1773800135.719691,False,,,,,,,,,,,,,,,,,,0.0,0.0,0.0,0.0,0.0,0.0
1773800135.7300768,False,,,,,,,,,,,,,,,,,,0.0,0.0,0.0,0.0,0.0,0.0
1773800135.7399988,False,,,,,,,,,,,,,,,,,,0.0,0.0,0.0,0.0,0.0,0.0
1773800135.7497928,False,,,,,,,,,,,,,,,,,,0.0,0.0,0.0,0.0,0.0,0.0
1773800135.7596836,False,,,,,,,,,,,,,,,,,,0.0,0.0,0.0,0.0,0.0,0.0
1773800135.7700918,False,,,,,,,,,,,,,,,,,,0.0,0.0,0.0,0.0,0.0,0.0
1773800135.7799718,False,,,,,,,,,,,,,,,,,,0.0,0.0,0.0,0.0,0.0,0.0
1773800135.7896953,False,,,,,,,,,,,,,,,,,,0.0,0.0,0.0,0.0,0.0,0.0
1773800135.7998092,False,,,,,,,,,,,,,,,,,,0.0,0.0,0.0,0.0,0.0,0.0
1773800135.8099844,False,,,,,,,,,,,,,,,,,,0.0,0.0,0.0,0.0,0.0,0.0
1773800135.8200889,False,,,,,,,,,,,,,,,,,,0.0,0.0,0.0,0.0,0.0,0.0
1773800135.8300948,False,,,,,,,,,,,,,,,,,,0.0,0.0,0.0,0.0,0.0,0.0
1773800135.8399546,False,,,,,,,,,,,,,,,,,,0.0,0.0,0.0,0.0,0.0,0.0
1773800135.849895,False,,,,,,,,,,,,,,,,,,0.0,0.0,0.0,0.0,0.0,0.0
1773800135.8598714,False,,,,,,,,,,,,,,,,,,0.0,0.0,0.0,0.0,0.0,0.0
1773800135.8699772,False,,,,,,,,,,,,,,,,,,0.0,0.0,0.0,0.0,0.0,0.0
1773800135.8800924,False,,,,,,,,,,,,,,,,,,0.0,0.0,0.0,0.0,0.0,0.0
1773800135.889717,False,,,,,,,,,,,,,,,,,,0.0,0.0,0.0,0.0,0.0,0.0
1773800135.900327,False,,,,,,,,,,,,,,,,,,0.0,0.0,0.0,0.0,0.0,0.0
1773800135.9096825,False,,,,,,,,,,,,,,,,,,0.0,0.0,0.0,0.0,0.0,0.0
1773800135.9198568,False,,,,,,,,,,,,,,,,,,0.0,0.0,0.0,0.0,0.0,0.0
1773800135.9301605,False,,,,,,,,,,,,,,,,,,0.0,0.0,0.0,0.0,0.0,0.0
1773800135.940058,False,,,,,,,,,,,,,,,,,,0.0,0.0,0.0,0.0,0.0,0.0
1773800135.9498212,False,,,,,,,,,,,,,,,,,,0.0,0.0,0.0,0.0,0.0,0.0
1773800135.959851,False,,,,,,,,,,,,,,,,,,0.0,0.0,0.0,0.0,0.0,0.0
1773800135.9701068,False,,,,,,,,,,,,,,,,,,0.0,0.0,0.0,0.0,0.0,0.0
1773800135.9797094,False,,,,,,,,,,,,,,,,,,0.0,0.0,0.0,0.0,0.0,0.0
1773800135.9902499,False,,,,,,,,,,,,,,,,,,0.0,0.0,0.0,0.0,0.0,0.0
1773800136.0001223,False,,,,,,,,,,,,,,,,,,0.0,0.0,0.0,0.0,0.0,0.0
1773800136.0097823,False,,,,,,,,,,,,,,,,,,0.0,0.0,0.0,0.0,0.0,0.0
1773800136.020225,False,,,,,,,,,,,,,,,,,,0.0,0.0,0.0,0.0,0.0,0.0
1773800136.029639,False,,,,,,,,,,,,,,,,,,0.0,0.0,0.0,0.0,0.0,0.0
1773800136.0398562,False,,,,,,,,,,,,,,,,,,0.0,0.0,0.0,0.0,0.0,0.0
1773800136.0500193,False,,,,,,,,,,,,,,,,,,0.0,0.0,0.0,0.0,0.0,0.0
1773800136.0598047,False,,,,,,,,,,,,,,,,,,0.0,0.0,0.0,0.0,0.0,0.0
1773800136.0701866,False,,,,,,,,,,,,,,,,,,0.0,0.0,0.0,0.0,0.0,0.0
1773800136.0799916,False,,,,,,,,,,,,,,,,,,0.0,0.0,0.0,0.0,0.0,0.0
1773800136.089814,False,,,,,,,,,,,,,,,,,,0.0,0.0,0.0,0.0,0.0,0.0
1773800136.100097,False,,,,,,,,,,,,,,,,,,0.0,0.0,0.0,0.0,0.0,0.0
1773800136.1103377,False,,,,,,,,,,,,,,,,,,0.0,0.0,0.0,0.0,0.0,0.0
1773800136.12003,False,,,,,,,,,,,,,,,,,,0.0,0.0,0.0,0.0,0.0,0.0
1773800136.1296368,False,,,,,,,,,,,,,,,,,,0.0,0.0,0.0,0.0,0.0,0.0
1773800136.140103,False,,,,,,,,,,,,,,,,,,0.0,0.0,0.0,0.0,0.0,0.0
1773800136.1500614,False,,,,,,,,,,,,,,,,,,0.0,0.0,0.0,0.0,0.0,0.0
1773800136.1601882,False,,,,,,,,,,,,,,,,,,0.0,0.0,0.0,0.0,0.0,0.0
1773800136.1698856,False,,,,,,,,,,,,,,,,,,0.0,0.0,0.0,0.0,0.0,0.0
1773800136.1803124,False,,,,,,,,,,,,,,,,,,0.0,0.0,0.0,0.0,0.0,0.0
1773800136.1899936,False,,,,,,,,,,,,,,,,,,0.0,0.0,0.0,0.0,0.0,0.0
1773800136.2002137,False,,,,,,,,,,,,,,,,,,0.0,0.0,0.0,0.0,0.0,0.0
1773800136.2101576,False,,,,,,,,,,,,,,,,,,0.0,0.0,0.0,0.0,0.0,0.0
1773800136.2200632,False,,,,,,,,,,,,,,,,,,0.0,0.0,0.0,0.0,0.0,0.0
1773800136.2296994,False,,,,,,,,,,,,,,,,,,0.0,0.0,0.0,0.0,0.0,0.0
1773800136.2400293,False,,,,,,,,,,,,,,,,,,0.0,0.0,0.0,0.0,0.0,0.0
1773800136.2500718,False,,,,,,,,,,,,,,,,,,0.0,0.0,0.0,0.0,0.0,0.0
1773800136.259743,False,,,,,,,,,,,,,,,,,,0.0,0.0,0.0,0.0,0.0,0.0
1773800136.2705164,False,,,,,,,,,,,,,,,,,,0.0,0.0,0.0,0.0,0.0,0.0
1773800136.2802536,False,,,,,,,,,,,,,,,,,,0.0,0.0,0.0,0.0,0.0,0.0
1773800136.289568,False,,,,,,,,,,,,,,,,,,0.0,0.0,0.0,0.0,0.0,0.0
1773800136.300294,False,,,,,,,,,,,,,,,,,,0.0,0.0,0.0,0.0,0.0,0.0
1773800136.3101108,False,,,,,,,,,,,,,,,,,,0.0,0.0,0.0,0.0,0.0,0.0
1773800136.3200235,False,,,,,,,,,,,,,,,,,,0.0,0.0,0.0,0.0,0.0,0.0
1773800136.330246,False,,,,,,,,,,,,,,,,,,0.0,0.0,0.0,0.0,0.0,0.0
1773800136.3397741,False,,,,,,,,,,,,,,,,,,0.0,0.0,0.0,0.0,0.0,0.0
1773800136.349939,False,,,,,,,,,,,,,,,,,,0.0,0.0,0.0,0.0,0.0,0.0
1773800136.3599799,False,,,,,,,,,,,,,,,,,,0.0,0.0,0.0,0.0,0.0,0.0
1773800136.36967,False,,,,,,,,,,,,,,,,,,0.0,0.0,0.0,0.0,0.0,0.0
1773800136.3801656,False,,,,,,,,,,,,,,,,,,0.0,0.0,0.0,0.0,0.0,0.0
1773800136.390022,False,,,,,,,,,,,,,,,,,,0.0,0.0,0.0,0.0,0.0,0.0
1773800136.4000623,False,,,,,,,,,,,,,,,,,,0.0,0.0,0.0,0.0,0.0,0.0
1773800136.410092,False,,,,,,,,,,,,,,,,,,0.0,0.0,0.0,0.0,0.0,0.0
1773800136.419912,False,,,,,,,,,,,,,,,,,,0.0,0.0,0.0,0.0,0.0,0.0
1773800136.429934,False,,,,,,,,,,,,,,,,,,0.0,0.0,0.0,0.0,0.0,0.0
1773800136.4402971,False,,,,,,,,,,,,,,,,,,0.0,0.0,0.0,0.0,0.0,0.0
1773800136.4501877,False,,,,,,,,,,,,,,,,,,0.0,0.0,0.0,0.0,0.0,0.0
1773800136.460271,False,,,,,,,,,,,,,,,,,,0.0,0.0,0.0,0.0,0.0,0.0
1773800136.470018,False,,,,,,,,,,,,,,,,,,0.0,0.0,0.0,0.0,0.0,0.0
1773800136.4800441,False,,,,,,,,,,,,,,,,,,0.0,0.0,0.0,0.0,0.0,0.0
1773800136.4902174,False,,,,,,,,,,,,,,,,,,0.0,0.0,0.0,0.0,0.0,0.0
1773800136.4998884,False,,,,,,,,,,,,,,,,,,0.0,0.0,0.0,0.0,0.0,0.0
1773800136.509731,False,,,,,,,,,,,,,,,,,,0.0,0.0,0.0,0.0,0.0,0.0
1773800136.5200453,False,,,,,,,,,,,,,,,,,,0.0,0.0,0.0,0.0,0.0,0.0
1773800136.53011,False,,,,,,,,,,,,,,,,,,0.0,0.0,0.0,0.0,0.0,0.0
1773800136.5398548,False,,,,,,,,,,,,,,,,,,0.0,0.0,0.0,0.0,0.0,0.0
1773800136.5503023,False,,,,,,,,,,,,,,,,,,0.0,0.0,0.0,0.0,0.0,0.0
1773800136.560233,False,,,,,,,,,,,,,,,,,,0.0,0.0,0.0,0.0,0.0,0.0
1773800136.5697362,False,,,,,,,,,,,,,,,,,,0.0,0.0,0.0,0.0,0.0,0.0
1773800136.580413,False,,,,,,,,,,,,,,,,,,0.0,0.0,0.0,0.0,0.0,0.0
1773800136.5901382,False,,,,,,,,,,,,,,,,,,0.0,0.0,0.0,0.0,0.0,0.0
1773800136.5998683,False,,,,,,,,,,,,,,,,,,0.0,0.0,0.0,0.0,0.0,0.0
1773800136.60998,False,,,,,,,,,,,,,,,,,,0.0,0.0,0.0,0.0,0.0,0.0
1773800136.6202548,False,,,,,,,,,,,,,,,,,,0.0,0.0,0.0,0.0,0.0,0.0
1773800136.6297307,False,,,,,,,,,,,,,,,,,,0.0,0.0,0.0,0.0,0.0,0.0
1773800136.6402717,False,,,,,,,,,,,,,,,,,,0.0,0.0,0.0,0.0,0.0,0.0
1773800136.6500392,False,,,,,,,,,,,,,,,,,,0.0,0.0,0.0,0.0,0.0,0.0
1773800136.6597366,False,,,,,,,,,,,,,,,,,,0.0,0.0,0.0,0.0,0.0,0.0
1773800136.6701205,False,,,,,,,,,,,,,,,,,,0.0,0.0,0.0,0.0,0.0,0.0
1773800136.679809,False,,,,,,,,,,,,,,,,,,0.0,0.0,0.0,0.0,0.0,0.0
1773800136.6898208,False,,,,,,,,,,,,,,,,,,0.0,0.0,0.0,0.0,0.0,0.0
1773800136.6997948,False,,,,,,,,,,,,,,,,,,0.0,0.0,0.0,0.0,0.0,0.0
1773800136.7098355,False,,,,,,,,,,,,,,,,,,0.0,0.0,0.0,0.0,0.0,0.0
1773800136.7200546,False,,,,,,,,,,,,,,,,,,0.0,0.0,0.0,0.0,0.0,0.0
1773800136.7299528,False,,,,,,,,,,,,,,,,,,0.0,0.0,0.0,0.0,0.0,0.0
1773800136.7396646,False,,,,,,,,,,,,,,,,,,0.0,0.0,0.0,0.0,0.0,0.0
1773800136.7499292,False,,,,,,,,,,,,,,,,,,0.0,0.0,0.0,0.0,0.0,0.0
1773800136.7599006,False,,,,,,,,,,,,,,,,,,0.0,0.0,0.0,0.0,0.0,0.0
1773800136.7699351,False,,,,,,,,,,,,,,,,,,0.0,0.0,0.0,0.0,0.0,0.0
1773800136.7798386,False,,,,,,,,,,,,,,,,,,0.0,0.0,0.0,0.0,0.0,0.0
1773800136.7900121,False,,,,,,,,,,,,,,,,,,0.0,0.0,0.0,0.0,0.0,0.0
1773800136.8002074,False,,,,,,,,,,,,,,,,,,0.0,0.0,0.0,0.0,0.0,0.0
1773800136.8098285,False,,,,,,,,,,,,,,,,,,0.0,0.0,0.0,0.0,0.0,0.0
1773800136.8198662,False,,,,,,,,,,,,,,,,,,0.0,0.0,0.0,0.0,0.0,0.0
1773800136.8299582,False,,,,,,,,,,,,,,,,,,0.0,0.0,0.0,0.0,0.0,0.0
1773800136.8398848,False,,,,,,,,,,,,,,,,,,0.0,0.0,0.0,0.0,0.0,0.0
1773800136.8497467,False,,,,,,,,,,,,,,,,,,0.0,0.0,0.0,0.0,0.0,0.0
1773800136.859898,False,,,,,,,,,,,,,,,,,,0.0,0.0,0.0,0.0,0.0,0.0
1773800136.8697731,False,,,,,,,,,,,,,,,,,,0.0,0.0,0.0,0.0,0.0,0.0
1773800136.8796403,False,,,,,,,,,,,,,,,,,,0.0,0.0,0.0,0.0,0.0,0.0
1773800136.8898463,False,,,,,,,,,,,,,,,,,,0.0,0.0,0.0,0.0,0.0,0.0
1773800136.9001286,False,,,,,,,,,,,,,,,,,,0.0,0.0,0.0,0.0,0.0,0.0
1773800136.909926,False,,,,,,,,,,,,,,,,,,0.0,0.0,0.0,0.0,0.0,0.0
1773800136.9200566,False,,,,,,,,,,,,,,,,,,0.0,0.0,0.0,0.0,0.0,0.0
1773800136.930154,False,,,,,,,,,,,,,,,,,,0.0,0.0,0.0,0.0,0.0,0.0
1773800136.940221,False,,,,,,,,,,,,,,,,,,0.0,0.0,0.0,0.0,0.0,0.0
1773800136.9499874,False,,,,,,,,,,,,,,,,,,0.0,0.0,0.0,0.0,0.0,0.0
1773800136.960143,False,,,,,,,,,,,,,,,,,,0.0,0.0,0.0,0.0,0.0,0.0
1773800136.96971,False,,,,,,,,,,,,,,,,,,0.0,0.0,0.0,0.0,0.0,0.0
1773800136.980305,False,,,,,,,,,,,,,,,,,,0.0,0.0,0.0,0.0,0.0,0.0
1773800136.9900007,False,,,,,,,,,,,,,,,,,,0.0,0.0,0.0,0.0,0.0,0.0
1773800137.0000713,False,,,,,,,,,,,,,,,,,,0.0,0.0,0.0,0.0,0.0,0.0
1773800137.0102968,False,,,,,,,,,,,,,,,,,,0.0,0.0,0.0,0.0,0.0,0.0
1773800137.0198169,False,,,,,,,,,,,,,,,,,,0.0,0.0,0.0,0.0,0.0,0.0
1773800137.0297291,False,,,,,,,,,,,,,,,,,,0.0,0.0,0.0,0.0,0.0,0.0
1773800137.039997,False,,,,,,,,,,,,,,,,,,0.0,0.0,0.0,0.0,0.0,0.0
1773800137.050059,False,,,,,,,,,,,,,,,,,,0.0,0.0,0.0,0.0,0.0,0.0
1773800137.0597048,False,,,,,,,,,,,,,,,,,,0.0,0.0,0.0,0.0,0.0,0.0
1773800137.0699062,False,,,,,,,,,,,,,,,,,,0.0,0.0,0.0,0.0,0.0,0.0
1773800137.08048,False,,,,,,,,,,,,,,,,,,0.0,0.0,0.0,0.0,0.0,0.0
1773800137.0902202,False,,,,,,,,,,,,,,,,,,0.0,0.0,0.0,0.0,0.0,0.0
1773800137.1002555,False,,,,,,,,,,,,,,,,,,0.0,0.0,0.0,0.0,0.0,0.0
1773800137.1100125,False,,,,,,,,,,,,,,,,,,0.0,0.0,0.0,0.0,0.0,0.0
1773800137.1202388,False,,,,,,,,,,,,,,,,,,0.0,0.0,0.0,0.0,0.0,0.0
1773800137.1296618,False,,,,,,,,,,,,,,,,,,0.0,0.0,0.0,0.0,0.0,0.0
1773800137.139832,False,,,,,,,,,,,,,,,,,,0.0,0.0,0.0,0.0,0.0,0.0
1773800137.1498158,False,,,,,,,,,,,,,,,,,,0.0,0.0,0.0,0.0,0.0,0.0
1773800137.1598372,False,,,,,,,,,,,,,,,,,,0.0,0.0,0.0,0.0,0.0,0.0
1773800137.1700695,False,,,,,,,,,,,,,,,,,,0.0,0.0,0.0,0.0,0.0,0.0
1773800137.1798697,False,,,,,,,,,,,,,,,,,,0.0,0.0,0.0,0.0,0.0,0.0
1773800137.1899717,False,,,,,,,,,,,,,,,,,,0.0,0.0,0.0,0.0,0.0,0.0
1773800137.199873,False,,,,,,,,,,,,,,,,,,0.0,0.0,0.0,0.0,0.0,0.0
1773800137.2100656,False,,,,,,,,,,,,,,,,,,0.0,0.0,0.0,0.0,0.0,0.0
1773800137.2202344,False,,,,,,,,,,,,,,,,,,0.0,0.0,0.0,0.0,0.0,0.0
1773800137.230231,False,,,,,,,,,,,,,,,,,,0.0,0.0,0.0,0.0,0.0,0.0
1773800137.2398045,False,,,,,,,,,,,,,,,,,,0.0,0.0,0.0,0.0,0.0,0.0
1773800137.2498348,False,,,,,,,,,,,,,,,,,,0.0,0.0,0.0,0.0,0.0,0.0
1773800137.259788,False,,,,,,,,,,,,,,,,,,0.0,0.0,0.0,0.0,0.0,0.0
1773800137.269878,False,,,,,,,,,,,,,,,,,,0.0,0.0,0.0,0.0,0.0,0.0
1773800137.2801232,False,,,,,,,,,,,,,,,,,,0.0,0.0,0.0,0.0,0.0,0.0
1773800137.2900283,False,,,,,,,,,,,,,,,,,,0.0,0.0,0.0,0.0,0.0,0.0
1773800137.2999036,False,,,,,,,,,,,,,,,,,,0.0,0.0,0.0,0.0,0.0,0.0
1773800137.3096366,False,,,,,,,,,,,,,,,,,,0.0,0.0,0.0,0.0,0.0,0.0
1773800137.319841,False,,,,,,,,,,,,,,,,,,0.0,0.0,0.0,0.0,0.0,0.0
1773800137.329976,False,,,,,,,,,,,,,,,,,,0.0,0.0,0.0,0.0,0.0,0.0
1773800137.3400667,False,,,,,,,,,,,,,,,,,,0.0,0.0,0.0,0.0,0.0,0.0
1773800137.349996,False,,,,,,,,,,,,,,,,,,0.0,0.0,0.0,0.0,0.0,0.0
1773800137.3598988,False,,,,,,,,,,,,,,,,,,0.0,0.0,0.0,0.0,0.0,0.0
1773800137.3700697,False,,,,,,,,,,,,,,,,,,0.0,0.0,0.0,0.0,0.0,0.0
1773800137.3798852,False,,,,,,,,,,,,,,,,,,0.0,0.0,0.0,0.0,0.0,0.0
1773800137.3897107,False,,,,,,,,,,,,,,,,,,0.0,0.0,0.0,0.0,0.0,0.0
1773800137.4004242,False,,,,,,,,,,,,,,,,,,0.0,0.0,0.0,0.0,0.0,0.0
1773800137.4101062,False,,,,,,,,,,,,,,,,,,0.0,0.0,0.0,0.0,0.0,0.0
1773800137.4201257,False,,,,,,,,,,,,,,,,,,0.0,0.0,0.0,0.0,0.0,0.0
1773800137.4301963,False,,,,,,,,,,,,,,,,,,0.0,0.0,0.0,0.0,0.0,0.0
1773800137.439969,False,,,,,,,,,,,,,,,,,,0.0,0.0,0.0,0.0,0.0,0.0
1773800137.4498663,False,,,,,,,,,,,,,,,,,,0.0,0.0,0.0,0.0,0.0,0.0
1773800137.4601686,False,,,,,,,,,,,,,,,,,,0.0,0.0,0.0,0.0,0.0,0.0
1773800137.4700272,False,,,,,,,,,,,,,,,,,,0.0,0.0,0.0,0.0,0.0,0.0
1773800137.4796844,False,,,,,,,,,,,,,,,,,,0.0,0.0,0.0,0.0,0.0,0.0
1773800137.4899712,False,,,,,,,,,,,,,,,,,,0.0,0.0,0.0,0.0,0.0,0.0
1773800137.5002096,False,,,,,,,,,,,,,,,,,,0.0,0.0,0.0,0.0,0.0,0.0
1773800137.5098798,False,,,,,,,,,,,,,,,,,,0.0,0.0,0.0,0.0,0.0,0.0
1773800137.5200975,False,,,,,,,,,,,,,,,,,,0.0,0.0,0.0,0.0,0.0,0.0
1773800137.5301793,False,,,,,,,,,,,,,,,,,,0.0,0.0,0.0,0.0,0.0,0.0
1773800137.5398376,False,,,,,,,,,,,,,,,,,,0.0,0.0,0.0,0.0,0.0,0.0
1773800137.5498672,False,,,,,,,,,,,,,,,,,,0.0,0.0,0.0,0.0,0.0,0.0
1773800137.560049,False,,,,,,,,,,,,,,,,,,0.0,0.0,0.0,0.0,0.0,0.0
1773800137.5697782,False,,,,,,,,,,,,,,,,,,0.0,0.0,0.0,0.0,0.0,0.0
1773800137.5798426,False,,,,,,,,,,,,,,,,,,0.0,0.0,0.0,0.0,0.0,0.0
1773800137.5900664,False,,,,,,,,,,,,,,,,,,0.0,0.0,0.0,0.0,0.0,0.0
1773800137.6000252,False,,,,,,,,,,,,,,,,,,0.0,0.0,0.0,0.0,0.0,0.0
1773800137.6102402,False,,,,,,,,,,,,,,,,,,0.0,0.0,0.0,0.0,0.0,0.0
1773800137.6198397,False,,,,,,,,,,,,,,,,,,0.0,0.0,0.0,0.0,0.0,0.0
1773800137.6297028,False,,,,,,,,,,,,,,,,,,0.0,0.0,0.0,0.0,0.0,0.0
1773800137.639616,False,,,,,,,,,,,,,,,,,,0.0,0.0,0.0,0.0,0.0,0.0
1773800137.6499455,False,,,,,,,,,,,,,,,,,,0.0,0.0,0.0,0.0,0.0,0.0
1773800137.6598423,False,,,,,,,,,,,,,,,,,,0.0,0.0,0.0,0.0,0.0,0.0
1773800137.6704874,False,,,,,,,,,,,,,,,,,,0.0,0.0,0.0,0.0,0.0,0.0
1773800137.6798556,False,,,,,,,,,,,,,,,,,,0.0,0.0,0.0,0.0,0.0,0.0
1773800137.6898026,False,,,,,,,,,,,,,,,,,,0.0,0.0,0.0,0.0,0.0,0.0
1773800137.7001884,False,,,,,,,,,,,,,,,,,,0.0,0.0,0.0,0.0,0.0,0.0
1773800137.7099223,False,,,,,,,,,,,,,,,,,,0.0,0.0,0.0,0.0,0.0,0.0
1773800137.7199438,False,,,,,,,,,,,,,,,,,,0.0,0.0,0.0,0.0,0.0,0.0
1773800137.729814,False,,,,,,,,,,,,,,,,,,0.0,0.0,0.0,0.0,0.0,0.0
1773800137.7398183,False,,,,,,,,,,,,,,,,,,0.0,0.0,0.0,0.0,0.0,0.0
1773800137.749909,False,,,,,,,,,,,,,,,,,,0.0,0.0,0.0,0.0,0.0,0.0
1773800137.7598922,False,,,,,,,,,,,,,,,,,,0.0,0.0,0.0,0.0,0.0,0.0
1773800137.7702956,False,,,,,,,,,,,,,,,,,,0.0,0.0,0.0,0.0,0.0,0.0
1773800137.7796705,False,,,,,,,,,,,,,,,,,,0.0,0.0,0.0,0.0,0.0,0.0
1773800137.7903404,False,,,,,,,,,,,,,,,,,,0.0,0.0,0.0,0.0,0.0,0.0
1773800137.7999024,False,,,,,,,,,,,,,,,,,,0.0,0.0,0.0,0.0,0.0,0.0
1773800137.8101614,False,,,,,,,,,,,,,,,,,,0.0,0.0,0.0,0.0,0.0,0.0
1773800137.8197553,False,,,,,,,,,,,,,,,,,,0.0,0.0,0.0,0.0,0.0,0.0
1773800137.829784,False,,,,,,,,,,,,,,,,,,0.0,0.0,0.0,0.0,0.0,0.0
1773800137.8397386,False,,,,,,,,,,,,,,,,,,0.0,0.0,0.0,0.0,0.0,0.0
1773800137.8500173,False,,,,,,,,,,,,,,,,,,0.0,0.0,0.0,0.0,0.0,0.0
1773800137.8600795,False,,,,,,,,,,,,,,,,,,0.0,0.0,0.0,0.0,0.0,0.0
1773800137.870515,False,,,,,,,,,,,,,,,,,,0.0,0.0,0.0,0.0,0.0,0.0
1773800137.8797212,False,,,,,,,,,,,,,,,,,,0.0,0.0,0.0,0.0,0.0,0.0
1773800137.889904,False,,,,,,,,,,,,,,,,,,0.0,0.0,0.0,0.0,0.0,0.0
1773800137.9000103,False,,,,,,,,,,,,,,,,,,0.0,0.0,0.0,0.0,0.0,0.0
1773800137.9098349,False,,,,,,,,,,,,,,,,,,0.0,0.0,0.0,0.0,0.0,0.0
1773800137.9202442,False,,,,,,,,,,,,,,,,,,0.0,0.0,0.0,0.0,0.0,0.0
1773800137.9301279,False,,,,,,,,,,,,,,,,,,0.0,0.0,0.0,0.0,0.0,0.0
1773800137.9399147,False,,,,,,,,,,,,,,,,,,0.0,0.0,0.0,0.0,0.0,0.0
1773800137.9497461,False,,,,,,,,,,,,,,,,,,0.0,0.0,0.0,0.0,0.0,0.0
1773800137.9603684,False,,,,,,,,,,,,,,,,,,0.0,0.0,0.0,0.0,0.0,0.0
1773800137.969668,False,,,,,,,,,,,,,,,,,,0.0,0.0,0.0,0.0,0.0,0.0
1773800137.980042,False,,,,,,,,,,,,,,,,,,0.0,0.0,0.0,0.0,0.0,0.0
1773800137.990303,False,,,,,,,,,,,,,,,,,,0.0,0.0,0.0,0.0,0.0,0.0
1773800138.0000546,False,,,,,,,,,,,,,,,,,,0.0,0.0,0.0,0.0,0.0,0.0
1773800138.0100844,False,,,,,,,,,,,,,,,,,,0.0,0.0,0.0,0.0,0.0,0.0
1773800138.0196812,False,,,,,,,,,,,,,,,,,,0.0,0.0,0.0,0.0,0.0,0.0
1773800138.0298262,False,,,,,,,,,,,,,,,,,,0.0,0.0,0.0,0.0,0.0,0.0
1773800138.0399072,False,,,,,,,,,,,,,,,,,,0.0,0.0,0.0,0.0,0.0,0.0
1773800138.0497603,False,,,,,,,,,,,,,,,,,,0.0,0.0,0.0,0.0,0.0,0.0
1773800138.059636,False,,,,,,,,,,,,,,,,,,0.0,0.0,0.0,0.0,0.0,0.0
1773800138.070122,False,,,,,,,,,,,,,,,,,,0.0,0.0,0.0,0.0,0.0,0.0
1773800138.0797365,False,,,,,,,,,,,,,,,,,,0.0,0.0,0.0,0.0,0.0,0.0
1773800138.0900686,False,,,,,,,,,,,,,,,,,,0.0,0.0,0.0,0.0,0.0,0.0
1773800138.100118,False,,,,,,,,,,,,,,,,,,0.0,0.0,0.0,0.0,0.0,0.0
1773800138.109872,False,,,,,,,,,,,,,,,,,,0.0,0.0,0.0,0.0,0.0,0.0
1773800138.1196554,False,,,,,,,,,,,,,,,,,,0.0,0.0,0.0,0.0,0.0,0.0
1773800138.129998,False,,,,,,,,,,,,,,,,,,0.0,0.0,0.0,0.0,0.0,0.0
1773800138.1400034,False,,,,,,,,,,,,,,,,,,0.0,0.0,0.0,0.0,0.0,0.0
1773800138.1499436,False,,,,,,,,,,,,,,,,,,0.0,0.0,0.0,0.0,0.0,0.0
1773800138.1600103,False,,,,,,,,,,,,,,,,,,0.0,0.0,0.0,0.0,0.0,0.0
1773800138.1701431,False,,,,,,,,,,,,,,,,,,0.0,0.0,0.0,0.0,0.0,0.0
1773800138.1798732,False,,,,,,,,,,,,,,,,,,0.0,0.0,0.0,0.0,0.0,0.0
1773800138.1901634,False,,,,,,,,,,,,,,,,,,0.0,0.0,0.0,0.0,0.0,0.0
1773800138.1999278,False,,,,,,,,,,,,,,,,,,0.0,0.0,0.0,0.0,0.0,0.0
1773800138.210196,False,,,,,,,,,,,,,,,,,,0.0,0.0,0.0,0.0,0.0,0.0
1773800138.2201192,False,,,,,,,,,,,,,,,,,,0.0,0.0,0.0,0.0,0.0,0.0
1773800138.2302895,False,,,,,,,,,,,,,,,,,,0.0,0.0,0.0,0.0,0.0,0.0
1773800138.2400796,False,,,,,,,,,,,,,,,,,,0.0,0.0,0.0,0.0,0.0,0.0
1773800138.249777,False,,,,,,,,,,,,,,,,,,0.0,0.0,0.0,0.0,0.0,0.0
1773800138.2599938,False,,,,,,,,,,,,,,,,,,0.0,0.0,0.0,0.0,0.0,0.0
1773800138.2700946,False,,,,,,,,,,,,,,,,,,0.0,0.0,0.0,0.0,0.0,0.0
1773800138.2797863,False,,,,,,,,,,,,,,,,,,0.0,0.0,0.0,0.0,0.0,0.0
1773800138.2900178,False,,,,,,,,,,,,,,,,,,0.0,0.0,0.0,0.0,0.0,0.0
1773800138.3002815,False,,,,,,,,,,,,,,,,,,0.0,0.0,0.0,0.0,0.0,0.0
1773800138.3099968,False,,,,,,,,,,,,,,,,,,0.0,0.0,0.0,0.0,0.0,0.0
1773800138.3198805,False,,,,,,,,,,,,,,,,,,0.0,0.0,0.0,0.0,0.0,0.0
1773800138.3298438,False,,,,,,,,,,,,,,,,,,0.0,0.0,0.0,0.0,0.0,0.0
1773800138.3397903,False,,,,,,,,,,,,,,,,,,0.0,0.0,0.0,0.0,0.0,0.0
1773800138.3498075,False,,,,,,,,,,,,,,,,,,0.0,0.0,0.0,0.0,0.0,0.0
1773800138.3598351,False,,,,,,,,,,,,,,,,,,0.0,0.0,0.0,0.0,0.0,0.0
1773800138.3699121,False,,,,,,,,,,,,,,,,,,0.0,0.0,0.0,0.0,0.0,0.0
1773800138.3801394,False,,,,,,,,,,,,,,,,,,0.0,0.0,0.0,0.0,0.0,0.0
1773800138.3900576,False,,,,,,,,,,,,,,,,,,0.0,0.0,0.0,0.0,0.0,0.0
1773800138.4000006,False,,,,,,,,,,,,,,,,,,0.0,0.0,0.0,0.0,0.0,0.0
1773800138.40966,False,,,,,,,,,,,,,,,,,,0.0,0.0,0.0,0.0,0.0,0.0
1773800138.4197373,False,,,,,,,,,,,,,,,,,,0.0,0.0,0.0,0.0,0.0,0.0
1773800138.4298208,False,,,,,,,,,,,,,,,,,,0.0,0.0,0.0,0.0,0.0,0.0
1773800138.4399061,False,,,,,,,,,,,,,,,,,,0.0,0.0,0.0,0.0,0.0,0.0
1773800138.4497745,False,,,,,,,,,,,,,,,,,,0.0,0.0,0.0,0.0,0.0,0.0
1773800138.4598505,False,,,,,,,,,,,,,,,,,,0.0,0.0,0.0,0.0,0.0,0.0
1773800138.469906,False,,,,,,,,,,,,,,,,,,0.0,0.0,0.0,0.0,0.0,0.0
1773800138.4804206,False,,,,,,,,,,,,,,,,,,0.0,0.0,0.0,0.0,0.0,0.0
1773800138.4900346,False,,,,,,,,,,,,,,,,,,0.0,0.0,0.0,0.0,0.0,0.0
1773800138.5001156,False,,,,,,,,,,,,,,,,,,0.0,0.0,0.0,0.0,0.0,0.0
1773800138.5103695,False,,,,,,,,,,,,,,,,,,0.0,0.0,0.0,0.0,0.0,0.0
1773800138.5201755,False,,,,,,,,,,,,,,,,,,0.0,0.0,0.0,0.0,0.0,0.0
1773800138.529781,False,,,,,,,,,,,,,,,,,,0.0,0.0,0.0,0.0,0.0,0.0
1773800138.5399265,False,,,,,,,,,,,,,,,,,,0.0,0.0,0.0,0.0,0.0,0.0
1773800138.5503163,False,,,,,,,,,,,,,,,,,,0.0,0.0,0.0,0.0,0.0,0.0
1773800138.5600595,False,,,,,,,,,,,,,,,,,,0.0,0.0,0.0,0.0,0.0,0.0
1773800138.570191,False,,,,,,,,,,,,,,,,,,0.0,0.0,0.0,0.0,0.0,0.0
1773800138.5802608,False,,,,,,,,,,,,,,,,,,0.0,0.0,0.0,0.0,0.0,0.0
1773800138.589989,False,,,,,,,,,,,,,,,,,,0.0,0.0,0.0,0.0,0.0,0.0
1773800138.5996618,False,,,,,,,,,,,,,,,,,,0.0,0.0,0.0,0.0,0.0,0.0
1773800138.6098204,False,,,,,,,,,,,,,,,,,,0.0,0.0,0.0,0.0,0.0,0.0
1773800138.6198688,False,,,,,,,,,,,,,,,,,,0.0,0.0,0.0,0.0,0.0,0.0
1773800138.6299453,False,,,,,,,,,,,,,,,,,,0.0,0.0,0.0,0.0,0.0,0.0
1773800138.639861,False,,,,,,,,,,,,,,,,,,0.0,0.0,0.0,0.0,0.0,0.0
1773800138.6502335,False,,,,,,,,,,,,,,,,,,0.0,0.0,0.0,0.0,0.0,0.0
1773800138.6599202,False,,,,,,,,,,,,,,,,,,0.0,0.0,0.0,0.0,0.0,0.0
1773800138.6701145,False,,,,,,,,,,,,,,,,,,0.0,0.0,0.0,0.0,0.0,0.0
1773800138.680161,False,,,,,,,,,,,,,,,,,,0.0,0.0,0.0,0.0,0.0,0.0
1773800138.6897907,False,,,,,,,,,,,,,,,,,,0.0,0.0,0.0,0.0,0.0,0.0
1773800138.7001028,False,,,,,,,,,,,,,,,,,,0.0,0.0,0.0,0.0,0.0,0.0
1773800138.710143,False,,,,,,,,,,,,,,,,,,0.0,0.0,0.0,0.0,0.0,0.0
1773800138.7198124,False,,,,,,,,,,,,,,,,,,0.0,0.0,0.0,0.0,0.0,0.0
1773800138.7300942,False,,,,,,,,,,,,,,,,,,0.0,0.0,0.0,0.0,0.0,0.0
1773800138.7399135,False,,,,,,,,,,,,,,,,,,0.0,0.0,0.0,0.0,0.0,0.0
1773800138.7502515,False,,,,,,,,,,,,,,,,,,0.0,0.0,0.0,0.0,0.0,0.0
1773800138.760165,False,,,,,,,,,,,,,,,,,,0.0,0.0,0.0,0.0,0.0,0.0
1773800138.7701507,False,,,,,,,,,,,,,,,,,,0.0,0.0,0.0,0.0,0.0,0.0
1773800138.780159,False,,,,,,,,,,,,,,,,,,0.0,0.0,0.0,0.0,0.0,0.0
1773800138.7899692,False,,,,,,,,,,,,,,,,,,0.0,0.0,0.0,0.0,0.0,0.0
1773800138.7997818,False,,,,,,,,,,,,,,,,,,0.0,0.0,0.0,0.0,0.0,0.0
1773800138.8100631,False,,,,,,,,,,,,,,,,,,0.0,0.0,0.0,0.0,0.0,0.0
1773800138.8200245,False,,,,,,,,,,,,,,,,,,0.0,0.0,0.0,0.0,0.0,0.0
1773800138.8304248,False,,,,,,,,,,,,,,,,,,0.0,0.0,0.0,0.0,0.0,0.0
1773800138.8396957,False,,,,,,,,,,,,,,,,,,0.0,0.0,0.0,0.0,0.0,0.0
1773800138.8499923,False,,,,,,,,,,,,,,,,,,0.0,0.0,0.0,0.0,0.0,0.0
1773800138.8596191,False,,,,,,,,,,,,,,,,,,0.0,0.0,0.0,0.0,0.0,0.0
1773800138.8700836,False,,,,,,,,,,,,,,,,,,0.0,0.0,0.0,0.0,0.0,0.0
1773800138.8802474,False,,,,,,,,,,,,,,,,,,0.0,0.0,0.0,0.0,0.0,0.0
1773800138.8898084,False,,,,,,,,,,,,,,,,,,0.0,0.0,0.0,0.0,0.0,0.0
1773800138.8998039,False,,,,,,,,,,,,,,,,,,0.0,0.0,0.0,0.0,0.0,0.0
1773800138.9100592,False,,,,,,,,,,,,,,,,,,0.0,0.0,0.0,0.0,0.0,0.0
1773800138.9198976,False,,,,,,,,,,,,,,,,,,0.0,0.0,0.0,0.0,0.0,0.0
1773800138.9297364,False,,,,,,,,,,,,,,,,,,0.0,0.0,0.0,0.0,0.0,0.0
1773800138.9400747,False,,,,,,,,,,,,,,,,,,0.0,0.0,0.0,0.0,0.0,0.0
1773800138.9498382,False,,,,,,,,,,,,,,,,,,0.0,0.0,0.0,0.0,0.0,0.0
1773800138.9602427,False,,,,,,,,,,,,,,,,,,0.0,0.0,0.0,0.0,0.0,0.0
1773800138.9701884,False,,,,,,,,,,,,,,,,,,0.0,0.0,0.0,0.0,0.0,0.0
1773800138.9797559,False,,,,,,,,,,,,,,,,,,0.0,0.0,0.0,0.0,0.0,0.0
1773800138.9901614,False,,,,,,,,,,,,,,,,,,0.0,0.0,0.0,0.0,0.0,0.0
1773800138.9998088,False,,,,,,,,,,,,,,,,,,0.0,0.0,0.0,0.0,0.0,0.0
1773800139.0098538,False,,,,,,,,,,,,,,,,,,0.0,0.0,0.0,0.0,0.0,0.0
1773800139.0200078,False,,,,,,,,,,,,,,,,,,0.0,0.0,0.0,0.0,0.0,0.0
1773800139.0299952,False,,,,,,,,,,,,,,,,,,0.0,0.0,0.0,0.0,0.0,0.0
1773800139.0397038,False,,,,,,,,,,,,,,,,,,0.0,0.0,0.0,0.0,0.0,0.0
1773800139.0499644,False,,,,,,,,,,,,,,,,,,0.0,0.0,0.0,0.0,0.0,0.0
1773800139.0600784,False,,,,,,,,,,,,,,,,,,0.0,0.0,0.0,0.0,0.0,0.0
1773800139.0702577,False,,,,,,,,,,,,,,,,,,0.0,0.0,0.0,0.0,0.0,0.0
1773800139.0802348,False,,,,,,,,,,,,,,,,,,0.0,0.0,0.0,0.0,0.0,0.0
1773800139.0896149,False,,,,,,,,,,,,,,,,,,0.0,0.0,0.0,0.0,0.0,0.0
1773800139.0997224,False,,,,,,,,,,,,,,,,,,0.0,0.0,0.0,0.0,0.0,0.0
1773800139.1098008,False,,,,,,,,,,,,,,,,,,0.0,0.0,0.0,0.0,0.0,0.0
1773800139.120111,False,,,,,,,,,,,,,,,,,,0.0,0.0,0.0,0.0,0.0,0.0
1773800139.1299753,False,,,,,,,,,,,,,,,,,,0.0,0.0,0.0,0.0,0.0,0.0
1773800139.1400838,False,,,,,,,,,,,,,,,,,,0.0,0.0,0.0,0.0,0.0,0.0
1773800139.1500237,False,,,,,,,,,,,,,,,,,,0.0,0.0,0.0,0.0,0.0,0.0
1773800139.1599147,False,,,,,,,,,,,,,,,,,,0.0,0.0,0.0,0.0,0.0,0.0
1773800139.169771,False,,,,,,,,,,,,,,,,,,0.0,0.0,0.0,0.0,0.0,0.0
1773800139.179911,False,,,,,,,,,,,,,,,,,,0.0,0.0,0.0,0.0,0.0,0.0
1773800139.190381,False,,,,,,,,,,,,,,,,,,0.0,0.0,0.0,0.0,0.0,0.0
1773800139.2000017,False,,,,,,,,,,,,,,,,,,0.0,0.0,0.0,0.0,0.0,0.0
1773800139.2098405,False,,,,,,,,,,,,,,,,,,0.0,0.0,0.0,0.0,0.0,0.0
1773800139.220114,False,,,,,,,,,,,,,,,,,,0.0,0.0,0.0,0.0,0.0,0.0
1773800139.2297633,False,,,,,,,,,,,,,,,,,,0.0,0.0,0.0,0.0,0.0,0.0
1773800139.2399738,False,,,,,,,,,,,,,,,,,,0.0,0.0,0.0,0.0,0.0,0.0
1773800139.249931,False,,,,,,,,,,,,,,,,,,0.0,0.0,0.0,0.0,0.0,0.0
1773800139.2598746,False,,,,,,,,,,,,,,,,,,0.0,0.0,0.0,0.0,0.0,0.0
1773800139.2699695,False,,,,,,,,,,,,,,,,,,0.0,0.0,0.0,0.0,0.0,0.0
1773800139.2797964,False,,,,,,,,,,,,,,,,,,0.0,0.0,0.0,0.0,0.0,0.0
1773800139.2896664,False,,,,,,,,,,,,,,,,,,0.0,0.0,0.0,0.0,0.0,0.0
1773800139.3001254,False,,,,,,,,,,,,,,,,,,0.0,0.0,0.0,0.0,0.0,0.0
1773800139.310024,False,,,,,,,,,,,,,,,,,,0.0,0.0,0.0,0.0,0.0,0.0
1773800139.3200827,False,,,,,,,,,,,,,,,,,,0.0,0.0,0.0,0.0,0.0,0.0
1773800139.330152,False,,,,,,,,,,,,,,,,,,0.0,0.0,0.0,0.0,0.0,0.0
1773800139.3400784,False,,,,,,,,,,,,,,,,,,0.0,0.0,0.0,0.0,0.0,0.0
1773800139.3500621,False,,,,,,,,,,,,,,,,,,0.0,0.0,0.0,0.0,0.0,0.0
1773800139.3600197,False,,,,,,,,,,,,,,,,,,0.0,0.0,0.0,0.0,0.0,0.0
1773800139.3697844,False,,,,,,,,,,,,,,,,,,0.0,0.0,0.0,0.0,0.0,0.0
1773800139.379797,False,,,,,,,,,,,,,,,,,,0.0,0.0,0.0,0.0,0.0,0.0
1773800139.3901134,False,,,,,,,,,,,,,,,,,,0.0,0.0,0.0,0.0,0.0,0.0
1773800139.3994544,False,,,,,,,,,,,,,,,,,,0.0,0.0,0.0,0.0,0.0,0.0
1773800139.410008,False,,,,,,,,,,,,,,,,,,0.0,0.0,0.0,0.0,0.0,0.0
1773800139.420235,False,,,,,,,,,,,,,,,,,,0.0,0.0,0.0,0.0,0.0,0.0
1773800139.429824,False,,,,,,,,,,,,,,,,,,0.0,0.0,0.0,0.0,0.0,0.0
1773800139.4399657,False,,,,,,,,,,,,,,,,,,0.0,0.0,0.0,0.0,0.0,0.0
1773800139.4497974,False,,,,,,,,,,,,,,,,,,0.0,0.0,0.0,0.0,0.0,0.0
1773800139.4601228,False,,,,,,,,,,,,,,,,,,0.0,0.0,0.0,0.0,0.0,0.0
1773800139.4696655,False,,,,,,,,,,,,,,,,,,0.0,0.0,0.0,0.0,0.0,0.0
1773800139.479925,False,,,,,,,,,,,,,,,,,,0.0,0.0,0.0,0.0,0.0,0.0
1773800139.4901242,False,,,,,,,,,,,,,,,,,,0.0,0.0,0.0,0.0,0.0,0.0
1773800139.4999125,False,,,,,,,,,,,,,,,,,,0.0,0.0,0.0,0.0,0.0,0.0
1773800139.5100098,False,,,,,,,,,,,,,,,,,,0.0,0.0,0.0,0.0,0.0,0.0
1773800139.5200348,False,,,,,,,,,,,,,,,,,,0.0,0.0,0.0,0.0,0.0,0.0
1773800139.5298085,False,,,,,,,,,,,,,,,,,,0.0,0.0,0.0,0.0,0.0,0.0
1773800139.5398293,False,,,,,,,,,,,,,,,,,,0.0,0.0,0.0,0.0,0.0,0.0
1773800139.5499034,False,,,,,,,,,,,,,,,,,,0.0,0.0,0.0,0.0,0.0,0.0
1773800139.5599475,False,,,,,,,,,,,,,,,,,,0.0,0.0,0.0,0.0,0.0,0.0
1773800139.5703344,False,,,,,,,,,,,,,,,,,,0.0,0.0,0.0,0.0,0.0,0.0
1773800139.5798512,False,,,,,,,,,,,,,,,,,,0.0,0.0,0.0,0.0,0.0,0.0
1773800139.590111,False,,,,,,,,,,,,,,,,,,0.0,0.0,0.0,0.0,0.0,0.0
1773800139.5998397,False,,,,,,,,,,,,,,,,,,0.0,0.0,0.0,0.0,0.0,0.0
1773800139.609654,False,,,,,,,,,,,,,,,,,,0.0,0.0,0.0,0.0,0.0,0.0
1773800139.6196916,False,,,,,,,,,,,,,,,,,,0.0,0.0,0.0,0.0,0.0,0.0
1773800139.6300662,False,,,,,,,,,,,,,,,,,,0.0,0.0,0.0,0.0,0.0,0.0
1773800139.6402726,False,,,,,,,,,,,,,,,,,,0.0,0.0,0.0,0.0,0.0,0.0
1773800139.6500754,False,,,,,,,,,,,,,,,,,,0.0,0.0,0.0,0.0,0.0,0.0
1773800139.6601844,False,,,,,,,,,,,,,,,,,,0.0,0.0,0.0,0.0,0.0,0.0
1773800139.6697328,False,,,,,,,,,,,,,,,,,,0.0,0.0,0.0,0.0,0.0,0.0
1773800139.6797974,False,,,,,,,,,,,,,,,,,,0.0,0.0,0.0,0.0,0.0,0.0
1773800139.6901045,False,,,,,,,,,,,,,,,,,,0.0,0.0,0.0,0.0,0.0,0.0
1773800139.700331,False,,,,,,,,,,,,,,,,,,0.0,0.0,0.0,0.0,0.0,0.0
1773800139.7099366,False,,,,,,,,,,,,,,,,,,0.0,0.0,0.0,0.0,0.0,0.0
1773800139.719838,False,,,,,,,,,,,,,,,,,,0.0,0.0,0.0,0.0,0.0,0.0
1773800139.7301295,False,,,,,,,,,,,,,,,,,,0.0,0.0,0.0,0.0,0.0,0.0
1773800139.7401707,False,,,,,,,,,,,,,,,,,,0.0,0.0,0.0,0.0,0.0,0.0
1773800139.7499783,False,,,,,,,,,,,,,,,,,,0.0,0.0,0.0,0.0,0.0,0.0
1773800139.7603762,False,,,,,,,,,,,,,,,,,,0.0,0.0,0.0,0.0,0.0,0.0
1773800139.7699172,False,,,,,,,,,,,,,,,,,,0.0,0.0,0.0,0.0,0.0,0.0
1773800139.7801628,False,,,,,,,,,,,,,,,,,,0.0,0.0,0.0,0.0,0.0,0.0
1773800139.789858,False,,,,,,,,,,,,,,,,,,0.0,0.0,0.0,0.0,0.0,0.0
1773800139.8004136,False,,,,,,,,,,,,,,,,,,0.0,0.0,0.0,0.0,0.0,0.0
1773800139.8098166,False,,,,,,,,,,,,,,,,,,0.0,0.0,0.0,0.0,0.0,0.0
1773800139.8203752,False,,,,,,,,,,,,,,,,,,0.0,0.0,0.0,0.0,0.0,0.0
1773800139.8301706,False,,,,,,,,,,,,,,,,,,0.0,0.0,0.0,0.0,0.0,0.0
1773800139.840217,False,,,,,,,,,,,,,,,,,,0.0,0.0,0.0,0.0,0.0,0.0
1773800139.8500092,False,,,,,,,,,,,,,,,,,,0.0,0.0,0.0,0.0,0.0,0.0
1773800139.8602576,False,,,,,,,,,,,,,,,,,,0.0,0.0,0.0,0.0,0.0,0.0
1773800139.8701048,False,,,,,,,,,,,,,,,,,,0.0,0.0,0.0,0.0,0.0,0.0
1773800139.8800755,False,,,,,,,,,,,,,,,,,,0.0,0.0,0.0,0.0,0.0,0.0
1773800139.8901267,False,,,,,,,,,,,,,,,,,,0.0,0.0,0.0,0.0,0.0,0.0
1773800139.9001896,False,,,,,,,,,,,,,,,,,,0.0,0.0,0.0,0.0,0.0,0.0
1773800139.9100356,False,,,,,,,,,,,,,,,,,,0.0,0.0,0.0,0.0,0.0,0.0
1773800139.9202094,False,,,,,,,,,,,,,,,,,,0.0,0.0,0.0,0.0,0.0,0.0
1773800139.9298704,False,,,,,,,,,,,,,,,,,,0.0,0.0,0.0,0.0,0.0,0.0
1773800139.9402149,False,,,,,,,,,,,,,,,,,,0.0,0.0,0.0,0.0,0.0,0.0
1773800139.9502976,False,,,,,,,,,,,,,,,,,,0.0,0.0,0.0,0.0,0.0,0.0
1773800139.9598691,False,,,,,,,,,,,,,,,,,,0.0,0.0,0.0,0.0,0.0,0.0
1773800139.9698794,False,,,,,,,,,,,,,,,,,,0.0,0.0,0.0,0.0,0.0,0.0
1773800139.9800577,False,,,,,,,,,,,,,,,,,,0.0,0.0,0.0,0.0,0.0,0.0
1773800139.9900873,False,,,,,,,,,,,,,,,,,,0.0,0.0,0.0,0.0,0.0,0.0
1773800140.000112,False,,,,,,,,,,,,,,,,,,0.0,0.0,0.0,0.0,0.0,0.0
1773800140.0101686,False,,,,,,,,,,,,,,,,,,0.0,0.0,0.0,0.0,0.0,0.0
1773800140.0201938,False,,,,,,,,,,,,,,,,,,0.0,0.0,0.0,0.0,0.0,0.0
1773800140.0304635,False,,,,,,,,,,,,,,,,,,0.0,0.0,0.0,0.0,0.0,0.0
1773800140.0397677,False,,,,,,,,,,,,,,,,,,0.0,0.0,0.0,0.0,0.0,0.0
1773800140.0498765,False,,,,,,,,,,,,,,,,,,0.0,0.0,0.0,0.0,0.0,0.0
1773800140.0599387,False,,,,,,,,,,,,,,,,,,0.0,0.0,0.0,0.0,0.0,0.0
1773800140.0703168,False,,,,,,,,,,,,,,,,,,0.0,0.0,0.0,0.0,0.0,0.0
1773800140.0800235,False,,,,,,,,,,,,,,,,,,0.0,0.0,0.0,0.0,0.0,0.0
1773800140.090185,False,,,,,,,,,,,,,,,,,,0.0,0.0,0.0,0.0,0.0,0.0
1773800140.1003592,False,,,,,,,,,,,,,,,,,,0.0,0.0,0.0,0.0,0.0,0.0
1773800140.1102054,False,,,,,,,,,,,,,,,,,,0.0,0.0,0.0,0.0,0.0,0.0
1773800140.119813,False,,,,,,,,,,,,,,,,,,0.0,0.0,0.0,0.0,0.0,0.0
1773800140.1298816,False,,,,,,,,,,,,,,,,,,0.0,0.0,0.0,0.0,0.0,0.0
1773800140.1401315,False,,,,,,,,,,,,,,,,,,0.0,0.0,0.0,0.0,0.0,0.0
1773800140.1502085,False,,,,,,,,,,,,,,,,,,0.0,0.0,0.0,0.0,0.0,0.0
1773800140.159913,False,,,,,,,,,,,,,,,,,,0.0,0.0,0.0,0.0,0.0,0.0
1773800140.1701796,False,,,,,,,,,,,,,,,,,,0.0,0.0,0.0,0.0,0.0,0.0
1773800140.1802535,False,,,,,,,,,,,,,,,,,,0.0,0.0,0.0,0.0,0.0,0.0
1773800140.1900682,False,,,,,,,,,,,,,,,,,,0.0,0.0,0.0,0.0,0.0,0.0
1773800140.1999476,False,,,,,,,,,,,,,,,,,,0.0,0.0,0.0,0.0,0.0,0.0
1773800140.2099998,False,,,,,,,,,,,,,,,,,,0.0,0.0,0.0,0.0,0.0,0.0
1773800140.2198305,False,,,,,,,,,,,,,,,,,,0.0,0.0,0.0,0.0,0.0,0.0
1773800140.2303052,False,,,,,,,,,,,,,,,,,,0.0,0.0,0.0,0.0,0.0,0.0
1773800140.2400682,False,,,,,,,,,,,,,,,,,,0.0,0.0,0.0,0.0,0.0,0.0
1773800140.2500598,False,,,,,,,,,,,,,,,,,,0.0,0.0,0.0,0.0,0.0,0.0
1773800140.2603006,False,,,,,,,,,,,,,,,,,,0.0,0.0,0.0,0.0,0.0,0.0
1773800140.2698405,False,,,,,,,,,,,,,,,,,,0.0,0.0,0.0,0.0,0.0,0.0
1773800140.2799766,False,,,,,,,,,,,,,,,,,,0.0,0.0,0.0,0.0,0.0,0.0
1773800140.290148,False,,,,,,,,,,,,,,,,,,0.0,0.0,0.0,0.0,0.0,0.0
1773800140.299978,False,,,,,,,,,,,,,,,,,,0.0,0.0,0.0,0.0,0.0,0.0
1773800140.3100815,False,,,,,,,,,,,,,,,,,,0.0,0.0,0.0,0.0,0.0,0.0
1773800140.3201714,False,,,,,,,,,,,,,,,,,,0.0,0.0,0.0,0.0,0.0,0.0
1773800140.330005,False,,,,,,,,,,,,,,,,,,0.0,0.0,0.0,0.0,0.0,0.0
1773800140.3400548,False,,,,,,,,,,,,,,,,,,0.0,0.0,0.0,0.0,0.0,0.0
1773800140.350145,False,,,,,,,,,,,,,,,,,,0.0,0.0,0.0,0.0,0.0,0.0
1773800140.3599832,False,,,,,,,,,,,,,,,,,,0.0,0.0,0.0,0.0,0.0,0.0
1773800140.3702774,False,,,,,,,,,,,,,,,,,,0.0,0.0,0.0,0.0,0.0,0.0
1773800140.3798614,False,,,,,,,,,,,,,,,,,,0.0,0.0,0.0,0.0,0.0,0.0
1773800143.0324016,False,,,,,,,,,,,,,,,,,,0.0,0.0,0.0,0.0,0.0,0.0
1773800143.0324016,False,,,,,,,,,,,,,,,,,,0.0,0.0,0.0,0.0,0.0,0.0
1773800143.0434284,False,,,,,,,,,,,,,,,,,,0.0,0.0,0.0,0.0,0.0,0.0
1773800143.0534117,False,,,,,,,,,,,,,,,,,,0.0,0.0,0.0,0.0,0.0,0.0
1773800143.0629249,False,,,,,,,,,,,,,,,,,,0.0,0.0,0.0,0.0,0.0,0.0
1773800143.0733936,False,,,,,,,,,,,,,,,,,,0.0,0.0,0.0,0.0,0.0,0.0
1773800143.08316,False,,,,,,,,,,,,,,,,,,0.0,0.0,0.0,0.0,0.0,0.0
1773800143.0927026,False,,,,,,,,,,,,,,,,,,0.0,0.0,0.0,0.0,0.0,0.0
1773800143.1032221,False,,,,,,,,,,,,,,,,,,0.0,0.0,0.0,0.0,0.0,0.0
1773800143.1129048,False,,,,,,,,,,,,,,,,,,0.0,0.0,0.0,0.0,0.0,0.0
1773800143.1230266,False,,,,,,,,,,,,,,,,,,0.0,0.0,0.0,0.0,0.0,0.0
1773800143.133569,False,,,,,,,,,,,,,,,,,,0.0,0.0,0.0,0.0,0.0,0.0
1773800143.142592,False,,,,,,,,,,,,,,,,,,0.0,0.0,0.0,0.0,0.0,0.0
1773800143.1531286,False,,,,,,,,,,,,,,,,,,0.0,0.0,0.0,0.0,0.0,0.0
1773800143.1631474,False,,,,,,,,,,,,,,,,,,0.0,0.0,0.0,0.0,0.0,0.0
1773800143.1731737,False,,,,,,,,,,,,,,,,,,0.0,0.0,0.0,0.0,0.0,0.0
1773800143.18319,False,,,,,,,,,,,,,,,,,,0.0,0.0,0.0,0.0,0.0,0.0
1773800143.1932087,False,,,,,,,,,,,,,,,,,,0.0,0.0,0.0,0.0,0.0,0.0
1773800143.2029073,False,,,,,,,,,,,,,,,,,,0.0,0.0,0.0,0.0,0.0,0.0
1773800143.2131038,False,,,,,,,,,,,,,,,,,,0.0,0.0,0.0,0.0,0.0,0.0
1773800143.2231417,False,,,,,,,,,,,,,,,,,,0.0,0.0,0.0,0.0,0.0,0.0
1773800143.2331612,False,,,,,,,,,,,,,,,,,,0.0,0.0,0.0,0.0,0.0,0.0
1773800143.243192,False,,,,,,,,,,,,,,,,,,0.0,0.0,0.0,0.0,0.0,0.0
1773800143.2527125,False,,,,,,,,,,,,,,,,,,0.0,0.0,0.0,0.0,0.0,0.0
1773800143.2632482,False,,,,,,,,,,,,,,,,,,0.0,0.0,0.0,0.0,0.0,0.0
1773800143.2732651,False,,,,,,,,,,,,,,,,,,0.0,0.0,0.0,0.0,0.0,0.0
1773800143.2828183,False,,,,,,,,,,,,,,,,,,0.0,0.0,0.0,0.0,0.0,0.0
1773800143.2928486,False,,,,,,,,,,,,,,,,,,0.0,0.0,0.0,0.0,0.0,0.0
1773800143.3028708,False,,,,,,,,,,,,,,,,,,0.0,0.0,0.0,0.0,0.0,0.0
1773800143.3129041,False,,,,,,,,,,,,,,,,,,0.0,0.0,0.0,0.0,0.0,0.0
1773800143.3230698,False,,,,,,,,,,,,,,,,,,0.0,0.0,0.0,0.0,0.0,0.0
1773800143.3330967,False,,,,,,,,,,,,,,,,,,0.0,0.0,0.0,0.0,0.0,0.0
1773800143.3426383,False,,,,,,,,,,,,,,,,,,0.0,0.0,0.0,0.0,0.0,0.0
1773800143.3530288,False,,,,,,,,,,,,,,,,,,0.0,0.0,0.0,0.0,0.0,0.0
1773800143.3630588,False,,,,,,,,,,,,,,,,,,0.0,0.0,0.0,0.0,0.0,0.0
1773800143.3726678,False,,,,,,,,,,,,,,,,,,0.0,0.0,0.0,0.0,0.0,0.0
1773800143.3827677,False,,,,,,,,,,,,,,,,,,0.0,0.0,0.0,0.0,0.0,0.0
1773800143.3928647,False,,,,,,,,,,,,,,,,,,0.0,0.0,0.0,0.0,0.0,0.0
1773800143.402884,False,,,,,,,,,,,,,,,,,,0.0,0.0,0.0,0.0,0.0,0.0
1773800143.4129493,False,,,,,,,,,,,,,,,,,,0.0,0.0,0.0,0.0,0.0,0.0
1773800143.4230046,False,,,,,,,,,,,,,,,,,,0.0,0.0,0.0,0.0,0.0,0.0
1773800143.4328647,False,,,,,,,,,,,,,,,,,,0.0,0.0,0.0,0.0,0.0,0.0
1773800143.4428842,False,,,,,,,,,,,,,,,,,,0.0,0.0,0.0,0.0,0.0,0.0
1773800143.4529116,False,,,,,,,,,,,,,,,,,,0.0,0.0,0.0,0.0,0.0,0.0
1773800143.4629345,False,,,,,,,,,,,,,,,,,,0.0,0.0,0.0,0.0,0.0,0.0
1773800143.473451,False,,,,,,,,,,,,,,,,,,0.0,0.0,0.0,0.0,0.0,0.0
1773800143.4831305,False,,,,,,,,,,,,,,,,,,0.0,0.0,0.0,0.0,0.0,0.0
1773800143.493028,False,,,,,,,,,,,,,,,,,,0.0,0.0,0.0,0.0,0.0,0.0
1773800143.5027807,False,,,,,,,,,,,,,,,,,,0.0,0.0,0.0,0.0,0.0,0.0
1773800143.5129554,False,,,,,,,,,,,,,,,,,,0.0,0.0,0.0,0.0,0.0,0.0
1773800143.5226912,False,,,,,,,,,,,,,,,,,,0.0,0.0,0.0,0.0,0.0,0.0
1773800143.5328772,False,,,,,,,,,,,,,,,,,,0.0,0.0,0.0,0.0,0.0,0.0
1773800143.5428996,False,,,,,,,,,,,,,,,,,,0.0,0.0,0.0,0.0,0.0,0.0
1773800143.5529594,False,,,,,,,,,,,,,,,,,,0.0,0.0,0.0,0.0,0.0,0.0
1773800143.5630028,False,,,,,,,,,,,,,,,,,,0.0,0.0,0.0,0.0,0.0,0.0
1773800143.5731258,False,,,,,,,,,,,,,,,,,,0.0,0.0,0.0,0.0,0.0,0.0
1773800143.5832977,False,,,,,,,,,,,,,,,,,,0.0,0.0,0.0,0.0,0.0,0.0
1773800143.5928102,False,,,,,,,,,,,,,,,,,,0.0,0.0,0.0,0.0,0.0,0.0
1773800143.6028364,False,,,,,,,,,,,,,,,,,,0.0,0.0,0.0,0.0,0.0,0.0
1773800143.613178,False,,,,,,,,,,,,,,,,,,0.0,0.0,0.0,0.0,0.0,0.0
1773800143.6232162,False,,,,,,,,,,,,,,,,,,0.0,0.0,0.0,0.0,0.0,0.0
1773800143.633238,False,,,,,,,,,,,,,,,,,,0.0,0.0,0.0,0.0,0.0,0.0
1773800143.643337,False,,,,,,,,,,,,,,,,,,0.0,0.0,0.0,0.0,0.0,0.0
1773800143.6528707,False,,,,,,,,,,,,,,,,,,0.0,0.0,0.0,0.0,0.0,0.0
1773800143.662909,False,,,,,,,,,,,,,,,,,,0.0,0.0,0.0,0.0,0.0,0.0
1773800143.673051,False,,,,,,,,,,,,,,,,,,0.0,0.0,0.0,0.0,0.0,0.0
1773800143.6826262,False,,,,,,,,,,,,,,,,,,0.0,0.0,0.0,0.0,0.0,0.0
1773800143.6928668,False,,,,,,,,,,,,,,,,,,0.0,0.0,0.0,0.0,0.0,0.0
1773800143.7028878,False,,,,,,,,,,,,,,,,,,0.0,0.0,0.0,0.0,0.0,0.0
1773800143.713057,False,,,,,,,,,,,,,,,,,,0.0,0.0,0.0,0.0,0.0,0.0
1773800143.723081,False,,,,,,,,,,,,,,,,,,0.0,0.0,0.0,0.0,0.0,0.0
1773800143.7327414,False,,,,,,,,,,,,,,,,,,0.0,0.0,0.0,0.0,0.0,0.0
1773800143.7427573,False,,,,,,,,,,,,,,,,,,0.0,0.0,0.0,0.0,0.0,0.0
1773800143.7527826,False,,,,,,,,,,,,,,,,,,0.0,0.0,0.0,0.0,0.0,0.0
1773800143.7627904,False,,,,,,,,,,,,,,,,,,0.0,0.0,0.0,0.0,0.0,0.0
1773800143.7730467,False,,,,,,,,,,,,,,,,,,0.0,0.0,0.0,0.0,0.0,0.0
1773800143.7830744,False,,,,,,,,,,,,,,,,,,0.0,0.0,0.0,0.0,0.0,0.0
1773800143.7927465,False,,,,,,,,,,,,,,,,,,0.0,0.0,0.0,0.0,0.0,0.0
1773800143.8030243,False,,,,,,,,,,,,,,,,,,0.0,0.0,0.0,0.0,0.0,0.0
1773800143.8130805,False,,,,,,,,,,,,,,,,,,0.0,0.0,0.0,0.0,0.0,0.0
1773800143.8231072,False,,,,,,,,,,,,,,,,,,0.0,0.0,0.0,0.0,0.0,0.0
1773800143.8328965,False,,,,,,,,,,,,,,,,,,0.0,0.0,0.0,0.0,0.0,0.0
1773800143.843314,False,,,,,,,,,,,,,,,,,,0.0,0.0,0.0,0.0,0.0,0.0
1773800143.8528373,False,,,,,,,,,,,,,,,,,,0.0,0.0,0.0,0.0,0.0,0.0
1773800143.8630815,False,,,,,,,,,,,,,,,,,,0.0,0.0,0.0,0.0,0.0,0.0
1773800143.8727028,False,,,,,,,,,,,,,,,,,,0.0,0.0,0.0,0.0,0.0,0.0
1773800143.882866,False,,,,,,,,,,,,,,,,,,0.0,0.0,0.0,0.0,0.0,0.0
1773800143.8930566,False,,,,,,,,,,,,,,,,,,0.0,0.0,0.0,0.0,0.0,0.0
1773800143.9030778,False,,,,,,,,,,,,,,,,,,0.0,0.0,0.0,0.0,0.0,0.0
1773800143.913103,False,,,,,,,,,,,,,,,,,,0.0,0.0,0.0,0.0,0.0,0.0
1773800143.9231305,False,,,,,,,,,,,,,,,,,,0.0,0.0,0.0,0.0,0.0,0.0
1773800143.9327831,False,,,,,,,,,,,,,,,,,,0.0,0.0,0.0,0.0,0.0,0.0
1773800143.9429946,False,,,,,,,,,,,,,,,,,,0.0,0.0,0.0,0.0,0.0,0.0
1773800143.953013,False,,,,,,,,,,,,,,,,,,0.0,0.0,0.0,0.0,0.0,0.0
1773800143.9628096,False,,,,,,,,,,,,,,,,,,0.0,0.0,0.0,0.0,0.0,0.0
1773800143.9728308,False,,,,,,,,,,,,,,,,,,0.0,0.0,0.0,0.0,0.0,0.0
1773800143.9828546,False,,,,,,,,,,,,,,,,,,0.0,0.0,0.0,0.0,0.0,0.0
1773800143.9928837,False,,,,,,,,,,,,,,,,,,0.0,0.0,0.0,0.0,0.0,0.0
1773800144.0030272,False,,,,,,,,,,,,,,,,,,0.0,0.0,0.0,0.0,0.0,0.0
1773800144.0127265,False,,,,,,,,,,,,,,,,,,0.0,0.0,0.0,0.0,0.0,0.0
1773800144.022885,False,,,,,,,,,,,,,,,,,,0.0,0.0,0.0,0.0,0.0,0.0
1773800144.0328994,False,,,,,,,,,,,,,,,,,,0.0,0.0,0.0,0.0,0.0,0.0
1773800144.0429223,False,,,,,,,,,,,,,,,,,,0.0,0.0,0.0,0.0,0.0,0.0
1773800144.0528781,False,,,,,,,,,,,,,,,,,,0.0,0.0,0.0,0.0,0.0,0.0
1773800144.0628538,False,,,,,,,,,,,,,,,,,,0.0,0.0,0.0,0.0,0.0,0.0
1773800144.0732064,False,,,,,,,,,,,,,,,,,,0.0,0.0,0.0,0.0,0.0,0.0
1773800144.0827246,False,,,,,,,,,,,,,,,,,,0.0,0.0,0.0,0.0,0.0,0.0
1773800144.0928867,False,,,,,,,,,,,,,,,,,,0.0,0.0,0.0,0.0,0.0,0.0
1773800144.102895,False,,,,,,,,,,,,,,,,,,0.0,0.0,0.0,0.0,0.0,0.0
1773800144.1127222,False,,,,,,,,,,,,,,,,,,0.0,0.0,0.0,0.0,0.0,0.0
1773800144.122752,False,,,,,,,,,,,,,,,,,,0.0,0.0,0.0,0.0,0.0,0.0
1773800144.132793,False,,,,,,,,,,,,,,,,,,0.0,0.0,0.0,0.0,0.0,0.0
1773800144.1429143,False,,,,,,,,,,,,,,,,,,0.0,0.0,0.0,0.0,0.0,0.0
1773800144.1529272,False,,,,,,,,,,,,,,,,,,0.0,0.0,0.0,0.0,0.0,0.0
1773800144.162956,False,,,,,,,,,,,,,,,,,,0.0,0.0,0.0,0.0,0.0,0.0
1773800144.1729722,False,,,,,,,,,,,,,,,,,,0.0,0.0,0.0,0.0,0.0,0.0
1773800144.1829932,False,,,,,,,,,,,,,,,,,,0.0,0.0,0.0,0.0,0.0,0.0
1773800144.1930099,False,,,,,,,,,,,,,,,,,,0.0,0.0,0.0,0.0,0.0,0.0
1773800144.2030277,False,,,,,,,,,,,,,,,,,,0.0,0.0,0.0,0.0,0.0,0.0
1773800144.2130525,False,,,,,,,,,,,,,,,,,,0.0,0.0,0.0,0.0,0.0,0.0
1773800144.2230685,False,,,,,,,,,,,,,,,,,,0.0,0.0,0.0,0.0,0.0,0.0
1773800144.2326715,False,,,,,,,,,,,,,,,,,,0.0,0.0,0.0,0.0,0.0,0.0
1773800144.2426918,False,,,,,,,,,,,,,,,,,,0.0,0.0,0.0,0.0,0.0,0.0
1773800144.2527103,False,,,,,,,,,,,,,,,,,,0.0,0.0,0.0,0.0,0.0,0.0
1773800144.2627437,False,,,,,,,,,,,,,,,,,,0.0,0.0,0.0,0.0,0.0,0.0
1773800144.27275,False,,,,,,,,,,,,,,,,,,0.0,0.0,0.0,0.0,0.0,0.0
1773800144.2827642,False,,,,,,,,,,,,,,,,,,0.0,0.0,0.0,0.0,0.0,0.0
1773800144.292776,False,,,,,,,,,,,,,,,,,,0.0,0.0,0.0,0.0,0.0,0.0
1773800144.3028023,False,,,,,,,,,,,,,,,,,,0.0,0.0,0.0,0.0,0.0,0.0
1773800144.3128192,False,,,,,,,,,,,,,,,,,,0.0,0.0,0.0,0.0,0.0,0.0
1773800144.3228385,False,,,,,,,,,,,,,,,,,,0.0,0.0,0.0,0.0,0.0,0.0
1773800144.3328588,False,,,,,,,,,,,,,,,,,,0.0,0.0,0.0,0.0,0.0,0.0
1773800144.3428757,False,,,,,,,,,,,,,,,,,,0.0,0.0,0.0,0.0,0.0,0.0
1773800144.3529027,False,,,,,,,,,,,,,,,,,,0.0,0.0,0.0,0.0,0.0,0.0
1773800144.3629208,False,,,,,,,,,,,,,,,,,,0.0,0.0,0.0,0.0,0.0,0.0
1773800144.3734343,False,,,,,,,,,,,,,,,,,,0.0,0.0,0.0,0.0,0.0,0.0
1773800144.3849602,False,,,,,,,,,,,,,,,,,,0.0,0.0,0.0,0.0,0.0,0.0
1773800144.3959832,False,,,,,,,,,,,,,,,,,,0.0,0.0,0.0,0.0,0.0,0.0
1773800144.4069967,False,,,,,,,,,,,,,,,,,,0.0,0.0,0.0,0.0,0.0,0.0
1773800144.4170234,False,,,,,,,,,,,,,,,,,,0.0,0.0,0.0,0.0,0.0,0.0
1773800144.426537,False,,,,,,,,,,,,,,,,,,0.0,0.0,0.0,0.0,0.0,0.0
1773800144.43656,False,,,,,,,,,,,,,,,,,,0.0,0.0,0.0,0.0,0.0,0.0
1773800144.4465764,False,,,,,,,,,,,,,,,,,,0.0,0.0,0.0,0.0,0.0,0.0
1773800144.4565947,False,,,,,,,,,,,,,,,,,,0.0,0.0,0.0,0.0,0.0,0.0
1773800144.4666116,False,,,,,,,,,,,,,,,,,,0.0,0.0,0.0,0.0,0.0,0.0
1773800144.4766328,False,,,,,,,,,,,,,,,,,,0.0,0.0,0.0,0.0,0.0,0.0
1773800144.4866476,False,,,,,,,,,,,,,,,,,,0.0,0.0,0.0,0.0,0.0,0.0
1773800144.4966695,False,,,,,,,,,,,,,,,,,,0.0,0.0,0.0,0.0,0.0,0.0
1773800144.5061781,False,,,,,,,,,,,,,,,,,,0.0,0.0,0.0,0.0,0.0,0.0
1773800144.5167089,False,,,,,,,,,,,,,,,,,,0.0,0.0,0.0,0.0,0.0,0.0
1773800144.526218,False,,,,,,,,,,,,,,,,,,0.0,0.0,0.0,0.0,0.0,0.0
1773800144.536737,False,,,,,,,,,,,,,,,,,,0.0,0.0,0.0,0.0,0.0,0.0
1773800144.5462518,False,,,,,,,,,,,,,,,,,,0.0,0.0,0.0,0.0,0.0,0.0
1773800144.5562692,False,,,,,,,,,,,,,,,,,,0.0,0.0,0.0,0.0,0.0,0.0
1773800144.566286,False,,,,,,,,,,,,,,,,,,0.0,0.0,0.0,0.0,0.0,0.0
1773800144.5763211,False,,,,,,,,,,,,,,,,,,0.0,0.0,0.0,0.0,0.0,0.0
1773800144.5863373,False,,,,,,,,,,,,,,,,,,0.0,0.0,0.0,0.0,0.0,0.0
1773800144.5963526,False,,,,,,,,,,,,,,,,,,0.0,0.0,0.0,0.0,0.0,0.0
1773800144.606385,False,,,,,,,,,,,,,,,,,,0.0,0.0,0.0,0.0,0.0,0.0
1773800144.6164048,False,,,,,,,,,,,,,,,,,,0.0,0.0,0.0,0.0,0.0,0.0
1773800144.6264343,False,,,,,,,,,,,,,,,,,,0.0,0.0,0.0,0.0,0.0,0.0
1773800144.6364505,False,,,,,,,,,,,,,,,,,,0.0,0.0,0.0,0.0,0.0,0.0
1773800144.6464815,False,,,,,,,,,,,,,,,,,,0.0,0.0,0.0,0.0,0.0,0.0
1773800144.6564977,False,,,,,,,,,,,,,,,,,,0.0,0.0,0.0,0.0,0.0,0.0
1773800144.6665177,False,,,,,,,,,,,,,,,,,,0.0,0.0,0.0,0.0,0.0,0.0
1773800144.6765342,False,,,,,,,,,,,,,,,,,,0.0,0.0,0.0,0.0,0.0,0.0
1773800144.6865668,False,,,,,,,,,,,,,,,,,,0.0,0.0,0.0,0.0,0.0,0.0
1773800144.696579,False,,,,,,,,,,,,,,,,,,0.0,0.0,0.0,0.0,0.0,0.0
1773800144.7065954,False,,,,,,,,,,,,,,,,,,0.0,0.0,0.0,0.0,0.0,0.0
1773800144.7166157,False,,,,,,,,,,,,,,,,,,0.0,0.0,0.0,0.0,0.0,0.0
1773800144.7266424,False,,,,,,,,,,,,,,,,,,0.0,0.0,0.0,0.0,0.0,0.0
1773800144.7366667,False,,,,,,,,,,,,,,,,,,0.0,0.0,0.0,0.0,0.0,0.0
1773800144.7466908,False,,,,,,,,,,,,,,,,,,0.0,0.0,0.0,0.0,0.0,0.0
1773800144.756223,False,,,,,,,,,,,,,,,,,,0.0,0.0,0.0,0.0,0.0,0.0
1773800144.7667375,False,,,,,,,,,,,,,,,,,,0.0,0.0,0.0,0.0,0.0,0.0
1773800144.7762554,True,0.29422665,1773800144.769748,610.31,5.385033,6.2912526,10.20668,-0.0012523984,610.31,5.385033,64.21281,-0.001252398033122477,0.9999992157492757,-0.0012523983605206013,398.31,-114.61497,-4.249630035414068,0.0,-0.03,0.03,0.03,0.0,0.0,0.0
1773800144.7872703,True,0.29422665,1773800144.769748,610.31,5.385033,6.2912526,10.20668,-0.0012523984,610.31,5.3850336,64.21281,-0.001252398033122477,0.9999992157492757,-0.0012523983605206013,398.31,-114.61497,-4.249630035414068,0.0,-0.03,0.03,0.03,0.0,0.0,0.0
1773800144.7962873,True,0.29422665,1773800144.769748,610.31,5.385033,6.2912526,10.20668,-0.0012523984,610.31,5.3850336,64.21281,-0.001252398033122477,0.9999992157492757,-0.0012523983605206013,398.31,-114.61497,-4.249630035414068,0.0,-0.03,0.03,0.03,0.0,0.0,0.0
1773800144.8067997,True,0.29422665,1773800144.769748,610.31,5.385033,6.2912526,10.20668,-0.0012523984,610.31,5.3850336,64.21281,-0.001252398033122477,0.9999992157492757,-0.0012523983605206013,398.31,-114.61497,-4.249630035414068,0.0,-0.03,0.03,0.03,0.0,0.0,0.0
1773800144.81633,True,0.29422665,1773800144.769748,610.31,5.385033,6.2912526,10.20668,-0.0012523984,610.31,5.3850336,64.21281,-0.001252398033122477,0.9999992157492757,-0.0012523983605206013,398.31,-114.61497,-4.249630035414068,0.0,-0.03,0.03,0.03,0.0,0.0,0.0
1773800144.8263464,True,0.29422665,1773800144.769748,610.31,5.385033,6.2912526,10.20668,-0.0012523984,610.31,5.3850336,64.21281,-0.001252398033122477,0.9999992157492757,-0.0012523983605206013,398.31,-114.61497,-4.249630035414068,0.0,-0.03,0.03,0.03,0.0,0.0,0.0
1773800144.836363,True,0.29422665,1773800144.769748,610.31,5.385033,6.2912526,10.20668,-0.0012523984,610.31,5.3850336,64.21281,-0.001252398033122477,0.9999992157492757,-0.0012523983605206013,398.31,-114.61497,-4.249630035414068,0.0,-0.03,0.03,0.03,0.0,0.0,0.0
1773800144.8463798,True,0.29422665,1773800144.769748,610.31,5.385033,6.2912526,10.20668,-0.0012523984,610.31,5.3850336,64.21281,-0.001252398033122477,0.9999992157492757,-0.0012523983605206013,398.31,-114.61497,-4.249630035414068,0.0,-0.03,0.03,0.03,0.0,0.0,0.0
1773800144.8563976,True,0.29422665,1773800144.769748,610.31,5.385033,6.2912526,10.20668,-0.0012523984,610.31,5.3850336,64.21281,-0.001252398033122477,0.9999992157492757,-0.0012523983605206013,398.31,-114.61497,-4.249630035414068,0.0,-0.03,0.03,0.03,0.0,0.0,0.0
1773800144.8664105,True,0.29422665,1773800144.769748,610.31,5.385033,6.2912526,10.20668,-0.0012523984,610.31,5.3850336,64.21281,-0.001252398033122477,0.9999992157492757,-0.0012523983605206013,398.31,-114.61497,-4.249630035414068,0.0,-0.03,0.03,0.03,0.0,0.0,0.0
1773800144.876428,True,0.29422665,1773800144.769748,610.31,5.385033,6.2912526,10.20668,-0.0012523984,610.31,5.3850336,64.21281,-0.001252398033122477,0.9999992157492757,-0.0012523983605206013,398.31,-114.61497,-4.249630035414068,0.0,-0.03,0.03,0.03,0.0,0.0,0.0
1773800144.8864107,True,0.29422665,1773800144.769748,610.31,5.385033,6.2912526,10.20668,-0.0012523984,610.31,5.3850336,64.21281,-0.001252398033122477,0.9999992157492757,-0.0012523983605206013,398.31,-114.61497,-4.249630035414068,0.0,-0.03,0.03,0.03,0.0,0.0,0.0
1773800144.896583,True,0.29422665,1773800144.769748,610.31,5.385033,6.2912526,10.20668,-0.0012523984,610.31,5.3850336,64.21281,-0.001252398033122477,0.9999992157492757,-0.0012523983605206013,398.31,-114.61497,-4.249630035414068,0.0,-0.03,0.03,0.03,0.0,0.0,0.0
1773800144.907101,True,0.29422665,1773800144.769748,610.31,5.385033,6.2912526,10.20668,-0.0012523984,610.31,5.3850336,64.21281,-0.001252398033122477,0.9999992157492757,-0.0012523983605206013,398.31,-114.61497,-4.249630035414068,0.0,-0.03,0.03,0.03,0.0,0.0,0.0
1773800144.916631,True,0.29422665,1773800144.769748,610.31,5.385033,6.2912526,10.20668,-0.0012523984,610.31,5.3850336,64.21281,-0.001252398033122477,0.9999992157492757,-0.0012523983605206013,398.31,-114.61497,-4.249630035414068,0.0,-0.03,0.03,0.03,0.0,0.0,0.0
1773800144.9268816,True,0.29422665,1773800144.769748,610.31,5.385033,6.2912526,10.20668,-0.0012523984,610.31,5.3850336,64.21281,-0.001252398033122477,0.9999992157492757,-0.0012523983605206013,398.31,-114.61497,-4.249630035414068,0.0,-0.03,0.03,0.03,0.0,0.0,0.0
1773800144.9363985,True,0.29422665,1773800144.769748,610.31,5.385033,6.2912526,10.20668,-0.0012523984,610.31,5.3850336,64.21281,-0.001252398033122477,0.9999992157492757,-0.0012523983605206013,398.31,-114.61497,-4.249630035414068,0.0,-0.03,0.03,0.03,0.0,0.0,0.0
1773800144.9466946,True,0.29422665,1773800144.769748,610.31,5.385033,6.2912526,10.20668,-0.0012523984,610.31,5.3850336,64.21281,-0.001252398033122477,0.9999992157492757,-0.0012523983605206013,398.31,-114.61497,-4.249630035414068,0.0,-0.03,0.03,0.03,0.0,0.0,0.0
1773800144.9564068,True,0.29422665,1773800144.769748,610.31,5.385033,6.2912526,10.20668,-0.0012523984,610.31,5.3850336,64.21281,-0.001252398033122477,0.9999992157492757,-0.0012523983605206013,398.31,-114.61497,-4.249630035414068,0.0,-0.03,0.03,0.03,0.0,0.0,0.0
1773800144.9665074,True,0.29422665,1773800144.769748,610.31,5.385033,6.2912526,10.20668,-0.0012523984,610.31,5.3850336,64.21281,-0.001252398033122477,0.9999992157492757,-0.0012523983605206013,398.31,-114.61497,-4.249630035414068,0.0,-0.03,0.03,0.03,0.0,0.0,0.0
1773800144.976416,False,0.29422665,1773800144.769748,610.31,5.385033,6.2912526,10.20668,-0.0012523984,,,,,,,,,,,0.0,0.0,0.0,0.0,0.0,0.0
1773800144.9867136,False,0.29422665,1773800144.769748,610.31,5.385033,6.2912526,10.20668,-0.0012523984,,,,,,,,,,,0.0,0.0,0.0,0.0,0.0,0.0
1773800144.9967349,False,0.29422665,1773800144.769748,610.31,5.385033,6.2912526,10.20668,-0.0012523984,,,,,,,,,,,0.0,0.0,0.0,0.0,0.0,0.0
1773800145.0067816,False,0.29422665,1773800144.769748,610.31,5.385033,6.2912526,10.20668,-0.0012523984,,,,,,,,,,,0.0,0.0,0.0,0.0,0.0,0.0
1773800145.016889,False,0.29422665,1773800144.769748,610.31,5.385033,6.2912526,10.20668,-0.0012523984,,,,,,,,,,,0.0,0.0,0.0,0.0,0.0,0.0
1773800145.026919,False,0.29422665,1773800144.769748,610.31,5.385033,6.2912526,10.20668,-0.0012523984,,,,,,,,,,,0.0,0.0,0.0,0.0,0.0,0.0
1773800145.0368233,False,0.29422665,1773800144.769748,610.31,5.385033,6.2912526,10.20668,-0.0012523984,,,,,,,,,,,0.0,0.0,0.0,0.0,0.0,0.0
1773800145.046895,False,0.29422665,1773800144.769748,610.31,5.385033,6.2912526,10.20668,-0.0012523984,,,,,,,,,,,0.0,0.0,0.0,0.0,0.0,0.0
1773800145.0564299,False,0.29422665,1773800144.769748,610.31,5.385033,6.2912526,10.20668,-0.0012523984,,,,,,,,,,,0.0,0.0,0.0,0.0,0.0,0.0
1773800145.0669515,False,0.29422665,1773800144.769748,610.31,5.385033,6.2912526,10.20668,-0.0012523984,,,,,,,,,,,0.0,0.0,0.0,0.0,0.0,0.0
1773800145.076473,False,0.29422665,1773800144.769748,610.31,5.385033,6.2912526,10.20668,-0.0012523984,,,,,,,,,,,0.0,0.0,0.0,0.0,0.0,0.0
1773800145.086668,False,0.29422665,1773800144.769748,610.31,5.385033,6.2912526,10.20668,-0.0012523984,,,,,,,,,,,0.0,0.0,0.0,0.0,0.0,0.0
1773800145.0962548,False,0.29422665,1773800144.769748,610.31,5.385033,6.2912526,10.20668,-0.0012523984,,,,,,,,,,,0.0,0.0,0.0,0.0,0.0,0.0
1773800145.1067402,False,0.29422665,1773800144.769748,610.31,5.385033,6.2912526,10.20668,-0.0012523984,,,,,,,,,,,0.0,0.0,0.0,0.0,0.0,0.0
1773800145.116859,False,0.29422665,1773800144.769748,610.31,5.385033,6.2912526,10.20668,-0.0012523984,,,,,,,,,,,0.0,0.0,0.0,0.0,0.0,0.0
1773800145.126883,False,0.29422665,1773800144.769748,610.31,5.385033,6.2912526,10.20668,-0.0012523984,,,,,,,,,,,0.0,0.0,0.0,0.0,0.0,0.0
1773800145.1369753,False,0.29422665,1773800144.769748,610.31,5.385033,6.2912526,10.20668,-0.0012523984,,,,,,,,,,,0.0,0.0,0.0,0.0,0.0,0.0
1773800145.1471622,False,0.29422665,1773800144.769748,610.31,5.385033,6.2912526,10.20668,-0.0012523984,,,,,,,,,,,0.0,0.0,0.0,0.0,0.0,0.0
1773800145.1563666,False,0.29422665,1773800144.769748,610.31,5.385033,6.2912526,10.20668,-0.0012523984,,,,,,,,,,,0.0,0.0,0.0,0.0,0.0,0.0
1773800145.166789,False,0.29422665,1773800144.769748,610.31,5.385033,6.2912526,10.20668,-0.0012523984,,,,,,,,,,,0.0,0.0,0.0,0.0,0.0,0.0
1773800145.1765804,False,0.29422665,1773800144.769748,610.31,5.385033,6.2912526,10.20668,-0.0012523984,,,,,,,,,,,0.0,0.0,0.0,0.0,0.0,0.0
1773800145.1866238,False,0.29422665,1773800144.769748,610.31,5.385033,6.2912526,10.20668,-0.0012523984,,,,,,,,,,,0.0,0.0,0.0,0.0,0.0,0.0
1773800145.1967819,False,0.29422665,1773800144.769748,610.31,5.385033,6.2912526,10.20668,-0.0012523984,,,,,,,,,,,0.0,0.0,0.0,0.0,0.0,0.0
1773800145.2063236,False,0.29422665,1773800144.769748,610.31,5.385033,6.2912526,10.20668,-0.0012523984,,,,,,,,,,,0.0,0.0,0.0,0.0,0.0,0.0
1773800145.2163928,False,0.29422665,1773800144.769748,610.31,5.385033,6.2912526,10.20668,-0.0012523984,,,,,,,,,,,0.0,0.0,0.0,0.0,0.0,0.0
1773800145.2268658,False,0.29422665,1773800144.769748,610.31,5.385033,6.2912526,10.20668,-0.0012523984,,,,,,,,,,,0.0,0.0,0.0,0.0,0.0,0.0
1773800145.237278,False,0.29422665,1773800144.769748,610.31,5.385033,6.2912526,10.20668,-0.0012523984,,,,,,,,,,,0.0,0.0,0.0,0.0,0.0,0.0
1773800145.2467883,False,0.29422665,1773800144.769748,610.31,5.385033,6.2912526,10.20668,-0.0012523984,,,,,,,,,,,0.0,0.0,0.0,0.0,0.0,0.0
1773800145.2563195,False,0.29422665,1773800144.769748,610.31,5.385033,6.2912526,10.20668,-0.0012523984,,,,,,,,,,,0.0,0.0,0.0,0.0,0.0,0.0
1773800145.2668815,False,0.29422665,1773800144.769748,610.31,5.385033,6.2912526,10.20668,-0.0012523984,,,,,,,,,,,0.0,0.0,0.0,0.0,0.0,0.0
1773800145.2769053,False,0.29422665,1773800144.769748,610.31,5.385033,6.2912526,10.20668,-0.0012523984,,,,,,,,,,,0.0,0.0,0.0,0.0,0.0,0.0
1773800145.2870805,False,0.29422665,1773800144.769748,610.31,5.385033,6.2912526,10.20668,-0.0012523984,,,,,,,,,,,0.0,0.0,0.0,0.0,0.0,0.0
1773800145.2966032,False,0.29422665,1773800144.769748,610.31,5.385033,6.2912526,10.20668,-0.0012523984,,,,,,,,,,,0.0,0.0,0.0,0.0,0.0,0.0
1773800145.3064988,False,0.29422665,1773800144.769748,610.31,5.385033,6.2912526,10.20668,-0.0012523984,,,,,,,,,,,0.0,0.0,0.0,0.0,0.0,0.0
1773800145.316486,False,0.29422665,1773800144.769748,610.31,5.385033,6.2912526,10.20668,-0.0012523984,,,,,,,,,,,0.0,0.0,0.0,0.0,0.0,0.0
1773800145.3266914,False,0.29422665,1773800144.769748,610.31,5.385033,6.2912526,10.20668,-0.0012523984,,,,,,,,,,,0.0,0.0,0.0,0.0,0.0,0.0
1773800145.3365276,False,0.29422665,1773800144.769748,610.31,5.385033,6.2912526,10.20668,-0.0012523984,,,,,,,,,,,0.0,0.0,0.0,0.0,0.0,0.0
1773800145.3467999,False,0.29422665,1773800144.769748,610.31,5.385033,6.2912526,10.20668,-0.0012523984,,,,,,,,,,,0.0,0.0,0.0,0.0,0.0,0.0
1773800145.3566506,False,0.29422665,1773800144.769748,610.31,5.385033,6.2912526,10.20668,-0.0012523984,,,,,,,,,,,0.0,0.0,0.0,0.0,0.0,0.0
1773800145.36667,False,0.29422665,1773800144.769748,610.31,5.385033,6.2912526,10.20668,-0.0012523984,,,,,,,,,,,0.0,0.0,0.0,0.0,0.0,0.0
1773800145.3762681,False,0.29422665,1773800144.769748,610.31,5.385033,6.2912526,10.20668,-0.0012523984,,,,,,,,,,,0.0,0.0,0.0,0.0,0.0,0.0
1773800145.38649,False,0.29422665,1773800144.769748,610.31,5.385033,6.2912526,10.20668,-0.0012523984,,,,,,,,,,,0.0,0.0,0.0,0.0,0.0,0.0
1773800145.3965173,False,0.29422665,1773800144.769748,610.31,5.385033,6.2912526,10.20668,-0.0012523984,,,,,,,,,,,0.0,0.0,0.0,0.0,0.0,0.0
1773800145.4065425,False,0.29422665,1773800144.769748,610.31,5.385033,6.2912526,10.20668,-0.0012523984,,,,,,,,,,,0.0,0.0,0.0,0.0,0.0,0.0
1773800145.4165173,False,0.29422665,1773800144.769748,610.31,5.385033,6.2912526,10.20668,-0.0012523984,,,,,,,,,,,0.0,0.0,0.0,0.0,0.0,0.0
1773800145.4268715,False,0.29422665,1773800144.769748,610.31,5.385033,6.2912526,10.20668,-0.0012523984,,,,,,,,,,,0.0,0.0,0.0,0.0,0.0,0.0
1773800145.4364538,False,0.29422665,1773800144.769748,610.31,5.385033,6.2912526,10.20668,-0.0012523984,,,,,,,,,,,0.0,0.0,0.0,0.0,0.0,0.0
1773800145.4465578,False,0.29422665,1773800144.769748,610.31,5.385033,6.2912526,10.20668,-0.0012523984,,,,,,,,,,,0.0,0.0,0.0,0.0,0.0,0.0
1773800145.456598,False,0.29422665,1773800144.769748,610.31,5.385033,6.2912526,10.20668,-0.0012523984,,,,,,,,,,,0.0,0.0,0.0,0.0,0.0,0.0
1773800145.4667408,False,0.29422665,1773800144.769748,610.31,5.385033,6.2912526,10.20668,-0.0012523984,,,,,,,,,,,0.0,0.0,0.0,0.0,0.0,0.0
1773800145.4765766,False,0.29422665,1773800144.769748,610.31,5.385033,6.2912526,10.20668,-0.0012523984,,,,,,,,,,,0.0,0.0,0.0,0.0,0.0,0.0
1773800145.4871356,False,0.29422665,1773800144.769748,610.31,5.385033,6.2912526,10.20668,-0.0012523984,,,,,,,,,,,0.0,0.0,0.0,0.0,0.0,0.0
1773800145.4962113,False,0.29422665,1773800144.769748,610.31,5.385033,6.2912526,10.20668,-0.0012523984,,,,,,,,,,,0.0,0.0,0.0,0.0,0.0,0.0
1773800145.5073135,False,0.29422665,1773800144.769748,610.31,5.385033,6.2912526,10.20668,-0.0012523984,,,,,,,,,,,0.0,0.0,0.0,0.0,0.0,0.0
1773800145.5171995,False,0.29422665,1773800144.769748,610.31,5.385033,6.2912526,10.20668,-0.0012523984,,,,,,,,,,,0.0,0.0,0.0,0.0,0.0,0.0
1773800145.5269542,False,0.29422665,1773800144.769748,610.31,5.385033,6.2912526,10.20668,-0.0012523984,,,,,,,,,,,0.0,0.0,0.0,0.0,0.0,0.0
1773800145.536997,False,0.29422665,1773800144.769748,610.31,5.385033,6.2912526,10.20668,-0.0012523984,,,,,,,,,,,0.0,0.0,0.0,0.0,0.0,0.0
1773800145.5465524,False,0.29422665,1773800144.769748,610.31,5.385033,6.2912526,10.20668,-0.0012523984,,,,,,,,,,,0.0,0.0,0.0,0.0,0.0,0.0
1773800145.5571141,False,0.29422665,1773800144.769748,610.31,5.385033,6.2912526,10.20668,-0.0012523984,,,,,,,,,,,0.0,0.0,0.0,0.0,0.0,0.0
1773800145.5666118,False,0.29422665,1773800144.769748,610.31,5.385033,6.2912526,10.20668,-0.0012523984,,,,,,,,,,,0.0,0.0,0.0,0.0,0.0,0.0
1773800145.57673,False,0.29422665,1773800144.769748,610.31,5.385033,6.2912526,10.20668,-0.0012523984,,,,,,,,,,,0.0,0.0,0.0,0.0,0.0,0.0
1773800145.586966,False,0.29422665,1773800144.769748,610.31,5.385033,6.2912526,10.20668,-0.0012523984,,,,,,,,,,,0.0,0.0,0.0,0.0,0.0,0.0
1773800145.5967896,False,0.29422665,1773800144.769748,610.31,5.385033,6.2912526,10.20668,-0.0012523984,,,,,,,,,,,0.0,0.0,0.0,0.0,0.0,0.0
1773800145.6066654,False,0.29422665,1773800144.769748,610.31,5.385033,6.2912526,10.20668,-0.0012523984,,,,,,,,,,,0.0,0.0,0.0,0.0,0.0,0.0
1773800145.616835,False,0.29422665,1773800144.769748,610.31,5.385033,6.2912526,10.20668,-0.0012523984,,,,,,,,,,,0.0,0.0,0.0,0.0,0.0,0.0
1773800145.6265829,False,0.29422665,1773800144.769748,610.31,5.385033,6.2912526,10.20668,-0.0012523984,,,,,,,,,,,0.0,0.0,0.0,0.0,0.0,0.0
1773800145.636421,False,0.29422665,1773800144.769748,610.31,5.385033,6.2912526,10.20668,-0.0012523984,,,,,,,,,,,0.0,0.0,0.0,0.0,0.0,0.0
1773800145.64674,False,0.29422665,1773800144.769748,610.31,5.385033,6.2912526,10.20668,-0.0012523984,,,,,,,,,,,0.0,0.0,0.0,0.0,0.0,0.0
1773800145.6565008,False,0.29422665,1773800144.769748,610.31,5.385033,6.2912526,10.20668,-0.0012523984,,,,,,,,,,,0.0,0.0,0.0,0.0,0.0,0.0
1773800145.6666121,False,0.29422665,1773800144.769748,610.31,5.385033,6.2912526,10.20668,-0.0012523984,,,,,,,,,,,0.0,0.0,0.0,0.0,0.0,0.0
1773800145.6764352,False,0.29422665,1773800144.769748,610.31,5.385033,6.2912526,10.20668,-0.0012523984,,,,,,,,,,,0.0,0.0,0.0,0.0,0.0,0.0
1773800145.6867046,False,0.29422665,1773800144.769748,610.31,5.385033,6.2912526,10.20668,-0.0012523984,,,,,,,,,,,0.0,0.0,0.0,0.0,0.0,0.0
1773800145.6965177,False,0.29422665,1773800144.769748,610.31,5.385033,6.2912526,10.20668,-0.0012523984,,,,,,,,,,,0.0,0.0,0.0,0.0,0.0,0.0
1773800145.7065067,False,0.29422665,1773800144.769748,610.31,5.385033,6.2912526,10.20668,-0.0012523984,,,,,,,,,,,0.0,0.0,0.0,0.0,0.0,0.0
1773800145.7165673,False,0.29422665,1773800144.769748,610.31,5.385033,6.2912526,10.20668,-0.0012523984,,,,,,,,,,,0.0,0.0,0.0,0.0,0.0,0.0
1773800145.7266123,False,0.29422665,1773800144.769748,610.31,5.385033,6.2912526,10.20668,-0.0012523984,,,,,,,,,,,0.0,0.0,0.0,0.0,0.0,0.0
1773800145.73623,False,0.29422665,1773800144.769748,610.31,5.385033,6.2912526,10.20668,-0.0012523984,,,,,,,,,,,0.0,0.0,0.0,0.0,0.0,0.0
1773800145.7463055,False,0.29422665,1773800144.769748,610.31,5.385033,6.2912526,10.20668,-0.0012523984,,,,,,,,,,,0.0,0.0,0.0,0.0,0.0,0.0
1773800145.7567158,False,0.29422665,1773800144.769748,610.31,5.385033,6.2912526,10.20668,-0.0012523984,,,,,,,,,,,0.0,0.0,0.0,0.0,0.0,0.0
1773800145.7663512,False,0.29422665,1773800144.769748,610.31,5.385033,6.2912526,10.20668,-0.0012523984,,,,,,,,,,,0.0,0.0,0.0,0.0,0.0,0.0
1773800145.776499,False,0.29422665,1773800144.769748,610.31,5.385033,6.2912526,10.20668,-0.0012523984,,,,,,,,,,,0.0,0.0,0.0,0.0,0.0,0.0
1773800145.7862241,False,0.29422665,1773800144.769748,610.31,5.385033,6.2912526,10.20668,-0.0012523984,,,,,,,,,,,0.0,0.0,0.0,0.0,0.0,0.0
1773800145.7967525,False,0.29422665,1773800144.769748,610.31,5.385033,6.2912526,10.20668,-0.0012523984,,,,,,,,,,,0.0,0.0,0.0,0.0,0.0,0.0
1773800145.8067894,False,0.29422665,1773800144.769748,610.31,5.385033,6.2912526,10.20668,-0.0012523984,,,,,,,,,,,0.0,0.0,0.0,0.0,0.0,0.0
1773800145.8168116,False,0.29422665,1773800144.769748,610.31,5.385033,6.2912526,10.20668,-0.0012523984,,,,,,,,,,,0.0,0.0,0.0,0.0,0.0,0.0
1773800145.8268197,False,0.29422665,1773800144.769748,610.31,5.385033,6.2912526,10.20668,-0.0012523984,,,,,,,,,,,0.0,0.0,0.0,0.0,0.0,0.0
1773800145.8364036,False,0.29422665,1773800144.769748,610.31,5.385033,6.2912526,10.20668,-0.0012523984,,,,,,,,,,,0.0,0.0,0.0,0.0,0.0,0.0
1773800145.8464286,False,0.29422665,1773800144.769748,610.31,5.385033,6.2912526,10.20668,-0.0012523984,,,,,,,,,,,0.0,0.0,0.0,0.0,0.0,0.0
1773800145.856423,False,0.29422665,1773800144.769748,610.31,5.385033,6.2912526,10.20668,-0.0012523984,,,,,,,,,,,0.0,0.0,0.0,0.0,0.0,0.0
1773800145.8662446,False,0.29422665,1773800144.769748,610.31,5.385033,6.2912526,10.20668,-0.0012523984,,,,,,,,,,,0.0,0.0,0.0,0.0,0.0,0.0
1773800145.8762543,False,0.29422665,1773800144.769748,610.31,5.385033,6.2912526,10.20668,-0.0012523984,,,,,,,,,,,0.0,0.0,0.0,0.0,0.0,0.0
1773800145.8863962,False,0.29422665,1773800144.769748,610.31,5.385033,6.2912526,10.20668,-0.0012523984,,,,,,,,,,,0.0,0.0,0.0,0.0,0.0,0.0
1773800145.8962379,False,0.29422665,1773800144.769748,610.31,5.385033,6.2912526,10.20668,-0.0012523984,,,,,,,,,,,0.0,0.0,0.0,0.0,0.0,0.0
1773800145.9062767,False,0.29422665,1773800144.769748,610.31,5.385033,6.2912526,10.20668,-0.0012523984,,,,,,,,,,,0.0,0.0,0.0,0.0,0.0,0.0
1773800145.9163127,False,0.29422665,1773800144.769748,610.31,5.385033,6.2912526,10.20668,-0.0012523984,,,,,,,,,,,0.0,0.0,0.0,0.0,0.0,0.0
1773800145.926426,False,0.29422665,1773800144.769748,610.31,5.385033,6.2912526,10.20668,-0.0012523984,,,,,,,,,,,0.0,0.0,0.0,0.0,0.0,0.0
1773800145.9364767,False,0.29422665,1773800144.769748,610.31,5.385033,6.2912526,10.20668,-0.0012523984,,,,,,,,,,,0.0,0.0,0.0,0.0,0.0,0.0
1773800145.9462047,False,0.29422665,1773800144.769748,610.31,5.385033,6.2912526,10.20668,-0.0012523984,,,,,,,,,,,0.0,0.0,0.0,0.0,0.0,0.0
1773800145.9563205,False,0.29422665,1773800144.769748,610.31,5.385033,6.2912526,10.20668,-0.0012523984,,,,,,,,,,,0.0,0.0,0.0,0.0,0.0,0.0
1773800145.966443,False,0.29422665,1773800144.769748,610.31,5.385033,6.2912526,10.20668,-0.0012523984,,,,,,,,,,,0.0,0.0,0.0,0.0,0.0,0.0
1773800145.9765308,False,0.29422665,1773800144.769748,610.31,5.385033,6.2912526,10.20668,-0.0012523984,,,,,,,,,,,0.0,0.0,0.0,0.0,0.0,0.0
1773800145.9866116,False,0.29422665,1773800144.769748,610.31,5.385033,6.2912526,10.20668,-0.0012523984,,,,,,,,,,,0.0,0.0,0.0,0.0,0.0,0.0
1773800145.9968457,False,0.29422665,1773800144.769748,610.31,5.385033,6.2912526,10.20668,-0.0012523984,,,,,,,,,,,0.0,0.0,0.0,0.0,0.0,0.0
1773800146.006337,False,0.29422665,1773800144.769748,610.31,5.385033,6.2912526,10.20668,-0.0012523984,,,,,,,,,,,0.0,0.0,0.0,0.0,0.0,0.0
1773800146.0164526,False,0.29422665,1773800144.769748,610.31,5.385033,6.2912526,10.20668,-0.0012523984,,,,,,,,,,,0.0,0.0,0.0,0.0,0.0,0.0
1773800146.0264997,False,0.29422665,1773800144.769748,610.31,5.385033,6.2912526,10.20668,-0.0012523984,,,,,,,,,,,0.0,0.0,0.0,0.0,0.0,0.0
1773800146.0363057,False,0.29422665,1773800144.769748,610.31,5.385033,6.2912526,10.20668,-0.0012523984,,,,,,,,,,,0.0,0.0,0.0,0.0,0.0,0.0
1773800146.0463812,False,0.29422665,1773800144.769748,610.31,5.385033,6.2912526,10.20668,-0.0012523984,,,,,,,,,,,0.0,0.0,0.0,0.0,0.0,0.0
1773800146.0565464,False,0.29422665,1773800144.769748,610.31,5.385033,6.2912526,10.20668,-0.0012523984,,,,,,,,,,,0.0,0.0,0.0,0.0,0.0,0.0
1773800146.0667725,False,0.29422665,1773800144.769748,610.31,5.385033,6.2912526,10.20668,-0.0012523984,,,,,,,,,,,0.0,0.0,0.0,0.0,0.0,0.0
1773800146.0767293,False,0.29422665,1773800144.769748,610.31,5.385033,6.2912526,10.20668,-0.0012523984,,,,,,,,,,,0.0,0.0,0.0,0.0,0.0,0.0
1773800146.0864654,False,0.29422665,1773800144.769748,610.31,5.385033,6.2912526,10.20668,-0.0012523984,,,,,,,,,,,0.0,0.0,0.0,0.0,0.0,0.0
1773800146.096843,False,0.29422665,1773800144.769748,610.31,5.385033,6.2912526,10.20668,-0.0012523984,,,,,,,,,,,0.0,0.0,0.0,0.0,0.0,0.0
1773800146.1065156,False,0.29422665,1773800144.769748,610.31,5.385033,6.2912526,10.20668,-0.0012523984,,,,,,,,,,,0.0,0.0,0.0,0.0,0.0,0.0
1773800146.1169133,False,0.29422665,1773800144.769748,610.31,5.385033,6.2912526,10.20668,-0.0012523984,,,,,,,,,,,0.0,0.0,0.0,0.0,0.0,0.0
1773800146.1264946,False,0.29422665,1773800144.769748,610.31,5.385033,6.2912526,10.20668,-0.0012523984,,,,,,,,,,,0.0,0.0,0.0,0.0,0.0,0.0
1773800146.1366987,False,0.29422665,1773800144.769748,610.31,5.385033,6.2912526,10.20668,-0.0012523984,,,,,,,,,,,0.0,0.0,0.0,0.0,0.0,0.0
1773800146.1467304,False,0.29422665,1773800144.769748,610.31,5.385033,6.2912526,10.20668,-0.0012523984,,,,,,,,,,,0.0,0.0,0.0,0.0,0.0,0.0
1773800146.1574368,False,0.29422665,1773800144.769748,610.31,5.385033,6.2912526,10.20668,-0.0012523984,,,,,,,,,,,0.0,0.0,0.0,0.0,0.0,0.0
1773800146.1665773,False,0.29422665,1773800144.769748,610.31,5.385033,6.2912526,10.20668,-0.0012523984,,,,,,,,,,,0.0,0.0,0.0,0.0,0.0,0.0
1773800146.1767488,False,0.29422665,1773800144.769748,610.31,5.385033,6.2912526,10.20668,-0.0012523984,,,,,,,,,,,0.0,0.0,0.0,0.0,0.0,0.0
1773800146.1870599,False,0.29422665,1773800144.769748,610.31,5.385033,6.2912526,10.20668,-0.0012523984,,,,,,,,,,,0.0,0.0,0.0,0.0,0.0,0.0
1773800146.1963506,False,0.29422665,1773800144.769748,610.31,5.385033,6.2912526,10.20668,-0.0012523984,,,,,,,,,,,0.0,0.0,0.0,0.0,0.0,0.0
1773800146.2067726,False,0.29422665,1773800144.769748,610.31,5.385033,6.2912526,10.20668,-0.0012523984,,,,,,,,,,,0.0,0.0,0.0,0.0,0.0,0.0
1773800146.2168572,False,0.29422665,1773800144.769748,610.31,5.385033,6.2912526,10.20668,-0.0012523984,,,,,,,,,,,0.0,0.0,0.0,0.0,0.0,0.0
1773800146.2269075,False,0.29422665,1773800144.769748,610.31,5.385033,6.2912526,10.20668,-0.0012523984,,,,,,,,,,,0.0,0.0,0.0,0.0,0.0,0.0
1773800146.2367125,False,0.29422665,1773800144.769748,610.31,5.385033,6.2912526,10.20668,-0.0012523984,,,,,,,,,,,0.0,0.0,0.0,0.0,0.0,0.0
1773800146.247142,False,0.29422665,1773800144.769748,610.31,5.385033,6.2912526,10.20668,-0.0012523984,,,,,,,,,,,0.0,0.0,0.0,0.0,0.0,0.0
1773800146.2565522,False,0.29422665,1773800144.769748,610.31,5.385033,6.2912526,10.20668,-0.0012523984,,,,,,,,,,,0.0,0.0,0.0,0.0,0.0,0.0
1773800146.2666543,False,0.29422665,1773800144.769748,610.31,5.385033,6.2912526,10.20668,-0.0012523984,,,,,,,,,,,0.0,0.0,0.0,0.0,0.0,0.0
1773800146.2766757,False,0.29422665,1773800144.769748,610.31,5.385033,6.2912526,10.20668,-0.0012523984,,,,,,,,,,,0.0,0.0,0.0,0.0,0.0,0.0
1773800146.287829,False,0.29422665,1773800144.769748,610.31,5.385033,6.2912526,10.20668,-0.0012523984,,,,,,,,,,,0.0,0.0,0.0,0.0,0.0,0.0
1773800146.2963624,False,0.29422665,1773800144.769748,610.31,5.385033,6.2912526,10.20668,-0.0012523984,,,,,,,,,,,0.0,0.0,0.0,0.0,0.0,0.0
1773800146.306898,False,0.29422665,1773800144.769748,610.31,5.385033,6.2912526,10.20668,-0.0012523984,,,,,,,,,,,0.0,0.0,0.0,0.0,0.0,0.0
1773800146.3167994,False,0.29422665,1773800144.769748,610.31,5.385033,6.2912526,10.20668,-0.0012523984,,,,,,,,,,,0.0,0.0,0.0,0.0,0.0,0.0
1773800146.3265321,False,0.29422665,1773800144.769748,610.31,5.385033,6.2912526,10.20668,-0.0012523984,,,,,,,,,,,0.0,0.0,0.0,0.0,0.0,0.0
1773800146.3365986,False,0.29422665,1773800144.769748,610.31,5.385033,6.2912526,10.20668,-0.0012523984,,,,,,,,,,,0.0,0.0,0.0,0.0,0.0,0.0
1773800146.3465953,False,0.29422665,1773800144.769748,610.31,5.385033,6.2912526,10.20668,-0.0012523984,,,,,,,,,,,0.0,0.0,0.0,0.0,0.0,0.0
1773800146.3568745,False,0.29422665,1773800144.769748,610.31,5.385033,6.2912526,10.20668,-0.0012523984,,,,,,,,,,,0.0,0.0,0.0,0.0,0.0,0.0
1773800146.3669753,False,0.29422665,1773800144.769748,610.31,5.385033,6.2912526,10.20668,-0.0012523984,,,,,,,,,,,0.0,0.0,0.0,0.0,0.0,0.0
1773800146.3768308,False,0.29422665,1773800144.769748,610.31,5.385033,6.2912526,10.20668,-0.0012523984,,,,,,,,,,,0.0,0.0,0.0,0.0,0.0,0.0
1773800146.3864272,False,0.29422665,1773800144.769748,610.31,5.385033,6.2912526,10.20668,-0.0012523984,,,,,,,,,,,0.0,0.0,0.0,0.0,0.0,0.0
1773800146.397008,False,0.29422665,1773800144.769748,610.31,5.385033,6.2912526,10.20668,-0.0012523984,,,,,,,,,,,0.0,0.0,0.0,0.0,0.0,0.0
1773800146.4064584,False,0.29422665,1773800144.769748,610.31,5.385033,6.2912526,10.20668,-0.0012523984,,,,,,,,,,,0.0,0.0,0.0,0.0,0.0,0.0
1773800146.416412,False,0.29422665,1773800144.769748,610.31,5.385033,6.2912526,10.20668,-0.0012523984,,,,,,,,,,,0.0,0.0,0.0,0.0,0.0,0.0
1773800146.4267733,False,0.29422665,1773800144.769748,610.31,5.385033,6.2912526,10.20668,-0.0012523984,,,,,,,,,,,0.0,0.0,0.0,0.0,0.0,0.0
1773800146.4365714,False,0.29422665,1773800144.769748,610.31,5.385033,6.2912526,10.20668,-0.0012523984,,,,,,,,,,,0.0,0.0,0.0,0.0,0.0,0.0
1773800146.4470832,False,0.29422665,1773800144.769748,610.31,5.385033,6.2912526,10.20668,-0.0012523984,,,,,,,,,,,0.0,0.0,0.0,0.0,0.0,0.0
1773800146.4562364,False,0.29422665,1773800144.769748,610.31,5.385033,6.2912526,10.20668,-0.0012523984,,,,,,,,,,,0.0,0.0,0.0,0.0,0.0,0.0
1773800146.4662244,False,0.29422665,1773800144.769748,610.31,5.385033,6.2912526,10.20668,-0.0012523984,,,,,,,,,,,0.0,0.0,0.0,0.0,0.0,0.0
1773800146.4766164,False,0.29422665,1773800144.769748,610.31,5.385033,6.2912526,10.20668,-0.0012523984,,,,,,,,,,,0.0,0.0,0.0,0.0,0.0,0.0
1773800146.4869874,False,0.29422665,1773800144.769748,610.31,5.385033,6.2912526,10.20668,-0.0012523984,,,,,,,,,,,0.0,0.0,0.0,0.0,0.0,0.0
1773800146.4965365,False,0.29422665,1773800144.769748,610.31,5.385033,6.2912526,10.20668,-0.0012523984,,,,,,,,,,,0.0,0.0,0.0,0.0,0.0,0.0
1773800146.5065362,False,0.29422665,1773800144.769748,610.31,5.385033,6.2912526,10.20668,-0.0012523984,,,,,,,,,,,0.0,0.0,0.0,0.0,0.0,0.0
1773800146.5161684,False,0.29422665,1773800144.769748,610.31,5.385033,6.2912526,10.20668,-0.0012523984,,,,,,,,,,,0.0,0.0,0.0,0.0,0.0,0.0
1773800146.5267024,False,0.29422665,1773800144.769748,610.31,5.385033,6.2912526,10.20668,-0.0012523984,,,,,,,,,,,0.0,0.0,0.0,0.0,0.0,0.0
1773800146.5365925,False,0.29422665,1773800144.769748,610.31,5.385033,6.2912526,10.20668,-0.0012523984,,,,,,,,,,,0.0,0.0,0.0,0.0,0.0,0.0
1773800146.5463705,False,0.29422665,1773800144.769748,610.31,5.385033,6.2912526,10.20668,-0.0012523984,,,,,,,,,,,0.0,0.0,0.0,0.0,0.0,0.0
1773800146.5564525,False,0.29422665,1773800144.769748,610.31,5.385033,6.2912526,10.20668,-0.0012523984,,,,,,,,,,,0.0,0.0,0.0,0.0,0.0,0.0
1773800146.5666075,False,0.29422665,1773800144.769748,610.31,5.385033,6.2912526,10.20668,-0.0012523984,,,,,,,,,,,0.0,0.0,0.0,0.0,0.0,0.0
1773800146.5767713,False,0.29422665,1773800144.769748,610.31,5.385033,6.2912526,10.20668,-0.0012523984,,,,,,,,,,,0.0,0.0,0.0,0.0,0.0,0.0
1773800146.5865867,False,0.29422665,1773800144.769748,610.31,5.385033,6.2912526,10.20668,-0.0012523984,,,,,,,,,,,0.0,0.0,0.0,0.0,0.0,0.0
1773800146.5967212,False,0.29422665,1773800144.769748,610.31,5.385033,6.2912526,10.20668,-0.0012523984,,,,,,,,,,,0.0,0.0,0.0,0.0,0.0,0.0
1773800146.6063886,False,0.29422665,1773800144.769748,610.31,5.385033,6.2912526,10.20668,-0.0012523984,,,,,,,,,,,0.0,0.0,0.0,0.0,0.0,0.0
1773800146.6164613,False,0.29422665,1773800144.769748,610.31,5.385033,6.2912526,10.20668,-0.0012523984,,,,,,,,,,,0.0,0.0,0.0,0.0,0.0,0.0
1773800146.6263976,False,0.29422665,1773800144.769748,610.31,5.385033,6.2912526,10.20668,-0.0012523984,,,,,,,,,,,0.0,0.0,0.0,0.0,0.0,0.0
1773800146.636481,False,0.29422665,1773800144.769748,610.31,5.385033,6.2912526,10.20668,-0.0012523984,,,,,,,,,,,0.0,0.0,0.0,0.0,0.0,0.0
1773800146.6465583,False,0.29422665,1773800144.769748,610.31,5.385033,6.2912526,10.20668,-0.0012523984,,,,,,,,,,,0.0,0.0,0.0,0.0,0.0,0.0
1773800146.6567097,False,0.29422665,1773800144.769748,610.31,5.385033,6.2912526,10.20668,-0.0012523984,,,,,,,,,,,0.0,0.0,0.0,0.0,0.0,0.0
1773800146.6664023,False,0.29422665,1773800144.769748,610.31,5.385033,6.2912526,10.20668,-0.0012523984,,,,,,,,,,,0.0,0.0,0.0,0.0,0.0,0.0
1773800146.676555,False,0.29422665,1773800144.769748,610.31,5.385033,6.2912526,10.20668,-0.0012523984,,,,,,,,,,,0.0,0.0,0.0,0.0,0.0,0.0
1773800146.6865203,False,0.29422665,1773800144.769748,610.31,5.385033,6.2912526,10.20668,-0.0012523984,,,,,,,,,,,0.0,0.0,0.0,0.0,0.0,0.0
1773800146.6967132,False,0.29422665,1773800144.769748,610.31,5.385033,6.2912526,10.20668,-0.0012523984,,,,,,,,,,,0.0,0.0,0.0,0.0,0.0,0.0
1773800146.7069814,False,0.29422665,1773800144.769748,610.31,5.385033,6.2912526,10.20668,-0.0012523984,,,,,,,,,,,0.0,0.0,0.0,0.0,0.0,0.0
1773800146.7168741,False,0.29422665,1773800144.769748,610.31,5.385033,6.2912526,10.20668,-0.0012523984,,,,,,,,,,,0.0,0.0,0.0,0.0,0.0,0.0
1773800146.7269964,False,0.29422665,1773800144.769748,610.31,5.385033,6.2912526,10.20668,-0.0012523984,,,,,,,,,,,0.0,0.0,0.0,0.0,0.0,0.0
1773800146.73674,False,0.29422665,1773800144.769748,610.31,5.385033,6.2912526,10.20668,-0.0012523984,,,,,,,,,,,0.0,0.0,0.0,0.0,0.0,0.0
1773800146.7470982,False,0.29422665,1773800144.769748,610.31,5.385033,6.2912526,10.20668,-0.0012523984,,,,,,,,,,,0.0,0.0,0.0,0.0,0.0,0.0
1773800146.7564416,False,0.29422665,1773800144.769748,610.31,5.385033,6.2912526,10.20668,-0.0012523984,,,,,,,,,,,0.0,0.0,0.0,0.0,0.0,0.0
1773800146.766621,False,0.29422665,1773800144.769748,610.31,5.385033,6.2912526,10.20668,-0.0012523984,,,,,,,,,,,0.0,0.0,0.0,0.0,0.0,0.0
1773800146.7768035,False,0.29422665,1773800144.769748,610.31,5.385033,6.2912526,10.20668,-0.0012523984,,,,,,,,,,,0.0,0.0,0.0,0.0,0.0,0.0
1773800146.786883,False,0.29422665,1773800144.769748,610.31,5.385033,6.2912526,10.20668,-0.0012523984,,,,,,,,,,,0.0,0.0,0.0,0.0,0.0,0.0
1773800146.7966247,False,0.29422665,1773800144.769748,610.31,5.385033,6.2912526,10.20668,-0.0012523984,,,,,,,,,,,0.0,0.0,0.0,0.0,0.0,0.0
1773800146.8067334,False,0.29422665,1773800144.769748,610.31,5.385033,6.2912526,10.20668,-0.0012523984,,,,,,,,,,,0.0,0.0,0.0,0.0,0.0,0.0
1773800146.8165655,False,0.29422665,1773800144.769748,610.31,5.385033,6.2912526,10.20668,-0.0012523984,,,,,,,,,,,0.0,0.0,0.0,0.0,0.0,0.0
1773800146.8267095,False,0.29422665,1773800144.769748,610.31,5.385033,6.2912526,10.20668,-0.0012523984,,,,,,,,,,,0.0,0.0,0.0,0.0,0.0,0.0
1773800146.836602,False,0.29422665,1773800144.769748,610.31,5.385033,6.2912526,10.20668,-0.0012523984,,,,,,,,,,,0.0,0.0,0.0,0.0,0.0,0.0
1773800146.8467288,False,0.29422665,1773800144.769748,610.31,5.385033,6.2912526,10.20668,-0.0012523984,,,,,,,,,,,0.0,0.0,0.0,0.0,0.0,0.0
1773800146.8566332,False,0.29422665,1773800144.769748,610.31,5.385033,6.2912526,10.20668,-0.0012523984,,,,,,,,,,,0.0,0.0,0.0,0.0,0.0,0.0
1773800146.8666444,False,0.29422665,1773800144.769748,610.31,5.385033,6.2912526,10.20668,-0.0012523984,,,,,,,,,,,0.0,0.0,0.0,0.0,0.0,0.0
1773800146.8770566,False,0.29422665,1773800144.769748,610.31,5.385033,6.2912526,10.20668,-0.0012523984,,,,,,,,,,,0.0,0.0,0.0,0.0,0.0,0.0
1773800146.88681,False,0.29422665,1773800144.769748,610.31,5.385033,6.2912526,10.20668,-0.0012523984,,,,,,,,,,,0.0,0.0,0.0,0.0,0.0,0.0
1773800146.896446,False,0.29422665,1773800144.769748,610.31,5.385033,6.2912526,10.20668,-0.0012523984,,,,,,,,,,,0.0,0.0,0.0,0.0,0.0,0.0
1773800146.9063349,False,0.29422665,1773800144.769748,610.31,5.385033,6.2912526,10.20668,-0.0012523984,,,,,,,,,,,0.0,0.0,0.0,0.0,0.0,0.0
1773800146.916528,False,0.29422665,1773800144.769748,610.31,5.385033,6.2912526,10.20668,-0.0012523984,,,,,,,,,,,0.0,0.0,0.0,0.0,0.0,0.0
1773800146.9267974,False,0.29422665,1773800144.769748,610.31,5.385033,6.2912526,10.20668,-0.0012523984,,,,,,,,,,,0.0,0.0,0.0,0.0,0.0,0.0
1773800146.9371536,False,0.29422665,1773800144.769748,610.31,5.385033,6.2912526,10.20668,-0.0012523984,,,,,,,,,,,0.0,0.0,0.0,0.0,0.0,0.0
1773800146.9469335,False,0.29422665,1773800144.769748,610.31,5.385033,6.2912526,10.20668,-0.0012523984,,,,,,,,,,,0.0,0.0,0.0,0.0,0.0,0.0
1773800146.957029,False,0.29422665,1773800144.769748,610.31,5.385033,6.2912526,10.20668,-0.0012523984,,,,,,,,,,,0.0,0.0,0.0,0.0,0.0,0.0
1773800146.9667902,False,0.29422665,1773800144.769748,610.31,5.385033,6.2912526,10.20668,-0.0012523984,,,,,,,,,,,0.0,0.0,0.0,0.0,0.0,0.0
1773800146.9764583,False,0.29422665,1773800144.769748,610.31,5.385033,6.2912526,10.20668,-0.0012523984,,,,,,,,,,,0.0,0.0,0.0,0.0,0.0,0.0
1773800146.9865851,False,0.29422665,1773800144.769748,610.31,5.385033,6.2912526,10.20668,-0.0012523984,,,,,,,,,,,0.0,0.0,0.0,0.0,0.0,0.0
1773800146.9966269,False,0.29422665,1773800144.769748,610.31,5.385033,6.2912526,10.20668,-0.0012523984,,,,,,,,,,,0.0,0.0,0.0,0.0,0.0,0.0
1773800147.0064664,False,0.29422665,1773800144.769748,610.31,5.385033,6.2912526,10.20668,-0.0012523984,,,,,,,,,,,0.0,0.0,0.0,0.0,0.0,0.0
1773800147.0166643,False,0.29422665,1773800144.769748,610.31,5.385033,6.2912526,10.20668,-0.0012523984,,,,,,,,,,,0.0,0.0,0.0,0.0,0.0,0.0
1773800147.0264902,False,0.29422665,1773800144.769748,610.31,5.385033,6.2912526,10.20668,-0.0012523984,,,,,,,,,,,0.0,0.0,0.0,0.0,0.0,0.0
1773800147.036728,False,0.29422665,1773800144.769748,610.31,5.385033,6.2912526,10.20668,-0.0012523984,,,,,,,,,,,0.0,0.0,0.0,0.0,0.0,0.0
1773800147.046339,False,0.29422665,1773800144.769748,610.31,5.385033,6.2912526,10.20668,-0.0012523984,,,,,,,,,,,0.0,0.0,0.0,0.0,0.0,0.0
1773800147.0563934,False,0.29422665,1773800144.769748,610.31,5.385033,6.2912526,10.20668,-0.0012523984,,,,,,,,,,,0.0,0.0,0.0,0.0,0.0,0.0
1773800147.066874,False,0.29422665,1773800144.769748,610.31,5.385033,6.2912526,10.20668,-0.0012523984,,,,,,,,,,,0.0,0.0,0.0,0.0,0.0,0.0
1773800147.0764537,False,0.29422665,1773800144.769748,610.31,5.385033,6.2912526,10.20668,-0.0012523984,,,,,,,,,,,0.0,0.0,0.0,0.0,0.0,0.0
1773800147.086606,False,0.29422665,1773800144.769748,610.31,5.385033,6.2912526,10.20668,-0.0012523984,,,,,,,,,,,0.0,0.0,0.0,0.0,0.0,0.0
1773800147.0964026,False,0.29422665,1773800144.769748,610.31,5.385033,6.2912526,10.20668,-0.0012523984,,,,,,,,,,,0.0,0.0,0.0,0.0,0.0,0.0
1773800147.1066585,False,0.29422665,1773800144.769748,610.31,5.385033,6.2912526,10.20668,-0.0012523984,,,,,,,,,,,0.0,0.0,0.0,0.0,0.0,0.0
1773800147.1167965,False,0.29422665,1773800144.769748,610.31,5.385033,6.2912526,10.20668,-0.0012523984,,,,,,,,,,,0.0,0.0,0.0,0.0,0.0,0.0
1773800147.1272657,False,0.29422665,1773800144.769748,610.31,5.385033,6.2912526,10.20668,-0.0012523984,,,,,,,,,,,0.0,0.0,0.0,0.0,0.0,0.0
1773800147.1365066,False,0.29422665,1773800144.769748,610.31,5.385033,6.2912526,10.20668,-0.0012523984,,,,,,,,,,,0.0,0.0,0.0,0.0,0.0,0.0
1773800147.1466074,False,0.29422665,1773800144.769748,610.31,5.385033,6.2912526,10.20668,-0.0012523984,,,,,,,,,,,0.0,0.0,0.0,0.0,0.0,0.0
1773800147.1566472,False,0.29422665,1773800144.769748,610.31,5.385033,6.2912526,10.20668,-0.0012523984,,,,,,,,,,,0.0,0.0,0.0,0.0,0.0,0.0
1773800147.1669116,False,0.29422665,1773800144.769748,610.31,5.385033,6.2912526,10.20668,-0.0012523984,,,,,,,,,,,0.0,0.0,0.0,0.0,0.0,0.0
1773800147.1767452,False,0.29422665,1773800144.769748,610.31,5.385033,6.2912526,10.20668,-0.0012523984,,,,,,,,,,,0.0,0.0,0.0,0.0,0.0,0.0
1773800147.186859,False,0.29422665,1773800144.769748,610.31,5.385033,6.2912526,10.20668,-0.0012523984,,,,,,,,,,,0.0,0.0,0.0,0.0,0.0,0.0
1773800147.196707,False,0.29422665,1773800144.769748,610.31,5.385033,6.2912526,10.20668,-0.0012523984,,,,,,,,,,,0.0,0.0,0.0,0.0,0.0,0.0
1773800147.2067611,False,0.29422665,1773800144.769748,610.31,5.385033,6.2912526,10.20668,-0.0012523984,,,,,,,,,,,0.0,0.0,0.0,0.0,0.0,0.0
1773800147.2164462,False,0.29422665,1773800144.769748,610.31,5.385033,6.2912526,10.20668,-0.0012523984,,,,,,,,,,,0.0,0.0,0.0,0.0,0.0,0.0
1773800147.2268577,False,0.29422665,1773800144.769748,610.31,5.385033,6.2912526,10.20668,-0.0012523984,,,,,,,,,,,0.0,0.0,0.0,0.0,0.0,0.0
1773800147.2531044,False,0.29422665,1773800144.769748,610.31,5.385033,6.2912526,10.20668,-0.0012523984,,,,,,,,,,,0.0,0.0,0.0,0.0,0.0,0.0
1773800147.2636492,False,0.29422665,1773800144.769748,610.31,5.385033,6.2912526,10.20668,-0.0012523984,,,,,,,,,,,0.0,0.0,0.0,0.0,0.0,0.0
1773800147.2736838,False,0.29422665,1773800144.769748,610.31,5.385033,6.2912526,10.20668,-0.0012523984,,,,,,,,,,,0.0,0.0,0.0,0.0,0.0,0.0
1773800147.2841723,False,0.29422665,1773800144.769748,610.31,5.385033,6.2912526,10.20668,-0.0012523984,,,,,,,,,,,0.0,0.0,0.0,0.0,0.0,0.0
1773800147.293899,False,0.29422665,1773800144.769748,610.31,5.385033,6.2912526,10.20668,-0.0012523984,,,,,,,,,,,0.0,0.0,0.0,0.0,0.0,0.0
1773800147.3040173,False,0.29422665,1773800144.769748,610.31,5.385033,6.2912526,10.20668,-0.0012523984,,,,,,,,,,,0.0,0.0,0.0,0.0,0.0,0.0
1773800147.3135273,False,0.29422665,1773800144.769748,610.31,5.385033,6.2912526,10.20668,-0.0012523984,,,,,,,,,,,0.0,0.0,0.0,0.0,0.0,0.0
1773800147.323595,False,0.29422665,1773800144.769748,610.31,5.385033,6.2912526,10.20668,-0.0012523984,,,,,,,,,,,0.0,0.0,0.0,0.0,0.0,0.0
1773800147.333752,False,0.29422665,1773800144.769748,610.31,5.385033,6.2912526,10.20668,-0.0012523984,,,,,,,,,,,0.0,0.0,0.0,0.0,0.0,0.0
1773800147.3437076,False,0.29422665,1773800144.769748,610.31,5.385033,6.2912526,10.20668,-0.0012523984,,,,,,,,,,,0.0,0.0,0.0,0.0,0.0,0.0
1773800147.3538735,False,0.29422665,1773800144.769748,610.31,5.385033,6.2912526,10.20668,-0.0012523984,,,,,,,,,,,0.0,0.0,0.0,0.0,0.0,0.0
1773800147.3638287,False,0.29422665,1773800144.769748,610.31,5.385033,6.2912526,10.20668,-0.0012523984,,,,,,,,,,,0.0,0.0,0.0,0.0,0.0,0.0
1773800147.3735578,False,0.29422665,1773800144.769748,610.31,5.385033,6.2912526,10.20668,-0.0012523984,,,,,,,,,,,0.0,0.0,0.0,0.0,0.0,0.0
1773800147.3836825,False,0.29422665,1773800144.769748,610.31,5.385033,6.2912526,10.20668,-0.0012523984,,,,,,,,,,,0.0,0.0,0.0,0.0,0.0,0.0
1773800147.3942342,False,0.29422665,1773800144.769748,610.31,5.385033,6.2912526,10.20668,-0.0012523984,,,,,,,,,,,0.0,0.0,0.0,0.0,0.0,0.0
1773800147.4036474,False,0.29422665,1773800144.769748,610.31,5.385033,6.2912526,10.20668,-0.0012523984,,,,,,,,,,,0.0,0.0,0.0,0.0,0.0,0.0
1773800147.4139178,False,0.29422665,1773800144.769748,610.31,5.385033,6.2912526,10.20668,-0.0012523984,,,,,,,,,,,0.0,0.0,0.0,0.0,0.0,0.0
1773800147.4237182,False,0.29422665,1773800144.769748,610.31,5.385033,6.2912526,10.20668,-0.0012523984,,,,,,,,,,,0.0,0.0,0.0,0.0,0.0,0.0
1773800147.433941,False,0.29422665,1773800144.769748,610.31,5.385033,6.2912526,10.20668,-0.0012523984,,,,,,,,,,,0.0,0.0,0.0,0.0,0.0,0.0
1773800147.4439974,False,0.29422665,1773800144.769748,610.31,5.385033,6.2912526,10.20668,-0.0012523984,,,,,,,,,,,0.0,0.0,0.0,0.0,0.0,0.0
1773800147.453812,False,0.29422665,1773800144.769748,610.31,5.385033,6.2912526,10.20668,-0.0012523984,,,,,,,,,,,0.0,0.0,0.0,0.0,0.0,0.0
1773800147.463872,False,0.29422665,1773800144.769748,610.31,5.385033,6.2912526,10.20668,-0.0012523984,,,,,,,,,,,0.0,0.0,0.0,0.0,0.0,0.0
1773800147.4739242,False,0.29422665,1773800144.769748,610.31,5.385033,6.2912526,10.20668,-0.0012523984,,,,,,,,,,,0.0,0.0,0.0,0.0,0.0,0.0
1773800147.4836419,False,0.29422665,1773800144.769748,610.31,5.385033,6.2912526,10.20668,-0.0012523984,,,,,,,,,,,0.0,0.0,0.0,0.0,0.0,0.0
1773800147.4938128,False,0.29422665,1773800144.769748,610.31,5.385033,6.2912526,10.20668,-0.0012523984,,,,,,,,,,,0.0,0.0,0.0,0.0,0.0,0.0
1773800147.5039587,False,0.29422665,1773800144.769748,610.31,5.385033,6.2912526,10.20668,-0.0012523984,,,,,,,,,,,0.0,0.0,0.0,0.0,0.0,0.0
1773800147.513685,False,0.29422665,1773800144.769748,610.31,5.385033,6.2912526,10.20668,-0.0012523984,,,,,,,,,,,0.0,0.0,0.0,0.0,0.0,0.0
1773800147.523969,False,0.29422665,1773800144.769748,610.31,5.385033,6.2912526,10.20668,-0.0012523984,,,,,,,,,,,0.0,0.0,0.0,0.0,0.0,0.0
1773800147.5334918,False,0.29422665,1773800144.769748,610.31,5.385033,6.2912526,10.20668,-0.0012523984,,,,,,,,,,,0.0,0.0,0.0,0.0,0.0,0.0
1773800147.5435927,False,0.29422665,1773800144.769748,610.31,5.385033,6.2912526,10.20668,-0.0012523984,,,,,,,,,,,0.0,0.0,0.0,0.0,0.0,0.0
1773800147.5539086,False,0.29422665,1773800144.769748,610.31,5.385033,6.2912526,10.20668,-0.0012523984,,,,,,,,,,,0.0,0.0,0.0,0.0,0.0,0.0
1773800147.563593,False,0.29422665,1773800144.769748,610.31,5.385033,6.2912526,10.20668,-0.0012523984,,,,,,,,,,,0.0,0.0,0.0,0.0,0.0,0.0
1773800147.5738673,False,0.29422665,1773800144.769748,610.31,5.385033,6.2912526,10.20668,-0.0012523984,,,,,,,,,,,0.0,0.0,0.0,0.0,0.0,0.0
1773800147.5841534,False,0.29422665,1773800144.769748,610.31,5.385033,6.2912526,10.20668,-0.0012523984,,,,,,,,,,,0.0,0.0,0.0,0.0,0.0,0.0
1773800147.5936708,False,0.29422665,1773800144.769748,610.31,5.385033,6.2912526,10.20668,-0.0012523984,,,,,,,,,,,0.0,0.0,0.0,0.0,0.0,0.0
1773800147.6037838,False,0.29422665,1773800144.769748,610.31,5.385033,6.2912526,10.20668,-0.0012523984,,,,,,,,,,,0.0,0.0,0.0,0.0,0.0,0.0
1773800147.6139612,False,0.29422665,1773800144.769748,610.31,5.385033,6.2912526,10.20668,-0.0012523984,,,,,,,,,,,0.0,0.0,0.0,0.0,0.0,0.0
1773800147.6235847,False,0.29422665,1773800144.769748,610.31,5.385033,6.2912526,10.20668,-0.0012523984,,,,,,,,,,,0.0,0.0,0.0,0.0,0.0,0.0
1773800147.633623,False,0.29422665,1773800144.769748,610.31,5.385033,6.2912526,10.20668,-0.0012523984,,,,,,,,,,,0.0,0.0,0.0,0.0,0.0,0.0
1773800147.6439333,False,0.29422665,1773800144.769748,610.31,5.385033,6.2912526,10.20668,-0.0012523984,,,,,,,,,,,0.0,0.0,0.0,0.0,0.0,0.0
1773800147.6536145,False,0.29422665,1773800144.769748,610.31,5.385033,6.2912526,10.20668,-0.0012523984,,,,,,,,,,,0.0,0.0,0.0,0.0,0.0,0.0
1773800147.6637049,False,0.29422665,1773800144.769748,610.31,5.385033,6.2912526,10.20668,-0.0012523984,,,,,,,,,,,0.0,0.0,0.0,0.0,0.0,0.0
1773800147.6738412,False,0.29422665,1773800144.769748,610.31,5.385033,6.2912526,10.20668,-0.0012523984,,,,,,,,,,,0.0,0.0,0.0,0.0,0.0,0.0
1773800147.6837952,False,0.29422665,1773800144.769748,610.31,5.385033,6.2912526,10.20668,-0.0012523984,,,,,,,,,,,0.0,0.0,0.0,0.0,0.0,0.0
1773800147.6934116,False,0.29422665,1773800144.769748,610.31,5.385033,6.2912526,10.20668,-0.0012523984,,,,,,,,,,,0.0,0.0,0.0,0.0,0.0,0.0
1773800147.7040088,False,0.29422665,1773800144.769748,610.31,5.385033,6.2912526,10.20668,-0.0012523984,,,,,,,,,,,0.0,0.0,0.0,0.0,0.0,0.0
1773800147.7132843,False,0.29422665,1773800144.769748,610.31,5.385033,6.2912526,10.20668,-0.0012523984,,,,,,,,,,,0.0,0.0,0.0,0.0,0.0,0.0
1773800147.7237668,False,0.29422665,1773800144.769748,610.31,5.385033,6.2912526,10.20668,-0.0012523984,,,,,,,,,,,0.0,0.0,0.0,0.0,0.0,0.0
1773800147.733834,False,0.29422665,1773800144.769748,610.31,5.385033,6.2912526,10.20668,-0.0012523984,,,,,,,,,,,0.0,0.0,0.0,0.0,0.0,0.0
1773800147.7439468,False,0.29422665,1773800144.769748,610.31,5.385033,6.2912526,10.20668,-0.0012523984,,,,,,,,,,,0.0,0.0,0.0,0.0,0.0,0.0
1773800147.7539213,False,0.29422665,1773800144.769748,610.31,5.385033,6.2912526,10.20668,-0.0012523984,,,,,,,,,,,0.0,0.0,0.0,0.0,0.0,0.0
1773800147.7637513,False,0.29422665,1773800144.769748,610.31,5.385033,6.2912526,10.20668,-0.0012523984,,,,,,,,,,,0.0,0.0,0.0,0.0,0.0,0.0
1773800147.7739336,False,0.29422665,1773800144.769748,610.31,5.385033,6.2912526,10.20668,-0.0012523984,,,,,,,,,,,0.0,0.0,0.0,0.0,0.0,0.0
1773800147.7838957,False,0.29422665,1773800144.769748,610.31,5.385033,6.2912526,10.20668,-0.0012523984,,,,,,,,,,,0.0,0.0,0.0,0.0,0.0,0.0
1773800147.7937698,False,0.29422665,1773800144.769748,610.31,5.385033,6.2912526,10.20668,-0.0012523984,,,,,,,,,,,0.0,0.0,0.0,0.0,0.0,0.0
1773800147.803765,False,0.29422665,1773800144.769748,610.31,5.385033,6.2912526,10.20668,-0.0012523984,,,,,,,,,,,0.0,0.0,0.0,0.0,0.0,0.0
1773800147.8138506,False,0.29422665,1773800144.769748,610.31,5.385033,6.2912526,10.20668,-0.0012523984,,,,,,,,,,,0.0,0.0,0.0,0.0,0.0,0.0
1773800147.8238115,False,0.29422665,1773800144.769748,610.31,5.385033,6.2912526,10.20668,-0.0012523984,,,,,,,,,,,0.0,0.0,0.0,0.0,0.0,0.0
1773800147.8338392,False,0.29422665,1773800144.769748,610.31,5.385033,6.2912526,10.20668,-0.0012523984,,,,,,,,,,,0.0,0.0,0.0,0.0,0.0,0.0
1773800147.844165,False,0.29422665,1773800144.769748,610.31,5.385033,6.2912526,10.20668,-0.0012523984,,,,,,,,,,,0.0,0.0,0.0,0.0,0.0,0.0
1773800147.8539762,False,0.29422665,1773800144.769748,610.31,5.385033,6.2912526,10.20668,-0.0012523984,,,,,,,,,,,0.0,0.0,0.0,0.0,0.0,0.0
1773800147.864026,False,0.29422665,1773800144.769748,610.31,5.385033,6.2912526,10.20668,-0.0012523984,,,,,,,,,,,0.0,0.0,0.0,0.0,0.0,0.0
1773800147.8736224,False,0.29422665,1773800144.769748,610.31,5.385033,6.2912526,10.20668,-0.0012523984,,,,,,,,,,,0.0,0.0,0.0,0.0,0.0,0.0
1773800147.8844352,False,0.29422665,1773800144.769748,610.31,5.385033,6.2912526,10.20668,-0.0012523984,,,,,,,,,,,0.0,0.0,0.0,0.0,0.0,0.0
1773800147.8936539,False,0.29422665,1773800144.769748,610.31,5.385033,6.2912526,10.20668,-0.0012523984,,,,,,,,,,,0.0,0.0,0.0,0.0,0.0,0.0
1773800147.9039237,False,0.29422665,1773800144.769748,610.31,5.385033,6.2912526,10.20668,-0.0012523984,,,,,,,,,,,0.0,0.0,0.0,0.0,0.0,0.0
1773800147.913655,False,0.29422665,1773800144.769748,610.31,5.385033,6.2912526,10.20668,-0.0012523984,,,,,,,,,,,0.0,0.0,0.0,0.0,0.0,0.0
1773800147.9235942,False,0.29422665,1773800144.769748,610.31,5.385033,6.2912526,10.20668,-0.0012523984,,,,,,,,,,,0.0,0.0,0.0,0.0,0.0,0.0
1773800147.9337666,False,0.29422665,1773800144.769748,610.31,5.385033,6.2912526,10.20668,-0.0012523984,,,,,,,,,,,0.0,0.0,0.0,0.0,0.0,0.0
1773800147.9438236,False,0.29422665,1773800144.769748,610.31,5.385033,6.2912526,10.20668,-0.0012523984,,,,,,,,,,,0.0,0.0,0.0,0.0,0.0,0.0
1773800147.95344,False,0.29422665,1773800144.769748,610.31,5.385033,6.2912526,10.20668,-0.0012523984,,,,,,,,,,,0.0,0.0,0.0,0.0,0.0,0.0
1773800147.9637375,False,0.29422665,1773800144.769748,610.31,5.385033,6.2912526,10.20668,-0.0012523984,,,,,,,,,,,0.0,0.0,0.0,0.0,0.0,0.0
1773800147.973526,False,0.29422665,1773800144.769748,610.31,5.385033,6.2912526,10.20668,-0.0012523984,,,,,,,,,,,0.0,0.0,0.0,0.0,0.0,0.0
1773800147.9835367,False,0.29422665,1773800144.769748,610.31,5.385033,6.2912526,10.20668,-0.0012523984,,,,,,,,,,,0.0,0.0,0.0,0.0,0.0,0.0
1773800147.9940128,False,0.29422665,1773800144.769748,610.31,5.385033,6.2912526,10.20668,-0.0012523984,,,,,,,,,,,0.0,0.0,0.0,0.0,0.0,0.0
1773800148.0035179,False,0.29422665,1773800144.769748,610.31,5.385033,6.2912526,10.20668,-0.0012523984,,,,,,,,,,,0.0,0.0,0.0,0.0,0.0,0.0
1773800148.0138073,False,0.29422665,1773800144.769748,610.31,5.385033,6.2912526,10.20668,-0.0012523984,,,,,,,,,,,0.0,0.0,0.0,0.0,0.0,0.0
1773800148.0234303,False,0.29422665,1773800144.769748,610.31,5.385033,6.2912526,10.20668,-0.0012523984,,,,,,,,,,,0.0,0.0,0.0,0.0,0.0,0.0
1773800148.0336776,False,0.29422665,1773800144.769748,610.31,5.385033,6.2912526,10.20668,-0.0012523984,,,,,,,,,,,0.0,0.0,0.0,0.0,0.0,0.0
1773800148.04375,False,0.29422665,1773800144.769748,610.31,5.385033,6.2912526,10.20668,-0.0012523984,,,,,,,,,,,0.0,0.0,0.0,0.0,0.0,0.0
1773800148.0536926,False,0.29422665,1773800144.769748,610.31,5.385033,6.2912526,10.20668,-0.0012523984,,,,,,,,,,,0.0,0.0,0.0,0.0,0.0,0.0
1773800148.0642257,False,0.29422665,1773800144.769748,610.31,5.385033,6.2912526,10.20668,-0.0012523984,,,,,,,,,,,0.0,0.0,0.0,0.0,0.0,0.0
1773800148.0737512,False,0.29422665,1773800144.769748,610.31,5.385033,6.2912526,10.20668,-0.0012523984,,,,,,,,,,,0.0,0.0,0.0,0.0,0.0,0.0
1773800148.0835373,False,0.29422665,1773800144.769748,610.31,5.385033,6.2912526,10.20668,-0.0012523984,,,,,,,,,,,0.0,0.0,0.0,0.0,0.0,0.0
1773800148.0936985,False,0.29422665,1773800144.769748,610.31,5.385033,6.2912526,10.20668,-0.0012523984,,,,,,,,,,,0.0,0.0,0.0,0.0,0.0,0.0
1773800148.1039674,False,0.29422665,1773800144.769748,610.31,5.385033,6.2912526,10.20668,-0.0012523984,,,,,,,,,,,0.0,0.0,0.0,0.0,0.0,0.0
1773800148.1136963,False,0.29422665,1773800144.769748,610.31,5.385033,6.2912526,10.20668,-0.0012523984,,,,,,,,,,,0.0,0.0,0.0,0.0,0.0,0.0
1773800148.1232736,False,0.29422665,1773800144.769748,610.31,5.385033,6.2912526,10.20668,-0.0012523984,,,,,,,,,,,0.0,0.0,0.0,0.0,0.0,0.0
1773800148.134304,False,0.29422665,1773800144.769748,610.31,5.385033,6.2912526,10.20668,-0.0012523984,,,,,,,,,,,0.0,0.0,0.0,0.0,0.0,0.0
1773800148.1439116,False,0.29422665,1773800144.769748,610.31,5.385033,6.2912526,10.20668,-0.0012523984,,,,,,,,,,,0.0,0.0,0.0,0.0,0.0,0.0
1773800148.1540039,False,0.29422665,1773800144.769748,610.31,5.385033,6.2912526,10.20668,-0.0012523984,,,,,,,,,,,0.0,0.0,0.0,0.0,0.0,0.0
1773800148.1641545,False,0.29422665,1773800144.769748,610.31,5.385033,6.2912526,10.20668,-0.0012523984,,,,,,,,,,,0.0,0.0,0.0,0.0,0.0,0.0
1773800148.1734214,False,0.29422665,1773800144.769748,610.31,5.385033,6.2912526,10.20668,-0.0012523984,,,,,,,,,,,0.0,0.0,0.0,0.0,0.0,0.0
1773800148.183704,False,0.29422665,1773800144.769748,610.31,5.385033,6.2912526,10.20668,-0.0012523984,,,,,,,,,,,0.0,0.0,0.0,0.0,0.0,0.0
1773800148.1937685,False,0.29422665,1773800144.769748,610.31,5.385033,6.2912526,10.20668,-0.0012523984,,,,,,,,,,,0.0,0.0,0.0,0.0,0.0,0.0
1773800148.20355,False,0.29422665,1773800144.769748,610.31,5.385033,6.2912526,10.20668,-0.0012523984,,,,,,,,,,,0.0,0.0,0.0,0.0,0.0,0.0
1773800148.21366,False,0.29422665,1773800144.769748,610.31,5.385033,6.2912526,10.20668,-0.0012523984,,,,,,,,,,,0.0,0.0,0.0,0.0,0.0,0.0
1773800148.2238376,False,0.29422665,1773800144.769748,610.31,5.385033,6.2912526,10.20668,-0.0012523984,,,,,,,,,,,0.0,0.0,0.0,0.0,0.0,0.0
1773800148.2337563,False,0.29422665,1773800144.769748,610.31,5.385033,6.2912526,10.20668,-0.0012523984,,,,,,,,,,,0.0,0.0,0.0,0.0,0.0,0.0
1773800148.2438388,False,0.29422665,1773800144.769748,610.31,5.385033,6.2912526,10.20668,-0.0012523984,,,,,,,,,,,0.0,0.0,0.0,0.0,0.0,0.0
1773800148.2537236,False,0.29422665,1773800144.769748,610.31,5.385033,6.2912526,10.20668,-0.0012523984,,,,,,,,,,,0.0,0.0,0.0,0.0,0.0,0.0
1773800148.2639306,False,0.29422665,1773800144.769748,610.31,5.385033,6.2912526,10.20668,-0.0012523984,,,,,,,,,,,0.0,0.0,0.0,0.0,0.0,0.0
1773800148.2737348,False,0.29422665,1773800144.769748,610.31,5.385033,6.2912526,10.20668,-0.0012523984,,,,,,,,,,,0.0,0.0,0.0,0.0,0.0,0.0
1773800148.2839377,False,0.29422665,1773800144.769748,610.31,5.385033,6.2912526,10.20668,-0.0012523984,,,,,,,,,,,0.0,0.0,0.0,0.0,0.0,0.0
1773800148.2944894,False,0.29422665,1773800144.769748,610.31,5.385033,6.2912526,10.20668,-0.0012523984,,,,,,,,,,,0.0,0.0,0.0,0.0,0.0,0.0
1773800148.3040721,False,0.29422665,1773800144.769748,610.31,5.385033,6.2912526,10.20668,-0.0012523984,,,,,,,,,,,0.0,0.0,0.0,0.0,0.0,0.0
1773800148.3136475,False,0.29422665,1773800144.769748,610.31,5.385033,6.2912526,10.20668,-0.0012523984,,,,,,,,,,,0.0,0.0,0.0,0.0,0.0,0.0
1773800148.3240256,False,0.29422665,1773800144.769748,610.31,5.385033,6.2912526,10.20668,-0.0012523984,,,,,,,,,,,0.0,0.0,0.0,0.0,0.0,0.0
1773800148.3340976,False,0.29422665,1773800144.769748,610.31,5.385033,6.2912526,10.20668,-0.0012523984,,,,,,,,,,,0.0,0.0,0.0,0.0,0.0,0.0
1773800148.343803,False,0.29422665,1773800144.769748,610.31,5.385033,6.2912526,10.20668,-0.0012523984,,,,,,,,,,,0.0,0.0,0.0,0.0,0.0,0.0
1773800148.3533597,False,0.29422665,1773800144.769748,610.31,5.385033,6.2912526,10.20668,-0.0012523984,,,,,,,,,,,0.0,0.0,0.0,0.0,0.0,0.0
1773800148.363705,False,0.29422665,1773800144.769748,610.31,5.385033,6.2912526,10.20668,-0.0012523984,,,,,,,,,,,0.0,0.0,0.0,0.0,0.0,0.0
1773800148.3740182,False,0.29422665,1773800144.769748,610.31,5.385033,6.2912526,10.20668,-0.0012523984,,,,,,,,,,,0.0,0.0,0.0,0.0,0.0,0.0
1773800148.3835745,False,0.29422665,1773800144.769748,610.31,5.385033,6.2912526,10.20668,-0.0012523984,,,,,,,,,,,0.0,0.0,0.0,0.0,0.0,0.0
1773800148.39357,False,0.29422665,1773800144.769748,610.31,5.385033,6.2912526,10.20668,-0.0012523984,,,,,,,,,,,0.0,0.0,0.0,0.0,0.0,0.0
1773800148.403872,False,0.29422665,1773800144.769748,610.31,5.385033,6.2912526,10.20668,-0.0012523984,,,,,,,,,,,0.0,0.0,0.0,0.0,0.0,0.0
1773800148.4136431,False,0.29422665,1773800144.769748,610.31,5.385033,6.2912526,10.20668,-0.0012523984,,,,,,,,,,,0.0,0.0,0.0,0.0,0.0,0.0
1773800148.4234989,False,0.29422665,1773800144.769748,610.31,5.385033,6.2912526,10.20668,-0.0012523984,,,,,,,,,,,0.0,0.0,0.0,0.0,0.0,0.0
1773800148.4337544,False,0.29422665,1773800144.769748,610.31,5.385033,6.2912526,10.20668,-0.0012523984,,,,,,,,,,,0.0,0.0,0.0,0.0,0.0,0.0
1773800148.4440084,False,0.29422665,1773800144.769748,610.31,5.385033,6.2912526,10.20668,-0.0012523984,,,,,,,,,,,0.0,0.0,0.0,0.0,0.0,0.0
1773800148.454079,False,0.29422665,1773800144.769748,610.31,5.385033,6.2912526,10.20668,-0.0012523984,,,,,,,,,,,0.0,0.0,0.0,0.0,0.0,0.0
1773800148.4637108,False,0.29422665,1773800144.769748,610.31,5.385033,6.2912526,10.20668,-0.0012523984,,,,,,,,,,,0.0,0.0,0.0,0.0,0.0,0.0
1773800148.4739292,False,0.29422665,1773800144.769748,610.31,5.385033,6.2912526,10.20668,-0.0012523984,,,,,,,,,,,0.0,0.0,0.0,0.0,0.0,0.0
1773800148.4833295,False,0.29422665,1773800144.769748,610.31,5.385033,6.2912526,10.20668,-0.0012523984,,,,,,,,,,,0.0,0.0,0.0,0.0,0.0,0.0
1773800148.493899,False,0.29422665,1773800144.769748,610.31,5.385033,6.2912526,10.20668,-0.0012523984,,,,,,,,,,,0.0,0.0,0.0,0.0,0.0,0.0
1773800148.503768,False,0.29422665,1773800144.769748,610.31,5.385033,6.2912526,10.20668,-0.0012523984,,,,,,,,,,,0.0,0.0,0.0,0.0,0.0,0.0
1773800148.5138128,False,0.29422665,1773800144.769748,610.31,5.385033,6.2912526,10.20668,-0.0012523984,,,,,,,,,,,0.0,0.0,0.0,0.0,0.0,0.0
1773800148.5235655,False,0.29422665,1773800144.769748,610.31,5.385033,6.2912526,10.20668,-0.0012523984,,,,,,,,,,,0.0,0.0,0.0,0.0,0.0,0.0
1773800148.5336006,False,0.29422665,1773800144.769748,610.31,5.385033,6.2912526,10.20668,-0.0012523984,,,,,,,,,,,0.0,0.0,0.0,0.0,0.0,0.0
1773800148.5439017,False,0.29422665,1773800144.769748,610.31,5.385033,6.2912526,10.20668,-0.0012523984,,,,,,,,,,,0.0,0.0,0.0,0.0,0.0,0.0
1773800148.5536406,False,0.29422665,1773800144.769748,610.31,5.385033,6.2912526,10.20668,-0.0012523984,,,,,,,,,,,0.0,0.0,0.0,0.0,0.0,0.0
1773800148.5636897,False,0.29422665,1773800144.769748,610.31,5.385033,6.2912526,10.20668,-0.0012523984,,,,,,,,,,,0.0,0.0,0.0,0.0,0.0,0.0
1773800148.5732405,False,0.29422665,1773800144.769748,610.31,5.385033,6.2912526,10.20668,-0.0012523984,,,,,,,,,,,0.0,0.0,0.0,0.0,0.0,0.0
1773800148.583791,False,0.29422665,1773800144.769748,610.31,5.385033,6.2912526,10.20668,-0.0012523984,,,,,,,,,,,0.0,0.0,0.0,0.0,0.0,0.0
1773800148.5937834,False,0.29422665,1773800144.769748,610.31,5.385033,6.2912526,10.20668,-0.0012523984,,,,,,,,,,,0.0,0.0,0.0,0.0,0.0,0.0
1773800148.603414,False,0.29422665,1773800144.769748,610.31,5.385033,6.2912526,10.20668,-0.0012523984,,,,,,,,,,,0.0,0.0,0.0,0.0,0.0,0.0
1773800148.6135254,False,0.29422665,1773800144.769748,610.31,5.385033,6.2912526,10.20668,-0.0012523984,,,,,,,,,,,0.0,0.0,0.0,0.0,0.0,0.0
1773800148.6238213,False,0.29422665,1773800144.769748,610.31,5.385033,6.2912526,10.20668,-0.0012523984,,,,,,,,,,,0.0,0.0,0.0,0.0,0.0,0.0
1773800148.6335585,False,0.29422665,1773800144.769748,610.31,5.385033,6.2912526,10.20668,-0.0012523984,,,,,,,,,,,0.0,0.0,0.0,0.0,0.0,0.0
1773800148.6435905,False,0.29422665,1773800144.769748,610.31,5.385033,6.2912526,10.20668,-0.0012523984,,,,,,,,,,,0.0,0.0,0.0,0.0,0.0,0.0
1773800148.6536071,False,0.29422665,1773800144.769748,610.31,5.385033,6.2912526,10.20668,-0.0012523984,,,,,,,,,,,0.0,0.0,0.0,0.0,0.0,0.0
1773800148.6637912,False,0.29422665,1773800144.769748,610.31,5.385033,6.2912526,10.20668,-0.0012523984,,,,,,,,,,,0.0,0.0,0.0,0.0,0.0,0.0
1773800148.6733832,False,0.29422665,1773800144.769748,610.31,5.385033,6.2912526,10.20668,-0.0012523984,,,,,,,,,,,0.0,0.0,0.0,0.0,0.0,0.0
1773800148.6834042,False,0.29422665,1773800144.769748,610.31,5.385033,6.2912526,10.20668,-0.0012523984,,,,,,,,,,,0.0,0.0,0.0,0.0,0.0,0.0
1773800148.6934545,False,0.29422665,1773800144.769748,610.31,5.385033,6.2912526,10.20668,-0.0012523984,,,,,,,,,,,0.0,0.0,0.0,0.0,0.0,0.0
1773800148.7034771,False,0.29422665,1773800144.769748,610.31,5.385033,6.2912526,10.20668,-0.0012523984,,,,,,,,,,,0.0,0.0,0.0,0.0,0.0,0.0
1773800148.71332,False,0.29422665,1773800144.769748,610.31,5.385033,6.2912526,10.20668,-0.0012523984,,,,,,,,,,,0.0,0.0,0.0,0.0,0.0,0.0
1773800148.7234478,False,0.29422665,1773800144.769748,610.31,5.385033,6.2912526,10.20668,-0.0012523984,,,,,,,,,,,0.0,0.0,0.0,0.0,0.0,0.0
1773800148.7334414,False,0.29422665,1773800144.769748,610.31,5.385033,6.2912526,10.20668,-0.0012523984,,,,,,,,,,,0.0,0.0,0.0,0.0,0.0,0.0
1773800148.7434628,False,0.29422665,1773800144.769748,610.31,5.385033,6.2912526,10.20668,-0.0012523984,,,,,,,,,,,0.0,0.0,0.0,0.0,0.0,0.0
1773800148.753306,False,0.29422665,1773800144.769748,610.31,5.385033,6.2912526,10.20668,-0.0012523984,,,,,,,,,,,0.0,0.0,0.0,0.0,0.0,0.0
1773800148.763687,False,0.29422665,1773800144.769748,610.31,5.385033,6.2912526,10.20668,-0.0012523984,,,,,,,,,,,0.0,0.0,0.0,0.0,0.0,0.0
1773800148.773823,False,0.29422665,1773800144.769748,610.31,5.385033,6.2912526,10.20668,-0.0012523984,,,,,,,,,,,0.0,0.0,0.0,0.0,0.0,0.0
1773800148.78386,False,0.29422665,1773800144.769748,610.31,5.385033,6.2912526,10.20668,-0.0012523984,,,,,,,,,,,0.0,0.0,0.0,0.0,0.0,0.0
1773800148.7933197,False,0.29422665,1773800144.769748,610.31,5.385033,6.2912526,10.20668,-0.0012523984,,,,,,,,,,,0.0,0.0,0.0,0.0,0.0,0.0
1773800148.803815,False,0.29422665,1773800144.769748,610.31,5.385033,6.2912526,10.20668,-0.0012523984,,,,,,,,,,,0.0,0.0,0.0,0.0,0.0,0.0
1773800148.8138442,False,0.29422665,1773800144.769748,610.31,5.385033,6.2912526,10.20668,-0.0012523984,,,,,,,,,,,0.0,0.0,0.0,0.0,0.0,0.0
1773800148.823422,False,0.29422665,1773800144.769748,610.31,5.385033,6.2912526,10.20668,-0.0012523984,,,,,,,,,,,0.0,0.0,0.0,0.0,0.0,0.0
1773800148.8334231,False,0.29422665,1773800144.769748,610.31,5.385033,6.2912526,10.20668,-0.0012523984,,,,,,,,,,,0.0,0.0,0.0,0.0,0.0,0.0
1773800148.8433511,False,0.29422665,1773800144.769748,610.31,5.385033,6.2912526,10.20668,-0.0012523984,,,,,,,,,,,0.0,0.0,0.0,0.0,0.0,0.0
1773800148.8537083,False,0.29422665,1773800144.769748,610.31,5.385033,6.2912526,10.20668,-0.0012523984,,,,,,,,,,,0.0,0.0,0.0,0.0,0.0,0.0
1773800148.863716,False,0.29422665,1773800144.769748,610.31,5.385033,6.2912526,10.20668,-0.0012523984,,,,,,,,,,,0.0,0.0,0.0,0.0,0.0,0.0
1773800148.8733325,False,0.29422665,1773800144.769748,610.31,5.385033,6.2912526,10.20668,-0.0012523984,,,,,,,,,,,0.0,0.0,0.0,0.0,0.0,0.0
1773800148.883716,False,0.29422665,1773800144.769748,610.31,5.385033,6.2912526,10.20668,-0.0012523984,,,,,,,,,,,0.0,0.0,0.0,0.0,0.0,0.0
1773800148.8937616,False,0.29422665,1773800144.769748,610.31,5.385033,6.2912526,10.20668,-0.0012523984,,,,,,,,,,,0.0,0.0,0.0,0.0,0.0,0.0
1773800148.9038491,False,0.29422665,1773800144.769748,610.31,5.385033,6.2912526,10.20668,-0.0012523984,,,,,,,,,,,0.0,0.0,0.0,0.0,0.0,0.0
1773800148.914002,False,0.29422665,1773800144.769748,610.31,5.385033,6.2912526,10.20668,-0.0012523984,,,,,,,,,,,0.0,0.0,0.0,0.0,0.0,0.0
1773800148.923424,False,0.29422665,1773800144.769748,610.31,5.385033,6.2912526,10.20668,-0.0012523984,,,,,,,,,,,0.0,0.0,0.0,0.0,0.0,0.0
1773800148.9334793,False,0.29422665,1773800144.769748,610.31,5.385033,6.2912526,10.20668,-0.0012523984,,,,,,,,,,,0.0,0.0,0.0,0.0,0.0,0.0
1773800148.9437516,False,0.29422665,1773800144.769748,610.31,5.385033,6.2912526,10.20668,-0.0012523984,,,,,,,,,,,0.0,0.0,0.0,0.0,0.0,0.0
1773800148.9535775,False,0.29422665,1773800144.769748,610.31,5.385033,6.2912526,10.20668,-0.0012523984,,,,,,,,,,,0.0,0.0,0.0,0.0,0.0,0.0
1773800148.9637492,False,0.29422665,1773800144.769748,610.31,5.385033,6.2912526,10.20668,-0.0012523984,,,,,,,,,,,0.0,0.0,0.0,0.0,0.0,0.0
1773800148.973841,False,0.29422665,1773800144.769748,610.31,5.385033,6.2912526,10.20668,-0.0012523984,,,,,,,,,,,0.0,0.0,0.0,0.0,0.0,0.0
1773800148.9838963,False,0.29422665,1773800144.769748,610.31,5.385033,6.2912526,10.20668,-0.0012523984,,,,,,,,,,,0.0,0.0,0.0,0.0,0.0,0.0
1773800148.9940143,False,0.29422665,1773800144.769748,610.31,5.385033,6.2912526,10.20668,-0.0012523984,,,,,,,,,,,0.0,0.0,0.0,0.0,0.0,0.0
1773800149.0037572,False,0.29422665,1773800144.769748,610.31,5.385033,6.2912526,10.20668,-0.0012523984,,,,,,,,,,,0.0,0.0,0.0,0.0,0.0,0.0
1773800149.0138943,False,0.29422665,1773800144.769748,610.31,5.385033,6.2912526,10.20668,-0.0012523984,,,,,,,,,,,0.0,0.0,0.0,0.0,0.0,0.0
1773800149.0235784,False,0.29422665,1773800144.769748,610.31,5.385033,6.2912526,10.20668,-0.0012523984,,,,,,,,,,,0.0,0.0,0.0,0.0,0.0,0.0
1773800149.033781,False,0.29422665,1773800144.769748,610.31,5.385033,6.2912526,10.20668,-0.0012523984,,,,,,,,,,,0.0,0.0,0.0,0.0,0.0,0.0
1773800149.0437706,False,0.29422665,1773800144.769748,610.31,5.385033,6.2912526,10.20668,-0.0012523984,,,,,,,,,,,0.0,0.0,0.0,0.0,0.0,0.0
1773800149.0538812,False,0.29422665,1773800144.769748,610.31,5.385033,6.2912526,10.20668,-0.0012523984,,,,,,,,,,,0.0,0.0,0.0,0.0,0.0,0.0
1773800149.0637102,False,0.29422665,1773800144.769748,610.31,5.385033,6.2912526,10.20668,-0.0012523984,,,,,,,,,,,0.0,0.0,0.0,0.0,0.0,0.0
1773800149.073725,False,0.29422665,1773800144.769748,610.31,5.385033,6.2912526,10.20668,-0.0012523984,,,,,,,,,,,0.0,0.0,0.0,0.0,0.0,0.0
1773800149.084201,False,0.29422665,1773800144.769748,610.31,5.385033,6.2912526,10.20668,-0.0012523984,,,,,,,,,,,0.0,0.0,0.0,0.0,0.0,0.0
1773800149.0936558,False,0.29422665,1773800144.769748,610.31,5.385033,6.2912526,10.20668,-0.0012523984,,,,,,,,,,,0.0,0.0,0.0,0.0,0.0,0.0
1773800149.1039383,False,0.29422665,1773800144.769748,610.31,5.385033,6.2912526,10.20668,-0.0012523984,,,,,,,,,,,0.0,0.0,0.0,0.0,0.0,0.0
1773800149.113996,False,0.29422665,1773800144.769748,610.31,5.385033,6.2912526,10.20668,-0.0012523984,,,,,,,,,,,0.0,0.0,0.0,0.0,0.0,0.0
1773800149.1235604,False,0.29422665,1773800144.769748,610.31,5.385033,6.2912526,10.20668,-0.0012523984,,,,,,,,,,,0.0,0.0,0.0,0.0,0.0,0.0
1773800149.1338978,False,0.29422665,1773800144.769748,610.31,5.385033,6.2912526,10.20668,-0.0012523984,,,,,,,,,,,0.0,0.0,0.0,0.0,0.0,0.0
1773800149.1439562,False,0.29422665,1773800144.769748,610.31,5.385033,6.2912526,10.20668,-0.0012523984,,,,,,,,,,,0.0,0.0,0.0,0.0,0.0,0.0
1773800149.153518,False,0.29422665,1773800144.769748,610.31,5.385033,6.2912526,10.20668,-0.0012523984,,,,,,,,,,,0.0,0.0,0.0,0.0,0.0,0.0
1773800149.164058,False,0.29422665,1773800144.769748,610.31,5.385033,6.2912526,10.20668,-0.0012523984,,,,,,,,,,,0.0,0.0,0.0,0.0,0.0,0.0
1773800149.1737595,False,0.29422665,1773800144.769748,610.31,5.385033,6.2912526,10.20668,-0.0012523984,,,,,,,,,,,0.0,0.0,0.0,0.0,0.0,0.0
1773800149.1837318,False,0.29422665,1773800144.769748,610.31,5.385033,6.2912526,10.20668,-0.0012523984,,,,,,,,,,,0.0,0.0,0.0,0.0,0.0,0.0
1773800149.1936462,False,0.29422665,1773800144.769748,610.31,5.385033,6.2912526,10.20668,-0.0012523984,,,,,,,,,,,0.0,0.0,0.0,0.0,0.0,0.0
1773800149.203723,False,0.29422665,1773800144.769748,610.31,5.385033,6.2912526,10.20668,-0.0012523984,,,,,,,,,,,0.0,0.0,0.0,0.0,0.0,0.0
1773800149.2139626,False,0.29422665,1773800144.769748,610.31,5.385033,6.2912526,10.20668,-0.0012523984,,,,,,,,,,,0.0,0.0,0.0,0.0,0.0,0.0
1773800149.2238758,False,0.29422665,1773800144.769748,610.31,5.385033,6.2912526,10.20668,-0.0012523984,,,,,,,,,,,0.0,0.0,0.0,0.0,0.0,0.0
1773800149.2338908,False,0.29422665,1773800144.769748,610.31,5.385033,6.2912526,10.20668,-0.0012523984,,,,,,,,,,,0.0,0.0,0.0,0.0,0.0,0.0
1773800149.243514,False,0.29422665,1773800144.769748,610.31,5.385033,6.2912526,10.20668,-0.0012523984,,,,,,,,,,,0.0,0.0,0.0,0.0,0.0,0.0
1773800149.2538478,False,0.29422665,1773800144.769748,610.31,5.385033,6.2912526,10.20668,-0.0012523984,,,,,,,,,,,0.0,0.0,0.0,0.0,0.0,0.0
1773800149.2636025,False,0.29422665,1773800144.769748,610.31,5.385033,6.2912526,10.20668,-0.0012523984,,,,,,,,,,,0.0,0.0,0.0,0.0,0.0,0.0
1773800149.2738347,False,0.29422665,1773800144.769748,610.31,5.385033,6.2912526,10.20668,-0.0012523984,,,,,,,,,,,0.0,0.0,0.0,0.0,0.0,0.0
1773800149.2834446,False,0.29422665,1773800144.769748,610.31,5.385033,6.2912526,10.20668,-0.0012523984,,,,,,,,,,,0.0,0.0,0.0,0.0,0.0,0.0
1773800149.2935185,False,0.29422665,1773800144.769748,610.31,5.385033,6.2912526,10.20668,-0.0012523984,,,,,,,,,,,0.0,0.0,0.0,0.0,0.0,0.0
1773800149.3036911,False,0.29422665,1773800144.769748,610.31,5.385033,6.2912526,10.20668,-0.0012523984,,,,,,,,,,,0.0,0.0,0.0,0.0,0.0,0.0
1773800149.3139682,False,0.29422665,1773800144.769748,610.31,5.385033,6.2912526,10.20668,-0.0012523984,,,,,,,,,,,0.0,0.0,0.0,0.0,0.0,0.0
1773800149.3238466,False,0.29422665,1773800144.769748,610.31,5.385033,6.2912526,10.20668,-0.0012523984,,,,,,,,,,,0.0,0.0,0.0,0.0,0.0,0.0
1773800149.3339517,False,0.29422665,1773800144.769748,610.31,5.385033,6.2912526,10.20668,-0.0012523984,,,,,,,,,,,0.0,0.0,0.0,0.0,0.0,0.0
1773800149.3435125,False,0.29422665,1773800144.769748,610.31,5.385033,6.2912526,10.20668,-0.0012523984,,,,,,,,,,,0.0,0.0,0.0,0.0,0.0,0.0
1773800149.353917,False,0.29422665,1773800144.769748,610.31,5.385033,6.2912526,10.20668,-0.0012523984,,,,,,,,,,,0.0,0.0,0.0,0.0,0.0,0.0
1773800149.3639107,False,0.29422665,1773800144.769748,610.31,5.385033,6.2912526,10.20668,-0.0012523984,,,,,,,,,,,0.0,0.0,0.0,0.0,0.0,0.0
1773800149.3736718,False,0.29422665,1773800144.769748,610.31,5.385033,6.2912526,10.20668,-0.0012523984,,,,,,,,,,,0.0,0.0,0.0,0.0,0.0,0.0
1773800149.38422,False,0.29422665,1773800144.769748,610.31,5.385033,6.2912526,10.20668,-0.0012523984,,,,,,,,,,,0.0,0.0,0.0,0.0,0.0,0.0
1773800149.3940933,False,0.29422665,1773800144.769748,610.31,5.385033,6.2912526,10.20668,-0.0012523984,,,,,,,,,,,0.0,0.0,0.0,0.0,0.0,0.0
1773800149.4037657,False,0.29422665,1773800144.769748,610.31,5.385033,6.2912526,10.20668,-0.0012523984,,,,,,,,,,,0.0,0.0,0.0,0.0,0.0,0.0
1773800149.413669,False,0.29422665,1773800144.769748,610.31,5.385033,6.2912526,10.20668,-0.0012523984,,,,,,,,,,,0.0,0.0,0.0,0.0,0.0,0.0
1773800149.4237318,False,0.29422665,1773800144.769748,610.31,5.385033,6.2912526,10.20668,-0.0012523984,,,,,,,,,,,0.0,0.0,0.0,0.0,0.0,0.0
1773800149.4336433,False,0.29422665,1773800144.769748,610.31,5.385033,6.2912526,10.20668,-0.0012523984,,,,,,,,,,,0.0,0.0,0.0,0.0,0.0,0.0
1773800149.4436707,False,0.29422665,1773800144.769748,610.31,5.385033,6.2912526,10.20668,-0.0012523984,,,,,,,,,,,0.0,0.0,0.0,0.0,0.0,0.0
1773800149.4538147,False,0.29422665,1773800144.769748,610.31,5.385033,6.2912526,10.20668,-0.0012523984,,,,,,,,,,,0.0,0.0,0.0,0.0,0.0,0.0
1773800149.4640338,False,0.29422665,1773800144.769748,610.31,5.385033,6.2912526,10.20668,-0.0012523984,,,,,,,,,,,0.0,0.0,0.0,0.0,0.0,0.0
1773800149.473806,False,0.29422665,1773800144.769748,610.31,5.385033,6.2912526,10.20668,-0.0012523984,,,,,,,,,,,0.0,0.0,0.0,0.0,0.0,0.0
1773800149.483914,False,0.29422665,1773800144.769748,610.31,5.385033,6.2912526,10.20668,-0.0012523984,,,,,,,,,,,0.0,0.0,0.0,0.0,0.0,0.0
1773800149.4935043,False,0.29422665,1773800144.769748,610.31,5.385033,6.2912526,10.20668,-0.0012523984,,,,,,,,,,,0.0,0.0,0.0,0.0,0.0,0.0
1773800149.503586,False,0.29422665,1773800144.769748,610.31,5.385033,6.2912526,10.20668,-0.0012523984,,,,,,,,,,,0.0,0.0,0.0,0.0,0.0,0.0
1773800149.5137765,False,0.29422665,1773800144.769748,610.31,5.385033,6.2912526,10.20668,-0.0012523984,,,,,,,,,,,0.0,0.0,0.0,0.0,0.0,0.0
1773800149.524349,False,0.29422665,1773800144.769748,610.31,5.385033,6.2912526,10.20668,-0.0012523984,,,,,,,,,,,0.0,0.0,0.0,0.0,0.0,0.0
1773800149.5337496,False,0.29422665,1773800144.769748,610.31,5.385033,6.2912526,10.20668,-0.0012523984,,,,,,,,,,,0.0,0.0,0.0,0.0,0.0,0.0
1773800149.5439327,False,0.29422665,1773800144.769748,610.31,5.385033,6.2912526,10.20668,-0.0012523984,,,,,,,,,,,0.0,0.0,0.0,0.0,0.0,0.0
1773800149.5544684,False,0.29422665,1773800144.769748,610.31,5.385033,6.2912526,10.20668,-0.0012523984,,,,,,,,,,,0.0,0.0,0.0,0.0,0.0,0.0
1773800149.5636804,False,0.29422665,1773800144.769748,610.31,5.385033,6.2912526,10.20668,-0.0012523984,,,,,,,,,,,0.0,0.0,0.0,0.0,0.0,0.0
1773800149.5738502,False,0.29422665,1773800144.769748,610.31,5.385033,6.2912526,10.20668,-0.0012523984,,,,,,,,,,,0.0,0.0,0.0,0.0,0.0,0.0
1773800149.5837197,False,0.29422665,1773800144.769748,610.31,5.385033,6.2912526,10.20668,-0.0012523984,,,,,,,,,,,0.0,0.0,0.0,0.0,0.0,0.0
1773800149.5938437,False,0.29422665,1773800144.769748,610.31,5.385033,6.2912526,10.20668,-0.0012523984,,,,,,,,,,,0.0,0.0,0.0,0.0,0.0,0.0
1773800149.6035173,False,0.29422665,1773800144.769748,610.31,5.385033,6.2912526,10.20668,-0.0012523984,,,,,,,,,,,0.0,0.0,0.0,0.0,0.0,0.0
1773800149.61375,False,0.29422665,1773800144.769748,610.31,5.385033,6.2912526,10.20668,-0.0012523984,,,,,,,,,,,0.0,0.0,0.0,0.0,0.0,0.0
1773800149.6237912,False,0.29422665,1773800144.769748,610.31,5.385033,6.2912526,10.20668,-0.0012523984,,,,,,,,,,,0.0,0.0,0.0,0.0,0.0,0.0
1773800149.6337106,False,0.29422665,1773800144.769748,610.31,5.385033,6.2912526,10.20668,-0.0012523984,,,,,,,,,,,0.0,0.0,0.0,0.0,0.0,0.0
1773800149.6437337,False,0.29422665,1773800144.769748,610.31,5.385033,6.2912526,10.20668,-0.0012523984,,,,,,,,,,,0.0,0.0,0.0,0.0,0.0,0.0
1773800149.6534119,False,0.29422665,1773800144.769748,610.31,5.385033,6.2912526,10.20668,-0.0012523984,,,,,,,,,,,0.0,0.0,0.0,0.0,0.0,0.0
1773800149.6635432,False,0.29422665,1773800144.769748,610.31,5.385033,6.2912526,10.20668,-0.0012523984,,,,,,,,,,,0.0,0.0,0.0,0.0,0.0,0.0
1773800149.673975,False,0.29422665,1773800144.769748,610.31,5.385033,6.2912526,10.20668,-0.0012523984,,,,,,,,,,,0.0,0.0,0.0,0.0,0.0,0.0
1773800149.683909,False,0.29422665,1773800144.769748,610.31,5.385033,6.2912526,10.20668,-0.0012523984,,,,,,,,,,,0.0,0.0,0.0,0.0,0.0,0.0
1773800149.6935925,False,0.29422665,1773800144.769748,610.31,5.385033,6.2912526,10.20668,-0.0012523984,,,,,,,,,,,0.0,0.0,0.0,0.0,0.0,0.0
1773800149.7036335,False,0.29422665,1773800144.769748,610.31,5.385033,6.2912526,10.20668,-0.0012523984,,,,,,,,,,,0.0,0.0,0.0,0.0,0.0,0.0
1773800149.713683,False,0.29422665,1773800144.769748,610.31,5.385033,6.2912526,10.20668,-0.0012523984,,,,,,,,,,,0.0,0.0,0.0,0.0,0.0,0.0
1773800149.723436,False,0.29422665,1773800144.769748,610.31,5.385033,6.2912526,10.20668,-0.0012523984,,,,,,,,,,,0.0,0.0,0.0,0.0,0.0,0.0
1773800149.733405,False,0.29422665,1773800144.769748,610.31,5.385033,6.2912526,10.20668,-0.0012523984,,,,,,,,,,,0.0,0.0,0.0,0.0,0.0,0.0
1773800149.744092,False,0.29422665,1773800144.769748,610.31,5.385033,6.2912526,10.20668,-0.0012523984,,,,,,,,,,,0.0,0.0,0.0,0.0,0.0,0.0
1773800149.7543054,False,0.29422665,1773800144.769748,610.31,5.385033,6.2912526,10.20668,-0.0012523984,,,,,,,,,,,0.0,0.0,0.0,0.0,0.0,0.0
1773800149.7638524,False,0.29422665,1773800144.769748,610.31,5.385033,6.2912526,10.20668,-0.0012523984,,,,,,,,,,,0.0,0.0,0.0,0.0,0.0,0.0
1773800149.7740672,False,0.29422665,1773800144.769748,610.31,5.385033,6.2912526,10.20668,-0.0012523984,,,,,,,,,,,0.0,0.0,0.0,0.0,0.0,0.0
1773800149.7839603,False,0.29422665,1773800144.769748,610.31,5.385033,6.2912526,10.20668,-0.0012523984,,,,,,,,,,,0.0,0.0,0.0,0.0,0.0,0.0
1773800149.7938464,False,0.29422665,1773800144.769748,610.31,5.385033,6.2912526,10.20668,-0.0012523984,,,,,,,,,,,0.0,0.0,0.0,0.0,0.0,0.0
1773800149.8039498,False,0.29422665,1773800144.769748,610.31,5.385033,6.2912526,10.20668,-0.0012523984,,,,,,,,,,,0.0,0.0,0.0,0.0,0.0,0.0
1773800149.8138971,False,0.29422665,1773800144.769748,610.31,5.385033,6.2912526,10.20668,-0.0012523984,,,,,,,,,,,0.0,0.0,0.0,0.0,0.0,0.0
1773800149.8235433,False,0.29422665,1773800144.769748,610.31,5.385033,6.2912526,10.20668,-0.0012523984,,,,,,,,,,,0.0,0.0,0.0,0.0,0.0,0.0
1773800149.8339512,False,0.29422665,1773800144.769748,610.31,5.385033,6.2912526,10.20668,-0.0012523984,,,,,,,,,,,0.0,0.0,0.0,0.0,0.0,0.0
1773800149.843825,False,0.29422665,1773800144.769748,610.31,5.385033,6.2912526,10.20668,-0.0012523984,,,,,,,,,,,0.0,0.0,0.0,0.0,0.0,0.0
1773800149.8534565,False,0.29422665,1773800144.769748,610.31,5.385033,6.2912526,10.20668,-0.0012523984,,,,,,,,,,,0.0,0.0,0.0,0.0,0.0,0.0
1773800149.8638473,False,0.29422665,1773800144.769748,610.31,5.385033,6.2912526,10.20668,-0.0012523984,,,,,,,,,,,0.0,0.0,0.0,0.0,0.0,0.0
1773800149.8737829,False,0.29422665,1773800144.769748,610.31,5.385033,6.2912526,10.20668,-0.0012523984,,,,,,,,,,,0.0,0.0,0.0,0.0,0.0,0.0
1773800149.8838296,False,0.29422665,1773800144.769748,610.31,5.385033,6.2912526,10.20668,-0.0012523984,,,,,,,,,,,0.0,0.0,0.0,0.0,0.0,0.0
1773800149.8939264,False,0.29422665,1773800144.769748,610.31,5.385033,6.2912526,10.20668,-0.0012523984,,,,,,,,,,,0.0,0.0,0.0,0.0,0.0,0.0
1773800149.9039714,False,0.29422665,1773800144.769748,610.31,5.385033,6.2912526,10.20668,-0.0012523984,,,,,,,,,,,0.0,0.0,0.0,0.0,0.0,0.0
1773800149.9137201,False,0.29422665,1773800144.769748,610.31,5.385033,6.2912526,10.20668,-0.0012523984,,,,,,,,,,,0.0,0.0,0.0,0.0,0.0,0.0
1773800149.9241056,False,0.29422665,1773800144.769748,610.31,5.385033,6.2912526,10.20668,-0.0012523984,,,,,,,,,,,0.0,0.0,0.0,0.0,0.0,0.0
1773800149.9337835,False,0.29422665,1773800144.769748,610.31,5.385033,6.2912526,10.20668,-0.0012523984,,,,,,,,,,,0.0,0.0,0.0,0.0,0.0,0.0
1773800149.9435704,False,0.29422665,1773800144.769748,610.31,5.385033,6.2912526,10.20668,-0.0012523984,,,,,,,,,,,0.0,0.0,0.0,0.0,0.0,0.0
1773800149.9538236,False,0.29422665,1773800144.769748,610.31,5.385033,6.2912526,10.20668,-0.0012523984,,,,,,,,,,,0.0,0.0,0.0,0.0,0.0,0.0
1773800149.9639533,False,0.29422665,1773800144.769748,610.31,5.385033,6.2912526,10.20668,-0.0012523984,,,,,,,,,,,0.0,0.0,0.0,0.0,0.0,0.0
1773800149.973759,False,0.29422665,1773800144.769748,610.31,5.385033,6.2912526,10.20668,-0.0012523984,,,,,,,,,,,0.0,0.0,0.0,0.0,0.0,0.0
1773800149.9838078,False,0.29422665,1773800144.769748,610.31,5.385033,6.2912526,10.20668,-0.0012523984,,,,,,,,,,,0.0,0.0,0.0,0.0,0.0,0.0
1773800149.993849,False,0.29422665,1773800144.769748,610.31,5.385033,6.2912526,10.20668,-0.0012523984,,,,,,,,,,,0.0,0.0,0.0,0.0,0.0,0.0
1773800150.0039878,False,0.29422665,1773800144.769748,610.31,5.385033,6.2912526,10.20668,-0.0012523984,,,,,,,,,,,0.0,0.0,0.0,0.0,0.0,0.0
1773800150.0134723,False,0.29422665,1773800144.769748,610.31,5.385033,6.2912526,10.20668,-0.0012523984,,,,,,,,,,,0.0,0.0,0.0,0.0,0.0,0.0
1773800150.0238643,False,0.29422665,1773800144.769748,610.31,5.385033,6.2912526,10.20668,-0.0012523984,,,,,,,,,,,0.0,0.0,0.0,0.0,0.0,0.0
1773800150.03418,False,0.29422665,1773800144.769748,610.31,5.385033,6.2912526,10.20668,-0.0012523984,,,,,,,,,,,0.0,0.0,0.0,0.0,0.0,0.0
1773800150.0442805,False,0.29422665,1773800144.769748,610.31,5.385033,6.2912526,10.20668,-0.0012523984,,,,,,,,,,,0.0,0.0,0.0,0.0,0.0,0.0
1773800150.053947,False,0.29422665,1773800144.769748,610.31,5.385033,6.2912526,10.20668,-0.0012523984,,,,,,,,,,,0.0,0.0,0.0,0.0,0.0,0.0
1773800150.063824,False,0.29422665,1773800144.769748,610.31,5.385033,6.2912526,10.20668,-0.0012523984,,,,,,,,,,,0.0,0.0,0.0,0.0,0.0,0.0
1773800150.0735872,False,0.29422665,1773800144.769748,610.31,5.385033,6.2912526,10.20668,-0.0012523984,,,,,,,,,,,0.0,0.0,0.0,0.0,0.0,0.0
1773800150.083328,False,0.29422665,1773800144.769748,610.31,5.385033,6.2912526,10.20668,-0.0012523984,,,,,,,,,,,0.0,0.0,0.0,0.0,0.0,0.0
1773800150.093505,False,0.29422665,1773800144.769748,610.31,5.385033,6.2912526,10.20668,-0.0012523984,,,,,,,,,,,0.0,0.0,0.0,0.0,0.0,0.0
1773800150.1034226,False,0.29422665,1773800144.769748,610.31,5.385033,6.2912526,10.20668,-0.0012523984,,,,,,,,,,,0.0,0.0,0.0,0.0,0.0,0.0
1773800150.1135304,False,0.29422665,1773800144.769748,610.31,5.385033,6.2912526,10.20668,-0.0012523984,,,,,,,,,,,0.0,0.0,0.0,0.0,0.0,0.0
1773800150.123843,False,0.29422665,1773800144.769748,610.31,5.385033,6.2912526,10.20668,-0.0012523984,,,,,,,,,,,0.0,0.0,0.0,0.0,0.0,0.0
1773800150.1334577,False,0.29422665,1773800144.769748,610.31,5.385033,6.2912526,10.20668,-0.0012523984,,,,,,,,,,,0.0,0.0,0.0,0.0,0.0,0.0
1773800150.144395,False,0.29422665,1773800144.769748,610.31,5.385033,6.2912526,10.20668,-0.0012523984,,,,,,,,,,,0.0,0.0,0.0,0.0,0.0,0.0
1773800150.153797,False,0.29422665,1773800144.769748,610.31,5.385033,6.2912526,10.20668,-0.0012523984,,,,,,,,,,,0.0,0.0,0.0,0.0,0.0,0.0
1773800150.1637077,False,0.29422665,1773800144.769748,610.31,5.385033,6.2912526,10.20668,-0.0012523984,,,,,,,,,,,0.0,0.0,0.0,0.0,0.0,0.0
1773800150.1744533,False,0.29422665,1773800144.769748,610.31,5.385033,6.2912526,10.20668,-0.0012523984,,,,,,,,,,,0.0,0.0,0.0,0.0,0.0,0.0
1773800150.1840978,False,0.29422665,1773800144.769748,610.31,5.385033,6.2912526,10.20668,-0.0012523984,,,,,,,,,,,0.0,0.0,0.0,0.0,0.0,0.0
1773800150.1938512,False,0.29422665,1773800144.769748,610.31,5.385033,6.2912526,10.20668,-0.0012523984,,,,,,,,,,,0.0,0.0,0.0,0.0,0.0,0.0
1773800150.2035303,False,0.29422665,1773800144.769748,610.31,5.385033,6.2912526,10.20668,-0.0012523984,,,,,,,,,,,0.0,0.0,0.0,0.0,0.0,0.0
1773800150.2135508,False,0.29422665,1773800144.769748,610.31,5.385033,6.2912526,10.20668,-0.0012523984,,,,,,,,,,,0.0,0.0,0.0,0.0,0.0,0.0
1773800150.2238166,False,0.29422665,1773800144.769748,610.31,5.385033,6.2912526,10.20668,-0.0012523984,,,,,,,,,,,0.0,0.0,0.0,0.0,0.0,0.0
1773800150.2342691,False,0.29422665,1773800144.769748,610.31,5.385033,6.2912526,10.20668,-0.0012523984,,,,,,,,,,,0.0,0.0,0.0,0.0,0.0,0.0
1773800150.244069,False,0.29422665,1773800144.769748,610.31,5.385033,6.2912526,10.20668,-0.0012523984,,,,,,,,,,,0.0,0.0,0.0,0.0,0.0,0.0
1773800150.2536914,False,0.29422665,1773800144.769748,610.31,5.385033,6.2912526,10.20668,-0.0012523984,,,,,,,,,,,0.0,0.0,0.0,0.0,0.0,0.0
1773800150.264117,False,0.29422665,1773800144.769748,610.31,5.385033,6.2912526,10.20668,-0.0012523984,,,,,,,,,,,0.0,0.0,0.0,0.0,0.0,0.0
1773800150.273332,False,0.29422665,1773800144.769748,610.31,5.385033,6.2912526,10.20668,-0.0012523984,,,,,,,,,,,0.0,0.0,0.0,0.0,0.0,0.0
1773800150.2846863,False,0.29422665,1773800144.769748,610.31,5.385033,6.2912526,10.20668,-0.0012523984,,,,,,,,,,,0.0,0.0,0.0,0.0,0.0,0.0
1773800150.2937062,False,0.29422665,1773800144.769748,610.31,5.385033,6.2912526,10.20668,-0.0012523984,,,,,,,,,,,0.0,0.0,0.0,0.0,0.0,0.0
1773800150.303795,False,0.29422665,1773800144.769748,610.31,5.385033,6.2912526,10.20668,-0.0012523984,,,,,,,,,,,0.0,0.0,0.0,0.0,0.0,0.0
1773800150.3135836,False,0.29422665,1773800144.769748,610.31,5.385033,6.2912526,10.20668,-0.0012523984,,,,,,,,,,,0.0,0.0,0.0,0.0,0.0,0.0
1773800150.3238938,False,0.29422665,1773800144.769748,610.31,5.385033,6.2912526,10.20668,-0.0012523984,,,,,,,,,,,0.0,0.0,0.0,0.0,0.0,0.0
1773800150.3336525,False,0.29422665,1773800144.769748,610.31,5.385033,6.2912526,10.20668,-0.0012523984,,,,,,,,,,,0.0,0.0,0.0,0.0,0.0,0.0
1773800150.3438027,False,0.29422665,1773800144.769748,610.31,5.385033,6.2912526,10.20668,-0.0012523984,,,,,,,,,,,0.0,0.0,0.0,0.0,0.0,0.0
1773800150.3535745,False,0.29422665,1773800144.769748,610.31,5.385033,6.2912526,10.20668,-0.0012523984,,,,,,,,,,,0.0,0.0,0.0,0.0,0.0,0.0
1773800150.36403,False,0.29422665,1773800144.769748,610.31,5.385033,6.2912526,10.20668,-0.0012523984,,,,,,,,,,,0.0,0.0,0.0,0.0,0.0,0.0
1773800150.3740249,False,0.29422665,1773800144.769748,610.31,5.385033,6.2912526,10.20668,-0.0012523984,,,,,,,,,,,0.0,0.0,0.0,0.0,0.0,0.0
1773800150.383546,False,0.29422665,1773800144.769748,610.31,5.385033,6.2912526,10.20668,-0.0012523984,,,,,,,,,,,0.0,0.0,0.0,0.0,0.0,0.0
1773800150.39379,False,0.29422665,1773800144.769748,610.31,5.385033,6.2912526,10.20668,-0.0012523984,,,,,,,,,,,0.0,0.0,0.0,0.0,0.0,0.0
1773800150.4042542,False,0.29422665,1773800144.769748,610.31,5.385033,6.2912526,10.20668,-0.0012523984,,,,,,,,,,,0.0,0.0,0.0,0.0,0.0,0.0
1773800150.4133859,False,0.29422665,1773800144.769748,610.31,5.385033,6.2912526,10.20668,-0.0012523984,,,,,,,,,,,0.0,0.0,0.0,0.0,0.0,0.0
1773800150.423695,False,0.29422665,1773800144.769748,610.31,5.385033,6.2912526,10.20668,-0.0012523984,,,,,,,,,,,0.0,0.0,0.0,0.0,0.0,0.0
1773800150.4337409,False,0.29422665,1773800144.769748,610.31,5.385033,6.2912526,10.20668,-0.0012523984,,,,,,,,,,,0.0,0.0,0.0,0.0,0.0,0.0
1773800150.4437897,False,0.29422665,1773800144.769748,610.31,5.385033,6.2912526,10.20668,-0.0012523984,,,,,,,,,,,0.0,0.0,0.0,0.0,0.0,0.0
1773800150.4541512,False,0.29422665,1773800144.769748,610.31,5.385033,6.2912526,10.20668,-0.0012523984,,,,,,,,,,,0.0,0.0,0.0,0.0,0.0,0.0
1773800150.4637644,False,0.29422665,1773800144.769748,610.31,5.385033,6.2912526,10.20668,-0.0012523984,,,,,,,,,,,0.0,0.0,0.0,0.0,0.0,0.0
1773800150.4736617,False,0.29422665,1773800144.769748,610.31,5.385033,6.2912526,10.20668,-0.0012523984,,,,,,,,,,,0.0,0.0,0.0,0.0,0.0,0.0
1773800150.4843202,False,0.29422665,1773800144.769748,610.31,5.385033,6.2912526,10.20668,-0.0012523984,,,,,,,,,,,0.0,0.0,0.0,0.0,0.0,0.0
1773800150.4932492,False,0.29422665,1773800144.769748,610.31,5.385033,6.2912526,10.20668,-0.0012523984,,,,,,,,,,,0.0,0.0,0.0,0.0,0.0,0.0
1773800150.5037773,False,0.29422665,1773800144.769748,610.31,5.385033,6.2912526,10.20668,-0.0012523984,,,,,,,,,,,0.0,0.0,0.0,0.0,0.0,0.0
1773800150.5144315,False,0.29422665,1773800144.769748,610.31,5.385033,6.2912526,10.20668,-0.0012523984,,,,,,,,,,,0.0,0.0,0.0,0.0,0.0,0.0
1773800150.5235155,False,0.29422665,1773800144.769748,610.31,5.385033,6.2912526,10.20668,-0.0012523984,,,,,,,,,,,0.0,0.0,0.0,0.0,0.0,0.0
1773800150.5342057,False,0.29422665,1773800144.769748,610.31,5.385033,6.2912526,10.20668,-0.0012523984,,,,,,,,,,,0.0,0.0,0.0,0.0,0.0,0.0
1773800150.5439086,False,0.29422665,1773800144.769748,610.31,5.385033,6.2912526,10.20668,-0.0012523984,,,,,,,,,,,0.0,0.0,0.0,0.0,0.0,0.0
1773800150.553828,False,0.29422665,1773800144.769748,610.31,5.385033,6.2912526,10.20668,-0.0012523984,,,,,,,,,,,0.0,0.0,0.0,0.0,0.0,0.0
1773800150.5633495,False,0.29422665,1773800144.769748,610.31,5.385033,6.2912526,10.20668,-0.0012523984,,,,,,,,,,,0.0,0.0,0.0,0.0,0.0,0.0
1773800150.5735848,False,0.29422665,1773800144.769748,610.31,5.385033,6.2912526,10.20668,-0.0012523984,,,,,,,,,,,0.0,0.0,0.0,0.0,0.0,0.0
1773800150.5839994,False,0.29422665,1773800144.769748,610.31,5.385033,6.2912526,10.20668,-0.0012523984,,,,,,,,,,,0.0,0.0,0.0,0.0,0.0,0.0
1773800150.5935764,False,0.29422665,1773800144.769748,610.31,5.385033,6.2912526,10.20668,-0.0012523984,,,,,,,,,,,0.0,0.0,0.0,0.0,0.0,0.0
1773800150.6035993,False,0.29422665,1773800144.769748,610.31,5.385033,6.2912526,10.20668,-0.0012523984,,,,,,,,,,,0.0,0.0,0.0,0.0,0.0,0.0
1773800150.6141536,False,0.29422665,1773800144.769748,610.31,5.385033,6.2912526,10.20668,-0.0012523984,,,,,,,,,,,0.0,0.0,0.0,0.0,0.0,0.0
1773800150.6242223,False,0.29422665,1773800144.769748,610.31,5.385033,6.2912526,10.20668,-0.0012523984,,,,,,,,,,,0.0,0.0,0.0,0.0,0.0,0.0
1773800150.6340184,False,0.29422665,1773800144.769748,610.31,5.385033,6.2912526,10.20668,-0.0012523984,,,,,,,,,,,0.0,0.0,0.0,0.0,0.0,0.0
1773800150.6435628,False,0.29422665,1773800144.769748,610.31,5.385033,6.2912526,10.20668,-0.0012523984,,,,,,,,,,,0.0,0.0,0.0,0.0,0.0,0.0
1773800150.6543832,False,0.29422665,1773800144.769748,610.31,5.385033,6.2912526,10.20668,-0.0012523984,,,,,,,,,,,0.0,0.0,0.0,0.0,0.0,0.0
1773800150.663745,False,0.29422665,1773800144.769748,610.31,5.385033,6.2912526,10.20668,-0.0012523984,,,,,,,,,,,0.0,0.0,0.0,0.0,0.0,0.0
1773800150.674325,False,0.29422665,1773800144.769748,610.31,5.385033,6.2912526,10.20668,-0.0012523984,,,,,,,,,,,0.0,0.0,0.0,0.0,0.0,0.0
1773800150.6843688,False,0.29422665,1773800144.769748,610.31,5.385033,6.2912526,10.20668,-0.0012523984,,,,,,,,,,,0.0,0.0,0.0,0.0,0.0,0.0
1773800150.6935227,False,0.29422665,1773800144.769748,610.31,5.385033,6.2912526,10.20668,-0.0012523984,,,,,,,,,,,0.0,0.0,0.0,0.0,0.0,0.0
1773800150.7037246,False,0.29422665,1773800144.769748,610.31,5.385033,6.2912526,10.20668,-0.0012523984,,,,,,,,,,,0.0,0.0,0.0,0.0,0.0,0.0
1773800150.7135334,False,0.29422665,1773800144.769748,610.31,5.385033,6.2912526,10.20668,-0.0012523984,,,,,,,,,,,0.0,0.0,0.0,0.0,0.0,0.0
1773800150.723732,False,0.29422665,1773800144.769748,610.31,5.385033,6.2912526,10.20668,-0.0012523984,,,,,,,,,,,0.0,0.0,0.0,0.0,0.0,0.0
1773800150.7345052,False,0.29422665,1773800144.769748,610.31,5.385033,6.2912526,10.20668,-0.0012523984,,,,,,,,,,,0.0,0.0,0.0,0.0,0.0,0.0
1773800150.7442422,False,0.29422665,1773800144.769748,610.31,5.385033,6.2912526,10.20668,-0.0012523984,,,,,,,,,,,0.0,0.0,0.0,0.0,0.0,0.0
1773800150.7539456,False,0.29422665,1773800144.769748,610.31,5.385033,6.2912526,10.20668,-0.0012523984,,,,,,,,,,,0.0,0.0,0.0,0.0,0.0,0.0
1773800150.76419,False,0.29422665,1773800144.769748,610.31,5.385033,6.2912526,10.20668,-0.0012523984,,,,,,,,,,,0.0,0.0,0.0,0.0,0.0,0.0
1773800150.7737188,False,0.29422665,1773800144.769748,610.31,5.385033,6.2912526,10.20668,-0.0012523984,,,,,,,,,,,0.0,0.0,0.0,0.0,0.0,0.0
1773800150.7837365,False,0.29422665,1773800144.769748,610.31,5.385033,6.2912526,10.20668,-0.0012523984,,,,,,,,,,,0.0,0.0,0.0,0.0,0.0,0.0
1773800150.7937763,False,0.29422665,1773800144.769748,610.31,5.385033,6.2912526,10.20668,-0.0012523984,,,,,,,,,,,0.0,0.0,0.0,0.0,0.0,0.0
1773800150.803321,False,0.29422665,1773800144.769748,610.31,5.385033,6.2912526,10.20668,-0.0012523984,,,,,,,,,,,0.0,0.0,0.0,0.0,0.0,0.0
1773800150.8136833,False,0.29422665,1773800144.769748,610.31,5.385033,6.2912526,10.20668,-0.0012523984,,,,,,,,,,,0.0,0.0,0.0,0.0,0.0,0.0
1773800150.8240516,False,0.29422665,1773800144.769748,610.31,5.385033,6.2912526,10.20668,-0.0012523984,,,,,,,,,,,0.0,0.0,0.0,0.0,0.0,0.0
1773800150.8340812,False,0.29422665,1773800144.769748,610.31,5.385033,6.2912526,10.20668,-0.0012523984,,,,,,,,,,,0.0,0.0,0.0,0.0,0.0,0.0
1773800150.8436172,False,0.29422665,1773800144.769748,610.31,5.385033,6.2912526,10.20668,-0.0012523984,,,,,,,,,,,0.0,0.0,0.0,0.0,0.0,0.0
1773800150.8541863,False,0.29422665,1773800144.769748,610.31,5.385033,6.2912526,10.20668,-0.0012523984,,,,,,,,,,,0.0,0.0,0.0,0.0,0.0,0.0
1773800150.8639343,False,0.29422665,1773800144.769748,610.31,5.385033,6.2912526,10.20668,-0.0012523984,,,,,,,,,,,0.0,0.0,0.0,0.0,0.0,0.0
1773800150.8738112,False,0.29422665,1773800144.769748,610.31,5.385033,6.2912526,10.20668,-0.0012523984,,,,,,,,,,,0.0,0.0,0.0,0.0,0.0,0.0
1773800150.8838277,False,0.29422665,1773800144.769748,610.31,5.385033,6.2912526,10.20668,-0.0012523984,,,,,,,,,,,0.0,0.0,0.0,0.0,0.0,0.0
1773800150.893575,False,0.29422665,1773800144.769748,610.31,5.385033,6.2912526,10.20668,-0.0012523984,,,,,,,,,,,0.0,0.0,0.0,0.0,0.0,0.0
1773800150.9036782,False,0.29422665,1773800144.769748,610.31,5.385033,6.2912526,10.20668,-0.0012523984,,,,,,,,,,,0.0,0.0,0.0,0.0,0.0,0.0
1773800150.9137292,False,0.29422665,1773800144.769748,610.31,5.385033,6.2912526,10.20668,-0.0012523984,,,,,,,,,,,0.0,0.0,0.0,0.0,0.0,0.0
1773800150.9239159,False,0.29422665,1773800144.769748,610.31,5.385033,6.2912526,10.20668,-0.0012523984,,,,,,,,,,,0.0,0.0,0.0,0.0,0.0,0.0
1773800150.9335725,False,0.29422665,1773800144.769748,610.31,5.385033,6.2912526,10.20668,-0.0012523984,,,,,,,,,,,0.0,0.0,0.0,0.0,0.0,0.0
1773800150.944022,False,0.29422665,1773800144.769748,610.31,5.385033,6.2912526,10.20668,-0.0012523984,,,,,,,,,,,0.0,0.0,0.0,0.0,0.0,0.0
1773800150.9534714,False,0.29422665,1773800144.769748,610.31,5.385033,6.2912526,10.20668,-0.0012523984,,,,,,,,,,,0.0,0.0,0.0,0.0,0.0,0.0
1773800150.963366,False,0.29422665,1773800144.769748,610.31,5.385033,6.2912526,10.20668,-0.0012523984,,,,,,,,,,,0.0,0.0,0.0,0.0,0.0,0.0
1773800150.9735966,False,0.29422665,1773800144.769748,610.31,5.385033,6.2912526,10.20668,-0.0012523984,,,,,,,,,,,0.0,0.0,0.0,0.0,0.0,0.0
1773800150.9838526,False,0.29422665,1773800144.769748,610.31,5.385033,6.2912526,10.20668,-0.0012523984,,,,,,,,,,,0.0,0.0,0.0,0.0,0.0,0.0
1773800150.9936903,False,0.29422665,1773800144.769748,610.31,5.385033,6.2912526,10.20668,-0.0012523984,,,,,,,,,,,0.0,0.0,0.0,0.0,0.0,0.0
1773800151.0038784,False,0.29422665,1773800144.769748,610.31,5.385033,6.2912526,10.20668,-0.0012523984,,,,,,,,,,,0.0,0.0,0.0,0.0,0.0,0.0
1773800151.013963,False,0.29422665,1773800144.769748,610.31,5.385033,6.2912526,10.20668,-0.0012523984,,,,,,,,,,,0.0,0.0,0.0,0.0,0.0,0.0
1773800151.0238252,False,0.29422665,1773800144.769748,610.31,5.385033,6.2912526,10.20668,-0.0012523984,,,,,,,,,,,0.0,0.0,0.0,0.0,0.0,0.0
1773800151.0341284,False,0.29422665,1773800144.769748,610.31,5.385033,6.2912526,10.20668,-0.0012523984,,,,,,,,,,,0.0,0.0,0.0,0.0,0.0,0.0
1773800151.0439277,False,0.29422665,1773800144.769748,610.31,5.385033,6.2912526,10.20668,-0.0012523984,,,,,,,,,,,0.0,0.0,0.0,0.0,0.0,0.0
1773800151.0536919,False,0.29422665,1773800144.769748,610.31,5.385033,6.2912526,10.20668,-0.0012523984,,,,,,,,,,,0.0,0.0,0.0,0.0,0.0,0.0
1773800151.0638678,False,0.29422665,1773800144.769748,610.31,5.385033,6.2912526,10.20668,-0.0012523984,,,,,,,,,,,0.0,0.0,0.0,0.0,0.0,0.0
1773800151.0732071,False,0.29422665,1773800144.769748,610.31,5.385033,6.2912526,10.20668,-0.0012523984,,,,,,,,,,,0.0,0.0,0.0,0.0,0.0,0.0
1773800151.0838172,False,0.29422665,1773800144.769748,610.31,5.385033,6.2912526,10.20668,-0.0012523984,,,,,,,,,,,0.0,0.0,0.0,0.0,0.0,0.0
1773800151.0936918,False,0.29422665,1773800144.769748,610.31,5.385033,6.2912526,10.20668,-0.0012523984,,,,,,,,,,,0.0,0.0,0.0,0.0,0.0,0.0
1773800151.1039813,False,0.29422665,1773800144.769748,610.31,5.385033,6.2912526,10.20668,-0.0012523984,,,,,,,,,,,0.0,0.0,0.0,0.0,0.0,0.0
1773800151.1135333,False,0.29422665,1773800144.769748,610.31,5.385033,6.2912526,10.20668,-0.0012523984,,,,,,,,,,,0.0,0.0,0.0,0.0,0.0,0.0
1773800151.1238093,False,0.29422665,1773800144.769748,610.31,5.385033,6.2912526,10.20668,-0.0012523984,,,,,,,,,,,0.0,0.0,0.0,0.0,0.0,0.0
1773800151.1336176,False,0.29422665,1773800144.769748,610.31,5.385033,6.2912526,10.20668,-0.0012523984,,,,,,,,,,,0.0,0.0,0.0,0.0,0.0,0.0
1773800151.1437774,False,0.29422665,1773800144.769748,610.31,5.385033,6.2912526,10.20668,-0.0012523984,,,,,,,,,,,0.0,0.0,0.0,0.0,0.0,0.0
1773800151.1538115,False,0.29422665,1773800144.769748,610.31,5.385033,6.2912526,10.20668,-0.0012523984,,,,,,,,,,,0.0,0.0,0.0,0.0,0.0,0.0
1773800151.1638608,False,0.29422665,1773800144.769748,610.31,5.385033,6.2912526,10.20668,-0.0012523984,,,,,,,,,,,0.0,0.0,0.0,0.0,0.0,0.0
1773800151.1734476,False,0.29422665,1773800144.769748,610.31,5.385033,6.2912526,10.20668,-0.0012523984,,,,,,,,,,,0.0,0.0,0.0,0.0,0.0,0.0
1773800151.183546,False,0.29422665,1773800144.769748,610.31,5.385033,6.2912526,10.20668,-0.0012523984,,,,,,,,,,,0.0,0.0,0.0,0.0,0.0,0.0
1773800151.1938357,False,0.29422665,1773800144.769748,610.31,5.385033,6.2912526,10.20668,-0.0012523984,,,,,,,,,,,0.0,0.0,0.0,0.0,0.0,0.0
1773800151.204036,False,0.29422665,1773800144.769748,610.31,5.385033,6.2912526,10.20668,-0.0012523984,,,,,,,,,,,0.0,0.0,0.0,0.0,0.0,0.0
1773800151.2138891,False,0.29422665,1773800144.769748,610.31,5.385033,6.2912526,10.20668,-0.0012523984,,,,,,,,,,,0.0,0.0,0.0,0.0,0.0,0.0
1773800151.2237802,False,0.29422665,1773800144.769748,610.31,5.385033,6.2912526,10.20668,-0.0012523984,,,,,,,,,,,0.0,0.0,0.0,0.0,0.0,0.0
1773800151.233834,False,0.29422665,1773800144.769748,610.31,5.385033,6.2912526,10.20668,-0.0012523984,,,,,,,,,,,0.0,0.0,0.0,0.0,0.0,0.0
1773800151.2436147,False,0.29422665,1773800144.769748,610.31,5.385033,6.2912526,10.20668,-0.0012523984,,,,,,,,,,,0.0,0.0,0.0,0.0,0.0,0.0
1773800151.2535415,False,0.29422665,1773800144.769748,610.31,5.385033,6.2912526,10.20668,-0.0012523984,,,,,,,,,,,0.0,0.0,0.0,0.0,0.0,0.0
1773800151.2637079,False,0.29422665,1773800144.769748,610.31,5.385033,6.2912526,10.20668,-0.0012523984,,,,,,,,,,,0.0,0.0,0.0,0.0,0.0,0.0
1773800151.273681,False,0.29422665,1773800144.769748,610.31,5.385033,6.2912526,10.20668,-0.0012523984,,,,,,,,,,,0.0,0.0,0.0,0.0,0.0,0.0
1773800151.2837503,False,0.29422665,1773800144.769748,610.31,5.385033,6.2912526,10.20668,-0.0012523984,,,,,,,,,,,0.0,0.0,0.0,0.0,0.0,0.0
1773800151.2938256,False,0.29422665,1773800144.769748,610.31,5.385033,6.2912526,10.20668,-0.0012523984,,,,,,,,,,,0.0,0.0,0.0,0.0,0.0,0.0
1773800151.303423,False,0.29422665,1773800144.769748,610.31,5.385033,6.2912526,10.20668,-0.0012523984,,,,,,,,,,,0.0,0.0,0.0,0.0,0.0,0.0
1773800151.3136702,False,0.29422665,1773800144.769748,610.31,5.385033,6.2912526,10.20668,-0.0012523984,,,,,,,,,,,0.0,0.0,0.0,0.0,0.0,0.0
1773800151.3238747,False,0.29422665,1773800144.769748,610.31,5.385033,6.2912526,10.20668,-0.0012523984,,,,,,,,,,,0.0,0.0,0.0,0.0,0.0,0.0
1773800151.3335533,False,0.29422665,1773800144.769748,610.31,5.385033,6.2912526,10.20668,-0.0012523984,,,,,,,,,,,0.0,0.0,0.0,0.0,0.0,0.0
1773800151.3435044,False,0.29422665,1773800144.769748,610.31,5.385033,6.2912526,10.20668,-0.0012523984,,,,,,,,,,,0.0,0.0,0.0,0.0,0.0,0.0
1773800151.3535593,False,0.29422665,1773800144.769748,610.31,5.385033,6.2912526,10.20668,-0.0012523984,,,,,,,,,,,0.0,0.0,0.0,0.0,0.0,0.0
1773800151.3637042,False,0.29422665,1773800144.769748,610.31,5.385033,6.2912526,10.20668,-0.0012523984,,,,,,,,,,,0.0,0.0,0.0,0.0,0.0,0.0
1773800151.3736045,False,0.29422665,1773800144.769748,610.31,5.385033,6.2912526,10.20668,-0.0012523984,,,,,,,,,,,0.0,0.0,0.0,0.0,0.0,0.0
1773800151.383483,False,0.29422665,1773800144.769748,610.31,5.385033,6.2912526,10.20668,-0.0012523984,,,,,,,,,,,0.0,0.0,0.0,0.0,0.0,0.0
1773800151.3934085,False,0.29422665,1773800144.769748,610.31,5.385033,6.2912526,10.20668,-0.0012523984,,,,,,,,,,,0.0,0.0,0.0,0.0,0.0,0.0
1773800151.403552,False,0.29422665,1773800144.769748,610.31,5.385033,6.2912526,10.20668,-0.0012523984,,,,,,,,,,,0.0,0.0,0.0,0.0,0.0,0.0
1773800151.4138005,False,0.29422665,1773800144.769748,610.31,5.385033,6.2912526,10.20668,-0.0012523984,,,,,,,,,,,0.0,0.0,0.0,0.0,0.0,0.0
1773800151.4238703,False,0.29422665,1773800144.769748,610.31,5.385033,6.2912526,10.20668,-0.0012523984,,,,,,,,,,,0.0,0.0,0.0,0.0,0.0,0.0
1773800151.433446,False,0.29422665,1773800144.769748,610.31,5.385033,6.2912526,10.20668,-0.0012523984,,,,,,,,,,,0.0,0.0,0.0,0.0,0.0,0.0
1773800151.4438214,False,0.29422665,1773800144.769748,610.31,5.385033,6.2912526,10.20668,-0.0012523984,,,,,,,,,,,0.0,0.0,0.0,0.0,0.0,0.0
1773800151.4539158,False,0.29422665,1773800144.769748,610.31,5.385033,6.2912526,10.20668,-0.0012523984,,,,,,,,,,,0.0,0.0,0.0,0.0,0.0,0.0
1773800151.463595,False,0.29422665,1773800144.769748,610.31,5.385033,6.2912526,10.20668,-0.0012523984,,,,,,,,,,,0.0,0.0,0.0,0.0,0.0,0.0
1773800151.4736433,False,0.29422665,1773800144.769748,610.31,5.385033,6.2912526,10.20668,-0.0012523984,,,,,,,,,,,0.0,0.0,0.0,0.0,0.0,0.0
1773800151.48399,False,0.29422665,1773800144.769748,610.31,5.385033,6.2912526,10.20668,-0.0012523984,,,,,,,,,,,0.0,0.0,0.0,0.0,0.0,0.0
1773800151.4935641,False,0.29422665,1773800144.769748,610.31,5.385033,6.2912526,10.20668,-0.0012523984,,,,,,,,,,,0.0,0.0,0.0,0.0,0.0,0.0
1773800151.5036988,False,0.29422665,1773800144.769748,610.31,5.385033,6.2912526,10.20668,-0.0012523984,,,,,,,,,,,0.0,0.0,0.0,0.0,0.0,0.0
1773800151.513785,False,0.29422665,1773800144.769748,610.31,5.385033,6.2912526,10.20668,-0.0012523984,,,,,,,,,,,0.0,0.0,0.0,0.0,0.0,0.0
1773800151.5234861,False,0.29422665,1773800144.769748,610.31,5.385033,6.2912526,10.20668,-0.0012523984,,,,,,,,,,,0.0,0.0,0.0,0.0,0.0,0.0
1773800151.5336118,False,0.29422665,1773800144.769748,610.31,5.385033,6.2912526,10.20668,-0.0012523984,,,,,,,,,,,0.0,0.0,0.0,0.0,0.0,0.0
1773800151.543819,False,0.29422665,1773800144.769748,610.31,5.385033,6.2912526,10.20668,-0.0012523984,,,,,,,,,,,0.0,0.0,0.0,0.0,0.0,0.0
1773800151.5535448,False,0.29422665,1773800144.769748,610.31,5.385033,6.2912526,10.20668,-0.0012523984,,,,,,,,,,,0.0,0.0,0.0,0.0,0.0,0.0
1773800151.5635383,False,0.29422665,1773800144.769748,610.31,5.385033,6.2912526,10.20668,-0.0012523984,,,,,,,,,,,0.0,0.0,0.0,0.0,0.0,0.0
1773800151.5735183,False,0.29422665,1773800144.769748,610.31,5.385033,6.2912526,10.20668,-0.0012523984,,,,,,,,,,,0.0,0.0,0.0,0.0,0.0,0.0
1773800151.583989,False,0.29422665,1773800144.769748,610.31,5.385033,6.2912526,10.20668,-0.0012523984,,,,,,,,,,,0.0,0.0,0.0,0.0,0.0,0.0
1773800151.5937746,False,0.29422665,1773800144.769748,610.31,5.385033,6.2912526,10.20668,-0.0012523984,,,,,,,,,,,0.0,0.0,0.0,0.0,0.0,0.0
1773800151.603727,False,0.29422665,1773800144.769748,610.31,5.385033,6.2912526,10.20668,-0.0012523984,,,,,,,,,,,0.0,0.0,0.0,0.0,0.0,0.0
1773800151.6135528,False,0.29422665,1773800144.769748,610.31,5.385033,6.2912526,10.20668,-0.0012523984,,,,,,,,,,,0.0,0.0,0.0,0.0,0.0,0.0
1773800151.623534,False,0.29422665,1773800144.769748,610.31,5.385033,6.2912526,10.20668,-0.0012523984,,,,,,,,,,,0.0,0.0,0.0,0.0,0.0,0.0
1773800151.633343,False,0.29422665,1773800144.769748,610.31,5.385033,6.2912526,10.20668,-0.0012523984,,,,,,,,,,,0.0,0.0,0.0,0.0,0.0,0.0
1773800151.6436892,False,0.29422665,1773800144.769748,610.31,5.385033,6.2912526,10.20668,-0.0012523984,,,,,,,,,,,0.0,0.0,0.0,0.0,0.0,0.0
1773800151.6535137,False,0.29422665,1773800144.769748,610.31,5.385033,6.2912526,10.20668,-0.0012523984,,,,,,,,,,,0.0,0.0,0.0,0.0,0.0,0.0
1773800151.6637154,False,0.29422665,1773800144.769748,610.31,5.385033,6.2912526,10.20668,-0.0012523984,,,,,,,,,,,0.0,0.0,0.0,0.0,0.0,0.0
1773800151.6739583,False,0.29422665,1773800144.769748,610.31,5.385033,6.2912526,10.20668,-0.0012523984,,,,,,,,,,,0.0,0.0,0.0,0.0,0.0,0.0
1773800151.6834178,False,0.29422665,1773800144.769748,610.31,5.385033,6.2912526,10.20668,-0.0012523984,,,,,,,,,,,0.0,0.0,0.0,0.0,0.0,0.0
1773800151.6938958,False,0.29422665,1773800144.769748,610.31,5.385033,6.2912526,10.20668,-0.0012523984,,,,,,,,,,,0.0,0.0,0.0,0.0,0.0,0.0
1773800151.7041774,False,0.29422665,1773800144.769748,610.31,5.385033,6.2912526,10.20668,-0.0012523984,,,,,,,,,,,0.0,0.0,0.0,0.0,0.0,0.0
1773800151.713612,False,0.29422665,1773800144.769748,610.31,5.385033,6.2912526,10.20668,-0.0012523984,,,,,,,,,,,0.0,0.0,0.0,0.0,0.0,0.0
1773800151.7236493,False,0.29422665,1773800144.769748,610.31,5.385033,6.2912526,10.20668,-0.0012523984,,,,,,,,,,,0.0,0.0,0.0,0.0,0.0,0.0
1773800151.7338293,False,0.29422665,1773800144.769748,610.31,5.385033,6.2912526,10.20668,-0.0012523984,,,,,,,,,,,0.0,0.0,0.0,0.0,0.0,0.0
1773800151.7439573,False,0.29422665,1773800144.769748,610.31,5.385033,6.2912526,10.20668,-0.0012523984,,,,,,,,,,,0.0,0.0,0.0,0.0,0.0,0.0
1773800151.7538679,False,0.29422665,1773800144.769748,610.31,5.385033,6.2912526,10.20668,-0.0012523984,,,,,,,,,,,0.0,0.0,0.0,0.0,0.0,0.0
1773800151.7635388,False,0.29422665,1773800144.769748,610.31,5.385033,6.2912526,10.20668,-0.0012523984,,,,,,,,,,,0.0,0.0,0.0,0.0,0.0,0.0
1773800151.7735922,False,0.29422665,1773800144.769748,610.31,5.385033,6.2912526,10.20668,-0.0012523984,,,,,,,,,,,0.0,0.0,0.0,0.0,0.0,0.0
1773800151.7841077,False,0.29422665,1773800144.769748,610.31,5.385033,6.2912526,10.20668,-0.0012523984,,,,,,,,,,,0.0,0.0,0.0,0.0,0.0,0.0
1773800151.7936573,False,0.29422665,1773800144.769748,610.31,5.385033,6.2912526,10.20668,-0.0012523984,,,,,,,,,,,0.0,0.0,0.0,0.0,0.0,0.0
1773800151.8039417,False,0.29422665,1773800144.769748,610.31,5.385033,6.2912526,10.20668,-0.0012523984,,,,,,,,,,,0.0,0.0,0.0,0.0,0.0,0.0
1773800151.813484,False,0.29422665,1773800144.769748,610.31,5.385033,6.2912526,10.20668,-0.0012523984,,,,,,,,,,,0.0,0.0,0.0,0.0,0.0,0.0
1773800151.823774,False,0.29422665,1773800144.769748,610.31,5.385033,6.2912526,10.20668,-0.0012523984,,,,,,,,,,,0.0,0.0,0.0,0.0,0.0,0.0
1773800151.8335197,False,0.29422665,1773800144.769748,610.31,5.385033,6.2912526,10.20668,-0.0012523984,,,,,,,,,,,0.0,0.0,0.0,0.0,0.0,0.0
1773800151.8439105,False,0.29422665,1773800144.769748,610.31,5.385033,6.2912526,10.20668,-0.0012523984,,,,,,,,,,,0.0,0.0,0.0,0.0,0.0,0.0
1773800151.8538055,False,0.29422665,1773800144.769748,610.31,5.385033,6.2912526,10.20668,-0.0012523984,,,,,,,,,,,0.0,0.0,0.0,0.0,0.0,0.0
1773800151.863869,False,0.29422665,1773800144.769748,610.31,5.385033,6.2912526,10.20668,-0.0012523984,,,,,,,,,,,0.0,0.0,0.0,0.0,0.0,0.0
1773800151.8735292,False,0.29422665,1773800144.769748,610.31,5.385033,6.2912526,10.20668,-0.0012523984,,,,,,,,,,,0.0,0.0,0.0,0.0,0.0,0.0
1773800151.8838162,False,0.29422665,1773800144.769748,610.31,5.385033,6.2912526,10.20668,-0.0012523984,,,,,,,,,,,0.0,0.0,0.0,0.0,0.0,0.0
1773800151.893763,False,0.29422665,1773800144.769748,610.31,5.385033,6.2912526,10.20668,-0.0012523984,,,,,,,,,,,0.0,0.0,0.0,0.0,0.0,0.0
1773800151.903864,False,0.29422665,1773800144.769748,610.31,5.385033,6.2912526,10.20668,-0.0012523984,,,,,,,,,,,0.0,0.0,0.0,0.0,0.0,0.0
1773800151.9135644,False,0.29422665,1773800144.769748,610.31,5.385033,6.2912526,10.20668,-0.0012523984,,,,,,,,,,,0.0,0.0,0.0,0.0,0.0,0.0
1773800151.9237876,False,0.29422665,1773800144.769748,610.31,5.385033,6.2912526,10.20668,-0.0012523984,,,,,,,,,,,0.0,0.0,0.0,0.0,0.0,0.0
1773800151.933888,False,0.29422665,1773800144.769748,610.31,5.385033,6.2912526,10.20668,-0.0012523984,,,,,,,,,,,0.0,0.0,0.0,0.0,0.0,0.0
1773800151.9440866,False,0.29422665,1773800144.769748,610.31,5.385033,6.2912526,10.20668,-0.0012523984,,,,,,,,,,,0.0,0.0,0.0,0.0,0.0,0.0
1773800151.953798,False,0.29422665,1773800144.769748,610.31,5.385033,6.2912526,10.20668,-0.0012523984,,,,,,,,,,,0.0,0.0,0.0,0.0,0.0,0.0
1773800151.9634368,False,0.29422665,1773800144.769748,610.31,5.385033,6.2912526,10.20668,-0.0012523984,,,,,,,,,,,0.0,0.0,0.0,0.0,0.0,0.0
1773800151.9735515,False,0.29422665,1773800144.769748,610.31,5.385033,6.2912526,10.20668,-0.0012523984,,,,,,,,,,,0.0,0.0,0.0,0.0,0.0,0.0
1773800151.9835773,False,0.29422665,1773800144.769748,610.31,5.385033,6.2912526,10.20668,-0.0012523984,,,,,,,,,,,0.0,0.0,0.0,0.0,0.0,0.0
1773800151.9936135,False,0.29422665,1773800144.769748,610.31,5.385033,6.2912526,10.20668,-0.0012523984,,,,,,,,,,,0.0,0.0,0.0,0.0,0.0,0.0
1773800152.003731,False,0.29422665,1773800144.769748,610.31,5.385033,6.2912526,10.20668,-0.0012523984,,,,,,,,,,,0.0,0.0,0.0,0.0,0.0,0.0
1773800152.0133505,False,0.29422665,1773800144.769748,610.31,5.385033,6.2912526,10.20668,-0.0012523984,,,,,,,,,,,0.0,0.0,0.0,0.0,0.0,0.0
1773800152.0234609,False,0.29422665,1773800144.769748,610.31,5.385033,6.2912526,10.20668,-0.0012523984,,,,,,,,,,,0.0,0.0,0.0,0.0,0.0,0.0
1773800152.0335279,False,0.29422665,1773800144.769748,610.31,5.385033,6.2912526,10.20668,-0.0012523984,,,,,,,,,,,0.0,0.0,0.0,0.0,0.0,0.0
1773800152.0434706,False,0.29422665,1773800144.769748,610.31,5.385033,6.2912526,10.20668,-0.0012523984,,,,,,,,,,,0.0,0.0,0.0,0.0,0.0,0.0
1773800152.0536344,False,0.29422665,1773800144.769748,610.31,5.385033,6.2912526,10.20668,-0.0012523984,,,,,,,,,,,0.0,0.0,0.0,0.0,0.0,0.0
1773800152.0635293,False,0.29422665,1773800144.769748,610.31,5.385033,6.2912526,10.20668,-0.0012523984,,,,,,,,,,,0.0,0.0,0.0,0.0,0.0,0.0
1773800152.0737116,False,0.29422665,1773800144.769748,610.31,5.385033,6.2912526,10.20668,-0.0012523984,,,,,,,,,,,0.0,0.0,0.0,0.0,0.0,0.0
1773800152.0837903,False,0.29422665,1773800144.769748,610.31,5.385033,6.2912526,10.20668,-0.0012523984,,,,,,,,,,,0.0,0.0,0.0,0.0,0.0,0.0
1773800152.0935998,False,0.29422665,1773800144.769748,610.31,5.385033,6.2912526,10.20668,-0.0012523984,,,,,,,,,,,0.0,0.0,0.0,0.0,0.0,0.0
1773800152.103611,False,0.29422665,1773800144.769748,610.31,5.385033,6.2912526,10.20668,-0.0012523984,,,,,,,,,,,0.0,0.0,0.0,0.0,0.0,0.0
1773800152.1142108,False,0.29422665,1773800144.769748,610.31,5.385033,6.2912526,10.20668,-0.0012523984,,,,,,,,,,,0.0,0.0,0.0,0.0,0.0,0.0
1773800152.12389,False,0.29422665,1773800144.769748,610.31,5.385033,6.2912526,10.20668,-0.0012523984,,,,,,,,,,,0.0,0.0,0.0,0.0,0.0,0.0
1773800152.1338434,False,0.29422665,1773800144.769748,610.31,5.385033,6.2912526,10.20668,-0.0012523984,,,,,,,,,,,0.0,0.0,0.0,0.0,0.0,0.0
1773800152.1434,False,0.29422665,1773800144.769748,610.31,5.385033,6.2912526,10.20668,-0.0012523984,,,,,,,,,,,0.0,0.0,0.0,0.0,0.0,0.0
1773800152.1534886,False,0.29422665,1773800144.769748,610.31,5.385033,6.2912526,10.20668,-0.0012523984,,,,,,,,,,,0.0,0.0,0.0,0.0,0.0,0.0
1773800152.163769,False,0.29422665,1773800144.769748,610.31,5.385033,6.2912526,10.20668,-0.0012523984,,,,,,,,,,,0.0,0.0,0.0,0.0,0.0,0.0
1773800152.1747713,False,0.29422665,1773800144.769748,610.31,5.385033,6.2912526,10.20668,-0.0012523984,,,,,,,,,,,0.0,0.0,0.0,0.0,0.0,0.0
1773800152.1843255,False,0.29422665,1773800144.769748,610.31,5.385033,6.2912526,10.20668,-0.0012523984,,,,,,,,,,,0.0,0.0,0.0,0.0,0.0,0.0
1773800152.19394,False,0.29422665,1773800144.769748,610.31,5.385033,6.2912526,10.20668,-0.0012523984,,,,,,,,,,,0.0,0.0,0.0,0.0,0.0,0.0
1773800152.2039154,False,0.29422665,1773800144.769748,610.31,5.385033,6.2912526,10.20668,-0.0012523984,,,,,,,,,,,0.0,0.0,0.0,0.0,0.0,0.0
1773800152.2135444,False,0.29422665,1773800144.769748,610.31,5.385033,6.2912526,10.20668,-0.0012523984,,,,,,,,,,,0.0,0.0,0.0,0.0,0.0,0.0
1773800152.2236416,False,0.29422665,1773800144.769748,610.31,5.385033,6.2912526,10.20668,-0.0012523984,,,,,,,,,,,0.0,0.0,0.0,0.0,0.0,0.0
1773800152.233384,False,0.29422665,1773800144.769748,610.31,5.385033,6.2912526,10.20668,-0.0012523984,,,,,,,,,,,0.0,0.0,0.0,0.0,0.0,0.0
1773800152.2437453,False,0.29422665,1773800144.769748,610.31,5.385033,6.2912526,10.20668,-0.0012523984,,,,,,,,,,,0.0,0.0,0.0,0.0,0.0,0.0
1773800152.2538633,False,0.29422665,1773800144.769748,610.31,5.385033,6.2912526,10.20668,-0.0012523984,,,,,,,,,,,0.0,0.0,0.0,0.0,0.0,0.0
1773800152.263688,False,0.29422665,1773800144.769748,610.31,5.385033,6.2912526,10.20668,-0.0012523984,,,,,,,,,,,0.0,0.0,0.0,0.0,0.0,0.0
1773800152.2737846,False,0.29422665,1773800144.769748,610.31,5.385033,6.2912526,10.20668,-0.0012523984,,,,,,,,,,,0.0,0.0,0.0,0.0,0.0,0.0
1773800152.2835853,False,0.29422665,1773800144.769748,610.31,5.385033,6.2912526,10.20668,-0.0012523984,,,,,,,,,,,0.0,0.0,0.0,0.0,0.0,0.0
1773800152.2934837,False,0.29422665,1773800144.769748,610.31,5.385033,6.2912526,10.20668,-0.0012523984,,,,,,,,,,,0.0,0.0,0.0,0.0,0.0,0.0
1773800152.3041592,False,0.29422665,1773800144.769748,610.31,5.385033,6.2912526,10.20668,-0.0012523984,,,,,,,,,,,0.0,0.0,0.0,0.0,0.0,0.0
1773800152.3141742,False,0.29422665,1773800144.769748,610.31,5.385033,6.2912526,10.20668,-0.0012523984,,,,,,,,,,,0.0,0.0,0.0,0.0,0.0,0.0
1773800152.323501,False,0.29422665,1773800144.769748,610.31,5.385033,6.2912526,10.20668,-0.0012523984,,,,,,,,,,,0.0,0.0,0.0,0.0,0.0,0.0
1773800152.3339958,False,0.29422665,1773800144.769748,610.31,5.385033,6.2912526,10.20668,-0.0012523984,,,,,,,,,,,0.0,0.0,0.0,0.0,0.0,0.0
1773800152.3435352,False,0.29422665,1773800144.769748,610.31,5.385033,6.2912526,10.20668,-0.0012523984,,,,,,,,,,,0.0,0.0,0.0,0.0,0.0,0.0
1773800152.353524,False,0.29422665,1773800144.769748,610.31,5.385033,6.2912526,10.20668,-0.0012523984,,,,,,,,,,,0.0,0.0,0.0,0.0,0.0,0.0
1773800152.3640354,False,0.29422665,1773800144.769748,610.31,5.385033,6.2912526,10.20668,-0.0012523984,,,,,,,,,,,0.0,0.0,0.0,0.0,0.0,0.0
1773800152.3736787,False,0.29422665,1773800144.769748,610.31,5.385033,6.2912526,10.20668,-0.0012523984,,,,,,,,,,,0.0,0.0,0.0,0.0,0.0,0.0
1773800152.3838227,False,0.29422665,1773800144.769748,610.31,5.385033,6.2912526,10.20668,-0.0012523984,,,,,,,,,,,0.0,0.0,0.0,0.0,0.0,0.0
1773800152.3936064,False,0.29422665,1773800144.769748,610.31,5.385033,6.2912526,10.20668,-0.0012523984,,,,,,,,,,,0.0,0.0,0.0,0.0,0.0,0.0
1773800152.4036767,False,0.29422665,1773800144.769748,610.31,5.385033,6.2912526,10.20668,-0.0012523984,,,,,,,,,,,0.0,0.0,0.0,0.0,0.0,0.0
1773800152.4141054,False,0.29422665,1773800144.769748,610.31,5.385033,6.2912526,10.20668,-0.0012523984,,,,,,,,,,,0.0,0.0,0.0,0.0,0.0,0.0
1773800152.4241707,False,0.29422665,1773800144.769748,610.31,5.385033,6.2912526,10.20668,-0.0012523984,,,,,,,,,,,0.0,0.0,0.0,0.0,0.0,0.0
1773800152.4333947,False,0.29422665,1773800144.769748,610.31,5.385033,6.2912526,10.20668,-0.0012523984,,,,,,,,,,,0.0,0.0,0.0,0.0,0.0,0.0
1773800152.4436064,False,0.29422665,1773800144.769748,610.31,5.385033,6.2912526,10.20668,-0.0012523984,,,,,,,,,,,0.0,0.0,0.0,0.0,0.0,0.0
1773800152.4538734,False,0.29422665,1773800144.769748,610.31,5.385033,6.2912526,10.20668,-0.0012523984,,,,,,,,,,,0.0,0.0,0.0,0.0,0.0,0.0
1773800152.4639046,False,0.29422665,1773800144.769748,610.31,5.385033,6.2912526,10.20668,-0.0012523984,,,,,,,,,,,0.0,0.0,0.0,0.0,0.0,0.0
1773800152.473629,False,0.29422665,1773800144.769748,610.31,5.385033,6.2912526,10.20668,-0.0012523984,,,,,,,,,,,0.0,0.0,0.0,0.0,0.0,0.0
1773800152.4838405,False,0.29422665,1773800144.769748,610.31,5.385033,6.2912526,10.20668,-0.0012523984,,,,,,,,,,,0.0,0.0,0.0,0.0,0.0,0.0
1773800152.4933608,False,0.29422665,1773800144.769748,610.31,5.385033,6.2912526,10.20668,-0.0012523984,,,,,,,,,,,0.0,0.0,0.0,0.0,0.0,0.0
1773800152.5033154,False,0.29422665,1773800144.769748,610.31,5.385033,6.2912526,10.20668,-0.0012523984,,,,,,,,,,,0.0,0.0,0.0,0.0,0.0,0.0
1773800152.513696,False,0.29422665,1773800144.769748,610.31,5.385033,6.2912526,10.20668,-0.0012523984,,,,,,,,,,,0.0,0.0,0.0,0.0,0.0,0.0
1773800152.5237546,False,0.29422665,1773800144.769748,610.31,5.385033,6.2912526,10.20668,-0.0012523984,,,,,,,,,,,0.0,0.0,0.0,0.0,0.0,0.0
1773800152.5333302,False,0.29422665,1773800144.769748,610.31,5.385033,6.2912526,10.20668,-0.0012523984,,,,,,,,,,,0.0,0.0,0.0,0.0,0.0,0.0
1773800152.5439277,False,0.29422665,1773800144.769748,610.31,5.385033,6.2912526,10.20668,-0.0012523984,,,,,,,,,,,0.0,0.0,0.0,0.0,0.0,0.0
1773800152.5533311,False,0.29422665,1773800144.769748,610.31,5.385033,6.2912526,10.20668,-0.0012523984,,,,,,,,,,,0.0,0.0,0.0,0.0,0.0,0.0
1773800152.5636008,False,0.29422665,1773800144.769748,610.31,5.385033,6.2912526,10.20668,-0.0012523984,,,,,,,,,,,0.0,0.0,0.0,0.0,0.0,0.0
1773800152.5750256,False,0.29422665,1773800144.769748,610.31,5.385033,6.2912526,10.20668,-0.0012523984,,,,,,,,,,,0.0,0.0,0.0,0.0,0.0,0.0
1773800152.5837646,False,0.29422665,1773800144.769748,610.31,5.385033,6.2912526,10.20668,-0.0012523984,,,,,,,,,,,0.0,0.0,0.0,0.0,0.0,0.0
1773800152.593829,False,0.29422665,1773800144.769748,610.31,5.385033,6.2912526,10.20668,-0.0012523984,,,,,,,,,,,0.0,0.0,0.0,0.0,0.0,0.0
1773800152.603836,False,0.29422665,1773800144.769748,610.31,5.385033,6.2912526,10.20668,-0.0012523984,,,,,,,,,,,0.0,0.0,0.0,0.0,0.0,0.0
1773800152.6134658,False,0.29422665,1773800144.769748,610.31,5.385033,6.2912526,10.20668,-0.0012523984,,,,,,,,,,,0.0,0.0,0.0,0.0,0.0,0.0
1773800152.6239233,False,0.29422665,1773800144.769748,610.31,5.385033,6.2912526,10.20668,-0.0012523984,,,,,,,,,,,0.0,0.0,0.0,0.0,0.0,0.0
1773800152.6340349,False,0.29422665,1773800144.769748,610.31,5.385033,6.2912526,10.20668,-0.0012523984,,,,,,,,,,,0.0,0.0,0.0,0.0,0.0,0.0
1773800152.643762,False,0.29422665,1773800144.769748,610.31,5.385033,6.2912526,10.20668,-0.0012523984,,,,,,,,,,,0.0,0.0,0.0,0.0,0.0,0.0
1773800152.653739,False,0.29422665,1773800144.769748,610.31,5.385033,6.2912526,10.20668,-0.0012523984,,,,,,,,,,,0.0,0.0,0.0,0.0,0.0,0.0
1773800152.6638606,False,0.29422665,1773800144.769748,610.31,5.385033,6.2912526,10.20668,-0.0012523984,,,,,,,,,,,0.0,0.0,0.0,0.0,0.0,0.0
1773800152.6737487,False,0.29422665,1773800144.769748,610.31,5.385033,6.2912526,10.20668,-0.0012523984,,,,,,,,,,,0.0,0.0,0.0,0.0,0.0,0.0
1773800152.6836424,False,0.29422665,1773800144.769748,610.31,5.385033,6.2912526,10.20668,-0.0012523984,,,,,,,,,,,0.0,0.0,0.0,0.0,0.0,0.0
1773800152.6936657,False,0.29422665,1773800144.769748,610.31,5.385033,6.2912526,10.20668,-0.0012523984,,,,,,,,,,,0.0,0.0,0.0,0.0,0.0,0.0
1773800152.7036922,False,0.29422665,1773800144.769748,610.31,5.385033,6.2912526,10.20668,-0.0012523984,,,,,,,,,,,0.0,0.0,0.0,0.0,0.0,0.0
1773800152.713746,False,0.29422665,1773800144.769748,610.31,5.385033,6.2912526,10.20668,-0.0012523984,,,,,,,,,,,0.0,0.0,0.0,0.0,0.0,0.0
1773800152.7236545,False,0.29422665,1773800144.769748,610.31,5.385033,6.2912526,10.20668,-0.0012523984,,,,,,,,,,,0.0,0.0,0.0,0.0,0.0,0.0
1773800152.7339299,False,0.29422665,1773800144.769748,610.31,5.385033,6.2912526,10.20668,-0.0012523984,,,,,,,,,,,0.0,0.0,0.0,0.0,0.0,0.0
1773800152.7437716,False,0.29422665,1773800144.769748,610.31,5.385033,6.2912526,10.20668,-0.0012523984,,,,,,,,,,,0.0,0.0,0.0,0.0,0.0,0.0
1773800152.7537558,False,0.29422665,1773800144.769748,610.31,5.385033,6.2912526,10.20668,-0.0012523984,,,,,,,,,,,0.0,0.0,0.0,0.0,0.0,0.0
1773800152.7638118,False,0.29422665,1773800144.769748,610.31,5.385033,6.2912526,10.20668,-0.0012523984,,,,,,,,,,,0.0,0.0,0.0,0.0,0.0,0.0
1773800152.7737277,False,0.29422665,1773800144.769748,610.31,5.385033,6.2912526,10.20668,-0.0012523984,,,,,,,,,,,0.0,0.0,0.0,0.0,0.0,0.0
1773800152.7835922,False,0.29422665,1773800144.769748,610.31,5.385033,6.2912526,10.20668,-0.0012523984,,,,,,,,,,,0.0,0.0,0.0,0.0,0.0,0.0
1773800152.7936316,False,0.29422665,1773800144.769748,610.31,5.385033,6.2912526,10.20668,-0.0012523984,,,,,,,,,,,0.0,0.0,0.0,0.0,0.0,0.0
1773800152.8038385,False,0.29422665,1773800144.769748,610.31,5.385033,6.2912526,10.20668,-0.0012523984,,,,,,,,,,,0.0,0.0,0.0,0.0,0.0,0.0
1773800152.8139477,False,0.29422665,1773800144.769748,610.31,5.385033,6.2912526,10.20668,-0.0012523984,,,,,,,,,,,0.0,0.0,0.0,0.0,0.0,0.0
1773800152.8240266,False,0.29422665,1773800144.769748,610.31,5.385033,6.2912526,10.20668,-0.0012523984,,,,,,,,,,,0.0,0.0,0.0,0.0,0.0,0.0
1773800152.8341243,False,0.29422665,1773800144.769748,610.31,5.385033,6.2912526,10.20668,-0.0012523984,,,,,,,,,,,0.0,0.0,0.0,0.0,0.0,0.0
1773800152.843975,False,0.29422665,1773800144.769748,610.31,5.385033,6.2912526,10.20668,-0.0012523984,,,,,,,,,,,0.0,0.0,0.0,0.0,0.0,0.0
1773800152.854101,False,0.29422665,1773800144.769748,610.31,5.385033,6.2912526,10.20668,-0.0012523984,,,,,,,,,,,0.0,0.0,0.0,0.0,0.0,0.0
1773800152.8638568,False,0.29422665,1773800144.769748,610.31,5.385033,6.2912526,10.20668,-0.0012523984,,,,,,,,,,,0.0,0.0,0.0,0.0,0.0,0.0
1773800152.87392,False,0.29422665,1773800144.769748,610.31,5.385033,6.2912526,10.20668,-0.0012523984,,,,,,,,,,,0.0,0.0,0.0,0.0,0.0,0.0
1773800152.8836477,False,0.29422665,1773800144.769748,610.31,5.385033,6.2912526,10.20668,-0.0012523984,,,,,,,,,,,0.0,0.0,0.0,0.0,0.0,0.0
1773800152.8936558,False,0.29422665,1773800144.769748,610.31,5.385033,6.2912526,10.20668,-0.0012523984,,,,,,,,,,,0.0,0.0,0.0,0.0,0.0,0.0
1773800152.9039812,False,0.29422665,1773800144.769748,610.31,5.385033,6.2912526,10.20668,-0.0012523984,,,,,,,,,,,0.0,0.0,0.0,0.0,0.0,0.0
1773800152.913915,False,0.29422665,1773800144.769748,610.31,5.385033,6.2912526,10.20668,-0.0012523984,,,,,,,,,,,0.0,0.0,0.0,0.0,0.0,0.0
1773800152.924178,False,0.29422665,1773800144.769748,610.31,5.385033,6.2912526,10.20668,-0.0012523984,,,,,,,,,,,0.0,0.0,0.0,0.0,0.0,0.0
1773800152.9339788,False,0.29422665,1773800144.769748,610.31,5.385033,6.2912526,10.20668,-0.0012523984,,,,,,,,,,,0.0,0.0,0.0,0.0,0.0,0.0
1773800152.944052,False,0.29422665,1773800144.769748,610.31,5.385033,6.2912526,10.20668,-0.0012523984,,,,,,,,,,,0.0,0.0,0.0,0.0,0.0,0.0
1773800152.953379,False,0.29422665,1773800144.769748,610.31,5.385033,6.2912526,10.20668,-0.0012523984,,,,,,,,,,,0.0,0.0,0.0,0.0,0.0,0.0
1773800152.9636347,False,0.29422665,1773800144.769748,610.31,5.385033,6.2912526,10.20668,-0.0012523984,,,,,,,,,,,0.0,0.0,0.0,0.0,0.0,0.0
1773800152.9736493,False,0.29422665,1773800144.769748,610.31,5.385033,6.2912526,10.20668,-0.0012523984,,,,,,,,,,,0.0,0.0,0.0,0.0,0.0,0.0
1773800152.9836972,False,0.29422665,1773800144.769748,610.31,5.385033,6.2912526,10.20668,-0.0012523984,,,,,,,,,,,0.0,0.0,0.0,0.0,0.0,0.0
1773800152.9937146,False,0.29422665,1773800144.769748,610.31,5.385033,6.2912526,10.20668,-0.0012523984,,,,,,,,,,,0.0,0.0,0.0,0.0,0.0,0.0
1773800153.003774,False,0.29422665,1773800144.769748,610.31,5.385033,6.2912526,10.20668,-0.0012523984,,,,,,,,,,,0.0,0.0,0.0,0.0,0.0,0.0
1773800153.0138636,False,0.29422665,1773800144.769748,610.31,5.385033,6.2912526,10.20668,-0.0012523984,,,,,,,,,,,0.0,0.0,0.0,0.0,0.0,0.0
1773800153.0239158,False,0.29422665,1773800144.769748,610.31,5.385033,6.2912526,10.20668,-0.0012523984,,,,,,,,,,,0.0,0.0,0.0,0.0,0.0,0.0
1773800153.033479,False,0.29422665,1773800144.769748,610.31,5.385033,6.2912526,10.20668,-0.0012523984,,,,,,,,,,,0.0,0.0,0.0,0.0,0.0,0.0
1773800153.0435102,False,0.29422665,1773800144.769748,610.31,5.385033,6.2912526,10.20668,-0.0012523984,,,,,,,,,,,0.0,0.0,0.0,0.0,0.0,0.0
1773800153.053705,False,0.29422665,1773800144.769748,610.31,5.385033,6.2912526,10.20668,-0.0012523984,,,,,,,,,,,0.0,0.0,0.0,0.0,0.0,0.0
1773800153.0637498,False,0.29422665,1773800144.769748,610.31,5.385033,6.2912526,10.20668,-0.0012523984,,,,,,,,,,,0.0,0.0,0.0,0.0,0.0,0.0
1773800153.073439,False,0.29422665,1773800144.769748,610.31,5.385033,6.2912526,10.20668,-0.0012523984,,,,,,,,,,,0.0,0.0,0.0,0.0,0.0,0.0
1773800153.0835433,False,0.29422665,1773800144.769748,610.31,5.385033,6.2912526,10.20668,-0.0012523984,,,,,,,,,,,0.0,0.0,0.0,0.0,0.0,0.0
1773800153.0935605,False,0.29422665,1773800144.769748,610.31,5.385033,6.2912526,10.20668,-0.0012523984,,,,,,,,,,,0.0,0.0,0.0,0.0,0.0,0.0
1773800153.1036534,False,0.29422665,1773800144.769748,610.31,5.385033,6.2912526,10.20668,-0.0012523984,,,,,,,,,,,0.0,0.0,0.0,0.0,0.0,0.0
1773800153.1136835,False,0.29422665,1773800144.769748,610.31,5.385033,6.2912526,10.20668,-0.0012523984,,,,,,,,,,,0.0,0.0,0.0,0.0,0.0,0.0
1773800153.1237032,False,0.29422665,1773800144.769748,610.31,5.385033,6.2912526,10.20668,-0.0012523984,,,,,,,,,,,0.0,0.0,0.0,0.0,0.0,0.0
1773800153.13376,False,0.29422665,1773800144.769748,610.31,5.385033,6.2912526,10.20668,-0.0012523984,,,,,,,,,,,0.0,0.0,0.0,0.0,0.0,0.0
1773800153.1433265,False,0.29422665,1773800144.769748,610.31,5.385033,6.2912526,10.20668,-0.0012523984,,,,,,,,,,,0.0,0.0,0.0,0.0,0.0,0.0
1773800153.1536965,False,0.29422665,1773800144.769748,610.31,5.385033,6.2912526,10.20668,-0.0012523984,,,,,,,,,,,0.0,0.0,0.0,0.0,0.0,0.0
1773800153.1636176,False,0.29422665,1773800144.769748,610.31,5.385033,6.2912526,10.20668,-0.0012523984,,,,,,,,,,,0.0,0.0,0.0,0.0,0.0,0.0
1773800153.173904,False,0.29422665,1773800144.769748,610.31,5.385033,6.2912526,10.20668,-0.0012523984,,,,,,,,,,,0.0,0.0,0.0,0.0,0.0,0.0
1773800153.183528,False,0.29422665,1773800144.769748,610.31,5.385033,6.2912526,10.20668,-0.0012523984,,,,,,,,,,,0.0,0.0,0.0,0.0,0.0,0.0
1773800153.1936567,False,0.29422665,1773800144.769748,610.31,5.385033,6.2912526,10.20668,-0.0012523984,,,,,,,,,,,0.0,0.0,0.0,0.0,0.0,0.0
1773800153.203861,False,0.29422665,1773800144.769748,610.31,5.385033,6.2912526,10.20668,-0.0012523984,,,,,,,,,,,0.0,0.0,0.0,0.0,0.0,0.0
1773800153.2138662,False,0.29422665,1773800144.769748,610.31,5.385033,6.2912526,10.20668,-0.0012523984,,,,,,,,,,,0.0,0.0,0.0,0.0,0.0,0.0
1773800153.2239096,False,0.29422665,1773800144.769748,610.31,5.385033,6.2912526,10.20668,-0.0012523984,,,,,,,,,,,0.0,0.0,0.0,0.0,0.0,0.0
1773800153.233741,False,0.29422665,1773800144.769748,610.31,5.385033,6.2912526,10.20668,-0.0012523984,,,,,,,,,,,0.0,0.0,0.0,0.0,0.0,0.0
1773800153.2437675,False,0.29422665,1773800144.769748,610.31,5.385033,6.2912526,10.20668,-0.0012523984,,,,,,,,,,,0.0,0.0,0.0,0.0,0.0,0.0
1773800153.2533963,False,0.29422665,1773800144.769748,610.31,5.385033,6.2912526,10.20668,-0.0012523984,,,,,,,,,,,0.0,0.0,0.0,0.0,0.0,0.0
1773800153.2634354,False,0.29422665,1773800144.769748,610.31,5.385033,6.2912526,10.20668,-0.0012523984,,,,,,,,,,,0.0,0.0,0.0,0.0,0.0,0.0
1773800153.2735744,False,0.29422665,1773800144.769748,610.31,5.385033,6.2912526,10.20668,-0.0012523984,,,,,,,,,,,0.0,0.0,0.0,0.0,0.0,0.0
1773800153.283583,False,0.29422665,1773800144.769748,610.31,5.385033,6.2912526,10.20668,-0.0012523984,,,,,,,,,,,0.0,0.0,0.0,0.0,0.0,0.0
1773800153.2938797,False,0.29422665,1773800144.769748,610.31,5.385033,6.2912526,10.20668,-0.0012523984,,,,,,,,,,,0.0,0.0,0.0,0.0,0.0,0.0
1773800153.3037133,False,0.29422665,1773800144.769748,610.31,5.385033,6.2912526,10.20668,-0.0012523984,,,,,,,,,,,0.0,0.0,0.0,0.0,0.0,0.0
1773800153.314278,False,0.29422665,1773800144.769748,610.31,5.385033,6.2912526,10.20668,-0.0012523984,,,,,,,,,,,0.0,0.0,0.0,0.0,0.0,0.0
1773800153.3237197,False,0.29422665,1773800144.769748,610.31,5.385033,6.2912526,10.20668,-0.0012523984,,,,,,,,,,,0.0,0.0,0.0,0.0,0.0,0.0
1773800153.333541,False,0.29422665,1773800144.769748,610.31,5.385033,6.2912526,10.20668,-0.0012523984,,,,,,,,,,,0.0,0.0,0.0,0.0,0.0,0.0
1773800153.343716,False,0.29422665,1773800144.769748,610.31,5.385033,6.2912526,10.20668,-0.0012523984,,,,,,,,,,,0.0,0.0,0.0,0.0,0.0,0.0
1773800153.3535516,False,0.29422665,1773800144.769748,610.31,5.385033,6.2912526,10.20668,-0.0012523984,,,,,,,,,,,0.0,0.0,0.0,0.0,0.0,0.0
1773800153.3639326,False,0.29422665,1773800144.769748,610.31,5.385033,6.2912526,10.20668,-0.0012523984,,,,,,,,,,,0.0,0.0,0.0,0.0,0.0,0.0
1773800153.3740711,False,0.29422665,1773800144.769748,610.31,5.385033,6.2912526,10.20668,-0.0012523984,,,,,,,,,,,0.0,0.0,0.0,0.0,0.0,0.0
1773800153.383781,False,0.29422665,1773800144.769748,610.31,5.385033,6.2912526,10.20668,-0.0012523984,,,,,,,,,,,0.0,0.0,0.0,0.0,0.0,0.0
1773800153.393558,False,0.29422665,1773800144.769748,610.31,5.385033,6.2912526,10.20668,-0.0012523984,,,,,,,,,,,0.0,0.0,0.0,0.0,0.0,0.0
1773800153.4036164,False,0.29422665,1773800144.769748,610.31,5.385033,6.2912526,10.20668,-0.0012523984,,,,,,,,,,,0.0,0.0,0.0,0.0,0.0,0.0
1773800153.413682,False,0.29422665,1773800144.769748,610.31,5.385033,6.2912526,10.20668,-0.0012523984,,,,,,,,,,,0.0,0.0,0.0,0.0,0.0,0.0
1773800153.4238975,False,0.29422665,1773800144.769748,610.31,5.385033,6.2912526,10.20668,-0.0012523984,,,,,,,,,,,0.0,0.0,0.0,0.0,0.0,0.0
1773800153.4335418,False,0.29422665,1773800144.769748,610.31,5.385033,6.2912526,10.20668,-0.0012523984,,,,,,,,,,,0.0,0.0,0.0,0.0,0.0,0.0
1773800153.444146,False,0.29422665,1773800144.769748,610.31,5.385033,6.2912526,10.20668,-0.0012523984,,,,,,,,,,,0.0,0.0,0.0,0.0,0.0,0.0
1773800153.454029,False,0.29422665,1773800144.769748,610.31,5.385033,6.2912526,10.20668,-0.0012523984,,,,,,,,,,,0.0,0.0,0.0,0.0,0.0,0.0
1773800153.4635992,False,0.29422665,1773800144.769748,610.31,5.385033,6.2912526,10.20668,-0.0012523984,,,,,,,,,,,0.0,0.0,0.0,0.0,0.0,0.0
1773800153.4737155,False,0.29422665,1773800144.769748,610.31,5.385033,6.2912526,10.20668,-0.0012523984,,,,,,,,,,,0.0,0.0,0.0,0.0,0.0,0.0
1773800153.4835646,False,0.29422665,1773800144.769748,610.31,5.385033,6.2912526,10.20668,-0.0012523984,,,,,,,,,,,0.0,0.0,0.0,0.0,0.0,0.0
1773800153.493827,False,0.29422665,1773800144.769748,610.31,5.385033,6.2912526,10.20668,-0.0012523984,,,,,,,,,,,0.0,0.0,0.0,0.0,0.0,0.0
1773800153.5043635,False,0.29422665,1773800144.769748,610.31,5.385033,6.2912526,10.20668,-0.0012523984,,,,,,,,,,,0.0,0.0,0.0,0.0,0.0,0.0
1773800153.5139327,False,0.29422665,1773800144.769748,610.31,5.385033,6.2912526,10.20668,-0.0012523984,,,,,,,,,,,0.0,0.0,0.0,0.0,0.0,0.0
1773800153.523655,False,0.29422665,1773800144.769748,610.31,5.385033,6.2912526,10.20668,-0.0012523984,,,,,,,,,,,0.0,0.0,0.0,0.0,0.0,0.0
1773800153.5342467,False,0.29422665,1773800144.769748,610.31,5.385033,6.2912526,10.20668,-0.0012523984,,,,,,,,,,,0.0,0.0,0.0,0.0,0.0,0.0
1773800153.544047,False,0.29422665,1773800144.769748,610.31,5.385033,6.2912526,10.20668,-0.0012523984,,,,,,,,,,,0.0,0.0,0.0,0.0,0.0,0.0
1773800153.553576,False,0.29422665,1773800144.769748,610.31,5.385033,6.2912526,10.20668,-0.0012523984,,,,,,,,,,,0.0,0.0,0.0,0.0,0.0,0.0
1773800153.5636063,False,0.29422665,1773800144.769748,610.31,5.385033,6.2912526,10.20668,-0.0012523984,,,,,,,,,,,0.0,0.0,0.0,0.0,0.0,0.0
1773800153.5738807,False,0.29422665,1773800144.769748,610.31,5.385033,6.2912526,10.20668,-0.0012523984,,,,,,,,,,,0.0,0.0,0.0,0.0,0.0,0.0
1773800153.583613,False,0.29422665,1773800144.769748,610.31,5.385033,6.2912526,10.20668,-0.0012523984,,,,,,,,,,,0.0,0.0,0.0,0.0,0.0,0.0
1773800153.5937183,False,0.29422665,1773800144.769748,610.31,5.385033,6.2912526,10.20668,-0.0012523984,,,,,,,,,,,0.0,0.0,0.0,0.0,0.0,0.0
1773800153.603759,False,0.29422665,1773800144.769748,610.31,5.385033,6.2912526,10.20668,-0.0012523984,,,,,,,,,,,0.0,0.0,0.0,0.0,0.0,0.0
1773800153.6132748,False,0.29422665,1773800144.769748,610.31,5.385033,6.2912526,10.20668,-0.0012523984,,,,,,,,,,,0.0,0.0,0.0,0.0,0.0,0.0
1773800153.6235564,False,0.29422665,1773800144.769748,610.31,5.385033,6.2912526,10.20668,-0.0012523984,,,,,,,,,,,0.0,0.0,0.0,0.0,0.0,0.0
1773800153.6333756,False,0.29422665,1773800144.769748,610.31,5.385033,6.2912526,10.20668,-0.0012523984,,,,,,,,,,,0.0,0.0,0.0,0.0,0.0,0.0
1773800153.6435924,False,0.29422665,1773800144.769748,610.31,5.385033,6.2912526,10.20668,-0.0012523984,,,,,,,,,,,0.0,0.0,0.0,0.0,0.0,0.0
1773800153.6532705,False,0.29422665,1773800144.769748,610.31,5.385033,6.2912526,10.20668,-0.0012523984,,,,,,,,,,,0.0,0.0,0.0,0.0,0.0,0.0
1773800153.6634073,False,0.29422665,1773800144.769748,610.31,5.385033,6.2912526,10.20668,-0.0012523984,,,,,,,,,,,0.0,0.0,0.0,0.0,0.0,0.0
1773800153.6734955,False,0.29422665,1773800144.769748,610.31,5.385033,6.2912526,10.20668,-0.0012523984,,,,,,,,,,,0.0,0.0,0.0,0.0,0.0,0.0
1773800153.6837072,False,0.29422665,1773800144.769748,610.31,5.385033,6.2912526,10.20668,-0.0012523984,,,,,,,,,,,0.0,0.0,0.0,0.0,0.0,0.0
1773800153.6936998,False,0.29422665,1773800144.769748,610.31,5.385033,6.2912526,10.20668,-0.0012523984,,,,,,,,,,,0.0,0.0,0.0,0.0,0.0,0.0
1773800153.703843,False,0.29422665,1773800144.769748,610.31,5.385033,6.2912526,10.20668,-0.0012523984,,,,,,,,,,,0.0,0.0,0.0,0.0,0.0,0.0
1773800153.7138026,False,0.29422665,1773800144.769748,610.31,5.385033,6.2912526,10.20668,-0.0012523984,,,,,,,,,,,0.0,0.0,0.0,0.0,0.0,0.0
1773800153.7237818,False,0.29422665,1773800144.769748,610.31,5.385033,6.2912526,10.20668,-0.0012523984,,,,,,,,,,,0.0,0.0,0.0,0.0,0.0,0.0
1773800153.733472,False,0.29422665,1773800144.769748,610.31,5.385033,6.2912526,10.20668,-0.0012523984,,,,,,,,,,,0.0,0.0,0.0,0.0,0.0,0.0
1773800153.7437046,False,0.29422665,1773800144.769748,610.31,5.385033,6.2912526,10.20668,-0.0012523984,,,,,,,,,,,0.0,0.0,0.0,0.0,0.0,0.0
1773800153.7532802,False,0.29422665,1773800144.769748,610.31,5.385033,6.2912526,10.20668,-0.0012523984,,,,,,,,,,,0.0,0.0,0.0,0.0,0.0,0.0
1773800153.7635036,False,0.29422665,1773800144.769748,610.31,5.385033,6.2912526,10.20668,-0.0012523984,,,,,,,,,,,0.0,0.0,0.0,0.0,0.0,0.0
1773800153.7738006,False,0.29422665,1773800144.769748,610.31,5.385033,6.2912526,10.20668,-0.0012523984,,,,,,,,,,,0.0,0.0,0.0,0.0,0.0,0.0
1773800153.7840004,False,0.29422665,1773800144.769748,610.31,5.385033,6.2912526,10.20668,-0.0012523984,,,,,,,,,,,0.0,0.0,0.0,0.0,0.0,0.0
1773800153.7937202,False,0.29422665,1773800144.769748,610.31,5.385033,6.2912526,10.20668,-0.0012523984,,,,,,,,,,,0.0,0.0,0.0,0.0,0.0,0.0
1773800153.8036423,False,0.29422665,1773800144.769748,610.31,5.385033,6.2912526,10.20668,-0.0012523984,,,,,,,,,,,0.0,0.0,0.0,0.0,0.0,0.0
1773800153.8136692,False,0.29422665,1773800144.769748,610.31,5.385033,6.2912526,10.20668,-0.0012523984,,,,,,,,,,,0.0,0.0,0.0,0.0,0.0,0.0
1773800153.8237596,False,0.29422665,1773800144.769748,610.31,5.385033,6.2912526,10.20668,-0.0012523984,,,,,,,,,,,0.0,0.0,0.0,0.0,0.0,0.0
1773800153.8337932,False,0.29422665,1773800144.769748,610.31,5.385033,6.2912526,10.20668,-0.0012523984,,,,,,,,,,,0.0,0.0,0.0,0.0,0.0,0.0
1773800153.8436763,False,0.29422665,1773800144.769748,610.31,5.385033,6.2912526,10.20668,-0.0012523984,,,,,,,,,,,0.0,0.0,0.0,0.0,0.0,0.0
1773800153.8534522,False,0.29422665,1773800144.769748,610.31,5.385033,6.2912526,10.20668,-0.0012523984,,,,,,,,,,,0.0,0.0,0.0,0.0,0.0,0.0
1773800153.8634188,False,0.29422665,1773800144.769748,610.31,5.385033,6.2912526,10.20668,-0.0012523984,,,,,,,,,,,0.0,0.0,0.0,0.0,0.0,0.0
1773800153.8735037,False,0.29422665,1773800144.769748,610.31,5.385033,6.2912526,10.20668,-0.0012523984,,,,,,,,,,,0.0,0.0,0.0,0.0,0.0,0.0
1773800153.883684,False,0.29422665,1773800144.769748,610.31,5.385033,6.2912526,10.20668,-0.0012523984,,,,,,,,,,,0.0,0.0,0.0,0.0,0.0,0.0
1773800153.8938355,False,0.29422665,1773800144.769748,610.31,5.385033,6.2912526,10.20668,-0.0012523984,,,,,,,,,,,0.0,0.0,0.0,0.0,0.0,0.0
1773800153.903824,False,0.29422665,1773800144.769748,610.31,5.385033,6.2912526,10.20668,-0.0012523984,,,,,,,,,,,0.0,0.0,0.0,0.0,0.0,0.0
1773800153.9137769,False,0.29422665,1773800144.769748,610.31,5.385033,6.2912526,10.20668,-0.0012523984,,,,,,,,,,,0.0,0.0,0.0,0.0,0.0,0.0
1773800153.9234555,False,0.29422665,1773800144.769748,610.31,5.385033,6.2912526,10.20668,-0.0012523984,,,,,,,,,,,0.0,0.0,0.0,0.0,0.0,0.0
1773800153.9336329,False,0.29422665,1773800144.769748,610.31,5.385033,6.2912526,10.20668,-0.0012523984,,,,,,,,,,,0.0,0.0,0.0,0.0,0.0,0.0
1773800153.943656,False,0.29422665,1773800144.769748,610.31,5.385033,6.2912526,10.20668,-0.0012523984,,,,,,,,,,,0.0,0.0,0.0,0.0,0.0,0.0
1773800153.9537804,False,0.29422665,1773800144.769748,610.31,5.385033,6.2912526,10.20668,-0.0012523984,,,,,,,,,,,0.0,0.0,0.0,0.0,0.0,0.0
1773800153.9638221,False,0.29422665,1773800144.769748,610.31,5.385033,6.2912526,10.20668,-0.0012523984,,,,,,,,,,,0.0,0.0,0.0,0.0,0.0,0.0
1773800153.9740236,False,0.29422665,1773800144.769748,610.31,5.385033,6.2912526,10.20668,-0.0012523984,,,,,,,,,,,0.0,0.0,0.0,0.0,0.0,0.0
1773800153.9841712,False,0.29422665,1773800144.769748,610.31,5.385033,6.2912526,10.20668,-0.0012523984,,,,,,,,,,,0.0,0.0,0.0,0.0,0.0,0.0
1773800153.9939566,False,0.29422665,1773800144.769748,610.31,5.385033,6.2912526,10.20668,-0.0012523984,,,,,,,,,,,0.0,0.0,0.0,0.0,0.0,0.0
1773800154.0040886,False,0.29422665,1773800144.769748,610.31,5.385033,6.2912526,10.20668,-0.0012523984,,,,,,,,,,,0.0,0.0,0.0,0.0,0.0,0.0
1773800154.013741,False,0.29422665,1773800144.769748,610.31,5.385033,6.2912526,10.20668,-0.0012523984,,,,,,,,,,,0.0,0.0,0.0,0.0,0.0,0.0
1773800154.0234776,False,0.29422665,1773800144.769748,610.31,5.385033,6.2912526,10.20668,-0.0012523984,,,,,,,,,,,0.0,0.0,0.0,0.0,0.0,0.0
1773800154.0336814,False,0.29422665,1773800144.769748,610.31,5.385033,6.2912526,10.20668,-0.0012523984,,,,,,,,,,,0.0,0.0,0.0,0.0,0.0,0.0
1773800154.043789,False,0.29422665,1773800144.769748,610.31,5.385033,6.2912526,10.20668,-0.0012523984,,,,,,,,,,,0.0,0.0,0.0,0.0,0.0,0.0
1773800154.0574453,False,0.29422665,1773800144.769748,610.31,5.385033,6.2912526,10.20668,-0.0012523984,,,,,,,,,,,0.0,0.0,0.0,0.0,0.0,0.0
1773800154.0677004,False,0.29422665,1773800144.769748,610.31,5.385033,6.2912526,10.20668,-0.0012523984,,,,,,,,,,,0.0,0.0,0.0,0.0,0.0,0.0
1773800154.0779226,False,0.29422665,1773800144.769748,610.31,5.385033,6.2912526,10.20668,-0.0012523984,,,,,,,,,,,0.0,0.0,0.0,0.0,0.0,0.0
1773800154.0883696,False,0.29422665,1773800144.769748,610.31,5.385033,6.2912526,10.20668,-0.0012523984,,,,,,,,,,,0.0,0.0,0.0,0.0,0.0,0.0
1773800154.09791,False,0.29422665,1773800144.769748,610.31,5.385033,6.2912526,10.20668,-0.0012523984,,,,,,,,,,,0.0,0.0,0.0,0.0,0.0,0.0
1773800154.1081712,False,0.29422665,1773800144.769748,610.31,5.385033,6.2912526,10.20668,-0.0012523984,,,,,,,,,,,0.0,0.0,0.0,0.0,0.0,0.0
1773800154.1180637,False,0.29422665,1773800144.769748,610.31,5.385033,6.2912526,10.20668,-0.0012523984,,,,,,,,,,,0.0,0.0,0.0,0.0,0.0,0.0
1773800154.128196,False,0.29422665,1773800144.769748,610.31,5.385033,6.2912526,10.20668,-0.0012523984,,,,,,,,,,,0.0,0.0,0.0,0.0,0.0,0.0
1773800154.1381648,False,0.29422665,1773800144.769748,610.31,5.385033,6.2912526,10.20668,-0.0012523984,,,,,,,,,,,0.0,0.0,0.0,0.0,0.0,0.0
1773800154.1476808,False,0.29422665,1773800144.769748,610.31,5.385033,6.2912526,10.20668,-0.0012523984,,,,,,,,,,,0.0,0.0,0.0,0.0,0.0,0.0
1773800154.1582057,False,0.29422665,1773800144.769748,610.31,5.385033,6.2912526,10.20668,-0.0012523984,,,,,,,,,,,0.0,0.0,0.0,0.0,0.0,0.0
1773800154.1677527,False,0.29422665,1773800144.769748,610.31,5.385033,6.2912526,10.20668,-0.0012523984,,,,,,,,,,,0.0,0.0,0.0,0.0,0.0,0.0
1773800154.1782825,False,0.29422665,1773800144.769748,610.31,5.385033,6.2912526,10.20668,-0.0012523984,,,,,,,,,,,0.0,0.0,0.0,0.0,0.0,0.0
1773800154.188193,False,0.29422665,1773800144.769748,610.31,5.385033,6.2912526,10.20668,-0.0012523984,,,,,,,,,,,0.0,0.0,0.0,0.0,0.0,0.0
1773800154.1984334,False,0.29422665,1773800144.769748,610.31,5.385033,6.2912526,10.20668,-0.0012523984,,,,,,,,,,,0.0,0.0,0.0,0.0,0.0,0.0
1773800154.2086384,False,0.29422665,1773800144.769748,610.31,5.385033,6.2912526,10.20668,-0.0012523984,,,,,,,,,,,0.0,0.0,0.0,0.0,0.0,0.0
1773800154.2185335,False,0.29422665,1773800144.769748,610.31,5.385033,6.2912526,10.20668,-0.0012523984,,,,,,,,,,,0.0,0.0,0.0,0.0,0.0,0.0
1773800154.2284815,False,0.29422665,1773800144.769748,610.31,5.385033,6.2912526,10.20668,-0.0012523984,,,,,,,,,,,0.0,0.0,0.0,0.0,0.0,0.0
1773800154.2380877,False,0.29422665,1773800144.769748,610.31,5.385033,6.2912526,10.20668,-0.0012523984,,,,,,,,,,,0.0,0.0,0.0,0.0,0.0,0.0
1773800154.2481785,False,0.29422665,1773800144.769748,610.31,5.385033,6.2912526,10.20668,-0.0012523984,,,,,,,,,,,0.0,0.0,0.0,0.0,0.0,0.0
1773800154.2581644,False,0.29422665,1773800144.769748,610.31,5.385033,6.2912526,10.20668,-0.0012523984,,,,,,,,,,,0.0,0.0,0.0,0.0,0.0,0.0
1773800154.2683067,False,0.29422665,1773800144.769748,610.31,5.385033,6.2912526,10.20668,-0.0012523984,,,,,,,,,,,0.0,0.0,0.0,0.0,0.0,0.0
1773800154.278,False,0.29422665,1773800144.769748,610.31,5.385033,6.2912526,10.20668,-0.0012523984,,,,,,,,,,,0.0,0.0,0.0,0.0,0.0,0.0
1773800154.2883363,False,0.29422665,1773800144.769748,610.31,5.385033,6.2912526,10.20668,-0.0012523984,,,,,,,,,,,0.0,0.0,0.0,0.0,0.0,0.0
1773800154.2987776,False,0.29422665,1773800144.769748,610.31,5.385033,6.2912526,10.20668,-0.0012523984,,,,,,,,,,,0.0,0.0,0.0,0.0,0.0,0.0
1773800154.3079956,False,0.29422665,1773800144.769748,610.31,5.385033,6.2912526,10.20668,-0.0012523984,,,,,,,,,,,0.0,0.0,0.0,0.0,0.0,0.0
1773800154.3183496,False,0.29422665,1773800144.769748,610.31,5.385033,6.2912526,10.20668,-0.0012523984,,,,,,,,,,,0.0,0.0,0.0,0.0,0.0,0.0
1773800154.3283055,False,0.29422665,1773800144.769748,610.31,5.385033,6.2912526,10.20668,-0.0012523984,,,,,,,,,,,0.0,0.0,0.0,0.0,0.0,0.0
1773800154.3378818,False,0.29422665,1773800144.769748,610.31,5.385033,6.2912526,10.20668,-0.0012523984,,,,,,,,,,,0.0,0.0,0.0,0.0,0.0,0.0
1773800154.3482556,False,0.29422665,1773800144.769748,610.31,5.385033,6.2912526,10.20668,-0.0012523984,,,,,,,,,,,0.0,0.0,0.0,0.0,0.0,0.0
1773800154.3583493,False,0.29422665,1773800144.769748,610.31,5.385033,6.2912526,10.20668,-0.0012523984,,,,,,,,,,,0.0,0.0,0.0,0.0,0.0,0.0
1773800154.3679807,False,0.29422665,1773800144.769748,610.31,5.385033,6.2912526,10.20668,-0.0012523984,,,,,,,,,,,0.0,0.0,0.0,0.0,0.0,0.0
1773800154.3780324,False,0.29422665,1773800144.769748,610.31,5.385033,6.2912526,10.20668,-0.0012523984,,,,,,,,,,,0.0,0.0,0.0,0.0,0.0,0.0
1773800154.3881445,False,0.29422665,1773800144.769748,610.31,5.385033,6.2912526,10.20668,-0.0012523984,,,,,,,,,,,0.0,0.0,0.0,0.0,0.0,0.0
1773800154.397921,False,0.29422665,1773800144.769748,610.31,5.385033,6.2912526,10.20668,-0.0012523984,,,,,,,,,,,0.0,0.0,0.0,0.0,0.0,0.0
1773800154.4079366,False,0.29422665,1773800144.769748,610.31,5.385033,6.2912526,10.20668,-0.0012523984,,,,,,,,,,,0.0,0.0,0.0,0.0,0.0,0.0
1773800154.4177763,False,0.29422665,1773800144.769748,610.31,5.385033,6.2912526,10.20668,-0.0012523984,,,,,,,,,,,0.0,0.0,0.0,0.0,0.0,0.0
1773800154.428354,False,0.29422665,1773800144.769748,610.31,5.385033,6.2912526,10.20668,-0.0012523984,,,,,,,,,,,0.0,0.0,0.0,0.0,0.0,0.0
1773800154.4379933,False,0.29422665,1773800144.769748,610.31,5.385033,6.2912526,10.20668,-0.0012523984,,,,,,,,,,,0.0,0.0,0.0,0.0,0.0,0.0
1773800154.447904,False,0.29422665,1773800144.769748,610.31,5.385033,6.2912526,10.20668,-0.0012523984,,,,,,,,,,,0.0,0.0,0.0,0.0,0.0,0.0
1773800154.4582021,False,0.29422665,1773800144.769748,610.31,5.385033,6.2912526,10.20668,-0.0012523984,,,,,,,,,,,0.0,0.0,0.0,0.0,0.0,0.0
1773800154.4676836,False,0.29422665,1773800144.769748,610.31,5.385033,6.2912526,10.20668,-0.0012523984,,,,,,,,,,,0.0,0.0,0.0,0.0,0.0,0.0
1773800154.4777472,False,0.29422665,1773800144.769748,610.31,5.385033,6.2912526,10.20668,-0.0012523984,,,,,,,,,,,0.0,0.0,0.0,0.0,0.0,0.0
1773800154.488216,False,0.29422665,1773800144.769748,610.31,5.385033,6.2912526,10.20668,-0.0012523984,,,,,,,,,,,0.0,0.0,0.0,0.0,0.0,0.0
1773800154.4977705,False,0.29422665,1773800144.769748,610.31,5.385033,6.2912526,10.20668,-0.0012523984,,,,,,,,,,,0.0,0.0,0.0,0.0,0.0,0.0
1773800154.5079095,False,0.29422665,1773800144.769748,610.31,5.385033,6.2912526,10.20668,-0.0012523984,,,,,,,,,,,0.0,0.0,0.0,0.0,0.0,0.0
1773800154.517939,False,0.29422665,1773800144.769748,610.31,5.385033,6.2912526,10.20668,-0.0012523984,,,,,,,,,,,0.0,0.0,0.0,0.0,0.0,0.0
1773800154.5280125,False,0.29422665,1773800144.769748,610.31,5.385033,6.2912526,10.20668,-0.0012523984,,,,,,,,,,,0.0,0.0,0.0,0.0,0.0,0.0
1773800154.5385158,False,0.29422665,1773800144.769748,610.31,5.385033,6.2912526,10.20668,-0.0012523984,,,,,,,,,,,0.0,0.0,0.0,0.0,0.0,0.0
1773800154.5481572,False,0.29422665,1773800144.769748,610.31,5.385033,6.2912526,10.20668,-0.0012523984,,,,,,,,,,,0.0,0.0,0.0,0.0,0.0,0.0
1773800154.558389,False,0.29422665,1773800144.769748,610.31,5.385033,6.2912526,10.20668,-0.0012523984,,,,,,,,,,,0.0,0.0,0.0,0.0,0.0,0.0
1773800154.568097,False,0.29422665,1773800144.769748,610.31,5.385033,6.2912526,10.20668,-0.0012523984,,,,,,,,,,,0.0,0.0,0.0,0.0,0.0,0.0
1773800154.5821512,False,0.29422665,1773800144.769748,610.31,5.385033,6.2912526,10.20668,-0.0012523984,,,,,,,,,,,0.0,0.0,0.0,0.0,0.0,0.0
1773800154.5881605,False,0.29422665,1773800144.769748,610.31,5.385033,6.2912526,10.20668,-0.0012523984,,,,,,,,,,,0.0,0.0,0.0,0.0,0.0,0.0
1773800154.5986865,False,0.29422665,1773800144.769748,610.31,5.385033,6.2912526,10.20668,-0.0012523984,,,,,,,,,,,0.0,0.0,0.0,0.0,0.0,0.0
1773800154.6082134,False,0.29422665,1773800144.769748,610.31,5.385033,6.2912526,10.20668,-0.0012523984,,,,,,,,,,,0.0,0.0,0.0,0.0,0.0,0.0
1773800154.6182582,False,0.29422665,1773800144.769748,610.31,5.385033,6.2912526,10.20668,-0.0012523984,,,,,,,,,,,0.0,0.0,0.0,0.0,0.0,0.0
1773800154.6279643,False,0.29422665,1773800144.769748,610.31,5.385033,6.2912526,10.20668,-0.0012523984,,,,,,,,,,,0.0,0.0,0.0,0.0,0.0,0.0
1773800154.638027,False,0.29422665,1773800144.769748,610.31,5.385033,6.2912526,10.20668,-0.0012523984,,,,,,,,,,,0.0,0.0,0.0,0.0,0.0,0.0
1773800154.6484435,False,0.29422665,1773800144.769748,610.31,5.385033,6.2912526,10.20668,-0.0012523984,,,,,,,,,,,0.0,0.0,0.0,0.0,0.0,0.0
1773800154.657931,False,0.29422665,1773800144.769748,610.31,5.385033,6.2912526,10.20668,-0.0012523984,,,,,,,,,,,0.0,0.0,0.0,0.0,0.0,0.0
1773800154.6680095,False,0.29422665,1773800144.769748,610.31,5.385033,6.2912526,10.20668,-0.0012523984,,,,,,,,,,,0.0,0.0,0.0,0.0,0.0,0.0
1773800154.6780705,False,0.29422665,1773800144.769748,610.31,5.385033,6.2912526,10.20668,-0.0012523984,,,,,,,,,,,0.0,0.0,0.0,0.0,0.0,0.0
1773800154.6885452,False,0.29422665,1773800144.769748,610.31,5.385033,6.2912526,10.20668,-0.0012523984,,,,,,,,,,,0.0,0.0,0.0,0.0,0.0,0.0
1773800154.6983278,False,0.29422665,1773800144.769748,610.31,5.385033,6.2912526,10.20668,-0.0012523984,,,,,,,,,,,0.0,0.0,0.0,0.0,0.0,0.0
1773800154.7078624,False,0.29422665,1773800144.769748,610.31,5.385033,6.2912526,10.20668,-0.0012523984,,,,,,,,,,,0.0,0.0,0.0,0.0,0.0,0.0
1773800154.7183783,False,0.29422665,1773800144.769748,610.31,5.385033,6.2912526,10.20668,-0.0012523984,,,,,,,,,,,0.0,0.0,0.0,0.0,0.0,0.0
1773800154.7281566,False,0.29422665,1773800144.769748,610.31,5.385033,6.2912526,10.20668,-0.0012523984,,,,,,,,,,,0.0,0.0,0.0,0.0,0.0,0.0
1773800154.7377799,False,0.29422665,1773800144.769748,610.31,5.385033,6.2912526,10.20668,-0.0012523984,,,,,,,,,,,0.0,0.0,0.0,0.0,0.0,0.0
1773800154.7483292,False,0.29422665,1773800144.769748,610.31,5.385033,6.2912526,10.20668,-0.0012523984,,,,,,,,,,,0.0,0.0,0.0,0.0,0.0,0.0
1773800154.7579954,False,0.29422665,1773800144.769748,610.31,5.385033,6.2912526,10.20668,-0.0012523984,,,,,,,,,,,0.0,0.0,0.0,0.0,0.0,0.0
1773800154.767996,False,0.29422665,1773800144.769748,610.31,5.385033,6.2912526,10.20668,-0.0012523984,,,,,,,,,,,0.0,0.0,0.0,0.0,0.0,0.0
1773800154.7780974,False,0.29422665,1773800144.769748,610.31,5.385033,6.2912526,10.20668,-0.0012523984,,,,,,,,,,,0.0,0.0,0.0,0.0,0.0,0.0
1773800154.7881837,False,0.29422665,1773800144.769748,610.31,5.385033,6.2912526,10.20668,-0.0012523984,,,,,,,,,,,0.0,0.0,0.0,0.0,0.0,0.0
1773800154.7980218,False,0.29422665,1773800144.769748,610.31,5.385033,6.2912526,10.20668,-0.0012523984,,,,,,,,,,,0.0,0.0,0.0,0.0,0.0,0.0
1773800154.8083093,False,0.29422665,1773800144.769748,610.31,5.385033,6.2912526,10.20668,-0.0012523984,,,,,,,,,,,0.0,0.0,0.0,0.0,0.0,0.0
1773800154.818109,False,0.29422665,1773800144.769748,610.31,5.385033,6.2912526,10.20668,-0.0012523984,,,,,,,,,,,0.0,0.0,0.0,0.0,0.0,0.0
1773800154.828608,False,0.29422665,1773800144.769748,610.31,5.385033,6.2912526,10.20668,-0.0012523984,,,,,,,,,,,0.0,0.0,0.0,0.0,0.0,0.0
1773800154.8381555,False,0.29422665,1773800144.769748,610.31,5.385033,6.2912526,10.20668,-0.0012523984,,,,,,,,,,,0.0,0.0,0.0,0.0,0.0,0.0
1773800154.8483057,False,0.29422665,1773800144.769748,610.31,5.385033,6.2912526,10.20668,-0.0012523984,,,,,,,,,,,0.0,0.0,0.0,0.0,0.0,0.0
1773800154.8581004,False,0.29422665,1773800144.769748,610.31,5.385033,6.2912526,10.20668,-0.0012523984,,,,,,,,,,,0.0,0.0,0.0,0.0,0.0,0.0
1773800154.8681524,False,0.29422665,1773800144.769748,610.31,5.385033,6.2912526,10.20668,-0.0012523984,,,,,,,,,,,0.0,0.0,0.0,0.0,0.0,0.0
1773800154.878224,False,0.29422665,1773800144.769748,610.31,5.385033,6.2912526,10.20668,-0.0012523984,,,,,,,,,,,0.0,0.0,0.0,0.0,0.0,0.0
1773800154.8880591,False,0.29422665,1773800144.769748,610.31,5.385033,6.2912526,10.20668,-0.0012523984,,,,,,,,,,,0.0,0.0,0.0,0.0,0.0,0.0
1773800154.8979008,False,0.29422665,1773800144.769748,610.31,5.385033,6.2912526,10.20668,-0.0012523984,,,,,,,,,,,0.0,0.0,0.0,0.0,0.0,0.0
1773800154.907952,False,0.29422665,1773800144.769748,610.31,5.385033,6.2912526,10.20668,-0.0012523984,,,,,,,,,,,0.0,0.0,0.0,0.0,0.0,0.0
1773800154.9179873,False,0.29422665,1773800144.769748,610.31,5.385033,6.2912526,10.20668,-0.0012523984,,,,,,,,,,,0.0,0.0,0.0,0.0,0.0,0.0
1773800154.9281712,False,0.29422665,1773800144.769748,610.31,5.385033,6.2912526,10.20668,-0.0012523984,,,,,,,,,,,0.0,0.0,0.0,0.0,0.0,0.0
1773800154.9378023,False,0.29422665,1773800144.769748,610.31,5.385033,6.2912526,10.20668,-0.0012523984,,,,,,,,,,,0.0,0.0,0.0,0.0,0.0,0.0
1773800154.9479995,False,0.29422665,1773800144.769748,610.31,5.385033,6.2912526,10.20668,-0.0012523984,,,,,,,,,,,0.0,0.0,0.0,0.0,0.0,0.0
1773800154.9583416,False,0.29422665,1773800144.769748,610.31,5.385033,6.2912526,10.20668,-0.0012523984,,,,,,,,,,,0.0,0.0,0.0,0.0,0.0,0.0
1773800154.9953315,False,0.29422665,1773800144.769748,610.31,5.385033,6.2912526,10.20668,-0.0012523984,,,,,,,,,,,0.0,0.0,0.0,0.0,0.0,0.0
