time,det_valid,det_conf,det_t,det_u,det_v,det_w,det_h,det_theta,u_filtered,v_filtered,area_filtered,sin_filtered,cos_filtered,theta_filtered,e_u,e_v,e_area,e_theta,vx,vy,vz,wx,wy,wz
1773803075.1663513,False,,,,,,,,,,,,,,,,,,0.0,0.0,0.0,0.0,0.0,0.0
1773803075.1849318,False,,,,,,,,,,,,,,,,,,0.0,0.0,0.0,0.0,0.0,0.0
1773803075.1871428,False,,,,,,,,,,,,,,,,,,0.0,0.0,0.0,0.0,0.0,0.0
1773803075.196745,False,,,,,,,,,,,,,,,,,,0.0,0.0,0.0,0.0,0.0,0.0
1773803075.2069335,False,,,,,,,,,,,,,,,,,,0.0,0.0,0.0,0.0,0.0,0.0
1773803075.2170153,False,,,,,,,,,,,,,,,,,,0.0,0.0,0.0,0.0,0.0,0.0
1773803075.2271888,False,,,,,,,,,,,,,,,,,,0.0,0.0,0.0,0.0,0.0,0.0
1773803075.2372184,False,,,,,,,,,,,,,,,,,,0.0,0.0,0.0,0.0,0.0,0.0
1773803075.246837,False,,,,,,,,,,,,,,,,,,0.0,0.0,0.0,0.0,0.0,0.0
1773803075.257028,False,,,,,,,,,,,,,,,,,,0.0,0.0,0.0,0.0,0.0,0.0
1773803075.266916,False,,,,,,,,,,,,,,,,,,0.0,0.0,0.0,0.0,0.0,0.0
1773803075.2765877,False,,,,,,,,,,,,,,,,,,0.0,0.0,0.0,0.0,0.0,0.0
1773803075.2871552,False,,,,,,,,,,,,,,,,,,0.0,0.0,0.0,0.0,0.0,0.0
1773803075.2968378,False,,,,,,,,,,,,,,,,,,0.0,0.0,0.0,0.0,0.0,0.0
1773803075.307111,False,,,,,,,,,,,,,,,,,,0.0,0.0,0.0,0.0,0.0,0.0
1773803075.3168223,False,,,,,,,,,,,,,,,,,,0.0,0.0,0.0,0.0,0.0,0.0
1773803075.3269916,False,,,,,,,,,,,,,,,,,,0.0,0.0,0.0,0.0,0.0,0.0
1773803075.3369067,False,,,,,,,,,,,,,,,,,,0.0,0.0,0.0,0.0,0.0,0.0
1773803075.3473215,False,,,,,,,,,,,,,,,,,,0.0,0.0,0.0,0.0,0.0,0.0
1773803075.3568804,False,,,,,,,,,,,,,,,,,,0.0,0.0,0.0,0.0,0.0,0.0
1773803075.366957,False,,,,,,,,,,,,,,,,,,0.0,0.0,0.0,0.0,0.0,0.0
1773803075.3770587,False,,,,,,,,,,,,,,,,,,0.0,0.0,0.0,0.0,0.0,0.0
1773803075.3866234,False,,,,,,,,,,,,,,,,,,0.0,0.0,0.0,0.0,0.0,0.0
1773803075.3974397,False,,,,,,,,,,,,,,,,,,0.0,0.0,0.0,0.0,0.0,0.0
1773803075.4067922,False,,,,,,,,,,,,,,,,,,0.0,0.0,0.0,0.0,0.0,0.0
1773803075.417031,False,,,,,,,,,,,,,,,,,,0.0,0.0,0.0,0.0,0.0,0.0
1773803075.4270816,False,,,,,,,,,,,,,,,,,,0.0,0.0,0.0,0.0,0.0,0.0
1773803075.4367592,False,,,,,,,,,,,,,,,,,,0.0,0.0,0.0,0.0,0.0,0.0
1773803075.4472156,False,,,,,,,,,,,,,,,,,,0.0,0.0,0.0,0.0,0.0,0.0
1773803075.4570818,False,,,,,,,,,,,,,,,,,,0.0,0.0,0.0,0.0,0.0,0.0
1773803075.4669402,False,,,,,,,,,,,,,,,,,,0.0,0.0,0.0,0.0,0.0,0.0
1773803075.4769874,False,,,,,,,,,,,,,,,,,,0.0,0.0,0.0,0.0,0.0,0.0
1773803075.4871783,False,,,,,,,,,,,,,,,,,,0.0,0.0,0.0,0.0,0.0,0.0
1773803075.4970634,False,,,,,,,,,,,,,,,,,,0.0,0.0,0.0,0.0,0.0,0.0
1773803075.5070043,False,,,,,,,,,,,,,,,,,,0.0,0.0,0.0,0.0,0.0,0.0
1773803075.5169315,False,,,,,,,,,,,,,,,,,,0.0,0.0,0.0,0.0,0.0,0.0
1773803075.5269475,False,,,,,,,,,,,,,,,,,,0.0,0.0,0.0,0.0,0.0,0.0
1773803075.536963,False,,,,,,,,,,,,,,,,,,0.0,0.0,0.0,0.0,0.0,0.0
1773803075.546997,False,,,,,,,,,,,,,,,,,,0.0,0.0,0.0,0.0,0.0,0.0
1773803075.5570302,False,,,,,,,,,,,,,,,,,,0.0,0.0,0.0,0.0,0.0,0.0
1773803075.5670474,False,,,,,,,,,,,,,,,,,,0.0,0.0,0.0,0.0,0.0,0.0
1773803075.5765686,False,,,,,,,,,,,,,,,,,,0.0,0.0,0.0,0.0,0.0,0.0
1773803075.5868764,False,,,,,,,,,,,,,,,,,,0.0,0.0,0.0,0.0,0.0,0.0
1773803075.5970156,False,,,,,,,,,,,,,,,,,,0.0,0.0,0.0,0.0,0.0,0.0
1773803075.607064,False,,,,,,,,,,,,,,,,,,0.0,0.0,0.0,0.0,0.0,0.0
1773803075.6168396,False,,,,,,,,,,,,,,,,,,0.0,0.0,0.0,0.0,0.0,0.0
1773803075.62688,False,,,,,,,,,,,,,,,,,,0.0,0.0,0.0,0.0,0.0,0.0
1773803075.6369915,False,,,,,,,,,,,,,,,,,,0.0,0.0,0.0,0.0,0.0,0.0
1773803075.6472063,False,,,,,,,,,,,,,,,,,,0.0,0.0,0.0,0.0,0.0,0.0
1773803075.6568153,False,,,,,,,,,,,,,,,,,,0.0,0.0,0.0,0.0,0.0,0.0
1773803075.6668668,False,,,,,,,,,,,,,,,,,,0.0,0.0,0.0,0.0,0.0,0.0
1773803075.6770775,False,,,,,,,,,,,,,,,,,,0.0,0.0,0.0,0.0,0.0,0.0
1773803075.6871073,False,,,,,,,,,,,,,,,,,,0.0,0.0,0.0,0.0,0.0,0.0
1773803075.6967514,False,,,,,,,,,,,,,,,,,,0.0,0.0,0.0,0.0,0.0,0.0
1773803075.7069101,False,,,,,,,,,,,,,,,,,,0.0,0.0,0.0,0.0,0.0,0.0
1773803075.717239,False,,,,,,,,,,,,,,,,,,0.0,0.0,0.0,0.0,0.0,0.0
1773803075.726755,False,,,,,,,,,,,,,,,,,,0.0,0.0,0.0,0.0,0.0,0.0
1773803075.7370818,False,,,,,,,,,,,,,,,,,,0.0,0.0,0.0,0.0,0.0,0.0
1773803075.7467806,False,,,,,,,,,,,,,,,,,,0.0,0.0,0.0,0.0,0.0,0.0
1773803075.7568858,False,,,,,,,,,,,,,,,,,,0.0,0.0,0.0,0.0,0.0,0.0
1773803075.7669647,False,,,,,,,,,,,,,,,,,,0.0,0.0,0.0,0.0,0.0,0.0
1773803075.7771404,False,,,,,,,,,,,,,,,,,,0.0,0.0,0.0,0.0,0.0,0.0
1773803075.7870042,False,,,,,,,,,,,,,,,,,,0.0,0.0,0.0,0.0,0.0,0.0
1773803075.7970474,False,,,,,,,,,,,,,,,,,,0.0,0.0,0.0,0.0,0.0,0.0
1773803075.8071127,False,,,,,,,,,,,,,,,,,,0.0,0.0,0.0,0.0,0.0,0.0
1773803075.8170502,False,,,,,,,,,,,,,,,,,,0.0,0.0,0.0,0.0,0.0,0.0
1773803075.8267746,False,,,,,,,,,,,,,,,,,,0.0,0.0,0.0,0.0,0.0,0.0
1773803075.8368814,False,,,,,,,,,,,,,,,,,,0.0,0.0,0.0,0.0,0.0,0.0
1773803075.8469024,False,,,,,,,,,,,,,,,,,,0.0,0.0,0.0,0.0,0.0,0.0
1773803075.8567061,False,,,,,,,,,,,,,,,,,,0.0,0.0,0.0,0.0,0.0,0.0
1773803075.8666437,False,,,,,,,,,,,,,,,,,,0.0,0.0,0.0,0.0,0.0,0.0
1773803075.8767543,False,,,,,,,,,,,,,,,,,,0.0,0.0,0.0,0.0,0.0,0.0
1773803076.768867,False,,,,,,,,,,,,,,,,,,0.0,0.0,0.0,0.0,0.0,0.0
1773803076.768867,False,,,,,,,,,,,,,,,,,,0.0,0.0,0.0,0.0,0.0,0.0
1773803076.7803807,False,,,,,,,,,,,,,,,,,,0.0,0.0,0.0,0.0,0.0,0.0
1773803076.7894046,False,,,,,,,,,,,,,,,,,,0.0,0.0,0.0,0.0,0.0,0.0
1773803076.7991033,False,,,,,,,,,,,,,,,,,,0.0,0.0,0.0,0.0,0.0,0.0
1773803076.8093681,False,,,,,,,,,,,,,,,,,,0.0,0.0,0.0,0.0,0.0,0.0
1773803076.8194728,False,,,,,,,,,,,,,,,,,,0.0,0.0,0.0,0.0,0.0,0.0
1773803076.8295224,False,,,,,,,,,,,,,,,,,,0.0,0.0,0.0,0.0,0.0,0.0
1773803076.839545,False,,,,,,,,,,,,,,,,,,0.0,0.0,0.0,0.0,0.0,0.0
1773803076.8497028,False,,,,,,,,,,,,,,,,,,0.0,0.0,0.0,0.0,0.0,0.0
1773803076.8597236,False,,,,,,,,,,,,,,,,,,0.0,0.0,0.0,0.0,0.0,0.0
1773803076.8692615,False,,,,,,,,,,,,,,,,,,0.0,0.0,0.0,0.0,0.0,0.0
1773803076.879331,False,,,,,,,,,,,,,,,,,,0.0,0.0,0.0,0.0,0.0,0.0
1773803076.8894167,False,,,,,,,,,,,,,,,,,,0.0,0.0,0.0,0.0,0.0,0.0
1773803076.8994536,False,,,,,,,,,,,,,,,,,,0.0,0.0,0.0,0.0,0.0,0.0
1773803076.909362,False,,,,,,,,,,,,,,,,,,0.0,0.0,0.0,0.0,0.0,0.0
1773803076.9194489,False,,,,,,,,,,,,,,,,,,0.0,0.0,0.0,0.0,0.0,0.0
1773803076.9294748,False,,,,,,,,,,,,,,,,,,0.0,0.0,0.0,0.0,0.0,0.0
1773803076.9394941,False,,,,,,,,,,,,,,,,,,0.0,0.0,0.0,0.0,0.0,0.0
1773803076.94952,False,,,,,,,,,,,,,,,,,,0.0,0.0,0.0,0.0,0.0,0.0
1773803076.9595802,False,,,,,,,,,,,,,,,,,,0.0,0.0,0.0,0.0,0.0,0.0
1773803076.9696634,False,,,,,,,,,,,,,,,,,,0.0,0.0,0.0,0.0,0.0,0.0
1773803076.9792016,False,,,,,,,,,,,,,,,,,,0.0,0.0,0.0,0.0,0.0,0.0
1773803076.9892638,False,,,,,,,,,,,,,,,,,,0.0,0.0,0.0,0.0,0.0,0.0
1773803076.999655,False,,,,,,,,,,,,,,,,,,0.0,0.0,0.0,0.0,0.0,0.0
1773803077.0096803,False,,,,,,,,,,,,,,,,,,0.0,0.0,0.0,0.0,0.0,0.0
1773803077.0204124,False,,,,,,,,,,,,,,,,,,0.0,0.0,0.0,0.0,0.0,0.0
1773803077.0295599,False,,,,,,,,,,,,,,,,,,0.0,0.0,0.0,0.0,0.0,0.0
1773803077.0396242,False,,,,,,,,,,,,,,,,,,0.0,0.0,0.0,0.0,0.0,0.0
1773803077.0492702,False,,,,,,,,,,,,,,,,,,0.0,0.0,0.0,0.0,0.0,0.0
1773803077.059526,False,,,,,,,,,,,,,,,,,,0.0,0.0,0.0,0.0,0.0,0.0
1773803077.0695577,False,,,,,,,,,,,,,,,,,,0.0,0.0,0.0,0.0,0.0,0.0
1773803077.0792942,False,,,,,,,,,,,,,,,,,,0.0,0.0,0.0,0.0,0.0,0.0
1773803077.089349,False,,,,,,,,,,,,,,,,,,0.0,0.0,0.0,0.0,0.0,0.0
1773803077.099547,False,,,,,,,,,,,,,,,,,,0.0,0.0,0.0,0.0,0.0,0.0
1773803077.109559,False,,,,,,,,,,,,,,,,,,0.0,0.0,0.0,0.0,0.0,0.0
1773803077.1195853,False,,,,,,,,,,,,,,,,,,0.0,0.0,0.0,0.0,0.0,0.0
1773803077.1296306,False,,,,,,,,,,,,,,,,,,0.0,0.0,0.0,0.0,0.0,0.0
1773803077.1391444,False,,,,,,,,,,,,,,,,,,0.0,0.0,0.0,0.0,0.0,0.0
1773803077.1494374,False,,,,,,,,,,,,,,,,,,0.0,0.0,0.0,0.0,0.0,0.0
1773803077.159472,False,,,,,,,,,,,,,,,,,,0.0,0.0,0.0,0.0,0.0,0.0
1773803077.1691978,False,,,,,,,,,,,,,,,,,,0.0,0.0,0.0,0.0,0.0,0.0
1773803077.179277,False,,,,,,,,,,,,,,,,,,0.0,0.0,0.0,0.0,0.0,0.0
1773803077.1893892,False,,,,,,,,,,,,,,,,,,0.0,0.0,0.0,0.0,0.0,0.0
1773803077.1992414,False,,,,,,,,,,,,,,,,,,0.0,0.0,0.0,0.0,0.0,0.0
1773803077.209298,False,,,,,,,,,,,,,,,,,,0.0,0.0,0.0,0.0,0.0,0.0
1773803077.2193437,False,,,,,,,,,,,,,,,,,,0.0,0.0,0.0,0.0,0.0,0.0
1773803077.2295265,False,,,,,,,,,,,,,,,,,,0.0,0.0,0.0,0.0,0.0,0.0
1773803077.239588,False,,,,,,,,,,,,,,,,,,0.0,0.0,0.0,0.0,0.0,0.0
1773803077.2493637,False,,,,,,,,,,,,,,,,,,0.0,0.0,0.0,0.0,0.0,0.0
1773803077.2596948,False,,,,,,,,,,,,,,,,,,0.0,0.0,0.0,0.0,0.0,0.0
1773803077.2692516,False,,,,,,,,,,,,,,,,,,0.0,0.0,0.0,0.0,0.0,0.0
1773803077.2794926,False,,,,,,,,,,,,,,,,,,0.0,0.0,0.0,0.0,0.0,0.0
1773803077.2896192,False,,,,,,,,,,,,,,,,,,0.0,0.0,0.0,0.0,0.0,0.0
1773803077.2996533,False,,,,,,,,,,,,,,,,,,0.0,0.0,0.0,0.0,0.0,0.0
1773803077.3094277,False,,,,,,,,,,,,,,,,,,0.0,0.0,0.0,0.0,0.0,0.0
1773803077.319517,False,,,,,,,,,,,,,,,,,,0.0,0.0,0.0,0.0,0.0,0.0
1773803077.3295424,False,,,,,,,,,,,,,,,,,,0.0,0.0,0.0,0.0,0.0,0.0
1773803077.339243,False,,,,,,,,,,,,,,,,,,0.0,0.0,0.0,0.0,0.0,0.0
1773803077.349295,False,,,,,,,,,,,,,,,,,,0.0,0.0,0.0,0.0,0.0,0.0
1773803077.3594353,False,,,,,,,,,,,,,,,,,,0.0,0.0,0.0,0.0,0.0,0.0
1773803077.3695576,False,,,,,,,,,,,,,,,,,,0.0,0.0,0.0,0.0,0.0,0.0
1773803077.3791118,False,,,,,,,,,,,,,,,,,,0.0,0.0,0.0,0.0,0.0,0.0
1773803077.389626,False,,,,,,,,,,,,,,,,,,0.0,0.0,0.0,0.0,0.0,0.0
1773803077.3998482,False,,,,,,,,,,,,,,,,,,0.0,0.0,0.0,0.0,0.0,0.0
1773803077.4094262,False,,,,,,,,,,,,,,,,,,0.0,0.0,0.0,0.0,0.0,0.0
1773803077.4194772,False,,,,,,,,,,,,,,,,,,0.0,0.0,0.0,0.0,0.0,0.0
1773803077.4295151,False,,,,,,,,,,,,,,,,,,0.0,0.0,0.0,0.0,0.0,0.0
1773803077.4393437,False,,,,,,,,,,,,,,,,,,0.0,0.0,0.0,0.0,0.0,0.0
1773803077.4491596,False,,,,,,,,,,,,,,,,,,0.0,0.0,0.0,0.0,0.0,0.0
1773803077.459185,False,,,,,,,,,,,,,,,,,,0.0,0.0,0.0,0.0,0.0,0.0
1773803077.4697514,False,,,,,,,,,,,,,,,,,,0.0,0.0,0.0,0.0,0.0,0.0
1773803077.4793358,False,,,,,,,,,,,,,,,,,,0.0,0.0,0.0,0.0,0.0,0.0
1773803077.4893634,False,,,,,,,,,,,,,,,,,,0.0,0.0,0.0,0.0,0.0,0.0
1773803077.4995265,False,,,,,,,,,,,,,,,,,,0.0,0.0,0.0,0.0,0.0,0.0
1773803077.5095882,False,,,,,,,,,,,,,,,,,,0.0,0.0,0.0,0.0,0.0,0.0
1773803077.5196323,False,,,,,,,,,,,,,,,,,,0.0,0.0,0.0,0.0,0.0,0.0
1773803077.52965,False,,,,,,,,,,,,,,,,,,0.0,0.0,0.0,0.0,0.0,0.0
1773803077.5396657,False,,,,,,,,,,,,,,,,,,0.0,0.0,0.0,0.0,0.0,0.0
1773803077.5491989,False,,,,,,,,,,,,,,,,,,0.0,0.0,0.0,0.0,0.0,0.0
1773803077.5592484,False,,,,,,,,,,,,,,,,,,0.0,0.0,0.0,0.0,0.0,0.0
1773803077.5692737,False,,,,,,,,,,,,,,,,,,0.0,0.0,0.0,0.0,0.0,0.0
1773803077.5793037,False,,,,,,,,,,,,,,,,,,0.0,0.0,0.0,0.0,0.0,0.0
1773803077.589361,False,,,,,,,,,,,,,,,,,,0.0,0.0,0.0,0.0,0.0,0.0
1773803077.5993829,False,,,,,,,,,,,,,,,,,,0.0,0.0,0.0,0.0,0.0,0.0
1773803077.609195,False,,,,,,,,,,,,,,,,,,0.0,0.0,0.0,0.0,0.0,0.0
1773803077.6197186,False,,,,,,,,,,,,,,,,,,0.0,0.0,0.0,0.0,0.0,0.0
1773803077.6292503,False,,,,,,,,,,,,,,,,,,0.0,0.0,0.0,0.0,0.0,0.0
1773803077.6392677,False,,,,,,,,,,,,,,,,,,0.0,0.0,0.0,0.0,0.0,0.0
1773803077.6492884,False,,,,,,,,,,,,,,,,,,0.0,0.0,0.0,0.0,0.0,0.0
1773803077.6593654,False,,,,,,,,,,,,,,,,,,0.0,0.0,0.0,0.0,0.0,0.0
1773803077.6693845,False,,,,,,,,,,,,,,,,,,0.0,0.0,0.0,0.0,0.0,0.0
1773803077.6794107,False,,,,,,,,,,,,,,,,,,0.0,0.0,0.0,0.0,0.0,0.0
1773803077.6894426,False,,,,,,,,,,,,,,,,,,0.0,0.0,0.0,0.0,0.0,0.0
1773803077.6994874,False,,,,,,,,,,,,,,,,,,0.0,0.0,0.0,0.0,0.0,0.0
1773803077.7095158,False,,,,,,,,,,,,,,,,,,0.0,0.0,0.0,0.0,0.0,0.0
1773803077.7195525,False,,,,,,,,,,,,,,,,,,0.0,0.0,0.0,0.0,0.0,0.0
1773803077.7400815,False,,,,,,,,,,,,,,,,,,0.0,0.0,0.0,0.0,0.0,0.0
1773803077.7400815,False,,,,,,,,,,,,,,,,,,0.0,0.0,0.0,0.0,0.0,0.0
1773803077.7505925,False,,,,,,,,,,,,,,,,,,0.0,0.0,0.0,0.0,0.0,0.0
1773803077.7606168,False,,,,,,,,,,,,,,,,,,0.0,0.0,0.0,0.0,0.0,0.0
1773803077.7706485,False,,,,,,,,,,,,,,,,,,0.0,0.0,0.0,0.0,0.0,0.0
1773803077.7806795,False,,,,,,,,,,,,,,,,,,0.0,0.0,0.0,0.0,0.0,0.0
1773803077.7906983,False,,,,,,,,,,,,,,,,,,0.0,0.0,0.0,0.0,0.0,0.0
1773803077.8007414,False,,,,,,,,,,,,,,,,,,0.0,0.0,0.0,0.0,0.0,0.0
1773803077.8107655,False,,,,,,,,,,,,,,,,,,0.0,0.0,0.0,0.0,0.0,0.0
1773803077.8208413,False,,,,,,,,,,,,,,,,,,0.0,0.0,0.0,0.0,0.0,0.0
1773803077.8308606,False,,,,,,,,,,,,,,,,,,0.0,0.0,0.0,0.0,0.0,0.0
1773803077.8403847,False,,,,,,,,,,,,,,,,,,0.0,0.0,0.0,0.0,0.0,0.0
1773803077.850404,False,,,,,,,,,,,,,,,,,,0.0,0.0,0.0,0.0,0.0,0.0
1773803077.860418,False,,,,,,,,,,,,,,,,,,0.0,0.0,0.0,0.0,0.0,0.0
1773803077.8704343,False,,,,,,,,,,,,,,,,,,0.0,0.0,0.0,0.0,0.0,0.0
1773803077.8804498,False,,,,,,,,,,,,,,,,,,0.0,0.0,0.0,0.0,0.0,0.0
1773803077.8904727,False,,,,,,,,,,,,,,,,,,0.0,0.0,0.0,0.0,0.0,0.0
1773803077.9005048,False,,,,,,,,,,,,,,,,,,0.0,0.0,0.0,0.0,0.0,0.0
1773803077.9105232,False,,,,,,,,,,,,,,,,,,0.0,0.0,0.0,0.0,0.0,0.0
1773803077.9205472,False,,,,,,,,,,,,,,,,,,0.0,0.0,0.0,0.0,0.0,0.0
1773803077.930592,False,,,,,,,,,,,,,,,,,,0.0,0.0,0.0,0.0,0.0,0.0
1773803077.940609,False,,,,,,,,,,,,,,,,,,0.0,0.0,0.0,0.0,0.0,0.0
1773803077.9506266,False,,,,,,,,,,,,,,,,,,0.0,0.0,0.0,0.0,0.0,0.0
1773803077.9606686,False,,,,,,,,,,,,,,,,,,0.0,0.0,0.0,0.0,0.0,0.0
1773803077.9706967,False,,,,,,,,,,,,,,,,,,0.0,0.0,0.0,0.0,0.0,0.0
1773803077.9807231,False,,,,,,,,,,,,,,,,,,0.0,0.0,0.0,0.0,0.0,0.0
1773803077.9907463,False,,,,,,,,,,,,,,,,,,0.0,0.0,0.0,0.0,0.0,0.0
1773803078.0007734,False,,,,,,,,,,,,,,,,,,0.0,0.0,0.0,0.0,0.0,0.0
1773803078.0107934,False,,,,,,,,,,,,,,,,,,0.0,0.0,0.0,0.0,0.0,0.0
1773803078.020737,False,,,,,,,,,,,,,,,,,,0.0,0.0,0.0,0.0,0.0,0.0
1773803078.0314546,False,,,,,,,,,,,,,,,,,,0.0,0.0,0.0,0.0,0.0,0.0
1773803078.0409799,False,,,,,,,,,,,,,,,,,,0.0,0.0,0.0,0.0,0.0,0.0
1773803078.0505116,False,,,,,,,,,,,,,,,,,,0.0,0.0,0.0,0.0,0.0,0.0
1773803078.0605624,False,,,,,,,,,,,,,,,,,,0.0,0.0,0.0,0.0,0.0,0.0
1773803078.0705838,False,,,,,,,,,,,,,,,,,,0.0,0.0,0.0,0.0,0.0,0.0
1773803078.0805998,False,,,,,,,,,,,,,,,,,,0.0,0.0,0.0,0.0,0.0,0.0
1773803078.0906467,False,,,,,,,,,,,,,,,,,,0.0,0.0,0.0,0.0,0.0,0.0
1773803078.1006846,False,,,,,,,,,,,,,,,,,,0.0,0.0,0.0,0.0,0.0,0.0
1773803078.1107013,False,,,,,,,,,,,,,,,,,,0.0,0.0,0.0,0.0,0.0,0.0
1773803078.1207232,False,,,,,,,,,,,,,,,,,,0.0,0.0,0.0,0.0,0.0,0.0
1773803078.1307423,False,,,,,,,,,,,,,,,,,,0.0,0.0,0.0,0.0,0.0,0.0
1773803078.1407652,False,,,,,,,,,,,,,,,,,,0.0,0.0,0.0,0.0,0.0,0.0
1773803078.1507843,False,,,,,,,,,,,,,,,,,,0.0,0.0,0.0,0.0,0.0,0.0
1773803078.160352,False,,,,,,,,,,,,,,,,,,0.0,0.0,0.0,0.0,0.0,0.0
1773803078.1703804,False,,,,,,,,,,,,,,,,,,0.0,0.0,0.0,0.0,0.0,0.0
1773803078.180913,False,,,,,,,,,,,,,,,,,,0.0,0.0,0.0,0.0,0.0,0.0
1773803078.1904387,False,,,,,,,,,,,,,,,,,,0.0,0.0,0.0,0.0,0.0,0.0
1773803078.2004867,False,,,,,,,,,,,,,,,,,,0.0,0.0,0.0,0.0,0.0,0.0
1773803078.210523,False,,,,,,,,,,,,,,,,,,0.0,0.0,0.0,0.0,0.0,0.0
1773803078.2205567,False,,,,,,,,,,,,,,,,,,0.0,0.0,0.0,0.0,0.0,0.0
1773803078.2305813,False,,,,,,,,,,,,,,,,,,0.0,0.0,0.0,0.0,0.0,0.0
1773803078.2406113,False,,,,,,,,,,,,,,,,,,0.0,0.0,0.0,0.0,0.0,0.0
1773803078.2506301,False,,,,,,,,,,,,,,,,,,0.0,0.0,0.0,0.0,0.0,0.0
1773803078.260662,False,,,,,,,,,,,,,,,,,,0.0,0.0,0.0,0.0,0.0,0.0
1773803078.270688,False,,,,,,,,,,,,,,,,,,0.0,0.0,0.0,0.0,0.0,0.0
1773803078.2807448,False,,,,,,,,,,,,,,,,,,0.0,0.0,0.0,0.0,0.0,0.0
1773803078.290762,False,,,,,,,,,,,,,,,,,,0.0,0.0,0.0,0.0,0.0,0.0
1773803078.3009076,False,,,,,,,,,,,,,,,,,,0.0,0.0,0.0,0.0,0.0,0.0
1773803078.3104258,False,,,,,,,,,,,,,,,,,,0.0,0.0,0.0,0.0,0.0,0.0
1773803078.3204508,False,,,,,,,,,,,,,,,,,,0.0,0.0,0.0,0.0,0.0,0.0
1773803078.3304753,False,,,,,,,,,,,,,,,,,,0.0,0.0,0.0,0.0,0.0,0.0
1773803078.3405013,False,,,,,,,,,,,,,,,,,,0.0,0.0,0.0,0.0,0.0,0.0
1773803078.3506944,False,,,,,,,,,,,,,,,,,,0.0,0.0,0.0,0.0,0.0,0.0
1773803078.360832,False,,,,,,,,,,,,,,,,,,0.0,0.0,0.0,0.0,0.0,0.0
1773803078.370586,False,,,,,,,,,,,,,,,,,,0.0,0.0,0.0,0.0,0.0,0.0
1773803078.380613,False,,,,,,,,,,,,,,,,,,0.0,0.0,0.0,0.0,0.0,0.0
1773803078.3906674,False,,,,,,,,,,,,,,,,,,0.0,0.0,0.0,0.0,0.0,0.0
1773803078.4007063,False,,,,,,,,,,,,,,,,,,0.0,0.0,0.0,0.0,0.0,0.0
1773803078.4106002,False,,,,,,,,,,,,,,,,,,0.0,0.0,0.0,0.0,0.0,0.0
1773803078.42084,False,,,,,,,,,,,,,,,,,,0.0,0.0,0.0,0.0,0.0,0.0
1773803078.430392,False,,,,,,,,,,,,,,,,,,0.0,0.0,0.0,0.0,0.0,0.0
1773803078.440644,False,,,,,,,,,,,,,,,,,,0.0,0.0,0.0,0.0,0.0,0.0
1773803078.4505296,False,,,,,,,,,,,,,,,,,,0.0,0.0,0.0,0.0,0.0,0.0
1773803078.460567,False,,,,,,,,,,,,,,,,,,0.0,0.0,0.0,0.0,0.0,0.0
1773803078.4706726,False,,,,,,,,,,,,,,,,,,0.0,0.0,0.0,0.0,0.0,0.0
1773803078.480717,False,,,,,,,,,,,,,,,,,,0.0,0.0,0.0,0.0,0.0,0.0
1773803078.4905152,False,,,,,,,,,,,,,,,,,,0.0,0.0,0.0,0.0,0.0,0.0
1773803078.5007448,False,,,,,,,,,,,,,,,,,,0.0,0.0,0.0,0.0,0.0,0.0
1773803078.5108232,False,,,,,,,,,,,,,,,,,,0.0,0.0,0.0,0.0,0.0,0.0
1773803078.5205214,False,,,,,,,,,,,,,,,,,,0.0,0.0,0.0,0.0,0.0,0.0
1773803078.5310473,False,,,,,,,,,,,,,,,,,,0.0,0.0,0.0,0.0,0.0,0.0
1773803078.5408535,False,,,,,,,,,,,,,,,,,,0.0,0.0,0.0,0.0,0.0,0.0
1773803078.5509393,False,,,,,,,,,,,,,,,,,,0.0,0.0,0.0,0.0,0.0,0.0
1773803078.5609846,False,,,,,,,,,,,,,,,,,,0.0,0.0,0.0,0.0,0.0,0.0
1773803078.5706847,False,,,,,,,,,,,,,,,,,,0.0,0.0,0.0,0.0,0.0,0.0
1773803078.5807302,False,,,,,,,,,,,,,,,,,,0.0,0.0,0.0,0.0,0.0,0.0
1773803078.5904284,False,,,,,,,,,,,,,,,,,,0.0,0.0,0.0,0.0,0.0,0.0
1773803078.6010094,False,,,,,,,,,,,,,,,,,,0.0,0.0,0.0,0.0,0.0,0.0
1773803078.6107771,False,,,,,,,,,,,,,,,,,,0.0,0.0,0.0,0.0,0.0,0.0
1773803078.6207933,False,,,,,,,,,,,,,,,,,,0.0,0.0,0.0,0.0,0.0,0.0
1773803078.6308196,False,,,,,,,,,,,,,,,,,,0.0,0.0,0.0,0.0,0.0,0.0
1773803078.6408355,False,,,,,,,,,,,,,,,,,,0.0,0.0,0.0,0.0,0.0,0.0
1773803078.6508782,False,,,,,,,,,,,,,,,,,,0.0,0.0,0.0,0.0,0.0,0.0
1773803078.660896,False,,,,,,,,,,,,,,,,,,0.0,0.0,0.0,0.0,0.0,0.0
1773803078.670405,False,,,,,,,,,,,,,,,,,,0.0,0.0,0.0,0.0,0.0,0.0
1773803078.6809373,False,,,,,,,,,,,,,,,,,,0.0,0.0,0.0,0.0,0.0,0.0
1773803078.6904495,False,,,,,,,,,,,,,,,,,,0.0,0.0,0.0,0.0,0.0,0.0
1773803078.7004843,False,,,,,,,,,,,,,,,,,,0.0,0.0,0.0,0.0,0.0,0.0
1773803078.710501,False,,,,,,,,,,,,,,,,,,0.0,0.0,0.0,0.0,0.0,0.0
1773803078.7210317,False,,,,,,,,,,,,,,,,,,0.0,0.0,0.0,0.0,0.0,0.0
1773803078.7305524,False,,,,,,,,,,,,,,,,,,0.0,0.0,0.0,0.0,0.0,0.0
1773803078.740582,False,,,,,,,,,,,,,,,,,,0.0,0.0,0.0,0.0,0.0,0.0
1773803078.7507036,False,,,,,,,,,,,,,,,,,,0.0,0.0,0.0,0.0,0.0,0.0
1773803078.7607508,False,,,,,,,,,,,,,,,,,,0.0,0.0,0.0,0.0,0.0,0.0
1773803078.7707725,False,,,,,,,,,,,,,,,,,,0.0,0.0,0.0,0.0,0.0,0.0
1773803078.7807922,False,,,,,,,,,,,,,,,,,,0.0,0.0,0.0,0.0,0.0,0.0
1773803078.7908106,False,,,,,,,,,,,,,,,,,,0.0,0.0,0.0,0.0,0.0,0.0
1773803078.8008053,False,,,,,,,,,,,,,,,,,,0.0,0.0,0.0,0.0,0.0,0.0
1773803078.8108084,False,,,,,,,,,,,,,,,,,,0.0,0.0,0.0,0.0,0.0,0.0
1773803078.8209686,False,,,,,,,,,,,,,,,,,,0.0,0.0,0.0,0.0,0.0,0.0
1773803078.8305151,False,,,,,,,,,,,,,,,,,,0.0,0.0,0.0,0.0,0.0,0.0
1773803078.8406959,False,,,,,,,,,,,,,,,,,,0.0,0.0,0.0,0.0,0.0,0.0
1773803078.8503776,False,,,,,,,,,,,,,,,,,,0.0,0.0,0.0,0.0,0.0,0.0
1773803078.8604214,False,,,,,,,,,,,,,,,,,,0.0,0.0,0.0,0.0,0.0,0.0
1773803078.870447,False,,,,,,,,,,,,,,,,,,0.0,0.0,0.0,0.0,0.0,0.0
1773803078.8805685,False,,,,,,,,,,,,,,,,,,0.0,0.0,0.0,0.0,0.0,0.0
1773803078.8907115,False,,,,,,,,,,,,,,,,,,0.0,0.0,0.0,0.0,0.0,0.0
1773803078.9004827,False,,,,,,,,,,,,,,,,,,0.0,0.0,0.0,0.0,0.0,0.0
1773803078.9106355,False,,,,,,,,,,,,,,,,,,0.0,0.0,0.0,0.0,0.0,0.0
1773803078.920656,False,,,,,,,,,,,,,,,,,,0.0,0.0,0.0,0.0,0.0,0.0
1773803078.930807,False,,,,,,,,,,,,,,,,,,0.0,0.0,0.0,0.0,0.0,0.0
1773803078.940548,False,,,,,,,,,,,,,,,,,,0.0,0.0,0.0,0.0,0.0,0.0
1773803078.9507518,False,,,,,,,,,,,,,,,,,,0.0,0.0,0.0,0.0,0.0,0.0
1773803078.9604347,False,,,,,,,,,,,,,,,,,,0.0,0.0,0.0,0.0,0.0,0.0
1773803078.9704542,False,,,,,,,,,,,,,,,,,,0.0,0.0,0.0,0.0,0.0,0.0
1773803078.9809918,False,,,,,,,,,,,,,,,,,,0.0,0.0,0.0,0.0,0.0,0.0
1773803078.9905663,False,,,,,,,,,,,,,,,,,,0.0,0.0,0.0,0.0,0.0,0.0
1773803079.0006104,False,,,,,,,,,,,,,,,,,,0.0,0.0,0.0,0.0,0.0,0.0
1773803079.010816,False,,,,,,,,,,,,,,,,,,0.0,0.0,0.0,0.0,0.0,0.0
1773803079.0208845,False,,,,,,,,,,,,,,,,,,0.0,0.0,0.0,0.0,0.0,0.0
1773803079.030403,False,,,,,,,,,,,,,,,,,,0.0,0.0,0.0,0.0,0.0,0.0
1773803079.0404844,False,,,,,,,,,,,,,,,,,,0.0,0.0,0.0,0.0,0.0,0.0
1773803079.0506105,False,,,,,,,,,,,,,,,,,,0.0,0.0,0.0,0.0,0.0,0.0
1773803079.0607748,False,,,,,,,,,,,,,,,,,,0.0,0.0,0.0,0.0,0.0,0.0
1773803079.0710354,False,,,,,,,,,,,,,,,,,,0.0,0.0,0.0,0.0,0.0,0.0
1773803079.0805752,False,,,,,,,,,,,,,,,,,,0.0,0.0,0.0,0.0,0.0,0.0
1773803079.0906453,False,,,,,,,,,,,,,,,,,,0.0,0.0,0.0,0.0,0.0,0.0
1773803079.100482,False,,,,,,,,,,,,,,,,,,0.0,0.0,0.0,0.0,0.0,0.0
1773803079.1105483,False,,,,,,,,,,,,,,,,,,0.0,0.0,0.0,0.0,0.0,0.0
1773803079.1203454,False,,,,,,,,,,,,,,,,,,0.0,0.0,0.0,0.0,0.0,0.0
1773803079.1303847,False,,,,,,,,,,,,,,,,,,0.0,0.0,0.0,0.0,0.0,0.0
1773803079.1404023,False,,,,,,,,,,,,,,,,,,0.0,0.0,0.0,0.0,0.0,0.0
1773803079.1504269,False,,,,,,,,,,,,,,,,,,0.0,0.0,0.0,0.0,0.0,0.0
1773803079.1604571,False,,,,,,,,,,,,,,,,,,0.0,0.0,0.0,0.0,0.0,0.0
1773803079.1704924,False,,,,,,,,,,,,,,,,,,0.0,0.0,0.0,0.0,0.0,0.0
1773803079.1805356,False,,,,,,,,,,,,,,,,,,0.0,0.0,0.0,0.0,0.0,0.0
1773803079.1905537,False,,,,,,,,,,,,,,,,,,0.0,0.0,0.0,0.0,0.0,0.0
1773803079.2005703,False,,,,,,,,,,,,,,,,,,0.0,0.0,0.0,0.0,0.0,0.0
1773803079.2106102,False,,,,,,,,,,,,,,,,,,0.0,0.0,0.0,0.0,0.0,0.0
1773803079.220631,False,,,,,,,,,,,,,,,,,,0.0,0.0,0.0,0.0,0.0,0.0
1773803079.2306578,False,,,,,,,,,,,,,,,,,,0.0,0.0,0.0,0.0,0.0,0.0
1773803079.2406795,False,,,,,,,,,,,,,,,,,,0.0,0.0,0.0,0.0,0.0,0.0
1773803079.250704,False,,,,,,,,,,,,,,,,,,0.0,0.0,0.0,0.0,0.0,0.0
1773803079.260727,False,,,,,,,,,,,,,,,,,,0.0,0.0,0.0,0.0,0.0,0.0
1773803079.2707798,False,,,,,,,,,,,,,,,,,,0.0,0.0,0.0,0.0,0.0,0.0
1773803079.2808044,False,,,,,,,,,,,,,,,,,,0.0,0.0,0.0,0.0,0.0,0.0
1773803079.2903993,False,,,,,,,,,,,,,,,,,,0.0,0.0,0.0,0.0,0.0,0.0
1773803079.3008304,False,,,,,,,,,,,,,,,,,,0.0,0.0,0.0,0.0,0.0,0.0
1773803079.3103101,False,,,,,,,,,,,,,,,,,,0.0,0.0,0.0,0.0,0.0,0.0
1773803079.3204706,False,,,,,,,,,,,,,,,,,,0.0,0.0,0.0,0.0,0.0,0.0
1773803079.330557,False,,,,,,,,,,,,,,,,,,0.0,0.0,0.0,0.0,0.0,0.0
1773803079.3406029,False,,,,,,,,,,,,,,,,,,0.0,0.0,0.0,0.0,0.0,0.0
1773803079.3508036,False,,,,,,,,,,,,,,,,,,0.0,0.0,0.0,0.0,0.0,0.0
1773803079.3604062,False,,,,,,,,,,,,,,,,,,0.0,0.0,0.0,0.0,0.0,0.0
1773803079.3704336,False,,,,,,,,,,,,,,,,,,0.0,0.0,0.0,0.0,0.0,0.0
1773803079.3806086,False,,,,,,,,,,,,,,,,,,0.0,0.0,0.0,0.0,0.0,0.0
1773803079.3910403,False,,,,,,,,,,,,,,,,,,0.0,0.0,0.0,0.0,0.0,0.0
1773803079.4007068,False,,,,,,,,,,,,,,,,,,0.0,0.0,0.0,0.0,0.0,0.0
1773803079.4104257,False,,,,,,,,,,,,,,,,,,0.0,0.0,0.0,0.0,0.0,0.0
1773803079.420553,False,,,,,,,,,,,,,,,,,,0.0,0.0,0.0,0.0,0.0,0.0
1773803079.430639,False,,,,,,,,,,,,,,,,,,0.0,0.0,0.0,0.0,0.0,0.0
1773803079.4407573,False,,,,,,,,,,,,,,,,,,0.0,0.0,0.0,0.0,0.0,0.0
1773803079.4507868,False,,,,,,,,,,,,,,,,,,0.0,0.0,0.0,0.0,0.0,0.0
1773803079.4605377,False,,,,,,,,,,,,,,,,,,0.0,0.0,0.0,0.0,0.0,0.0
1773803079.4708326,False,,,,,,,,,,,,,,,,,,0.0,0.0,0.0,0.0,0.0,0.0
1773803079.4804251,False,,,,,,,,,,,,,,,,,,0.0,0.0,0.0,0.0,0.0,0.0
1773803079.4906662,False,,,,,,,,,,,,,,,,,,0.0,0.0,0.0,0.0,0.0,0.0
1773803079.5008225,False,,,,,,,,,,,,,,,,,,0.0,0.0,0.0,0.0,0.0,0.0
1773803079.510608,False,,,,,,,,,,,,,,,,,,0.0,0.0,0.0,0.0,0.0,0.0
1773803079.5206382,False,,,,,,,,,,,,,,,,,,0.0,0.0,0.0,0.0,0.0,0.0
1773803079.5306585,False,,,,,,,,,,,,,,,,,,0.0,0.0,0.0,0.0,0.0,0.0
1773803079.5406847,False,,,,,,,,,,,,,,,,,,0.0,0.0,0.0,0.0,0.0,0.0
1773803079.5507028,False,,,,,,,,,,,,,,,,,,0.0,0.0,0.0,0.0,0.0,0.0
1773803079.561249,False,,,,,,,,,,,,,,,,,,0.0,0.0,0.0,0.0,0.0,0.0
1773803079.5707674,False,,,,,,,,,,,,,,,,,,0.0,0.0,0.0,0.0,0.0,0.0
1773803079.580797,False,,,,,,,,,,,,,,,,,,0.0,0.0,0.0,0.0,0.0,0.0
1773803079.590324,False,,,,,,,,,,,,,,,,,,0.0,0.0,0.0,0.0,0.0,0.0
1773803079.6008523,False,,,,,,,,,,,,,,,,,,0.0,0.0,0.0,0.0,0.0,0.0
1773803079.6103668,False,,,,,,,,,,,,,,,,,,0.0,0.0,0.0,0.0,0.0,0.0
1773803079.6203868,False,,,,,,,,,,,,,,,,,,0.0,0.0,0.0,0.0,0.0,0.0
1773803079.630405,False,,,,,,,,,,,,,,,,,,0.0,0.0,0.0,0.0,0.0,0.0
1773803079.6409261,False,,,,,,,,,,,,,,,,,,0.0,0.0,0.0,0.0,0.0,0.0
1773803079.6509542,False,,,,,,,,,,,,,,,,,,0.0,0.0,0.0,0.0,0.0,0.0
1773803079.6604817,False,,,,,,,,,,,,,,,,,,0.0,0.0,0.0,0.0,0.0,0.0
1773803079.6705153,False,,,,,,,,,,,,,,,,,,0.0,0.0,0.0,0.0,0.0,0.0
1773803079.680544,False,,,,,,,,,,,,,,,,,,0.0,0.0,0.0,0.0,0.0,0.0
1773803079.6905613,False,,,,,,,,,,,,,,,,,,0.0,0.0,0.0,0.0,0.0,0.0
1773803079.70066,False,,,,,,,,,,,,,,,,,,0.0,0.0,0.0,0.0,0.0,0.0
1773803079.7106798,False,,,,,,,,,,,,,,,,,,0.0,0.0,0.0,0.0,0.0,0.0
1773803079.7207203,False,,,,,,,,,,,,,,,,,,0.0,0.0,0.0,0.0,0.0,0.0
1773803079.730736,False,,,,,,,,,,,,,,,,,,0.0,0.0,0.0,0.0,0.0,0.0
1773803079.7407541,False,,,,,,,,,,,,,,,,,,0.0,0.0,0.0,0.0,0.0,0.0
1773803079.7507732,False,,,,,,,,,,,,,,,,,,0.0,0.0,0.0,0.0,0.0,0.0
1773803079.7603054,False,,,,,,,,,,,,,,,,,,0.0,0.0,0.0,0.0,0.0,0.0
1773803079.770952,False,,,,,,,,,,,,,,,,,,0.0,0.0,0.0,0.0,0.0,0.0
1773803079.7806616,False,,,,,,,,,,,,,,,,,,0.0,0.0,0.0,0.0,0.0,0.0
1773803079.7908225,False,,,,,,,,,,,,,,,,,,0.0,0.0,0.0,0.0,0.0,0.0
1773803079.8008826,False,,,,,,,,,,,,,,,,,,0.0,0.0,0.0,0.0,0.0,0.0
1773803079.8106792,False,,,,,,,,,,,,,,,,,,0.0,0.0,0.0,0.0,0.0,0.0
1773803079.8205566,False,,,,,,,,,,,,,,,,,,0.0,0.0,0.0,0.0,0.0,0.0
1773803079.8306913,False,,,,,,,,,,,,,,,,,,0.0,0.0,0.0,0.0,0.0,0.0
1773803079.8407123,False,,,,,,,,,,,,,,,,,,0.0,0.0,0.0,0.0,0.0,0.0
1773803079.8507333,False,,,,,,,,,,,,,,,,,,0.0,0.0,0.0,0.0,0.0,0.0
1773803079.8607633,False,,,,,,,,,,,,,,,,,,0.0,0.0,0.0,0.0,0.0,0.0
1773803079.8706737,False,,,,,,,,,,,,,,,,,,0.0,0.0,0.0,0.0,0.0,0.0
1773803079.8807113,False,,,,,,,,,,,,,,,,,,0.0,0.0,0.0,0.0,0.0,0.0
1773803079.8907902,False,,,,,,,,,,,,,,,,,,0.0,0.0,0.0,0.0,0.0,0.0
1773803079.9005666,False,,,,,,,,,,,,,,,,,,0.0,0.0,0.0,0.0,0.0,0.0
1773803079.9107227,False,,,,,,,,,,,,,,,,,,0.0,0.0,0.0,0.0,0.0,0.0
1773803079.9207869,False,,,,,,,,,,,,,,,,,,0.0,0.0,0.0,0.0,0.0,0.0
1773803079.930838,False,,,,,,,,,,,,,,,,,,0.0,0.0,0.0,0.0,0.0,0.0
1773803079.9408553,False,,,,,,,,,,,,,,,,,,0.0,0.0,0.0,0.0,0.0,0.0
1773803079.9504085,False,,,,,,,,,,,,,,,,,,0.0,0.0,0.0,0.0,0.0,0.0
1773803079.9604356,False,,,,,,,,,,,,,,,,,,0.0,0.0,0.0,0.0,0.0,0.0
1773803079.9704525,False,,,,,,,,,,,,,,,,,,0.0,0.0,0.0,0.0,0.0,0.0
1773803079.9804928,False,,,,,,,,,,,,,,,,,,0.0,0.0,0.0,0.0,0.0,0.0
1773803079.9905233,False,,,,,,,,,,,,,,,,,,0.0,0.0,0.0,0.0,0.0,0.0
1773803080.0005717,False,,,,,,,,,,,,,,,,,,0.0,0.0,0.0,0.0,0.0,0.0
1773803080.0105948,False,,,,,,,,,,,,,,,,,,0.0,0.0,0.0,0.0,0.0,0.0
1773803080.0206363,False,,,,,,,,,,,,,,,,,,0.0,0.0,0.0,0.0,0.0,0.0
1773803080.030655,False,,,,,,,,,,,,,,,,,,0.0,0.0,0.0,0.0,0.0,0.0
1773803080.0406654,False,,,,,,,,,,,,,,,,,,0.0,0.0,0.0,0.0,0.0,0.0
1773803080.0507047,False,,,,,,,,,,,,,,,,,,0.0,0.0,0.0,0.0,0.0,0.0
1773803080.0607255,False,,,,,,,,,,,,,,,,,,0.0,0.0,0.0,0.0,0.0,0.0
1773803080.0707533,False,,,,,,,,,,,,,,,,,,0.0,0.0,0.0,0.0,0.0,0.0
1773803080.0802758,False,,,,,,,,,,,,,,,,,,0.0,0.0,0.0,0.0,0.0,0.0
1773803080.0902998,False,,,,,,,,,,,,,,,,,,0.0,0.0,0.0,0.0,0.0,0.0
1773803080.1008244,False,,,,,,,,,,,,,,,,,,0.0,0.0,0.0,0.0,0.0,0.0
1773803080.1108613,False,,,,,,,,,,,,,,,,,,0.0,0.0,0.0,0.0,0.0,0.0
1773803080.12039,False,,,,,,,,,,,,,,,,,,0.0,0.0,0.0,0.0,0.0,0.0
1773803080.1304154,False,,,,,,,,,,,,,,,,,,0.0,0.0,0.0,0.0,0.0,0.0
1773803080.140933,False,,,,,,,,,,,,,,,,,,0.0,0.0,0.0,0.0,0.0,0.0
1773803080.1504521,False,,,,,,,,,,,,,,,,,,0.0,0.0,0.0,0.0,0.0,0.0
1773803080.1609757,False,,,,,,,,,,,,,,,,,,0.0,0.0,0.0,0.0,0.0,0.0
1773803080.170504,False,,,,,,,,,,,,,,,,,,0.0,0.0,0.0,0.0,0.0,0.0
1773803080.1805253,False,,,,,,,,,,,,,,,,,,0.0,0.0,0.0,0.0,0.0,0.0
1773803080.1910548,False,,,,,,,,,,,,,,,,,,0.0,0.0,0.0,0.0,0.0,0.0
1773803080.2005746,False,,,,,,,,,,,,,,,,,,0.0,0.0,0.0,0.0,0.0,0.0
1773803080.2105937,False,,,,,,,,,,,,,,,,,,0.0,0.0,0.0,0.0,0.0,0.0
1773803080.2208197,False,,,,,,,,,,,,,,,,,,0.0,0.0,0.0,0.0,0.0,0.0
1773803080.230856,False,,,,,,,,,,,,,,,,,,0.0,0.0,0.0,0.0,0.0,0.0
1773803080.240865,False,,,,,,,,,,,,,,,,,,0.0,0.0,0.0,0.0,0.0,0.0
1773803080.250624,False,,,,,,,,,,,,,,,,,,0.0,0.0,0.0,0.0,0.0,0.0
1773803080.260713,False,,,,,,,,,,,,,,,,,,0.0,0.0,0.0,0.0,0.0,0.0
1773803080.2708142,False,,,,,,,,,,,,,,,,,,0.0,0.0,0.0,0.0,0.0,0.0
1773803080.2808409,False,,,,,,,,,,,,,,,,,,0.0,0.0,0.0,0.0,0.0,0.0
1773803080.290299,False,,,,,,,,,,,,,,,,,,0.0,0.0,0.0,0.0,0.0,0.0
1773803080.300825,False,,,,,,,,,,,,,,,,,,0.0,0.0,0.0,0.0,0.0,0.0
1773803080.3105543,False,,,,,,,,,,,,,,,,,,0.0,0.0,0.0,0.0,0.0,0.0
1773803080.3204165,False,,,,,,,,,,,,,,,,,,0.0,0.0,0.0,0.0,0.0,0.0
1773803080.3312225,False,,,,,,,,,,,,,,,,,,0.0,0.0,0.0,0.0,0.0,0.0
1773803080.3408735,False,,,,,,,,,,,,,,,,,,0.0,0.0,0.0,0.0,0.0,0.0
1773803080.350387,False,,,,,,,,,,,,,,,,,,0.0,0.0,0.0,0.0,0.0,0.0
1773803080.3607934,False,,,,,,,,,,,,,,,,,,0.0,0.0,0.0,0.0,0.0,0.0
1773803080.3708274,False,,,,,,,,,,,,,,,,,,0.0,0.0,0.0,0.0,0.0,0.0
1773803080.380693,False,,,,,,,,,,,,,,,,,,0.0,0.0,0.0,0.0,0.0,0.0
1773803080.3907337,False,,,,,,,,,,,,,,,,,,0.0,0.0,0.0,0.0,0.0,0.0
1773803080.4008198,False,,,,,,,,,,,,,,,,,,0.0,0.0,0.0,0.0,0.0,0.0
1773803080.4108648,False,,,,,,,,,,,,,,,,,,0.0,0.0,0.0,0.0,0.0,0.0
1773803080.4207177,False,,,,,,,,,,,,,,,,,,0.0,0.0,0.0,0.0,0.0,0.0
1773803080.4305615,False,,,,,,,,,,,,,,,,,,0.0,0.0,0.0,0.0,0.0,0.0
1773803080.440852,False,,,,,,,,,,,,,,,,,,0.0,0.0,0.0,0.0,0.0,0.0
1773803080.4504626,False,,,,,,,,,,,,,,,,,,0.0,0.0,0.0,0.0,0.0,0.0
1773803080.4608343,False,,,,,,,,,,,,,,,,,,0.0,0.0,0.0,0.0,0.0,0.0
1773803080.4704673,False,,,,,,,,,,,,,,,,,,0.0,0.0,0.0,0.0,0.0,0.0
1773803080.4805293,False,,,,,,,,,,,,,,,,,,0.0,0.0,0.0,0.0,0.0,0.0
1773803080.490601,False,,,,,,,,,,,,,,,,,,0.0,0.0,0.0,0.0,0.0,0.0
1773803080.5007846,False,,,,,,,,,,,,,,,,,,0.0,0.0,0.0,0.0,0.0,0.0
1773803080.5109735,False,,,,,,,,,,,,,,,,,,0.0,0.0,0.0,0.0,0.0,0.0
1773803080.5205355,False,,,,,,,,,,,,,,,,,,0.0,0.0,0.0,0.0,0.0,0.0
1773803080.5305612,False,,,,,,,,,,,,,,,,,,0.0,0.0,0.0,0.0,0.0,0.0
1773803080.5406845,False,,,,,,,,,,,,,,,,,,0.0,0.0,0.0,0.0,0.0,0.0
1773803080.5508695,False,,,,,,,,,,,,,,,,,,0.0,0.0,0.0,0.0,0.0,0.0
1773803080.5605383,False,,,,,,,,,,,,,,,,,,0.0,0.0,0.0,0.0,0.0,0.0
1773803080.570845,False,,,,,,,,,,,,,,,,,,0.0,0.0,0.0,0.0,0.0,0.0
1773803080.5805008,False,,,,,,,,,,,,,,,,,,0.0,0.0,0.0,0.0,0.0,0.0
1773803080.5908792,False,,,,,,,,,,,,,,,,,,0.0,0.0,0.0,0.0,0.0,0.0
1773803080.6014738,False,,,,,,,,,,,,,,,,,,0.0,0.0,0.0,0.0,0.0,0.0
1773803080.6105793,False,,,,,,,,,,,,,,,,,,0.0,0.0,0.0,0.0,0.0,0.0
1773803080.620388,False,,,,,,,,,,,,,,,,,,0.0,0.0,0.0,0.0,0.0,0.0
1773803080.6309323,False,,,,,,,,,,,,,,,,,,0.0,0.0,0.0,0.0,0.0,0.0
1773803080.6405325,False,,,,,,,,,,,,,,,,,,0.0,0.0,0.0,0.0,0.0,0.0
1773803080.6508124,False,,,,,,,,,,,,,,,,,,0.0,0.0,0.0,0.0,0.0,0.0
1773803080.6609373,False,,,,,,,,,,,,,,,,,,0.0,0.0,0.0,0.0,0.0,0.0
1773803080.6706219,False,,,,,,,,,,,,,,,,,,0.0,0.0,0.0,0.0,0.0,0.0
1773803080.6805494,False,,,,,,,,,,,,,,,,,,0.0,0.0,0.0,0.0,0.0,0.0
1773803080.6905897,False,,,,,,,,,,,,,,,,,,0.0,0.0,0.0,0.0,0.0,0.0
1773803080.7007537,False,,,,,,,,,,,,,,,,,,0.0,0.0,0.0,0.0,0.0,0.0
1773803080.7108593,False,,,,,,,,,,,,,,,,,,0.0,0.0,0.0,0.0,0.0,0.0
1773803080.7206182,False,,,,,,,,,,,,,,,,,,0.0,0.0,0.0,0.0,0.0,0.0
1773803080.7308357,False,,,,,,,,,,,,,,,,,,0.0,0.0,0.0,0.0,0.0,0.0
1773803080.7406275,False,,,,,,,,,,,,,,,,,,0.0,0.0,0.0,0.0,0.0,0.0
1773803080.7507458,False,,,,,,,,,,,,,,,,,,0.0,0.0,0.0,0.0,0.0,0.0
1773803080.7606459,False,,,,,,,,,,,,,,,,,,0.0,0.0,0.0,0.0,0.0,0.0
1773803080.7702324,False,,,,,,,,,,,,,,,,,,0.0,0.0,0.0,0.0,0.0,0.0
1773803080.7803428,False,,,,,,,,,,,,,,,,,,0.0,0.0,0.0,0.0,0.0,0.0
1773803080.7903063,False,,,,,,,,,,,,,,,,,,0.0,0.0,0.0,0.0,0.0,0.0
1773803080.800573,False,,,,,,,,,,,,,,,,,,0.0,0.0,0.0,0.0,0.0,0.0
1773803080.8105042,False,,,,,,,,,,,,,,,,,,0.0,0.0,0.0,0.0,0.0,0.0
1773803080.8206115,False,,,,,,,,,,,,,,,,,,0.0,0.0,0.0,0.0,0.0,0.0
1773803080.830675,False,,,,,,,,,,,,,,,,,,0.0,0.0,0.0,0.0,0.0,0.0
1773803080.8407302,False,,,,,,,,,,,,,,,,,,0.0,0.0,0.0,0.0,0.0,0.0
1773803080.8505619,False,,,,,,,,,,,,,,,,,,0.0,0.0,0.0,0.0,0.0,0.0
1773803080.860822,False,,,,,,,,,,,,,,,,,,0.0,0.0,0.0,0.0,0.0,0.0
1773803080.8709207,False,,,,,,,,,,,,,,,,,,0.0,0.0,0.0,0.0,0.0,0.0
1773803080.8810391,False,,,,,,,,,,,,,,,,,,0.0,0.0,0.0,0.0,0.0,0.0
1773803080.891026,False,,,,,,,,,,,,,,,,,,0.0,0.0,0.0,0.0,0.0,0.0
1773803080.9010658,False,,,,,,,,,,,,,,,,,,0.0,0.0,0.0,0.0,0.0,0.0
1773803080.9103065,False,,,,,,,,,,,,,,,,,,0.0,0.0,0.0,0.0,0.0,0.0
1773803080.9207695,False,,,,,,,,,,,,,,,,,,0.0,0.0,0.0,0.0,0.0,0.0
1773803080.930844,False,,,,,,,,,,,,,,,,,,0.0,0.0,0.0,0.0,0.0,0.0
1773803080.9409025,False,,,,,,,,,,,,,,,,,,0.0,0.0,0.0,0.0,0.0,0.0
1773803080.950476,False,,,,,,,,,,,,,,,,,,0.0,0.0,0.0,0.0,0.0,0.0
1773803080.9603949,False,,,,,,,,,,,,,,,,,,0.0,0.0,0.0,0.0,0.0,0.0
1773803080.970866,False,,,,,,,,,,,,,,,,,,0.0,0.0,0.0,0.0,0.0,0.0
1773803080.9807503,False,,,,,,,,,,,,,,,,,,0.0,0.0,0.0,0.0,0.0,0.0
1773803080.990659,False,,,,,,,,,,,,,,,,,,0.0,0.0,0.0,0.0,0.0,0.0
1773803081.0008264,False,,,,,,,,,,,,,,,,,,0.0,0.0,0.0,0.0,0.0,0.0
1773803081.0104086,False,,,,,,,,,,,,,,,,,,0.0,0.0,0.0,0.0,0.0,0.0
1773803081.020387,False,,,,,,,,,,,,,,,,,,0.0,0.0,0.0,0.0,0.0,0.0
1773803081.030738,False,,,,,,,,,,,,,,,,,,0.0,0.0,0.0,0.0,0.0,0.0
1773803081.0406272,False,,,,,,,,,,,,,,,,,,0.0,0.0,0.0,0.0,0.0,0.0
1773803081.0512116,False,,,,,,,,,,,,,,,,,,0.0,0.0,0.0,0.0,0.0,0.0
1773803081.0607274,False,,,,,,,,,,,,,,,,,,0.0,0.0,0.0,0.0,0.0,0.0
1773803081.070903,False,,,,,,,,,,,,,,,,,,0.0,0.0,0.0,0.0,0.0,0.0
1773803081.0805898,False,,,,,,,,,,,,,,,,,,0.0,0.0,0.0,0.0,0.0,0.0
1773803081.0909853,False,,,,,,,,,,,,,,,,,,0.0,0.0,0.0,0.0,0.0,0.0
1773803081.1005714,False,,,,,,,,,,,,,,,,,,0.0,0.0,0.0,0.0,0.0,0.0
1773803081.110604,False,,,,,,,,,,,,,,,,,,0.0,0.0,0.0,0.0,0.0,0.0
1773803081.1204736,False,,,,,,,,,,,,,,,,,,0.0,0.0,0.0,0.0,0.0,0.0
1773803081.1307032,False,,,,,,,,,,,,,,,,,,0.0,0.0,0.0,0.0,0.0,0.0
1773803081.1407542,False,,,,,,,,,,,,,,,,,,0.0,0.0,0.0,0.0,0.0,0.0
1773803081.1508265,False,,,,,,,,,,,,,,,,,,0.0,0.0,0.0,0.0,0.0,0.0
1773803081.160427,False,,,,,,,,,,,,,,,,,,0.0,0.0,0.0,0.0,0.0,0.0
1773803081.1710923,False,,,,,,,,,,,,,,,,,,0.0,0.0,0.0,0.0,0.0,0.0
1773803081.1806471,False,,,,,,,,,,,,,,,,,,0.0,0.0,0.0,0.0,0.0,0.0
1773803081.1902714,False,,,,,,,,,,,,,,,,,,0.0,0.0,0.0,0.0,0.0,0.0
1773803081.2008202,False,,,,,,,,,,,,,,,,,,0.0,0.0,0.0,0.0,0.0,0.0
1773803081.2106102,False,,,,,,,,,,,,,,,,,,0.0,0.0,0.0,0.0,0.0,0.0
1773803081.2209408,False,,,,,,,,,,,,,,,,,,0.0,0.0,0.0,0.0,0.0,0.0
1773803081.2311547,False,,,,,,,,,,,,,,,,,,0.0,0.0,0.0,0.0,0.0,0.0
1773803081.2407038,False,,,,,,,,,,,,,,,,,,0.0,0.0,0.0,0.0,0.0,0.0
1773803081.2506876,False,,,,,,,,,,,,,,,,,,0.0,0.0,0.0,0.0,0.0,0.0
1773803081.2605748,False,,,,,,,,,,,,,,,,,,0.0,0.0,0.0,0.0,0.0,0.0
1773803081.2709363,False,,,,,,,,,,,,,,,,,,0.0,0.0,0.0,0.0,0.0,0.0
1773803081.280974,False,,,,,,,,,,,,,,,,,,0.0,0.0,0.0,0.0,0.0,0.0
1773803081.290508,False,,,,,,,,,,,,,,,,,,0.0,0.0,0.0,0.0,0.0,0.0
1773803081.3007011,False,,,,,,,,,,,,,,,,,,0.0,0.0,0.0,0.0,0.0,0.0
1773803081.3107152,False,,,,,,,,,,,,,,,,,,0.0,0.0,0.0,0.0,0.0,0.0
1773803081.3202882,False,,,,,,,,,,,,,,,,,,0.0,0.0,0.0,0.0,0.0,0.0
1773803081.3303168,False,,,,,,,,,,,,,,,,,,0.0,0.0,0.0,0.0,0.0,0.0
1773803081.340411,False,,,,,,,,,,,,,,,,,,0.0,0.0,0.0,0.0,0.0,0.0
1773803081.350969,False,,,,,,,,,,,,,,,,,,0.0,0.0,0.0,0.0,0.0,0.0
1773803081.3607829,False,,,,,,,,,,,,,,,,,,0.0,0.0,0.0,0.0,0.0,0.0
1773803081.3704717,False,,,,,,,,,,,,,,,,,,0.0,0.0,0.0,0.0,0.0,0.0
1773803081.3805208,False,,,,,,,,,,,,,,,,,,0.0,0.0,0.0,0.0,0.0,0.0
1773803081.390697,False,,,,,,,,,,,,,,,,,,0.0,0.0,0.0,0.0,0.0,0.0
1773803081.4010696,False,,,,,,,,,,,,,,,,,,0.0,0.0,0.0,0.0,0.0,0.0
1773803081.41067,False,,,,,,,,,,,,,,,,,,0.0,0.0,0.0,0.0,0.0,0.0
1773803081.420479,False,,,,,,,,,,,,,,,,,,0.0,0.0,0.0,0.0,0.0,0.0
1773803081.4305344,False,,,,,,,,,,,,,,,,,,0.0,0.0,0.0,0.0,0.0,0.0
1773803081.4409122,False,,,,,,,,,,,,,,,,,,0.0,0.0,0.0,0.0,0.0,0.0
1773803081.4509408,False,,,,,,,,,,,,,,,,,,0.0,0.0,0.0,0.0,0.0,0.0
1773803081.4604511,False,,,,,,,,,,,,,,,,,,0.0,0.0,0.0,0.0,0.0,0.0
1773803081.4705427,False,,,,,,,,,,,,,,,,,,0.0,0.0,0.0,0.0,0.0,0.0
1773803081.4807878,False,,,,,,,,,,,,,,,,,,0.0,0.0,0.0,0.0,0.0,0.0
1773803081.49088,False,,,,,,,,,,,,,,,,,,0.0,0.0,0.0,0.0,0.0,0.0
1773803081.5006473,False,,,,,,,,,,,,,,,,,,0.0,0.0,0.0,0.0,0.0,0.0
1773803081.5108223,False,,,,,,,,,,,,,,,,,,0.0,0.0,0.0,0.0,0.0,0.0
1773803081.520311,False,,,,,,,,,,,,,,,,,,0.0,0.0,0.0,0.0,0.0,0.0
1773803081.530738,False,,,,,,,,,,,,,,,,,,0.0,0.0,0.0,0.0,0.0,0.0
1773803081.5406914,False,,,,,,,,,,,,,,,,,,0.0,0.0,0.0,0.0,0.0,0.0
1773803081.5508573,False,,,,,,,,,,,,,,,,,,0.0,0.0,0.0,0.0,0.0,0.0
1773803081.5605092,False,,,,,,,,,,,,,,,,,,0.0,0.0,0.0,0.0,0.0,0.0
1773803081.570444,False,,,,,,,,,,,,,,,,,,0.0,0.0,0.0,0.0,0.0,0.0
1773803081.5807242,False,,,,,,,,,,,,,,,,,,0.0,0.0,0.0,0.0,0.0,0.0
1773803081.5907872,False,,,,,,,,,,,,,,,,,,0.0,0.0,0.0,0.0,0.0,0.0
1773803081.6008666,False,,,,,,,,,,,,,,,,,,0.0,0.0,0.0,0.0,0.0,0.0
1773803081.6110544,False,,,,,,,,,,,,,,,,,,0.0,0.0,0.0,0.0,0.0,0.0
1773803081.6203787,False,,,,,,,,,,,,,,,,,,0.0,0.0,0.0,0.0,0.0,0.0
1773803081.6304905,False,,,,,,,,,,,,,,,,,,0.0,0.0,0.0,0.0,0.0,0.0
1773803081.6405146,False,,,,,,,,,,,,,,,,,,0.0,0.0,0.0,0.0,0.0,0.0
1773803081.650558,False,,,,,,,,,,,,,,,,,,0.0,0.0,0.0,0.0,0.0,0.0
1773803081.6607156,False,,,,,,,,,,,,,,,,,,0.0,0.0,0.0,0.0,0.0,0.0
1773803081.6707914,False,,,,,,,,,,,,,,,,,,0.0,0.0,0.0,0.0,0.0,0.0
1773803081.6804578,False,,,,,,,,,,,,,,,,,,0.0,0.0,0.0,0.0,0.0,0.0
1773803081.6907997,False,,,,,,,,,,,,,,,,,,0.0,0.0,0.0,0.0,0.0,0.0
1773803081.7008872,False,,,,,,,,,,,,,,,,,,0.0,0.0,0.0,0.0,0.0,0.0
1773803081.71097,False,,,,,,,,,,,,,,,,,,0.0,0.0,0.0,0.0,0.0,0.0
1773803081.7205093,False,,,,,,,,,,,,,,,,,,0.0,0.0,0.0,0.0,0.0,0.0
1773803081.7305455,False,,,,,,,,,,,,,,,,,,0.0,0.0,0.0,0.0,0.0,0.0
1773803081.7408495,False,,,,,,,,,,,,,,,,,,0.0,0.0,0.0,0.0,0.0,0.0
1773803081.7505183,False,,,,,,,,,,,,,,,,,,0.0,0.0,0.0,0.0,0.0,0.0
1773803081.760608,False,,,,,,,,,,,,,,,,,,0.0,0.0,0.0,0.0,0.0,0.0
1773803081.7707038,False,,,,,,,,,,,,,,,,,,0.0,0.0,0.0,0.0,0.0,0.0
1773803081.7812724,False,,,,,,,,,,,,,,,,,,0.0,0.0,0.0,0.0,0.0,0.0
1773803081.7905495,False,,,,,,,,,,,,,,,,,,0.0,0.0,0.0,0.0,0.0,0.0
1773803081.800731,False,,,,,,,,,,,,,,,,,,0.0,0.0,0.0,0.0,0.0,0.0
1773803081.810542,False,,,,,,,,,,,,,,,,,,0.0,0.0,0.0,0.0,0.0,0.0
1773803081.8205376,False,,,,,,,,,,,,,,,,,,0.0,0.0,0.0,0.0,0.0,0.0
1773803081.8305936,False,,,,,,,,,,,,,,,,,,0.0,0.0,0.0,0.0,0.0,0.0
1773803081.8409677,False,,,,,,,,,,,,,,,,,,0.0,0.0,0.0,0.0,0.0,0.0
1773803081.8505414,False,,,,,,,,,,,,,,,,,,0.0,0.0,0.0,0.0,0.0,0.0
1773803081.8606653,False,,,,,,,,,,,,,,,,,,0.0,0.0,0.0,0.0,0.0,0.0
1773803081.8707373,False,,,,,,,,,,,,,,,,,,0.0,0.0,0.0,0.0,0.0,0.0
1773803081.8810024,False,,,,,,,,,,,,,,,,,,0.0,0.0,0.0,0.0,0.0,0.0
1773803081.8905418,False,,,,,,,,,,,,,,,,,,0.0,0.0,0.0,0.0,0.0,0.0
1773803081.900599,False,,,,,,,,,,,,,,,,,,0.0,0.0,0.0,0.0,0.0,0.0
1773803081.9108288,False,,,,,,,,,,,,,,,,,,0.0,0.0,0.0,0.0,0.0,0.0
1773803081.9203985,False,,,,,,,,,,,,,,,,,,0.0,0.0,0.0,0.0,0.0,0.0
1773803081.9308128,False,,,,,,,,,,,,,,,,,,0.0,0.0,0.0,0.0,0.0,0.0
1773803081.9403758,False,,,,,,,,,,,,,,,,,,0.0,0.0,0.0,0.0,0.0,0.0
1773803081.9509487,False,,,,,,,,,,,,,,,,,,0.0,0.0,0.0,0.0,0.0,0.0
1773803081.9607258,False,,,,,,,,,,,,,,,,,,0.0,0.0,0.0,0.0,0.0,0.0
1773803081.9704256,False,,,,,,,,,,,,,,,,,,0.0,0.0,0.0,0.0,0.0,0.0
1773803081.9806838,False,,,,,,,,,,,,,,,,,,0.0,0.0,0.0,0.0,0.0,0.0
1773803081.990877,False,,,,,,,,,,,,,,,,,,0.0,0.0,0.0,0.0,0.0,0.0
1773803082.000931,False,,,,,,,,,,,,,,,,,,0.0,0.0,0.0,0.0,0.0,0.0
1773803082.0106435,False,,,,,,,,,,,,,,,,,,0.0,0.0,0.0,0.0,0.0,0.0
1773803082.0207307,False,,,,,,,,,,,,,,,,,,0.0,0.0,0.0,0.0,0.0,0.0
1773803082.0307958,False,,,,,,,,,,,,,,,,,,0.0,0.0,0.0,0.0,0.0,0.0
1773803082.0407,False,,,,,,,,,,,,,,,,,,0.0,0.0,0.0,0.0,0.0,0.0
1773803082.0507672,False,,,,,,,,,,,,,,,,,,0.0,0.0,0.0,0.0,0.0,0.0
1773803082.0606818,False,,,,,,,,,,,,,,,,,,0.0,0.0,0.0,0.0,0.0,0.0
1773803082.0707686,False,,,,,,,,,,,,,,,,,,0.0,0.0,0.0,0.0,0.0,0.0
1773803082.0807996,False,,,,,,,,,,,,,,,,,,0.0,0.0,0.0,0.0,0.0,0.0
1773803082.0905292,False,,,,,,,,,,,,,,,,,,0.0,0.0,0.0,0.0,0.0,0.0
1773803082.100627,False,,,,,,,,,,,,,,,,,,0.0,0.0,0.0,0.0,0.0,0.0
1773803082.1109085,False,,,,,,,,,,,,,,,,,,0.0,0.0,0.0,0.0,0.0,0.0
1773803082.120366,False,,,,,,,,,,,,,,,,,,0.0,0.0,0.0,0.0,0.0,0.0
1773803082.1309297,False,,,,,,,,,,,,,,,,,,0.0,0.0,0.0,0.0,0.0,0.0
1773803082.1408184,False,,,,,,,,,,,,,,,,,,0.0,0.0,0.0,0.0,0.0,0.0
1773803082.150898,False,,,,,,,,,,,,,,,,,,0.0,0.0,0.0,0.0,0.0,0.0
1773803082.160807,False,,,,,,,,,,,,,,,,,,0.0,0.0,0.0,0.0,0.0,0.0
1773803082.170368,False,,,,,,,,,,,,,,,,,,0.0,0.0,0.0,0.0,0.0,0.0
1773803082.18074,False,,,,,,,,,,,,,,,,,,0.0,0.0,0.0,0.0,0.0,0.0
1773803082.1905117,False,,,,,,,,,,,,,,,,,,0.0,0.0,0.0,0.0,0.0,0.0
1773803082.2007122,False,,,,,,,,,,,,,,,,,,0.0,0.0,0.0,0.0,0.0,0.0
1773803082.2105973,False,,,,,,,,,,,,,,,,,,0.0,0.0,0.0,0.0,0.0,0.0
1773803082.2206326,False,,,,,,,,,,,,,,,,,,0.0,0.0,0.0,0.0,0.0,0.0
1773803082.2307043,False,,,,,,,,,,,,,,,,,,0.0,0.0,0.0,0.0,0.0,0.0
1773803082.240743,False,,,,,,,,,,,,,,,,,,0.0,0.0,0.0,0.0,0.0,0.0
1773803082.2504354,False,,,,,,,,,,,,,,,,,,0.0,0.0,0.0,0.0,0.0,0.0
1773803082.2606812,False,,,,,,,,,,,,,,,,,,0.0,0.0,0.0,0.0,0.0,0.0
1773803082.2708025,False,,,,,,,,,,,,,,,,,,0.0,0.0,0.0,0.0,0.0,0.0
1773803082.280512,False,,,,,,,,,,,,,,,,,,0.0,0.0,0.0,0.0,0.0,0.0
1773803082.2908075,False,,,,,,,,,,,,,,,,,,0.0,0.0,0.0,0.0,0.0,0.0
1773803082.3005514,False,,,,,,,,,,,,,,,,,,0.0,0.0,0.0,0.0,0.0,0.0
1773803082.3108864,False,,,,,,,,,,,,,,,,,,0.0,0.0,0.0,0.0,0.0,0.0
1773803082.3209543,False,,,,,,,,,,,,,,,,,,0.0,0.0,0.0,0.0,0.0,0.0
1773803082.331008,False,,,,,,,,,,,,,,,,,,0.0,0.0,0.0,0.0,0.0,0.0
1773803082.3408015,False,,,,,,,,,,,,,,,,,,0.0,0.0,0.0,0.0,0.0,0.0
1773803082.3504248,False,,,,,,,,,,,,,,,,,,0.0,0.0,0.0,0.0,0.0,0.0
1773803082.36102,False,,,,,,,,,,,,,,,,,,0.0,0.0,0.0,0.0,0.0,0.0
1773803082.3706286,False,,,,,,,,,,,,,,,,,,0.0,0.0,0.0,0.0,0.0,0.0
1773803082.3811843,False,,,,,,,,,,,,,,,,,,0.0,0.0,0.0,0.0,0.0,0.0
1773803082.3908944,False,,,,,,,,,,,,,,,,,,0.0,0.0,0.0,0.0,0.0,0.0
1773803082.4007437,False,,,,,,,,,,,,,,,,,,0.0,0.0,0.0,0.0,0.0,0.0
1773803082.410399,False,,,,,,,,,,,,,,,,,,0.0,0.0,0.0,0.0,0.0,0.0
1773803082.4207714,False,,,,,,,,,,,,,,,,,,0.0,0.0,0.0,0.0,0.0,0.0
1773803082.4307718,False,,,,,,,,,,,,,,,,,,0.0,0.0,0.0,0.0,0.0,0.0
1773803082.440366,False,,,,,,,,,,,,,,,,,,0.0,0.0,0.0,0.0,0.0,0.0
1773803082.45061,False,,,,,,,,,,,,,,,,,,0.0,0.0,0.0,0.0,0.0,0.0
1773803082.4604125,False,,,,,,,,,,,,,,,,,,0.0,0.0,0.0,0.0,0.0,0.0
1773803082.47051,False,,,,,,,,,,,,,,,,,,0.0,0.0,0.0,0.0,0.0,0.0
1773803082.4807372,False,,,,,,,,,,,,,,,,,,0.0,0.0,0.0,0.0,0.0,0.0
1773803082.4907665,False,,,,,,,,,,,,,,,,,,0.0,0.0,0.0,0.0,0.0,0.0
1773803082.5005274,False,,,,,,,,,,,,,,,,,,0.0,0.0,0.0,0.0,0.0,0.0
1773803082.510432,False,,,,,,,,,,,,,,,,,,0.0,0.0,0.0,0.0,0.0,0.0
1773803082.5206218,False,,,,,,,,,,,,,,,,,,0.0,0.0,0.0,0.0,0.0,0.0
1773803082.530692,False,,,,,,,,,,,,,,,,,,0.0,0.0,0.0,0.0,0.0,0.0
1773803082.5404403,False,,,,,,,,,,,,,,,,,,0.0,0.0,0.0,0.0,0.0,0.0
1773803082.550495,False,,,,,,,,,,,,,,,,,,0.0,0.0,0.0,0.0,0.0,0.0
1773803082.560438,False,,,,,,,,,,,,,,,,,,0.0,0.0,0.0,0.0,0.0,0.0
1773803082.5706983,False,,,,,,,,,,,,,,,,,,0.0,0.0,0.0,0.0,0.0,0.0
1773803082.5807362,False,,,,,,,,,,,,,,,,,,0.0,0.0,0.0,0.0,0.0,0.0
1773803082.5907753,False,,,,,,,,,,,,,,,,,,0.0,0.0,0.0,0.0,0.0,0.0
1773803082.6005287,False,,,,,,,,,,,,,,,,,,0.0,0.0,0.0,0.0,0.0,0.0
1773803082.6107578,False,,,,,,,,,,,,,,,,,,0.0,0.0,0.0,0.0,0.0,0.0
1773803082.6208363,False,,,,,,,,,,,,,,,,,,0.0,0.0,0.0,0.0,0.0,0.0
1773803082.6304789,False,,,,,,,,,,,,,,,,,,0.0,0.0,0.0,0.0,0.0,0.0
1773803082.6405773,False,,,,,,,,,,,,,,,,,,0.0,0.0,0.0,0.0,0.0,0.0
1773803082.650635,False,,,,,,,,,,,,,,,,,,0.0,0.0,0.0,0.0,0.0,0.0
1773803082.6606662,False,,,,,,,,,,,,,,,,,,0.0,0.0,0.0,0.0,0.0,0.0
1773803082.6709614,False,,,,,,,,,,,,,,,,,,0.0,0.0,0.0,0.0,0.0,0.0
1773803082.6805112,False,,,,,,,,,,,,,,,,,,0.0,0.0,0.0,0.0,0.0,0.0
1773803082.6906207,False,,,,,,,,,,,,,,,,,,0.0,0.0,0.0,0.0,0.0,0.0
1773803082.700804,False,,,,,,,,,,,,,,,,,,0.0,0.0,0.0,0.0,0.0,0.0
1773803082.7104785,False,,,,,,,,,,,,,,,,,,0.0,0.0,0.0,0.0,0.0,0.0
1773803082.7206864,False,,,,,,,,,,,,,,,,,,0.0,0.0,0.0,0.0,0.0,0.0
1773803082.73078,False,,,,,,,,,,,,,,,,,,0.0,0.0,0.0,0.0,0.0,0.0
1773803082.7406304,False,,,,,,,,,,,,,,,,,,0.0,0.0,0.0,0.0,0.0,0.0
1773803082.7507377,False,,,,,,,,,,,,,,,,,,0.0,0.0,0.0,0.0,0.0,0.0
1773803082.7613132,False,,,,,,,,,,,,,,,,,,0.0,0.0,0.0,0.0,0.0,0.0
1773803082.770969,False,,,,,,,,,,,,,,,,,,0.0,0.0,0.0,0.0,0.0,0.0
1773803082.7805312,False,,,,,,,,,,,,,,,,,,0.0,0.0,0.0,0.0,0.0,0.0
1773803082.7909467,False,,,,,,,,,,,,,,,,,,0.0,0.0,0.0,0.0,0.0,0.0
1773803082.800501,False,,,,,,,,,,,,,,,,,,0.0,0.0,0.0,0.0,0.0,0.0
1773803082.8107946,False,,,,,,,,,,,,,,,,,,0.0,0.0,0.0,0.0,0.0,0.0
1773803082.820842,False,,,,,,,,,,,,,,,,,,0.0,0.0,0.0,0.0,0.0,0.0
1773803082.8304007,False,,,,,,,,,,,,,,,,,,0.0,0.0,0.0,0.0,0.0,0.0
1773803082.8406887,False,,,,,,,,,,,,,,,,,,0.0,0.0,0.0,0.0,0.0,0.0
1773803082.8511,False,,,,,,,,,,,,,,,,,,0.0,0.0,0.0,0.0,0.0,0.0
1773803082.860709,False,,,,,,,,,,,,,,,,,,0.0,0.0,0.0,0.0,0.0,0.0
1773803082.8705554,False,,,,,,,,,,,,,,,,,,0.0,0.0,0.0,0.0,0.0,0.0
1773803082.8806162,False,,,,,,,,,,,,,,,,,,0.0,0.0,0.0,0.0,0.0,0.0
1773803082.8903255,False,,,,,,,,,,,,,,,,,,0.0,0.0,0.0,0.0,0.0,0.0
1773803082.900899,False,,,,,,,,,,,,,,,,,,0.0,0.0,0.0,0.0,0.0,0.0
1773803082.9108,False,,,,,,,,,,,,,,,,,,0.0,0.0,0.0,0.0,0.0,0.0
1773803082.9205153,False,,,,,,,,,,,,,,,,,,0.0,0.0,0.0,0.0,0.0,0.0
1773803082.9310498,False,,,,,,,,,,,,,,,,,,0.0,0.0,0.0,0.0,0.0,0.0
1773803082.9406323,False,,,,,,,,,,,,,,,,,,0.0,0.0,0.0,0.0,0.0,0.0
1773803082.9505336,False,,,,,,,,,,,,,,,,,,0.0,0.0,0.0,0.0,0.0,0.0
1773803082.9606912,False,,,,,,,,,,,,,,,,,,0.0,0.0,0.0,0.0,0.0,0.0
1773803082.970715,False,,,,,,,,,,,,,,,,,,0.0,0.0,0.0,0.0,0.0,0.0
1773803082.9808588,False,,,,,,,,,,,,,,,,,,0.0,0.0,0.0,0.0,0.0,0.0
1773803082.990478,False,,,,,,,,,,,,,,,,,,0.0,0.0,0.0,0.0,0.0,0.0
1773803083.0005531,False,,,,,,,,,,,,,,,,,,0.0,0.0,0.0,0.0,0.0,0.0
1773803083.0108662,False,,,,,,,,,,,,,,,,,,0.0,0.0,0.0,0.0,0.0,0.0
1773803083.0206141,False,,,,,,,,,,,,,,,,,,0.0,0.0,0.0,0.0,0.0,0.0
1773803083.030668,False,,,,,,,,,,,,,,,,,,0.0,0.0,0.0,0.0,0.0,0.0
1773803083.0405943,False,,,,,,,,,,,,,,,,,,0.0,0.0,0.0,0.0,0.0,0.0
1773803083.0505366,False,,,,,,,,,,,,,,,,,,0.0,0.0,0.0,0.0,0.0,0.0
1773803083.060389,False,,,,,,,,,,,,,,,,,,0.0,0.0,0.0,0.0,0.0,0.0
1773803083.0707304,False,,,,,,,,,,,,,,,,,,0.0,0.0,0.0,0.0,0.0,0.0
1773803083.0808315,False,,,,,,,,,,,,,,,,,,0.0,0.0,0.0,0.0,0.0,0.0
1773803083.0905032,False,,,,,,,,,,,,,,,,,,0.0,0.0,0.0,0.0,0.0,0.0
1773803083.100703,False,,,,,,,,,,,,,,,,,,0.0,0.0,0.0,0.0,0.0,0.0
1773803083.1105845,False,,,,,,,,,,,,,,,,,,0.0,0.0,0.0,0.0,0.0,0.0
1773803083.1207197,False,,,,,,,,,,,,,,,,,,0.0,0.0,0.0,0.0,0.0,0.0
1773803083.13102,False,,,,,,,,,,,,,,,,,,0.0,0.0,0.0,0.0,0.0,0.0
1773803083.140634,False,,,,,,,,,,,,,,,,,,0.0,0.0,0.0,0.0,0.0,0.0
1773803083.1506693,False,,,,,,,,,,,,,,,,,,0.0,0.0,0.0,0.0,0.0,0.0
1773803083.1607993,False,,,,,,,,,,,,,,,,,,0.0,0.0,0.0,0.0,0.0,0.0
1773803083.1704614,False,,,,,,,,,,,,,,,,,,0.0,0.0,0.0,0.0,0.0,0.0
1773803083.1805737,False,,,,,,,,,,,,,,,,,,0.0,0.0,0.0,0.0,0.0,0.0
1773803083.1908448,False,,,,,,,,,,,,,,,,,,0.0,0.0,0.0,0.0,0.0,0.0
1773803083.2011003,False,,,,,,,,,,,,,,,,,,0.0,0.0,0.0,0.0,0.0,0.0
1773803083.2106676,False,,,,,,,,,,,,,,,,,,0.0,0.0,0.0,0.0,0.0,0.0
1773803083.220372,False,,,,,,,,,,,,,,,,,,0.0,0.0,0.0,0.0,0.0,0.0
1773803083.230843,False,,,,,,,,,,,,,,,,,,0.0,0.0,0.0,0.0,0.0,0.0
1773803083.2405944,False,,,,,,,,,,,,,,,,,,0.0,0.0,0.0,0.0,0.0,0.0
1773803083.250799,False,,,,,,,,,,,,,,,,,,0.0,0.0,0.0,0.0,0.0,0.0
1773803083.2605386,False,,,,,,,,,,,,,,,,,,0.0,0.0,0.0,0.0,0.0,0.0
1773803083.2706728,False,,,,,,,,,,,,,,,,,,0.0,0.0,0.0,0.0,0.0,0.0
1773803083.2803013,False,,,,,,,,,,,,,,,,,,0.0,0.0,0.0,0.0,0.0,0.0
1773803083.2903748,False,,,,,,,,,,,,,,,,,,0.0,0.0,0.0,0.0,0.0,0.0
1773803083.300806,False,,,,,,,,,,,,,,,,,,0.0,0.0,0.0,0.0,0.0,0.0
1773803083.3107765,False,,,,,,,,,,,,,,,,,,0.0,0.0,0.0,0.0,0.0,0.0
1773803083.3208299,False,,,,,,,,,,,,,,,,,,0.0,0.0,0.0,0.0,0.0,0.0
1773803083.3309906,False,,,,,,,,,,,,,,,,,,0.0,0.0,0.0,0.0,0.0,0.0
1773803083.3404,False,,,,,,,,,,,,,,,,,,0.0,0.0,0.0,0.0,0.0,0.0
1773803083.350505,False,,,,,,,,,,,,,,,,,,0.0,0.0,0.0,0.0,0.0,0.0
1773803083.3607347,False,,,,,,,,,,,,,,,,,,0.0,0.0,0.0,0.0,0.0,0.0
1773803083.371358,False,,,,,,,,,,,,,,,,,,0.0,0.0,0.0,0.0,0.0,0.0
1773803083.380391,False,,,,,,,,,,,,,,,,,,0.0,0.0,0.0,0.0,0.0,0.0
1773803083.390386,False,,,,,,,,,,,,,,,,,,0.0,0.0,0.0,0.0,0.0,0.0
1773803083.4007916,False,,,,,,,,,,,,,,,,,,0.0,0.0,0.0,0.0,0.0,0.0
1773803083.4104712,False,,,,,,,,,,,,,,,,,,0.0,0.0,0.0,0.0,0.0,0.0
1773803083.4207194,False,,,,,,,,,,,,,,,,,,0.0,0.0,0.0,0.0,0.0,0.0
1773803083.4309058,False,,,,,,,,,,,,,,,,,,0.0,0.0,0.0,0.0,0.0,0.0
1773803083.4404812,False,,,,,,,,,,,,,,,,,,0.0,0.0,0.0,0.0,0.0,0.0
1773803083.4506276,False,,,,,,,,,,,,,,,,,,0.0,0.0,0.0,0.0,0.0,0.0
1773803083.4605155,False,,,,,,,,,,,,,,,,,,0.0,0.0,0.0,0.0,0.0,0.0
1773803083.4706762,False,,,,,,,,,,,,,,,,,,0.0,0.0,0.0,0.0,0.0,0.0
1773803083.4807236,False,,,,,,,,,,,,,,,,,,0.0,0.0,0.0,0.0,0.0,0.0
1773803083.4905007,False,,,,,,,,,,,,,,,,,,0.0,0.0,0.0,0.0,0.0,0.0
1773803083.5005755,False,,,,,,,,,,,,,,,,,,0.0,0.0,0.0,0.0,0.0,0.0
1773803083.5106626,False,,,,,,,,,,,,,,,,,,0.0,0.0,0.0,0.0,0.0,0.0
1773803083.5208027,False,,,,,,,,,,,,,,,,,,0.0,0.0,0.0,0.0,0.0,0.0
1773803083.5304465,False,,,,,,,,,,,,,,,,,,0.0,0.0,0.0,0.0,0.0,0.0
1773803083.5408866,False,,,,,,,,,,,,,,,,,,0.0,0.0,0.0,0.0,0.0,0.0
1773803083.5505874,False,,,,,,,,,,,,,,,,,,0.0,0.0,0.0,0.0,0.0,0.0
1773803083.5604777,False,,,,,,,,,,,,,,,,,,0.0,0.0,0.0,0.0,0.0,0.0
1773803083.5707877,False,,,,,,,,,,,,,,,,,,0.0,0.0,0.0,0.0,0.0,0.0
1773803083.580814,False,,,,,,,,,,,,,,,,,,0.0,0.0,0.0,0.0,0.0,0.0
1773803083.590681,False,,,,,,,,,,,,,,,,,,0.0,0.0,0.0,0.0,0.0,0.0
1773803083.6007175,False,,,,,,,,,,,,,,,,,,0.0,0.0,0.0,0.0,0.0,0.0
1773803083.610788,False,,,,,,,,,,,,,,,,,,0.0,0.0,0.0,0.0,0.0,0.0
1773803083.620645,False,,,,,,,,,,,,,,,,,,0.0,0.0,0.0,0.0,0.0,0.0
1773803083.6309278,False,,,,,,,,,,,,,,,,,,0.0,0.0,0.0,0.0,0.0,0.0
1773803083.6405027,False,,,,,,,,,,,,,,,,,,0.0,0.0,0.0,0.0,0.0,0.0
1773803083.6506755,False,,,,,,,,,,,,,,,,,,0.0,0.0,0.0,0.0,0.0,0.0
1773803083.6608412,False,,,,,,,,,,,,,,,,,,0.0,0.0,0.0,0.0,0.0,0.0
1773803083.6704466,False,,,,,,,,,,,,,,,,,,0.0,0.0,0.0,0.0,0.0,0.0
1773803083.6803539,False,,,,,,,,,,,,,,,,,,0.0,0.0,0.0,0.0,0.0,0.0
1773803083.6909423,False,,,,,,,,,,,,,,,,,,0.0,0.0,0.0,0.0,0.0,0.0
1773803083.7008467,False,,,,,,,,,,,,,,,,,,0.0,0.0,0.0,0.0,0.0,0.0
1773803083.7104092,False,,,,,,,,,,,,,,,,,,0.0,0.0,0.0,0.0,0.0,0.0
1773803083.7209346,False,,,,,,,,,,,,,,,,,,0.0,0.0,0.0,0.0,0.0,0.0
1773803083.7304797,False,,,,,,,,,,,,,,,,,,0.0,0.0,0.0,0.0,0.0,0.0
1773803083.7405803,False,,,,,,,,,,,,,,,,,,0.0,0.0,0.0,0.0,0.0,0.0
1773803083.7508726,False,,,,,,,,,,,,,,,,,,0.0,0.0,0.0,0.0,0.0,0.0
1773803083.7604265,False,,,,,,,,,,,,,,,,,,0.0,0.0,0.0,0.0,0.0,0.0
1773803083.7705443,False,,,,,,,,,,,,,,,,,,0.0,0.0,0.0,0.0,0.0,0.0
1773803083.7805893,False,,,,,,,,,,,,,,,,,,0.0,0.0,0.0,0.0,0.0,0.0
1773803083.7904792,False,,,,,,,,,,,,,,,,,,0.0,0.0,0.0,0.0,0.0,0.0
1773803083.8010678,False,,,,,,,,,,,,,,,,,,0.0,0.0,0.0,0.0,0.0,0.0
1773803083.8112643,False,,,,,,,,,,,,,,,,,,0.0,0.0,0.0,0.0,0.0,0.0
1773803083.8215065,False,,,,,,,,,,,,,,,,,,0.0,0.0,0.0,0.0,0.0,0.0
1773803083.8307254,False,,,,,,,,,,,,,,,,,,0.0,0.0,0.0,0.0,0.0,0.0
1773803083.841026,False,,,,,,,,,,,,,,,,,,0.0,0.0,0.0,0.0,0.0,0.0
1773803083.8506584,False,,,,,,,,,,,,,,,,,,0.0,0.0,0.0,0.0,0.0,0.0
1773803083.8607023,False,,,,,,,,,,,,,,,,,,0.0,0.0,0.0,0.0,0.0,0.0
1773803083.8707788,False,,,,,,,,,,,,,,,,,,0.0,0.0,0.0,0.0,0.0,0.0
1773803083.880827,False,,,,,,,,,,,,,,,,,,0.0,0.0,0.0,0.0,0.0,0.0
1773803083.8907604,False,,,,,,,,,,,,,,,,,,0.0,0.0,0.0,0.0,0.0,0.0
1773803083.9005358,False,,,,,,,,,,,,,,,,,,0.0,0.0,0.0,0.0,0.0,0.0
1773803083.910492,False,,,,,,,,,,,,,,,,,,0.0,0.0,0.0,0.0,0.0,0.0
1773803083.9208298,False,,,,,,,,,,,,,,,,,,0.0,0.0,0.0,0.0,0.0,0.0
1773803083.9306905,False,,,,,,,,,,,,,,,,,,0.0,0.0,0.0,0.0,0.0,0.0
1773803083.940731,False,,,,,,,,,,,,,,,,,,0.0,0.0,0.0,0.0,0.0,0.0
1773803083.9507077,False,,,,,,,,,,,,,,,,,,0.0,0.0,0.0,0.0,0.0,0.0
1773803083.9606142,False,,,,,,,,,,,,,,,,,,0.0,0.0,0.0,0.0,0.0,0.0
1773803083.9708507,False,,,,,,,,,,,,,,,,,,0.0,0.0,0.0,0.0,0.0,0.0
1773803083.98093,False,,,,,,,,,,,,,,,,,,0.0,0.0,0.0,0.0,0.0,0.0
1773803083.990581,False,,,,,,,,,,,,,,,,,,0.0,0.0,0.0,0.0,0.0,0.0
1773803084.0008636,False,,,,,,,,,,,,,,,,,,0.0,0.0,0.0,0.0,0.0,0.0
1773803084.010422,False,,,,,,,,,,,,,,,,,,0.0,0.0,0.0,0.0,0.0,0.0
1773803084.020287,False,,,,,,,,,,,,,,,,,,0.0,0.0,0.0,0.0,0.0,0.0
1773803084.0309796,False,,,,,,,,,,,,,,,,,,0.0,0.0,0.0,0.0,0.0,0.0
1773803084.0410264,False,,,,,,,,,,,,,,,,,,0.0,0.0,0.0,0.0,0.0,0.0
1773803084.0505729,False,,,,,,,,,,,,,,,,,,0.0,0.0,0.0,0.0,0.0,0.0
1773803084.060611,False,,,,,,,,,,,,,,,,,,0.0,0.0,0.0,0.0,0.0,0.0
1773803084.07065,False,,,,,,,,,,,,,,,,,,0.0,0.0,0.0,0.0,0.0,0.0
1773803084.0806816,False,,,,,,,,,,,,,,,,,,0.0,0.0,0.0,0.0,0.0,0.0
1773803084.090751,False,,,,,,,,,,,,,,,,,,0.0,0.0,0.0,0.0,0.0,0.0
1773803084.1008723,False,,,,,,,,,,,,,,,,,,0.0,0.0,0.0,0.0,0.0,0.0
1773803084.110936,False,,,,,,,,,,,,,,,,,,0.0,0.0,0.0,0.0,0.0,0.0
1773803084.1203327,False,,,,,,,,,,,,,,,,,,0.0,0.0,0.0,0.0,0.0,0.0
1773803084.1307151,False,,,,,,,,,,,,,,,,,,0.0,0.0,0.0,0.0,0.0,0.0
1773803084.1407762,False,,,,,,,,,,,,,,,,,,0.0,0.0,0.0,0.0,0.0,0.0
1773803084.1505141,False,,,,,,,,,,,,,,,,,,0.0,0.0,0.0,0.0,0.0,0.0
1773803084.1606355,False,,,,,,,,,,,,,,,,,,0.0,0.0,0.0,0.0,0.0,0.0
1773803084.170782,False,,,,,,,,,,,,,,,,,,0.0,0.0,0.0,0.0,0.0,0.0
1773803084.1804445,False,,,,,,,,,,,,,,,,,,0.0,0.0,0.0,0.0,0.0,0.0
1773803084.1906304,False,,,,,,,,,,,,,,,,,,0.0,0.0,0.0,0.0,0.0,0.0
1773803084.200503,False,,,,,,,,,,,,,,,,,,0.0,0.0,0.0,0.0,0.0,0.0
1773803084.21088,False,,,,,,,,,,,,,,,,,,0.0,0.0,0.0,0.0,0.0,0.0
1773803084.2209156,False,,,,,,,,,,,,,,,,,,0.0,0.0,0.0,0.0,0.0,0.0
1773803084.2304957,False,,,,,,,,,,,,,,,,,,0.0,0.0,0.0,0.0,0.0,0.0
1773803084.240612,False,,,,,,,,,,,,,,,,,,0.0,0.0,0.0,0.0,0.0,0.0
1773803084.2508886,False,,,,,,,,,,,,,,,,,,0.0,0.0,0.0,0.0,0.0,0.0
1773803084.2605,False,,,,,,,,,,,,,,,,,,0.0,0.0,0.0,0.0,0.0,0.0
1773803084.2705472,False,,,,,,,,,,,,,,,,,,0.0,0.0,0.0,0.0,0.0,0.0
1773803084.280592,False,,,,,,,,,,,,,,,,,,0.0,0.0,0.0,0.0,0.0,0.0
1773803084.2906482,False,,,,,,,,,,,,,,,,,,0.0,0.0,0.0,0.0,0.0,0.0
1773803084.3006492,False,,,,,,,,,,,,,,,,,,0.0,0.0,0.0,0.0,0.0,0.0
1773803084.3105648,False,,,,,,,,,,,,,,,,,,0.0,0.0,0.0,0.0,0.0,0.0
1773803084.3203657,False,,,,,,,,,,,,,,,,,,0.0,0.0,0.0,0.0,0.0,0.0
1773803084.3306012,False,,,,,,,,,,,,,,,,,,0.0,0.0,0.0,0.0,0.0,0.0
1773803084.340759,False,,,,,,,,,,,,,,,,,,0.0,0.0,0.0,0.0,0.0,0.0
1773803084.350753,False,,,,,,,,,,,,,,,,,,0.0,0.0,0.0,0.0,0.0,0.0
1773803084.3604825,False,,,,,,,,,,,,,,,,,,0.0,0.0,0.0,0.0,0.0,0.0
1773803084.370576,False,,,,,,,,,,,,,,,,,,0.0,0.0,0.0,0.0,0.0,0.0
1773803084.3806365,False,,,,,,,,,,,,,,,,,,0.0,0.0,0.0,0.0,0.0,0.0
1773803084.390671,False,,,,,,,,,,,,,,,,,,0.0,0.0,0.0,0.0,0.0,0.0
1773803084.400777,False,,,,,,,,,,,,,,,,,,0.0,0.0,0.0,0.0,0.0,0.0
1773803084.410486,False,,,,,,,,,,,,,,,,,,0.0,0.0,0.0,0.0,0.0,0.0
1773803084.4204469,False,,,,,,,,,,,,,,,,,,0.0,0.0,0.0,0.0,0.0,0.0
1773803084.430478,False,,,,,,,,,,,,,,,,,,0.0,0.0,0.0,0.0,0.0,0.0
1773803084.440615,False,,,,,,,,,,,,,,,,,,0.0,0.0,0.0,0.0,0.0,0.0
1773803084.4506404,False,,,,,,,,,,,,,,,,,,0.0,0.0,0.0,0.0,0.0,0.0
1773803084.460724,False,,,,,,,,,,,,,,,,,,0.0,0.0,0.0,0.0,0.0,0.0
1773803084.4708736,False,,,,,,,,,,,,,,,,,,0.0,0.0,0.0,0.0,0.0,0.0
1773803084.4804015,False,,,,,,,,,,,,,,,,,,0.0,0.0,0.0,0.0,0.0,0.0
1773803084.490433,False,,,,,,,,,,,,,,,,,,0.0,0.0,0.0,0.0,0.0,0.0
1773803084.5005515,False,,,,,,,,,,,,,,,,,,0.0,0.0,0.0,0.0,0.0,0.0
1773803084.5106015,False,,,,,,,,,,,,,,,,,,0.0,0.0,0.0,0.0,0.0,0.0
1773803084.5212498,False,,,,,,,,,,,,,,,,,,0.0,0.0,0.0,0.0,0.0,0.0
1773803084.5308037,False,,,,,,,,,,,,,,,,,,0.0,0.0,0.0,0.0,0.0,0.0
1773803084.5408566,False,,,,,,,,,,,,,,,,,,0.0,0.0,0.0,0.0,0.0,0.0
1773803084.5509017,False,,,,,,,,,,,,,,,,,,0.0,0.0,0.0,0.0,0.0,0.0
1773803084.5609386,False,,,,,,,,,,,,,,,,,,0.0,0.0,0.0,0.0,0.0,0.0
1773803084.5706847,False,,,,,,,,,,,,,,,,,,0.0,0.0,0.0,0.0,0.0,0.0
1773803084.5812185,False,,,,,,,,,,,,,,,,,,0.0,0.0,0.0,0.0,0.0,0.0
1773803084.5907493,True,0.8530105,1773803084.5822284,281.1404,159.24956,33.975685,15.890595,0.03419212,281.1404,159.24956,539.89386,0.03418545684318754,0.9994155064538586,0.03419211879372597,69.14041,39.249557,-2.120460086929906,0.0,-0.03,-0.023549736,0.03,0.0,0.0,0.0
1773803084.6011388,True,0.8530105,1773803084.5822284,281.1404,159.24956,33.975685,15.890595,0.03419212,281.1404,159.24956,539.89386,0.03418545684318754,0.9994155064538586,0.03419211879372597,69.14041,39.249557,-2.120460086929906,0.0,-0.03,-0.023549736,0.03,0.0,0.0,0.0
1773803084.610822,True,0.8530105,1773803084.5822284,281.1404,159.24956,33.975685,15.890595,0.03419212,281.1404,159.24956,539.89386,0.03418545684318754,0.9994155064538586,0.03419211879372597,69.14041,39.249557,-2.120460086929906,0.0,-0.03,-0.023549736,0.03,0.0,0.0,0.0
1773803084.6208885,True,0.8530105,1773803084.5822284,281.1404,159.24956,33.975685,15.890595,0.03419212,281.1404,159.24956,539.89386,0.03418545684318754,0.9994155064538586,0.03419211879372597,69.14041,39.249557,-2.120460086929906,0.0,-0.03,-0.023549736,0.03,0.0,0.0,0.0
1773803084.6309426,True,0.8530105,1773803084.5822284,281.1404,159.24956,33.975685,15.890595,0.03419212,281.1404,159.24956,539.89386,0.03418545684318754,0.9994155064538586,0.03419211879372597,69.14041,39.249557,-2.120460086929906,0.0,-0.03,-0.023549736,0.03,0.0,0.0,0.0
1773803084.6404686,True,0.28342834,1773803084.6389644,279.68787,156.85872,35.50053,16.290522,0.0072496138,280.8499,158.7714,551.42236,0.02610468486687317,0.9995829710172823,0.026109641103532404,68.849915,38.771393,-2.099331597314439,0.0,-0.03,-0.023262836,0.03,0.0,0.0,0.0
1773803084.65062,True,0.28342834,1773803084.6389644,279.68787,156.85872,35.50053,16.290522,0.0072496138,280.6175,158.38885,559.4923,0.020448144483453112,0.9997001962116789,0.020451424932994577,68.61749,38.388855,-2.0848029015931466,0.0,-0.03,-0.023033313,0.03,0.0,0.0,0.0
1773803084.6608949,True,0.28342834,1773803084.6389644,279.68787,156.85872,35.50053,16.290522,0.0072496138,280.43158,158.08282,565.14124,0.01648856621505907,0.9997822538477565,0.016490662321980733,68.43158,38.082825,-2.0747569966087607,0.0,-0.03,-0.022849696,0.03,0.0,0.0,0.0
1773803084.6706448,True,0.28342834,1773803084.6389644,279.68787,156.85872,35.50053,16.290522,0.0072496138,280.28284,157.83801,569.09546,0.013716861427183244,0.9998396941930109,0.01371820006931527,68.28284,37.838013,-2.0677844439140762,0.0,-0.03,-0.02270281,0.03,0.0,0.0,0.0
1773803084.6806884,True,0.28342834,1773803084.6389644,279.68787,156.85872,35.50053,16.290522,0.0072496138,280.16385,157.64215,571.86346,0.011776668075670165,0.9998799024346889,0.011777538008822423,68.16385,37.64215,-2.0629324234330113,0.0,-0.03,-0.022585291,0.03,0.0,0.0,0.0
1773803084.690661,True,0.28342834,1773803084.6389644,279.68787,156.85872,35.50053,16.290522,0.0072496138,280.06866,157.48547,573.801,0.01041853272961101,0.9999080482038636,0.010419113778319649,68.068665,37.485474,-2.059549997556618,0.0,-0.03,-0.022491286,0.03,0.0,0.0,0.0
1773803084.7008266,True,0.83005965,1773803084.6971784,244.27585,178.40918,40.980106,17.413395,0.019006325,272.9101,161.67021,615.7416,0.012994527103912874,0.9998814493157546,0.012995336201788126,60.910095,41.67021,-1.9890053120551143,0.0,-0.03,-0.025002128,0.03,0.0,0.0,0.0
1773803084.710972,True,0.83005965,1773803084.6971784,244.27585,178.40918,40.980106,17.413395,0.019006325,267.18326,165.018,645.1,0.014797723165924176,0.9998628300940782,0.014798672845381673,55.183258,45.018005,-1.9424273822618776,0.0,-0.03,-0.027010804,0.03,0.0,0.0,0.0
1773803084.7210765,True,0.83005965,1773803084.6971784,244.27585,178.40918,40.980106,17.413395,0.019006325,262.60178,167.69624,665.6508,0.016059960409332087,0.9998497966389048,0.016060991882387427,50.601776,47.696243,-1.9110674896288258,0.0,-0.03,-0.028617747,0.03,0.0,0.0,0.0
1773803084.730759,True,0.83005965,1773803084.6971784,244.27585,178.40918,40.980106,17.413395,0.019006325,258.93658,169.83884,680.0364,0.016943526479717627,0.9998406732202834,0.016944604571639217,46.936584,49.838837,-1.889686432495696,0.0,-0.028161952,-0.029903304,0.03,0.0,0.0,0.0
1773803084.74088,True,0.83005965,1773803084.6971784,244.27585,178.40918,40.980106,17.413395,0.019006325,256.00446,171.55292,690.1063,0.017562022728987506,0.9998342868272483,0.017563127386079465,44.004456,51.552917,-1.8749870392357832,0.0,-0.026402675,-0.03,0.03,0.0,0.0,0.0
1773803084.7504387,True,0.83005965,1773803084.6971784,244.27585,178.40918,40.980106,17.413395,0.019006325,253.65875,172.92418,697.1553,0.01799497010347642,0.9998298163521238,0.017996090089233672,41.658752,52.92418,-1.8648245144129754,0.0,-0.024995252,-0.03,0.03,0.0,0.0,0.0
1773803084.7607574,True,0.7109059,1773803084.7527301,242.18329,182.55014,39.376186,17.070286,0.025601957,251.36366,174.84937,689.65753,0.020276227144738816,0.9997825577864369,0.02027785719334011,39.363663,54.849365,-1.8756374890673086,0.0,-0.023618199,-0.03,0.03,0.0,0.0,0.0
1773803084.7708542,True,0.7109059,1773803084.7527301,242.18329,182.55014,39.376186,17.070286,0.025601957,249.52759,176.38953,684.4091,0.021873107073622493,0.9997494767904561,0.02187509827629676,37.527588,56.389526,-1.883276765929214,0.0,-0.022516554,-0.03,0.03,0.0,0.0,0.0
1773803084.7810488,True,0.7109059,1773803084.7527301,242.18329,182.55014,39.376186,17.070286,0.025601957,248.05873,177.62164,680.7352,0.022990923023841068,0.9997263200932696,0.022993163991436576,36.05873,57.621643,-1.8886591966634365,0.0,-0.02163524,-0.03,0.03,0.0,0.0,0.0
1773803084.7908306,True,0.7109059,1773803084.7527301,242.18329,182.55014,39.376186,17.070286,0.025601957,246.88365,178.60735,678.1635,0.023773394188994067,0.9997101104052389,0.02377580676651255,34.88365,58.607346,-1.8924442794393666,0.0,-0.020930192,-0.03,0.03,0.0,0.0,0.0
1773803084.8007545,True,0.7109059,1773803084.7527301,242.18329,182.55014,39.376186,17.070286,0.025601957,245.94359,179.3959,676.3633,0.024321124004601166,0.9996987636236175,0.024323654533645194,33.94359,59.395905,-1.8951023778409548,0.0,-0.020366155,-0.03,0.03,0.0,0.0,0.0
1773803084.8107927,True,0.84335715,1773803084.8097756,241.71605,183.81712,39.66372,17.48796,0.018863732,245.09808,180.28015,681.54553,0.022683570783877092,0.999735760061575,0.022685673821997588,33.098083,60.28015,-1.8874695807934376,0.0,-0.01985885,-0.03,0.03,0.0,0.0,0.0
1773803084.8210173,True,0.84335715,1773803084.8097756,241.71605,183.81712,39.66372,17.48796,0.018863732,244.42169,180.98755,685.17316,0.02153728352937024,0.9997616575681453,0.02153908649116154,32.42169,60.98755,-1.882161057434619,0.0,-0.019453015,-0.03,0.03,0.0,0.0,0.0
1773803084.8307247,True,0.84335715,1773803084.8097756,241.71605,183.81712,39.66372,17.48796,0.018863732,243.88057,181.55347,687.7125,0.020734882451215443,0.9997797858227445,0.020736476822211625,31.88057,61.553467,-1.8784617192912827,0.0,-0.019128343,-0.03,0.03,0.0,0.0,0.0
1773803084.8409235,True,0.84335715,1773803084.8097756,241.71605,183.81712,39.66372,17.48796,0.018863732,243.44768,182.00621,689.49005,0.020173201696507086,0.999792475600964,0.02017465141226532,31.447678,62.00621,-1.8758803984578554,0.0,-0.018868607,-0.03,0.03,0.0,0.0,0.0
1773803084.8509252,True,0.84335715,1773803084.8097756,241.71605,183.81712,39.66372,17.48796,0.018863732,243.10136,182.3684,690.7343,0.019780025168211236,0.9998013584457175,0.01978137451095414,31.101364,62.368393,-1.874077391488173,0.0,-0.01866082,-0.03,0.03,0.0,0.0,0.0
1773803084.8606262,True,0.84335715,1773803084.8097756,241.71605,183.81712,39.66372,17.48796,0.018863732,242.82431,182.65814,691.6053,0.01950480159840414,0.999807576437045,0.01950608118949014,30.82431,62.658142,-1.8728172374611776,0.0,-0.018494587,-0.03,0.03,0.0,0.0,0.0
1773803084.870868,True,0.84498787,1773803084.8629715,237.54463,185.34613,41.389545,17.555592,-0.0028545863,241.76837,183.19574,702.1091,0.012796986378113079,0.9998640812072803,0.012798027192222278,29.768372,63.19574,-1.8577439472143338,0.0,-0.017861024,-0.03,0.03,0.0,0.0,0.0
1773803084.880451,True,0.84498787,1773803084.8629715,237.54463,185.34613,41.389545,17.555592,-0.0028545863,240.92363,183.62582,709.46173,0.008101515723909335,0.9999036345464452,0.008102119214653604,28.92363,63.625824,-1.8473261357969157,0.0,-0.01735418,-0.03,0.03,0.0,0.0,0.0
1773803084.8904943,True,0.84498787,1773803084.8629715,237.54463,185.34613,41.389545,17.555592,-0.0028545863,240.24783,183.9699,714.6086,0.004814686265966716,0.9999313218838606,0.004814979741703646,28.247833,63.969894,-1.8400976819960038,0.0,-0.0169487,-0.03,0.03,0.0,0.0,0.0
1773803084.9007456,True,0.84498787,1773803084.8629715,237.54463,185.34613,41.389545,17.555592,-0.0028545863,239.7072,184.24515,718.2114,0.002513905645406882,0.9999507030200512,0.002514024282981539,27.7072,64.24515,-1.8350686933961153,0.0,-0.01662432,-0.03,0.03,0.0,0.0,0.0
1773803084.9108584,True,0.84498787,1773803084.8629715,237.54463,185.34613,41.389545,17.555592,-0.0028545863,239.27469,184.46535,720.7334,0.0009033592110149983,0.9999642698153848,0.0009033912436023419,27.274689,64.46535,-1.8315634169856991,0.0,-0.016364815,-0.03,0.03,0.0,0.0,0.0
1773803084.9207237,True,0.64771724,1773803084.918214,236.67615,185.66576,44.550804,17.15801,-0.0037781207,238.75499,184.70543,733.83435,-0.0005010820765076342,0.9999728477438722,-0.0005010956404447653,26.75499,64.70543,-1.8135493556945572,0.0,-0.016052995,-0.03,0.03,0.0,0.0,0.0
1773803084.9307983,True,0.64771724,1773803084.918214,236.67615,185.66576,44.550804,17.15801,-0.0037781207,238.33923,184.89749,743.005,-0.001484190977773477,0.9999788522938134,-0.001484221275801008,26.339233,64.89749,-1.8011298714314954,0.0,-0.01580354,-0.03,0.03,0.0,0.0,0.0
1773803084.9404829,True,0.64771724,1773803084.918214,236.67615,185.66576,44.550804,17.15801,-0.0037781207,238.00662,185.05115,749.42444,-0.0021723672086595668,0.9999830554787723,-0.0021724006015780947,26.006622,65.05115,-1.7925272034643847,0.0,-0.015603974,-0.03,0.03,0.0,0.0,0.0
1773803084.9505835,True,0.64771724,1773803084.918214,236.67615,185.66576,44.550804,17.15801,-0.0037781207,237.74054,185.17407,753.9181,-0.00265409057027983,0.9999859977082435,-0.002654121501936543,25.74054,65.17407,-1.7865489884965158,0.0,-0.015444324,-0.03,0.03,0.0,0.0,0.0
1773803084.960816,True,0.64771724,1773803084.918214,236.67615,185.66576,44.550804,17.15801,-0.0037781207,237.52766,185.27242,757.0636,-0.0029912969234140137,0.9999880572688733,-0.0029913237259244574,25.527664,65.272415,-1.7823853838543258,0.0,-0.015316599,-0.03,0.03,0.0,0.0,0.0
1773803084.970673,True,0.64771724,1773803084.918214,236.67615,185.66576,44.550804,17.15801,-0.0037781207,237.35738,185.35109,759.2655,-0.0032273413706079422,0.9999894989613142,-0.0032273640560761666,25.357376,65.35109,-1.7794811410527713,0.0,-0.015214426,-0.03,0.03,0.0,0.0,0.0
1773803084.9805384,True,0.64771724,1773803084.918214,236.67615,185.66576,44.550804,17.15801,-0.0037781207,237.22115,185.41402,760.80676,-0.0033925724836436923,0.9999905081460229,-0.0033925916698125435,25.221146,65.41402,-1.777453257386044,0.0,-0.015132688,-0.03,0.03,0.0,0.0,0.0
1773803084.9904299,True,0.8103721,1773803084.9805384,233.40804,185.88675,41.532852,18.112732,0.0004772156,236.45853,185.50858,758.2467,-0.0022316360653913464,0.9999933215420079,-0.0022316472646511498,24.458527,65.508575,-1.780823914120264,0.0,-0.014675117,-0.03,0.03,0.0,0.0,0.0
1773803085.000461,True,0.8103721,1773803084.9805384,233.40804,185.88675,41.532852,18.112732,0.0004772156,235.84843,185.58421,756.4547,-0.0014189805726147044,0.9999952909191975,-0.0014189863023528055,23.848434,65.58421,-1.7831900368671132,0.0,-0.014309062,-0.03,0.03,0.0,0.0,0.0
1773803085.010547,True,0.8103721,1773803084.9805384,233.40804,185.88675,41.532852,18.112732,0.0004772156,235.36037,185.64473,755.2003,-0.0008501217276710548,0.9999966694832302,-0.0008501243542269035,23.360367,65.64473,-1.784849677995764,0.0,-0.01401622,-0.03,0.03,0.0,0.0,0.0
1773803085.0206223,True,0.8103721,1773803084.9805384,233.40804,185.88675,41.532852,18.112732,0.0004772156,234.96991,185.69315,754.32227,-0.00045192053621050023,0.999997634478053,-0.00045192157447519044,22.96991,65.693146,-1.7860129878328,0.0,-0.013781946,-0.03,0.03,0.0,0.0,0.0
1773803085.0306911,True,0.8103721,1773803084.9805384,233.40804,185.88675,41.532852,18.112732,0.0004772156,234.65755,185.73187,753.70764,-0.00017317970218811202,0.999998309974429,-0.00017317999313543343,22.657547,65.73187,-1.7868281284696779,0.0,-0.013594529,-0.03,0.03,0.0,0.0,0.0
1773803085.0410526,True,0.83842635,1773803085.036409,232.2762,185.29805,42.155834,17.651989,-0.0050782217,234.18129,185.64511,750.83563,-0.0016446857449809247,0.9999949487401117,-0.0016446925697844673,22.18129,65.64511,-1.7906458700827015,0.0,-0.013308775,-0.03,0.03,0.0,0.0,0.0
1773803085.0506344,True,0.83842635,1773803085.036409,232.2762,185.29805,42.155834,17.651989,-0.0050782217,233.80028,185.57571,748.82526,-0.0026747399749358935,0.9999925958760897,-0.002674753400502594,21.800278,65.575714,-1.7933269879993343,0.0,-0.013080168,-0.03,0.03,0.0,0.0,0.0
1773803085.0609019,True,0.83842635,1773803085.036409,232.2762,185.29805,42.155834,17.651989,-0.0050782217,233.49547,185.52019,747.41797,-0.0033957779359043714,0.9999909488712743,-0.003395795618954816,21.495468,65.52019,-1.79520808374455,0.0,-0.012897282,-0.03,0.03,0.0,0.0,0.0
1773803085.0709279,True,0.83842635,1773803085.036409,232.2762,185.29805,42.155834,17.651989,-0.0050782217,233.25162,185.47577,746.43286,-0.003900504508582306,0.9999897959679035,-0.0039005245287621016,21.251617,65.47577,-1.7965269683431995,0.0,-0.012750971,-0.03,0.03,0.0,0.0,0.0
1773803085.0807972,True,0.83842635,1773803085.036409,232.2762,185.29805,42.155834,17.651989,-0.0050782217,233.05655,185.44023,745.7433,-0.004253813109456861,0.999988988935544,-0.004253834290936184,21.05655,65.44023,-1.7974512506073468,0.0,-0.01263393,-0.03,0.03,0.0,0.0,0.0
1773803085.090863,True,0.83842635,1773803085.036409,232.2762,185.29805,42.155834,17.651989,-0.0050782217,232.90048,185.4118,745.26056,-0.004501129130069049,0.9999884240128923,-0.004501150837128235,20.900482,65.411804,-1.798098774870643,0.0,-0.01254029,-0.03,0.03,0.0,0.0,0.0
1773803085.1009498,True,0.8617836,1773803085.090863,233.33595,185.6495,42.835976,17.664986,-0.0027610532,232.98758,185.45935,748.69147,-0.003979105284889605,0.9999907532975729,-0.003979121077688055,20.98758,65.45935,-1.7935057402339893,0.0,-0.0125925485,-0.03,0.03,0.0,0.0,0.0
1773803085.1104257,True,0.8617836,1773803085.090863,233.33595,185.6495,42.835976,17.664986,-0.0027610532,233.05725,185.49738,751.09314,-0.003613688593263995,0.9999923837968494,-0.003613700385744317,21.057251,65.497375,-1.7903029882306234,0.0,-0.012634351,-0.03,0.03,0.0,0.0,0.0
1773803085.1208389,True,0.8617836,1773803085.090863,233.33595,185.6495,42.835976,17.664986,-0.0027610532,233.11299,185.5278,752.7743,-0.003357896909126068,0.999993525146343,-0.0033579060303743536,21.112991,65.5278,-1.788067229686617,0.0,-0.012667796,-0.03,0.03,0.0,0.0,0.0
1773803085.1306553,True,0.8617836,1773803085.090863,233.33595,185.6495,42.835976,17.664986,-0.0027610532,233.1576,185.55214,753.9511,-0.0031788427302295186,0.9999943240909883,-0.0031788500655911397,21.157593,65.55214,-1.7865051408913952,0.0,-0.012694556,-0.03,0.03,0.0,0.0,0.0
1773803085.1407375,True,0.8617836,1773803085.090863,233.33595,185.6495,42.835976,17.664986,-0.0027610532,233.19327,185.57161,754.77484,-0.0030535048050019343,0.9999948833522401,-0.0030535109385152184,21.193268,65.57161,-1.785413217636373,0.0,-0.012715961,-0.03,0.03,0.0,0.0,0.0
1773803085.1509063,True,0.6589634,1773803085.146369,234.38452,186.9685,40.707275,18.491146,0.0075631696,233.43152,185.851,754.15967,0.00013147587930127007,0.9999878381573538,0.0001314774775520852,21.431519,65.851,-1.7862285806340445,0.0,-0.012858911,-0.03,0.03,0.0,0.0,0.0
1773803085.160668,True,0.6589634,1773803085.146369,234.38452,186.9685,40.707275,18.491146,0.0075631696,233.62213,186.07451,753.729,0.002360962358313513,0.9999829065209335,0.0023609983290729213,21.622131,66.07451,-1.7867997483495497,0.0,-0.01297328,-0.03,0.03,0.0,0.0,0.0
1773803085.1707346,True,0.6589634,1773803085.146369,234.38452,186.9685,40.707275,18.491146,0.0075631696,233.77461,186.25331,753.42755,0.003921602893622082,0.9999794543754392,0.003921663362601155,21.774612,66.25331,-1.7871998133476503,0.0,-0.013064768,-0.03,0.03,0.0,0.0,0.0
1773803085.1809473,True,0.6589634,1773803085.146369,234.38452,186.9685,40.707275,18.491146,0.0075631696,233.8966,186.39636,753.21655,0.005014051268338081,0.9999770378735933,0.005014124383063617,21.896606,66.39636,-1.7874799363027187,0.0,-0.0131379645,-0.03,0.03,0.0,0.0,0.0
1773803085.191031,True,0.6589634,1773803085.146369,234.38452,186.9685,40.707275,18.491146,0.0075631696,233.9942,186.5108,753.06885,0.005778765130639281,0.999975346322301,0.005778843272891445,21.994202,66.5108,-1.7876759889323484,0.0,-0.013196521,-0.03,0.03,0.0,0.0,0.0
1773803085.200795,True,0.6589634,1773803085.146369,234.38452,186.9685,40.707275,18.491146,0.0075631696,234.07227,186.60236,752.96545,0.00631406483425012,0.9999741622363965,0.00631414406680251,22.072266,66.602356,-1.7878133020793807,0.0,-0.01324336,-0.03,0.03,0.0,0.0,0.0
1773803085.2108417,True,0.86959857,1773803085.200795,236.20699,187.03926,41.574333,18.9476,-0.001297386,234.4992,186.68974,763.396,0.004030629688992943,0.9999816610839425,0.004030681779569286,22.499207,66.68974,-1.7740558013761376,0.0,-0.013499524,-0.03,0.03,0.0,0.0,0.0
1773803085.2204225,True,0.86959857,1773803085.200795,236.20699,187.03926,41.574333,18.9476,-0.001297386,234.84076,186.75964,770.6974,0.0024322250873129196,0.9999869102772247,0.0024322521285905117,22.84076,66.75964,-1.7645369145745051,0.0,-0.013704456,-0.03,0.03,0.0,0.0,0.0
1773803085.2307937,True,0.86959857,1773803085.200795,236.20699,187.03926,41.574333,18.9476,-0.001297386,235.114,186.81557,775.80835,0.0013133418661369033,0.9999905847125223,0.0013133534766107218,23.113998,66.81557,-1.7579271298807726,0.0,-0.0138684,-0.03,0.03,0.0,0.0,0.0
1773803085.2403874,True,0.86959857,1773803085.200795,236.20699,187.03926,41.574333,18.9476,-0.001297386,235.3326,186.8603,779.386,0.0005301236113136919,0.9999931568172307,0.0005301271894098715,23.332596,66.860306,-1.7533262852704279,0.0,-0.013999558,-0.03,0.03,0.0,0.0,0.0
1773803085.250457,True,0.86959857,1773803085.200795,236.20699,187.03926,41.574333,18.9476,-0.001297386,235.50748,186.8961,781.8904,-1.8129167062555984e-05,0.9999949572905265,-1.8129258481153303e-05,23.507477,66.8961,-1.7501181655052873,0.0,-0.014104486,-0.03,0.03,0.0,0.0,0.0
1773803085.2605033,True,0.8746287,1773803085.2585142,236.08148,186.8641,39.170753,18.16782,0.002489442,235.62228,186.88971,760.8174,0.0007341414133888817,0.9999955405056236,0.0007341445554094277,23.622284,66.88971,-1.7774393318373154,0.0,-0.014173371,-0.03,0.03,0.0,0.0,0.0
1773803085.2705455,True,0.8746287,1773803085.2585142,236.08148,186.8641,39.170753,18.16782,0.002489442,235.71413,186.88458,746.0663,0.001260730819704888,0.9999959487561916,0.0012607352592931037,23.714127,66.88458,-1.7970182127329601,0.0,-0.014228476,-0.03,0.03,0.0,0.0,0.0
1773803085.2807057,True,0.8746287,1773803085.2585142,236.08148,186.8641,39.170753,18.16782,0.002489442,235.7876,186.8805,735.7406,0.0016293434041260925,0.9999962345315891,0.0016293480975377958,23.787598,66.88049,-1.810955072191209,0.0,-0.014272559,-0.03,0.03,0.0,0.0,0.0
1773803085.291063,True,0.8746287,1773803085.2585142,236.08148,186.8641,39.170753,18.16782,0.002489442,235.84637,186.87721,728.5126,0.0018873722132209357,0.9999964345743675,0.0018873767014616868,23.846375,66.87721,-1.8208277850525152,0.0,-0.014307826,-0.03,0.03,0.0,0.0,0.0
1773803085.3004062,True,0.8746287,1773803085.2585142,236.08148,186.8641,39.170753,18.16782,0.002489442,235.8934,186.87459,723.453,0.002067992379587326,0.9999965746043122,0.0020679965152941523,23.893402,66.87459,-1.8277971038262666,0.0,-0.014336042,-0.03,0.03,0.0,0.0,0.0
1773803085.3104925,True,0.8746287,1773803085.2585142,236.08148,186.8641,39.170753,18.16782,0.002489442,235.93102,186.8725,719.91125,0.0021944264960437987,0.9999966726252736,0.002194430275296515,23.931015,66.8725,-1.8327047076708938,0.0,-0.01435861,-0.03,0.03,0.0,0.0,0.0
1773803085.3210895,True,0.8746287,1773803085.2585142,236.08148,186.8641,39.170753,18.16782,0.002489442,235.9611,186.87082,717.432,0.00228293037756333,0.9999967412399466,0.00228293385104666,23.961105,66.87082,-1.8361544545679938,0.0,-0.014376664,-0.03,0.03,0.0,0.0,0.0
1773803085.3308687,True,0.828496,1773803085.3232896,237.17453,185.01932,40.330883,17.791143,-0.00432139,236.2038,186.50052,717.46216,0.0003016383497800822,0.9999949177108103,0.0003016398736528006,24.203796,66.50052,-1.8361124893881515,0.0,-0.014522279,-0.03,0.03,0.0,0.0,0.0
1773803085.3408897,True,0.828496,1773803085.3232896,237.17453,185.01932,40.330883,17.791143,-0.00432139,236.39795,186.20428,717.4833,-0.001085266069668191,0.9999936412404149,-0.0010852725445739263,24.39795,66.204285,-1.8360830493888074,0.0,-0.01463877,-0.03,0.03,0.0,0.0,0.0
1773803085.3509173,True,0.828496,1773803085.3232896,237.17453,185.01932,40.330883,17.791143,-0.00432139,236.55327,185.96729,717.49805,-0.002056099163281982,0.9999927477111381,-0.0020561111773430936,24.553268,65.967285,-1.836062488633457,0.0,-0.014731961,-0.03,0.03,0.0,0.0,0.0
1773803085.3604774,True,0.828496,1773803085.3232896,237.17453,185.01932,40.330883,17.791143,-0.00432139,236.67752,185.7777,717.5084,-0.002735682328811636,0.9999921222406443,-0.0027356970553207897,24.67752,65.777695,-1.8360480029005717,0.0,-0.014806513,-0.03,0.03,0.0,0.0,0.0
1773803085.370666,True,0.828496,1773803085.3232896,237.17453,185.01932,40.330883,17.791143,-0.00432139,236.77693,185.62602,717.5156,-0.0032113905446823935,0.9999916844112986,-0.003211406209578774,24.776932,65.62602,-1.8360379097397628,0.0,-0.01486616,-0.03,0.03,0.0,0.0,0.0
1773803085.380736,True,0.7686301,1773803085.3787181,236.5748,183.45718,39.208878,16.656181,0.0064398358,236.73651,185.19226,698.182,-0.00031603600538718116,0.9999879583867064,-0.00031603980049423026,24.736511,65.19226,-1.863352827535097,0.0,-0.014841908,-0.03,0.03,0.0,0.0,0.0
1773803085.390678,True,0.7686301,1773803085.3787181,236.5748,183.45718,39.208878,16.656181,0.0064398358,236.70416,184.84525,684.64844,0.0017107121721194672,0.999985350169492,0.0017107355652392457,24.704163,64.845245,-1.8829271530296097,0.0,-0.014822498,-0.03,0.03,0.0,0.0,0.0
1773803085.4009588,True,0.7686301,1773803085.3787181,236.5748,183.45718,39.208878,16.656181,0.0064398358,236.67828,184.56764,675.175,0.0031294358963741206,0.9999835244174418,0.0031294772401512906,24.678284,64.56764,-1.896860797877608,0.0,-0.014806971,-0.03,0.03,0.0,0.0,0.0
1773803085.4104385,True,0.7686301,1773803085.3787181,236.5748,183.45718,39.208878,16.656181,0.0064398358,236.6576,184.34555,668.5436,0.004122542503352379,0.9999822463910066,0.0041225923389602475,24.657593,64.34555,-1.9067311393905761,0.0,-0.014794556,-0.03,0.03,0.0,0.0,0.0
1773803085.4208822,True,0.7686301,1773803085.3787181,236.5748,183.45718,39.208878,16.656181,0.0064398358,236.64104,184.16788,663.90155,0.004817717128237159,0.999981351772502,0.004817769696520197,24.641037,64.16788,-1.913698756604495,0.0,-0.014784623,-0.03,0.03,0.0,0.0,0.0
1773803085.4311821,True,0.7686301,1773803085.3787181,236.5748,183.45718,39.208878,16.656181,0.0064398358,236.62779,184.02574,660.65216,0.005304339365656505,0.999980725539549,0.005304391856210374,24.627792,64.02574,-1.918605217698243,0.0,-0.014776676,-0.03,0.03,0.0,0.0,0.0
1773803085.4407606,True,0.7885269,1773803085.4386976,236.47087,183.16214,39.26998,16.504341,0.008534828,236.5964,183.85303,656.89404,0.006273454931104346,0.9999755814501479,0.0062735258195722125,24.596405,63.853027,-1.9243099441185472,0.0,-0.014757844,-0.03,0.03,0.0,0.0,0.0
1773803085.450753,True,0.7885269,1773803085.4386976,236.47087,183.16214,39.26998,16.504341,0.008534828,236.5713,183.71486,654.2634,0.0069518358269178345,0.9999719805875671,0.00695191862307438,24.571304,63.71486,-1.9283226537915439,0.0,-0.014742783,-0.03,0.03,0.0,0.0,0.0
1773803085.460822,True,0.7885269,1773803085.4386976,236.47087,183.16214,39.26998,16.504341,0.008534828,236.55122,183.60432,652.422,0.007426702453987277,0.9999694599837605,0.007426792722360532,24.551224,63.604324,-1.9311410900718924,0.0,-0.014730735,-0.03,0.03,0.0,0.0,0.0
1773803085.4709144,True,0.7885269,1773803085.4386976,236.47087,183.16214,39.26998,16.504341,0.008534828,236.53516,183.5159,651.13293,0.0077591090929358866,0.9999676955610961,0.007759204036016439,24.535156,63.5159,-1.9331188664596104,0.0,-0.014721095,-0.03,0.03,0.0,0.0,0.0
1773803085.4804852,True,0.7885269,1773803085.4386976,236.47087,183.16214,39.26998,16.504341,0.008534828,236.52231,183.44516,650.2306,0.007991793740199914,0.999966460465231,0.00799189163762986,24.522308,63.44516,-1.934505661646391,0.0,-0.014713386,-0.03,0.03,0.0,0.0,0.0
1773803085.4906936,True,0.7885269,1773803085.4386976,236.47087,183.16214,39.26998,16.504341,0.008534828,236.51202,183.38857,649.599,0.008154672993284732,0.9999655958981253,0.008154772787331371,24.512024,63.388565,-1.9354774709496754,0.0,-0.014707215,-0.03,0.03,0.0,0.0,0.0
1773803085.5005705,True,0.7785071,1773803085.495723,237.61168,184.11557,41.032887,16.237263,-0.009287493,236.73196,183.53398,654.59784,0.0029220631599135853,0.9999629785919127,0.0029221630252971417,24.731964,63.53398,-1.9278115660560224,0.0,-0.014839179,-0.03,0.03,0.0,0.0,0.0
1773803085.5108736,True,0.7785071,1773803085.495723,237.61168,184.11557,41.032887,16.237263,-0.009287493,236.90791,183.65031,658.09705,-0.0007407637234462167,0.999961146477564,-0.0007407923703353998,24.907913,63.650314,-1.9224803178675827,0.0,-0.014944749,-0.03,0.03,0.0,0.0,0.0
1773803085.5207138,True,0.7785071,1773803085.495723,237.61168,184.11557,41.032887,16.237263,-0.009287493,237.04868,183.74338,660.5465,-0.003304742541798078,0.9999598639975198,-0.0033048631541863515,25.048676,63.743378,-1.918765090669104,0.0,-0.015029206,-0.03,0.03,0.0,0.0,0.0
1773803085.530811,True,0.7785071,1773803085.495723,237.61168,184.11557,41.032887,16.237263,-0.009287493,237.16129,183.81783,662.2611,-0.005099527714644381,0.9999589662614888,-0.00509969276644869,25.161285,63.817825,-1.9161728225342676,0.0,-0.0150967715,-0.03,0.03,0.0,0.0,0.0
1773803085.541059,True,0.7785071,1773803085.495723,237.61168,184.11557,41.032887,16.237263,-0.009287493,237.25137,183.87738,663.4613,-0.006355877335636794,0.9999583378462672,-0.006356056551084887,25.251373,63.87738,-1.9143621541313345,0.0,-0.015150825,-0.03,0.03,0.0,0.0,0.0
1773803085.550626,True,0.5947543,1773803085.5491087,236.20187,184.096,16.850958,41.389412,1.569497,237.04147,183.92111,673.6583,0.2955506326233816,0.7003606376461189,0.3993249923819552,25.041473,63.921112,-1.899109638760812,-0.3993249923819553,-0.015024885,-0.03,0.03,0.0,0.0,-0.003993249923819553
1773803085.5606816,True,0.5947543,1773803085.5491087,236.20187,184.096,16.850958,41.389412,1.569497,236.87355,183.95609,680.7962,0.5068851895946944,0.4906422475060151,0.8016799278352473,24.87355,63.956085,-1.888569660430038,-0.8016799278352473,-0.014924131,-0.03,0.03,0.0,0.0,-0.008016799278352473
1773803085.5708416,True,0.5947543,1773803085.5491087,236.20187,184.096,16.850958,41.389412,1.569497,236.73921,183.98407,685.7927,0.6548193794746134,0.34383937440794243,1.08727845524134,24.739212,63.98407,-1.8812572810819441,-1.0872784552413401,-0.014843528,-0.03,0.03,0.0,0.0,-0.010872784552413401
1773803085.5808856,True,0.5947543,1773803085.5491087,236.20187,184.096,16.850958,41.389412,1.569497,236.63174,184.00645,689.2903,0.7583733123905567,0.2410773632392916,1.2630108689260833,24.631744,64.006454,-1.8761701581961479,-1.2630108689260833,-0.014779047,-0.03,0.03,0.0,0.0,-0.012630108689260833
1773803085.5908234,True,0.5947543,1773803085.5491087,236.20187,184.096,16.850958,41.389412,1.569497,236.54578,184.02437,691.7386,0.830861065431717,0.16914395542123603,1.3699640079586224,24.545776,64.02437,-1.8726246046150532,-1.3699640079586224,-0.014727467,-0.03,0.03,0.0,0.0,-0.013699640079586224
1773803085.6009052,True,0.5947543,1773803085.5491087,236.20187,184.096,16.850958,41.389412,1.569497,236.47699,184.0387,693.4524,0.8816024925605292,0.11879056994859713,1.4368591102931887,24.47699,64.0387,-1.8701500499644825,-1.4368591102931887,-0.014686194,-0.03,0.03,0.0,0.0,-0.014368591102931887
1773803085.6104662,True,0.65631545,1773803085.6079504,231.78574,184.91428,42.751507,18.612232,0.009269611,235.53874,184.2138,724.12695,0.6199025882612555,0.38314051020315365,1.0171990415232253,23.538742,64.213806,-1.8268659329912418,-1.0171990415232255,-0.014123246,-0.03,0.03,0.0,0.0,-0.010171990415232255
1773803085.6209447,True,0.65631545,1773803085.6079504,231.78574,184.91428,42.751507,18.612232,0.009269611,234.78815,184.35391,745.5992,0.43671265525176395,0.5681854683813432,0.6553050914555716,22.788147,64.35391,-1.7976445015633782,-0.6553050914555714,-0.013672889,-0.03,0.03,0.0,0.0,-0.006553050914555714
1773803085.6305003,True,0.65631545,1773803085.6079504,231.78574,184.91428,42.751507,18.612232,0.009269611,234.18767,184.466,760.62976,0.3084797021451198,0.6977169391060759,0.4162877263656349,22.187668,64.466,-1.7776859661354358,-0.4162877263656348,-0.0133126015,-0.03,0.03,0.0,0.0,-0.004162877263656348
1773803085.64056,True,0.65631545,1773803085.6079504,231.78574,184.91428,42.751507,18.612232,0.009269611,233.70729,184.55566,771.1511,0.21871663497046895,0.7883889686133888,0.27061675216800773,21.70729,64.555664,-1.7639483188323593,-0.27061675216800785,-0.013024375,-0.03,0.03,0.0,0.0,-0.0027061675216800787
1773803085.6507118,True,0.65631545,1773803085.6079504,231.78574,184.91428,42.751507,18.612232,0.009269611,233.32298,184.62738,778.5161,0.15588248794821333,0.8518593892685078,0.18098842403016108,21.322983,64.62738,-1.7544429670891404,-0.1809884240301609,-0.012793791,-0.03,0.03,0.0,0.0,-0.0018098842403016092
1773803085.6607885,True,0.65631545,1773803085.6079504,231.78574,184.91428,42.751507,18.612232,0.009269611,233.01553,184.68475,783.6716,0.11189858503263442,0.8962886837270911,0.1242039409858958,21.015533,64.68475,-1.747842617386372,-0.12420394098589593,-0.012609321,-0.03,0.03,0.0,0.0,-0.0012420394098589594
1773803085.6703548,True,0.3172707,1773803085.665989,222.6504,188.18823,17.740173,45.386524,1.5462104,230.9425,185.38545,790.1195,0.3782383439811185,0.6347771111373591,0.5373698853188715,18.942505,65.38545,-1.7396484772200542,-0.5373698853188715,-0.011365503,-0.03,0.03,0.0,0.0,-0.0053736988531887155
1773803085.6809242,True,0.3172707,1773803085.665989,222.6504,188.18823,17.740173,45.386524,1.5462104,229.28409,185.94601,794.63306,0.5646761752450573,0.4517190103245467,0.8960790656239137,17.284088,65.946014,-1.7339522359070896,-0.8960790656239137,-0.010370454,-0.03,0.03,0.0,0.0,-0.008960790656239137
1773803085.6909084,True,0.3172707,1773803085.665989,222.6504,188.18823,17.740173,45.386524,1.5462104,227.95737,186.39447,797.79254,0.6951826571298145,0.323578339755578,1.135162132372346,15.957367,66.39447,-1.729984060281121,-1.1351621323723462,-0.009574421,-0.03,0.03,0.0,0.0,-0.011351621323723462
1773803085.7009664,True,0.3172707,1773803085.665989,222.6504,188.18823,17.740173,45.386524,1.5462104,226.89597,186.75323,800.0042,0.7865371944491446,0.23387987035729987,1.28176894877026,14.895966,66.753235,-1.7272156432911694,-1.28176894877026,-0.00893758,-0.03,0.03,0.0,0.0,-0.012817689487702599
1773803085.7114224,True,0.3172707,1773803085.665989,222.6504,188.18823,17.740173,45.386524,1.5462104,226.04684,187.04024,801.55237,0.8504853705726756,0.1710909417785052,1.372277376815236,14.0468445,67.04024,-1.7252823935035968,-1.372277376815236,-0.008428107,-0.03,0.03,0.0,0.0,-0.013722773768152362
1773803085.7209508,True,0.3172707,1773803085.665989,222.6504,188.18823,17.740173,45.386524,1.5462104,225.36755,187.26984,802.6361,0.8952490938591473,0.12713869177334894,1.4297247878882033,13.367554,67.26984,-1.7239312471060646,-1.4297247878882033,-0.008020532,-0.03,0.03,0.0,0.0,-0.014297247878882034
1773803085.7305214,True,0.3172707,1773803085.665989,222.6504,188.18823,17.740173,45.386524,1.5462104,224.82413,187.45352,803.3947,0.9265837001596775,0.09637211676973956,1.467160953171628,12.824127,67.45352,-1.7229865630709242,-1.467160953171628,-0.0076944767,-0.03,0.03,0.0,0.0,-0.01467160953171628
1773803085.7405672,True,0.3172707,1773803085.665989,222.6504,188.18823,17.740173,45.386524,1.5462104,224.38937,187.60046,803.9257,0.9485179245700486,0.074835514267213,1.4920621127512208,12.389374,67.600464,-1.7223258231809384,-1.4920621127512208,-0.0074336245,-0.03,0.03,0.0,0.0,-0.014920621127512208
1773803085.7504668,True,0.3172707,1773803085.665989,222.6504,188.18823,17.740173,45.386524,1.5462104,224.0416,187.71802,804.2974,0.9638718816573083,0.059759892515444404,1.5088757563843855,12.041595,67.71802,-1.7218635065243262,-1.5088757563843855,-0.0072249575,-0.03,0.03,0.0,0.0,-0.015088757563843857
1773803085.7606826,True,0.3172707,1773803085.665989,222.6504,188.18823,17.740173,45.386524,1.5462104,223.76337,187.81207,804.5576,0.9746196516183901,0.04920695728920639,1.5203507911551495,11.763367,67.81207,-1.7215400786663828,-1.5203507911551495,-0.00705802,-0.03,0.03,0.0,0.0,-0.015203507911551496
1773803085.7712471,True,0.3172707,1773803085.665989,222.6504,188.18823,17.740173,45.386524,1.5462104,223.54077,187.88731,804.73975,0.9821430905911475,0.04181990263083978,1.528241778235897,11.5407715,67.887314,-1.7213137413900423,-1.528241778235897,-0.0069244634,-0.03,0.03,0.0,0.0,-0.01528241778235897
1773803085.78079,True,0.3172707,1773803085.665989,222.6504,188.18823,17.740173,45.386524,1.5462104,223.3627,187.94751,804.86725,0.9874094978720775,0.036648964369983154,1.5336970798041918,11.362701,67.94751,-1.721155352434512,-1.5336970798041918,-0.006817621,-0.03,0.03,0.0,0.0,-0.015336970798041917
1773803085.7909362,True,0.3172707,1773803085.665989,222.6504,188.18823,17.740173,45.386524,1.5462104,223.22025,187.99567,804.9565,0.9910959829687286,0.03302930758738352,1.537482612916628,11.220245,67.99567,-1.7210444700996748,-1.537482612916628,-0.0067321477,-0.03,0.03,0.0,0.0,-0.01537482612916628
1773803085.8009923,True,0.3172707,1773803085.665989,222.6504,188.18823,17.740173,45.386524,1.5462104,223.1063,188.03418,805.019,0.9936765225363844,0.03049554783956377,1.5401163434664145,11.106293,68.03418,-1.7209668347911642,-1.5401163434664145,-0.006663776,-0.03,0.03,0.0,0.0,-0.015401163434664146
1773803085.8105874,True,0.3172707,1773803085.665989,222.6504,188.18823,17.740173,45.386524,1.5462104,223.0151,188.065,805.06274,0.9954829002337434,0.02872191601608995,1.5419520843519092,11.015106,68.065,-1.720912443686037,-1.5419520843519092,-0.006609064,-0.03,0.03,0.0,0.0,-0.015419520843519092
1773803085.820769,True,0.3172707,1773803085.665989,222.6504,188.18823,17.740173,45.386524,1.5462104,222.94217,188.08966,805.0933,0.9967473646218947,0.027480373739658275,1.5432332599555547,10.942169,68.08966,-1.7208744632902468,-1.5432332599555547,-0.0065653017,-0.03,0.03,0.0,0.0,-0.015432332599555548
1773803085.830862,True,0.3172707,1773803085.665989,222.6504,188.18823,17.740173,45.386524,1.5462104,222.88382,188.10938,805.11475,0.9976324896936006,0.0266112941461561,1.5441282044443523,10.88382,68.109375,-1.7208478945287706,-1.5441282044443523,-0.006530292,-0.03,0.03,0.0,0.0,-0.015441282044443522
1773803085.8406105,True,0.3172707,1773803085.665989,222.6504,188.18823,17.740173,45.386524,1.5462104,222.83713,188.12515,805.12976,0.9982520772437948,0.02600293843070458,1.5447537467477936,10.837128,68.12515,-1.7208292385162411,-1.5447537467477936,-0.0065022768,-0.03,0.03,0.0,0.0,-0.015447537467477937
1773803085.8508494,True,0.3172707,1773803085.665989,222.6504,188.18823,17.740173,45.386524,1.5462104,222.79977,188.13777,805.14026,0.9986857885289308,0.02557708942988851,1.545191176676109,10.799774,68.13777,-1.7208161628577743,-1.545191176676109,-0.006479865,-0.03,0.03,0.0,0.0,-0.01545191176676109
1773803085.8606062,True,0.3172707,1773803085.665989,222.6504,188.18823,17.740173,45.386524,1.5462104,222.7699,188.14787,805.1476,0.9989893864285259,0.025278995129317264,1.5454971574683483,10.769897,68.14787,-1.720807084953406,-1.5454971574683483,-0.006461939,-0.03,0.03,0.0,0.0,-0.015454971574683483
1773803085.870684,False,0.3172707,1773803085.665989,222.6504,188.18823,17.740173,45.386524,1.5462104,,,,,,,,,,,0.0,0.0,0.0,0.0,0.0,0.0
1773803085.880798,False,0.3172707,1773803085.665989,222.6504,188.18823,17.740173,45.386524,1.5462104,,,,,,,,,,,0.0,0.0,0.0,0.0,0.0,0.0
1773803085.8904245,False,0.3172707,1773803085.665989,222.6504,188.18823,17.740173,45.386524,1.5462104,,,,,,,,,,,0.0,0.0,0.0,0.0,0.0,0.0
1773803085.9005508,False,0.3172707,1773803085.665989,222.6504,188.18823,17.740173,45.386524,1.5462104,,,,,,,,,,,0.0,0.0,0.0,0.0,0.0,0.0
1773803085.9103875,False,0.3172707,1773803085.665989,222.6504,188.18823,17.740173,45.386524,1.5462104,,,,,,,,,,,0.0,0.0,0.0,0.0,0.0,0.0
1773803085.9203558,False,0.3172707,1773803085.665989,222.6504,188.18823,17.740173,45.386524,1.5462104,,,,,,,,,,,0.0,0.0,0.0,0.0,0.0,0.0
1773803085.9309318,False,0.3172707,1773803085.665989,222.6504,188.18823,17.740173,45.386524,1.5462104,,,,,,,,,,,0.0,0.0,0.0,0.0,0.0,0.0
1773803085.9408612,False,0.3172707,1773803085.665989,222.6504,188.18823,17.740173,45.386524,1.5462104,,,,,,,,,,,0.0,0.0,0.0,0.0,0.0,0.0
1773803085.9504309,False,0.3172707,1773803085.665989,222.6504,188.18823,17.740173,45.386524,1.5462104,,,,,,,,,,,0.0,0.0,0.0,0.0,0.0,0.0
1773803085.9604914,False,0.3172707,1773803085.665989,222.6504,188.18823,17.740173,45.386524,1.5462104,,,,,,,,,,,0.0,0.0,0.0,0.0,0.0,0.0
1773803085.970619,False,0.3172707,1773803085.665989,222.6504,188.18823,17.740173,45.386524,1.5462104,,,,,,,,,,,0.0,0.0,0.0,0.0,0.0,0.0
1773803085.9808354,False,0.3172707,1773803085.665989,222.6504,188.18823,17.740173,45.386524,1.5462104,,,,,,,,,,,0.0,0.0,0.0,0.0,0.0,0.0
1773803085.990584,False,0.3172707,1773803085.665989,222.6504,188.18823,17.740173,45.386524,1.5462104,,,,,,,,,,,0.0,0.0,0.0,0.0,0.0,0.0
1773803086.0008028,False,0.3172707,1773803085.665989,222.6504,188.18823,17.740173,45.386524,1.5462104,,,,,,,,,,,0.0,0.0,0.0,0.0,0.0,0.0
1773803086.0105479,False,0.3172707,1773803085.665989,222.6504,188.18823,17.740173,45.386524,1.5462104,,,,,,,,,,,0.0,0.0,0.0,0.0,0.0,0.0
1773803086.020606,False,0.3172707,1773803085.665989,222.6504,188.18823,17.740173,45.386524,1.5462104,,,,,,,,,,,0.0,0.0,0.0,0.0,0.0,0.0
1773803086.030716,False,0.3172707,1773803085.665989,222.6504,188.18823,17.740173,45.386524,1.5462104,,,,,,,,,,,0.0,0.0,0.0,0.0,0.0,0.0
1773803086.0412745,False,0.3172707,1773803085.665989,222.6504,188.18823,17.740173,45.386524,1.5462104,,,,,,,,,,,0.0,0.0,0.0,0.0,0.0,0.0
1773803086.0507922,False,0.3172707,1773803085.665989,222.6504,188.18823,17.740173,45.386524,1.5462104,,,,,,,,,,,0.0,0.0,0.0,0.0,0.0,0.0
1773803086.0606008,False,0.3172707,1773803085.665989,222.6504,188.18823,17.740173,45.386524,1.5462104,,,,,,,,,,,0.0,0.0,0.0,0.0,0.0,0.0
1773803086.0708196,False,0.3172707,1773803085.665989,222.6504,188.18823,17.740173,45.386524,1.5462104,,,,,,,,,,,0.0,0.0,0.0,0.0,0.0,0.0
1773803086.080509,False,0.3172707,1773803085.665989,222.6504,188.18823,17.740173,45.386524,1.5462104,,,,,,,,,,,0.0,0.0,0.0,0.0,0.0,0.0
1773803086.0905752,False,0.3172707,1773803085.665989,222.6504,188.18823,17.740173,45.386524,1.5462104,,,,,,,,,,,0.0,0.0,0.0,0.0,0.0,0.0
1773803086.1012158,False,0.3172707,1773803085.665989,222.6504,188.18823,17.740173,45.386524,1.5462104,,,,,,,,,,,0.0,0.0,0.0,0.0,0.0,0.0
1773803086.1109068,False,0.3172707,1773803085.665989,222.6504,188.18823,17.740173,45.386524,1.5462104,,,,,,,,,,,0.0,0.0,0.0,0.0,0.0,0.0
1773803086.1203434,True,0.30461368,1773803086.114423,117.962234,237.53992,58.87751,28.259102,-0.00078108127,201.80838,198.02628,1062.751,0.6990582461435048,0.3176952050773348,1.1442382415968428,-10.19162,78.026276,-1.4432166071731796,-1.1442382415968428,0.0061149723,-0.03,0.03,0.0,0.0,-0.011442382415968429
1773803086.1308403,True,0.30461368,1773803086.114423,117.962234,237.53992,58.87751,28.259102,-0.00078108127,185.03915,205.929,1243.0734,0.48910644794398994,0.522386552040947,0.752508066395312,-26.960846,85.929,-1.2864905442093137,-0.7525080663953121,0.016176509,-0.03,0.03,0.0,0.0,-0.007525080663953121
1773803086.1409135,True,0.30461368,1773803086.114423,117.962234,237.53992,58.87751,28.259102,-0.00078108127,171.62378,212.25119,1369.2991,0.3421401892043296,0.6656704949154755,0.47476761241336796,-40.37622,92.25119,-1.189778405413264,-0.47476761241336796,0.024225734,-0.03,0.03,0.0,0.0,-0.00474767612413368
1773803086.1504748,True,0.30461368,1773803086.114423,117.962234,237.53992,58.87751,28.259102,-0.00078108127,160.89148,217.30893,1457.657,0.23926380808656736,0.7659692549276456,0.3027640412761075,-51.10852,97.30893,-1.1272470791058875,-0.3027640412761077,0.03,-0.03,0.03,0.0,0.0,-0.003027640412761077
1773803086.160502,True,0.30461368,1773803086.114423,117.962234,237.53992,58.87751,28.259102,-0.00078108127,152.30563,221.35513,1519.5076,0.1672503413041338,0.8361783869361645,0.1974124221280317,-59.694366,101.35513,-1.0856910507399928,-0.19741242212803156,0.03,-0.03,0.03,0.0,0.0,-0.0019741242212803155
1773803086.1705244,True,0.30461368,1773803086.114423,117.962234,237.53992,58.87751,28.259102,-0.00078108127,145.43695,224.59209,1562.803,0.1168409145564303,0.8853247793421278,0.13121688485526406,-66.56305,104.59209,-1.0575963737426475,-0.13121688485526395,0.03,-0.03,0.03,0.0,0.0,-0.0013121688485526395
1773803086.181113,True,0.8681261,1773803086.1705244,118.70513,239.34814,60.55687,29.7375,0.013009907,140.09059,227.5433,1634.2051,0.08569150211303965,0.9197019572465568,0.09290489800801065,-71.90941,107.543304,-1.0129209227056712,-0.0929048980080105,0.03,-0.03,0.03,0.0,0.0,-0.000929048980080105
1773803086.1907141,True,0.8681261,1773803086.1705244,118.70513,239.34814,60.55687,29.7375,0.013009907,135.81349,229.90428,1684.1865,0.0638869134026662,0.943765981779657,0.06759047946855617,-76.18651,109.90428,-0.9827947192202254,-0.06759047946855601,0.03,-0.03,0.03,0.0,0.0,-0.00067590479468556
1773803086.2002642,True,0.8681261,1773803086.1705244,118.70513,239.34814,60.55687,29.7375,0.013009907,132.39182,231.79306,1719.1736,0.04862370130540478,0.9606107989528272,0.050574320357212266,-79.608185,111.79306,-0.9622337239265488,-0.05057432035721243,0.03,-0.03,0.03,0.0,0.0,-0.0005057432035721243
1773803086.2107155,True,0.8681261,1773803086.1705244,118.70513,239.34814,60.55687,29.7375,0.013009907,129.65448,233.30408,1743.6646,0.037939452837321794,0.9724021709740462,0.0389964360755242,-82.34552,113.30408,-0.9480884533265818,-0.038996436075524166,0.03,-0.03,0.03,0.0,0.0,-0.0003899643607552417
1773803086.2207522,True,0.8681261,1773803086.1705244,118.70513,239.34814,60.55687,29.7375,0.013009907,127.464615,234.5129,1760.8081,0.030460478909663698,0.9806561313888996,0.031051341496601336,-84.535385,114.51289,-0.9383045310984444,0.0,0.03,-0.03,0.03,0.0,0.0,0.0
1773803086.2305806,True,0.52698296,1773803086.224978,128.5133,238.91096,60.610504,30.657751,0.013106061,127.674355,235.39252,1790.0203,0.0252540410207851,0.9864335270152211,0.025595770096946416,-84.325645,115.39252,-0.9218504933951308,0.0,0.03,-0.03,0.03,0.0,0.0,0.0
1773803086.2407613,True,0.52698296,1773803086.224978,128.5133,238.91096,60.610504,30.657751,0.013106061,127.84215,236.0962,1810.4688,0.02160953449857008,0.9904777039536462,0.02181382450318295,-84.15785,116.09621,-0.9104916410368589,0.0,0.03,-0.03,0.03,0.0,0.0,0.0
1773803086.2508795,True,0.52698296,1773803086.224978,128.5133,238.91096,60.610504,30.657751,0.013106061,127.97638,236.65916,1824.7827,0.019058379933019568,0.9933086278105437,0.019184411822815443,-84.02362,116.659164,-0.9026164856822874,0.0,0.03,-0.03,0.03,0.0,0.0,0.0
1773803086.2604222,True,0.52698296,1773803086.224978,128.5133,238.91096,60.610504,30.657751,0.013106061,128.08377,237.10953,1834.8025,0.017272571737134212,0.9952902745103721,0.01735256385814178,-83.91623,117.10953,-0.8971405540582132,0.0,0.03,-0.03,0.03,0.0,0.0,0.0
1773803086.2705774,True,0.52698296,1773803086.224978,128.5133,238.91096,60.610504,30.657751,0.013106061,128.16968,237.46982,1841.8162,0.01602250600001446,0.9966774272002519,0.016074534766215193,-83.83032,117.46982,-0.8933252457859412,0.0,0.03,-0.03,0.03,0.0,0.0,0.0
1773803086.2806084,True,0.52698296,1773803086.224978,128.5133,238.91096,60.610504,30.657751,0.013106061,128.2384,237.75806,1846.7258,0.015147459984030633,0.9976484340831677,0.015181997639583559,-83.7616,117.75806,-0.89066313575975,0.0,0.03,-0.03,0.03,0.0,0.0,0.0
1773803086.2903748,True,0.84316945,1773803086.2811136,132.25957,238.19728,58.42575,25.829762,0.025169682,129.04263,237.84592,1745.445,0.018153329275502852,0.998258881942876,0.01818298733485464,-82.95737,117.84592,-0.9470678774429101,0.0,0.03,-0.03,0.03,0.0,0.0,0.0
1773803086.3008695,True,0.84316945,1773803086.2811136,132.25957,238.19728,58.42575,25.829762,0.025169682,129.68602,237.9162,1674.5483,0.020257437779533406,0.9986861954446719,0.02028130586887428,-82.31398,117.9162,-0.9885339495299794,0.0,0.03,-0.03,0.03,0.0,0.0,0.0
1773803086.310787,True,0.84316945,1773803086.2811136,132.25957,238.19728,58.42575,25.829762,0.025169682,130.20073,237.97241,1624.9208,0.02173031373235479,0.9989853148959289,0.021748955695872766,-81.79927,117.97241,-1.0186183754642117,0.0,0.03,-0.03,0.03,0.0,0.0,0.0
1773803086.3207755,True,0.84316945,1773803086.2811136,132.25957,238.19728,58.42575,25.829762,0.025169682,130.6125,238.0174,1590.1815,0.022761326899329762,0.9991946985118089,0.02277573240313664,-81.3875,118.017395,-1.0402292081795914,0.0,0.03,-0.03,0.03,0.0,0.0,0.0
1773803086.330845,True,0.84316945,1773803086.2811136,132.25957,238.19728,58.42575,25.829762,0.025169682,130.94193,238.05338,1565.864,0.02348303611621224,0.9993412670429248,0.02349419165661844,-81.058075,118.053375,-1.0556396695568784,0.0,0.03,-0.03,0.03,0.0,0.0,0.0
1773803086.3405533,True,0.84316945,1773803086.2811136,132.25957,238.19728,58.42575,25.829762,0.025169682,131.20546,238.08215,1548.8417,0.023988232568029975,0.999443865014706,0.023996973368610786,-80.79454,118.08215,-1.0665700163138285,0.0,0.03,-0.03,0.03,0.0,0.0,0.0
1773803086.3505394,True,0.7291643,1773803086.3405533,138.76494,239.97946,61.599907,29.73717,0.044649106,132.71736,238.46162,1633.7313,0.030182044402181363,0.9993117237910978,0.030193653530274613,-79.28264,118.461624,-1.013210817034161,0.0,0.03,-0.03,0.03,0.0,0.0,0.0
1773803086.360571,True,0.7291643,1773803086.3405533,138.76494,239.97946,61.599907,29.73717,0.044649106,133.92688,238.7652,1693.154,0.03451771268608733,0.9992192249345719,0.03453095301510812,-78.07312,118.7652,-0.9774842779188999,0.0,0.03,-0.03,0.03,0.0,0.0,0.0
1773803086.3706908,True,0.7291643,1773803086.3405533,138.76494,239.97946,61.599907,29.73717,0.044649106,134.89449,239.00806,1734.7499,0.03755268048482151,0.9991544757350039,0.037566776877891776,-77.105515,119.00806,-0.9532141274159647,-0.03756677687789178,0.03,-0.03,0.03,0.0,0.0,-0.00037566776877891785
1773803086.3807561,True,0.7291643,1773803086.3405533,138.76494,239.97946,61.599907,29.73717,0.044649106,135.66858,239.20235,1763.8671,0.039677157943935434,0.9991091512953063,0.039691678849255,-76.33142,119.20235,-0.9365688102806902,-0.03969167884925495,0.03,-0.03,0.03,0.0,0.0,-0.00039691678849254955
1773803086.3909147,True,0.7291643,1773803086.3405533,138.76494,239.97946,61.599907,29.73717,0.044649106,136.28786,239.35777,1784.249,0.04116429216531518,0.999077424187518,0.04117901271344295,-75.71214,119.35777,-0.9250797856988738,-0.04117901271344282,0.03,-0.03,0.03,0.0,0.0,-0.0004117901271344282
1773803086.4004943,True,0.60278517,1773803086.3989778,161.49034,245.97879,67.41483,32.49024,0.112083875,141.32835,240.68198,1906.0715,0.062369806782367254,0.9974717496597898,0.06244659436381464,-70.671646,120.68198,-0.859033095296713,-0.06244659436381461,0.03,-0.03,0.03,0.0,0.0,-0.0006244659436381461
1773803086.4106634,True,0.60278517,1773803086.3989778,161.49034,245.97879,67.41483,32.49024,0.112083875,145.36075,241.74133,1991.3472,0.0772136670143037,0.9963477774903802,0.07734211721980093,-66.63925,121.74133,-0.8152659978378891,-0.07734211721980078,0.03,-0.03,0.03,0.0,0.0,-0.0007734211721980077
1773803086.420601,True,0.60278517,1773803086.3989778,161.49034,245.97879,67.41483,32.49024,0.112083875,148.58667,242.58882,2051.0403,0.0876043691766592,0.9955609969717933,0.087768910063269,-63.41333,122.58882,-0.785730265666868,-0.08776891006326881,0.03,-0.03,0.03,0.0,0.0,-0.0008776891006326881
1773803086.4306927,True,0.60278517,1773803086.3989778,161.49034,245.97879,67.41483,32.49024,0.112083875,151.1674,243.26682,2092.8254,0.09487786069030807,0.9950102506087826,0.09506622266199445,-60.832596,123.266815,-0.7655623289059711,-0.09506622266199427,0.03,-0.03,0.03,0.0,0.0,-0.0009506622266199428
1773803086.440652,True,0.60278517,1773803086.3989778,161.49034,245.97879,67.41483,32.49024,0.112083875,153.232,243.8092,2122.075,0.09996930474986226,0.994624728154675,0.10017315275456108,-58.768005,123.809204,-0.7516830172161758,-0.10017315275456129,0.03,-0.03,0.03,0.0,0.0,-0.001001731527545613
1773803086.4503903,True,0.60278517,1773803086.3989778,161.49034,245.97879,67.41483,32.49024,0.112083875,154.88367,244.24312,2142.5496,0.10353331559155021,0.9943548624367997,0.10374725625876097,-57.116333,124.24312,-0.7420809217637047,-0.10374725625876113,0.03,-0.03,0.03,0.0,0.0,-0.0010374725625876113
1773803086.4605684,True,0.60278517,1773803086.3989778,161.49034,245.97879,67.41483,32.49024,0.112083875,156.205,244.59026,2156.8818,0.10602812318073176,0.9941659564342871,0.10624870585532312,-55.795,124.590256,-0.735413790376991,-0.10624870585532298,0.03,-0.03,0.03,0.0,0.0,-0.0010624870585532297
1773803086.4711328,True,0.60278517,1773803086.3989778,161.49034,245.97879,67.41483,32.49024,0.112083875,157.26207,244.86797,2166.9146,0.10777448849315885,0.9940337222325282,0.10799949399646283,-54.73793,124.867966,-0.7307731062638226,-0.1079994939964628,0.03,-0.03,0.03,0.0,0.0,-0.001079994939964628
1773803086.4804006,True,0.60278517,1773803086.3989778,161.49034,245.97879,67.41483,32.49024,0.112083875,158.10773,245.09013,2173.9375,0.10899694421185782,0.9939411582912969,0.10922492803195229,-53.892273,125.09013,-0.7275373507054441,-0.10922492803195238,0.03,-0.03,0.03,0.0,0.0,-0.0010922492803195239
1773803086.4905844,True,0.60278517,1773803086.3989778,161.49034,245.97879,67.41483,32.49024,0.112083875,158.78426,245.26787,2178.8535,0.1098526632149471,0.993876363532435,0.11008267192534692,-53.215744,125.26787,-0.7252785908461028,-0.11008267192534671,0.03,-0.03,0.03,0.0,0.0,-0.0011008267192534672
1773803086.5006201,True,0.60278517,1773803086.3989778,161.49034,245.97879,67.41483,32.49024,0.112083875,159.32547,245.41005,2182.2947,0.11045166651710958,0.9938310072012317,0.11068306250384562,-52.67453,125.41005,-0.7237004399941231,-0.11068306250384552,0.03,-0.03,0.03,0.0,0.0,-0.0011068306250384553
1773803086.5108964,True,0.60278517,1773803086.3989778,161.49034,245.97879,67.41483,32.49024,0.112083875,159.75845,245.5238,2184.7034,0.11087096882862332,0.9937992577693895,0.11110332086920979,-52.241547,125.5238,-0.7225973371848168,-0.11110332086920982,0.03,-0.03,0.03,0.0,0.0,-0.0011110332086920983
1773803086.5205886,True,0.60278517,1773803086.3989778,161.49034,245.97879,67.41483,32.49024,0.112083875,160.10483,245.6148,2186.3896,0.11116448044668295,0.9937770331670999,0.11139749426379715,-51.895172,125.61481,-0.7218257659197272,-0.11139749426379719,0.03,-0.03,0.03,0.0,0.0,-0.001113974942637972
1773803086.5306702,True,0.60278517,1773803086.3989778,161.49034,245.97879,67.41483,32.49024,0.112083875,160.38193,245.6876,2187.57,0.11136993857932467,0.9937614759454971,0.11160341195256382,-51.618073,125.68761,-0.7212860077712498,-0.11160341195256374,0.03,-0.03,0.03,0.0,0.0,-0.0011160341195256373
1773803086.5407283,True,0.60278517,1773803086.3989778,161.49034,245.97879,67.41483,32.49024,0.112083875,160.6036,245.74585,2188.3962,0.11151375927217388,0.9937505858903752,0.11174755251705892,-51.396393,125.74585,-0.7209084361346527,-0.11174755251705903,0.03,-0.03,0.03,0.0,0.0,-0.0011174755251705903
1773803086.5506196,True,0.60278517,1773803086.3989778,161.49034,245.97879,67.41483,32.49024,0.112083875,160.78096,245.79243,2188.9746,0.11161443375716834,0.99374296285179,0.11184845001785916,-51.21904,125.792435,-0.7206441595204888,-0.11184845001785915,0.03,-0.03,0.03,0.0,0.0,-0.0011184845001785916
1773803086.5607147,True,0.60278517,1773803086.3989778,161.49034,245.97879,67.41483,32.49024,0.112083875,160.92284,245.82971,2189.3794,0.11168490589666447,0.9937376267247802,0.11191907782891994,-51.077164,125.82971,-0.7204592748183626,-0.11191907782892008,0.03,-0.03,0.03,0.0,0.0,-0.0011191907782892008
1773803086.5707924,True,0.60278517,1773803086.3989778,161.49034,245.97879,67.41483,32.49024,0.112083875,161.03633,245.85953,2189.6628,0.11173423639431174,0.9937338914358733,0.11196851708087226,-50.96367,125.85953,-0.7203297901164561,-0.11196851708087241,0.03,-0.03,0.03,0.0,0.0,-0.0011196851708087242
1773803086.580517,True,0.60278517,1773803086.3989778,161.49034,245.97879,67.41483,32.49024,0.112083875,161.12714,245.88338,2189.861,0.11176876774266484,0.9937312767336386,0.11200312445135233,-50.872864,125.88338,-0.720239271034782,-0.11200312445135241,0.03,-0.03,0.03,0.0,0.0,-0.001120031244513524
1773803086.5906177,True,0.60278517,1773803086.3989778,161.49034,245.97879,67.41483,32.49024,0.112083875,161.19978,245.90247,2190.0,0.111792939686512,0.9937294464420743,0.11202734955875271,-50.800217,125.902466,-0.7201758268198015,-0.11202734955875293,0.03,-0.03,0.03,0.0,0.0,-0.0011202734955875293
1773803086.6006815,False,0.60278517,1773803086.3989778,161.49034,245.97879,67.41483,32.49024,0.112083875,,,,,,,,,,,0.0,0.0,0.0,0.0,0.0,0.0
1773803086.611013,False,0.60278517,1773803086.3989778,161.49034,245.97879,67.41483,32.49024,0.112083875,,,,,,,,,,,0.0,0.0,0.0,0.0,0.0,0.0
1773803086.620642,False,0.60278517,1773803086.3989778,161.49034,245.97879,67.41483,32.49024,0.112083875,,,,,,,,,,,0.0,0.0,0.0,0.0,0.0,0.0
1773803086.63067,True,0.8499586,1773803086.6239104,235.42867,239.20801,49.743835,23.083807,0.07152111,176.04556,244.56357,1877.4832,0.09969310322123744,0.9948436491342261,0.09987639095915019,-35.954437,124.56357,-0.8741452698421764,-0.09987639095915002,0.021572663,-0.03,0.03,0.0,0.0,-0.0009987639095915002
1773803086.6406155,True,0.8499586,1773803086.6239104,235.42867,239.20801,49.743835,23.083807,0.07152111,187.9222,243.49246,1658.7213,0.09122321769554526,0.9956235910187323,0.09136909155233475,-24.077805,123.49246,-0.9980303487476386,-0.09136909155233486,0.014446683,-0.03,0.03,0.0,0.0,-0.0009136909155233486
1773803086.6509228,True,0.8499586,1773803086.6239104,235.42867,239.20801,49.743835,23.083807,0.07152111,197.4235,242.63557,1505.588,0.08529429782756073,0.9961695503378867,0.08541394797630304,-14.576508,122.635574,-1.094893860695205,-0.0854139479763032,0.008745905,-0.03,0.03,0.0,0.0,-0.000854139479763032
1773803086.660932,True,0.8499586,1773803086.6239104,235.42867,239.20801,49.743835,23.083807,0.07152111,205.02454,241.95006,1398.3948,0.08114405391997156,0.9965517218612947,0.08124559289368773,-6.975464,121.95006,-1.168752426178454,-0.08124559289368793,0.0041852784,-0.03,0.03,0.0,0.0,-0.0008124559289368794
1773803086.6709564,True,0.8499586,1773803086.6239104,235.42867,239.20801,49.743835,23.083807,0.07152111,211.10538,241.40164,1323.3595,0.07823888318465914,0.9968192419276803,0.07832795445752866,0.0,121.40164,-1.2239037805796211,-0.07832795445752883,-0.0,-0.03,0.03,0.0,0.0,-0.0007832795445752883
1773803086.6811619,True,0.8499586,1773803086.6239104,235.42867,239.20801,49.743835,23.083807,0.07152111,215.97005,240.96292,1270.8347,0.07620526366994045,0.9970065059741503,0.07628574132276125,3.970047,120.96292,-1.2644035038500492,-0.07628574132276134,-0.0023820284,-0.03,0.03,0.0,0.0,-0.0007628574132276134
1773803086.6910627,True,0.8613856,1773803086.6846862,239.6789,236.92822,48.502632,22.67171,0.07531103,220.71182,240.15599,1219.4756,0.07591564159573785,0.9970541935866373,0.07599330969831457,8.7118225,120.15599,-1.305656481064672,-0.07599330969831453,-0.0052270936,-0.03,0.03,0.0,0.0,-0.0007599330969831453
1773803086.7008471,True,0.8613856,1773803086.6846862,239.6789,236.92822,48.502632,22.67171,0.07531103,224.50523,239.51045,1183.5242,0.07571290614379604,0.9970875749153781,0.07578861645394959,12.505234,119.51045,-1.3355808064728913,-0.07578861645394941,-0.0075031407,-0.03,0.03,0.0,0.0,-0.0007578861645394942
1773803086.7105985,True,0.8613856,1773803086.6846862,239.6789,236.92822,48.502632,22.67171,0.07531103,227.53996,238.99402,1158.3582,0.07557099132743678,0.9971109418454968,0.07564533555073975,15.539963,118.99402,-1.3570738278851444,-0.07564533555073982,-0.009323978,-0.03,0.03,0.0,0.0,-0.0007564533555073983
1773803086.7207992,True,0.8613856,1773803086.6846862,239.6789,236.92822,48.502632,22.67171,0.07531103,229.96774,238.58087,1140.742,0.07547165095598529,0.9971272986965798,0.07554504106230348,17.967743,118.58087,-1.372398569972781,-0.07554504106230331,-0.0107806465,-0.03,0.03,0.0,0.0,-0.0007554504106230331
1773803086.730843,True,0.8613856,1773803086.6846862,239.6789,236.92822,48.502632,22.67171,0.07531103,231.90997,238.25035,1128.4106,0.07540211269596925,0.9971387484923379,0.07547483597208834,19.909973,118.25035,-1.3832672168958702,-0.07547483597208826,-0.011945984,-0.03,0.03,0.0,0.0,-0.0007547483597208826
1773803086.740889,True,0.8613856,1773803086.6846862,239.6789,236.92822,48.502632,22.67171,0.07531103,233.46376,237.98593,1119.7788,0.07535343591395802,0.9971467633493685,0.07542569292468544,21.46376,117.98593,-1.3909462203196366,-0.07542569292468526,-0.012878257,-0.03,0.03,0.0,0.0,-0.0007542569292468527
1773803086.7509122,True,0.6686747,1773803086.7489176,244.15494,234.4019,44.552273,20.998114,0.11701838,235.602,237.26913,1064.4993,0.08777285536245939,0.9959510819430937,0.08790257954047027,23.602005,117.269135,-1.4415728595346553,-0.08790257954047043,-0.014161204,-0.03,0.03,0.0,0.0,-0.0008790257954047043
1773803086.7604978,True,0.6686747,1773803086.7489176,244.15494,234.4019,44.552273,20.998114,0.11701838,237.3126,236.6957,1025.8036,0.09646644897641035,0.9951141049587013,0.09663812786311847,25.312607,116.695694,-1.4786010954659219,-0.09663812786311832,-0.015187565,-0.03,0.03,0.0,0.0,-0.0009663812786311832
1773803086.7705827,True,0.6686747,1773803086.7489176,244.15494,234.4019,44.552273,20.998114,0.11701838,238.68108,236.23694,998.7166,0.10255196450617603,0.9945282210696267,0.10275303119146957,26.681076,116.23694,-1.5053615834990106,-0.10275303119146972,-0.016008647,-0.03,0.03,0.0,0.0,-0.0010275303119146972
1773803086.7806387,True,0.6686747,1773803086.7489176,244.15494,234.4019,44.552273,20.998114,0.11701838,239.77586,235.86993,979.75574,0.106811825377012,0.9941181023472745,0.10703318933918218,27.775864,115.869934,-1.5245293528171684,-0.10703318933918204,-0.016665518,-0.03,0.03,0.0,0.0,-0.0010703318933918205
1773803086.7909012,True,0.6686747,1773803086.7489176,244.15494,234.4019,44.552273,20.998114,0.11701838,240.65169,235.57634,966.4831,0.10979372798659719,0.993831019241628,0.11002906840267997,28.651688,115.57634,-1.5381688386173833,-0.1100290684026799,-0.017191013,-0.03,0.03,0.0,0.0,-0.001100290684026799
1773803086.8005247,True,0.6686747,1773803086.7489176,244.15494,234.4019,44.552273,20.998114,0.11701838,241.35234,235.34146,957.19226,0.11188105981330682,0.9936300610676754,0.11212603688797922,29.35234,115.34146,-1.5478283777915296,-0.11212603688797929,-0.017611405,-0.03,0.03,0.0,0.0,-0.0011212603688797928
1773803086.8107054,True,0.8981257,1773803086.8070843,243.28593,233.2765,45.33349,20.215616,0.10162941,241.73907,234.92848,944.9679,0.10875310890455116,0.9939930951137392,0.10897686557575666,29.739075,114.92848,-1.5606816979436264,-0.10897686557575659,-0.017843446,-0.03,0.03,0.0,0.0,-0.001089768655757566
1773803086.820286,True,0.8981257,1773803086.8070843,243.28593,233.2765,45.33349,20.215616,0.10162941,242.04846,234.5981,936.4109,0.1065635432684222,0.9942472189459839,0.10677251944575282,30.048462,114.5981,-1.5697783354698174,-0.10677251944575294,-0.018029079,-0.03,0.03,0.0,0.0,-0.0010677251944575296
1773803086.8304214,True,0.8981257,1773803086.8070843,243.28593,233.2765,45.33349,20.215616,0.10162941,242.29596,234.33379,930.4209,0.10503084732313192,0.9944251056285551,0.10522952660181928,30.29596,114.333786,-1.5761956216133368,-0.1052295266018195,-0.018177576,-0.03,0.03,0.0,0.0,-0.001052295266018195
1773803086.8407733,True,0.8981257,1773803086.8070843,243.28593,233.2765,45.33349,20.215616,0.10162941,242.49396,234.12233,926.2279,0.10395796016142873,0.9945496263063549,0.10414946039794952,30.493958,114.12233,-1.5807123297068812,-0.10414946039794959,-0.018296376,-0.03,0.03,0.0,0.0,-0.001041494603979496
1773803086.8505127,True,0.8981257,1773803086.8070843,243.28593,233.2765,45.33349,20.215616,0.10162941,242.65234,233.95317,923.29285,0.1032069391482365,0.9946367907808149,0.10339342972388818,30.652344,113.95317,-1.5838862077894107,-0.1033934297238881,-0.018391408,-0.03,0.03,0.0,0.0,-0.0010339342972388809
1773803086.8607168,True,0.8981257,1773803086.8070843,243.28593,233.2765,45.33349,20.215616,0.10162941,242.77905,233.81784,921.2383,0.10268122443900193,0.9946978059129368,0.10286421646574753,30.779053,113.81784,-1.5861139532771416,-0.1028642164657474,-0.018467432,-0.03,0.03,0.0,0.0,-0.001028642164657474
1773803086.8703878,True,0.6857635,1773803086.8672984,234.20491,235.21445,46.81832,22.19222,0.09355307,241.06424,234.09717,956.5675,0.0999018574745962,0.9949765947274891,0.10007085283042222,29.06424,114.09717,-1.5484812847555125,-0.10007085283042239,-0.017438544,-0.03,0.03,0.0,0.0,-0.0010007085283042238
1773803086.8806703,True,0.6857635,1773803086.8672984,234.20491,235.21445,46.81832,22.19222,0.09355307,239.69238,234.32063,981.298,0.09795630059951221,0.995171746897676,0.09811549477585171,27.692383,114.32063,-1.5229565214178524,-0.0981154947758518,-0.01661543,-0.03,0.03,0.0,0.0,-0.000981154947758518
1773803086.8906965,True,0.6857635,1773803086.8672984,234.20491,235.21445,46.81832,22.19222,0.09355307,238.5949,234.4994,998.6094,0.09659441078695341,0.9953083534168066,0.09674675169570665,26.594894,114.499405,-1.5054690154970094,-0.09674675169570657,-0.015956938,-0.03,0.03,0.0,0.0,-0.0009674675169570657
1773803086.9010503,True,0.6857635,1773803086.8672984,234.20491,235.21445,46.81832,22.19222,0.09355307,237.7169,234.64243,1010.7273,0.09564108791816225,0.995403977980198,0.09578863842527882,25.716904,114.642426,-1.49340722483329,-0.09578863842527863,-0.015430143,-0.03,0.03,0.0,0.0,-0.0009578863842527863
1773803086.910802,True,0.6857635,1773803086.8672984,234.20491,235.21445,46.81832,22.19222,0.09355307,237.01451,234.75684,1019.20984,0.09497376191000845,0.995470915174572,0.09511796360141789,25.014511,114.756836,-1.4850497223208579,-0.09511796360141789,-0.0150087075,-0.03,0.03,0.0,0.0,-0.0009511796360141788
1773803086.920618,True,0.6857635,1773803086.8672984,234.20491,235.21445,46.81832,22.19222,0.09355307,236.4526,234.84836,1025.1477,0.09450663370430076,0.9955177712106338,0.09464849378713519,24.452606,114.84836,-1.4792406690861437,-0.09464849378713502,-0.014671564,-0.03,0.03,0.0,0.0,-0.0009464849378713503
1773803086.9306774,True,0.6857635,1773803086.8672984,234.20491,235.21445,46.81832,22.19222,0.09355307,236.00308,234.92159,1029.3042,0.0941796439603054,0.9955505704358771,0.09431986630112255,24.003082,114.921585,-1.475194343362823,-0.09431986630112243,-0.01440185,-0.03,0.03,0.0,0.0,-0.0009431986630112244
1773803086.940327,True,0.664359,1773803086.9321976,225.98682,235.18176,46.69902,21.227516,0.111661986,233.99985,234.97363,1017.9042,0.09935477750251899,0.9950170819083968,0.0995224459007498,21.999847,114.97363,-1.486331633417947,-0.09952244590074999,-0.013199909,-0.03,0.03,0.0,0.0,-0.0009952244590074998
1773803086.9506316,True,0.664359,1773803086.9321976,225.98682,235.18176,46.69902,21.227516,0.111661986,232.39725,235.01526,1009.9242,0.10297737098206851,0.9946436399391605,0.10316437150393534,20.397247,115.01526,-1.4942021372501122,-0.1031643715039352,-0.012238349,-0.03,0.03,0.0,0.0,-0.001031643715039352
1773803086.960684,True,0.664359,1773803086.9321976,225.98682,235.18176,46.69902,21.227516,0.111661986,231.11517,235.04855,1004.33813,0.10551318641775317,0.9943822305606951,0.10571371822467332,19.115173,115.04855,-1.4997486341466857,-0.10571371822467324,-0.011469104,-0.03,0.03,0.0,0.0,-0.0010571371822467323
1773803086.971029,True,0.664359,1773803086.9321976,225.98682,235.18176,46.69902,21.227516,0.111661986,230.08951,235.0752,1000.428,0.10728825722273244,0.9941992439957692,0.10749823977898325,18.089508,115.075195,-1.5036495344235197,-0.10749823977898343,-0.010853705,-0.03,0.03,0.0,0.0,-0.0010749823977898342
1773803086.9803987,True,0.664359,1773803086.9321976,225.98682,235.18176,46.69902,21.227516,0.111661986,229.26898,235.09653,997.6908,0.10853080678621792,0.9940711534003213,0.10874738745124317,17.268982,115.09653,-1.5063892403741188,-0.10874738745124324,-0.010361389,-0.03,0.03,0.0,0.0,-0.0010874738745124323
1773803086.9905508,True,0.8440428,1773803086.986931,222.06737,235.40562,46.45997,22.88575,0.12306722,227.82867,235.15836,1017.3649,0.11279860607592315,0.9935808420863916,0.11304336243388098,15.828674,115.158356,-1.4868615467820685,-0.11304336243388091,-0.009497205,-0.03,0.03,0.0,0.0,-0.001130433624338809
1773803087.000654,True,0.8440428,1773803086.986931,222.06737,235.40562,46.45997,22.88575,0.12306722,226.67642,235.20782,1031.1368,0.11578606557871682,0.9932376241666409,0.11605058381589126,14.676422,115.207825,-1.4734154817007636,-0.11605058381589117,-0.008805853,-0.03,0.03,0.0,0.0,-0.0011605058381589117
1773803087.0107446,True,0.8440428,1773803086.986931,222.06737,235.40562,46.45997,22.88575,0.12306722,225.75461,235.24739,1040.7771,0.11787728723067238,0.9929973716228153,0.11815562409234612,13.754608,115.24739,-1.4641097562367664,-0.11815562409234603,-0.008252765,-0.03,0.03,0.0,0.0,-0.0011815562409234603
1773803087.0205667,True,0.8440428,1773803086.986931,222.06737,235.40562,46.45997,22.88575,0.12306722,225.01715,235.27905,1047.5254,0.11934114238704129,0.9928291948421375,0.11962913351163895,13.017151,115.27905,-1.457646777541785,-0.11962913351163884,-0.007810291,-0.03,0.03,0.0,0.0,-0.0011962913351163883
1773803087.030711,True,0.8440428,1773803086.986931,222.06737,235.40562,46.45997,22.88575,0.12306722,224.42719,235.30438,1052.2491,0.12036584099649951,0.992711471095663,0.12066057693560574,12.427185,115.30438,-1.45314745609589,-0.12066057693560595,-0.0074563115,-0.03,0.03,0.0,0.0,-0.0012066057693560595
1773803087.040842,True,0.8440428,1773803086.986931,222.06737,235.40562,46.45997,22.88575,0.12306722,223.95523,235.32465,1055.5558,0.12108313002312027,0.9926290644731309,0.12138257951764563,11.955231,115.324646,-1.4500099457144338,-0.12138257951764553,-0.0071731387,-0.03,0.03,0.0,0.0,-0.0012138257951764553
1773803087.0503964,True,0.8440428,1773803086.986931,222.06737,235.40562,46.45997,22.88575,0.12306722,223.57767,235.34085,1057.8704,0.12158523234175479,0.9925713798373584,0.12188797702883321,11.577667,115.34085,-1.44781961968966,-0.12188797702883303,-0.0069466005,-0.03,0.03,0.0,0.0,-0.0012188797702883303
1773803087.0606554,True,0.8591109,1773803087.0503964,220.04749,234.61496,47.11332,21.166142,0.11514088,222.87164,235.19568,1039.6714,0.1195756529566101,0.9928135486494909,0.11986383799710863,10.871643,115.19568,-1.4651727393366076,-0.11986383799710865,-0.006522986,-0.03,0.03,0.0,0.0,-0.0011986383799710864
1773803087.0704527,True,0.8591109,1773803087.0503964,220.04749,234.61496,47.11332,21.166142,0.11514088,222.30682,235.07953,1026.9321,0.11816894738700881,0.9929830668179835,0.11844694000527448,10.306824,115.07953,-1.4775015486127439,-0.11844694000527456,-0.0061840946,-0.03,0.03,0.0,0.0,-0.0011844694000527455
1773803087.0805068,True,0.8591109,1773803087.0503964,220.04749,234.61496,47.11332,21.166142,0.11514088,221.85495,234.98662,1018.01465,0.1171842534882879,0.9931017295359286,0.11745511461296833,9.85495,114.98662,-1.4862230760328456,-0.11745511461296854,-0.0059129703,-0.03,0.03,0.0,0.0,-0.0011745511461296854
1773803087.0907571,True,0.8591109,1773803087.0503964,220.04749,234.61496,47.11332,21.166142,0.11514088,221.49347,234.9123,1011.7724,0.11649496775918328,0.9931847934384901,0.11676083961812628,9.493469,114.91229,-1.4923737286872631,-0.11676083961812633,-0.005696082,-0.03,0.03,0.0,0.0,-0.0011676083961812635
1773803087.1009505,True,0.8591109,1773803087.0503964,220.04749,234.61496,47.11332,21.166142,0.11514088,221.20428,234.85283,1007.40283,0.11601246774881002,0.993242938170283,0.11627484889912101,9.204285,114.85283,-1.4967018260159861,-0.11627484889912099,-0.005522571,-0.03,0.03,0.0,0.0,-0.0011627484889912098
1773803087.1106243,True,0.8591109,1773803087.0503964,220.04749,234.61496,47.11332,21.166142,0.11514088,220.97293,234.80525,1004.3441,0.11567471774154875,0.9932836394825382,0.11593465640917883,8.972931,114.80525,-1.4997426920271364,-0.11593465640917877,-0.005383759,-0.03,0.03,0.0,0.0,-0.0011593465640917877
1773803087.1208181,True,0.90680075,1773803087.1111288,218.92012,234.77815,46.44764,20.692204,0.12813917,220.56238,234.79984,991.3721,0.11930893916854753,0.9928389688963675,0.11959599337678987,8.562378,114.799835,-1.5127427541179121,-0.11959599337679006,-0.005137427,-0.03,0.03,0.0,0.0,-0.0011959599337679006
1773803087.1306672,True,0.90680075,1773803087.1111288,218.92012,234.77815,46.44764,20.692204,0.12813917,220.23393,234.7955,982.2916,0.12185289416744667,0.992527699486048,0.12215896947801627,8.2339325,114.7955,-1.521944472431027,-0.1221589694780163,-0.00494036,-0.03,0.03,0.0,0.0,-0.001221589694780163
1773803087.1409009,True,0.90680075,1773803087.1111288,218.92012,234.77815,46.44764,20.692204,0.12813917,219.97118,234.79204,975.9353,0.12363366266667607,0.9923098108988244,0.1239530515657322,7.971176,114.79204,-1.5284363874198421,-0.12395305156573233,-0.004782706,-0.03,0.03,0.0,0.0,-0.0012395305156573232
1773803087.150506,True,0.90680075,1773803087.1111288,218.92012,234.77815,46.44764,20.692204,0.12813917,219.76097,234.78926,971.48596,0.12488020061613664,0.9921572888877679,0.125208901281069,7.760971,114.78926,-1.5330058384860588,-0.1252089012810691,-0.004656583,-0.03,0.03,0.0,0.0,-0.001252089012810691
1773803087.1605544,True,0.90680075,1773803087.1111288,218.92012,234.77815,46.44764,20.692204,0.12813917,219.5928,234.78703,968.37134,0.12575277718075906,0.9920505234800283,0.12608798982826294,7.592804,114.78703,-1.536217054920666,-0.12608798982826297,-0.0045556827,-0.03,0.03,0.0,0.0,-0.0012608798982826298
1773803087.1708956,True,0.90680075,1773803087.1111288,218.92012,234.77815,46.44764,20.692204,0.12813917,219.45827,234.78526,966.19116,0.12636358077599474,0.9919757876946106,0.12670334790401466,7.458267,114.78526,-1.5384709675950299,-0.1267033479040145,-0.0044749607,-0.03,0.03,0.0,0.0,-0.0012670334790401449
1773803087.1806908,True,0.8582822,1773803087.1724143,219.59796,234.0901,46.49164,20.591114,0.11927066,219.4862,234.64624,963.5282,0.1241509306770725,0.9922517561943264,0.12447353456921453,7.486206,114.64624,-1.5412309190183673,-0.12447353456921473,-0.004491724,-0.03,0.03,0.0,0.0,-0.0012447353456921473
1773803087.1907763,True,0.8582822,1773803087.1724143,219.59796,234.0901,46.49164,20.591114,0.11927066,219.50858,234.53502,961.6641,0.12260207560782693,0.9924449341441275,0.12291266160073745,7.5085754,114.53502,-1.5431674203849748,-0.12291266160073766,-0.0045051454,-0.03,0.03,0.0,0.0,-0.0012291266160073767
1773803087.2008371,True,0.8582822,1773803087.1724143,219.59796,234.0901,46.49164,20.591114,0.11927066,219.52646,234.44604,960.35925,0.12151787705935505,0.9925801587089882,0.12182005346133787,7.5264587,114.446045,-1.5445252549524573,-0.12182005346133806,-0.0045158756,-0.03,0.03,0.0,0.0,-0.0012182005346133807
1773803087.210962,True,0.8582822,1773803087.1724143,219.59796,234.0901,46.49164,20.591114,0.11927066,219.54077,234.37486,959.44586,0.12075893807542472,0.9926748159043907,0.12105523082232442,7.5407715,114.37486,-1.5454767674634333,-0.1210552308223245,-0.0045244633,-0.03,0.03,0.0,0.0,-0.001210552308223245
1773803087.2205637,True,0.8582822,1773803087.1724143,219.59796,234.0901,46.49164,20.591114,0.11927066,219.55222,234.31792,958.8065,0.1202276807866735,0.9927410759411724,0.12051985702890852,7.5522156,114.31792,-1.5461433863111067,-0.12051985702890855,-0.0045313295,-0.03,0.03,0.0,0.0,-0.0012051985702890855
1773803087.2304223,True,0.8582822,1773803087.1724143,219.59796,234.0901,46.49164,20.591114,0.11927066,219.56137,234.27235,958.35895,0.11985580068454764,0.9927874579669197,0.12014509657035308,7.561371,114.272354,-1.5466102490676747,-0.120145096570353,-0.004536823,-0.03,0.03,0.0,0.0,-0.00120145096570353
1773803087.2405908,True,0.8582822,1773803087.1724143,219.59796,234.0901,46.49164,20.591114,0.11927066,219.5687,234.23592,958.04565,0.11959548461305954,0.9928199253849428,0.11988276490112919,7.568695,114.235916,-1.5469372667224393,-0.11988276490112915,-0.0045412173,-0.03,0.03,0.0,0.0,-0.0011988276490112915
1773803087.2506928,True,0.8582822,1773803087.1724143,219.59796,234.0901,46.49164,20.591114,0.11927066,219.57455,234.20676,957.82635,0.11941326336301786,0.9928426525775589,0.11969913307444015,7.5745544,114.20676,-1.547166165718572,-0.11969913307444013,-0.004544733,-0.03,0.03,0.0,0.0,-0.0011969913307444014
1773803087.2608664,True,0.8582822,1773803087.1724143,219.59796,234.0901,46.49164,20.591114,0.11927066,219.57925,234.18343,957.67285,0.11928570848798868,0.9928585616123902,0.11957059097090807,7.579254,114.183426,-1.5473264261964514,-0.11957059097090816,-0.0045475527,-0.03,0.03,0.0,0.0,-0.0011957059097090818
1773803087.2709553,True,0.8582822,1773803087.1724143,219.59796,234.0901,46.49164,20.591114,0.11927066,219.58301,234.16476,957.56537,0.11919642007546827,0.992869697936772,0.11948061158689485,7.583008,114.164764,-1.5474386728333103,-0.11948061158689471,-0.004549805,-0.03,0.03,0.0,0.0,-0.0011948061158689471
1773803087.2806287,True,0.8582822,1773803087.1724143,219.59796,234.0901,46.49164,20.591114,0.11927066,219.586,234.14984,957.4902,0.11913391818670398,0.9928774933638395,0.11941762606233464,7.5859985,114.14984,-1.5475172459731439,-0.11941762606233475,-0.0045515993,-0.03,0.03,0.0,0.0,-0.0011941762606233475
1773803087.2908392,True,0.8582822,1773803087.1724143,219.59796,234.0901,46.49164,20.591114,0.11927066,219.58841,234.1379,957.4375,0.11909016686456897,0.9928829501627866,0.11937353621713459,7.5884094,114.13789,-1.547572222830177,-0.11937353621713465,-0.004553046,-0.03,0.03,0.0,0.0,-0.0011937353621713465
1773803087.3009214,True,0.8582822,1773803087.1724143,219.59796,234.0901,46.49164,20.591114,0.11927066,219.59033,234.12834,957.40063,0.11905954093907446,0.9928867699220496,0.11934267333637705,7.590332,114.12834,-1.5476107434479573,-0.11934267333637694,-0.0045541995,-0.03,0.03,0.0,0.0,-0.0011934267333637695
1773803087.3108149,True,0.8582822,1773803087.1724143,219.59796,234.0901,46.49164,20.591114,0.11927066,219.59186,234.1207,957.3748,0.11903810279122831,0.9928894437535337,0.11932106932521566,7.591858,114.1207,-1.5476377087633142,-0.11932106932521558,-0.004555115,-0.03,0.03,0.0,0.0,-0.0011932106932521559
1773803087.3204527,True,0.8582822,1773803087.1724143,219.59796,234.0901,46.49164,20.591114,0.11927066,219.59308,234.11458,957.35675,0.11902309608773601,0.9928913154355726,0.11930594652004597,7.5930786,114.11458,-1.547656549895692,-0.11930594652004611,-0.0045558475,-0.03,0.03,0.0,0.0,-0.001193059465200461
1773803087.3307261,True,0.8582822,1773803087.1724143,219.59796,234.0901,46.49164,20.591114,0.11927066,219.59406,234.1097,957.3441,0.1190125913952914,0.9928926256129998,0.11929536055772669,7.594055,114.109695,-1.5476697879296564,-0.11929536055772649,-0.0045564333,-0.03,0.03,0.0,0.0,-0.001192953605577265
1773803087.3407698,True,0.8582822,1773803087.1724143,219.59796,234.0901,46.49164,20.591114,0.11927066,219.59485,234.10579,957.33527,0.11900523811058017,0.9928935427371989,0.11928795038474141,7.5948486,114.10579,-1.5476790336446178,-0.11928795038474149,-0.004556909,-0.03,0.03,0.0,0.0,-0.001192879503847415
1773803087.350927,True,0.8582822,1773803087.1724143,219.59796,234.0901,46.49164,20.591114,0.11927066,219.59549,234.10266,957.3291,0.11900009081128231,0.9928941847241382,0.11928276326396495,7.5954895,114.10266,-1.5476854776783253,-0.11928276326396503,-0.004557294,-0.03,0.03,0.0,0.0,-0.0011928276326396503
1773803087.360776,True,0.47726053,1773803087.350927,321.3439,229.93341,71.17483,27.150204,0.15343498,239.94518,233.26881,1249.8538,0.12915015857607354,0.9915015080444063,0.12952787005371044,27.945175,113.268814,-1.2810508562252507,-0.12952787005371036,-0.016767105,-0.03,0.03,0.0,0.0,-0.0012952787005371036
1773803087.3705275,True,0.47726053,1773803087.350927,321.3439,229.93341,71.17483,27.150204,0.15343498,256.2249,232.60173,1454.621,0.1362552060114274,0.9905266343685939,0.13670042591863996,44.224915,112.60173,-1.1293320404870284,-0.13670042591864018,-0.02653495,-0.03,0.03,0.0,0.0,-0.0013670042591864017
1773803087.3805246,True,0.47726053,1773803087.350927,321.3439,229.93341,71.17483,27.150204,0.15343498,269.24872,232.06807,1597.958,0.14122873921617513,0.9898442227955253,0.1417212379203934,57.24872,112.06807,-1.0353507869353518,-0.1417212379203936,-0.03,-0.03,0.03,0.0,0.0,-0.001417212379203936
1773803087.3909638,True,0.47726053,1773803087.350927,321.3439,229.93341,71.17483,27.150204,0.15343498,279.66776,231.64114,1698.294,0.14471021245949853,0.9893665346943772,0.14523566047593944,67.667755,111.64114,-0.9744532498767203,-0.14523566047593928,-0.03,-0.03,0.03,0.0,0.0,-0.0014523566047593929
1773803087.4010112,True,0.47726053,1773803087.350927,321.3439,229.93341,71.17483,27.150204,0.15343498,288.003,231.29959,1768.529,0.1471472437298249,0.9890321530235735,0.14769563093840063,76.00299,111.29959,-0.9339292703583568,-0.14769563093840077,-0.03,-0.03,0.03,0.0,0.0,-0.0014769563093840078
1773803087.4105833,True,0.47726053,1773803087.350927,321.3439,229.93341,71.17483,27.150204,0.15343498,294.67117,231.02635,1817.6936,0.14885316561905337,0.9887980858540111,0.14941753038299402,82.67117,111.02635,-0.9065089405694138,-0.1494175303829941,-0.03,-0.03,0.03,0.0,0.0,-0.001494175303829941
1773803087.4205625,True,0.47726053,1773803087.350927,321.3439,229.93341,71.17483,27.150204,0.15343498,300.00574,230.80777,1852.1089,0.1500473109415133,0.9886342388353173,0.15062281452029652,88.00574,110.80777,-0.8877524552188176,-0.15062281452029636,-0.03,-0.03,0.03,0.0,0.0,-0.0015062281452029637
1773803087.4306483,True,0.47726053,1773803087.350927,321.3439,229.93341,71.17483,27.150204,0.15343498,304.27338,230.6329,1876.1995,0.15088321266723526,0.9885195459222316,0.15146648896243303,92.27338,110.632904,-0.8748292409857096,-0.15146648896243287,-0.03,-0.03,0.03,0.0,0.0,-0.0015146648896243286
1773803087.4410088,True,0.47726053,1773803087.350927,321.3439,229.93341,71.17483,27.150204,0.15343498,307.6875,230.49301,1893.063,0.1514683438752406,0.9884392608830717,0.1520570483447032,95.6875,110.49301,-0.8658812320835269,-0.15205704834470302,-0.03,-0.03,0.03,0.0,0.0,-0.0015205704834470302
1773803087.4505708,True,0.47726053,1773803087.350927,321.3439,229.93341,71.17483,27.150204,0.15343498,310.4188,230.38109,1904.8674,0.15187793572084435,0.9883830613556597,0.152470433420528,98.41879,110.38109,-0.8596649835006971,-0.15247043342052802,-0.03,-0.03,0.03,0.0,0.0,-0.0015247043342052802
1773803087.4607205,True,0.47726053,1773803087.350927,321.3439,229.93341,71.17483,27.150204,0.15343498,312.60382,230.29155,1913.1306,0.15216465001276697,0.9883437216864712,0.15275979970503917,100.60382,110.29155,-0.8553364174927675,-0.15275979970503917,-0.03,-0.03,0.03,0.0,0.0,-0.0015275979970503918
1773803087.4712634,True,0.47726053,1773803087.350927,321.3439,229.93341,71.17483,27.150204,0.15343498,314.35184,230.21992,1918.9148,0.15236535001711282,0.9883161839180394,0.1529623544725543,102.35184,110.219925,-0.8523175659758916,-0.15296235447255446,-0.03,-0.03,0.03,0.0,0.0,-0.0015296235447255448
1773803087.4808068,True,0.47726053,1773803087.350927,321.3439,229.93341,71.17483,27.150204,0.15343498,315.75024,230.16263,1922.9636,0.1525058400201549,0.9882969074801371,0.15310414200000502,103.750244,110.16263,-0.8502098491046112,-0.153104142000005,-0.03,-0.03,0.03,0.0,0.0,-0.00153104142000005
1773803087.4904642,True,0.47726053,1773803087.350927,321.3439,229.93341,71.17483,27.150204,0.15343498,316.869,230.11679,1925.7979,0.15260418302228437,0.9882834139736054,0.15320339286887918,104.86899,110.11679,-0.8487370164766433,-0.15320339286887918,-0.03,-0.03,0.03,0.0,0.0,-0.0015320339286887918
1773803087.5012784,True,0.47726053,1773803087.350927,321.3439,229.93341,71.17483,27.150204,0.15343498,317.76398,230.08011,1927.7817,0.152673023123775,0.9882739685190334,0.15327286827971157,105.76398,110.08011,-0.8477074480345949,-0.15327286827971154,-0.03,-0.03,0.03,0.0,0.0,-0.0015327286827971154
1773803087.5102897,True,0.47726053,1773803087.350927,321.3439,229.93341,71.17483,27.150204,0.15343498,318.47998,230.05077,1929.1704,0.15272121119481843,0.9882673567008329,0.15332150097016245,106.47998,110.050766,-0.8469873386024815,-0.15332150097016228,-0.03,-0.03,0.03,0.0,0.0,-0.0015332150097016229
1773803087.5209627,True,0.47726053,1773803087.350927,321.3439,229.93341,71.17483,27.150204,0.15343498,319.05276,230.0273,1930.1426,0.15275494284454882,0.9882627284280925,0.15335554380574085,107.052765,110.0273,-0.8464835356230574,-0.1533555438057408,-0.03,-0.03,0.03,0.0,0.0,-0.0015335554380574079
1773803087.5305617,True,0.47726053,1773803087.350927,321.3439,229.93341,71.17483,27.150204,0.15343498,319.511,230.00851,1930.823,0.1527785549993601,0.9882594886371743,0.1533793737672056,107.51099,110.008514,-0.8461310453352945,-0.15337937376720578,-0.03,-0.03,0.03,0.0,0.0,-0.0015337937376720579
1773803087.5407395,True,0.47726053,1773803087.350927,321.3439,229.93341,71.17483,27.150204,0.15343498,319.87756,229.9935,1931.2993,0.15279508350772802,0.9882572207835316,0.15339605472872847,107.87756,109.9935,-0.8458844315938396,-0.15339605472872853,-0.03,-0.03,0.03,0.0,0.0,-0.0015339605472872854
1773803087.5509834,False,0.47726053,1773803087.350927,321.3439,229.93341,71.17483,27.150204,0.15343498,,,,,,,,,,,0.0,0.0,0.0,0.0,0.0,0.0
1773803087.560615,False,0.47726053,1773803087.350927,321.3439,229.93341,71.17483,27.150204,0.15343498,,,,,,,,,,,0.0,0.0,0.0,0.0,0.0,0.0
1773803087.5709705,False,0.47726053,1773803087.350927,321.3439,229.93341,71.17483,27.150204,0.15343498,,,,,,,,,,,0.0,0.0,0.0,0.0,0.0,0.0
1773803087.5806203,False,0.47726053,1773803087.350927,321.3439,229.93341,71.17483,27.150204,0.15343498,,,,,,,,,,,0.0,0.0,0.0,0.0,0.0,0.0
1773803087.5907612,False,0.47726053,1773803087.350927,321.3439,229.93341,71.17483,27.150204,0.15343498,,,,,,,,,,,0.0,0.0,0.0,0.0,0.0,0.0
1773803087.6008458,False,0.47726053,1773803087.350927,321.3439,229.93341,71.17483,27.150204,0.15343498,,,,,,,,,,,0.0,0.0,0.0,0.0,0.0,0.0
1773803087.6108797,False,0.47726053,1773803087.350927,321.3439,229.93341,71.17483,27.150204,0.15343498,,,,,,,,,,,0.0,0.0,0.0,0.0,0.0,0.0
1773803087.62056,False,0.47726053,1773803087.350927,321.3439,229.93341,71.17483,27.150204,0.15343498,,,,,,,,,,,0.0,0.0,0.0,0.0,0.0,0.0
1773803087.6306036,False,0.47726053,1773803087.350927,321.3439,229.93341,71.17483,27.150204,0.15343498,,,,,,,,,,,0.0,0.0,0.0,0.0,0.0,0.0
1773803087.6408587,False,0.47726053,1773803087.350927,321.3439,229.93341,71.17483,27.150204,0.15343498,,,,,,,,,,,0.0,0.0,0.0,0.0,0.0,0.0
1773803087.6504695,False,0.47726053,1773803087.350927,321.3439,229.93341,71.17483,27.150204,0.15343498,,,,,,,,,,,0.0,0.0,0.0,0.0,0.0,0.0
1773803087.660636,False,0.47726053,1773803087.350927,321.3439,229.93341,71.17483,27.150204,0.15343498,,,,,,,,,,,0.0,0.0,0.0,0.0,0.0,0.0
1773803087.6706517,False,0.47726053,1773803087.350927,321.3439,229.93341,71.17483,27.150204,0.15343498,,,,,,,,,,,0.0,0.0,0.0,0.0,0.0,0.0
1773803087.6807373,False,0.47726053,1773803087.350927,321.3439,229.93341,71.17483,27.150204,0.15343498,,,,,,,,,,,0.0,0.0,0.0,0.0,0.0,0.0
1773803087.6907628,False,0.47726053,1773803087.350927,321.3439,229.93341,71.17483,27.150204,0.15343498,,,,,,,,,,,0.0,0.0,0.0,0.0,0.0,0.0
1773803087.7005532,False,0.47726053,1773803087.350927,321.3439,229.93341,71.17483,27.150204,0.15343498,,,,,,,,,,,0.0,0.0,0.0,0.0,0.0,0.0
1773803087.710638,False,0.47726053,1773803087.350927,321.3439,229.93341,71.17483,27.150204,0.15343498,,,,,,,,,,,0.0,0.0,0.0,0.0,0.0,0.0
1773803087.720737,False,0.47726053,1773803087.350927,321.3439,229.93341,71.17483,27.150204,0.15343498,,,,,,,,,,,0.0,0.0,0.0,0.0,0.0,0.0
1773803087.7305548,False,0.47726053,1773803087.350927,321.3439,229.93341,71.17483,27.150204,0.15343498,,,,,,,,,,,0.0,0.0,0.0,0.0,0.0,0.0
1773803087.7407055,False,0.47726053,1773803087.350927,321.3439,229.93341,71.17483,27.150204,0.15343498,,,,,,,,,,,0.0,0.0,0.0,0.0,0.0,0.0
1773803087.7505553,False,0.47726053,1773803087.350927,321.3439,229.93341,71.17483,27.150204,0.15343498,,,,,,,,,,,0.0,0.0,0.0,0.0,0.0,0.0
1773803087.7607024,False,0.47726053,1773803087.350927,321.3439,229.93341,71.17483,27.150204,0.15343498,,,,,,,,,,,0.0,0.0,0.0,0.0,0.0,0.0
1773803087.7706335,False,0.47726053,1773803087.350927,321.3439,229.93341,71.17483,27.150204,0.15343498,,,,,,,,,,,0.0,0.0,0.0,0.0,0.0,0.0
1773803087.7808213,False,0.47726053,1773803087.350927,321.3439,229.93341,71.17483,27.150204,0.15343498,,,,,,,,,,,0.0,0.0,0.0,0.0,0.0,0.0
1773803087.7906172,False,0.47726053,1773803087.350927,321.3439,229.93341,71.17483,27.150204,0.15343498,,,,,,,,,,,0.0,0.0,0.0,0.0,0.0,0.0
1773803087.8009198,False,0.47726053,1773803087.350927,321.3439,229.93341,71.17483,27.150204,0.15343498,,,,,,,,,,,0.0,0.0,0.0,0.0,0.0,0.0
1773803087.8106089,False,0.47726053,1773803087.350927,321.3439,229.93341,71.17483,27.150204,0.15343498,,,,,,,,,,,0.0,0.0,0.0,0.0,0.0,0.0
1773803087.820817,False,0.47726053,1773803087.350927,321.3439,229.93341,71.17483,27.150204,0.15343498,,,,,,,,,,,0.0,0.0,0.0,0.0,0.0,0.0
1773803087.8305538,False,0.47726053,1773803087.350927,321.3439,229.93341,71.17483,27.150204,0.15343498,,,,,,,,,,,0.0,0.0,0.0,0.0,0.0,0.0
1773803087.8407526,False,0.47726053,1773803087.350927,321.3439,229.93341,71.17483,27.150204,0.15343498,,,,,,,,,,,0.0,0.0,0.0,0.0,0.0,0.0
1773803087.8508172,False,0.47726053,1773803087.350927,321.3439,229.93341,71.17483,27.150204,0.15343498,,,,,,,,,,,0.0,0.0,0.0,0.0,0.0,0.0
1773803087.8609402,False,0.47726053,1773803087.350927,321.3439,229.93341,71.17483,27.150204,0.15343498,,,,,,,,,,,0.0,0.0,0.0,0.0,0.0,0.0
1773803087.8704855,False,0.47726053,1773803087.350927,321.3439,229.93341,71.17483,27.150204,0.15343498,,,,,,,,,,,0.0,0.0,0.0,0.0,0.0,0.0
1773803087.880605,False,0.47726053,1773803087.350927,321.3439,229.93341,71.17483,27.150204,0.15343498,,,,,,,,,,,0.0,0.0,0.0,0.0,0.0,0.0
1773803087.8907118,False,0.47726053,1773803087.350927,321.3439,229.93341,71.17483,27.150204,0.15343498,,,,,,,,,,,0.0,0.0,0.0,0.0,0.0,0.0
1773803087.900821,False,0.47726053,1773803087.350927,321.3439,229.93341,71.17483,27.150204,0.15343498,,,,,,,,,,,0.0,0.0,0.0,0.0,0.0,0.0
1773803087.9106867,False,0.47726053,1773803087.350927,321.3439,229.93341,71.17483,27.150204,0.15343498,,,,,,,,,,,0.0,0.0,0.0,0.0,0.0,0.0
1773803087.9207454,False,0.47726053,1773803087.350927,321.3439,229.93341,71.17483,27.150204,0.15343498,,,,,,,,,,,0.0,0.0,0.0,0.0,0.0,0.0
1773803087.9303496,False,0.47726053,1773803087.350927,321.3439,229.93341,71.17483,27.150204,0.15343498,,,,,,,,,,,0.0,0.0,0.0,0.0,0.0,0.0
1773803087.940752,False,0.47726053,1773803087.350927,321.3439,229.93341,71.17483,27.150204,0.15343498,,,,,,,,,,,0.0,0.0,0.0,0.0,0.0,0.0
1773803087.950485,False,0.47726053,1773803087.350927,321.3439,229.93341,71.17483,27.150204,0.15343498,,,,,,,,,,,0.0,0.0,0.0,0.0,0.0,0.0
1773803087.960543,False,0.47726053,1773803087.350927,321.3439,229.93341,71.17483,27.150204,0.15343498,,,,,,,,,,,0.0,0.0,0.0,0.0,0.0,0.0
1773803087.9706402,False,0.47726053,1773803087.350927,321.3439,229.93341,71.17483,27.150204,0.15343498,,,,,,,,,,,0.0,0.0,0.0,0.0,0.0,0.0
1773803087.9811108,False,0.47726053,1773803087.350927,321.3439,229.93341,71.17483,27.150204,0.15343498,,,,,,,,,,,0.0,0.0,0.0,0.0,0.0,0.0
1773803087.9909418,False,0.47726053,1773803087.350927,321.3439,229.93341,71.17483,27.150204,0.15343498,,,,,,,,,,,0.0,0.0,0.0,0.0,0.0,0.0
1773803088.000468,False,0.47726053,1773803087.350927,321.3439,229.93341,71.17483,27.150204,0.15343498,,,,,,,,,,,0.0,0.0,0.0,0.0,0.0,0.0
1773803088.0107841,False,0.47726053,1773803087.350927,321.3439,229.93341,71.17483,27.150204,0.15343498,,,,,,,,,,,0.0,0.0,0.0,0.0,0.0,0.0
1773803088.0204914,False,0.47726053,1773803087.350927,321.3439,229.93341,71.17483,27.150204,0.15343498,,,,,,,,,,,0.0,0.0,0.0,0.0,0.0,0.0
1773803088.0307317,False,0.47726053,1773803087.350927,321.3439,229.93341,71.17483,27.150204,0.15343498,,,,,,,,,,,0.0,0.0,0.0,0.0,0.0,0.0
1773803088.0404205,False,0.47726053,1773803087.350927,321.3439,229.93341,71.17483,27.150204,0.15343498,,,,,,,,,,,0.0,0.0,0.0,0.0,0.0,0.0
1773803088.0505993,False,0.47726053,1773803087.350927,321.3439,229.93341,71.17483,27.150204,0.15343498,,,,,,,,,,,0.0,0.0,0.0,0.0,0.0,0.0
1773803088.0602207,False,0.47726053,1773803087.350927,321.3439,229.93341,71.17483,27.150204,0.15343498,,,,,,,,,,,0.0,0.0,0.0,0.0,0.0,0.0
1773803088.070933,False,0.47726053,1773803087.350927,321.3439,229.93341,71.17483,27.150204,0.15343498,,,,,,,,,,,0.0,0.0,0.0,0.0,0.0,0.0
1773803088.0806828,False,0.47726053,1773803087.350927,321.3439,229.93341,71.17483,27.150204,0.15343498,,,,,,,,,,,0.0,0.0,0.0,0.0,0.0,0.0
1773803088.0907106,False,0.47726053,1773803087.350927,321.3439,229.93341,71.17483,27.150204,0.15343498,,,,,,,,,,,0.0,0.0,0.0,0.0,0.0,0.0
1773803088.1007485,False,0.47726053,1773803087.350927,321.3439,229.93341,71.17483,27.150204,0.15343498,,,,,,,,,,,0.0,0.0,0.0,0.0,0.0,0.0
1773803088.1107635,False,0.47726053,1773803087.350927,321.3439,229.93341,71.17483,27.150204,0.15343498,,,,,,,,,,,0.0,0.0,0.0,0.0,0.0,0.0
1773803088.1204956,False,0.47726053,1773803087.350927,321.3439,229.93341,71.17483,27.150204,0.15343498,,,,,,,,,,,0.0,0.0,0.0,0.0,0.0,0.0
1773803088.1306424,False,0.47726053,1773803087.350927,321.3439,229.93341,71.17483,27.150204,0.15343498,,,,,,,,,,,0.0,0.0,0.0,0.0,0.0,0.0
1773803088.1405659,False,0.47726053,1773803087.350927,321.3439,229.93341,71.17483,27.150204,0.15343498,,,,,,,,,,,0.0,0.0,0.0,0.0,0.0,0.0
1773803088.1507213,False,0.47726053,1773803087.350927,321.3439,229.93341,71.17483,27.150204,0.15343498,,,,,,,,,,,0.0,0.0,0.0,0.0,0.0,0.0
1773803088.1602893,False,0.47726053,1773803087.350927,321.3439,229.93341,71.17483,27.150204,0.15343498,,,,,,,,,,,0.0,0.0,0.0,0.0,0.0,0.0
1773803088.170323,False,0.47726053,1773803087.350927,321.3439,229.93341,71.17483,27.150204,0.15343498,,,,,,,,,,,0.0,0.0,0.0,0.0,0.0,0.0
1773803088.1808634,False,0.47726053,1773803087.350927,321.3439,229.93341,71.17483,27.150204,0.15343498,,,,,,,,,,,0.0,0.0,0.0,0.0,0.0,0.0
1773803088.1905625,False,0.47726053,1773803087.350927,321.3439,229.93341,71.17483,27.150204,0.15343498,,,,,,,,,,,0.0,0.0,0.0,0.0,0.0,0.0
1773803088.2011092,False,0.47726053,1773803087.350927,321.3439,229.93341,71.17483,27.150204,0.15343498,,,,,,,,,,,0.0,0.0,0.0,0.0,0.0,0.0
1773803088.2105134,False,0.47726053,1773803087.350927,321.3439,229.93341,71.17483,27.150204,0.15343498,,,,,,,,,,,0.0,0.0,0.0,0.0,0.0,0.0
1773803088.2208009,False,0.47726053,1773803087.350927,321.3439,229.93341,71.17483,27.150204,0.15343498,,,,,,,,,,,0.0,0.0,0.0,0.0,0.0,0.0
1773803088.230978,False,0.47726053,1773803087.350927,321.3439,229.93341,71.17483,27.150204,0.15343498,,,,,,,,,,,0.0,0.0,0.0,0.0,0.0,0.0
1773803088.2405164,False,0.47726053,1773803087.350927,321.3439,229.93341,71.17483,27.150204,0.15343498,,,,,,,,,,,0.0,0.0,0.0,0.0,0.0,0.0
1773803088.2509935,False,0.47726053,1773803087.350927,321.3439,229.93341,71.17483,27.150204,0.15343498,,,,,,,,,,,0.0,0.0,0.0,0.0,0.0,0.0
1773803088.2605896,False,0.47726053,1773803087.350927,321.3439,229.93341,71.17483,27.150204,0.15343498,,,,,,,,,,,0.0,0.0,0.0,0.0,0.0,0.0
1773803088.27113,False,0.47726053,1773803087.350927,321.3439,229.93341,71.17483,27.150204,0.15343498,,,,,,,,,,,0.0,0.0,0.0,0.0,0.0,0.0
1773803088.2808516,False,0.47726053,1773803087.350927,321.3439,229.93341,71.17483,27.150204,0.15343498,,,,,,,,,,,0.0,0.0,0.0,0.0,0.0,0.0
1773803088.2909224,False,0.47726053,1773803087.350927,321.3439,229.93341,71.17483,27.150204,0.15343498,,,,,,,,,,,0.0,0.0,0.0,0.0,0.0,0.0
1773803088.300498,False,0.47726053,1773803087.350927,321.3439,229.93341,71.17483,27.150204,0.15343498,,,,,,,,,,,0.0,0.0,0.0,0.0,0.0,0.0
1773803088.310853,False,0.47726053,1773803087.350927,321.3439,229.93341,71.17483,27.150204,0.15343498,,,,,,,,,,,0.0,0.0,0.0,0.0,0.0,0.0
1773803088.3209496,False,0.47726053,1773803087.350927,321.3439,229.93341,71.17483,27.150204,0.15343498,,,,,,,,,,,0.0,0.0,0.0,0.0,0.0,0.0
1773803088.330901,False,0.47726053,1773803087.350927,321.3439,229.93341,71.17483,27.150204,0.15343498,,,,,,,,,,,0.0,0.0,0.0,0.0,0.0,0.0
1773803088.3408933,False,0.47726053,1773803087.350927,321.3439,229.93341,71.17483,27.150204,0.15343498,,,,,,,,,,,0.0,0.0,0.0,0.0,0.0,0.0
1773803088.3503623,False,0.47726053,1773803087.350927,321.3439,229.93341,71.17483,27.150204,0.15343498,,,,,,,,,,,0.0,0.0,0.0,0.0,0.0,0.0
1773803088.3609612,False,0.47726053,1773803087.350927,321.3439,229.93341,71.17483,27.150204,0.15343498,,,,,,,,,,,0.0,0.0,0.0,0.0,0.0,0.0
1773803088.3707047,False,0.47726053,1773803087.350927,321.3439,229.93341,71.17483,27.150204,0.15343498,,,,,,,,,,,0.0,0.0,0.0,0.0,0.0,0.0
1773803088.3809083,False,0.47726053,1773803087.350927,321.3439,229.93341,71.17483,27.150204,0.15343498,,,,,,,,,,,0.0,0.0,0.0,0.0,0.0,0.0
1773803088.3907044,False,0.47726053,1773803087.350927,321.3439,229.93341,71.17483,27.150204,0.15343498,,,,,,,,,,,0.0,0.0,0.0,0.0,0.0,0.0
1773803088.4008873,False,0.47726053,1773803087.350927,321.3439,229.93341,71.17483,27.150204,0.15343498,,,,,,,,,,,0.0,0.0,0.0,0.0,0.0,0.0
1773803088.410927,False,0.47726053,1773803087.350927,321.3439,229.93341,71.17483,27.150204,0.15343498,,,,,,,,,,,0.0,0.0,0.0,0.0,0.0,0.0
1773803088.4205558,False,0.47726053,1773803087.350927,321.3439,229.93341,71.17483,27.150204,0.15343498,,,,,,,,,,,0.0,0.0,0.0,0.0,0.0,0.0
1773803088.4306064,False,0.47726053,1773803087.350927,321.3439,229.93341,71.17483,27.150204,0.15343498,,,,,,,,,,,0.0,0.0,0.0,0.0,0.0,0.0
1773803088.4407609,False,0.47726053,1773803087.350927,321.3439,229.93341,71.17483,27.150204,0.15343498,,,,,,,,,,,0.0,0.0,0.0,0.0,0.0,0.0
1773803088.4510067,False,0.47726053,1773803087.350927,321.3439,229.93341,71.17483,27.150204,0.15343498,,,,,,,,,,,0.0,0.0,0.0,0.0,0.0,0.0
1773803088.4609373,False,0.47726053,1773803087.350927,321.3439,229.93341,71.17483,27.150204,0.15343498,,,,,,,,,,,0.0,0.0,0.0,0.0,0.0,0.0
1773803088.471015,False,0.47726053,1773803087.350927,321.3439,229.93341,71.17483,27.150204,0.15343498,,,,,,,,,,,0.0,0.0,0.0,0.0,0.0,0.0
1773803088.480725,False,0.47726053,1773803087.350927,321.3439,229.93341,71.17483,27.150204,0.15343498,,,,,,,,,,,0.0,0.0,0.0,0.0,0.0,0.0
1773803088.4905412,False,0.47726053,1773803087.350927,321.3439,229.93341,71.17483,27.150204,0.15343498,,,,,,,,,,,0.0,0.0,0.0,0.0,0.0,0.0
1773803088.5007994,False,0.47726053,1773803087.350927,321.3439,229.93341,71.17483,27.150204,0.15343498,,,,,,,,,,,0.0,0.0,0.0,0.0,0.0,0.0
1773803088.5106015,False,0.47726053,1773803087.350927,321.3439,229.93341,71.17483,27.150204,0.15343498,,,,,,,,,,,0.0,0.0,0.0,0.0,0.0,0.0
1773803088.5204332,False,0.47726053,1773803087.350927,321.3439,229.93341,71.17483,27.150204,0.15343498,,,,,,,,,,,0.0,0.0,0.0,0.0,0.0,0.0
1773803088.5309393,False,0.47726053,1773803087.350927,321.3439,229.93341,71.17483,27.150204,0.15343498,,,,,,,,,,,0.0,0.0,0.0,0.0,0.0,0.0
1773803088.5409198,False,0.47726053,1773803087.350927,321.3439,229.93341,71.17483,27.150204,0.15343498,,,,,,,,,,,0.0,0.0,0.0,0.0,0.0,0.0
1773803088.550564,False,0.47726053,1773803087.350927,321.3439,229.93341,71.17483,27.150204,0.15343498,,,,,,,,,,,0.0,0.0,0.0,0.0,0.0,0.0
1773803088.560969,False,0.47726053,1773803087.350927,321.3439,229.93341,71.17483,27.150204,0.15343498,,,,,,,,,,,0.0,0.0,0.0,0.0,0.0,0.0
1773803088.5705485,False,0.47726053,1773803087.350927,321.3439,229.93341,71.17483,27.150204,0.15343498,,,,,,,,,,,0.0,0.0,0.0,0.0,0.0,0.0
1773803088.5807443,False,0.47726053,1773803087.350927,321.3439,229.93341,71.17483,27.150204,0.15343498,,,,,,,,,,,0.0,0.0,0.0,0.0,0.0,0.0
1773803088.590664,False,0.47726053,1773803087.350927,321.3439,229.93341,71.17483,27.150204,0.15343498,,,,,,,,,,,0.0,0.0,0.0,0.0,0.0,0.0
1773803088.6007009,False,0.47726053,1773803087.350927,321.3439,229.93341,71.17483,27.150204,0.15343498,,,,,,,,,,,0.0,0.0,0.0,0.0,0.0,0.0
1773803088.6108553,False,0.47726053,1773803087.350927,321.3439,229.93341,71.17483,27.150204,0.15343498,,,,,,,,,,,0.0,0.0,0.0,0.0,0.0,0.0
1773803088.6206415,False,0.47726053,1773803087.350927,321.3439,229.93341,71.17483,27.150204,0.15343498,,,,,,,,,,,0.0,0.0,0.0,0.0,0.0,0.0
1773803088.6305394,False,0.47726053,1773803087.350927,321.3439,229.93341,71.17483,27.150204,0.15343498,,,,,,,,,,,0.0,0.0,0.0,0.0,0.0,0.0
1773803088.6406713,False,0.47726053,1773803087.350927,321.3439,229.93341,71.17483,27.150204,0.15343498,,,,,,,,,,,0.0,0.0,0.0,0.0,0.0,0.0
1773803088.6508334,False,0.47726053,1773803087.350927,321.3439,229.93341,71.17483,27.150204,0.15343498,,,,,,,,,,,0.0,0.0,0.0,0.0,0.0,0.0
1773803088.6606839,False,0.47726053,1773803087.350927,321.3439,229.93341,71.17483,27.150204,0.15343498,,,,,,,,,,,0.0,0.0,0.0,0.0,0.0,0.0
1773803088.6705103,False,0.47726053,1773803087.350927,321.3439,229.93341,71.17483,27.150204,0.15343498,,,,,,,,,,,0.0,0.0,0.0,0.0,0.0,0.0
1773803088.6805632,False,0.47726053,1773803087.350927,321.3439,229.93341,71.17483,27.150204,0.15343498,,,,,,,,,,,0.0,0.0,0.0,0.0,0.0,0.0
1773803088.690607,False,0.47726053,1773803087.350927,321.3439,229.93341,71.17483,27.150204,0.15343498,,,,,,,,,,,0.0,0.0,0.0,0.0,0.0,0.0
1773803088.7008228,False,0.47726053,1773803087.350927,321.3439,229.93341,71.17483,27.150204,0.15343498,,,,,,,,,,,0.0,0.0,0.0,0.0,0.0,0.0
1773803088.7104883,False,0.47726053,1773803087.350927,321.3439,229.93341,71.17483,27.150204,0.15343498,,,,,,,,,,,0.0,0.0,0.0,0.0,0.0,0.0
1773803088.7205536,False,0.47726053,1773803087.350927,321.3439,229.93341,71.17483,27.150204,0.15343498,,,,,,,,,,,0.0,0.0,0.0,0.0,0.0,0.0
1773803088.731133,False,0.47726053,1773803087.350927,321.3439,229.93341,71.17483,27.150204,0.15343498,,,,,,,,,,,0.0,0.0,0.0,0.0,0.0,0.0
1773803088.740714,False,0.47726053,1773803087.350927,321.3439,229.93341,71.17483,27.150204,0.15343498,,,,,,,,,,,0.0,0.0,0.0,0.0,0.0,0.0
1773803088.750301,False,0.47726053,1773803087.350927,321.3439,229.93341,71.17483,27.150204,0.15343498,,,,,,,,,,,0.0,0.0,0.0,0.0,0.0,0.0
1773803088.7609138,False,0.47726053,1773803087.350927,321.3439,229.93341,71.17483,27.150204,0.15343498,,,,,,,,,,,0.0,0.0,0.0,0.0,0.0,0.0
1773803088.7709572,False,0.47726053,1773803087.350927,321.3439,229.93341,71.17483,27.150204,0.15343498,,,,,,,,,,,0.0,0.0,0.0,0.0,0.0,0.0
1773803088.780555,False,0.47726053,1773803087.350927,321.3439,229.93341,71.17483,27.150204,0.15343498,,,,,,,,,,,0.0,0.0,0.0,0.0,0.0,0.0
1773803088.7906873,False,0.47726053,1773803087.350927,321.3439,229.93341,71.17483,27.150204,0.15343498,,,,,,,,,,,0.0,0.0,0.0,0.0,0.0,0.0
1773803088.8007145,False,0.47726053,1773803087.350927,321.3439,229.93341,71.17483,27.150204,0.15343498,,,,,,,,,,,0.0,0.0,0.0,0.0,0.0,0.0
1773803088.8107677,False,0.47726053,1773803087.350927,321.3439,229.93341,71.17483,27.150204,0.15343498,,,,,,,,,,,0.0,0.0,0.0,0.0,0.0,0.0
1773803088.8205435,False,0.47726053,1773803087.350927,321.3439,229.93341,71.17483,27.150204,0.15343498,,,,,,,,,,,0.0,0.0,0.0,0.0,0.0,0.0
1773803088.8306267,False,0.47726053,1773803087.350927,321.3439,229.93341,71.17483,27.150204,0.15343498,,,,,,,,,,,0.0,0.0,0.0,0.0,0.0,0.0
1773803088.840657,False,0.47726053,1773803087.350927,321.3439,229.93341,71.17483,27.150204,0.15343498,,,,,,,,,,,0.0,0.0,0.0,0.0,0.0,0.0
1773803088.851239,False,0.47726053,1773803087.350927,321.3439,229.93341,71.17483,27.150204,0.15343498,,,,,,,,,,,0.0,0.0,0.0,0.0,0.0,0.0
1773803088.8607614,False,0.47726053,1773803087.350927,321.3439,229.93341,71.17483,27.150204,0.15343498,,,,,,,,,,,0.0,0.0,0.0,0.0,0.0,0.0
1773803088.8707252,False,0.47726053,1773803087.350927,321.3439,229.93341,71.17483,27.150204,0.15343498,,,,,,,,,,,0.0,0.0,0.0,0.0,0.0,0.0
1773803088.8809438,False,0.47726053,1773803087.350927,321.3439,229.93341,71.17483,27.150204,0.15343498,,,,,,,,,,,0.0,0.0,0.0,0.0,0.0,0.0
1773803088.8905518,False,0.47726053,1773803087.350927,321.3439,229.93341,71.17483,27.150204,0.15343498,,,,,,,,,,,0.0,0.0,0.0,0.0,0.0,0.0
1773803088.9010978,False,0.47726053,1773803087.350927,321.3439,229.93341,71.17483,27.150204,0.15343498,,,,,,,,,,,0.0,0.0,0.0,0.0,0.0,0.0
1773803088.9109545,False,0.47726053,1773803087.350927,321.3439,229.93341,71.17483,27.150204,0.15343498,,,,,,,,,,,0.0,0.0,0.0,0.0,0.0,0.0
1773803088.9205482,False,0.47726053,1773803087.350927,321.3439,229.93341,71.17483,27.150204,0.15343498,,,,,,,,,,,0.0,0.0,0.0,0.0,0.0,0.0
1773803088.9305055,False,0.47726053,1773803087.350927,321.3439,229.93341,71.17483,27.150204,0.15343498,,,,,,,,,,,0.0,0.0,0.0,0.0,0.0,0.0
1773803088.9407337,False,0.47726053,1773803087.350927,321.3439,229.93341,71.17483,27.150204,0.15343498,,,,,,,,,,,0.0,0.0,0.0,0.0,0.0,0.0
1773803088.950817,False,0.47726053,1773803087.350927,321.3439,229.93341,71.17483,27.150204,0.15343498,,,,,,,,,,,0.0,0.0,0.0,0.0,0.0,0.0
1773803088.9611719,False,0.47726053,1773803087.350927,321.3439,229.93341,71.17483,27.150204,0.15343498,,,,,,,,,,,0.0,0.0,0.0,0.0,0.0,0.0
1773803088.9710698,False,0.47726053,1773803087.350927,321.3439,229.93341,71.17483,27.150204,0.15343498,,,,,,,,,,,0.0,0.0,0.0,0.0,0.0,0.0
1773803088.9804916,False,0.47726053,1773803087.350927,321.3439,229.93341,71.17483,27.150204,0.15343498,,,,,,,,,,,0.0,0.0,0.0,0.0,0.0,0.0
1773803088.990522,False,0.47726053,1773803087.350927,321.3439,229.93341,71.17483,27.150204,0.15343498,,,,,,,,,,,0.0,0.0,0.0,0.0,0.0,0.0
1773803089.0011947,False,0.47726053,1773803087.350927,321.3439,229.93341,71.17483,27.150204,0.15343498,,,,,,,,,,,0.0,0.0,0.0,0.0,0.0,0.0
1773803089.0107508,False,0.47726053,1773803087.350927,321.3439,229.93341,71.17483,27.150204,0.15343498,,,,,,,,,,,0.0,0.0,0.0,0.0,0.0,0.0
1773803089.0208108,False,0.47726053,1773803087.350927,321.3439,229.93341,71.17483,27.150204,0.15343498,,,,,,,,,,,0.0,0.0,0.0,0.0,0.0,0.0
1773803089.0307326,False,0.47726053,1773803087.350927,321.3439,229.93341,71.17483,27.150204,0.15343498,,,,,,,,,,,0.0,0.0,0.0,0.0,0.0,0.0
1773803089.0405989,False,0.47726053,1773803087.350927,321.3439,229.93341,71.17483,27.150204,0.15343498,,,,,,,,,,,0.0,0.0,0.0,0.0,0.0,0.0
1773803089.0508265,False,0.47726053,1773803087.350927,321.3439,229.93341,71.17483,27.150204,0.15343498,,,,,,,,,,,0.0,0.0,0.0,0.0,0.0,0.0
1773803089.0607243,False,0.47726053,1773803087.350927,321.3439,229.93341,71.17483,27.150204,0.15343498,,,,,,,,,,,0.0,0.0,0.0,0.0,0.0,0.0
1773803089.0706584,False,0.47726053,1773803087.350927,321.3439,229.93341,71.17483,27.150204,0.15343498,,,,,,,,,,,0.0,0.0,0.0,0.0,0.0,0.0
1773803089.08096,False,0.47726053,1773803087.350927,321.3439,229.93341,71.17483,27.150204,0.15343498,,,,,,,,,,,0.0,0.0,0.0,0.0,0.0,0.0
1773803089.090951,False,0.47726053,1773803087.350927,321.3439,229.93341,71.17483,27.150204,0.15343498,,,,,,,,,,,0.0,0.0,0.0,0.0,0.0,0.0
1773803089.1005633,False,0.47726053,1773803087.350927,321.3439,229.93341,71.17483,27.150204,0.15343498,,,,,,,,,,,0.0,0.0,0.0,0.0,0.0,0.0
1773803089.1108444,False,0.47726053,1773803087.350927,321.3439,229.93341,71.17483,27.150204,0.15343498,,,,,,,,,,,0.0,0.0,0.0,0.0,0.0,0.0
1773803089.120517,False,0.47726053,1773803087.350927,321.3439,229.93341,71.17483,27.150204,0.15343498,,,,,,,,,,,0.0,0.0,0.0,0.0,0.0,0.0
1773803089.1308193,False,0.47726053,1773803087.350927,321.3439,229.93341,71.17483,27.150204,0.15343498,,,,,,,,,,,0.0,0.0,0.0,0.0,0.0,0.0
1773803089.1409805,False,0.47726053,1773803087.350927,321.3439,229.93341,71.17483,27.150204,0.15343498,,,,,,,,,,,0.0,0.0,0.0,0.0,0.0,0.0
1773803089.1504476,False,0.47726053,1773803087.350927,321.3439,229.93341,71.17483,27.150204,0.15343498,,,,,,,,,,,0.0,0.0,0.0,0.0,0.0,0.0
1773803089.1610234,False,0.47726053,1773803087.350927,321.3439,229.93341,71.17483,27.150204,0.15343498,,,,,,,,,,,0.0,0.0,0.0,0.0,0.0,0.0
1773803089.170913,False,0.47726053,1773803087.350927,321.3439,229.93341,71.17483,27.150204,0.15343498,,,,,,,,,,,0.0,0.0,0.0,0.0,0.0,0.0
1773803089.1809697,False,0.47726053,1773803087.350927,321.3439,229.93341,71.17483,27.150204,0.15343498,,,,,,,,,,,0.0,0.0,0.0,0.0,0.0,0.0
1773803089.190601,False,0.47726053,1773803087.350927,321.3439,229.93341,71.17483,27.150204,0.15343498,,,,,,,,,,,0.0,0.0,0.0,0.0,0.0,0.0
1773803089.2007275,False,0.47726053,1773803087.350927,321.3439,229.93341,71.17483,27.150204,0.15343498,,,,,,,,,,,0.0,0.0,0.0,0.0,0.0,0.0
1773803089.2106597,False,0.47726053,1773803087.350927,321.3439,229.93341,71.17483,27.150204,0.15343498,,,,,,,,,,,0.0,0.0,0.0,0.0,0.0,0.0
1773803089.220992,False,0.47726053,1773803087.350927,321.3439,229.93341,71.17483,27.150204,0.15343498,,,,,,,,,,,0.0,0.0,0.0,0.0,0.0,0.0
1773803089.230588,False,0.47726053,1773803087.350927,321.3439,229.93341,71.17483,27.150204,0.15343498,,,,,,,,,,,0.0,0.0,0.0,0.0,0.0,0.0
1773803089.240761,False,0.47726053,1773803087.350927,321.3439,229.93341,71.17483,27.150204,0.15343498,,,,,,,,,,,0.0,0.0,0.0,0.0,0.0,0.0
1773803089.2508328,False,0.47726053,1773803087.350927,321.3439,229.93341,71.17483,27.150204,0.15343498,,,,,,,,,,,0.0,0.0,0.0,0.0,0.0,0.0
1773803089.2603927,False,0.47726053,1773803087.350927,321.3439,229.93341,71.17483,27.150204,0.15343498,,,,,,,,,,,0.0,0.0,0.0,0.0,0.0,0.0
1773803089.2704287,False,0.47726053,1773803087.350927,321.3439,229.93341,71.17483,27.150204,0.15343498,,,,,,,,,,,0.0,0.0,0.0,0.0,0.0,0.0
1773803089.28065,False,0.47726053,1773803087.350927,321.3439,229.93341,71.17483,27.150204,0.15343498,,,,,,,,,,,0.0,0.0,0.0,0.0,0.0,0.0
1773803089.2908149,False,0.47726053,1773803087.350927,321.3439,229.93341,71.17483,27.150204,0.15343498,,,,,,,,,,,0.0,0.0,0.0,0.0,0.0,0.0
1773803089.300768,False,0.47726053,1773803087.350927,321.3439,229.93341,71.17483,27.150204,0.15343498,,,,,,,,,,,0.0,0.0,0.0,0.0,0.0,0.0
1773803089.3106923,False,0.47726053,1773803087.350927,321.3439,229.93341,71.17483,27.150204,0.15343498,,,,,,,,,,,0.0,0.0,0.0,0.0,0.0,0.0
1773803089.320549,False,0.47726053,1773803087.350927,321.3439,229.93341,71.17483,27.150204,0.15343498,,,,,,,,,,,0.0,0.0,0.0,0.0,0.0,0.0
1773803089.3305922,False,0.47726053,1773803087.350927,321.3439,229.93341,71.17483,27.150204,0.15343498,,,,,,,,,,,0.0,0.0,0.0,0.0,0.0,0.0
1773803089.3406885,False,0.47726053,1773803087.350927,321.3439,229.93341,71.17483,27.150204,0.15343498,,,,,,,,,,,0.0,0.0,0.0,0.0,0.0,0.0
1773803089.3503163,False,0.47726053,1773803087.350927,321.3439,229.93341,71.17483,27.150204,0.15343498,,,,,,,,,,,0.0,0.0,0.0,0.0,0.0,0.0
1773803089.3607283,False,0.47726053,1773803087.350927,321.3439,229.93341,71.17483,27.150204,0.15343498,,,,,,,,,,,0.0,0.0,0.0,0.0,0.0,0.0
1773803089.3706443,False,0.47726053,1773803087.350927,321.3439,229.93341,71.17483,27.150204,0.15343498,,,,,,,,,,,0.0,0.0,0.0,0.0,0.0,0.0
1773803089.380824,False,0.47726053,1773803087.350927,321.3439,229.93341,71.17483,27.150204,0.15343498,,,,,,,,,,,0.0,0.0,0.0,0.0,0.0,0.0
1773803089.3905973,False,0.47726053,1773803087.350927,321.3439,229.93341,71.17483,27.150204,0.15343498,,,,,,,,,,,0.0,0.0,0.0,0.0,0.0,0.0
1773803089.400643,False,0.47726053,1773803087.350927,321.3439,229.93341,71.17483,27.150204,0.15343498,,,,,,,,,,,0.0,0.0,0.0,0.0,0.0,0.0
1773803089.410936,False,0.47726053,1773803087.350927,321.3439,229.93341,71.17483,27.150204,0.15343498,,,,,,,,,,,0.0,0.0,0.0,0.0,0.0,0.0
1773803089.4207587,False,0.47726053,1773803087.350927,321.3439,229.93341,71.17483,27.150204,0.15343498,,,,,,,,,,,0.0,0.0,0.0,0.0,0.0,0.0
1773803089.430674,False,0.47726053,1773803087.350927,321.3439,229.93341,71.17483,27.150204,0.15343498,,,,,,,,,,,0.0,0.0,0.0,0.0,0.0,0.0
1773803089.440843,False,0.47726053,1773803087.350927,321.3439,229.93341,71.17483,27.150204,0.15343498,,,,,,,,,,,0.0,0.0,0.0,0.0,0.0,0.0
1773803089.4506383,False,0.47726053,1773803087.350927,321.3439,229.93341,71.17483,27.150204,0.15343498,,,,,,,,,,,0.0,0.0,0.0,0.0,0.0,0.0
1773803089.4607167,False,0.47726053,1773803087.350927,321.3439,229.93341,71.17483,27.150204,0.15343498,,,,,,,,,,,0.0,0.0,0.0,0.0,0.0,0.0
1773803089.4711192,False,0.47726053,1773803087.350927,321.3439,229.93341,71.17483,27.150204,0.15343498,,,,,,,,,,,0.0,0.0,0.0,0.0,0.0,0.0
1773803089.4808154,False,0.47726053,1773803087.350927,321.3439,229.93341,71.17483,27.150204,0.15343498,,,,,,,,,,,0.0,0.0,0.0,0.0,0.0,0.0
1773803089.4903765,False,0.47726053,1773803087.350927,321.3439,229.93341,71.17483,27.150204,0.15343498,,,,,,,,,,,0.0,0.0,0.0,0.0,0.0,0.0
1773803089.500505,False,0.47726053,1773803087.350927,321.3439,229.93341,71.17483,27.150204,0.15343498,,,,,,,,,,,0.0,0.0,0.0,0.0,0.0,0.0
1773803089.5108235,False,0.47726053,1773803087.350927,321.3439,229.93341,71.17483,27.150204,0.15343498,,,,,,,,,,,0.0,0.0,0.0,0.0,0.0,0.0
1773803089.5211406,False,0.47726053,1773803087.350927,321.3439,229.93341,71.17483,27.150204,0.15343498,,,,,,,,,,,0.0,0.0,0.0,0.0,0.0,0.0
1773803089.5307395,False,0.47726053,1773803087.350927,321.3439,229.93341,71.17483,27.150204,0.15343498,,,,,,,,,,,0.0,0.0,0.0,0.0,0.0,0.0
1773803089.5404036,False,0.47726053,1773803087.350927,321.3439,229.93341,71.17483,27.150204,0.15343498,,,,,,,,,,,0.0,0.0,0.0,0.0,0.0,0.0
1773803089.550342,False,0.47726053,1773803087.350927,321.3439,229.93341,71.17483,27.150204,0.15343498,,,,,,,,,,,0.0,0.0,0.0,0.0,0.0,0.0
1773803089.5607193,False,0.47726053,1773803087.350927,321.3439,229.93341,71.17483,27.150204,0.15343498,,,,,,,,,,,0.0,0.0,0.0,0.0,0.0,0.0
1773803089.5706403,False,0.47726053,1773803087.350927,321.3439,229.93341,71.17483,27.150204,0.15343498,,,,,,,,,,,0.0,0.0,0.0,0.0,0.0,0.0
1773803089.580697,False,0.47726053,1773803087.350927,321.3439,229.93341,71.17483,27.150204,0.15343498,,,,,,,,,,,0.0,0.0,0.0,0.0,0.0,0.0
1773803089.5909195,False,0.47726053,1773803087.350927,321.3439,229.93341,71.17483,27.150204,0.15343498,,,,,,,,,,,0.0,0.0,0.0,0.0,0.0,0.0
1773803089.6003318,False,0.47726053,1773803087.350927,321.3439,229.93341,71.17483,27.150204,0.15343498,,,,,,,,,,,0.0,0.0,0.0,0.0,0.0,0.0
1773803089.61066,False,0.47726053,1773803087.350927,321.3439,229.93341,71.17483,27.150204,0.15343498,,,,,,,,,,,0.0,0.0,0.0,0.0,0.0,0.0
1773803089.6204422,False,0.47726053,1773803087.350927,321.3439,229.93341,71.17483,27.150204,0.15343498,,,,,,,,,,,0.0,0.0,0.0,0.0,0.0,0.0
1773803089.6306903,False,0.47726053,1773803087.350927,321.3439,229.93341,71.17483,27.150204,0.15343498,,,,,,,,,,,0.0,0.0,0.0,0.0,0.0,0.0
1773803089.6404252,False,0.47726053,1773803087.350927,321.3439,229.93341,71.17483,27.150204,0.15343498,,,,,,,,,,,0.0,0.0,0.0,0.0,0.0,0.0
1773803089.6505775,False,0.47726053,1773803087.350927,321.3439,229.93341,71.17483,27.150204,0.15343498,,,,,,,,,,,0.0,0.0,0.0,0.0,0.0,0.0
1773803089.6606748,False,0.47726053,1773803087.350927,321.3439,229.93341,71.17483,27.150204,0.15343498,,,,,,,,,,,0.0,0.0,0.0,0.0,0.0,0.0
1773803089.6708407,False,0.47726053,1773803087.350927,321.3439,229.93341,71.17483,27.150204,0.15343498,,,,,,,,,,,0.0,0.0,0.0,0.0,0.0,0.0
1773803089.6815386,False,0.47726053,1773803087.350927,321.3439,229.93341,71.17483,27.150204,0.15343498,,,,,,,,,,,0.0,0.0,0.0,0.0,0.0,0.0
1773803089.6915727,False,0.47726053,1773803087.350927,321.3439,229.93341,71.17483,27.150204,0.15343498,,,,,,,,,,,0.0,0.0,0.0,0.0,0.0,0.0
1773803089.700654,False,0.47726053,1773803087.350927,321.3439,229.93341,71.17483,27.150204,0.15343498,,,,,,,,,,,0.0,0.0,0.0,0.0,0.0,0.0
1773803089.710787,False,0.47726053,1773803087.350927,321.3439,229.93341,71.17483,27.150204,0.15343498,,,,,,,,,,,0.0,0.0,0.0,0.0,0.0,0.0
1773803089.7210164,False,0.47726053,1773803087.350927,321.3439,229.93341,71.17483,27.150204,0.15343498,,,,,,,,,,,0.0,0.0,0.0,0.0,0.0,0.0
1773803089.7307727,False,0.47726053,1773803087.350927,321.3439,229.93341,71.17483,27.150204,0.15343498,,,,,,,,,,,0.0,0.0,0.0,0.0,0.0,0.0
1773803089.7408028,False,0.47726053,1773803087.350927,321.3439,229.93341,71.17483,27.150204,0.15343498,,,,,,,,,,,0.0,0.0,0.0,0.0,0.0,0.0
1773803089.7508452,False,0.47726053,1773803087.350927,321.3439,229.93341,71.17483,27.150204,0.15343498,,,,,,,,,,,0.0,0.0,0.0,0.0,0.0,0.0
1773803089.7609015,False,0.47726053,1773803087.350927,321.3439,229.93341,71.17483,27.150204,0.15343498,,,,,,,,,,,0.0,0.0,0.0,0.0,0.0,0.0
1773803089.7709427,False,0.47726053,1773803087.350927,321.3439,229.93341,71.17483,27.150204,0.15343498,,,,,,,,,,,0.0,0.0,0.0,0.0,0.0,0.0
1773803089.7805893,False,0.47726053,1773803087.350927,321.3439,229.93341,71.17483,27.150204,0.15343498,,,,,,,,,,,0.0,0.0,0.0,0.0,0.0,0.0
1773803089.7909007,False,0.47726053,1773803087.350927,321.3439,229.93341,71.17483,27.150204,0.15343498,,,,,,,,,,,0.0,0.0,0.0,0.0,0.0,0.0
1773803089.8006554,False,0.47726053,1773803087.350927,321.3439,229.93341,71.17483,27.150204,0.15343498,,,,,,,,,,,0.0,0.0,0.0,0.0,0.0,0.0
1773803089.8112972,False,0.47726053,1773803087.350927,321.3439,229.93341,71.17483,27.150204,0.15343498,,,,,,,,,,,0.0,0.0,0.0,0.0,0.0,0.0
1773803089.8206947,False,0.47726053,1773803087.350927,321.3439,229.93341,71.17483,27.150204,0.15343498,,,,,,,,,,,0.0,0.0,0.0,0.0,0.0,0.0
1773803089.8305006,False,0.47726053,1773803087.350927,321.3439,229.93341,71.17483,27.150204,0.15343498,,,,,,,,,,,0.0,0.0,0.0,0.0,0.0,0.0
1773803089.8409255,False,0.47726053,1773803087.350927,321.3439,229.93341,71.17483,27.150204,0.15343498,,,,,,,,,,,0.0,0.0,0.0,0.0,0.0,0.0
1773803089.8507278,False,0.47726053,1773803087.350927,321.3439,229.93341,71.17483,27.150204,0.15343498,,,,,,,,,,,0.0,0.0,0.0,0.0,0.0,0.0
1773803089.8608122,False,0.47726053,1773803087.350927,321.3439,229.93341,71.17483,27.150204,0.15343498,,,,,,,,,,,0.0,0.0,0.0,0.0,0.0,0.0
1773803089.8708458,False,0.47726053,1773803087.350927,321.3439,229.93341,71.17483,27.150204,0.15343498,,,,,,,,,,,0.0,0.0,0.0,0.0,0.0,0.0
1773803089.8808813,False,0.47726053,1773803087.350927,321.3439,229.93341,71.17483,27.150204,0.15343498,,,,,,,,,,,0.0,0.0,0.0,0.0,0.0,0.0
1773803089.8905017,False,0.47726053,1773803087.350927,321.3439,229.93341,71.17483,27.150204,0.15343498,,,,,,,,,,,0.0,0.0,0.0,0.0,0.0,0.0
1773803089.9004283,False,0.47726053,1773803087.350927,321.3439,229.93341,71.17483,27.150204,0.15343498,,,,,,,,,,,0.0,0.0,0.0,0.0,0.0,0.0
1773803089.9108548,False,0.47726053,1773803087.350927,321.3439,229.93341,71.17483,27.150204,0.15343498,,,,,,,,,,,0.0,0.0,0.0,0.0,0.0,0.0
1773803089.920929,False,0.47726053,1773803087.350927,321.3439,229.93341,71.17483,27.150204,0.15343498,,,,,,,,,,,0.0,0.0,0.0,0.0,0.0,0.0
1773803089.9302433,False,0.47726053,1773803087.350927,321.3439,229.93341,71.17483,27.150204,0.15343498,,,,,,,,,,,0.0,0.0,0.0,0.0,0.0,0.0
1773803089.9410553,False,0.47726053,1773803087.350927,321.3439,229.93341,71.17483,27.150204,0.15343498,,,,,,,,,,,0.0,0.0,0.0,0.0,0.0,0.0
1773803089.9505987,False,0.47726053,1773803087.350927,321.3439,229.93341,71.17483,27.150204,0.15343498,,,,,,,,,,,0.0,0.0,0.0,0.0,0.0,0.0
1773803089.9606538,False,0.47726053,1773803087.350927,321.3439,229.93341,71.17483,27.150204,0.15343498,,,,,,,,,,,0.0,0.0,0.0,0.0,0.0,0.0
1773803089.9706519,False,0.47726053,1773803087.350927,321.3439,229.93341,71.17483,27.150204,0.15343498,,,,,,,,,,,0.0,0.0,0.0,0.0,0.0,0.0
1773803089.9807336,False,0.47726053,1773803087.350927,321.3439,229.93341,71.17483,27.150204,0.15343498,,,,,,,,,,,0.0,0.0,0.0,0.0,0.0,0.0
1773803089.9907236,False,0.47726053,1773803087.350927,321.3439,229.93341,71.17483,27.150204,0.15343498,,,,,,,,,,,0.0,0.0,0.0,0.0,0.0,0.0
1773803090.0006568,False,0.47726053,1773803087.350927,321.3439,229.93341,71.17483,27.150204,0.15343498,,,,,,,,,,,0.0,0.0,0.0,0.0,0.0,0.0
1773803090.0106132,False,0.47726053,1773803087.350927,321.3439,229.93341,71.17483,27.150204,0.15343498,,,,,,,,,,,0.0,0.0,0.0,0.0,0.0,0.0
1773803090.0207107,False,0.47726053,1773803087.350927,321.3439,229.93341,71.17483,27.150204,0.15343498,,,,,,,,,,,0.0,0.0,0.0,0.0,0.0,0.0
1773803090.0305212,False,0.47726053,1773803087.350927,321.3439,229.93341,71.17483,27.150204,0.15343498,,,,,,,,,,,0.0,0.0,0.0,0.0,0.0,0.0
1773803090.040619,False,0.47726053,1773803087.350927,321.3439,229.93341,71.17483,27.150204,0.15343498,,,,,,,,,,,0.0,0.0,0.0,0.0,0.0,0.0
1773803090.0507998,False,0.47726053,1773803087.350927,321.3439,229.93341,71.17483,27.150204,0.15343498,,,,,,,,,,,0.0,0.0,0.0,0.0,0.0,0.0
1773803090.0602946,False,0.47726053,1773803087.350927,321.3439,229.93341,71.17483,27.150204,0.15343498,,,,,,,,,,,0.0,0.0,0.0,0.0,0.0,0.0
1773803090.0705214,False,0.47726053,1773803087.350927,321.3439,229.93341,71.17483,27.150204,0.15343498,,,,,,,,,,,0.0,0.0,0.0,0.0,0.0,0.0
1773803090.0808015,False,0.47726053,1773803087.350927,321.3439,229.93341,71.17483,27.150204,0.15343498,,,,,,,,,,,0.0,0.0,0.0,0.0,0.0,0.0
1773803090.0908456,False,0.47726053,1773803087.350927,321.3439,229.93341,71.17483,27.150204,0.15343498,,,,,,,,,,,0.0,0.0,0.0,0.0,0.0,0.0
1773803090.1003988,False,0.47726053,1773803087.350927,321.3439,229.93341,71.17483,27.150204,0.15343498,,,,,,,,,,,0.0,0.0,0.0,0.0,0.0,0.0
1773803090.110944,False,0.47726053,1773803087.350927,321.3439,229.93341,71.17483,27.150204,0.15343498,,,,,,,,,,,0.0,0.0,0.0,0.0,0.0,0.0
1773803090.1205053,False,0.47726053,1773803087.350927,321.3439,229.93341,71.17483,27.150204,0.15343498,,,,,,,,,,,0.0,0.0,0.0,0.0,0.0,0.0
1773803090.1306427,False,0.47726053,1773803087.350927,321.3439,229.93341,71.17483,27.150204,0.15343498,,,,,,,,,,,0.0,0.0,0.0,0.0,0.0,0.0
1773803090.1406167,False,0.47726053,1773803087.350927,321.3439,229.93341,71.17483,27.150204,0.15343498,,,,,,,,,,,0.0,0.0,0.0,0.0,0.0,0.0
1773803090.150664,False,0.47726053,1773803087.350927,321.3439,229.93341,71.17483,27.150204,0.15343498,,,,,,,,,,,0.0,0.0,0.0,0.0,0.0,0.0
1773803090.1605642,False,0.47726053,1773803087.350927,321.3439,229.93341,71.17483,27.150204,0.15343498,,,,,,,,,,,0.0,0.0,0.0,0.0,0.0,0.0
1773803090.1704552,False,0.47726053,1773803087.350927,321.3439,229.93341,71.17483,27.150204,0.15343498,,,,,,,,,,,0.0,0.0,0.0,0.0,0.0,0.0
1773803090.1807332,False,0.47726053,1773803087.350927,321.3439,229.93341,71.17483,27.150204,0.15343498,,,,,,,,,,,0.0,0.0,0.0,0.0,0.0,0.0
1773803090.190593,False,0.47726053,1773803087.350927,321.3439,229.93341,71.17483,27.150204,0.15343498,,,,,,,,,,,0.0,0.0,0.0,0.0,0.0,0.0
1773803090.200321,False,0.47726053,1773803087.350927,321.3439,229.93341,71.17483,27.150204,0.15343498,,,,,,,,,,,0.0,0.0,0.0,0.0,0.0,0.0
1773803090.2103455,False,0.47726053,1773803087.350927,321.3439,229.93341,71.17483,27.150204,0.15343498,,,,,,,,,,,0.0,0.0,0.0,0.0,0.0,0.0
1773803090.2206373,False,0.47726053,1773803087.350927,321.3439,229.93341,71.17483,27.150204,0.15343498,,,,,,,,,,,0.0,0.0,0.0,0.0,0.0,0.0
1773803090.2306693,False,0.47726053,1773803087.350927,321.3439,229.93341,71.17483,27.150204,0.15343498,,,,,,,,,,,0.0,0.0,0.0,0.0,0.0,0.0
1773803090.240555,False,0.47726053,1773803087.350927,321.3439,229.93341,71.17483,27.150204,0.15343498,,,,,,,,,,,0.0,0.0,0.0,0.0,0.0,0.0
1773803090.250599,False,0.47726053,1773803087.350927,321.3439,229.93341,71.17483,27.150204,0.15343498,,,,,,,,,,,0.0,0.0,0.0,0.0,0.0,0.0
1773803090.2604666,False,0.47726053,1773803087.350927,321.3439,229.93341,71.17483,27.150204,0.15343498,,,,,,,,,,,0.0,0.0,0.0,0.0,0.0,0.0
1773803090.2709942,False,0.47726053,1773803087.350927,321.3439,229.93341,71.17483,27.150204,0.15343498,,,,,,,,,,,0.0,0.0,0.0,0.0,0.0,0.0
1773803090.2805445,False,0.47726053,1773803087.350927,321.3439,229.93341,71.17483,27.150204,0.15343498,,,,,,,,,,,0.0,0.0,0.0,0.0,0.0,0.0
1773803090.290515,False,0.47726053,1773803087.350927,321.3439,229.93341,71.17483,27.150204,0.15343498,,,,,,,,,,,0.0,0.0,0.0,0.0,0.0,0.0
1773803090.3005118,False,0.47726053,1773803087.350927,321.3439,229.93341,71.17483,27.150204,0.15343498,,,,,,,,,,,0.0,0.0,0.0,0.0,0.0,0.0
1773803090.3108792,False,0.47726053,1773803087.350927,321.3439,229.93341,71.17483,27.150204,0.15343498,,,,,,,,,,,0.0,0.0,0.0,0.0,0.0,0.0
1773803090.3205955,False,0.47726053,1773803087.350927,321.3439,229.93341,71.17483,27.150204,0.15343498,,,,,,,,,,,0.0,0.0,0.0,0.0,0.0,0.0
1773803090.3307614,False,0.47726053,1773803087.350927,321.3439,229.93341,71.17483,27.150204,0.15343498,,,,,,,,,,,0.0,0.0,0.0,0.0,0.0,0.0
1773803090.3406265,False,0.47726053,1773803087.350927,321.3439,229.93341,71.17483,27.150204,0.15343498,,,,,,,,,,,0.0,0.0,0.0,0.0,0.0,0.0
1773803090.3502777,False,0.47726053,1773803087.350927,321.3439,229.93341,71.17483,27.150204,0.15343498,,,,,,,,,,,0.0,0.0,0.0,0.0,0.0,0.0
1773803090.3615716,False,0.47726053,1773803087.350927,321.3439,229.93341,71.17483,27.150204,0.15343498,,,,,,,,,,,0.0,0.0,0.0,0.0,0.0,0.0
1773803090.3706229,False,0.47726053,1773803087.350927,321.3439,229.93341,71.17483,27.150204,0.15343498,,,,,,,,,,,0.0,0.0,0.0,0.0,0.0,0.0
1773803090.3808472,False,0.47726053,1773803087.350927,321.3439,229.93341,71.17483,27.150204,0.15343498,,,,,,,,,,,0.0,0.0,0.0,0.0,0.0,0.0
1773803090.3906982,False,0.47726053,1773803087.350927,321.3439,229.93341,71.17483,27.150204,0.15343498,,,,,,,,,,,0.0,0.0,0.0,0.0,0.0,0.0
1773803090.4004462,False,0.47726053,1773803087.350927,321.3439,229.93341,71.17483,27.150204,0.15343498,,,,,,,,,,,0.0,0.0,0.0,0.0,0.0,0.0
1773803090.4105828,False,0.47726053,1773803087.350927,321.3439,229.93341,71.17483,27.150204,0.15343498,,,,,,,,,,,0.0,0.0,0.0,0.0,0.0,0.0
1773803090.4206371,False,0.47726053,1773803087.350927,321.3439,229.93341,71.17483,27.150204,0.15343498,,,,,,,,,,,0.0,0.0,0.0,0.0,0.0,0.0
1773803090.430775,False,0.47726053,1773803087.350927,321.3439,229.93341,71.17483,27.150204,0.15343498,,,,,,,,,,,0.0,0.0,0.0,0.0,0.0,0.0
1773803090.440682,False,0.47726053,1773803087.350927,321.3439,229.93341,71.17483,27.150204,0.15343498,,,,,,,,,,,0.0,0.0,0.0,0.0,0.0,0.0
1773803090.450866,False,0.47726053,1773803087.350927,321.3439,229.93341,71.17483,27.150204,0.15343498,,,,,,,,,,,0.0,0.0,0.0,0.0,0.0,0.0
1773803090.4610145,False,0.47726053,1773803087.350927,321.3439,229.93341,71.17483,27.150204,0.15343498,,,,,,,,,,,0.0,0.0,0.0,0.0,0.0,0.0
1773803090.4707084,False,0.47726053,1773803087.350927,321.3439,229.93341,71.17483,27.150204,0.15343498,,,,,,,,,,,0.0,0.0,0.0,0.0,0.0,0.0
1773803090.4804692,False,0.47726053,1773803087.350927,321.3439,229.93341,71.17483,27.150204,0.15343498,,,,,,,,,,,0.0,0.0,0.0,0.0,0.0,0.0
1773803090.4905355,False,0.47726053,1773803087.350927,321.3439,229.93341,71.17483,27.150204,0.15343498,,,,,,,,,,,0.0,0.0,0.0,0.0,0.0,0.0
1773803090.5009925,False,0.47726053,1773803087.350927,321.3439,229.93341,71.17483,27.150204,0.15343498,,,,,,,,,,,0.0,0.0,0.0,0.0,0.0,0.0
1773803090.5107424,False,0.47726053,1773803087.350927,321.3439,229.93341,71.17483,27.150204,0.15343498,,,,,,,,,,,0.0,0.0,0.0,0.0,0.0,0.0
1773803090.520654,False,0.47726053,1773803087.350927,321.3439,229.93341,71.17483,27.150204,0.15343498,,,,,,,,,,,0.0,0.0,0.0,0.0,0.0,0.0
1773803090.5308335,False,0.47726053,1773803087.350927,321.3439,229.93341,71.17483,27.150204,0.15343498,,,,,,,,,,,0.0,0.0,0.0,0.0,0.0,0.0
1773803090.5406487,False,0.47726053,1773803087.350927,321.3439,229.93341,71.17483,27.150204,0.15343498,,,,,,,,,,,0.0,0.0,0.0,0.0,0.0,0.0
1773803090.5508103,False,0.47726053,1773803087.350927,321.3439,229.93341,71.17483,27.150204,0.15343498,,,,,,,,,,,0.0,0.0,0.0,0.0,0.0,0.0
1773803090.5604415,False,0.47726053,1773803087.350927,321.3439,229.93341,71.17483,27.150204,0.15343498,,,,,,,,,,,0.0,0.0,0.0,0.0,0.0,0.0
1773803090.5703745,False,0.47726053,1773803087.350927,321.3439,229.93341,71.17483,27.150204,0.15343498,,,,,,,,,,,0.0,0.0,0.0,0.0,0.0,0.0
1773803090.5805635,False,0.47726053,1773803087.350927,321.3439,229.93341,71.17483,27.150204,0.15343498,,,,,,,,,,,0.0,0.0,0.0,0.0,0.0,0.0
1773803090.5903964,False,0.47726053,1773803087.350927,321.3439,229.93341,71.17483,27.150204,0.15343498,,,,,,,,,,,0.0,0.0,0.0,0.0,0.0,0.0
1773803090.6006124,False,0.47726053,1773803087.350927,321.3439,229.93341,71.17483,27.150204,0.15343498,,,,,,,,,,,0.0,0.0,0.0,0.0,0.0,0.0
1773803090.6108186,False,0.47726053,1773803087.350927,321.3439,229.93341,71.17483,27.150204,0.15343498,,,,,,,,,,,0.0,0.0,0.0,0.0,0.0,0.0
1773803090.6205025,False,0.47726053,1773803087.350927,321.3439,229.93341,71.17483,27.150204,0.15343498,,,,,,,,,,,0.0,0.0,0.0,0.0,0.0,0.0
1773803090.6306977,False,0.47726053,1773803087.350927,321.3439,229.93341,71.17483,27.150204,0.15343498,,,,,,,,,,,0.0,0.0,0.0,0.0,0.0,0.0
1773803090.6408722,False,0.47726053,1773803087.350927,321.3439,229.93341,71.17483,27.150204,0.15343498,,,,,,,,,,,0.0,0.0,0.0,0.0,0.0,0.0
1773803090.651131,False,0.47726053,1773803087.350927,321.3439,229.93341,71.17483,27.150204,0.15343498,,,,,,,,,,,0.0,0.0,0.0,0.0,0.0,0.0
1773803090.6607997,False,0.47726053,1773803087.350927,321.3439,229.93341,71.17483,27.150204,0.15343498,,,,,,,,,,,0.0,0.0,0.0,0.0,0.0,0.0
1773803090.6708128,False,0.47726053,1773803087.350927,321.3439,229.93341,71.17483,27.150204,0.15343498,,,,,,,,,,,0.0,0.0,0.0,0.0,0.0,0.0
1773803090.6808493,False,0.47726053,1773803087.350927,321.3439,229.93341,71.17483,27.150204,0.15343498,,,,,,,,,,,0.0,0.0,0.0,0.0,0.0,0.0
1773803090.6904082,False,0.47726053,1773803087.350927,321.3439,229.93341,71.17483,27.150204,0.15343498,,,,,,,,,,,0.0,0.0,0.0,0.0,0.0,0.0
1773803090.700609,False,0.47726053,1773803087.350927,321.3439,229.93341,71.17483,27.150204,0.15343498,,,,,,,,,,,0.0,0.0,0.0,0.0,0.0,0.0
1773803090.7106466,False,0.47726053,1773803087.350927,321.3439,229.93341,71.17483,27.150204,0.15343498,,,,,,,,,,,0.0,0.0,0.0,0.0,0.0,0.0
1773803090.7208118,False,0.47726053,1773803087.350927,321.3439,229.93341,71.17483,27.150204,0.15343498,,,,,,,,,,,0.0,0.0,0.0,0.0,0.0,0.0
1773803090.7309248,False,0.47726053,1773803087.350927,321.3439,229.93341,71.17483,27.150204,0.15343498,,,,,,,,,,,0.0,0.0,0.0,0.0,0.0,0.0
1773803090.7407727,False,0.47726053,1773803087.350927,321.3439,229.93341,71.17483,27.150204,0.15343498,,,,,,,,,,,0.0,0.0,0.0,0.0,0.0,0.0
1773803090.750468,False,0.47726053,1773803087.350927,321.3439,229.93341,71.17483,27.150204,0.15343498,,,,,,,,,,,0.0,0.0,0.0,0.0,0.0,0.0
1773803090.760562,False,0.47726053,1773803087.350927,321.3439,229.93341,71.17483,27.150204,0.15343498,,,,,,,,,,,0.0,0.0,0.0,0.0,0.0,0.0
1773803090.7706077,False,0.47726053,1773803087.350927,321.3439,229.93341,71.17483,27.150204,0.15343498,,,,,,,,,,,0.0,0.0,0.0,0.0,0.0,0.0
1773803090.7805257,False,0.47726053,1773803087.350927,321.3439,229.93341,71.17483,27.150204,0.15343498,,,,,,,,,,,0.0,0.0,0.0,0.0,0.0,0.0
1773803090.7906253,False,0.47726053,1773803087.350927,321.3439,229.93341,71.17483,27.150204,0.15343498,,,,,,,,,,,0.0,0.0,0.0,0.0,0.0,0.0
1773803090.8004584,False,0.47726053,1773803087.350927,321.3439,229.93341,71.17483,27.150204,0.15343498,,,,,,,,,,,0.0,0.0,0.0,0.0,0.0,0.0
1773803090.8105826,False,0.47726053,1773803087.350927,321.3439,229.93341,71.17483,27.150204,0.15343498,,,,,,,,,,,0.0,0.0,0.0,0.0,0.0,0.0
1773803090.8206854,False,0.47726053,1773803087.350927,321.3439,229.93341,71.17483,27.150204,0.15343498,,,,,,,,,,,0.0,0.0,0.0,0.0,0.0,0.0
1773803090.8307636,False,0.47726053,1773803087.350927,321.3439,229.93341,71.17483,27.150204,0.15343498,,,,,,,,,,,0.0,0.0,0.0,0.0,0.0,0.0
1773803090.8404202,False,0.47726053,1773803087.350927,321.3439,229.93341,71.17483,27.150204,0.15343498,,,,,,,,,,,0.0,0.0,0.0,0.0,0.0,0.0
1773803090.850688,False,0.47726053,1773803087.350927,321.3439,229.93341,71.17483,27.150204,0.15343498,,,,,,,,,,,0.0,0.0,0.0,0.0,0.0,0.0
1773803090.860534,False,0.47726053,1773803087.350927,321.3439,229.93341,71.17483,27.150204,0.15343498,,,,,,,,,,,0.0,0.0,0.0,0.0,0.0,0.0
1773803090.8706315,False,0.47726053,1773803087.350927,321.3439,229.93341,71.17483,27.150204,0.15343498,,,,,,,,,,,0.0,0.0,0.0,0.0,0.0,0.0
1773803090.8806715,False,0.47726053,1773803087.350927,321.3439,229.93341,71.17483,27.150204,0.15343498,,,,,,,,,,,0.0,0.0,0.0,0.0,0.0,0.0
1773803090.8907368,False,0.47726053,1773803087.350927,321.3439,229.93341,71.17483,27.150204,0.15343498,,,,,,,,,,,0.0,0.0,0.0,0.0,0.0,0.0
1773803090.9006896,False,0.47726053,1773803087.350927,321.3439,229.93341,71.17483,27.150204,0.15343498,,,,,,,,,,,0.0,0.0,0.0,0.0,0.0,0.0
1773803090.9107761,False,0.47726053,1773803087.350927,321.3439,229.93341,71.17483,27.150204,0.15343498,,,,,,,,,,,0.0,0.0,0.0,0.0,0.0,0.0
1773803090.9204304,False,0.47726053,1773803087.350927,321.3439,229.93341,71.17483,27.150204,0.15343498,,,,,,,,,,,0.0,0.0,0.0,0.0,0.0,0.0
1773803090.930469,False,0.47726053,1773803087.350927,321.3439,229.93341,71.17483,27.150204,0.15343498,,,,,,,,,,,0.0,0.0,0.0,0.0,0.0,0.0
1773803090.9405751,False,0.47726053,1773803087.350927,321.3439,229.93341,71.17483,27.150204,0.15343498,,,,,,,,,,,0.0,0.0,0.0,0.0,0.0,0.0
1773803090.950321,False,0.47726053,1773803087.350927,321.3439,229.93341,71.17483,27.150204,0.15343498,,,,,,,,,,,0.0,0.0,0.0,0.0,0.0,0.0
1773803090.9607701,False,0.47726053,1773803087.350927,321.3439,229.93341,71.17483,27.150204,0.15343498,,,,,,,,,,,0.0,0.0,0.0,0.0,0.0,0.0
1773803090.9705496,False,0.47726053,1773803087.350927,321.3439,229.93341,71.17483,27.150204,0.15343498,,,,,,,,,,,0.0,0.0,0.0,0.0,0.0,0.0
1773803090.9807992,False,0.47726053,1773803087.350927,321.3439,229.93341,71.17483,27.150204,0.15343498,,,,,,,,,,,0.0,0.0,0.0,0.0,0.0,0.0
1773803090.9904447,False,0.47726053,1773803087.350927,321.3439,229.93341,71.17483,27.150204,0.15343498,,,,,,,,,,,0.0,0.0,0.0,0.0,0.0,0.0
1773803091.000966,False,0.47726053,1773803087.350927,321.3439,229.93341,71.17483,27.150204,0.15343498,,,,,,,,,,,0.0,0.0,0.0,0.0,0.0,0.0
1773803091.0104022,False,0.47726053,1773803087.350927,321.3439,229.93341,71.17483,27.150204,0.15343498,,,,,,,,,,,0.0,0.0,0.0,0.0,0.0,0.0
1773803091.0205915,False,0.47726053,1773803087.350927,321.3439,229.93341,71.17483,27.150204,0.15343498,,,,,,,,,,,0.0,0.0,0.0,0.0,0.0,0.0
1773803091.03092,False,0.47726053,1773803087.350927,321.3439,229.93341,71.17483,27.150204,0.15343498,,,,,,,,,,,0.0,0.0,0.0,0.0,0.0,0.0
1773803091.0404983,False,0.47726053,1773803087.350927,321.3439,229.93341,71.17483,27.150204,0.15343498,,,,,,,,,,,0.0,0.0,0.0,0.0,0.0,0.0
1773803091.0510614,False,0.47726053,1773803087.350927,321.3439,229.93341,71.17483,27.150204,0.15343498,,,,,,,,,,,0.0,0.0,0.0,0.0,0.0,0.0
1773803091.0607114,False,0.47726053,1773803087.350927,321.3439,229.93341,71.17483,27.150204,0.15343498,,,,,,,,,,,0.0,0.0,0.0,0.0,0.0,0.0
1773803091.0707438,False,0.47726053,1773803087.350927,321.3439,229.93341,71.17483,27.150204,0.15343498,,,,,,,,,,,0.0,0.0,0.0,0.0,0.0,0.0
1773803091.0804048,False,0.47726053,1773803087.350927,321.3439,229.93341,71.17483,27.150204,0.15343498,,,,,,,,,,,0.0,0.0,0.0,0.0,0.0,0.0
1773803091.0908835,False,0.47726053,1773803087.350927,321.3439,229.93341,71.17483,27.150204,0.15343498,,,,,,,,,,,0.0,0.0,0.0,0.0,0.0,0.0
1773803091.100832,False,0.47726053,1773803087.350927,321.3439,229.93341,71.17483,27.150204,0.15343498,,,,,,,,,,,0.0,0.0,0.0,0.0,0.0,0.0
1773803091.110911,False,0.47726053,1773803087.350927,321.3439,229.93341,71.17483,27.150204,0.15343498,,,,,,,,,,,0.0,0.0,0.0,0.0,0.0,0.0
1773803091.120914,False,0.47726053,1773803087.350927,321.3439,229.93341,71.17483,27.150204,0.15343498,,,,,,,,,,,0.0,0.0,0.0,0.0,0.0,0.0
1773803091.1305633,False,0.47726053,1773803087.350927,321.3439,229.93341,71.17483,27.150204,0.15343498,,,,,,,,,,,0.0,0.0,0.0,0.0,0.0,0.0
1773803091.140597,False,0.47726053,1773803087.350927,321.3439,229.93341,71.17483,27.150204,0.15343498,,,,,,,,,,,0.0,0.0,0.0,0.0,0.0,0.0
1773803091.1506732,False,0.47726053,1773803087.350927,321.3439,229.93341,71.17483,27.150204,0.15343498,,,,,,,,,,,0.0,0.0,0.0,0.0,0.0,0.0
1773803091.160682,False,0.47726053,1773803087.350927,321.3439,229.93341,71.17483,27.150204,0.15343498,,,,,,,,,,,0.0,0.0,0.0,0.0,0.0,0.0
1773803091.1707017,False,0.47726053,1773803087.350927,321.3439,229.93341,71.17483,27.150204,0.15343498,,,,,,,,,,,0.0,0.0,0.0,0.0,0.0,0.0
1773803091.1804972,False,0.47726053,1773803087.350927,321.3439,229.93341,71.17483,27.150204,0.15343498,,,,,,,,,,,0.0,0.0,0.0,0.0,0.0,0.0
1773803091.190888,False,0.47726053,1773803087.350927,321.3439,229.93341,71.17483,27.150204,0.15343498,,,,,,,,,,,0.0,0.0,0.0,0.0,0.0,0.0
1773803091.200638,False,0.47726053,1773803087.350927,321.3439,229.93341,71.17483,27.150204,0.15343498,,,,,,,,,,,0.0,0.0,0.0,0.0,0.0,0.0
1773803091.210932,False,0.47726053,1773803087.350927,321.3439,229.93341,71.17483,27.150204,0.15343498,,,,,,,,,,,0.0,0.0,0.0,0.0,0.0,0.0
1773803091.2207794,False,0.47726053,1773803087.350927,321.3439,229.93341,71.17483,27.150204,0.15343498,,,,,,,,,,,0.0,0.0,0.0,0.0,0.0,0.0
1773803091.231343,False,0.47726053,1773803087.350927,321.3439,229.93341,71.17483,27.150204,0.15343498,,,,,,,,,,,0.0,0.0,0.0,0.0,0.0,0.0
1773803091.2409797,False,0.47726053,1773803087.350927,321.3439,229.93341,71.17483,27.150204,0.15343498,,,,,,,,,,,0.0,0.0,0.0,0.0,0.0,0.0
1773803091.2505612,False,0.47726053,1773803087.350927,321.3439,229.93341,71.17483,27.150204,0.15343498,,,,,,,,,,,0.0,0.0,0.0,0.0,0.0,0.0
1773803091.2604036,False,0.47726053,1773803087.350927,321.3439,229.93341,71.17483,27.150204,0.15343498,,,,,,,,,,,0.0,0.0,0.0,0.0,0.0,0.0
1773803091.2704577,False,0.47726053,1773803087.350927,321.3439,229.93341,71.17483,27.150204,0.15343498,,,,,,,,,,,0.0,0.0,0.0,0.0,0.0,0.0
1773803091.2804925,False,0.47726053,1773803087.350927,321.3439,229.93341,71.17483,27.150204,0.15343498,,,,,,,,,,,0.0,0.0,0.0,0.0,0.0,0.0
1773803091.2905235,False,0.47726053,1773803087.350927,321.3439,229.93341,71.17483,27.150204,0.15343498,,,,,,,,,,,0.0,0.0,0.0,0.0,0.0,0.0
1773803091.3006,False,0.47726053,1773803087.350927,321.3439,229.93341,71.17483,27.150204,0.15343498,,,,,,,,,,,0.0,0.0,0.0,0.0,0.0,0.0
1773803091.3106894,False,0.47726053,1773803087.350927,321.3439,229.93341,71.17483,27.150204,0.15343498,,,,,,,,,,,0.0,0.0,0.0,0.0,0.0,0.0
1773803091.320793,False,0.47726053,1773803087.350927,321.3439,229.93341,71.17483,27.150204,0.15343498,,,,,,,,,,,0.0,0.0,0.0,0.0,0.0,0.0
1773803091.3308525,False,0.47726053,1773803087.350927,321.3439,229.93341,71.17483,27.150204,0.15343498,,,,,,,,,,,0.0,0.0,0.0,0.0,0.0,0.0
1773803091.3414195,False,0.47726053,1773803087.350927,321.3439,229.93341,71.17483,27.150204,0.15343498,,,,,,,,,,,0.0,0.0,0.0,0.0,0.0,0.0
1773803091.350949,False,0.47726053,1773803087.350927,321.3439,229.93341,71.17483,27.150204,0.15343498,,,,,,,,,,,0.0,0.0,0.0,0.0,0.0,0.0
1773803091.3605077,False,0.47726053,1773803087.350927,321.3439,229.93341,71.17483,27.150204,0.15343498,,,,,,,,,,,0.0,0.0,0.0,0.0,0.0,0.0
1773803091.3706424,False,0.47726053,1773803087.350927,321.3439,229.93341,71.17483,27.150204,0.15343498,,,,,,,,,,,0.0,0.0,0.0,0.0,0.0,0.0
1773803091.3808944,False,0.47726053,1773803087.350927,321.3439,229.93341,71.17483,27.150204,0.15343498,,,,,,,,,,,0.0,0.0,0.0,0.0,0.0,0.0
1773803091.3906999,False,0.47726053,1773803087.350927,321.3439,229.93341,71.17483,27.150204,0.15343498,,,,,,,,,,,0.0,0.0,0.0,0.0,0.0,0.0
1773803091.4007568,False,0.47726053,1773803087.350927,321.3439,229.93341,71.17483,27.150204,0.15343498,,,,,,,,,,,0.0,0.0,0.0,0.0,0.0,0.0
1773803091.4103088,False,0.47726053,1773803087.350927,321.3439,229.93341,71.17483,27.150204,0.15343498,,,,,,,,,,,0.0,0.0,0.0,0.0,0.0,0.0
1773803091.420449,False,0.47726053,1773803087.350927,321.3439,229.93341,71.17483,27.150204,0.15343498,,,,,,,,,,,0.0,0.0,0.0,0.0,0.0,0.0
1773803091.4305093,False,0.47726053,1773803087.350927,321.3439,229.93341,71.17483,27.150204,0.15343498,,,,,,,,,,,0.0,0.0,0.0,0.0,0.0,0.0
1773803091.4406457,False,0.47726053,1773803087.350927,321.3439,229.93341,71.17483,27.150204,0.15343498,,,,,,,,,,,0.0,0.0,0.0,0.0,0.0,0.0
1773803091.450613,False,0.47726053,1773803087.350927,321.3439,229.93341,71.17483,27.150204,0.15343498,,,,,,,,,,,0.0,0.0,0.0,0.0,0.0,0.0
1773803091.4610827,False,0.47726053,1773803087.350927,321.3439,229.93341,71.17483,27.150204,0.15343498,,,,,,,,,,,0.0,0.0,0.0,0.0,0.0,0.0
1773803091.4706402,False,0.47726053,1773803087.350927,321.3439,229.93341,71.17483,27.150204,0.15343498,,,,,,,,,,,0.0,0.0,0.0,0.0,0.0,0.0
1773803091.4806273,False,0.47726053,1773803087.350927,321.3439,229.93341,71.17483,27.150204,0.15343498,,,,,,,,,,,0.0,0.0,0.0,0.0,0.0,0.0
1773803091.4908392,False,0.47726053,1773803087.350927,321.3439,229.93341,71.17483,27.150204,0.15343498,,,,,,,,,,,0.0,0.0,0.0,0.0,0.0,0.0
1773803091.501008,False,0.47726053,1773803087.350927,321.3439,229.93341,71.17483,27.150204,0.15343498,,,,,,,,,,,0.0,0.0,0.0,0.0,0.0,0.0
1773803091.511038,False,0.47726053,1773803087.350927,321.3439,229.93341,71.17483,27.150204,0.15343498,,,,,,,,,,,0.0,0.0,0.0,0.0,0.0,0.0
1773803091.5205553,False,0.47726053,1773803087.350927,321.3439,229.93341,71.17483,27.150204,0.15343498,,,,,,,,,,,0.0,0.0,0.0,0.0,0.0,0.0
1773803091.5309258,False,0.47726053,1773803087.350927,321.3439,229.93341,71.17483,27.150204,0.15343498,,,,,,,,,,,0.0,0.0,0.0,0.0,0.0,0.0
1773803091.5406876,False,0.47726053,1773803087.350927,321.3439,229.93341,71.17483,27.150204,0.15343498,,,,,,,,,,,0.0,0.0,0.0,0.0,0.0,0.0
1773803091.5508442,False,0.47726053,1773803087.350927,321.3439,229.93341,71.17483,27.150204,0.15343498,,,,,,,,,,,0.0,0.0,0.0,0.0,0.0,0.0
1773803091.5609465,False,0.47726053,1773803087.350927,321.3439,229.93341,71.17483,27.150204,0.15343498,,,,,,,,,,,0.0,0.0,0.0,0.0,0.0,0.0
1773803091.5708058,False,0.47726053,1773803087.350927,321.3439,229.93341,71.17483,27.150204,0.15343498,,,,,,,,,,,0.0,0.0,0.0,0.0,0.0,0.0
1773803091.5804324,False,0.47726053,1773803087.350927,321.3439,229.93341,71.17483,27.150204,0.15343498,,,,,,,,,,,0.0,0.0,0.0,0.0,0.0,0.0
1773803091.590614,False,0.47726053,1773803087.350927,321.3439,229.93341,71.17483,27.150204,0.15343498,,,,,,,,,,,0.0,0.0,0.0,0.0,0.0,0.0
1773803091.6006958,False,0.47726053,1773803087.350927,321.3439,229.93341,71.17483,27.150204,0.15343498,,,,,,,,,,,0.0,0.0,0.0,0.0,0.0,0.0
1773803091.6103415,False,0.47726053,1773803087.350927,321.3439,229.93341,71.17483,27.150204,0.15343498,,,,,,,,,,,0.0,0.0,0.0,0.0,0.0,0.0
1773803091.6204398,False,0.47726053,1773803087.350927,321.3439,229.93341,71.17483,27.150204,0.15343498,,,,,,,,,,,0.0,0.0,0.0,0.0,0.0,0.0
1773803091.6306043,False,0.47726053,1773803087.350927,321.3439,229.93341,71.17483,27.150204,0.15343498,,,,,,,,,,,0.0,0.0,0.0,0.0,0.0,0.0
1773803091.640653,False,0.47726053,1773803087.350927,321.3439,229.93341,71.17483,27.150204,0.15343498,,,,,,,,,,,0.0,0.0,0.0,0.0,0.0,0.0
1773803091.6508756,False,0.47726053,1773803087.350927,321.3439,229.93341,71.17483,27.150204,0.15343498,,,,,,,,,,,0.0,0.0,0.0,0.0,0.0,0.0
1773803091.6604512,False,0.47726053,1773803087.350927,321.3439,229.93341,71.17483,27.150204,0.15343498,,,,,,,,,,,0.0,0.0,0.0,0.0,0.0,0.0
1773803091.670625,False,0.47726053,1773803087.350927,321.3439,229.93341,71.17483,27.150204,0.15343498,,,,,,,,,,,0.0,0.0,0.0,0.0,0.0,0.0
1773803091.6807702,False,0.47726053,1773803087.350927,321.3439,229.93341,71.17483,27.150204,0.15343498,,,,,,,,,,,0.0,0.0,0.0,0.0,0.0,0.0
1773803091.6906352,False,0.47726053,1773803087.350927,321.3439,229.93341,71.17483,27.150204,0.15343498,,,,,,,,,,,0.0,0.0,0.0,0.0,0.0,0.0
1773803091.7007031,False,0.47726053,1773803087.350927,321.3439,229.93341,71.17483,27.150204,0.15343498,,,,,,,,,,,0.0,0.0,0.0,0.0,0.0,0.0
1773803091.710944,False,0.47726053,1773803087.350927,321.3439,229.93341,71.17483,27.150204,0.15343498,,,,,,,,,,,0.0,0.0,0.0,0.0,0.0,0.0
1773803091.720469,False,0.47726053,1773803087.350927,321.3439,229.93341,71.17483,27.150204,0.15343498,,,,,,,,,,,0.0,0.0,0.0,0.0,0.0,0.0
1773803091.7307706,False,0.47726053,1773803087.350927,321.3439,229.93341,71.17483,27.150204,0.15343498,,,,,,,,,,,0.0,0.0,0.0,0.0,0.0,0.0
1773803091.7413507,False,0.47726053,1773803087.350927,321.3439,229.93341,71.17483,27.150204,0.15343498,,,,,,,,,,,0.0,0.0,0.0,0.0,0.0,0.0
1773803091.7505972,False,0.47726053,1773803087.350927,321.3439,229.93341,71.17483,27.150204,0.15343498,,,,,,,,,,,0.0,0.0,0.0,0.0,0.0,0.0
1773803091.760466,False,0.47726053,1773803087.350927,321.3439,229.93341,71.17483,27.150204,0.15343498,,,,,,,,,,,0.0,0.0,0.0,0.0,0.0,0.0
1773803091.770879,False,0.47726053,1773803087.350927,321.3439,229.93341,71.17483,27.150204,0.15343498,,,,,,,,,,,0.0,0.0,0.0,0.0,0.0,0.0
1773803091.7807558,False,0.47726053,1773803087.350927,321.3439,229.93341,71.17483,27.150204,0.15343498,,,,,,,,,,,0.0,0.0,0.0,0.0,0.0,0.0
1773803091.7909434,False,0.47726053,1773803087.350927,321.3439,229.93341,71.17483,27.150204,0.15343498,,,,,,,,,,,0.0,0.0,0.0,0.0,0.0,0.0
1773803091.8009653,False,0.47726053,1773803087.350927,321.3439,229.93341,71.17483,27.150204,0.15343498,,,,,,,,,,,0.0,0.0,0.0,0.0,0.0,0.0
1773803091.8107164,False,0.47726053,1773803087.350927,321.3439,229.93341,71.17483,27.150204,0.15343498,,,,,,,,,,,0.0,0.0,0.0,0.0,0.0,0.0
1773803091.8204567,False,0.47726053,1773803087.350927,321.3439,229.93341,71.17483,27.150204,0.15343498,,,,,,,,,,,0.0,0.0,0.0,0.0,0.0,0.0
1773803091.8306782,False,0.47726053,1773803087.350927,321.3439,229.93341,71.17483,27.150204,0.15343498,,,,,,,,,,,0.0,0.0,0.0,0.0,0.0,0.0
1773803091.8408878,False,0.47726053,1773803087.350927,321.3439,229.93341,71.17483,27.150204,0.15343498,,,,,,,,,,,0.0,0.0,0.0,0.0,0.0,0.0
1773803091.850812,False,0.47726053,1773803087.350927,321.3439,229.93341,71.17483,27.150204,0.15343498,,,,,,,,,,,0.0,0.0,0.0,0.0,0.0,0.0
1773803091.8605082,False,0.47726053,1773803087.350927,321.3439,229.93341,71.17483,27.150204,0.15343498,,,,,,,,,,,0.0,0.0,0.0,0.0,0.0,0.0
1773803091.8707156,False,0.47726053,1773803087.350927,321.3439,229.93341,71.17483,27.150204,0.15343498,,,,,,,,,,,0.0,0.0,0.0,0.0,0.0,0.0
1773803091.8807862,False,0.47726053,1773803087.350927,321.3439,229.93341,71.17483,27.150204,0.15343498,,,,,,,,,,,0.0,0.0,0.0,0.0,0.0,0.0
1773803091.8905056,False,0.47726053,1773803087.350927,321.3439,229.93341,71.17483,27.150204,0.15343498,,,,,,,,,,,0.0,0.0,0.0,0.0,0.0,0.0
1773803091.9005573,False,0.47726053,1773803087.350927,321.3439,229.93341,71.17483,27.150204,0.15343498,,,,,,,,,,,0.0,0.0,0.0,0.0,0.0,0.0
1773803091.9108803,False,0.47726053,1773803087.350927,321.3439,229.93341,71.17483,27.150204,0.15343498,,,,,,,,,,,0.0,0.0,0.0,0.0,0.0,0.0
1773803091.9207761,False,0.47726053,1773803087.350927,321.3439,229.93341,71.17483,27.150204,0.15343498,,,,,,,,,,,0.0,0.0,0.0,0.0,0.0,0.0
1773803091.9308088,False,0.47726053,1773803087.350927,321.3439,229.93341,71.17483,27.150204,0.15343498,,,,,,,,,,,0.0,0.0,0.0,0.0,0.0,0.0
1773803091.940421,False,0.47726053,1773803087.350927,321.3439,229.93341,71.17483,27.150204,0.15343498,,,,,,,,,,,0.0,0.0,0.0,0.0,0.0,0.0
1773803091.9507341,False,0.47726053,1773803087.350927,321.3439,229.93341,71.17483,27.150204,0.15343498,,,,,,,,,,,0.0,0.0,0.0,0.0,0.0,0.0
1773803091.9605212,False,0.47726053,1773803087.350927,321.3439,229.93341,71.17483,27.150204,0.15343498,,,,,,,,,,,0.0,0.0,0.0,0.0,0.0,0.0
1773803091.97078,False,0.47726053,1773803087.350927,321.3439,229.93341,71.17483,27.150204,0.15343498,,,,,,,,,,,0.0,0.0,0.0,0.0,0.0,0.0
1773803091.9808002,False,0.47726053,1773803087.350927,321.3439,229.93341,71.17483,27.150204,0.15343498,,,,,,,,,,,0.0,0.0,0.0,0.0,0.0,0.0
1773803091.9909,False,0.47726053,1773803087.350927,321.3439,229.93341,71.17483,27.150204,0.15343498,,,,,,,,,,,0.0,0.0,0.0,0.0,0.0,0.0
1773803092.0007386,False,0.47726053,1773803087.350927,321.3439,229.93341,71.17483,27.150204,0.15343498,,,,,,,,,,,0.0,0.0,0.0,0.0,0.0,0.0
1773803092.0108137,False,0.47726053,1773803087.350927,321.3439,229.93341,71.17483,27.150204,0.15343498,,,,,,,,,,,0.0,0.0,0.0,0.0,0.0,0.0
1773803092.020803,False,0.47726053,1773803087.350927,321.3439,229.93341,71.17483,27.150204,0.15343498,,,,,,,,,,,0.0,0.0,0.0,0.0,0.0,0.0
1773803092.030384,False,0.47726053,1773803087.350927,321.3439,229.93341,71.17483,27.150204,0.15343498,,,,,,,,,,,0.0,0.0,0.0,0.0,0.0,0.0
1773803092.0403833,False,0.47726053,1773803087.350927,321.3439,229.93341,71.17483,27.150204,0.15343498,,,,,,,,,,,0.0,0.0,0.0,0.0,0.0,0.0
1773803092.05082,False,0.47726053,1773803087.350927,321.3439,229.93341,71.17483,27.150204,0.15343498,,,,,,,,,,,0.0,0.0,0.0,0.0,0.0,0.0
1773803092.0608847,False,0.47726053,1773803087.350927,321.3439,229.93341,71.17483,27.150204,0.15343498,,,,,,,,,,,0.0,0.0,0.0,0.0,0.0,0.0
1773803092.0704498,False,0.47726053,1773803087.350927,321.3439,229.93341,71.17483,27.150204,0.15343498,,,,,,,,,,,0.0,0.0,0.0,0.0,0.0,0.0
1773803092.0806794,False,0.47726053,1773803087.350927,321.3439,229.93341,71.17483,27.150204,0.15343498,,,,,,,,,,,0.0,0.0,0.0,0.0,0.0,0.0
1773803092.0912828,False,0.47726053,1773803087.350927,321.3439,229.93341,71.17483,27.150204,0.15343498,,,,,,,,,,,0.0,0.0,0.0,0.0,0.0,0.0
1773803092.100325,False,0.47726053,1773803087.350927,321.3439,229.93341,71.17483,27.150204,0.15343498,,,,,,,,,,,0.0,0.0,0.0,0.0,0.0,0.0
1773803092.110597,False,0.47726053,1773803087.350927,321.3439,229.93341,71.17483,27.150204,0.15343498,,,,,,,,,,,0.0,0.0,0.0,0.0,0.0,0.0
1773803092.120797,False,0.47726053,1773803087.350927,321.3439,229.93341,71.17483,27.150204,0.15343498,,,,,,,,,,,0.0,0.0,0.0,0.0,0.0,0.0
1773803092.1308434,False,0.47726053,1773803087.350927,321.3439,229.93341,71.17483,27.150204,0.15343498,,,,,,,,,,,0.0,0.0,0.0,0.0,0.0,0.0
1773803092.1409495,False,0.47726053,1773803087.350927,321.3439,229.93341,71.17483,27.150204,0.15343498,,,,,,,,,,,0.0,0.0,0.0,0.0,0.0,0.0
1773803092.150719,False,0.47726053,1773803087.350927,321.3439,229.93341,71.17483,27.150204,0.15343498,,,,,,,,,,,0.0,0.0,0.0,0.0,0.0,0.0
1773803092.1609118,False,0.47726053,1773803087.350927,321.3439,229.93341,71.17483,27.150204,0.15343498,,,,,,,,,,,0.0,0.0,0.0,0.0,0.0,0.0
1773803092.170589,False,0.47726053,1773803087.350927,321.3439,229.93341,71.17483,27.150204,0.15343498,,,,,,,,,,,0.0,0.0,0.0,0.0,0.0,0.0
1773803092.1809025,False,0.47726053,1773803087.350927,321.3439,229.93341,71.17483,27.150204,0.15343498,,,,,,,,,,,0.0,0.0,0.0,0.0,0.0,0.0
1773803092.1909275,False,0.47726053,1773803087.350927,321.3439,229.93341,71.17483,27.150204,0.15343498,,,,,,,,,,,0.0,0.0,0.0,0.0,0.0,0.0
1773803092.201017,False,0.47726053,1773803087.350927,321.3439,229.93341,71.17483,27.150204,0.15343498,,,,,,,,,,,0.0,0.0,0.0,0.0,0.0,0.0
1773803092.2110603,False,0.47726053,1773803087.350927,321.3439,229.93341,71.17483,27.150204,0.15343498,,,,,,,,,,,0.0,0.0,0.0,0.0,0.0,0.0
1773803092.220739,False,0.47726053,1773803087.350927,321.3439,229.93341,71.17483,27.150204,0.15343498,,,,,,,,,,,0.0,0.0,0.0,0.0,0.0,0.0
1773803092.230328,False,0.47726053,1773803087.350927,321.3439,229.93341,71.17483,27.150204,0.15343498,,,,,,,,,,,0.0,0.0,0.0,0.0,0.0,0.0
1773803092.240768,False,0.47726053,1773803087.350927,321.3439,229.93341,71.17483,27.150204,0.15343498,,,,,,,,,,,0.0,0.0,0.0,0.0,0.0,0.0
1773803092.2508554,False,0.47726053,1773803087.350927,321.3439,229.93341,71.17483,27.150204,0.15343498,,,,,,,,,,,0.0,0.0,0.0,0.0,0.0,0.0
1773803092.2606156,False,0.47726053,1773803087.350927,321.3439,229.93341,71.17483,27.150204,0.15343498,,,,,,,,,,,0.0,0.0,0.0,0.0,0.0,0.0
1773803092.2705638,False,0.47726053,1773803087.350927,321.3439,229.93341,71.17483,27.150204,0.15343498,,,,,,,,,,,0.0,0.0,0.0,0.0,0.0,0.0
1773803092.280513,False,0.47726053,1773803087.350927,321.3439,229.93341,71.17483,27.150204,0.15343498,,,,,,,,,,,0.0,0.0,0.0,0.0,0.0,0.0
1773803092.2906227,False,0.47726053,1773803087.350927,321.3439,229.93341,71.17483,27.150204,0.15343498,,,,,,,,,,,0.0,0.0,0.0,0.0,0.0,0.0
1773803092.3010986,False,0.47726053,1773803087.350927,321.3439,229.93341,71.17483,27.150204,0.15343498,,,,,,,,,,,0.0,0.0,0.0,0.0,0.0,0.0
1773803092.3107321,False,0.47726053,1773803087.350927,321.3439,229.93341,71.17483,27.150204,0.15343498,,,,,,,,,,,0.0,0.0,0.0,0.0,0.0,0.0
1773803092.32086,False,0.47726053,1773803087.350927,321.3439,229.93341,71.17483,27.150204,0.15343498,,,,,,,,,,,0.0,0.0,0.0,0.0,0.0,0.0
1773803092.3309078,False,0.47726053,1773803087.350927,321.3439,229.93341,71.17483,27.150204,0.15343498,,,,,,,,,,,0.0,0.0,0.0,0.0,0.0,0.0
1773803092.3404458,False,0.47726053,1773803087.350927,321.3439,229.93341,71.17483,27.150204,0.15343498,,,,,,,,,,,0.0,0.0,0.0,0.0,0.0,0.0
1773803092.350525,False,0.47726053,1773803087.350927,321.3439,229.93341,71.17483,27.150204,0.15343498,,,,,,,,,,,0.0,0.0,0.0,0.0,0.0,0.0
1773803092.3606157,False,0.47726053,1773803087.350927,321.3439,229.93341,71.17483,27.150204,0.15343498,,,,,,,,,,,0.0,0.0,0.0,0.0,0.0,0.0
1773803092.370743,False,0.47726053,1773803087.350927,321.3439,229.93341,71.17483,27.150204,0.15343498,,,,,,,,,,,0.0,0.0,0.0,0.0,0.0,0.0
1773803092.3808208,False,0.47726053,1773803087.350927,321.3439,229.93341,71.17483,27.150204,0.15343498,,,,,,,,,,,0.0,0.0,0.0,0.0,0.0,0.0
1773803092.390573,False,0.47726053,1773803087.350927,321.3439,229.93341,71.17483,27.150204,0.15343498,,,,,,,,,,,0.0,0.0,0.0,0.0,0.0,0.0
1773803092.4006479,False,0.47726053,1773803087.350927,321.3439,229.93341,71.17483,27.150204,0.15343498,,,,,,,,,,,0.0,0.0,0.0,0.0,0.0,0.0
1773803092.410303,False,0.47726053,1773803087.350927,321.3439,229.93341,71.17483,27.150204,0.15343498,,,,,,,,,,,0.0,0.0,0.0,0.0,0.0,0.0
1773803092.4208875,False,0.47726053,1773803087.350927,321.3439,229.93341,71.17483,27.150204,0.15343498,,,,,,,,,,,0.0,0.0,0.0,0.0,0.0,0.0
1773803092.4309464,False,0.47726053,1773803087.350927,321.3439,229.93341,71.17483,27.150204,0.15343498,,,,,,,,,,,0.0,0.0,0.0,0.0,0.0,0.0
1773803092.4406867,False,0.47726053,1773803087.350927,321.3439,229.93341,71.17483,27.150204,0.15343498,,,,,,,,,,,0.0,0.0,0.0,0.0,0.0,0.0
1773803092.4507823,False,0.47726053,1773803087.350927,321.3439,229.93341,71.17483,27.150204,0.15343498,,,,,,,,,,,0.0,0.0,0.0,0.0,0.0,0.0
1773803092.4608884,False,0.47726053,1773803087.350927,321.3439,229.93341,71.17483,27.150204,0.15343498,,,,,,,,,,,0.0,0.0,0.0,0.0,0.0,0.0
1773803092.4707377,False,0.47726053,1773803087.350927,321.3439,229.93341,71.17483,27.150204,0.15343498,,,,,,,,,,,0.0,0.0,0.0,0.0,0.0,0.0
1773803092.4808347,False,0.47726053,1773803087.350927,321.3439,229.93341,71.17483,27.150204,0.15343498,,,,,,,,,,,0.0,0.0,0.0,0.0,0.0,0.0
1773803092.4904835,False,0.47726053,1773803087.350927,321.3439,229.93341,71.17483,27.150204,0.15343498,,,,,,,,,,,0.0,0.0,0.0,0.0,0.0,0.0
1773803092.500589,False,0.47726053,1773803087.350927,321.3439,229.93341,71.17483,27.150204,0.15343498,,,,,,,,,,,0.0,0.0,0.0,0.0,0.0,0.0
1773803092.5107331,False,0.47726053,1773803087.350927,321.3439,229.93341,71.17483,27.150204,0.15343498,,,,,,,,,,,0.0,0.0,0.0,0.0,0.0,0.0
1773803092.5202677,False,0.47726053,1773803087.350927,321.3439,229.93341,71.17483,27.150204,0.15343498,,,,,,,,,,,0.0,0.0,0.0,0.0,0.0,0.0
1773803092.5305777,False,0.47726053,1773803087.350927,321.3439,229.93341,71.17483,27.150204,0.15343498,,,,,,,,,,,0.0,0.0,0.0,0.0,0.0,0.0
1773803092.5406196,False,0.47726053,1773803087.350927,321.3439,229.93341,71.17483,27.150204,0.15343498,,,,,,,,,,,0.0,0.0,0.0,0.0,0.0,0.0
1773803092.5506825,False,0.47726053,1773803087.350927,321.3439,229.93341,71.17483,27.150204,0.15343498,,,,,,,,,,,0.0,0.0,0.0,0.0,0.0,0.0
1773803092.5606828,False,0.47726053,1773803087.350927,321.3439,229.93341,71.17483,27.150204,0.15343498,,,,,,,,,,,0.0,0.0,0.0,0.0,0.0,0.0
1773803092.5705667,False,0.47726053,1773803087.350927,321.3439,229.93341,71.17483,27.150204,0.15343498,,,,,,,,,,,0.0,0.0,0.0,0.0,0.0,0.0
1773803092.580711,False,0.47726053,1773803087.350927,321.3439,229.93341,71.17483,27.150204,0.15343498,,,,,,,,,,,0.0,0.0,0.0,0.0,0.0,0.0
1773803092.5904737,False,0.47726053,1773803087.350927,321.3439,229.93341,71.17483,27.150204,0.15343498,,,,,,,,,,,0.0,0.0,0.0,0.0,0.0,0.0
1773803092.6005273,False,0.47726053,1773803087.350927,321.3439,229.93341,71.17483,27.150204,0.15343498,,,,,,,,,,,0.0,0.0,0.0,0.0,0.0,0.0
1773803092.610691,False,0.47726053,1773803087.350927,321.3439,229.93341,71.17483,27.150204,0.15343498,,,,,,,,,,,0.0,0.0,0.0,0.0,0.0,0.0
1773803092.6206765,False,0.47726053,1773803087.350927,321.3439,229.93341,71.17483,27.150204,0.15343498,,,,,,,,,,,0.0,0.0,0.0,0.0,0.0,0.0
1773803092.6308794,False,0.47726053,1773803087.350927,321.3439,229.93341,71.17483,27.150204,0.15343498,,,,,,,,,,,0.0,0.0,0.0,0.0,0.0,0.0
1773803092.6404717,False,0.47726053,1773803087.350927,321.3439,229.93341,71.17483,27.150204,0.15343498,,,,,,,,,,,0.0,0.0,0.0,0.0,0.0,0.0
1773803092.6505132,False,0.47726053,1773803087.350927,321.3439,229.93341,71.17483,27.150204,0.15343498,,,,,,,,,,,0.0,0.0,0.0,0.0,0.0,0.0
1773803092.6605806,False,0.47726053,1773803087.350927,321.3439,229.93341,71.17483,27.150204,0.15343498,,,,,,,,,,,0.0,0.0,0.0,0.0,0.0,0.0
1773803092.6707692,False,0.47726053,1773803087.350927,321.3439,229.93341,71.17483,27.150204,0.15343498,,,,,,,,,,,0.0,0.0,0.0,0.0,0.0,0.0
1773803092.6803226,False,0.47726053,1773803087.350927,321.3439,229.93341,71.17483,27.150204,0.15343498,,,,,,,,,,,0.0,0.0,0.0,0.0,0.0,0.0
1773803092.6909356,False,0.47726053,1773803087.350927,321.3439,229.93341,71.17483,27.150204,0.15343498,,,,,,,,,,,0.0,0.0,0.0,0.0,0.0,0.0
1773803092.7004979,False,0.47726053,1773803087.350927,321.3439,229.93341,71.17483,27.150204,0.15343498,,,,,,,,,,,0.0,0.0,0.0,0.0,0.0,0.0
1773803092.7106385,False,0.47726053,1773803087.350927,321.3439,229.93341,71.17483,27.150204,0.15343498,,,,,,,,,,,0.0,0.0,0.0,0.0,0.0,0.0
1773803092.7208517,False,0.47726053,1773803087.350927,321.3439,229.93341,71.17483,27.150204,0.15343498,,,,,,,,,,,0.0,0.0,0.0,0.0,0.0,0.0
1773803092.7307098,False,0.47726053,1773803087.350927,321.3439,229.93341,71.17483,27.150204,0.15343498,,,,,,,,,,,0.0,0.0,0.0,0.0,0.0,0.0
1773803092.7406735,False,0.47726053,1773803087.350927,321.3439,229.93341,71.17483,27.150204,0.15343498,,,,,,,,,,,0.0,0.0,0.0,0.0,0.0,0.0
1773803092.7509902,False,0.47726053,1773803087.350927,321.3439,229.93341,71.17483,27.150204,0.15343498,,,,,,,,,,,0.0,0.0,0.0,0.0,0.0,0.0
1773803092.760514,False,0.47726053,1773803087.350927,321.3439,229.93341,71.17483,27.150204,0.15343498,,,,,,,,,,,0.0,0.0,0.0,0.0,0.0,0.0
1773803092.770614,False,0.47726053,1773803087.350927,321.3439,229.93341,71.17483,27.150204,0.15343498,,,,,,,,,,,0.0,0.0,0.0,0.0,0.0,0.0
1773803092.7804675,False,0.47726053,1773803087.350927,321.3439,229.93341,71.17483,27.150204,0.15343498,,,,,,,,,,,0.0,0.0,0.0,0.0,0.0,0.0
1773803092.7907448,False,0.47726053,1773803087.350927,321.3439,229.93341,71.17483,27.150204,0.15343498,,,,,,,,,,,0.0,0.0,0.0,0.0,0.0,0.0
1773803092.8005521,False,0.47726053,1773803087.350927,321.3439,229.93341,71.17483,27.150204,0.15343498,,,,,,,,,,,0.0,0.0,0.0,0.0,0.0,0.0
1773803092.8104882,False,0.47726053,1773803087.350927,321.3439,229.93341,71.17483,27.150204,0.15343498,,,,,,,,,,,0.0,0.0,0.0,0.0,0.0,0.0
1773803092.820545,False,0.47726053,1773803087.350927,321.3439,229.93341,71.17483,27.150204,0.15343498,,,,,,,,,,,0.0,0.0,0.0,0.0,0.0,0.0
1773803092.8307078,False,0.47726053,1773803087.350927,321.3439,229.93341,71.17483,27.150204,0.15343498,,,,,,,,,,,0.0,0.0,0.0,0.0,0.0,0.0
1773803092.8403783,False,0.47726053,1773803087.350927,321.3439,229.93341,71.17483,27.150204,0.15343498,,,,,,,,,,,0.0,0.0,0.0,0.0,0.0,0.0
1773803092.8505495,False,0.47726053,1773803087.350927,321.3439,229.93341,71.17483,27.150204,0.15343498,,,,,,,,,,,0.0,0.0,0.0,0.0,0.0,0.0
1773803092.860364,False,0.47726053,1773803087.350927,321.3439,229.93341,71.17483,27.150204,0.15343498,,,,,,,,,,,0.0,0.0,0.0,0.0,0.0,0.0
1773803092.8712566,False,0.47726053,1773803087.350927,321.3439,229.93341,71.17483,27.150204,0.15343498,,,,,,,,,,,0.0,0.0,0.0,0.0,0.0,0.0
1773803092.8808074,False,0.47726053,1773803087.350927,321.3439,229.93341,71.17483,27.150204,0.15343498,,,,,,,,,,,0.0,0.0,0.0,0.0,0.0,0.0
1773803092.8905594,False,0.47726053,1773803087.350927,321.3439,229.93341,71.17483,27.150204,0.15343498,,,,,,,,,,,0.0,0.0,0.0,0.0,0.0,0.0
1773803092.9005532,False,0.47726053,1773803087.350927,321.3439,229.93341,71.17483,27.150204,0.15343498,,,,,,,,,,,0.0,0.0,0.0,0.0,0.0,0.0
1773803092.9106464,False,0.47726053,1773803087.350927,321.3439,229.93341,71.17483,27.150204,0.15343498,,,,,,,,,,,0.0,0.0,0.0,0.0,0.0,0.0
1773803092.9205225,False,0.47726053,1773803087.350927,321.3439,229.93341,71.17483,27.150204,0.15343498,,,,,,,,,,,0.0,0.0,0.0,0.0,0.0,0.0
1773803092.9303768,False,0.47726053,1773803087.350927,321.3439,229.93341,71.17483,27.150204,0.15343498,,,,,,,,,,,0.0,0.0,0.0,0.0,0.0,0.0
1773803092.9408786,False,0.47726053,1773803087.350927,321.3439,229.93341,71.17483,27.150204,0.15343498,,,,,,,,,,,0.0,0.0,0.0,0.0,0.0,0.0
1773803092.9504664,False,0.47726053,1773803087.350927,321.3439,229.93341,71.17483,27.150204,0.15343498,,,,,,,,,,,0.0,0.0,0.0,0.0,0.0,0.0
1773803092.9606752,False,0.47726053,1773803087.350927,321.3439,229.93341,71.17483,27.150204,0.15343498,,,,,,,,,,,0.0,0.0,0.0,0.0,0.0,0.0
1773803092.9708297,False,0.47726053,1773803087.350927,321.3439,229.93341,71.17483,27.150204,0.15343498,,,,,,,,,,,0.0,0.0,0.0,0.0,0.0,0.0
1773803092.980432,False,0.47726053,1773803087.350927,321.3439,229.93341,71.17483,27.150204,0.15343498,,,,,,,,,,,0.0,0.0,0.0,0.0,0.0,0.0
1773803092.9908829,False,0.47726053,1773803087.350927,321.3439,229.93341,71.17483,27.150204,0.15343498,,,,,,,,,,,0.0,0.0,0.0,0.0,0.0,0.0
1773803093.0007336,False,0.47726053,1773803087.350927,321.3439,229.93341,71.17483,27.150204,0.15343498,,,,,,,,,,,0.0,0.0,0.0,0.0,0.0,0.0
1773803093.01072,False,0.47726053,1773803087.350927,321.3439,229.93341,71.17483,27.150204,0.15343498,,,,,,,,,,,0.0,0.0,0.0,0.0,0.0,0.0
1773803093.020759,False,0.47726053,1773803087.350927,321.3439,229.93341,71.17483,27.150204,0.15343498,,,,,,,,,,,0.0,0.0,0.0,0.0,0.0,0.0
1773803093.0307937,False,0.47726053,1773803087.350927,321.3439,229.93341,71.17483,27.150204,0.15343498,,,,,,,,,,,0.0,0.0,0.0,0.0,0.0,0.0
1773803093.0408545,False,0.47726053,1773803087.350927,321.3439,229.93341,71.17483,27.150204,0.15343498,,,,,,,,,,,0.0,0.0,0.0,0.0,0.0,0.0
1773803093.0509284,False,0.47726053,1773803087.350927,321.3439,229.93341,71.17483,27.150204,0.15343498,,,,,,,,,,,0.0,0.0,0.0,0.0,0.0,0.0
1773803093.061,False,0.47726053,1773803087.350927,321.3439,229.93341,71.17483,27.150204,0.15343498,,,,,,,,,,,0.0,0.0,0.0,0.0,0.0,0.0
1773803093.071061,False,0.47726053,1773803087.350927,321.3439,229.93341,71.17483,27.150204,0.15343498,,,,,,,,,,,0.0,0.0,0.0,0.0,0.0,0.0
1773803093.0806007,False,0.47726053,1773803087.350927,321.3439,229.93341,71.17483,27.150204,0.15343498,,,,,,,,,,,0.0,0.0,0.0,0.0,0.0,0.0
1773803093.0908911,False,0.47726053,1773803087.350927,321.3439,229.93341,71.17483,27.150204,0.15343498,,,,,,,,,,,0.0,0.0,0.0,0.0,0.0,0.0
1773803093.1004453,False,0.47726053,1773803087.350927,321.3439,229.93341,71.17483,27.150204,0.15343498,,,,,,,,,,,0.0,0.0,0.0,0.0,0.0,0.0
1773803093.1105065,False,0.47726053,1773803087.350927,321.3439,229.93341,71.17483,27.150204,0.15343498,,,,,,,,,,,0.0,0.0,0.0,0.0,0.0,0.0
1773803093.1206641,False,0.47726053,1773803087.350927,321.3439,229.93341,71.17483,27.150204,0.15343498,,,,,,,,,,,0.0,0.0,0.0,0.0,0.0,0.0
1773803093.1307118,False,0.47726053,1773803087.350927,321.3439,229.93341,71.17483,27.150204,0.15343498,,,,,,,,,,,0.0,0.0,0.0,0.0,0.0,0.0
1773803093.140593,False,0.47726053,1773803087.350927,321.3439,229.93341,71.17483,27.150204,0.15343498,,,,,,,,,,,0.0,0.0,0.0,0.0,0.0,0.0
1773803093.1508362,False,0.47726053,1773803087.350927,321.3439,229.93341,71.17483,27.150204,0.15343498,,,,,,,,,,,0.0,0.0,0.0,0.0,0.0,0.0
1773803093.160869,False,0.47726053,1773803087.350927,321.3439,229.93341,71.17483,27.150204,0.15343498,,,,,,,,,,,0.0,0.0,0.0,0.0,0.0,0.0
1773803093.170774,False,0.47726053,1773803087.350927,321.3439,229.93341,71.17483,27.150204,0.15343498,,,,,,,,,,,0.0,0.0,0.0,0.0,0.0,0.0
1773803093.1807775,False,0.47726053,1773803087.350927,321.3439,229.93341,71.17483,27.150204,0.15343498,,,,,,,,,,,0.0,0.0,0.0,0.0,0.0,0.0
1773803093.1908088,False,0.47726053,1773803087.350927,321.3439,229.93341,71.17483,27.150204,0.15343498,,,,,,,,,,,0.0,0.0,0.0,0.0,0.0,0.0
1773803093.200831,False,0.47726053,1773803087.350927,321.3439,229.93341,71.17483,27.150204,0.15343498,,,,,,,,,,,0.0,0.0,0.0,0.0,0.0,0.0
1773803093.2104092,False,0.47726053,1773803087.350927,321.3439,229.93341,71.17483,27.150204,0.15343498,,,,,,,,,,,0.0,0.0,0.0,0.0,0.0,0.0
1773803093.2205718,False,0.47726053,1773803087.350927,321.3439,229.93341,71.17483,27.150204,0.15343498,,,,,,,,,,,0.0,0.0,0.0,0.0,0.0,0.0
1773803093.2305055,False,0.47726053,1773803087.350927,321.3439,229.93341,71.17483,27.150204,0.15343498,,,,,,,,,,,0.0,0.0,0.0,0.0,0.0,0.0
1773803093.240709,False,0.47726053,1773803087.350927,321.3439,229.93341,71.17483,27.150204,0.15343498,,,,,,,,,,,0.0,0.0,0.0,0.0,0.0,0.0
1773803093.2506566,False,0.47726053,1773803087.350927,321.3439,229.93341,71.17483,27.150204,0.15343498,,,,,,,,,,,0.0,0.0,0.0,0.0,0.0,0.0
1773803093.2604964,False,0.47726053,1773803087.350927,321.3439,229.93341,71.17483,27.150204,0.15343498,,,,,,,,,,,0.0,0.0,0.0,0.0,0.0,0.0
1773803093.2703426,False,0.47726053,1773803087.350927,321.3439,229.93341,71.17483,27.150204,0.15343498,,,,,,,,,,,0.0,0.0,0.0,0.0,0.0,0.0
1773803093.2808511,False,0.47726053,1773803087.350927,321.3439,229.93341,71.17483,27.150204,0.15343498,,,,,,,,,,,0.0,0.0,0.0,0.0,0.0,0.0
