time,det_valid,det_conf,det_t,det_u,det_v,det_w,det_h,det_theta,u_filtered,v_filtered,area_filtered,sin_filtered,cos_filtered,theta_filtered,e_u,e_v,e_area,e_theta,vx,vy,vz,wx,wy,wz
1773806296.4526908,False,,,,,,,,,,,,,,,,,,0.0,0.0,0.0,0.0,0.0,0.0
1773806296.4662724,False,,,,,,,,,,,,,,,,,,0.0,0.0,0.0,0.0,0.0,0.0
1773806296.4734294,False,,,,,,,,,,,,,,,,,,0.0,0.0,0.0,0.0,0.0,0.0
1773806296.482981,False,,,,,,,,,,,,,,,,,,0.0,0.0,0.0,0.0,0.0,0.0
1773806296.493258,False,,,,,,,,,,,,,,,,,,0.0,0.0,0.0,0.0,0.0,0.0
1773806296.503427,False,,,,,,,,,,,,,,,,,,0.0,0.0,0.0,0.0,0.0,0.0
1773806296.5142643,False,,,,,,,,,,,,,,,,,,0.0,0.0,0.0,0.0,0.0,0.0
1773806296.5233796,False,,,,,,,,,,,,,,,,,,0.0,0.0,0.0,0.0,0.0,0.0
1773806296.5330222,False,,,,,,,,,,,,,,,,,,0.0,0.0,0.0,0.0,0.0,0.0
1773806296.543246,False,,,,,,,,,,,,,,,,,,0.0,0.0,0.0,0.0,0.0,0.0
1773806296.5532577,False,,,,,,,,,,,,,,,,,,0.0,0.0,0.0,0.0,0.0,0.0
1773806296.5631738,False,,,,,,,,,,,,,,,,,,0.0,0.0,0.0,0.0,0.0,0.0
1773806296.5731351,False,,,,,,,,,,,,,,,,,,0.0,0.0,0.0,0.0,0.0,0.0
1773806296.5830052,False,,,,,,,,,,,,,,,,,,0.0,0.0,0.0,0.0,0.0,0.0
1773806296.5931907,False,,,,,,,,,,,,,,,,,,0.0,0.0,0.0,0.0,0.0,0.0
1773806296.603261,False,,,,,,,,,,,,,,,,,,0.0,0.0,0.0,0.0,0.0,0.0
1773806296.613281,False,,,,,,,,,,,,,,,,,,0.0,0.0,0.0,0.0,0.0,0.0
1773806296.6234887,False,,,,,,,,,,,,,,,,,,0.0,0.0,0.0,0.0,0.0,0.0
1773806296.6331022,False,,,,,,,,,,,,,,,,,,0.0,0.0,0.0,0.0,0.0,0.0
1773806296.6431084,False,,,,,,,,,,,,,,,,,,0.0,0.0,0.0,0.0,0.0,0.0
1773806296.6530712,False,,,,,,,,,,,,,,,,,,0.0,0.0,0.0,0.0,0.0,0.0
1773806296.663055,False,,,,,,,,,,,,,,,,,,0.0,0.0,0.0,0.0,0.0,0.0
1773806296.673385,False,,,,,,,,,,,,,,,,,,0.0,0.0,0.0,0.0,0.0,0.0
1773806296.683049,False,,,,,,,,,,,,,,,,,,0.0,0.0,0.0,0.0,0.0,0.0
1773806296.6932056,False,,,,,,,,,,,,,,,,,,0.0,0.0,0.0,0.0,0.0,0.0
1773806296.7031906,False,,,,,,,,,,,,,,,,,,0.0,0.0,0.0,0.0,0.0,0.0
1773806296.7134323,False,,,,,,,,,,,,,,,,,,0.0,0.0,0.0,0.0,0.0,0.0
1773806296.7232928,False,,,,,,,,,,,,,,,,,,0.0,0.0,0.0,0.0,0.0,0.0
1773806296.7340682,False,,,,,,,,,,,,,,,,,,0.0,0.0,0.0,0.0,0.0,0.0
1773806296.7432055,False,,,,,,,,,,,,,,,,,,0.0,0.0,0.0,0.0,0.0,0.0
1773806296.75312,False,,,,,,,,,,,,,,,,,,0.0,0.0,0.0,0.0,0.0,0.0
1773806296.7635121,False,,,,,,,,,,,,,,,,,,0.0,0.0,0.0,0.0,0.0,0.0
1773806296.773347,False,,,,,,,,,,,,,,,,,,0.0,0.0,0.0,0.0,0.0,0.0
1773806296.783434,False,,,,,,,,,,,,,,,,,,0.0,0.0,0.0,0.0,0.0,0.0
1773806296.7929482,False,,,,,,,,,,,,,,,,,,0.0,0.0,0.0,0.0,0.0,0.0
1773806296.8031316,False,,,,,,,,,,,,,,,,,,0.0,0.0,0.0,0.0,0.0,0.0
1773806296.8132746,False,,,,,,,,,,,,,,,,,,0.0,0.0,0.0,0.0,0.0,0.0
1773806296.823293,False,,,,,,,,,,,,,,,,,,0.0,0.0,0.0,0.0,0.0,0.0
1773806296.833103,False,,,,,,,,,,,,,,,,,,0.0,0.0,0.0,0.0,0.0,0.0
1773806296.8433478,False,,,,,,,,,,,,,,,,,,0.0,0.0,0.0,0.0,0.0,0.0
1773806296.8530583,False,,,,,,,,,,,,,,,,,,0.0,0.0,0.0,0.0,0.0,0.0
1773806296.8632777,False,,,,,,,,,,,,,,,,,,0.0,0.0,0.0,0.0,0.0,0.0
1773806296.8732014,False,,,,,,,,,,,,,,,,,,0.0,0.0,0.0,0.0,0.0,0.0
1773806296.8834336,False,,,,,,,,,,,,,,,,,,0.0,0.0,0.0,0.0,0.0,0.0
1773806296.8929021,False,,,,,,,,,,,,,,,,,,0.0,0.0,0.0,0.0,0.0,0.0
1773806296.903007,False,,,,,,,,,,,,,,,,,,0.0,0.0,0.0,0.0,0.0,0.0
1773806296.9131992,False,,,,,,,,,,,,,,,,,,0.0,0.0,0.0,0.0,0.0,0.0
1773806296.9234548,False,,,,,,,,,,,,,,,,,,0.0,0.0,0.0,0.0,0.0,0.0
1773806296.9333518,False,,,,,,,,,,,,,,,,,,0.0,0.0,0.0,0.0,0.0,0.0
1773806296.943216,False,,,,,,,,,,,,,,,,,,0.0,0.0,0.0,0.0,0.0,0.0
1773806296.9531455,False,,,,,,,,,,,,,,,,,,0.0,0.0,0.0,0.0,0.0,0.0
1773806296.9628775,False,,,,,,,,,,,,,,,,,,0.0,0.0,0.0,0.0,0.0,0.0
1773806296.973151,False,,,,,,,,,,,,,,,,,,0.0,0.0,0.0,0.0,0.0,0.0
1773806296.9834292,False,,,,,,,,,,,,,,,,,,0.0,0.0,0.0,0.0,0.0,0.0
1773806296.9932513,False,,,,,,,,,,,,,,,,,,0.0,0.0,0.0,0.0,0.0,0.0
1773806297.0029435,False,,,,,,,,,,,,,,,,,,0.0,0.0,0.0,0.0,0.0,0.0
1773806297.0129268,False,,,,,,,,,,,,,,,,,,0.0,0.0,0.0,0.0,0.0,0.0
1773806297.0229206,False,,,,,,,,,,,,,,,,,,0.0,0.0,0.0,0.0,0.0,0.0
1773806297.0328598,False,,,,,,,,,,,,,,,,,,0.0,0.0,0.0,0.0,0.0,0.0
1773806297.0432906,False,,,,,,,,,,,,,,,,,,0.0,0.0,0.0,0.0,0.0,0.0
1773806297.0532718,False,,,,,,,,,,,,,,,,,,0.0,0.0,0.0,0.0,0.0,0.0
1773806297.0632303,False,,,,,,,,,,,,,,,,,,0.0,0.0,0.0,0.0,0.0,0.0
1773806297.073014,False,,,,,,,,,,,,,,,,,,0.0,0.0,0.0,0.0,0.0,0.0
1773806297.0833764,False,,,,,,,,,,,,,,,,,,0.0,0.0,0.0,0.0,0.0,0.0
1773806297.0929482,False,,,,,,,,,,,,,,,,,,0.0,0.0,0.0,0.0,0.0,0.0
1773806297.103014,False,,,,,,,,,,,,,,,,,,0.0,0.0,0.0,0.0,0.0,0.0
1773806297.1130893,False,,,,,,,,,,,,,,,,,,0.0,0.0,0.0,0.0,0.0,0.0
1773806297.1235578,False,,,,,,,,,,,,,,,,,,0.0,0.0,0.0,0.0,0.0,0.0
1773806297.1333752,False,,,,,,,,,,,,,,,,,,0.0,0.0,0.0,0.0,0.0,0.0
1773806297.1433809,False,,,,,,,,,,,,,,,,,,0.0,0.0,0.0,0.0,0.0,0.0
1773806297.1530707,False,,,,,,,,,,,,,,,,,,0.0,0.0,0.0,0.0,0.0,0.0
1773806297.162903,False,,,,,,,,,,,,,,,,,,0.0,0.0,0.0,0.0,0.0,0.0
1773806297.173097,False,,,,,,,,,,,,,,,,,,0.0,0.0,0.0,0.0,0.0,0.0
1773806297.1833606,False,,,,,,,,,,,,,,,,,,0.0,0.0,0.0,0.0,0.0,0.0
1773806297.1934712,False,,,,,,,,,,,,,,,,,,0.0,0.0,0.0,0.0,0.0,0.0
1773806297.2032247,False,,,,,,,,,,,,,,,,,,0.0,0.0,0.0,0.0,0.0,0.0
1773806297.2131035,False,,,,,,,,,,,,,,,,,,0.0,0.0,0.0,0.0,0.0,0.0
1773806297.2230244,False,,,,,,,,,,,,,,,,,,0.0,0.0,0.0,0.0,0.0,0.0
1773806297.2333965,False,,,,,,,,,,,,,,,,,,0.0,0.0,0.0,0.0,0.0,0.0
1773806297.243056,False,,,,,,,,,,,,,,,,,,0.0,0.0,0.0,0.0,0.0,0.0
1773806297.2534046,False,,,,,,,,,,,,,,,,,,0.0,0.0,0.0,0.0,0.0,0.0
1773806297.2632132,False,,,,,,,,,,,,,,,,,,0.0,0.0,0.0,0.0,0.0,0.0
1773806297.273458,False,,,,,,,,,,,,,,,,,,0.0,0.0,0.0,0.0,0.0,0.0
1773806297.2829108,False,,,,,,,,,,,,,,,,,,0.0,0.0,0.0,0.0,0.0,0.0
1773806297.293497,False,,,,,,,,,,,,,,,,,,0.0,0.0,0.0,0.0,0.0,0.0
1773806297.303684,False,,,,,,,,,,,,,,,,,,0.0,0.0,0.0,0.0,0.0,0.0
1773806297.3132043,False,,,,,,,,,,,,,,,,,,0.0,0.0,0.0,0.0,0.0,0.0
1773806297.3241513,False,,,,,,,,,,,,,,,,,,0.0,0.0,0.0,0.0,0.0,0.0
1773806297.3336165,False,,,,,,,,,,,,,,,,,,0.0,0.0,0.0,0.0,0.0,0.0
1773806297.3432586,False,,,,,,,,,,,,,,,,,,0.0,0.0,0.0,0.0,0.0,0.0
1773806297.3531737,False,,,,,,,,,,,,,,,,,,0.0,0.0,0.0,0.0,0.0,0.0
1773806297.3636923,False,,,,,,,,,,,,,,,,,,0.0,0.0,0.0,0.0,0.0,0.0
1773806297.3733244,False,,,,,,,,,,,,,,,,,,0.0,0.0,0.0,0.0,0.0,0.0
1773806297.3835897,False,,,,,,,,,,,,,,,,,,0.0,0.0,0.0,0.0,0.0,0.0
1773806297.3932295,False,,,,,,,,,,,,,,,,,,0.0,0.0,0.0,0.0,0.0,0.0
1773806297.4032357,False,,,,,,,,,,,,,,,,,,0.0,0.0,0.0,0.0,0.0,0.0
1773806297.4130774,False,,,,,,,,,,,,,,,,,,0.0,0.0,0.0,0.0,0.0,0.0
1773806297.4230938,False,,,,,,,,,,,,,,,,,,0.0,0.0,0.0,0.0,0.0,0.0
1773806297.4333632,False,,,,,,,,,,,,,,,,,,0.0,0.0,0.0,0.0,0.0,0.0
1773806297.4433198,False,,,,,,,,,,,,,,,,,,0.0,0.0,0.0,0.0,0.0,0.0
1773806297.4533527,False,,,,,,,,,,,,,,,,,,0.0,0.0,0.0,0.0,0.0,0.0
1773806297.463604,False,,,,,,,,,,,,,,,,,,0.0,0.0,0.0,0.0,0.0,0.0
1773806297.4732234,False,,,,,,,,,,,,,,,,,,0.0,0.0,0.0,0.0,0.0,0.0
1773806297.4836726,False,,,,,,,,,,,,,,,,,,0.0,0.0,0.0,0.0,0.0,0.0
1773806297.4933212,False,,,,,,,,,,,,,,,,,,0.0,0.0,0.0,0.0,0.0,0.0
1773806297.5034182,False,,,,,,,,,,,,,,,,,,0.0,0.0,0.0,0.0,0.0,0.0
1773806297.5134633,False,,,,,,,,,,,,,,,,,,0.0,0.0,0.0,0.0,0.0,0.0
1773806297.5232906,False,,,,,,,,,,,,,,,,,,0.0,0.0,0.0,0.0,0.0,0.0
1773806297.533623,False,,,,,,,,,,,,,,,,,,0.0,0.0,0.0,0.0,0.0,0.0
1773806297.5432913,False,,,,,,,,,,,,,,,,,,0.0,0.0,0.0,0.0,0.0,0.0
1773806297.5533948,False,,,,,,,,,,,,,,,,,,0.0,0.0,0.0,0.0,0.0,0.0
1773806297.5634408,False,,,,,,,,,,,,,,,,,,0.0,0.0,0.0,0.0,0.0,0.0
1773806297.573456,False,,,,,,,,,,,,,,,,,,0.0,0.0,0.0,0.0,0.0,0.0
1773806297.583396,False,,,,,,,,,,,,,,,,,,0.0,0.0,0.0,0.0,0.0,0.0
1773806297.5932682,False,,,,,,,,,,,,,,,,,,0.0,0.0,0.0,0.0,0.0,0.0
1773806297.6032276,False,,,,,,,,,,,,,,,,,,0.0,0.0,0.0,0.0,0.0,0.0
1773806297.6136043,False,,,,,,,,,,,,,,,,,,0.0,0.0,0.0,0.0,0.0,0.0
1773806297.6232088,False,,,,,,,,,,,,,,,,,,0.0,0.0,0.0,0.0,0.0,0.0
1773806297.6331763,False,,,,,,,,,,,,,,,,,,0.0,0.0,0.0,0.0,0.0,0.0
1773806297.6427627,False,,,,,,,,,,,,,,,,,,0.0,0.0,0.0,0.0,0.0,0.0
1773806297.6537118,False,,,,,,,,,,,,,,,,,,0.0,0.0,0.0,0.0,0.0,0.0
1773806297.663422,False,,,,,,,,,,,,,,,,,,0.0,0.0,0.0,0.0,0.0,0.0
1773806297.6729946,False,,,,,,,,,,,,,,,,,,0.0,0.0,0.0,0.0,0.0,0.0
1773806297.68311,False,,,,,,,,,,,,,,,,,,0.0,0.0,0.0,0.0,0.0,0.0
1773806297.6934881,False,,,,,,,,,,,,,,,,,,0.0,0.0,0.0,0.0,0.0,0.0
1773806297.7035744,False,,,,,,,,,,,,,,,,,,0.0,0.0,0.0,0.0,0.0,0.0
1773806297.713345,False,,,,,,,,,,,,,,,,,,0.0,0.0,0.0,0.0,0.0,0.0
1773806297.7232385,False,,,,,,,,,,,,,,,,,,0.0,0.0,0.0,0.0,0.0,0.0
1773806297.7332163,False,,,,,,,,,,,,,,,,,,0.0,0.0,0.0,0.0,0.0,0.0
1773806297.743299,False,,,,,,,,,,,,,,,,,,0.0,0.0,0.0,0.0,0.0,0.0
1773806297.7532096,False,,,,,,,,,,,,,,,,,,0.0,0.0,0.0,0.0,0.0,0.0
1773806297.763269,False,,,,,,,,,,,,,,,,,,0.0,0.0,0.0,0.0,0.0,0.0
1773806297.773234,False,,,,,,,,,,,,,,,,,,0.0,0.0,0.0,0.0,0.0,0.0
1773806297.7834826,False,,,,,,,,,,,,,,,,,,0.0,0.0,0.0,0.0,0.0,0.0
1773806297.7933354,False,,,,,,,,,,,,,,,,,,0.0,0.0,0.0,0.0,0.0,0.0
1773806297.8036206,False,,,,,,,,,,,,,,,,,,0.0,0.0,0.0,0.0,0.0,0.0
1773806297.8136868,False,,,,,,,,,,,,,,,,,,0.0,0.0,0.0,0.0,0.0,0.0
1773806297.8238168,False,,,,,,,,,,,,,,,,,,0.0,0.0,0.0,0.0,0.0,0.0
1773806297.8328297,False,,,,,,,,,,,,,,,,,,0.0,0.0,0.0,0.0,0.0,0.0
1773806297.8432887,False,,,,,,,,,,,,,,,,,,0.0,0.0,0.0,0.0,0.0,0.0
1773806297.853659,False,,,,,,,,,,,,,,,,,,0.0,0.0,0.0,0.0,0.0,0.0
1773806297.863004,False,,,,,,,,,,,,,,,,,,0.0,0.0,0.0,0.0,0.0,0.0
1773806297.8731315,False,,,,,,,,,,,,,,,,,,0.0,0.0,0.0,0.0,0.0,0.0
1773806297.883958,False,,,,,,,,,,,,,,,,,,0.0,0.0,0.0,0.0,0.0,0.0
1773806297.893158,False,,,,,,,,,,,,,,,,,,0.0,0.0,0.0,0.0,0.0,0.0
1773806297.9033854,False,,,,,,,,,,,,,,,,,,0.0,0.0,0.0,0.0,0.0,0.0
1773806297.913967,False,,,,,,,,,,,,,,,,,,0.0,0.0,0.0,0.0,0.0,0.0
1773806297.9238303,False,,,,,,,,,,,,,,,,,,0.0,0.0,0.0,0.0,0.0,0.0
1773806297.933621,False,,,,,,,,,,,,,,,,,,0.0,0.0,0.0,0.0,0.0,0.0
1773806297.9432764,False,,,,,,,,,,,,,,,,,,0.0,0.0,0.0,0.0,0.0,0.0
1773806297.9528258,False,,,,,,,,,,,,,,,,,,0.0,0.0,0.0,0.0,0.0,0.0
1773806297.9633267,False,,,,,,,,,,,,,,,,,,0.0,0.0,0.0,0.0,0.0,0.0
1773806297.9731948,False,,,,,,,,,,,,,,,,,,0.0,0.0,0.0,0.0,0.0,0.0
1773806297.9836357,False,,,,,,,,,,,,,,,,,,0.0,0.0,0.0,0.0,0.0,0.0
1773806297.9934518,False,,,,,,,,,,,,,,,,,,0.0,0.0,0.0,0.0,0.0,0.0
1773806298.0033143,False,,,,,,,,,,,,,,,,,,0.0,0.0,0.0,0.0,0.0,0.0
1773806298.0133836,False,,,,,,,,,,,,,,,,,,0.0,0.0,0.0,0.0,0.0,0.0
1773806298.0234241,False,,,,,,,,,,,,,,,,,,0.0,0.0,0.0,0.0,0.0,0.0
1773806298.033344,False,,,,,,,,,,,,,,,,,,0.0,0.0,0.0,0.0,0.0,0.0
1773806298.0433333,False,,,,,,,,,,,,,,,,,,0.0,0.0,0.0,0.0,0.0,0.0
1773806298.053507,False,,,,,,,,,,,,,,,,,,0.0,0.0,0.0,0.0,0.0,0.0
1773806298.0631413,False,,,,,,,,,,,,,,,,,,0.0,0.0,0.0,0.0,0.0,0.0
1773806298.0734196,False,,,,,,,,,,,,,,,,,,0.0,0.0,0.0,0.0,0.0,0.0
1773806298.0833838,False,,,,,,,,,,,,,,,,,,0.0,0.0,0.0,0.0,0.0,0.0
1773806298.093294,False,,,,,,,,,,,,,,,,,,0.0,0.0,0.0,0.0,0.0,0.0
1773806298.1033247,False,,,,,,,,,,,,,,,,,,0.0,0.0,0.0,0.0,0.0,0.0
1773806298.1128867,False,,,,,,,,,,,,,,,,,,0.0,0.0,0.0,0.0,0.0,0.0
1773806298.1235454,False,,,,,,,,,,,,,,,,,,0.0,0.0,0.0,0.0,0.0,0.0
1773806298.1333623,False,,,,,,,,,,,,,,,,,,0.0,0.0,0.0,0.0,0.0,0.0
1773806298.1433861,False,,,,,,,,,,,,,,,,,,0.0,0.0,0.0,0.0,0.0,0.0
1773806298.153366,False,,,,,,,,,,,,,,,,,,0.0,0.0,0.0,0.0,0.0,0.0
1773806298.1631083,False,,,,,,,,,,,,,,,,,,0.0,0.0,0.0,0.0,0.0,0.0
1773806298.1732564,False,,,,,,,,,,,,,,,,,,0.0,0.0,0.0,0.0,0.0,0.0
1773806298.1832707,False,,,,,,,,,,,,,,,,,,0.0,0.0,0.0,0.0,0.0,0.0
1773806298.1929452,False,,,,,,,,,,,,,,,,,,0.0,0.0,0.0,0.0,0.0,0.0
1773806298.203298,False,,,,,,,,,,,,,,,,,,0.0,0.0,0.0,0.0,0.0,0.0
1773806298.2132468,False,,,,,,,,,,,,,,,,,,0.0,0.0,0.0,0.0,0.0,0.0
1773806298.2229376,False,,,,,,,,,,,,,,,,,,0.0,0.0,0.0,0.0,0.0,0.0
1773806298.2332244,False,,,,,,,,,,,,,,,,,,0.0,0.0,0.0,0.0,0.0,0.0
1773806298.2430017,False,,,,,,,,,,,,,,,,,,0.0,0.0,0.0,0.0,0.0,0.0
1773806298.2529173,False,,,,,,,,,,,,,,,,,,0.0,0.0,0.0,0.0,0.0,0.0
1773806298.2631671,False,,,,,,,,,,,,,,,,,,0.0,0.0,0.0,0.0,0.0,0.0
1773806298.273241,False,,,,,,,,,,,,,,,,,,0.0,0.0,0.0,0.0,0.0,0.0
1773806298.2833078,False,,,,,,,,,,,,,,,,,,0.0,0.0,0.0,0.0,0.0,0.0
1773806298.29334,False,,,,,,,,,,,,,,,,,,0.0,0.0,0.0,0.0,0.0,0.0
1773806298.3033664,False,,,,,,,,,,,,,,,,,,0.0,0.0,0.0,0.0,0.0,0.0
1773806298.3134336,False,,,,,,,,,,,,,,,,,,0.0,0.0,0.0,0.0,0.0,0.0
1773806298.3230433,False,,,,,,,,,,,,,,,,,,0.0,0.0,0.0,0.0,0.0,0.0
1773806298.3332453,False,,,,,,,,,,,,,,,,,,0.0,0.0,0.0,0.0,0.0,0.0
1773806298.343277,False,,,,,,,,,,,,,,,,,,0.0,0.0,0.0,0.0,0.0,0.0
1773806298.3532927,False,,,,,,,,,,,,,,,,,,0.0,0.0,0.0,0.0,0.0,0.0
1773806298.3632088,False,,,,,,,,,,,,,,,,,,0.0,0.0,0.0,0.0,0.0,0.0
1773806298.37325,False,,,,,,,,,,,,,,,,,,0.0,0.0,0.0,0.0,0.0,0.0
1773806298.3832848,False,,,,,,,,,,,,,,,,,,0.0,0.0,0.0,0.0,0.0,0.0
1773806298.3930163,False,,,,,,,,,,,,,,,,,,0.0,0.0,0.0,0.0,0.0,0.0
1773806298.4033856,False,,,,,,,,,,,,,,,,,,0.0,0.0,0.0,0.0,0.0,0.0
1773806298.4130752,False,,,,,,,,,,,,,,,,,,0.0,0.0,0.0,0.0,0.0,0.0
1773806298.4234989,False,,,,,,,,,,,,,,,,,,0.0,0.0,0.0,0.0,0.0,0.0
1773806298.4330845,False,,,,,,,,,,,,,,,,,,0.0,0.0,0.0,0.0,0.0,0.0
1773806298.4431298,False,,,,,,,,,,,,,,,,,,0.0,0.0,0.0,0.0,0.0,0.0
1773806298.4531384,False,,,,,,,,,,,,,,,,,,0.0,0.0,0.0,0.0,0.0,0.0
1773806298.463328,False,,,,,,,,,,,,,,,,,,0.0,0.0,0.0,0.0,0.0,0.0
1773806298.4733665,False,,,,,,,,,,,,,,,,,,0.0,0.0,0.0,0.0,0.0,0.0
1773806298.4834259,False,,,,,,,,,,,,,,,,,,0.0,0.0,0.0,0.0,0.0,0.0
1773806298.4929898,False,,,,,,,,,,,,,,,,,,0.0,0.0,0.0,0.0,0.0,0.0
1773806298.5030208,False,,,,,,,,,,,,,,,,,,0.0,0.0,0.0,0.0,0.0,0.0
1773806298.5130696,False,,,,,,,,,,,,,,,,,,0.0,0.0,0.0,0.0,0.0,0.0
1773806298.5232549,False,,,,,,,,,,,,,,,,,,0.0,0.0,0.0,0.0,0.0,0.0
1773806298.5333297,False,,,,,,,,,,,,,,,,,,0.0,0.0,0.0,0.0,0.0,0.0
1773806298.5432003,False,,,,,,,,,,,,,,,,,,0.0,0.0,0.0,0.0,0.0,0.0
1773806298.5534246,False,,,,,,,,,,,,,,,,,,0.0,0.0,0.0,0.0,0.0,0.0
1773806298.5630531,False,,,,,,,,,,,,,,,,,,0.0,0.0,0.0,0.0,0.0,0.0
1773806298.5731308,False,,,,,,,,,,,,,,,,,,0.0,0.0,0.0,0.0,0.0,0.0
1773806298.5832875,False,,,,,,,,,,,,,,,,,,0.0,0.0,0.0,0.0,0.0,0.0
1773806298.59299,False,,,,,,,,,,,,,,,,,,0.0,0.0,0.0,0.0,0.0,0.0
1773806298.6030338,False,,,,,,,,,,,,,,,,,,0.0,0.0,0.0,0.0,0.0,0.0
1773806298.6131127,False,,,,,,,,,,,,,,,,,,0.0,0.0,0.0,0.0,0.0,0.0
1773806298.623175,False,,,,,,,,,,,,,,,,,,0.0,0.0,0.0,0.0,0.0,0.0
1773806298.6334271,False,,,,,,,,,,,,,,,,,,0.0,0.0,0.0,0.0,0.0,0.0
1773806298.6434546,False,,,,,,,,,,,,,,,,,,0.0,0.0,0.0,0.0,0.0,0.0
1773806298.6530125,False,,,,,,,,,,,,,,,,,,0.0,0.0,0.0,0.0,0.0,0.0
1773806298.6631877,False,,,,,,,,,,,,,,,,,,0.0,0.0,0.0,0.0,0.0,0.0
1773806298.673223,False,,,,,,,,,,,,,,,,,,0.0,0.0,0.0,0.0,0.0,0.0
1773806298.6833198,False,,,,,,,,,,,,,,,,,,0.0,0.0,0.0,0.0,0.0,0.0
1773806298.6933374,False,,,,,,,,,,,,,,,,,,0.0,0.0,0.0,0.0,0.0,0.0
1773806298.7033746,False,,,,,,,,,,,,,,,,,,0.0,0.0,0.0,0.0,0.0,0.0
1773806298.7132845,False,,,,,,,,,,,,,,,,,,0.0,0.0,0.0,0.0,0.0,0.0
1773806298.7229662,False,,,,,,,,,,,,,,,,,,0.0,0.0,0.0,0.0,0.0,0.0
1773806298.7331958,False,,,,,,,,,,,,,,,,,,0.0,0.0,0.0,0.0,0.0,0.0
1773806298.743254,False,,,,,,,,,,,,,,,,,,0.0,0.0,0.0,0.0,0.0,0.0
1773806298.7533584,False,,,,,,,,,,,,,,,,,,0.0,0.0,0.0,0.0,0.0,0.0
1773806298.7634304,False,,,,,,,,,,,,,,,,,,0.0,0.0,0.0,0.0,0.0,0.0
1773806298.7731051,False,,,,,,,,,,,,,,,,,,0.0,0.0,0.0,0.0,0.0,0.0
1773806298.7832828,False,,,,,,,,,,,,,,,,,,0.0,0.0,0.0,0.0,0.0,0.0
1773806298.7929204,False,,,,,,,,,,,,,,,,,,0.0,0.0,0.0,0.0,0.0,0.0
1773806298.8031344,False,,,,,,,,,,,,,,,,,,0.0,0.0,0.0,0.0,0.0,0.0
1773806298.8131602,False,,,,,,,,,,,,,,,,,,0.0,0.0,0.0,0.0,0.0,0.0
1773806298.8231971,False,,,,,,,,,,,,,,,,,,0.0,0.0,0.0,0.0,0.0,0.0
1773806298.8332918,False,,,,,,,,,,,,,,,,,,0.0,0.0,0.0,0.0,0.0,0.0
1773806298.843332,False,,,,,,,,,,,,,,,,,,0.0,0.0,0.0,0.0,0.0,0.0
1773806298.853356,False,,,,,,,,,,,,,,,,,,0.0,0.0,0.0,0.0,0.0,0.0
1773806298.8632138,False,,,,,,,,,,,,,,,,,,0.0,0.0,0.0,0.0,0.0,0.0
1773806298.873086,False,,,,,,,,,,,,,,,,,,0.0,0.0,0.0,0.0,0.0,0.0
1773806298.8836188,False,,,,,,,,,,,,,,,,,,0.0,0.0,0.0,0.0,0.0,0.0
1773806298.8932364,False,,,,,,,,,,,,,,,,,,0.0,0.0,0.0,0.0,0.0,0.0
1773806298.903484,False,,,,,,,,,,,,,,,,,,0.0,0.0,0.0,0.0,0.0,0.0
1773806298.913471,False,,,,,,,,,,,,,,,,,,0.0,0.0,0.0,0.0,0.0,0.0
1773806298.923006,False,,,,,,,,,,,,,,,,,,0.0,0.0,0.0,0.0,0.0,0.0
1773806298.9333544,False,,,,,,,,,,,,,,,,,,0.0,0.0,0.0,0.0,0.0,0.0
1773806298.9434133,False,,,,,,,,,,,,,,,,,,0.0,0.0,0.0,0.0,0.0,0.0
1773806298.9529495,False,,,,,,,,,,,,,,,,,,0.0,0.0,0.0,0.0,0.0,0.0
1773806298.9634886,False,,,,,,,,,,,,,,,,,,0.0,0.0,0.0,0.0,0.0,0.0
1773806298.9735222,False,,,,,,,,,,,,,,,,,,0.0,0.0,0.0,0.0,0.0,0.0
1773806298.9831138,False,,,,,,,,,,,,,,,,,,0.0,0.0,0.0,0.0,0.0,0.0
1773806298.9931595,False,,,,,,,,,,,,,,,,,,0.0,0.0,0.0,0.0,0.0,0.0
1773806299.0034816,False,,,,,,,,,,,,,,,,,,0.0,0.0,0.0,0.0,0.0,0.0
1773806299.0133984,False,,,,,,,,,,,,,,,,,,0.0,0.0,0.0,0.0,0.0,0.0
1773806299.023008,False,,,,,,,,,,,,,,,,,,0.0,0.0,0.0,0.0,0.0,0.0
1773806299.0331628,False,,,,,,,,,,,,,,,,,,0.0,0.0,0.0,0.0,0.0,0.0
1773806299.0432105,False,,,,,,,,,,,,,,,,,,0.0,0.0,0.0,0.0,0.0,0.0
1773806299.0532315,False,,,,,,,,,,,,,,,,,,0.0,0.0,0.0,0.0,0.0,0.0
1773806299.0632775,False,,,,,,,,,,,,,,,,,,0.0,0.0,0.0,0.0,0.0,0.0
1773806299.073295,False,,,,,,,,,,,,,,,,,,0.0,0.0,0.0,0.0,0.0,0.0
1773806299.0833316,False,,,,,,,,,,,,,,,,,,0.0,0.0,0.0,0.0,0.0,0.0
1773806299.093358,False,,,,,,,,,,,,,,,,,,0.0,0.0,0.0,0.0,0.0,0.0
1773806299.103269,False,,,,,,,,,,,,,,,,,,0.0,0.0,0.0,0.0,0.0,0.0
1773806299.113103,False,,,,,,,,,,,,,,,,,,0.0,0.0,0.0,0.0,0.0,0.0
1773806299.1231391,False,,,,,,,,,,,,,,,,,,0.0,0.0,0.0,0.0,0.0,0.0
1773806299.1333,False,,,,,,,,,,,,,,,,,,0.0,0.0,0.0,0.0,0.0,0.0
1773806299.1433227,False,,,,,,,,,,,,,,,,,,0.0,0.0,0.0,0.0,0.0,0.0
1773806299.152885,False,,,,,,,,,,,,,,,,,,0.0,0.0,0.0,0.0,0.0,0.0
1773806299.1634266,False,,,,,,,,,,,,,,,,,,0.0,0.0,0.0,0.0,0.0,0.0
1773806299.1732798,False,,,,,,,,,,,,,,,,,,0.0,0.0,0.0,0.0,0.0,0.0
1773806299.1829815,False,,,,,,,,,,,,,,,,,,0.0,0.0,0.0,0.0,0.0,0.0
1773806299.193018,False,,,,,,,,,,,,,,,,,,0.0,0.0,0.0,0.0,0.0,0.0
1773806299.2030604,False,,,,,,,,,,,,,,,,,,0.0,0.0,0.0,0.0,0.0,0.0
1773806299.2136836,False,,,,,,,,,,,,,,,,,,0.0,0.0,0.0,0.0,0.0,0.0
1773806299.2233343,False,,,,,,,,,,,,,,,,,,0.0,0.0,0.0,0.0,0.0,0.0
1773806299.2329173,False,,,,,,,,,,,,,,,,,,0.0,0.0,0.0,0.0,0.0,0.0
1773806299.2431757,False,,,,,,,,,,,,,,,,,,0.0,0.0,0.0,0.0,0.0,0.0
1773806299.2532084,False,,,,,,,,,,,,,,,,,,0.0,0.0,0.0,0.0,0.0,0.0
1773806299.263114,False,,,,,,,,,,,,,,,,,,0.0,0.0,0.0,0.0,0.0,0.0
1773806299.273133,False,,,,,,,,,,,,,,,,,,0.0,0.0,0.0,0.0,0.0,0.0
1773806299.2831771,False,,,,,,,,,,,,,,,,,,0.0,0.0,0.0,0.0,0.0,0.0
1773806299.2930264,False,,,,,,,,,,,,,,,,,,0.0,0.0,0.0,0.0,0.0,0.0
1773806299.303288,False,,,,,,,,,,,,,,,,,,0.0,0.0,0.0,0.0,0.0,0.0
1773806299.3133771,False,,,,,,,,,,,,,,,,,,0.0,0.0,0.0,0.0,0.0,0.0
1773806299.3234456,False,,,,,,,,,,,,,,,,,,0.0,0.0,0.0,0.0,0.0,0.0
1773806299.333365,False,,,,,,,,,,,,,,,,,,0.0,0.0,0.0,0.0,0.0,0.0
1773806299.3435118,False,,,,,,,,,,,,,,,,,,0.0,0.0,0.0,0.0,0.0,0.0
1773806299.3535976,False,,,,,,,,,,,,,,,,,,0.0,0.0,0.0,0.0,0.0,0.0
1773806299.3633373,False,,,,,,,,,,,,,,,,,,0.0,0.0,0.0,0.0,0.0,0.0
1773806299.3733704,False,,,,,,,,,,,,,,,,,,0.0,0.0,0.0,0.0,0.0,0.0
1773806299.383084,False,,,,,,,,,,,,,,,,,,0.0,0.0,0.0,0.0,0.0,0.0
1773806299.3931663,False,,,,,,,,,,,,,,,,,,0.0,0.0,0.0,0.0,0.0,0.0
1773806299.403218,False,,,,,,,,,,,,,,,,,,0.0,0.0,0.0,0.0,0.0,0.0
1773806299.4132745,False,,,,,,,,,,,,,,,,,,0.0,0.0,0.0,0.0,0.0,0.0
1773806299.4229233,False,,,,,,,,,,,,,,,,,,0.0,0.0,0.0,0.0,0.0,0.0
1773806299.433113,False,,,,,,,,,,,,,,,,,,0.0,0.0,0.0,0.0,0.0,0.0
1773806299.443197,False,,,,,,,,,,,,,,,,,,0.0,0.0,0.0,0.0,0.0,0.0
1773806299.4532375,False,,,,,,,,,,,,,,,,,,0.0,0.0,0.0,0.0,0.0,0.0
1773806299.4632645,False,,,,,,,,,,,,,,,,,,0.0,0.0,0.0,0.0,0.0,0.0
1773806299.4730096,False,,,,,,,,,,,,,,,,,,0.0,0.0,0.0,0.0,0.0,0.0
1773806299.4835331,False,,,,,,,,,,,,,,,,,,0.0,0.0,0.0,0.0,0.0,0.0
1773806299.493231,False,,,,,,,,,,,,,,,,,,0.0,0.0,0.0,0.0,0.0,0.0
1773806299.5029993,False,,,,,,,,,,,,,,,,,,0.0,0.0,0.0,0.0,0.0,0.0
1773806299.5130742,False,,,,,,,,,,,,,,,,,,0.0,0.0,0.0,0.0,0.0,0.0
1773806299.522877,False,,,,,,,,,,,,,,,,,,0.0,0.0,0.0,0.0,0.0,0.0
1773806299.5332208,False,,,,,,,,,,,,,,,,,,0.0,0.0,0.0,0.0,0.0,0.0
1773806299.543037,False,,,,,,,,,,,,,,,,,,0.0,0.0,0.0,0.0,0.0,0.0
1773806299.5530593,False,,,,,,,,,,,,,,,,,,0.0,0.0,0.0,0.0,0.0,0.0
1773806299.5631812,False,,,,,,,,,,,,,,,,,,0.0,0.0,0.0,0.0,0.0,0.0
1773806299.5732093,False,,,,,,,,,,,,,,,,,,0.0,0.0,0.0,0.0,0.0,0.0
1773806299.58351,False,,,,,,,,,,,,,,,,,,0.0,0.0,0.0,0.0,0.0,0.0
1773806299.5934987,False,,,,,,,,,,,,,,,,,,0.0,0.0,0.0,0.0,0.0,0.0
1773806299.603263,False,,,,,,,,,,,,,,,,,,0.0,0.0,0.0,0.0,0.0,0.0
1773806299.613445,False,,,,,,,,,,,,,,,,,,0.0,0.0,0.0,0.0,0.0,0.0
1773806299.6232622,False,,,,,,,,,,,,,,,,,,0.0,0.0,0.0,0.0,0.0,0.0
1773806299.6330643,False,,,,,,,,,,,,,,,,,,0.0,0.0,0.0,0.0,0.0,0.0
1773806299.6431994,False,,,,,,,,,,,,,,,,,,0.0,0.0,0.0,0.0,0.0,0.0
1773806299.6532414,False,,,,,,,,,,,,,,,,,,0.0,0.0,0.0,0.0,0.0,0.0
1773806299.663569,False,,,,,,,,,,,,,,,,,,0.0,0.0,0.0,0.0,0.0,0.0
1773806299.6737444,False,,,,,,,,,,,,,,,,,,0.0,0.0,0.0,0.0,0.0,0.0
1773806299.683321,False,,,,,,,,,,,,,,,,,,0.0,0.0,0.0,0.0,0.0,0.0
1773806299.6936717,False,,,,,,,,,,,,,,,,,,0.0,0.0,0.0,0.0,0.0,0.0
1773806299.7032301,False,,,,,,,,,,,,,,,,,,0.0,0.0,0.0,0.0,0.0,0.0
1773806299.7132485,False,,,,,,,,,,,,,,,,,,0.0,0.0,0.0,0.0,0.0,0.0
1773806299.7237701,False,,,,,,,,,,,,,,,,,,0.0,0.0,0.0,0.0,0.0,0.0
1773806299.7329044,False,,,,,,,,,,,,,,,,,,0.0,0.0,0.0,0.0,0.0,0.0
1773806299.7434378,False,,,,,,,,,,,,,,,,,,0.0,0.0,0.0,0.0,0.0,0.0
1773806299.7535815,False,,,,,,,,,,,,,,,,,,0.0,0.0,0.0,0.0,0.0,0.0
1773806299.7631679,False,,,,,,,,,,,,,,,,,,0.0,0.0,0.0,0.0,0.0,0.0
1773806299.7729404,False,,,,,,,,,,,,,,,,,,0.0,0.0,0.0,0.0,0.0,0.0
1773806299.783621,False,,,,,,,,,,,,,,,,,,0.0,0.0,0.0,0.0,0.0,0.0
1773806299.7934985,False,,,,,,,,,,,,,,,,,,0.0,0.0,0.0,0.0,0.0,0.0
1773806299.8030295,False,,,,,,,,,,,,,,,,,,0.0,0.0,0.0,0.0,0.0,0.0
1773806299.8135624,False,,,,,,,,,,,,,,,,,,0.0,0.0,0.0,0.0,0.0,0.0
1773806299.823606,False,,,,,,,,,,,,,,,,,,0.0,0.0,0.0,0.0,0.0,0.0
1773806299.8334181,False,,,,,,,,,,,,,,,,,,0.0,0.0,0.0,0.0,0.0,0.0
1773806299.8434916,False,,,,,,,,,,,,,,,,,,0.0,0.0,0.0,0.0,0.0,0.0
1773806299.853022,False,,,,,,,,,,,,,,,,,,0.0,0.0,0.0,0.0,0.0,0.0
1773806299.8633838,False,,,,,,,,,,,,,,,,,,0.0,0.0,0.0,0.0,0.0,0.0
1773806299.8734415,False,,,,,,,,,,,,,,,,,,0.0,0.0,0.0,0.0,0.0,0.0
1773806299.8833592,False,,,,,,,,,,,,,,,,,,0.0,0.0,0.0,0.0,0.0,0.0
1773806299.8934774,False,,,,,,,,,,,,,,,,,,0.0,0.0,0.0,0.0,0.0,0.0
1773806299.9035084,False,,,,,,,,,,,,,,,,,,0.0,0.0,0.0,0.0,0.0,0.0
1773806299.9131384,False,,,,,,,,,,,,,,,,,,0.0,0.0,0.0,0.0,0.0,0.0
1773806299.9234474,False,,,,,,,,,,,,,,,,,,0.0,0.0,0.0,0.0,0.0,0.0
1773806299.9334362,False,,,,,,,,,,,,,,,,,,0.0,0.0,0.0,0.0,0.0,0.0
1773806299.9434907,False,,,,,,,,,,,,,,,,,,0.0,0.0,0.0,0.0,0.0,0.0
1773806299.9533863,False,,,,,,,,,,,,,,,,,,0.0,0.0,0.0,0.0,0.0,0.0
1773806299.9635668,False,,,,,,,,,,,,,,,,,,0.0,0.0,0.0,0.0,0.0,0.0
1773806299.9731898,False,,,,,,,,,,,,,,,,,,0.0,0.0,0.0,0.0,0.0,0.0
1773806299.983244,False,,,,,,,,,,,,,,,,,,0.0,0.0,0.0,0.0,0.0,0.0
1773806299.9930327,False,,,,,,,,,,,,,,,,,,0.0,0.0,0.0,0.0,0.0,0.0
1773806300.0031836,False,,,,,,,,,,,,,,,,,,0.0,0.0,0.0,0.0,0.0,0.0
1773806300.0133665,False,,,,,,,,,,,,,,,,,,0.0,0.0,0.0,0.0,0.0,0.0
1773806300.0231209,False,,,,,,,,,,,,,,,,,,0.0,0.0,0.0,0.0,0.0,0.0
1773806300.033657,False,,,,,,,,,,,,,,,,,,0.0,0.0,0.0,0.0,0.0,0.0
1773806300.0436714,False,,,,,,,,,,,,,,,,,,0.0,0.0,0.0,0.0,0.0,0.0
1773806300.053184,False,,,,,,,,,,,,,,,,,,0.0,0.0,0.0,0.0,0.0,0.0
1773806300.0629523,False,,,,,,,,,,,,,,,,,,0.0,0.0,0.0,0.0,0.0,0.0
1773806300.0736415,False,,,,,,,,,,,,,,,,,,0.0,0.0,0.0,0.0,0.0,0.0
1773806300.0834794,False,,,,,,,,,,,,,,,,,,0.0,0.0,0.0,0.0,0.0,0.0
1773806300.0931213,False,,,,,,,,,,,,,,,,,,0.0,0.0,0.0,0.0,0.0,0.0
1773806300.1033478,False,,,,,,,,,,,,,,,,,,0.0,0.0,0.0,0.0,0.0,0.0
1773806300.113237,False,,,,,,,,,,,,,,,,,,0.0,0.0,0.0,0.0,0.0,0.0
1773806300.123141,False,,,,,,,,,,,,,,,,,,0.0,0.0,0.0,0.0,0.0,0.0
1773806300.1334102,False,,,,,,,,,,,,,,,,,,0.0,0.0,0.0,0.0,0.0,0.0
1773806300.1436157,False,,,,,,,,,,,,,,,,,,0.0,0.0,0.0,0.0,0.0,0.0
1773806300.1530833,False,,,,,,,,,,,,,,,,,,0.0,0.0,0.0,0.0,0.0,0.0
1773806300.1632733,False,,,,,,,,,,,,,,,,,,0.0,0.0,0.0,0.0,0.0,0.0
1773806300.1733282,False,,,,,,,,,,,,,,,,,,0.0,0.0,0.0,0.0,0.0,0.0
1773806300.1833107,False,,,,,,,,,,,,,,,,,,0.0,0.0,0.0,0.0,0.0,0.0
1773806300.1930475,False,,,,,,,,,,,,,,,,,,0.0,0.0,0.0,0.0,0.0,0.0
1773806300.2034001,False,,,,,,,,,,,,,,,,,,0.0,0.0,0.0,0.0,0.0,0.0
1773806300.213494,False,,,,,,,,,,,,,,,,,,0.0,0.0,0.0,0.0,0.0,0.0
1773806300.2235465,False,,,,,,,,,,,,,,,,,,0.0,0.0,0.0,0.0,0.0,0.0
1773806300.233647,False,,,,,,,,,,,,,,,,,,0.0,0.0,0.0,0.0,0.0,0.0
1773806300.242905,False,,,,,,,,,,,,,,,,,,0.0,0.0,0.0,0.0,0.0,0.0
1773806300.2530138,False,,,,,,,,,,,,,,,,,,0.0,0.0,0.0,0.0,0.0,0.0
1773806300.2630591,False,,,,,,,,,,,,,,,,,,0.0,0.0,0.0,0.0,0.0,0.0
1773806300.2732065,False,,,,,,,,,,,,,,,,,,0.0,0.0,0.0,0.0,0.0,0.0
1773806300.2830446,False,,,,,,,,,,,,,,,,,,0.0,0.0,0.0,0.0,0.0,0.0
1773806300.293323,False,,,,,,,,,,,,,,,,,,0.0,0.0,0.0,0.0,0.0,0.0
1773806300.3033383,False,,,,,,,,,,,,,,,,,,0.0,0.0,0.0,0.0,0.0,0.0
1773806300.3135102,False,,,,,,,,,,,,,,,,,,0.0,0.0,0.0,0.0,0.0,0.0
1773806300.3231244,False,,,,,,,,,,,,,,,,,,0.0,0.0,0.0,0.0,0.0,0.0
1773806300.3330455,False,,,,,,,,,,,,,,,,,,0.0,0.0,0.0,0.0,0.0,0.0
1773806300.3432922,False,,,,,,,,,,,,,,,,,,0.0,0.0,0.0,0.0,0.0,0.0
1773806300.3535597,False,,,,,,,,,,,,,,,,,,0.0,0.0,0.0,0.0,0.0,0.0
1773806300.3632398,False,,,,,,,,,,,,,,,,,,0.0,0.0,0.0,0.0,0.0,0.0
1773806300.373098,False,,,,,,,,,,,,,,,,,,0.0,0.0,0.0,0.0,0.0,0.0
1773806300.3831522,False,,,,,,,,,,,,,,,,,,0.0,0.0,0.0,0.0,0.0,0.0
1773806300.3933861,False,,,,,,,,,,,,,,,,,,0.0,0.0,0.0,0.0,0.0,0.0
1773806300.4030564,False,,,,,,,,,,,,,,,,,,0.0,0.0,0.0,0.0,0.0,0.0
1773806300.4130971,False,,,,,,,,,,,,,,,,,,0.0,0.0,0.0,0.0,0.0,0.0
1773806300.4233005,False,,,,,,,,,,,,,,,,,,0.0,0.0,0.0,0.0,0.0,0.0
1773806300.433059,False,,,,,,,,,,,,,,,,,,0.0,0.0,0.0,0.0,0.0,0.0
1773806300.4434159,False,,,,,,,,,,,,,,,,,,0.0,0.0,0.0,0.0,0.0,0.0
1773806300.4534614,False,,,,,,,,,,,,,,,,,,0.0,0.0,0.0,0.0,0.0,0.0
1773806300.4634655,False,,,,,,,,,,,,,,,,,,0.0,0.0,0.0,0.0,0.0,0.0
1773806300.4731188,False,,,,,,,,,,,,,,,,,,0.0,0.0,0.0,0.0,0.0,0.0
1773806300.483257,False,,,,,,,,,,,,,,,,,,0.0,0.0,0.0,0.0,0.0,0.0
1773806300.4933836,False,,,,,,,,,,,,,,,,,,0.0,0.0,0.0,0.0,0.0,0.0
1773806300.5035465,False,,,,,,,,,,,,,,,,,,0.0,0.0,0.0,0.0,0.0,0.0
1773806300.5136151,False,,,,,,,,,,,,,,,,,,0.0,0.0,0.0,0.0,0.0,0.0
1773806300.523601,False,,,,,,,,,,,,,,,,,,0.0,0.0,0.0,0.0,0.0,0.0
1773806300.5333133,False,,,,,,,,,,,,,,,,,,0.0,0.0,0.0,0.0,0.0,0.0
1773806300.5432234,False,,,,,,,,,,,,,,,,,,0.0,0.0,0.0,0.0,0.0,0.0
1773806300.5530443,False,,,,,,,,,,,,,,,,,,0.0,0.0,0.0,0.0,0.0,0.0
1773806300.563381,False,,,,,,,,,,,,,,,,,,0.0,0.0,0.0,0.0,0.0,0.0
1773806300.573162,False,,,,,,,,,,,,,,,,,,0.0,0.0,0.0,0.0,0.0,0.0
1773806300.5836225,False,,,,,,,,,,,,,,,,,,0.0,0.0,0.0,0.0,0.0,0.0
1773806300.5932364,False,,,,,,,,,,,,,,,,,,0.0,0.0,0.0,0.0,0.0,0.0
1773806300.6034222,False,,,,,,,,,,,,,,,,,,0.0,0.0,0.0,0.0,0.0,0.0
1773806300.6135619,False,,,,,,,,,,,,,,,,,,0.0,0.0,0.0,0.0,0.0,0.0
1773806300.6233134,False,,,,,,,,,,,,,,,,,,0.0,0.0,0.0,0.0,0.0,0.0
1773806300.6338024,False,,,,,,,,,,,,,,,,,,0.0,0.0,0.0,0.0,0.0,0.0
1773806300.6432285,False,,,,,,,,,,,,,,,,,,0.0,0.0,0.0,0.0,0.0,0.0
1773806300.6532757,False,,,,,,,,,,,,,,,,,,0.0,0.0,0.0,0.0,0.0,0.0
1773806300.6632621,False,,,,,,,,,,,,,,,,,,0.0,0.0,0.0,0.0,0.0,0.0
1773806300.6734655,False,,,,,,,,,,,,,,,,,,0.0,0.0,0.0,0.0,0.0,0.0
1773806300.6833515,False,,,,,,,,,,,,,,,,,,0.0,0.0,0.0,0.0,0.0,0.0
1773806300.6933074,False,,,,,,,,,,,,,,,,,,0.0,0.0,0.0,0.0,0.0,0.0
1773806300.7033641,False,,,,,,,,,,,,,,,,,,0.0,0.0,0.0,0.0,0.0,0.0
1773806300.7134106,False,,,,,,,,,,,,,,,,,,0.0,0.0,0.0,0.0,0.0,0.0
1773806300.7235231,False,,,,,,,,,,,,,,,,,,0.0,0.0,0.0,0.0,0.0,0.0
1773806300.7335098,False,,,,,,,,,,,,,,,,,,0.0,0.0,0.0,0.0,0.0,0.0
1773806300.7435086,False,,,,,,,,,,,,,,,,,,0.0,0.0,0.0,0.0,0.0,0.0
1773806300.7538002,False,,,,,,,,,,,,,,,,,,0.0,0.0,0.0,0.0,0.0,0.0
1773806300.763339,False,,,,,,,,,,,,,,,,,,0.0,0.0,0.0,0.0,0.0,0.0
1773806300.773302,False,,,,,,,,,,,,,,,,,,0.0,0.0,0.0,0.0,0.0,0.0
1773806300.7833285,False,,,,,,,,,,,,,,,,,,0.0,0.0,0.0,0.0,0.0,0.0
1773806300.7933714,False,,,,,,,,,,,,,,,,,,0.0,0.0,0.0,0.0,0.0,0.0
1773806300.803157,False,,,,,,,,,,,,,,,,,,0.0,0.0,0.0,0.0,0.0,0.0
1773806300.8133683,False,,,,,,,,,,,,,,,,,,0.0,0.0,0.0,0.0,0.0,0.0
1773806300.8234198,False,,,,,,,,,,,,,,,,,,0.0,0.0,0.0,0.0,0.0,0.0
1773806300.8332639,False,,,,,,,,,,,,,,,,,,0.0,0.0,0.0,0.0,0.0,0.0
1773806300.843313,False,,,,,,,,,,,,,,,,,,0.0,0.0,0.0,0.0,0.0,0.0
1773806300.8535576,False,,,,,,,,,,,,,,,,,,0.0,0.0,0.0,0.0,0.0,0.0
1773806300.863145,False,,,,,,,,,,,,,,,,,,0.0,0.0,0.0,0.0,0.0,0.0
1773806300.8734097,False,,,,,,,,,,,,,,,,,,0.0,0.0,0.0,0.0,0.0,0.0
1773806300.8831637,False,,,,,,,,,,,,,,,,,,0.0,0.0,0.0,0.0,0.0,0.0
1773806300.893461,False,,,,,,,,,,,,,,,,,,0.0,0.0,0.0,0.0,0.0,0.0
1773806300.9031255,False,,,,,,,,,,,,,,,,,,0.0,0.0,0.0,0.0,0.0,0.0
1773806300.9133,False,,,,,,,,,,,,,,,,,,0.0,0.0,0.0,0.0,0.0,0.0
1773806300.9233444,False,,,,,,,,,,,,,,,,,,0.0,0.0,0.0,0.0,0.0,0.0
1773806300.933761,False,,,,,,,,,,,,,,,,,,0.0,0.0,0.0,0.0,0.0,0.0
1773806300.9434073,False,,,,,,,,,,,,,,,,,,0.0,0.0,0.0,0.0,0.0,0.0
1773806300.9528813,False,,,,,,,,,,,,,,,,,,0.0,0.0,0.0,0.0,0.0,0.0
1773806300.9633324,False,,,,,,,,,,,,,,,,,,0.0,0.0,0.0,0.0,0.0,0.0
1773806300.9735785,False,,,,,,,,,,,,,,,,,,0.0,0.0,0.0,0.0,0.0,0.0
1773806300.9836423,False,,,,,,,,,,,,,,,,,,0.0,0.0,0.0,0.0,0.0,0.0
1773806300.9931602,False,,,,,,,,,,,,,,,,,,0.0,0.0,0.0,0.0,0.0,0.0
1773806301.0031908,False,,,,,,,,,,,,,,,,,,0.0,0.0,0.0,0.0,0.0,0.0
1773806301.013449,False,,,,,,,,,,,,,,,,,,0.0,0.0,0.0,0.0,0.0,0.0
1773806301.0235405,False,,,,,,,,,,,,,,,,,,0.0,0.0,0.0,0.0,0.0,0.0
1773806301.033569,False,,,,,,,,,,,,,,,,,,0.0,0.0,0.0,0.0,0.0,0.0
1773806301.043162,False,,,,,,,,,,,,,,,,,,0.0,0.0,0.0,0.0,0.0,0.0
1773806301.0533855,False,,,,,,,,,,,,,,,,,,0.0,0.0,0.0,0.0,0.0,0.0
1773806301.0632725,False,,,,,,,,,,,,,,,,,,0.0,0.0,0.0,0.0,0.0,0.0
1773806301.0734503,False,,,,,,,,,,,,,,,,,,0.0,0.0,0.0,0.0,0.0,0.0
1773806301.083054,False,,,,,,,,,,,,,,,,,,0.0,0.0,0.0,0.0,0.0,0.0
1773806301.0931096,False,,,,,,,,,,,,,,,,,,0.0,0.0,0.0,0.0,0.0,0.0
1773806301.1034904,False,,,,,,,,,,,,,,,,,,0.0,0.0,0.0,0.0,0.0,0.0
1773806301.113062,False,,,,,,,,,,,,,,,,,,0.0,0.0,0.0,0.0,0.0,0.0
1773806301.123224,False,,,,,,,,,,,,,,,,,,0.0,0.0,0.0,0.0,0.0,0.0
1773806301.133805,False,,,,,,,,,,,,,,,,,,0.0,0.0,0.0,0.0,0.0,0.0
1773806301.1431587,False,,,,,,,,,,,,,,,,,,0.0,0.0,0.0,0.0,0.0,0.0
1773806301.15327,False,,,,,,,,,,,,,,,,,,0.0,0.0,0.0,0.0,0.0,0.0
1773806301.1630952,False,,,,,,,,,,,,,,,,,,0.0,0.0,0.0,0.0,0.0,0.0
1773806301.1736143,False,,,,,,,,,,,,,,,,,,0.0,0.0,0.0,0.0,0.0,0.0
1773806301.1831336,False,,,,,,,,,,,,,,,,,,0.0,0.0,0.0,0.0,0.0,0.0
1773806301.1934693,False,,,,,,,,,,,,,,,,,,0.0,0.0,0.0,0.0,0.0,0.0
1773806301.2034833,False,,,,,,,,,,,,,,,,,,0.0,0.0,0.0,0.0,0.0,0.0
1773806301.2130327,False,,,,,,,,,,,,,,,,,,0.0,0.0,0.0,0.0,0.0,0.0
1773806301.2230299,False,,,,,,,,,,,,,,,,,,0.0,0.0,0.0,0.0,0.0,0.0
1773806301.233226,False,,,,,,,,,,,,,,,,,,0.0,0.0,0.0,0.0,0.0,0.0
1773806301.243592,False,,,,,,,,,,,,,,,,,,0.0,0.0,0.0,0.0,0.0,0.0
1773806301.2535322,False,,,,,,,,,,,,,,,,,,0.0,0.0,0.0,0.0,0.0,0.0
1773806301.2632294,False,,,,,,,,,,,,,,,,,,0.0,0.0,0.0,0.0,0.0,0.0
1773806303.8970687,False,,,,,,,,,,,,,,,,,,0.0,0.0,0.0,0.0,0.0,0.0
1773806303.8970687,False,,,,,,,,,,,,,,,,,,0.0,0.0,0.0,0.0,0.0,0.0
1773806303.907574,False,,,,,,,,,,,,,,,,,,0.0,0.0,0.0,0.0,0.0,0.0
1773806303.9172468,False,,,,,,,,,,,,,,,,,,0.0,0.0,0.0,0.0,0.0,0.0
1773806303.927765,False,,,,,,,,,,,,,,,,,,0.0,0.0,0.0,0.0,0.0,0.0
1773806303.9373276,False,,,,,,,,,,,,,,,,,,0.0,0.0,0.0,0.0,0.0,0.0
1773806303.947507,False,,,,,,,,,,,,,,,,,,0.0,0.0,0.0,0.0,0.0,0.0
1773806303.9577281,False,,,,,,,,,,,,,,,,,,0.0,0.0,0.0,0.0,0.0,0.0
1773806303.967766,False,,,,,,,,,,,,,,,,,,0.0,0.0,0.0,0.0,0.0,0.0
1773806303.9772854,False,,,,,,,,,,,,,,,,,,0.0,0.0,0.0,0.0,0.0,0.0
1773806303.9874954,False,,,,,,,,,,,,,,,,,,0.0,0.0,0.0,0.0,0.0,0.0
1773806303.9978693,False,,,,,,,,,,,,,,,,,,0.0,0.0,0.0,0.0,0.0,0.0
1773806304.0073884,False,,,,,,,,,,,,,,,,,,0.0,0.0,0.0,0.0,0.0,0.0
1773806304.0176783,False,,,,,,,,,,,,,,,,,,0.0,0.0,0.0,0.0,0.0,0.0
1773806304.027694,False,,,,,,,,,,,,,,,,,,0.0,0.0,0.0,0.0,0.0,0.0
1773806304.0377262,False,,,,,,,,,,,,,,,,,,0.0,0.0,0.0,0.0,0.0,0.0
1773806304.047626,False,,,,,,,,,,,,,,,,,,0.0,0.0,0.0,0.0,0.0,0.0
1773806304.0581245,False,,,,,,,,,,,,,,,,,,0.0,0.0,0.0,0.0,0.0,0.0
1773806304.0676944,False,,,,,,,,,,,,,,,,,,0.0,0.0,0.0,0.0,0.0,0.0
1773806304.0777235,False,,,,,,,,,,,,,,,,,,0.0,0.0,0.0,0.0,0.0,0.0
1773806304.0877368,False,,,,,,,,,,,,,,,,,,0.0,0.0,0.0,0.0,0.0,0.0
1773806304.097743,False,,,,,,,,,,,,,,,,,,0.0,0.0,0.0,0.0,0.0,0.0
1773806304.1077664,False,,,,,,,,,,,,,,,,,,0.0,0.0,0.0,0.0,0.0,0.0
1773806304.1172886,False,,,,,,,,,,,,,,,,,,0.0,0.0,0.0,0.0,0.0,0.0
1773806304.1275291,False,,,,,,,,,,,,,,,,,,0.0,0.0,0.0,0.0,0.0,0.0
1773806304.1375623,False,,,,,,,,,,,,,,,,,,0.0,0.0,0.0,0.0,0.0,0.0
1773806304.1477005,False,,,,,,,,,,,,,,,,,,0.0,0.0,0.0,0.0,0.0,0.0
1773806304.1573098,False,,,,,,,,,,,,,,,,,,0.0,0.0,0.0,0.0,0.0,0.0
1773806304.1673305,False,,,,,,,,,,,,,,,,,,0.0,0.0,0.0,0.0,0.0,0.0
1773806304.177365,False,,,,,,,,,,,,,,,,,,0.0,0.0,0.0,0.0,0.0,0.0
1773806304.187592,False,,,,,,,,,,,,,,,,,,0.0,0.0,0.0,0.0,0.0,0.0
1773806304.1976552,False,,,,,,,,,,,,,,,,,,0.0,0.0,0.0,0.0,0.0,0.0
1773806304.2073588,False,,,,,,,,,,,,,,,,,,0.0,0.0,0.0,0.0,0.0,0.0
1773806304.2176745,False,,,,,,,,,,,,,,,,,,0.0,0.0,0.0,0.0,0.0,0.0
1773806304.2276964,False,,,,,,,,,,,,,,,,,,0.0,0.0,0.0,0.0,0.0,0.0
1773806304.2377396,False,,,,,,,,,,,,,,,,,,0.0,0.0,0.0,0.0,0.0,0.0
1773806304.2477639,False,,,,,,,,,,,,,,,,,,0.0,0.0,0.0,0.0,0.0,0.0
1773806304.2572918,False,,,,,,,,,,,,,,,,,,0.0,0.0,0.0,0.0,0.0,0.0
1773806304.2678018,False,,,,,,,,,,,,,,,,,,0.0,0.0,0.0,0.0,0.0,0.0
1773806304.277332,False,,,,,,,,,,,,,,,,,,0.0,0.0,0.0,0.0,0.0,0.0
1773806304.28785,False,,,,,,,,,,,,,,,,,,0.0,0.0,0.0,0.0,0.0,0.0
1773806304.2978752,False,,,,,,,,,,,,,,,,,,0.0,0.0,0.0,0.0,0.0,0.0
1773806304.3078892,False,,,,,,,,,,,,,,,,,,0.0,0.0,0.0,0.0,0.0,0.0
1773806304.3174405,False,,,,,,,,,,,,,,,,,,0.0,0.0,0.0,0.0,0.0,0.0
1773806304.327462,False,,,,,,,,,,,,,,,,,,0.0,0.0,0.0,0.0,0.0,0.0
1773806304.3375487,False,,,,,,,,,,,,,,,,,,0.0,0.0,0.0,0.0,0.0,0.0
1773806304.3475807,False,,,,,,,,,,,,,,,,,,0.0,0.0,0.0,0.0,0.0,0.0
1773806304.357639,False,,,,,,,,,,,,,,,,,,0.0,0.0,0.0,0.0,0.0,0.0
1773806304.3678272,False,,,,,,,,,,,,,,,,,,0.0,0.0,0.0,0.0,0.0,0.0
1773806304.3773725,False,,,,,,,,,,,,,,,,,,0.0,0.0,0.0,0.0,0.0,0.0
1773806304.3879209,False,,,,,,,,,,,,,,,,,,0.0,0.0,0.0,0.0,0.0,0.0
1773806304.3974364,False,,,,,,,,,,,,,,,,,,0.0,0.0,0.0,0.0,0.0,0.0
1773806304.4078715,False,,,,,,,,,,,,,,,,,,0.0,0.0,0.0,0.0,0.0,0.0
1773806304.4174552,False,,,,,,,,,,,,,,,,,,0.0,0.0,0.0,0.0,0.0,0.0
1773806304.42749,False,,,,,,,,,,,,,,,,,,0.0,0.0,0.0,0.0,0.0,0.0
1773806304.4375918,False,,,,,,,,,,,,,,,,,,0.0,0.0,0.0,0.0,0.0,0.0
1773806304.4477983,False,,,,,,,,,,,,,,,,,,0.0,0.0,0.0,0.0,0.0,0.0
1773806304.4578295,False,,,,,,,,,,,,,,,,,,0.0,0.0,0.0,0.0,0.0,0.0
1773806304.4678528,False,,,,,,,,,,,,,,,,,,0.0,0.0,0.0,0.0,0.0,0.0
1773806304.47737,False,,,,,,,,,,,,,,,,,,0.0,0.0,0.0,0.0,0.0,0.0
1773806304.4873967,False,,,,,,,,,,,,,,,,,,0.0,0.0,0.0,0.0,0.0,0.0
1773806304.4974194,False,,,,,,,,,,,,,,,,,,0.0,0.0,0.0,0.0,0.0,0.0
1773806304.5074403,False,,,,,,,,,,,,,,,,,,0.0,0.0,0.0,0.0,0.0,0.0
1773806304.517465,False,,,,,,,,,,,,,,,,,,0.0,0.0,0.0,0.0,0.0,0.0
1773806304.5275075,False,,,,,,,,,,,,,,,,,,0.0,0.0,0.0,0.0,0.0,0.0
1773806304.537329,False,,,,,,,,,,,,,,,,,,0.0,0.0,0.0,0.0,0.0,0.0
1773806304.547346,False,,,,,,,,,,,,,,,,,,0.0,0.0,0.0,0.0,0.0,0.0
1773806304.557374,False,,,,,,,,,,,,,,,,,,0.0,0.0,0.0,0.0,0.0,0.0
1773806304.5677457,False,,,,,,,,,,,,,,,,,,0.0,0.0,0.0,0.0,0.0,0.0
1773806304.577507,False,,,,,,,,,,,,,,,,,,0.0,0.0,0.0,0.0,0.0,0.0
1773806304.5876813,False,,,,,,,,,,,,,,,,,,0.0,0.0,0.0,0.0,0.0,0.0
1773806304.597702,False,,,,,,,,,,,,,,,,,,0.0,0.0,0.0,0.0,0.0,0.0
1773806304.6076365,False,,,,,,,,,,,,,,,,,,0.0,0.0,0.0,0.0,0.0,0.0
1773806304.617529,False,,,,,,,,,,,,,,,,,,0.0,0.0,0.0,0.0,0.0,0.0
1773806304.6275625,False,,,,,,,,,,,,,,,,,,0.0,0.0,0.0,0.0,0.0,0.0
1773806304.637636,False,,,,,,,,,,,,,,,,,,0.0,0.0,0.0,0.0,0.0,0.0
1773806304.647664,False,,,,,,,,,,,,,,,,,,0.0,0.0,0.0,0.0,0.0,0.0
1773806304.659798,False,,,,,,,,,,,,,,,,,,0.0,0.0,0.0,0.0,0.0,0.0
1773806304.6678984,False,,,,,,,,,,,,,,,,,,0.0,0.0,0.0,0.0,0.0,0.0
1773806304.6790702,False,,,,,,,,,,,,,,,,,,0.0,0.0,0.0,0.0,0.0,0.0
1773806304.6885824,False,,,,,,,,,,,,,,,,,,0.0,0.0,0.0,0.0,0.0,0.0
1773806304.6982107,False,,,,,,,,,,,,,,,,,,0.0,0.0,0.0,0.0,0.0,0.0
1773806304.7082245,False,,,,,,,,,,,,,,,,,,0.0,0.0,0.0,0.0,0.0,0.0
1773806304.7183423,False,,,,,,,,,,,,,,,,,,0.0,0.0,0.0,0.0,0.0,0.0
1773806304.7284613,False,,,,,,,,,,,,,,,,,,0.0,0.0,0.0,0.0,0.0,0.0
1773806304.738244,False,,,,,,,,,,,,,,,,,,0.0,0.0,0.0,0.0,0.0,0.0
1773806304.7483547,False,,,,,,,,,,,,,,,,,,0.0,0.0,0.0,0.0,0.0,0.0
1773806304.7583745,False,,,,,,,,,,,,,,,,,,0.0,0.0,0.0,0.0,0.0,0.0
1773806304.7683976,False,,,,,,,,,,,,,,,,,,0.0,0.0,0.0,0.0,0.0,0.0
1773806304.7784188,False,,,,,,,,,,,,,,,,,,0.0,0.0,0.0,0.0,0.0,0.0
1773806304.788109,False,,,,,,,,,,,,,,,,,,0.0,0.0,0.0,0.0,0.0,0.0
1773806304.798629,False,,,,,,,,,,,,,,,,,,0.0,0.0,0.0,0.0,0.0,0.0
1773806304.8087275,False,,,,,,,,,,,,,,,,,,0.0,0.0,0.0,0.0,0.0,0.0
1773806304.818239,False,,,,,,,,,,,,,,,,,,0.0,0.0,0.0,0.0,0.0,0.0
1773806304.8282952,False,,,,,,,,,,,,,,,,,,0.0,0.0,0.0,0.0,0.0,0.0
1773806304.838325,False,,,,,,,,,,,,,,,,,,0.0,0.0,0.0,0.0,0.0,0.0
1773806304.8484178,False,,,,,,,,,,,,,,,,,,0.0,0.0,0.0,0.0,0.0,0.0
1773806304.8584497,False,,,,,,,,,,,,,,,,,,0.0,0.0,0.0,0.0,0.0,0.0
1773806304.8684561,False,,,,,,,,,,,,,,,,,,0.0,0.0,0.0,0.0,0.0,0.0
1773806304.8784974,False,,,,,,,,,,,,,,,,,,0.0,0.0,0.0,0.0,0.0,0.0
1773806304.8885875,False,,,,,,,,,,,,,,,,,,0.0,0.0,0.0,0.0,0.0,0.0
1773806304.8986402,False,,,,,,,,,,,,,,,,,,0.0,0.0,0.0,0.0,0.0,0.0
1773806304.9084463,False,,,,,,,,,,,,,,,,,,0.0,0.0,0.0,0.0,0.0,0.0
1773806304.9185762,False,,,,,,,,,,,,,,,,,,0.0,0.0,0.0,0.0,0.0,0.0
1773806304.9283457,False,,,,,,,,,,,,,,,,,,0.0,0.0,0.0,0.0,0.0,0.0
1773806304.938452,False,,,,,,,,,,,,,,,,,,0.0,0.0,0.0,0.0,0.0,0.0
1773806304.948241,False,,,,,,,,,,,,,,,,,,0.0,0.0,0.0,0.0,0.0,0.0
1773806304.9581532,False,,,,,,,,,,,,,,,,,,0.0,0.0,0.0,0.0,0.0,0.0
1773806304.9686716,False,,,,,,,,,,,,,,,,,,0.0,0.0,0.0,0.0,0.0,0.0
1773806304.9781199,False,,,,,,,,,,,,,,,,,,0.0,0.0,0.0,0.0,0.0,0.0
1773806304.9883916,False,,,,,,,,,,,,,,,,,,0.0,0.0,0.0,0.0,0.0,0.0
1773806304.9986565,False,,,,,,,,,,,,,,,,,,0.0,0.0,0.0,0.0,0.0,0.0
1773806305.00817,False,,,,,,,,,,,,,,,,,,0.0,0.0,0.0,0.0,0.0,0.0
1773806305.018166,False,,,,,,,,,,,,,,,,,,0.0,0.0,0.0,0.0,0.0,0.0
1773806305.028226,False,,,,,,,,,,,,,,,,,,0.0,0.0,0.0,0.0,0.0,0.0
1773806305.0382638,False,,,,,,,,,,,,,,,,,,0.0,0.0,0.0,0.0,0.0,0.0
1773806305.0484333,False,,,,,,,,,,,,,,,,,,0.0,0.0,0.0,0.0,0.0,0.0
1773806305.0584738,False,,,,,,,,,,,,,,,,,,0.0,0.0,0.0,0.0,0.0,0.0
1773806305.0684874,False,,,,,,,,,,,,,,,,,,0.0,0.0,0.0,0.0,0.0,0.0
1773806305.0785196,False,,,,,,,,,,,,,,,,,,0.0,0.0,0.0,0.0,0.0,0.0
1773806305.088164,False,,,,,,,,,,,,,,,,,,0.0,0.0,0.0,0.0,0.0,0.0
1773806305.098198,False,,,,,,,,,,,,,,,,,,0.0,0.0,0.0,0.0,0.0,0.0
1773806305.108255,False,,,,,,,,,,,,,,,,,,0.0,0.0,0.0,0.0,0.0,0.0
1773806305.1181743,False,,,,,,,,,,,,,,,,,,0.0,0.0,0.0,0.0,0.0,0.0
1773806305.1283846,False,,,,,,,,,,,,,,,,,,0.0,0.0,0.0,0.0,0.0,0.0
1773806305.1384904,False,,,,,,,,,,,,,,,,,,0.0,0.0,0.0,0.0,0.0,0.0
1773806305.1485524,False,,,,,,,,,,,,,,,,,,0.0,0.0,0.0,0.0,0.0,0.0
1773806305.1582584,False,,,,,,,,,,,,,,,,,,0.0,0.0,0.0,0.0,0.0,0.0
1773806305.1685855,False,,,,,,,,,,,,,,,,,,0.0,0.0,0.0,0.0,0.0,0.0
1773806305.1786127,False,,,,,,,,,,,,,,,,,,0.0,0.0,0.0,0.0,0.0,0.0
1773806305.18838,False,,,,,,,,,,,,,,,,,,0.0,0.0,0.0,0.0,0.0,0.0
1773806305.1984859,False,,,,,,,,,,,,,,,,,,0.0,0.0,0.0,0.0,0.0,0.0
1773806305.2084987,False,,,,,,,,,,,,,,,,,,0.0,0.0,0.0,0.0,0.0,0.0
1773806305.218568,False,,,,,,,,,,,,,,,,,,0.0,0.0,0.0,0.0,0.0,0.0
1773806305.2286036,False,,,,,,,,,,,,,,,,,,0.0,0.0,0.0,0.0,0.0,0.0
1773806305.2386773,False,,,,,,,,,,,,,,,,,,0.0,0.0,0.0,0.0,0.0,0.0
1773806305.248255,False,,,,,,,,,,,,,,,,,,0.0,0.0,0.0,0.0,0.0,0.0
1773806305.258464,False,,,,,,,,,,,,,,,,,,0.0,0.0,0.0,0.0,0.0,0.0
1773806305.2684999,False,,,,,,,,,,,,,,,,,,0.0,0.0,0.0,0.0,0.0,0.0
1773806305.27858,False,,,,,,,,,,,,,,,,,,0.0,0.0,0.0,0.0,0.0,0.0
1773806305.288474,False,,,,,,,,,,,,,,,,,,0.0,0.0,0.0,0.0,0.0,0.0
1773806305.2984855,False,,,,,,,,,,,,,,,,,,0.0,0.0,0.0,0.0,0.0,0.0
1773806305.3085978,False,,,,,,,,,,,,,,,,,,0.0,0.0,0.0,0.0,0.0,0.0
1773806305.3182423,False,,,,,,,,,,,,,,,,,,0.0,0.0,0.0,0.0,0.0,0.0
1773806305.328324,False,,,,,,,,,,,,,,,,,,0.0,0.0,0.0,0.0,0.0,0.0
1773806305.3385131,False,,,,,,,,,,,,,,,,,,0.0,0.0,0.0,0.0,0.0,0.0
1773806305.3481987,False,,,,,,,,,,,,,,,,,,0.0,0.0,0.0,0.0,0.0,0.0
1773806305.3584743,False,,,,,,,,,,,,,,,,,,0.0,0.0,0.0,0.0,0.0,0.0
1773806305.3680248,False,,,,,,,,,,,,,,,,,,0.0,0.0,0.0,0.0,0.0,0.0
1773806305.3786545,False,,,,,,,,,,,,,,,,,,0.0,0.0,0.0,0.0,0.0,0.0
1773806305.3887203,False,,,,,,,,,,,,,,,,,,0.0,0.0,0.0,0.0,0.0,0.0
1773806305.3985178,False,,,,,,,,,,,,,,,,,,0.0,0.0,0.0,0.0,0.0,0.0
1773806305.4081807,False,,,,,,,,,,,,,,,,,,0.0,0.0,0.0,0.0,0.0,0.0
1773806305.4183936,False,,,,,,,,,,,,,,,,,,0.0,0.0,0.0,0.0,0.0,0.0
1773806305.4283376,False,,,,,,,,,,,,,,,,,,0.0,0.0,0.0,0.0,0.0,0.0
1773806305.4384458,False,,,,,,,,,,,,,,,,,,0.0,0.0,0.0,0.0,0.0,0.0
1773806305.4485915,False,,,,,,,,,,,,,,,,,,0.0,0.0,0.0,0.0,0.0,0.0
1773806305.4581156,False,,,,,,,,,,,,,,,,,,0.0,0.0,0.0,0.0,0.0,0.0
1773806305.468309,False,,,,,,,,,,,,,,,,,,0.0,0.0,0.0,0.0,0.0,0.0
1773806305.478376,False,,,,,,,,,,,,,,,,,,0.0,0.0,0.0,0.0,0.0,0.0
1773806305.4884167,False,,,,,,,,,,,,,,,,,,0.0,0.0,0.0,0.0,0.0,0.0
1773806305.498535,False,,,,,,,,,,,,,,,,,,0.0,0.0,0.0,0.0,0.0,0.0
1773806305.5085912,False,,,,,,,,,,,,,,,,,,0.0,0.0,0.0,0.0,0.0,0.0
1773806305.5186236,False,,,,,,,,,,,,,,,,,,0.0,0.0,0.0,0.0,0.0,0.0
1773806305.5286477,False,,,,,,,,,,,,,,,,,,0.0,0.0,0.0,0.0,0.0,0.0
1773806305.538534,False,,,,,,,,,,,,,,,,,,0.0,0.0,0.0,0.0,0.0,0.0
1773806305.548107,False,,,,,,,,,,,,,,,,,,0.0,0.0,0.0,0.0,0.0,0.0
1773806305.5585089,False,,,,,,,,,,,,,,,,,,0.0,0.0,0.0,0.0,0.0,0.0
1773806305.5685446,False,,,,,,,,,,,,,,,,,,0.0,0.0,0.0,0.0,0.0,0.0
1773806305.5787008,False,,,,,,,,,,,,,,,,,,0.0,0.0,0.0,0.0,0.0,0.0
1773806305.588257,False,,,,,,,,,,,,,,,,,,0.0,0.0,0.0,0.0,0.0,0.0
1773806305.598309,False,,,,,,,,,,,,,,,,,,0.0,0.0,0.0,0.0,0.0,0.0
1773806305.6085107,False,,,,,,,,,,,,,,,,,,0.0,0.0,0.0,0.0,0.0,0.0
1773806305.618531,False,,,,,,,,,,,,,,,,,,0.0,0.0,0.0,0.0,0.0,0.0
1773806305.6282036,False,,,,,,,,,,,,,,,,,,0.0,0.0,0.0,0.0,0.0,0.0
1773806305.6385496,False,,,,,,,,,,,,,,,,,,0.0,0.0,0.0,0.0,0.0,0.0
1773806305.6485138,False,,,,,,,,,,,,,,,,,,0.0,0.0,0.0,0.0,0.0,0.0
1773806305.6582541,False,,,,,,,,,,,,,,,,,,0.0,0.0,0.0,0.0,0.0,0.0
1773806305.6682863,False,,,,,,,,,,,,,,,,,,0.0,0.0,0.0,0.0,0.0,0.0
1773806305.6783965,False,,,,,,,,,,,,,,,,,,0.0,0.0,0.0,0.0,0.0,0.0
1773806305.6884081,False,,,,,,,,,,,,,,,,,,0.0,0.0,0.0,0.0,0.0,0.0
1773806305.698434,False,,,,,,,,,,,,,,,,,,0.0,0.0,0.0,0.0,0.0,0.0
1773806305.7084389,False,,,,,,,,,,,,,,,,,,0.0,0.0,0.0,0.0,0.0,0.0
1773806305.7181592,False,,,,,,,,,,,,,,,,,,0.0,0.0,0.0,0.0,0.0,0.0
1773806305.7285671,False,,,,,,,,,,,,,,,,,,0.0,0.0,0.0,0.0,0.0,0.0
1773806305.738687,False,,,,,,,,,,,,,,,,,,0.0,0.0,0.0,0.0,0.0,0.0
1773806305.7484062,False,,,,,,,,,,,,,,,,,,0.0,0.0,0.0,0.0,0.0,0.0
1773806305.7584367,False,,,,,,,,,,,,,,,,,,0.0,0.0,0.0,0.0,0.0,0.0
1773806305.768556,False,,,,,,,,,,,,,,,,,,0.0,0.0,0.0,0.0,0.0,0.0
1773806305.7781498,False,,,,,,,,,,,,,,,,,,0.0,0.0,0.0,0.0,0.0,0.0
1773806305.78867,False,,,,,,,,,,,,,,,,,,0.0,0.0,0.0,0.0,0.0,0.0
1773806305.7984178,False,,,,,,,,,,,,,,,,,,0.0,0.0,0.0,0.0,0.0,0.0
1773806305.808804,False,,,,,,,,,,,,,,,,,,0.0,0.0,0.0,0.0,0.0,0.0
1773806305.8185744,False,,,,,,,,,,,,,,,,,,0.0,0.0,0.0,0.0,0.0,0.0
1773806305.828429,False,,,,,,,,,,,,,,,,,,0.0,0.0,0.0,0.0,0.0,0.0
1773806305.8384967,False,,,,,,,,,,,,,,,,,,0.0,0.0,0.0,0.0,0.0,0.0
1773806305.8485873,False,,,,,,,,,,,,,,,,,,0.0,0.0,0.0,0.0,0.0,0.0
1773806305.8586,False,,,,,,,,,,,,,,,,,,0.0,0.0,0.0,0.0,0.0,0.0
1773806305.8684435,False,,,,,,,,,,,,,,,,,,0.0,0.0,0.0,0.0,0.0,0.0
1773806305.8787124,False,,,,,,,,,,,,,,,,,,0.0,0.0,0.0,0.0,0.0,0.0
1773806305.8883,False,,,,,,,,,,,,,,,,,,0.0,0.0,0.0,0.0,0.0,0.0
1773806305.8981292,False,,,,,,,,,,,,,,,,,,0.0,0.0,0.0,0.0,0.0,0.0
1773806305.908739,False,,,,,,,,,,,,,,,,,,0.0,0.0,0.0,0.0,0.0,0.0
1773806305.918589,False,,,,,,,,,,,,,,,,,,0.0,0.0,0.0,0.0,0.0,0.0
1773806305.928203,False,,,,,,,,,,,,,,,,,,0.0,0.0,0.0,0.0,0.0,0.0
1773806305.9387343,False,,,,,,,,,,,,,,,,,,0.0,0.0,0.0,0.0,0.0,0.0
1773806305.9485629,False,,,,,,,,,,,,,,,,,,0.0,0.0,0.0,0.0,0.0,0.0
1773806305.9583318,False,,,,,,,,,,,,,,,,,,0.0,0.0,0.0,0.0,0.0,0.0
1773806305.9685152,False,,,,,,,,,,,,,,,,,,0.0,0.0,0.0,0.0,0.0,0.0
1773806305.978231,False,,,,,,,,,,,,,,,,,,0.0,0.0,0.0,0.0,0.0,0.0
1773806305.9884682,False,,,,,,,,,,,,,,,,,,0.0,0.0,0.0,0.0,0.0,0.0
1773806305.998512,False,,,,,,,,,,,,,,,,,,0.0,0.0,0.0,0.0,0.0,0.0
1773806306.008607,False,,,,,,,,,,,,,,,,,,0.0,0.0,0.0,0.0,0.0,0.0
1773806306.018274,False,,,,,,,,,,,,,,,,,,0.0,0.0,0.0,0.0,0.0,0.0
1773806306.0283127,False,,,,,,,,,,,,,,,,,,0.0,0.0,0.0,0.0,0.0,0.0
1773806306.0385835,False,,,,,,,,,,,,,,,,,,0.0,0.0,0.0,0.0,0.0,0.0
1773806306.0487094,False,,,,,,,,,,,,,,,,,,0.0,0.0,0.0,0.0,0.0,0.0
1773806306.0584495,False,,,,,,,,,,,,,,,,,,0.0,0.0,0.0,0.0,0.0,0.0
1773806306.0681653,False,,,,,,,,,,,,,,,,,,0.0,0.0,0.0,0.0,0.0,0.0
1773806306.0786977,False,,,,,,,,,,,,,,,,,,0.0,0.0,0.0,0.0,0.0,0.0
1773806306.0882947,False,,,,,,,,,,,,,,,,,,0.0,0.0,0.0,0.0,0.0,0.0
1773806306.09851,False,,,,,,,,,,,,,,,,,,0.0,0.0,0.0,0.0,0.0,0.0
1773806306.108181,False,,,,,,,,,,,,,,,,,,0.0,0.0,0.0,0.0,0.0,0.0
1773806306.1184375,False,,,,,,,,,,,,,,,,,,0.0,0.0,0.0,0.0,0.0,0.0
1773806306.128485,False,,,,,,,,,,,,,,,,,,0.0,0.0,0.0,0.0,0.0,0.0
1773806306.1385581,False,,,,,,,,,,,,,,,,,,0.0,0.0,0.0,0.0,0.0,0.0
1773806306.1486113,False,,,,,,,,,,,,,,,,,,0.0,0.0,0.0,0.0,0.0,0.0
1773806306.1583154,False,,,,,,,,,,,,,,,,,,0.0,0.0,0.0,0.0,0.0,0.0
1773806306.1683385,False,,,,,,,,,,,,,,,,,,0.0,0.0,0.0,0.0,0.0,0.0
1773806306.1784568,False,,,,,,,,,,,,,,,,,,0.0,0.0,0.0,0.0,0.0,0.0
1773806306.188351,False,,,,,,,,,,,,,,,,,,0.0,0.0,0.0,0.0,0.0,0.0
1773806306.1986217,False,,,,,,,,,,,,,,,,,,0.0,0.0,0.0,0.0,0.0,0.0
1773806306.2082894,False,,,,,,,,,,,,,,,,,,0.0,0.0,0.0,0.0,0.0,0.0
1773806306.2183418,False,,,,,,,,,,,,,,,,,,0.0,0.0,0.0,0.0,0.0,0.0
1773806306.2285416,False,,,,,,,,,,,,,,,,,,0.0,0.0,0.0,0.0,0.0,0.0
1773806306.238633,False,,,,,,,,,,,,,,,,,,0.0,0.0,0.0,0.0,0.0,0.0
1773806306.248703,False,,,,,,,,,,,,,,,,,,0.0,0.0,0.0,0.0,0.0,0.0
1773806306.2584043,False,,,,,,,,,,,,,,,,,,0.0,0.0,0.0,0.0,0.0,0.0
1773806306.268431,False,,,,,,,,,,,,,,,,,,0.0,0.0,0.0,0.0,0.0,0.0
1773806306.2785816,False,,,,,,,,,,,,,,,,,,0.0,0.0,0.0,0.0,0.0,0.0
1773806306.288238,False,,,,,,,,,,,,,,,,,,0.0,0.0,0.0,0.0,0.0,0.0
1773806306.2982845,False,,,,,,,,,,,,,,,,,,0.0,0.0,0.0,0.0,0.0,0.0
1773806306.3088267,False,,,,,,,,,,,,,,,,,,0.0,0.0,0.0,0.0,0.0,0.0
1773806306.3181446,False,,,,,,,,,,,,,,,,,,0.0,0.0,0.0,0.0,0.0,0.0
1773806306.328599,False,,,,,,,,,,,,,,,,,,0.0,0.0,0.0,0.0,0.0,0.0
1773806306.338739,False,,,,,,,,,,,,,,,,,,0.0,0.0,0.0,0.0,0.0,0.0
1773806306.3482804,False,,,,,,,,,,,,,,,,,,0.0,0.0,0.0,0.0,0.0,0.0
1773806306.3585145,False,,,,,,,,,,,,,,,,,,0.0,0.0,0.0,0.0,0.0,0.0
1773806306.3685422,False,,,,,,,,,,,,,,,,,,0.0,0.0,0.0,0.0,0.0,0.0
1773806306.3787022,False,,,,,,,,,,,,,,,,,,0.0,0.0,0.0,0.0,0.0,0.0
1773806306.3882174,False,,,,,,,,,,,,,,,,,,0.0,0.0,0.0,0.0,0.0,0.0
1773806306.3982816,False,,,,,,,,,,,,,,,,,,0.0,0.0,0.0,0.0,0.0,0.0
1773806306.4085877,False,,,,,,,,,,,,,,,,,,0.0,0.0,0.0,0.0,0.0,0.0
1773806306.418292,False,,,,,,,,,,,,,,,,,,0.0,0.0,0.0,0.0,0.0,0.0
1773806306.4286222,False,,,,,,,,,,,,,,,,,,0.0,0.0,0.0,0.0,0.0,0.0
1773806306.4387224,False,,,,,,,,,,,,,,,,,,0.0,0.0,0.0,0.0,0.0,0.0
1773806306.4482427,False,,,,,,,,,,,,,,,,,,0.0,0.0,0.0,0.0,0.0,0.0
1773806306.4584634,False,,,,,,,,,,,,,,,,,,0.0,0.0,0.0,0.0,0.0,0.0
1773806306.468671,False,,,,,,,,,,,,,,,,,,0.0,0.0,0.0,0.0,0.0,0.0
1773806306.4785733,False,,,,,,,,,,,,,,,,,,0.0,0.0,0.0,0.0,0.0,0.0
1773806306.488107,False,,,,,,,,,,,,,,,,,,0.0,0.0,0.0,0.0,0.0,0.0
1773806306.4981658,False,,,,,,,,,,,,,,,,,,0.0,0.0,0.0,0.0,0.0,0.0
1773806306.5083826,False,,,,,,,,,,,,,,,,,,0.0,0.0,0.0,0.0,0.0,0.0
1773806306.5184555,False,,,,,,,,,,,,,,,,,,0.0,0.0,0.0,0.0,0.0,0.0
1773806306.5284238,False,,,,,,,,,,,,,,,,,,0.0,0.0,0.0,0.0,0.0,0.0
1773806306.53843,False,,,,,,,,,,,,,,,,,,0.0,0.0,0.0,0.0,0.0,0.0
1773806306.5484834,False,,,,,,,,,,,,,,,,,,0.0,0.0,0.0,0.0,0.0,0.0
1773806306.5584996,False,,,,,,,,,,,,,,,,,,0.0,0.0,0.0,0.0,0.0,0.0
1773806306.5682437,False,,,,,,,,,,,,,,,,,,0.0,0.0,0.0,0.0,0.0,0.0
1773806306.5782783,False,,,,,,,,,,,,,,,,,,0.0,0.0,0.0,0.0,0.0,0.0
1773806306.5885541,False,,,,,,,,,,,,,,,,,,0.0,0.0,0.0,0.0,0.0,0.0
1773806306.598396,False,,,,,,,,,,,,,,,,,,0.0,0.0,0.0,0.0,0.0,0.0
1773806306.6084313,False,,,,,,,,,,,,,,,,,,0.0,0.0,0.0,0.0,0.0,0.0
1773806306.6185367,False,,,,,,,,,,,,,,,,,,0.0,0.0,0.0,0.0,0.0,0.0
1773806306.6285603,False,,,,,,,,,,,,,,,,,,0.0,0.0,0.0,0.0,0.0,0.0
1773806306.6385865,False,,,,,,,,,,,,,,,,,,0.0,0.0,0.0,0.0,0.0,0.0
1773806306.648619,False,,,,,,,,,,,,,,,,,,0.0,0.0,0.0,0.0,0.0,0.0
1773806306.6586437,False,,,,,,,,,,,,,,,,,,0.0,0.0,0.0,0.0,0.0,0.0
1773806306.6686847,False,,,,,,,,,,,,,,,,,,0.0,0.0,0.0,0.0,0.0,0.0
1773806306.678731,False,,,,,,,,,,,,,,,,,,0.0,0.0,0.0,0.0,0.0,0.0
1773806306.6883388,False,,,,,,,,,,,,,,,,,,0.0,0.0,0.0,0.0,0.0,0.0
1773806306.6984937,False,,,,,,,,,,,,,,,,,,0.0,0.0,0.0,0.0,0.0,0.0
1773806306.7085187,False,,,,,,,,,,,,,,,,,,0.0,0.0,0.0,0.0,0.0,0.0
1773806306.718281,False,,,,,,,,,,,,,,,,,,0.0,0.0,0.0,0.0,0.0,0.0
1773806306.7283251,False,,,,,,,,,,,,,,,,,,0.0,0.0,0.0,0.0,0.0,0.0
1773806306.7384558,False,,,,,,,,,,,,,,,,,,0.0,0.0,0.0,0.0,0.0,0.0
1773806306.7481768,False,,,,,,,,,,,,,,,,,,0.0,0.0,0.0,0.0,0.0,0.0
1773806306.7583976,False,,,,,,,,,,,,,,,,,,0.0,0.0,0.0,0.0,0.0,0.0
1773806306.7685428,False,,,,,,,,,,,,,,,,,,0.0,0.0,0.0,0.0,0.0,0.0
1773806306.7787821,False,,,,,,,,,,,,,,,,,,0.0,0.0,0.0,0.0,0.0,0.0
1773806306.788792,False,,,,,,,,,,,,,,,,,,0.0,0.0,0.0,0.0,0.0,0.0
1773806306.798618,False,,,,,,,,,,,,,,,,,,0.0,0.0,0.0,0.0,0.0,0.0
1773806306.8082664,False,,,,,,,,,,,,,,,,,,0.0,0.0,0.0,0.0,0.0,0.0
1773806306.8184855,False,,,,,,,,,,,,,,,,,,0.0,0.0,0.0,0.0,0.0,0.0
1773806306.828386,False,,,,,,,,,,,,,,,,,,0.0,0.0,0.0,0.0,0.0,0.0
1773806306.8382313,False,,,,,,,,,,,,,,,,,,0.0,0.0,0.0,0.0,0.0,0.0
1773806306.8481538,False,,,,,,,,,,,,,,,,,,0.0,0.0,0.0,0.0,0.0,0.0
1773806306.858188,False,,,,,,,,,,,,,,,,,,0.0,0.0,0.0,0.0,0.0,0.0
1773806306.8688602,False,,,,,,,,,,,,,,,,,,0.0,0.0,0.0,0.0,0.0,0.0
1773806306.878377,False,,,,,,,,,,,,,,,,,,0.0,0.0,0.0,0.0,0.0,0.0
1773806306.888628,False,,,,,,,,,,,,,,,,,,0.0,0.0,0.0,0.0,0.0,0.0
1773806306.898314,False,,,,,,,,,,,,,,,,,,0.0,0.0,0.0,0.0,0.0,0.0
1773806306.9083207,False,,,,,,,,,,,,,,,,,,0.0,0.0,0.0,0.0,0.0,0.0
1773806306.9181676,False,,,,,,,,,,,,,,,,,,0.0,0.0,0.0,0.0,0.0,0.0
1773806306.9282877,False,,,,,,,,,,,,,,,,,,0.0,0.0,0.0,0.0,0.0,0.0
1773806306.938329,False,,,,,,,,,,,,,,,,,,0.0,0.0,0.0,0.0,0.0,0.0
1773806306.9483547,False,,,,,,,,,,,,,,,,,,0.0,0.0,0.0,0.0,0.0,0.0
1773806306.9580805,False,,,,,,,,,,,,,,,,,,0.0,0.0,0.0,0.0,0.0,0.0
1773806306.9681032,False,,,,,,,,,,,,,,,,,,0.0,0.0,0.0,0.0,0.0,0.0
1773806306.9781735,False,,,,,,,,,,,,,,,,,,0.0,0.0,0.0,0.0,0.0,0.0
1773806306.9882774,False,,,,,,,,,,,,,,,,,,0.0,0.0,0.0,0.0,0.0,0.0
1773806306.9984887,False,,,,,,,,,,,,,,,,,,0.0,0.0,0.0,0.0,0.0,0.0
1773806307.0082111,False,,,,,,,,,,,,,,,,,,0.0,0.0,0.0,0.0,0.0,0.0
1773806307.0184054,False,,,,,,,,,,,,,,,,,,0.0,0.0,0.0,0.0,0.0,0.0
1773806307.0284207,False,,,,,,,,,,,,,,,,,,0.0,0.0,0.0,0.0,0.0,0.0
1773806307.0384402,False,,,,,,,,,,,,,,,,,,0.0,0.0,0.0,0.0,0.0,0.0
1773806307.0484552,False,,,,,,,,,,,,,,,,,,0.0,0.0,0.0,0.0,0.0,0.0
1773806307.0584862,False,,,,,,,,,,,,,,,,,,0.0,0.0,0.0,0.0,0.0,0.0
1773806307.068497,False,,,,,,,,,,,,,,,,,,0.0,0.0,0.0,0.0,0.0,0.0
1773806307.078514,False,,,,,,,,,,,,,,,,,,0.0,0.0,0.0,0.0,0.0,0.0
1773806307.0885224,False,,,,,,,,,,,,,,,,,,0.0,0.0,0.0,0.0,0.0,0.0
1773806307.098536,False,,,,,,,,,,,,,,,,,,0.0,0.0,0.0,0.0,0.0,0.0
1773806307.1085572,False,,,,,,,,,,,,,,,,,,0.0,0.0,0.0,0.0,0.0,0.0
1773806307.118185,False,,,,,,,,,,,,,,,,,,0.0,0.0,0.0,0.0,0.0,0.0
1773806307.128531,False,,,,,,,,,,,,,,,,,,0.0,0.0,0.0,0.0,0.0,0.0
1773806307.138407,False,,,,,,,,,,,,,,,,,,0.0,0.0,0.0,0.0,0.0,0.0
1773806307.148263,False,,,,,,,,,,,,,,,,,,0.0,0.0,0.0,0.0,0.0,0.0
1773806307.1582851,False,,,,,,,,,,,,,,,,,,0.0,0.0,0.0,0.0,0.0,0.0
1773806307.1683328,False,,,,,,,,,,,,,,,,,,0.0,0.0,0.0,0.0,0.0,0.0
1773806307.1783652,False,,,,,,,,,,,,,,,,,,0.0,0.0,0.0,0.0,0.0,0.0
1773806307.1884062,False,,,,,,,,,,,,,,,,,,0.0,0.0,0.0,0.0,0.0,0.0
1773806307.198615,False,,,,,,,,,,,,,,,,,,0.0,0.0,0.0,0.0,0.0,0.0
1773806307.2086742,False,,,,,,,,,,,,,,,,,,0.0,0.0,0.0,0.0,0.0,0.0
1773806307.2183292,False,,,,,,,,,,,,,,,,,,0.0,0.0,0.0,0.0,0.0,0.0
1773806307.228571,False,,,,,,,,,,,,,,,,,,0.0,0.0,0.0,0.0,0.0,0.0
1773806307.2383091,False,,,,,,,,,,,,,,,,,,0.0,0.0,0.0,0.0,0.0,0.0
1773806307.248374,False,,,,,,,,,,,,,,,,,,0.0,0.0,0.0,0.0,0.0,0.0
1773806307.258374,False,,,,,,,,,,,,,,,,,,0.0,0.0,0.0,0.0,0.0,0.0
1773806307.2686746,False,,,,,,,,,,,,,,,,,,0.0,0.0,0.0,0.0,0.0,0.0
1773806307.2787035,False,,,,,,,,,,,,,,,,,,0.0,0.0,0.0,0.0,0.0,0.0
1773806307.2884042,False,,,,,,,,,,,,,,,,,,0.0,0.0,0.0,0.0,0.0,0.0
1773806307.2982888,False,,,,,,,,,,,,,,,,,,0.0,0.0,0.0,0.0,0.0,0.0
1773806307.3083274,False,,,,,,,,,,,,,,,,,,0.0,0.0,0.0,0.0,0.0,0.0
1773806307.3182878,False,,,,,,,,,,,,,,,,,,0.0,0.0,0.0,0.0,0.0,0.0
1773806307.3287954,False,,,,,,,,,,,,,,,,,,0.0,0.0,0.0,0.0,0.0,0.0
1773806307.3383427,False,,,,,,,,,,,,,,,,,,0.0,0.0,0.0,0.0,0.0,0.0
1773806307.3482878,False,,,,,,,,,,,,,,,,,,0.0,0.0,0.0,0.0,0.0,0.0
1773806307.3581502,False,,,,,,,,,,,,,,,,,,0.0,0.0,0.0,0.0,0.0,0.0
1773806307.3681853,False,,,,,,,,,,,,,,,,,,0.0,0.0,0.0,0.0,0.0,0.0
1773806307.3782434,False,,,,,,,,,,,,,,,,,,0.0,0.0,0.0,0.0,0.0,0.0
1773806307.388271,False,,,,,,,,,,,,,,,,,,0.0,0.0,0.0,0.0,0.0,0.0
1773806307.3985202,False,,,,,,,,,,,,,,,,,,0.0,0.0,0.0,0.0,0.0,0.0
1773806307.4081745,False,,,,,,,,,,,,,,,,,,0.0,0.0,0.0,0.0,0.0,0.0
1773806307.41847,False,,,,,,,,,,,,,,,,,,0.0,0.0,0.0,0.0,0.0,0.0
1773806307.4284234,False,,,,,,,,,,,,,,,,,,0.0,0.0,0.0,0.0,0.0,0.0
1773806307.4383752,False,,,,,,,,,,,,,,,,,,0.0,0.0,0.0,0.0,0.0,0.0
1773806307.4484148,False,,,,,,,,,,,,,,,,,,0.0,0.0,0.0,0.0,0.0,0.0
1773806307.4585674,False,,,,,,,,,,,,,,,,,,0.0,0.0,0.0,0.0,0.0,0.0
1773806307.4686918,False,,,,,,,,,,,,,,,,,,0.0,0.0,0.0,0.0,0.0,0.0
1773806307.4782069,False,,,,,,,,,,,,,,,,,,0.0,0.0,0.0,0.0,0.0,0.0
1773806307.4883046,False,,,,,,,,,,,,,,,,,,0.0,0.0,0.0,0.0,0.0,0.0
1773806307.4983356,False,,,,,,,,,,,,,,,,,,0.0,0.0,0.0,0.0,0.0,0.0
1773806307.5083933,False,,,,,,,,,,,,,,,,,,0.0,0.0,0.0,0.0,0.0,0.0
1773806307.5182965,False,,,,,,,,,,,,,,,,,,0.0,0.0,0.0,0.0,0.0,0.0
1773806307.528294,False,,,,,,,,,,,,,,,,,,0.0,0.0,0.0,0.0,0.0,0.0
1773806307.5380888,False,,,,,,,,,,,,,,,,,,0.0,0.0,0.0,0.0,0.0,0.0
1773806307.5482333,False,,,,,,,,,,,,,,,,,,0.0,0.0,0.0,0.0,0.0,0.0
1773806307.5582085,False,,,,,,,,,,,,,,,,,,0.0,0.0,0.0,0.0,0.0,0.0
1773806307.5682335,False,,,,,,,,,,,,,,,,,,0.0,0.0,0.0,0.0,0.0,0.0
1773806307.578765,False,,,,,,,,,,,,,,,,,,0.0,0.0,0.0,0.0,0.0,0.0
1773806307.5884705,False,,,,,,,,,,,,,,,,,,0.0,0.0,0.0,0.0,0.0,0.0
1773806307.5985062,False,,,,,,,,,,,,,,,,,,0.0,0.0,0.0,0.0,0.0,0.0
1773806307.6081629,False,,,,,,,,,,,,,,,,,,0.0,0.0,0.0,0.0,0.0,0.0
1773806307.6181877,False,,,,,,,,,,,,,,,,,,0.0,0.0,0.0,0.0,0.0,0.0
1773806307.6282356,False,,,,,,,,,,,,,,,,,,0.0,0.0,0.0,0.0,0.0,0.0
1773806307.6382582,False,,,,,,,,,,,,,,,,,,0.0,0.0,0.0,0.0,0.0,0.0
1773806307.6484807,False,,,,,,,,,,,,,,,,,,0.0,0.0,0.0,0.0,0.0,0.0
1773806307.6585093,False,,,,,,,,,,,,,,,,,,0.0,0.0,0.0,0.0,0.0,0.0
1773806307.6685135,False,,,,,,,,,,,,,,,,,,0.0,0.0,0.0,0.0,0.0,0.0
1773806307.6785264,False,,,,,,,,,,,,,,,,,,0.0,0.0,0.0,0.0,0.0,0.0
1773806307.688583,False,,,,,,,,,,,,,,,,,,0.0,0.0,0.0,0.0,0.0,0.0
1773806307.6986032,False,,,,,,,,,,,,,,,,,,0.0,0.0,0.0,0.0,0.0,0.0
1773806307.7083268,False,,,,,,,,,,,,,,,,,,0.0,0.0,0.0,0.0,0.0,0.0
1773806307.718311,False,,,,,,,,,,,,,,,,,,0.0,0.0,0.0,0.0,0.0,0.0
1773806307.7282352,False,,,,,,,,,,,,,,,,,,0.0,0.0,0.0,0.0,0.0,0.0
1773806307.7385876,False,,,,,,,,,,,,,,,,,,0.0,0.0,0.0,0.0,0.0,0.0
1773806307.748593,False,,,,,,,,,,,,,,,,,,0.0,0.0,0.0,0.0,0.0,0.0
1773806307.7583148,False,,,,,,,,,,,,,,,,,,0.0,0.0,0.0,0.0,0.0,0.0
1773806307.768377,False,,,,,,,,,,,,,,,,,,0.0,0.0,0.0,0.0,0.0,0.0
1773806307.7784305,False,,,,,,,,,,,,,,,,,,0.0,0.0,0.0,0.0,0.0,0.0
1773806307.7881997,False,,,,,,,,,,,,,,,,,,0.0,0.0,0.0,0.0,0.0,0.0
1773806307.7983172,False,,,,,,,,,,,,,,,,,,0.0,0.0,0.0,0.0,0.0,0.0
1773806307.8083615,False,,,,,,,,,,,,,,,,,,0.0,0.0,0.0,0.0,0.0,0.0
1773806307.8185146,False,,,,,,,,,,,,,,,,,,0.0,0.0,0.0,0.0,0.0,0.0
1773806307.828305,False,,,,,,,,,,,,,,,,,,0.0,0.0,0.0,0.0,0.0,0.0
1773806307.8388321,False,,,,,,,,,,,,,,,,,,0.0,0.0,0.0,0.0,0.0,0.0
1773806307.8484902,False,,,,,,,,,,,,,,,,,,0.0,0.0,0.0,0.0,0.0,0.0
1773806307.8585846,False,,,,,,,,,,,,,,,,,,0.0,0.0,0.0,0.0,0.0,0.0
1773806307.868322,False,,,,,,,,,,,,,,,,,,0.0,0.0,0.0,0.0,0.0,0.0
1773806307.878329,False,,,,,,,,,,,,,,,,,,0.0,0.0,0.0,0.0,0.0,0.0
1773806307.888162,False,,,,,,,,,,,,,,,,,,0.0,0.0,0.0,0.0,0.0,0.0
1773806307.898308,False,,,,,,,,,,,,,,,,,,0.0,0.0,0.0,0.0,0.0,0.0
1773806307.9084435,False,,,,,,,,,,,,,,,,,,0.0,0.0,0.0,0.0,0.0,0.0
1773806307.9180841,False,,,,,,,,,,,,,,,,,,0.0,0.0,0.0,0.0,0.0,0.0
1773806307.9281466,False,,,,,,,,,,,,,,,,,,0.0,0.0,0.0,0.0,0.0,0.0
1773806307.9389281,False,,,,,,,,,,,,,,,,,,0.0,0.0,0.0,0.0,0.0,0.0
1773806307.9482148,False,,,,,,,,,,,,,,,,,,0.0,0.0,0.0,0.0,0.0,0.0
1773806307.958287,False,,,,,,,,,,,,,,,,,,0.0,0.0,0.0,0.0,0.0,0.0
1773806307.9683108,False,,,,,,,,,,,,,,,,,,0.0,0.0,0.0,0.0,0.0,0.0
1773806307.9785974,False,,,,,,,,,,,,,,,,,,0.0,0.0,0.0,0.0,0.0,0.0
1773806307.9884183,False,,,,,,,,,,,,,,,,,,0.0,0.0,0.0,0.0,0.0,0.0
1773806307.9984632,False,,,,,,,,,,,,,,,,,,0.0,0.0,0.0,0.0,0.0,0.0
1773806308.0084336,False,,,,,,,,,,,,,,,,,,0.0,0.0,0.0,0.0,0.0,0.0
1773806308.0183964,False,,,,,,,,,,,,,,,,,,0.0,0.0,0.0,0.0,0.0,0.0
1773806308.0284107,False,,,,,,,,,,,,,,,,,,0.0,0.0,0.0,0.0,0.0,0.0
1773806308.0384388,False,,,,,,,,,,,,,,,,,,0.0,0.0,0.0,0.0,0.0,0.0
1773806308.048486,False,,,,,,,,,,,,,,,,,,0.0,0.0,0.0,0.0,0.0,0.0
1773806308.0582523,False,,,,,,,,,,,,,,,,,,0.0,0.0,0.0,0.0,0.0,0.0
1773806308.0682693,False,,,,,,,,,,,,,,,,,,0.0,0.0,0.0,0.0,0.0,0.0
1773806308.0784633,False,,,,,,,,,,,,,,,,,,0.0,0.0,0.0,0.0,0.0,0.0
1773806308.0881522,False,,,,,,,,,,,,,,,,,,0.0,0.0,0.0,0.0,0.0,0.0
1773806308.098336,False,,,,,,,,,,,,,,,,,,0.0,0.0,0.0,0.0,0.0,0.0
1773806308.1084826,False,,,,,,,,,,,,,,,,,,0.0,0.0,0.0,0.0,0.0,0.0
1773806308.1185915,False,,,,,,,,,,,,,,,,,,0.0,0.0,0.0,0.0,0.0,0.0
1773806308.1281004,False,,,,,,,,,,,,,,,,,,0.0,0.0,0.0,0.0,0.0,0.0
1773806308.13885,False,,,,,,,,,,,,,,,,,,0.0,0.0,0.0,0.0,0.0,0.0
1773806308.148405,False,,,,,,,,,,,,,,,,,,0.0,0.0,0.0,0.0,0.0,0.0
1773806308.1582055,False,,,,,,,,,,,,,,,,,,0.0,0.0,0.0,0.0,0.0,0.0
1773806308.168394,False,,,,,,,,,,,,,,,,,,0.0,0.0,0.0,0.0,0.0,0.0
1773806308.1786118,False,,,,,,,,,,,,,,,,,,0.0,0.0,0.0,0.0,0.0,0.0
1773806308.188113,False,,,,,,,,,,,,,,,,,,0.0,0.0,0.0,0.0,0.0,0.0
1773806308.1983454,False,,,,,,,,,,,,,,,,,,0.0,0.0,0.0,0.0,0.0,0.0
1773806308.2085874,False,,,,,,,,,,,,,,,,,,0.0,0.0,0.0,0.0,0.0,0.0
1773806308.2186756,False,,,,,,,,,,,,,,,,,,0.0,0.0,0.0,0.0,0.0,0.0
1773806308.2283318,False,,,,,,,,,,,,,,,,,,0.0,0.0,0.0,0.0,0.0,0.0
1773806308.2385995,False,,,,,,,,,,,,,,,,,,0.0,0.0,0.0,0.0,0.0,0.0
1773806308.2483969,False,,,,,,,,,,,,,,,,,,0.0,0.0,0.0,0.0,0.0,0.0
1773806308.258448,False,,,,,,,,,,,,,,,,,,0.0,0.0,0.0,0.0,0.0,0.0
1773806308.2683482,False,,,,,,,,,,,,,,,,,,0.0,0.0,0.0,0.0,0.0,0.0
1773806308.278372,False,,,,,,,,,,,,,,,,,,0.0,0.0,0.0,0.0,0.0,0.0
1773806308.2883785,False,,,,,,,,,,,,,,,,,,0.0,0.0,0.0,0.0,0.0,0.0
1773806308.2981372,False,,,,,,,,,,,,,,,,,,0.0,0.0,0.0,0.0,0.0,0.0
1773806308.3086677,False,,,,,,,,,,,,,,,,,,0.0,0.0,0.0,0.0,0.0,0.0
1773806308.3182673,False,,,,,,,,,,,,,,,,,,0.0,0.0,0.0,0.0,0.0,0.0
1773806308.3282328,False,,,,,,,,,,,,,,,,,,0.0,0.0,0.0,0.0,0.0,0.0
1773806308.338267,False,,,,,,,,,,,,,,,,,,0.0,0.0,0.0,0.0,0.0,0.0
1773806308.3481383,False,,,,,,,,,,,,,,,,,,0.0,0.0,0.0,0.0,0.0,0.0
1773806308.3586285,False,,,,,,,,,,,,,,,,,,0.0,0.0,0.0,0.0,0.0,0.0
1773806308.368669,False,,,,,,,,,,,,,,,,,,0.0,0.0,0.0,0.0,0.0,0.0
1773806308.3787117,False,,,,,,,,,,,,,,,,,,0.0,0.0,0.0,0.0,0.0,0.0
1773806308.3883104,False,,,,,,,,,,,,,,,,,,0.0,0.0,0.0,0.0,0.0,0.0
1773806308.3985455,False,,,,,,,,,,,,,,,,,,0.0,0.0,0.0,0.0,0.0,0.0
1773806308.4082117,False,,,,,,,,,,,,,,,,,,0.0,0.0,0.0,0.0,0.0,0.0
1773806308.4186747,False,,,,,,,,,,,,,,,,,,0.0,0.0,0.0,0.0,0.0,0.0
1773806308.4284189,False,,,,,,,,,,,,,,,,,,0.0,0.0,0.0,0.0,0.0,0.0
1773806308.4385724,False,,,,,,,,,,,,,,,,,,0.0,0.0,0.0,0.0,0.0,0.0
1773806308.4482794,False,,,,,,,,,,,,,,,,,,0.0,0.0,0.0,0.0,0.0,0.0
1773806308.4584727,False,,,,,,,,,,,,,,,,,,0.0,0.0,0.0,0.0,0.0,0.0
1773806308.4684727,False,,,,,,,,,,,,,,,,,,0.0,0.0,0.0,0.0,0.0,0.0
1773806308.47793,False,,,,,,,,,,,,,,,,,,0.0,0.0,0.0,0.0,0.0,0.0
1773806308.488574,False,,,,,,,,,,,,,,,,,,0.0,0.0,0.0,0.0,0.0,0.0
1773806308.4985926,False,,,,,,,,,,,,,,,,,,0.0,0.0,0.0,0.0,0.0,0.0
1773806308.5086818,False,,,,,,,,,,,,,,,,,,0.0,0.0,0.0,0.0,0.0,0.0
1773806308.518118,False,,,,,,,,,,,,,,,,,,0.0,0.0,0.0,0.0,0.0,0.0
1773806308.5283432,False,,,,,,,,,,,,,,,,,,0.0,0.0,0.0,0.0,0.0,0.0
1773806308.5386565,False,,,,,,,,,,,,,,,,,,0.0,0.0,0.0,0.0,0.0,0.0
1773806308.5482144,False,,,,,,,,,,,,,,,,,,0.0,0.0,0.0,0.0,0.0,0.0
1773806308.5584545,False,,,,,,,,,,,,,,,,,,0.0,0.0,0.0,0.0,0.0,0.0
1773806308.568629,False,,,,,,,,,,,,,,,,,,0.0,0.0,0.0,0.0,0.0,0.0
1773806308.5782979,False,,,,,,,,,,,,,,,,,,0.0,0.0,0.0,0.0,0.0,0.0
1773806308.5886085,False,,,,,,,,,,,,,,,,,,0.0,0.0,0.0,0.0,0.0,0.0
1773806308.598659,False,,,,,,,,,,,,,,,,,,0.0,0.0,0.0,0.0,0.0,0.0
1773806308.6082807,False,,,,,,,,,,,,,,,,,,0.0,0.0,0.0,0.0,0.0,0.0
1773806308.6184142,False,,,,,,,,,,,,,,,,,,0.0,0.0,0.0,0.0,0.0,0.0
1773806308.6284072,False,,,,,,,,,,,,,,,,,,0.0,0.0,0.0,0.0,0.0,0.0
1773806308.6382446,False,,,,,,,,,,,,,,,,,,0.0,0.0,0.0,0.0,0.0,0.0
1773806308.648541,False,,,,,,,,,,,,,,,,,,0.0,0.0,0.0,0.0,0.0,0.0
1773806308.6587481,False,,,,,,,,,,,,,,,,,,0.0,0.0,0.0,0.0,0.0,0.0
1773806308.6686041,False,,,,,,,,,,,,,,,,,,0.0,0.0,0.0,0.0,0.0,0.0
1773806308.6786542,False,,,,,,,,,,,,,,,,,,0.0,0.0,0.0,0.0,0.0,0.0
1773806308.6886632,False,,,,,,,,,,,,,,,,,,0.0,0.0,0.0,0.0,0.0,0.0
1773806308.6981962,False,,,,,,,,,,,,,,,,,,0.0,0.0,0.0,0.0,0.0,0.0
1773806308.7082245,False,,,,,,,,,,,,,,,,,,0.0,0.0,0.0,0.0,0.0,0.0
1773806308.7184784,False,,,,,,,,,,,,,,,,,,0.0,0.0,0.0,0.0,0.0,0.0
1773806308.7287493,False,,,,,,,,,,,,,,,,,,0.0,0.0,0.0,0.0,0.0,0.0
1773806308.7384026,False,,,,,,,,,,,,,,,,,,0.0,0.0,0.0,0.0,0.0,0.0
1773806308.7483916,False,,,,,,,,,,,,,,,,,,0.0,0.0,0.0,0.0,0.0,0.0
1773806308.758423,False,,,,,,,,,,,,,,,,,,0.0,0.0,0.0,0.0,0.0,0.0
1773806308.7685986,False,,,,,,,,,,,,,,,,,,0.0,0.0,0.0,0.0,0.0,0.0
1773806308.7784283,False,,,,,,,,,,,,,,,,,,0.0,0.0,0.0,0.0,0.0,0.0
1773806308.7887537,False,,,,,,,,,,,,,,,,,,0.0,0.0,0.0,0.0,0.0,0.0
1773806308.7982695,False,,,,,,,,,,,,,,,,,,0.0,0.0,0.0,0.0,0.0,0.0
1773806308.8082917,False,,,,,,,,,,,,,,,,,,0.0,0.0,0.0,0.0,0.0,0.0
1773806308.8183107,False,,,,,,,,,,,,,,,,,,0.0,0.0,0.0,0.0,0.0,0.0
1773806308.8283305,False,,,,,,,,,,,,,,,,,,0.0,0.0,0.0,0.0,0.0,0.0
1773806308.8385532,True,0.34247765,1773806308.8363361,396.0767,270.91214,20.918413,46.80417,1.530428,396.0767,270.91214,979.0689,0.9991853118364705,0.040357311732264985,1.5304280519485474,184.07669067382812,150.91213989257812,-1.5252306488904255,-1.5304280519485474,-0.03,-0.03,0.03,0.0,0.0,-0.015304280519485474
1773806308.8484755,True,0.34247765,1773806308.8363361,396.0767,270.91214,20.918413,46.80417,1.530428,396.0766906738281,270.9121398925781,979.0689086914062,0.9991853118364705,0.040357311732264985,1.5304280519485474,184.07669067382812,150.91213989257812,-1.5252306488904255,-1.5304280519485474,-0.03,-0.03,0.03,0.0,0.0,-0.015304280519485474
1773806308.8585057,True,0.34247765,1773806308.8363361,396.0767,270.91214,20.918413,46.80417,1.530428,396.0766906738281,270.9121398925781,979.0689086914062,0.9991853118364705,0.040357311732264985,1.5304280519485474,184.07669067382812,150.91213989257812,-1.5252306488904255,-1.5304280519485474,-0.03,-0.03,0.03,0.0,0.0,-0.015304280519485474
1773806308.8685322,True,0.34247765,1773806308.8363361,396.0767,270.91214,20.918413,46.80417,1.530428,396.0766906738281,270.9121398925781,979.0689086914062,0.9991853118364705,0.040357311732264985,1.5304280519485474,184.07669067382812,150.91213989257812,-1.5252306488904255,-1.5304280519485474,-0.03,-0.03,0.03,0.0,0.0,-0.015304280519485474
1773806308.8785372,True,0.34247765,1773806308.8363361,396.0767,270.91214,20.918413,46.80417,1.530428,396.0766906738281,270.9121398925781,979.0689086914062,0.9991853118364705,0.040357311732264985,1.5304280519485474,184.07669067382812,150.91213989257812,-1.5252306488904255,-1.5304280519485474,-0.03,-0.03,0.03,0.0,0.0,-0.015304280519485474
1773806308.8882291,True,0.29048508,1773806308.8826084,416.10156,280.98126,30.831963,55.3095,1.5020738,400.0816650390625,272.92596435546875,1196.9383972167968,0.9987215784719704,0.04885066252917615,1.5219220849659925,188.0816650390625,152.92596435546875,-1.3243104358382243,-1.5219220849659925,-0.03,-0.03,0.03,0.0,0.0,-0.015219220849659924
1773806308.8985887,True,0.29048508,1773806308.8826084,416.10156,280.98126,30.831963,55.3095,1.5020738,403.28564453125,274.5370239257813,1349.4470391845703,0.9983969651168203,0.054796008087013966,1.5159673465128243,191.28564453125,154.53702392578128,-1.204382488839199,-1.5159673465128243,-0.03,-0.03,0.03,0.0,0.0,-0.015159673465128243
1773806308.9082553,True,0.29048508,1773806308.8826084,416.10156,280.98126,30.831963,55.3095,1.5020738,405.84882812500007,275.8258715820313,1456.2030885620115,0.9981697357682152,0.05895774997750044,1.511799016434083,193.84882812500007,155.8258715820313,-1.1282449728262745,-1.511799016434083,-0.03,-0.03,0.03,0.0,0.0,-0.015117990164340832
1773806308.9183514,True,0.29048508,1773806308.8826084,416.10156,280.98126,30.831963,55.3095,1.5020738,407.8993750000001,276.85694970703133,1530.9323231262206,0.9980106752241916,0.06187096930084097,1.5088812688067055,195.89937500000008,156.85694970703133,-1.078200485436867,-1.5088812688067055,-0.03,-0.03,0.03,0.0,0.0,-0.015088812688067055
1773806308.9281104,True,0.29048508,1773806308.8826084,416.10156,280.98126,30.831963,55.3095,1.5020738,409.53981250000004,277.6818122070313,1583.2427873211668,0.9978993328433752,0.06391022282717934,1.5068389171704863,197.53981250000004,157.68181220703133,-1.0446022559881227,-1.5068389171704863,-0.03,-0.03,0.03,0.0,0.0,-0.015068389171704864
1773806308.9386954,True,0.29048508,1773806308.8826084,416.10156,280.98126,30.831963,55.3095,1.5020738,410.8521625000001,278.34170220703135,1619.8601122576292,0.9978213931768036,0.0653377002956162,1.5054093167298184,198.85216250000008,158.34170220703135,-1.0217376017186504,-1.5054093167298184,-0.03,-0.03,0.03,0.0,0.0,-0.015054093167298183
1773806308.9484963,True,0.29048508,1773806308.8826084,416.10156,280.98126,30.831963,55.3095,1.5020738,411.9020425000001,278.86961420703136,1645.492239713153,0.9977668354102035,0.06633693452352199,1.5044086224415338,199.9020425000001,158.86961420703136,-1.0060378234522855,-1.5044086224415338,-0.03,-0.03,0.03,0.0,0.0,-0.015044086224415339
1773806308.9582915,True,0.29048508,1773806308.8826084,416.10156,280.98126,30.831963,55.3095,1.5020738,412.74194650000015,279.2919438070314,1663.4347289320194,0.9977286449735835,0.06703639848305605,1.5037081504327598,200.74194650000015,159.29194380703137,-0.9951928182611306,-1.5037081504327598,-0.03,-0.03,0.03,0.0,0.0,-0.0150370815043276
1773806308.9683404,True,0.29048508,1773806308.8826084,416.10156,280.98126,30.831963,55.3095,1.5020738,413.4138697000002,279.62980748703137,1675.994471385226,0.9977019116679494,0.0675260232547299,1.5032178273095425,201.4138697000002,159.62980748703137,-0.9876706934179893,-1.5032178273095425,-0.03,-0.03,0.03,0.0,0.0,-0.015032178273095425
1773806308.978392,True,0.29048508,1773806308.8826084,416.10156,280.98126,30.831963,55.3095,1.5020738,413.9514082600002,279.9000984310314,1684.7862911024706,0.9976831983540057,0.06786876059490159,1.5028746048381447,201.95140826000022,159.90009843103138,-0.9824386712218286,-1.5028746048381447,-0.03,-0.03,0.03,0.0,0.0,-0.015028746048381447
1773806308.98822,True,0.29048508,1773806308.8826084,416.10156,280.98126,30.831963,55.3095,1.5020738,414.3814391080002,280.1163311862314,1690.9405649045418,0.997670099034245,0.06810867673302176,1.5026343509785958,202.38143910800022,160.11633118623138,-0.9787924753754974,-1.5026343509785958,-0.03,-0.03,0.03,0.0,0.0,-0.015026343509785958
1773806308.9986122,True,0.29048508,1773806308.8826084,416.10156,280.98126,30.831963,55.3095,1.5020738,414.72546378640016,280.2893173903914,1695.2485565659917,0.9976609295104125,0.06827661802970589,1.5024661742106225,202.72546378640016,160.28931739039137,-0.9762480256527241,-1.5024661742106225,-0.03,-0.03,0.03,0.0,0.0,-0.015024661742106225
1773806309.008654,True,0.29048508,1773806308.8826084,416.10156,280.98126,30.831963,55.3095,1.5020738,415.0006835291201,280.4277063537194,1698.2641507290066,0.9976545108437298,0.06839417693738478,1.5023484509364595,203.00068352912012,160.42770635371937,-0.9744707551858656,-1.5023484509364595,-0.03,-0.03,0.03,0.0,0.0,-0.015023484509364596
1773806309.0187876,True,0.29048508,1773806308.8826084,416.10156,280.98126,30.831963,55.3095,1.5020738,415.22085932329617,280.53841752438177,1700.375066643117,0.9976500177770519,0.06847646817276001,1.5022660448736438,203.22085932329617,160.53841752438177,-0.9732285426116298,-1.5022660448736438,-0.03,-0.03,0.03,0.0,0.0,-0.015022660448736439
1773806309.0283735,True,0.29048508,1773806308.8826084,416.10156,280.98126,30.831963,55.3095,1.5020738,415.3969999586369,280.62698646091167,1701.8527077829942,0.9976468726303773,0.06853407203752267,1.5022083607426249,203.3969999586369,160.62698646091167,-0.9723599110379924,-1.5022083607426249,-0.03,-0.03,0.03,0.0,0.0,-0.015022083607426248
1773806309.038454,True,0.29048508,1773806308.8826084,416.10156,280.98126,30.831963,55.3095,1.5020738,415.5379124669096,280.6978416101356,1702.8870565809084,0.9976446710277052,0.06857439474285652,1.5021679819064966,203.53791246690957,160.69784161013558,-0.9717523175645872,-1.5021679819064966,-0.03,-0.03,0.03,0.0,0.0,-0.015021679819064966
1773806309.0485423,True,0.29048508,1773806308.8826084,416.10156,280.98126,30.831963,55.3095,1.5020738,415.6506424735277,280.75452572951474,1703.6111007394481,0.9976431299058346,0.06860262063659023,1.5021397167485246,203.65064247352768,160.75452572951474,-0.9713272216825378,-1.5021397167485246,-0.03,-0.03,0.03,0.0,0.0,-0.015021397167485247
1773806309.0585473,True,0.29048508,1773806308.8826084,416.10156,280.98126,30.831963,55.3095,1.5020738,415.7408264788222,280.7998730250181,1704.117931650426,0.9976420511205252,0.06862237876220381,1.5021199311513584,203.7408264788222,160.7998730250181,-0.9710297620489239,-1.5021199311513584,-0.03,-0.03,0.03,0.0,0.0,-0.015021199311513585
1773806309.0686004,True,0.29048508,1773806308.8826084,416.10156,280.98126,30.831963,55.3095,1.5020738,415.81297368305775,280.8361508614207,1704.4727132881105,0.9976412959708086,0.06863620945013332,1.5021060812399243,203.81297368305775,160.83615086142072,-0.9708215929397982,-1.5021060812399243,-0.03,-0.03,0.03,0.0,0.0,-0.015021060812399243
1773806309.0786295,True,0.29048508,1773806308.8826084,416.10156,280.98126,30.831963,55.3095,1.5020738,415.87069144644624,280.86517313054287,1704.7210604344898,0.997640767366007,0.068645890931684,1.5020963863051493,203.87069144644624,160.86517313054287,-0.9706759003430717,-1.5020963863051493,-0.03,-0.03,0.03,0.0,0.0,-0.015020963863051493
1773806309.0886579,True,0.28928855,1773806309.0841453,436.70135,265.02832,23.478405,50.16417,1.5387734,420.0368241532508,277.6978025669343,1546.6371397650803,0.9981947302923133,0.057657354611589016,1.5130988073197604,208.0368241532508,157.69780256693429,-1.0679944100575782,-1.5130988073197604,-0.03,-0.03,0.03,0.0,0.0,-0.015130988073197604
1773806309.098686,True,0.28928855,1773806309.0841453,436.70135,265.02832,23.478405,50.16417,1.5387734,423.3697303186944,275.16390611604743,1435.9783952964935,0.9985825043407277,0.049965379187522536,1.5208017162425054,211.3697303186944,155.16390611604743,-1.1422309713215717,-1.5208017162425054,-0.03,-0.03,0.03,0.0,0.0,-0.015208017162425053
1773806309.1087253,True,0.28928855,1773806309.0841453,436.70135,265.02832,23.478405,50.16417,1.5387734,426.0360552510493,273.136788955338,1358.5172741684828,0.9988539461746178,0.044580996390675996,1.5261937803605727,214.03605525104928,153.13678895533798,-1.197683531353799,-1.5261937803605727,-0.03,-0.03,0.03,0.0,0.0,-0.015261937803605729
1773806309.1183813,True,0.28928855,1773806309.0841453,436.70135,265.02832,23.478405,50.16417,1.5387734,428.1691151969332,271.51509522677037,1304.2944893788754,0.9990439554583408,0.04081192843288342,1.529968044355576,216.1691151969332,151.51509522677037,-1.2384151233555432,-1.529968044355576,-0.03,-0.03,0.03,0.0,0.0,-0.015299680443555761
1773806309.128283,True,0.28928855,1773806309.0841453,436.70135,265.02832,23.478405,50.16417,1.5387734,429.8755631536403,270.2177402439163,1266.3385400261502,0.9991769619569468,0.03817358086242861,1.5326098738042453,217.87556315364031,150.2177402439163,-1.2679476996183798,-1.5326098738042453,-0.03,-0.03,0.03,0.0,0.0,-0.015326098738042453
1773806309.138314,True,0.28928855,1773806309.0841453,436.70135,265.02832,23.478405,50.16417,1.5387734,431.240721519006,269.17985625763305,1239.7693754792426,0.999270066505971,0.03632673756311025,1.5344590554232123,219.240721519006,149.17985625763305,-1.2891520219738914,-1.5344590554232123,-0.03,-0.03,0.03,0.0,0.0,-0.015344590554232124
1773806309.1484172,True,0.28928855,1773806309.0841453,436.70135,265.02832,23.478405,50.16417,1.5387734,432.3328482112986,268.34954906860645,1221.1709602964074,0.9993352396902879,0.0350339472535874,1.5357534262054386,220.3328482112986,148.34954906860645,-1.3042671948263447,-1.5357534262054386,-0.03,-0.03,0.03,0.0,0.0,-0.015357534262054386
1773806309.1582735,True,0.28928855,1773806309.0841453,436.70135,265.02832,23.478405,50.16417,1.5387734,433.20654956513266,267.68530331738515,1208.1520696684227,0.9993808609193098,0.0341289940369214,1.5366594554514064,221.20654956513266,147.68530331738515,-1.314985419699459,-1.5366594554514064,-0.03,-0.03,0.03,0.0,0.0,-0.015366594554514064
1773806309.1683307,True,0.28928855,1773806309.0841453,436.70135,265.02832,23.478405,50.16417,1.5387734,433.9055106481999,267.15390671640813,1199.0388462288333,0.999412795779625,0.0334955267852552,1.537293660153473,221.90551064819988,147.15390671640813,-1.3225571223993204,-1.537293660153473,-0.03,-0.03,0.03,0.0,0.0,-0.01537293660153473
1773806309.1783478,True,0.28928855,1773806309.0841453,436.70135,265.02832,23.478405,50.16417,1.5387734,434.46467951465365,266.72878943562654,1192.6595898211208,0.9994351501818459,0.03305209970908886,1.5377375954012558,222.46467951465365,146.72878943562654,-1.3278916340078355,-1.5377375954012558,-0.03,-0.03,0.03,0.0,0.0,-0.015377375954012559
1773806309.1885078,True,0.28928855,1773806309.0841453,436.70135,265.02832,23.478405,50.16417,1.5387734,434.9120146078167,266.38869561100125,1188.1941103357221,0.9994507982634004,0.03274170075577242,1.5380483460248264,222.91201460781667,146.38869561100125,-1.3316427966444413,-1.5380483460248264,-0.03,-0.03,0.03,0.0,0.0,-0.015380483460248265
1773806309.1987429,True,0.28928855,1773806309.0841453,436.70135,265.02832,23.478405,50.16417,1.5387734,435.2698826823471,266.116620551301,1185.0682746959428,0.9994617519204887,0.032524421488450916,1.5382658694396798,223.2698826823471,146.11662055130103,-1.3342770080717379,-1.5382658694396798,-0.03,-0.03,0.03,0.0,0.0,-0.0153826586943968
1773806309.2083008,True,0.28928855,1773806309.0841453,436.70135,265.02832,23.478405,50.16417,1.5387734,435.55617714197143,265.8989605035408,1182.8801897480976,0.9994694194804503,0.03237232600132586,1.5384181348267096,223.55617714197143,145.89896050354082,-1.3361250935376756,-1.5384181348267096,-0.03,-0.03,0.03,0.0,0.0,-0.015384181348267096
1773806309.2184281,True,0.47151127,1773806309.216415,441.4791,262.85617,42.275734,19.593262,0.009619401,436.74076080537407,265.29040253369203,1076.5119885365589,0.7025143693819397,0.3226467483770889,1.140256766214248,224.74076080537407,145.29040253369203,-1.4303512224283979,-1.140256766214248,-0.03,-0.03,0.03,0.0,0.0,-0.01140256766214248
1773806309.228432,True,0.47151127,1773806309.216415,441.4791,262.85617,42.275734,19.593262,0.009619401,437.6884277360962,264.803556157813,1002.0542476884817,0.4946458343129823,0.5258388440401229,0.7548408204531136,225.68842773609617,144.80355615781298,-1.5020252561694236,-0.7548408204531136,-0.03,-0.03,0.03,0.0,0.0,-0.007548408204531136
1773806309.2385116,True,0.47151127,1773806309.216415,441.4791,262.85617,42.275734,19.593262,0.009619401,438.44656128067385,264.4140790571098,949.9338290948277,0.3491378597647122,0.6680733110042468,0.4815669431503766,226.44656128067385,144.4140790571098,-1.55544034717414,-0.4815669431503764,-0.03,-0.03,0.03,0.0,0.0,-0.004815669431503764
1773806309.2485468,True,0.47151127,1773806309.216415,441.4791,262.85617,42.275734,19.593262,0.009619401,439.05306811633596,264.10249737654726,913.4495360792699,0.24728227758092308,0.7676374378791335,0.3116377080984149,227.05306811633596,144.10249737654726,-1.5946045438534917,-0.31163770809841473,-0.03,-0.03,0.03,0.0,0.0,-0.0031163770809841474
1773806309.2585971,True,0.49334538,1773806309.2550879,442.15594,262.56836,19.304682,41.236717,1.5618471,439.6736434579126,263.7956697762378,878.2331872183795,0.4730855810628781,0.5400309415009762,0.7194154486905351,227.6736434579126,143.7956697762378,-1.63392052829884,-0.7194154486905351,-0.03,-0.03,0.03,0.0,0.0,-0.007194154486905351
1773806309.268628,True,0.49334538,1773806309.2550879,442.15594,262.56836,19.304682,41.236717,1.5618471,440.17010373117387,263.55020769599025,853.5817430157563,0.6311478935002466,0.380706394036266,1.0280295480363084,228.17010373117387,143.55020769599025,-1.6623913642191908,-1.0280295480363084,-0.03,-0.03,0.03,0.0,0.0,-0.010280295480363084
1773806309.2787852,True,0.49334538,1773806309.2550879,442.15594,262.56836,19.304682,41.236717,1.5618471,440.5672719497828,263.3538380317922,836.32573207392,0.7417915122064045,0.26917921081096885,1.2226960080265146,228.56727194978282,143.35383803179218,-1.6828145068930478,-1.2226960080265146,-0.03,-0.03,0.03,0.0,0.0,-0.012226960080265145
1773806309.288321,True,0.6251925,1773806309.286313,443.34262,263.89056,21.158031,42.690136,1.542834,441.1223417297482,263.46118321840254,856.3997897954939,0.8191367827931336,0.19681303942755382,1.3349971693753842,229.1223417297482,143.46118321840254,-1.6590953644942286,-1.3349971693753842,-0.03,-0.03,0.03,0.0,0.0,-0.013349971693753841
1773806309.2985,True,0.6251925,1773806309.286313,443.34262,263.89056,21.158031,42.690136,1.542834,441.56639755372044,263.5470593676908,870.4516302005957,0.873278472203844,0.1461567194591633,1.4049677456976761,229.56639755372044,143.5470593676908,-1.6428204836303524,-1.4049677456976761,-0.03,-0.03,0.03,0.0,0.0,-0.014049677456976762
1773806309.3086517,True,0.6251925,1773806309.286313,443.34262,263.89056,21.158031,42.690136,1.542834,441.9216422128983,263.61576028712136,880.2879184841669,0.9111776547913413,0.11069729548128995,1.4499006266784622,229.9216422128983,143.61576028712136,-1.6315836417022507,-1.4499006266784622,-0.03,-0.03,0.03,0.0,0.0,-0.014499006266784622
1773806309.318638,True,0.6251925,1773806309.286313,443.34262,263.89056,21.158031,42.690136,1.542834,442.2058379402405,263.6707210226658,887.1733202826667,0.9377070826025893,0.08587569869677861,1.4794705581697862,230.20583794024049,143.67072102266582,-1.623792311992875,-1.4794705581697862,-0.03,-0.03,0.03,0.0,0.0,-0.014794705581697862
1773806309.3286037,True,0.6251925,1773806309.286313,443.34262,263.89056,21.158031,42.690136,1.542834,442.43319452211426,263.71468961110145,891.9931015416166,0.9562776820704629,0.06850058094762065,1.49928595086195,230.43319452211426,143.71468961110145,-1.6183742769060463,-1.49928595086195,-0.03,-0.03,0.03,0.0,0.0,-0.014992859508619501
1773806309.3386395,True,0.6251925,1773806309.286313,443.34262,263.89056,21.158031,42.690136,1.542834,442.61507978761335,263.74986448184995,895.3669484228816,0.9692771016979745,0.0563379985232101,1.5127379209746956,230.61507978761335,143.74986448184995,-1.6145990432720105,-1.5127379209746956,-0.03,-0.03,0.03,0.0,0.0,-0.015127379209746956
1773806309.3487167,True,0.6251925,1773806309.286313,443.34262,263.89056,21.158031,42.690136,1.542834,442.7605880000126,263.7780043784487,897.7286412397671,0.9783766954372326,0.04782419082612271,1.521954039670768,230.7605880000126,143.7780043784487,-1.61196483436964,-1.521954039670768,-0.03,-0.03,0.03,0.0,0.0,-0.01521954039670768
1773806309.3584616,True,0.6251925,1773806309.286313,443.34262,263.89056,21.158031,42.690136,1.542834,442.876994569932,263.80051629572773,899.3818262115868,0.9847464110547133,0.041864525438161534,1.528308909804511,230.87699456993198,143.80051629572773,-1.6101250081952427,-1.528308909804511,-0.03,-0.03,0.03,0.0,0.0,-0.015283089098045112
1773806309.3686633,True,0.6251925,1773806309.286313,443.34262,263.89056,21.158031,42.690136,1.542834,442.9701198258675,263.81852582955094,900.5390556918608,0.9892052119869498,0.037692759666588714,1.5327106669353867,230.97011982586753,143.81852582955094,-1.608839140964787,-1.5327106669353867,-0.03,-0.03,0.03,0.0,0.0,-0.015327106669353868
1773806309.3786829,True,0.6251925,1773806309.286313,443.34262,263.89056,21.158031,42.690136,1.542834,443.0446200306159,263.8329334566095,901.3491163280524,0.9923263726395153,0.034772523626487736,1.5357692402881924,231.04462003061587,143.8329334566095,-1.6079400166979838,-1.5357692402881924,-0.03,-0.03,0.03,0.0,0.0,-0.015357692402881925
1773806309.3887072,True,0.5111585,1773806309.3872015,439.67722,269.76355,21.803795,41.597435,1.5448658,442.37113913972706,265.01905672622513,903.0389615077617,0.9945276080286776,0.03211903884662478,1.5385117741397278,230.37113913972706,145.01905672622513,-1.6060669765305122,-1.5385117741397278,-0.03,-0.03,0.03,0.0,0.0,-0.015385117741397279
1773806309.3982594,True,0.5111585,1773806309.3872015,439.67722,269.76355,21.803795,41.597435,1.5448658,441.832354427016,265.9679553419176,904.221853133558,0.9960684728010913,0.03026159950072071,1.5404246255358687,229.832354427016,145.96795534191762,-1.604757932716659,-1.5404246255358687,-0.03,-0.03,0.03,0.0,0.0,-0.015404246255358687
1773806309.4087443,True,0.5111585,1773806309.3872015,439.67722,269.76355,21.803795,41.597435,1.5448658,441.4013266568472,266.7270742344716,905.0498772716156,0.9971470781417808,0.028961391958587865,1.541760236661309,229.40132665684717,146.72707423447162,-1.603842620569841,-1.541760236661309,-0.03,-0.03,0.03,0.0,0.0,-0.015417602366613091
1773806309.4183784,True,0.5111585,1773806309.3872015,439.67722,269.76355,21.803795,41.597435,1.5448658,441.0565044407121,267.3343693485148,905.6294941682559,0.9979021018802636,0.028051246679094873,1.542693508317395,229.0565044407121,147.33436934851483,-1.6032024001911471,-1.542693508317395,-0.03,-0.03,0.03,0.0,0.0,-0.01542693508317395
1773806309.4284446,True,0.7946936,1773806309.4194148,436.4047,271.81677,21.042488,41.748764,1.5623031,440.1261422732729,268.2308499709994,897.4900050486385,0.9985206510600353,0.02218382020457824,1.5485832945226008,228.12614227327288,148.23084997099937,-1.6122306918940452,-1.5485832945226008,-0.03,-0.03,0.03,0.0,0.0,-0.015485832945226008
1773806309.4387252,True,0.7946936,1773806309.4194148,436.4047,271.81677,21.042488,41.748764,1.5623031,439.38185253932147,268.94803446898703,891.7923626649062,0.9989536354858755,0.018076621672416596,1.5527027453114908,227.38185253932147,148.94803446898703,-1.6185993475567335,-1.5527027453114908,-0.03,-0.03,0.03,0.0,0.0,-0.015527027453114907
1773806309.448622,True,0.7946936,1773806309.4194148,436.4047,271.81677,21.042488,41.748764,1.5623031,438.7864207521603,269.52178206737716,887.8040129962937,0.9992567245839634,0.015201582699903446,1.5555846101481776,226.78642075216032,149.52178206737716,-1.6230816632106682,-1.5555846101481776,-0.03,-0.03,0.03,0.0,0.0,-0.015555846101481776
1773806309.4582517,True,0.7946936,1773806309.4194148,436.4047,271.81677,21.042488,41.748764,1.5623031,438.31007532243143,269.9807801460892,885.012168228265,0.9994688869526251,0.01318905541914424,1.5576010286643565,226.31007532243143,149.98078014608922,-1.626231281434535,-1.5576010286643565,-0.03,-0.03,0.03,0.0,0.0,-0.015576010286643564
1773806309.4689357,True,0.7946936,1773806309.4194148,436.4047,271.81677,21.042488,41.748764,1.5623031,437.92899897864834,270.3479786090589,883.0578768906448,0.9996174006106882,0.011780286322612797,1.5590120771343297,225.92899897864834,150.34797860905888,-1.6284419315599599,-1.5590120771343297,-0.03,-0.03,0.03,0.0,0.0,-0.015590120771343297
1773806309.4784596,True,0.7946936,1773806309.4194148,436.4047,271.81677,21.042488,41.748764,1.5623031,437.62413790362183,270.64173737943463,881.6898729543107,0.9997213601713324,0.010794147955040787,1.559999589865099,225.62413790362183,150.64173737943463,-1.6299922995493454,-1.559999589865099,-0.03,-0.03,0.03,0.0,0.0,-0.015599995898650989
1773806309.4884932,True,0.7946936,1773806309.4194148,436.4047,271.81677,21.042488,41.748764,1.5623031,437.38024904360066,270.8767443957352,880.7322701988769,0.9997941318637833,0.010103851097740379,1.5606907392258784,225.38024904360066,150.87674439573522,-1.6310789890844146,-1.5606907392258784,-0.03,-0.03,0.03,0.0,0.0,-0.015606907392258784
1773806309.4985127,True,0.7946936,1773806309.4194148,436.4047,271.81677,21.042488,41.748764,1.5623031,437.1851379555837,271.06475000877566,880.0619482700731,0.999845072048499,0.009620643297630092,1.5611744896998356,225.18513795558368,151.06475000877566,-1.6318403750023776,-1.5611744896998356,-0.03,-0.03,0.03,0.0,0.0,-0.015611744896998356
1773806309.5087197,True,0.7946936,1773806309.4194148,436.4047,271.81677,21.042488,41.748764,1.5623031,437.02904908517013,271.21515449920804,879.5927229199106,0.9998807301777999,0.009282397837552893,1.5615130883964368,225.02904908517013,151.21515449920804,-1.632373690281752,-1.5615130883964368,-0.03,-0.03,0.03,0.0,0.0,-0.015615130883964368
1773806309.5185347,True,0.7946936,1773806309.4194148,436.4047,271.81677,21.042488,41.748764,1.5623031,436.90417798883925,271.33547809155397,879.2642651747967,0.9999056908683106,0.009045626015498853,1.5617500943859741,224.90417798883925,151.33547809155397,-1.632747180282537,-1.5617500943859741,-0.03,-0.03,0.03,0.0,0.0,-0.015617500943859742
1773806309.528546,True,0.6409665,1773806309.5197046,433.17688,276.5556,20.542488,43.845192,1.5717734,436.1587183676339,272.37950307871193,885.6917849387639,0.9999338404041361,0.006038813342925367,1.5647571873193904,224.15871836763392,152.37950307871193,-1.6254636582046267,-1.5647571873193904,-0.03,-0.03,0.03,0.0,0.0,-0.015647571873193905
1773806309.5385945,True,0.6409665,1773806309.5197046,433.17688,276.5556,20.542488,43.845192,1.5717734,435.5623506706697,273.21472306843833,890.1910487735411,0.9999535450792141,0.003934044472123926,1.566862119856548,223.56235067066967,153.21472306843833,-1.6203965745254134,-1.566862119856548,-0.03,-0.03,0.03,0.0,0.0,-0.01566862119856548
1773806309.5482614,True,0.6409665,1773806309.5197046,433.17688,276.5556,20.542488,43.845192,1.5717734,435.0852565130983,273.8828990602194,893.3405334578849,0.9999673383517687,0.002460706262562918,1.5683355451260421,223.08525651309827,153.88289906021942,-1.6168648311131828,-1.5683355451260421,-0.03,-0.03,0.03,0.0,0.0,-0.01568335545126042
1773806309.5582764,True,0.49253923,1773806309.552793,430.93845,277.2938,20.600262,45.574802,1.5430248,434.25589441946306,274.56507779309743,906.9942266920037,0.9998614554462304,0.010052888001037113,1.5607423845983899,222.25589441946306,154.56507779309743,-1.6016965909424703,-1.5607423845983899,-0.03,-0.03,0.03,0.0,0.0,-0.0156074238459839
1773806309.5685122,True,0.49253923,1773806309.552793,430.93845,277.2938,20.600262,45.574802,1.5430248,433.59240474455487,275.11082077939983,916.5518119558869,0.9997873374123538,0.015367415217969048,1.555426853117909,221.59240474455487,155.11082077939983,-1.5912140776642327,-1.555426853117909,-0.03,-0.03,0.03,0.0,0.0,-0.01555426853117909
1773806309.5782192,True,0.49253923,1773806309.552793,430.93845,277.2938,20.600262,45.574802,1.5430248,433.06161300462827,275.5474151684418,923.2421216406052,0.9997354547886401,0.019087584269821403,1.5517060110905259,221.06161300462827,155.54741516844177,-1.5839411553515,-1.5517060110905259,-0.03,-0.03,0.03,0.0,0.0,-0.015517060110905258
1773806309.58828,True,0.45192015,1773806309.5852723,432.6974,276.5763,43.570312,19.59371,0.0031965112,432.98876794276515,275.7531909238159,902.3806973066268,0.7007737700744409,0.3133597763376168,1.150304541726873,220.98876794276515,155.7531909238159,-1.6067961856394197,-1.150304541726873,-0.03,-0.03,0.03,0.0,0.0,-0.01150304541726873
1773806309.598351,True,0.45192015,1773806309.5852723,432.6974,276.5763,43.570312,19.59371,0.0031965112,432.9304918932746,275.91781152811524,887.7777002728418,0.49150059077450137,0.5193503107850735,0.7578543616566532,220.93049189327462,155.91781152811524,-1.6231113016364946,-0.7578543616566531,-0.03,-0.03,0.03,0.0,0.0,-0.007578543616566531
1773806309.6084929,True,0.45192015,1773806309.5852723,432.6974,276.5763,43.570312,19.59371,0.0031965112,432.8838710536822,276.0495080115547,877.5556023491923,0.34500936526454373,0.6635436848982932,0.47947972743986045,220.88387105368218,156.04950801155468,-1.6346923579253314,-0.47947972743986034,-0.03,-0.03,0.03,0.0,0.0,-0.004794797274398604
1773806309.6186483,True,0.45192015,1773806309.5852723,432.6974,276.5763,43.570312,19.59371,0.0031965112,432.84657438200827,276.15486519830625,870.4001338026377,0.24246550740757342,0.7644790467775471,0.3071285886129781,220.84657438200827,156.15486519830625,-1.6428796459312878,-0.307128588612978,-0.03,-0.03,0.03,0.0,0.0,-0.00307128588612978
1773806309.6283324,True,0.45192015,1773806309.5852723,432.6974,276.5763,43.570312,19.59371,0.0031965112,432.81673704466914,276.2391509477075,865.3913058200494,0.17068480690769422,0.8351338000930247,0.20160371392369714,220.81673704466914,156.23915094770751,-1.648650894447432,-0.20160371392369703,-0.03,-0.03,0.03,0.0,0.0,-0.00201603713923697
1773806309.6389277,True,0.45192015,1773806309.5852723,432.6974,276.5763,43.570312,19.59371,0.0031965112,432.79286717479783,276.3065795472285,861.8851262322377,0.12043831655777877,0.8845921274138591,0.1353191907967632,220.79286717479783,156.30657954722852,-1.6527106782069276,-0.13531919079676324,-0.03,-0.03,0.03,0.0,0.0,-0.0013531919079676324
1773806309.6484818,True,0.45192015,1773806309.5852723,432.6974,276.5763,43.570312,19.59371,0.0031965112,432.77377127890077,276.3605224268453,859.4308005207695,0.08526577331283797,0.9192129565384431,0.09249486294568868,220.77377127890077,156.3605224268453,-1.6555623654963574,-0.09249486294568854,-0.03,-0.03,0.03,0.0,0.0,-0.0009249486294568854
1773806309.6585472,True,0.45192015,1773806309.5852723,432.6974,276.5763,43.570312,19.59371,0.0031965112,432.7584945621831,276.40367673053873,857.7127725227417,0.060644993041379394,0.943447536925652,0.0641918812739879,220.7584945621831,156.40367673053873,-1.6575633962759202,-0.06419188127398812,-0.03,-0.03,0.03,0.0,0.0,-0.0006419188127398811
1773806309.6685648,True,0.45192015,1773806309.5852723,432.6974,276.5763,43.570312,19.59371,0.0031965112,432.74627318880897,276.4382001734935,856.5101529241223,0.04341044685135839,0.9604117431966982,0.045169085524660556,220.74627318880897,156.4382001734935,-1.6589665040958752,-0.0451690855246607,-0.03,-0.03,0.03,0.0,0.0,-0.000451690855246607
1773806309.678595,True,0.45192015,1773806309.5852723,432.6974,276.5763,43.570312,19.59371,0.0031965112,432.7364960901097,276.4658189278573,855.6683192050887,0.03134626451834369,0.9722866875864306,0.03222857131101266,220.7364960901097,156.4658189278573,-1.6599498522696465,0.0,-0.03,-0.03,0.03,0.0,0.0,0.0
1773806309.6882768,True,0.66366786,1773806309.6856499,438.569,273.32858,21.255451,42.665432,1.5403372,433.90299692091594,275.8383716950202,871.0297191955151,0.3218032322060085,0.6897370049997037,0.4365390115227978,221.90299692091594,155.83837169502021,-1.6421565787124461,-0.4365390115227976,-0.03,-0.03,0.03,0.0,0.0,-0.004365390115227976
1773806309.6986816,True,0.66366786,1773806309.6856499,438.569,273.32858,21.255451,42.665432,1.5403372,434.8361975855609,275.33641390875056,881.7826991888136,0.5251231095873738,0.4919522271889949,0.8180005948181297,222.8361975855609,155.33641390875056,-1.629887022908183,-0.8180005948181295,-0.03,-0.03,0.03,0.0,0.0,-0.008180005948181295
1773806309.7084305,True,0.66366786,1773806309.6856499,438.569,273.32858,21.255451,42.665432,1.5403372,435.5827581172769,274.93484767973484,889.3097851841226,0.6674470237543295,0.35350288272149877,1.0837232396244185,223.5827581172769,154.93484767973484,-1.621387036170214,-1.0837232396244185,-0.03,-0.03,0.03,0.0,0.0,-0.010837232396244185
1773806309.7186985,True,0.6093714,1773806309.7161746,442.77924,270.15967,22.136894,45.781807,1.5291508,437.0220536617903,273.9798117375379,926.5569619335733,0.7669528022849924,0.25994205178616675,1.2440187330643162,225.02205366179032,153.9798117375379,-1.58035715115268,-1.2440187330643162,-0.03,-0.03,0.03,0.0,0.0,-0.012440187330643162
1773806309.728721,True,0.6093714,1773806309.7161746,442.77924,270.15967,22.136894,45.781807,1.5291508,438.17349009740104,273.21578298378034,952.6299856581888,0.8366068472564565,0.19444947013143432,1.342424725301026,226.17349009740104,153.21578298378034,-1.5526061101858366,-1.342424725301026,-0.03,-0.03,0.03,0.0,0.0,-0.01342424725301026
1773806309.7385156,True,0.6093714,1773806309.7161746,442.77924,270.15967,22.136894,45.781807,1.5291508,439.0946392458896,272.6045599807743,970.8811022654197,0.8853646787364813,0.1486046629731216,1.4045006920319025,227.0946392458896,152.6045599807743,-1.5336286637128267,-1.4045006920319025,-0.03,-0.03,0.03,0.0,0.0,-0.014045006920319026
1773806309.7487826,True,0.6093714,1773806309.7161746,442.77924,270.15967,22.136894,45.781807,1.5291508,439.83155856468045,272.1155815783695,983.6568838904814,0.9194951607724986,0.11651329796230273,1.4447536435433523,227.83155856468045,152.11558157836947,-1.5205555347477273,-1.4447536435433523,-0.03,-0.03,0.03,0.0,0.0,-0.014447536435433523
1773806309.758305,True,0.6093714,1773806309.7161746,442.77924,270.15967,22.136894,45.781807,1.5291508,440.4210940197131,271.7243988564456,992.5999310280245,0.9433864981977107,0.09404934245472951,1.4714313161568193,228.4210940197131,151.7243988564456,-1.5115049820912463,-1.4714313161568193,-0.03,-0.03,0.03,0.0,0.0,-0.014714313161568194
1773806309.7685878,True,0.6093714,1773806309.7161746,442.77924,270.15967,22.136894,45.781807,1.5291508,440.8927223837393,271.41145267890647,998.8600640243046,0.9601104343953593,0.07832457359942827,1.4893978656890228,228.89272238373928,151.41145267890647,-1.505217982973171,-1.4893978656890228,-0.03,-0.03,0.03,0.0,0.0,-0.014893978656890228
1773806309.778613,True,0.6093714,1773806309.7161746,442.77924,270.15967,22.136894,45.781807,1.5291508,441.2700250749602,271.1610957368752,1003.2421571217008,0.9718171897337133,0.06731723540071739,1.5016373567870605,229.2700250749602,151.1610957368752,-1.5008404841134584,-1.5016373567870605,-0.03,-0.03,0.03,0.0,0.0,-0.015016373567870604
1773806309.7882743,True,0.6093714,1773806309.7161746,442.77924,270.15967,22.136894,45.781807,1.5291508,441.57186722793693,270.9608101832502,1006.309622289878,0.9800119184705611,0.05961209866161979,1.5100432502251075,229.57186722793693,150.9608101832502,-1.4977875968158703,-1.5100432502251075,-0.03,-0.03,0.03,0.0,0.0,-0.015100432502251076
1773806309.7988656,True,0.6093714,1773806309.7161746,442.77924,270.15967,22.136894,45.781807,1.5291508,441.8133409503183,270.8005817403502,1008.456847907602,0.9857482285863546,0.054218502944251463,1.5158493075263026,229.81334095031832,150.8005817403502,-1.4956561076706678,-1.5158493075263026,-0.03,-0.03,0.03,0.0,0.0,-0.015158493075263027
1773806309.8084338,True,0.6093714,1773806309.7161746,442.77924,270.15967,22.136894,45.781807,1.5291508,442.00651992822344,270.67239898603015,1009.9599058400088,0.9897636456674099,0.050442985942093635,1.5198757048989113,230.00651992822344,150.67239898603015,-1.4941667638991702,-1.5198757048989113,-0.03,-0.03,0.03,0.0,0.0,-0.015198757048989113
1773806309.818721,True,0.6093714,1773806309.7161746,442.77924,270.15967,22.136894,45.781807,1.5291508,442.1610631105475,270.5698527825741,1011.0120463926937,0.9925744376241488,0.047800124040583154,1.5226757814535938,230.1610631105475,150.56985278257412,-1.4931255414847984,-1.5226757814535938,-0.03,-0.03,0.03,0.0,0.0,-0.01522675781453594
1773806309.8284173,True,0.6093714,1773806309.7161746,442.77924,270.15967,22.136894,45.781807,1.5291508,442.28469765640676,270.4878158198093,1011.748544779573,0.9945419919938658,0.04595012070952582,1.5246268668278782,230.28469765640676,150.48781581980933,-1.4923973303236358,-1.5246268668278782,-0.03,-0.03,0.03,0.0,0.0,-0.015246268668278782
1773806309.838687,True,0.6093714,1773806309.7161746,442.77924,270.15967,22.136894,45.781807,1.5291508,442.3836052930942,270.4221862495975,1012.2640936503885,0.9959192800526679,0.044655118377785685,1.5259882488447303,230.3836052930942,150.42218624959747,-1.4918878978505608,-1.5259882488447303,-0.03,-0.03,0.03,0.0,0.0,-0.015259882488447302
1773806309.8484461,True,0.6093714,1773806309.7161746,442.77924,270.15967,22.136894,45.781807,1.5291508,442.46273140244415,270.36968259342797,1012.6249778599595,0.9968833816938294,0.04374861674556759,1.5269390768865527,230.46273140244415,150.36968259342797,-1.4915314494717635,-1.5269390768865527,-0.03,-0.03,0.03,0.0,0.0,-0.015269390768865528
1773806309.858477,True,0.6093714,1773806309.7161746,442.77924,270.15967,22.136894,45.781807,1.5291508,442.5260322899241,270.3276796684924,1012.8775968066591,0.9975582528426423,0.04311406560301492,1.527603610189131,230.5260322899241,150.3276796684924,-1.4912820111830454,-1.527603610189131,-0.03,-0.03,0.03,0.0,0.0,-0.015276036101891311
1773806309.868487,True,0.6093714,1773806309.7161746,442.77924,270.15967,22.136894,45.781807,1.5291508,442.57667299990806,270.29407732854395,1013.0544300693489,0.9980306626468114,0.04266987980322806,1.5280682714749,230.57667299990806,150.29407732854395,-1.4911074413941354,-1.5280682714749,-0.03,-0.03,0.03,0.0,0.0,-0.015280682714749002
1773806309.878527,True,0.64195126,1773806309.875521,458.914,257.94373,42.657486,19.649664,0.01582929,445.8441386928952,267.82400698002266,960.5996794176848,0.7033700523404594,0.3298313316869335,1.1323121878856721,233.84413869289523,147.82400698002266,-1.5442749202590724,-1.1323121878856721,-0.03,-0.03,0.03,0.0,0.0,-0.011323121878856722
1773806309.8880577,True,0.64195126,1773806309.875521,458.914,257.94373,42.657486,19.649664,0.01582929,448.458111247285,265.8479507012056,923.88135396152,0.49710762512601303,0.5308443480055274,0.7525905820509914,236.458111247285,145.8479507012056,-1.5832490171648794,-0.7525905820509915,-0.03,-0.03,0.03,0.0,0.0,-0.0075259058205099155
1773806309.8985965,True,0.64195126,1773806309.875521,458.914,257.94373,42.657486,19.649664,0.01582929,450.54928929079676,264.267105678152,898.1785261422045,0.35272392607590053,0.671553459428543,0.48363184302641676,238.54928929079676,144.267105678152,-1.6114638230478755,-0.4836318430264166,-0.03,-0.03,0.03,0.0,0.0,-0.004836318430264166
1773806309.9086223,True,0.64195126,1773806309.875521,458.914,257.94373,42.657486,19.649664,0.01582929,452.2222317256062,263.00242965970915,880.1865466686837,0.25165533674082186,0.770049837424654,0.3158626535668753,240.2222317256062,143.00242965970915,-1.6316988059009956,-0.3158626535668754,-0.03,-0.03,0.03,0.0,0.0,-0.0031586265356687536
1773806309.9186532,True,0.7119991,1773806309.9096286,462.348,256.18527,43.68021,21.4353,0.028238673,454.2473837691569,261.63899817112673,897.0201212422974,0.18462921168455,0.838915280749669,0.21662744803373846,242.2473837691569,141.63899817112673,-1.6127543822429553,-0.21662744803373846,-0.03,-0.03,0.03,0.0,0.0,-0.0021662744803373846
1773806309.9288416,True,0.7119991,1773806309.9096286,462.348,256.18527,43.68021,21.4353,0.028238673,455.8675054039974,260.54825298026077,908.8036234438268,0.13771092414515967,0.8871210910771795,0.15400432732115765,243.86750540399743,140.54825298026077,-1.5997036407354024,-0.15400432732115776,-0.03,-0.03,0.03,0.0,0.0,-0.0015400432732115778
1773806309.9383733,True,0.7185728,1773806309.9328568,461.84296,255.08995,43.902775,20.85554,0.026104731,457.06259563179174,259.4565924965133,910.847344760288,0.10422817691488417,0.9208825510078019,0.112703296853973,245.06259563179174,139.45659249651328,-1.5974573614087424,-0.11270329685397318,-0.03,-0.03,0.03,0.0,0.0,-0.0011270329685397317
1773806309.9486346,True,0.7185728,1773806309.9328568,461.84296,255.08995,43.902775,20.85554,0.026104731,458.01866781402714,258.5832641095153,912.2779496818109,0.08079025385369133,0.9445155729592376,0.08532848405607116,246.01866781402714,138.5832641095153,-1.5958879627288851,-0.0853284840560713,-0.03,-0.03,0.03,0.0,0.0,-0.000853284840560713
1773806309.9586952,True,0.71780807,1773806309.952686,463.49756,255.99005,45.310486,23.786999,0.02420851,459.1144459699717,258.06462154151853,961.9346892889863,0.06381502143447881,0.9610729975689916,0.06630243864595475,247.1144459699717,138.06462154151853,-1.5428861179493618,-0.06630243864595453,-0.03,-0.03,0.03,0.0,0.0,-0.0006630243864595454
1773806309.9685764,True,0.71780807,1773806309.952686,463.49756,255.99005,45.310486,23.786999,0.02420851,459.99106849472736,257.6497074871211,996.6944070140091,0.05193235874103004,0.9726631947958193,0.0533412752100035,247.99106849472736,137.64970748712108,-1.5073884653046992,-0.053341275210003314,-0.03,-0.03,0.03,0.0,0.0,-0.0005334127521000331
1773806309.9788754,True,0.71780807,1773806309.952686,463.49756,255.99005,45.310486,23.786999,0.02420851,460.6923665145319,257.31777624360313,1021.0262094215251,0.0436144948556159,0.9807763328545988,0.04444008066946417,248.6923665145319,137.31777624360313,-1.4832691875789283,-0.044440080669464255,-0.03,-0.03,0.03,0.0,0.0,-0.0004444008066946426
1773806309.988473,True,0.71780807,1773806309.952686,463.49756,255.99005,45.310486,23.786999,0.02420851,461.25340493037555,257.05223124878876,1038.0584711067863,0.037791990135826,0.9864555294957443,0.03829216407994694,249.25340493037555,137.05223124878876,-1.466725283073046,-0.03829216407994673,-0.03,-0.03,0.03,0.0,0.0,-0.00038292164079946735
1773806309.9981291,True,0.71780807,1773806309.952686,463.49756,255.99005,45.310486,23.786999,0.02420851,461.70223566305043,256.8397952529373,1049.981054286469,0.03371623683197307,0.9904309671445463,0.034028844918706336,249.70223566305043,136.83979525293728,-1.4553052763063248,0.0,-0.03,-0.03,0.03,0.0,0.0,0.0
1773806310.008537,True,0.71780807,1773806309.952686,463.49756,255.99005,45.310486,23.786999,0.02420851,462.06130024919037,256.6698464562561,1058.326862512247,0.030863209519276024,0.9932137734987077,0.031064089391438877,250.06130024919037,136.6698464562561,-1.4473881672800768,0.0,-0.03,-0.03,0.03,0.0,0.0,0.0
1773806310.0185752,True,0.6847159,1773806310.0165753,462.73248,256.5355,45.482086,20.855988,0.026533917,462.19553678138357,256.64297555367676,1025.4009595202917,0.02956348761563958,0.995144040335546,0.029699012336332414,250.19553678138357,136.64297555367676,-1.4789936806570625,0.0,-0.03,-0.03,0.03,0.0,0.0,0.0
1773806310.0286188,True,0.6847159,1773806310.0165753,462.73248,256.5355,45.482086,20.855988,0.026533917,462.3029260071381,256.62147883161333,1002.3528274259229,0.02865368228309407,0.996495227121333,0.028746539153165385,250.30292600713813,136.62147883161333,-1.5017273329148546,0.0,-0.03,-0.03,0.03,0.0,0.0,0.0
1773806310.0383291,True,0.6847159,1773806310.0165753,462.73248,256.5355,45.482086,20.855988,0.026533917,462.3888373877418,256.6042814539626,986.2191349598647,0.02801681855031221,0.9974410578713839,0.0280813123011259,250.38883738774177,136.60428145396259,-1.5179540994392513,0.0,-0.03,-0.03,0.03,0.0,0.0,0.0
1773806310.048719,True,0.6847159,1773806310.0165753,462.73248,256.5355,45.482086,20.855988,0.026533917,462.45756649222466,256.59052355184195,974.9255502336241,0.027571013937364913,0.9981031393964195,0.027616388872517435,250.45756649222466,136.59052355184195,-1.5294715664107852,0.0,-0.03,-0.03,0.03,0.0,0.0,0.0
1773806310.0582845,True,0.6147857,1773806310.0517693,460.9128,258.29562,43.204765,21.108547,0.02374075,462.1486154496391,256.93154359733296,956.0448273022087,0.02642126567498885,0.998587658068104,0.02645246270117919,250.14861544963912,136.93154359733296,-1.5490278733228524,0.0,-0.03,-0.03,0.03,0.0,0.0,0.0
1773806310.0683274,True,0.6147857,1773806310.0517693,460.9128,258.29562,43.204765,21.108547,0.02374075,461.90145461557074,257.20435963372574,942.8283212502179,0.025616441891325604,0.9989268211382832,0.025638343400616218,249.90145461557074,137.20435963372574,-1.5629484656374106,0.0,-0.03,-0.03,0.03,0.0,0.0,0.0
1773806310.0786102,True,0.6147857,1773806310.0517693,460.9128,258.29562,43.204765,21.108547,0.02374075,461.703725948316,257.42261246284,933.5767670138243,0.02505306524276133,0.9991642352874087,0.02506876847251278,249.703725948316,137.42261246284,-1.572809480470792,0.0,-0.03,-0.03,0.03,0.0,0.0,0.0
1773806310.0882993,True,0.6094688,1773806310.0837793,460.90472,259.48022,43.428234,22.633327,0.013225341,461.54392558287157,257.834134892147,948.3813614213957,0.02150463237367302,0.9993887286360602,0.021514465482263892,249.54392558287157,137.834134892147,-1.5570759744159117,0.0,-0.03,-0.03,0.03,0.0,0.0,0.0
1773806310.098349,True,0.6094688,1773806310.0837793,460.90472,259.48022,43.428234,22.633327,0.013225341,461.416085290516,258.1633528355926,958.7445775066957,0.0190207293653112,0.9995458739801163,0.019027074644100365,249.41608529051598,138.1633528355926,-1.5462079788877807,0.0,-0.03,-0.03,0.03,0.0,0.0,0.0
1773806310.1083744,True,0.6094688,1773806310.0837793,460.90472,259.48022,43.428234,22.633327,0.013225341,461.3138130566316,258.4267271903491,965.9988287664057,0.01728199725945793,0.9996558757209556,0.017286224469677813,249.3138130566316,138.42672719034908,-1.5386700540037652,0.0,-0.03,-0.03,0.03,0.0,0.0,0.0
1773806310.1181917,True,0.6094688,1773806310.0837793,460.90472,259.48022,43.428234,22.633327,0.013225341,461.2319952695241,258.63742667415426,971.0768046482027,0.016064884785360643,0.999732876939543,0.01606779432802764,249.23199526952408,138.63742667415426,-1.5334271120903649,0.0,-0.03,-0.03,0.03,0.0,0.0,0.0
1773806310.1283867,True,0.6094688,1773806310.0837793,460.90472,259.48022,43.428234,22.633327,0.013225341,461.1665410398381,258.8059862611984,974.6313877654607,0.015212906053492539,0.9997867777925543,0.015214976299757687,249.16654103983808,138.80598626119843,-1.5297733400750082,0.0,-0.03,-0.03,0.03,0.0,0.0,0.0
1773806310.138762,True,0.6094688,1773806310.0837793,460.90472,259.48022,43.428234,22.633327,0.013225341,461.1141776560893,258.9408339308338,977.1195959475411,0.014616520941184867,0.9998245083896622,0.014618045149277316,249.11417765608928,138.94083393083378,-1.5272236197973232,0.0,-0.03,-0.03,0.03,0.0,0.0,0.0
1773806310.14831,True,0.6094688,1773806310.0837793,460.90472,259.48022,43.428234,22.633327,0.013225341,461.0722869490902,259.048712066542,978.8613416749976,0.014199051362569496,0.9998509198076376,0.01420021392603503,249.0722869490902,139.048712066542,-1.5254426758685544,0.0,-0.03,-0.03,0.03,0.0,0.0,0.0
1773806310.1585653,True,0.6094688,1773806310.0837793,460.90472,259.48022,43.428234,22.633327,0.013225341,461.03877438349093,259.13501457510864,980.080563684217,0.013906822657538738,0.9998694078002205,0.013907742244874675,249.03877438349093,139.13501457510864,-1.5241978996316352,0.0,-0.03,-0.03,0.03,0.0,0.0,0.0
1773806310.1687257,True,0.6094688,1773806310.0837793,460.90472,259.48022,43.428234,22.633327,0.013225341,461.01196433101154,259.20405658196194,980.9340190906706,0.013702262564017208,0.9998823493950285,0.013703017084689026,249.01196433101154,139.20405658196194,-1.5233274772820675,0.0,-0.03,-0.03,0.03,0.0,0.0,0.0
1773806310.1789765,True,0.6094688,1773806310.0837793,460.90472,259.48022,43.428234,22.633327,0.013225341,460.99051628902805,259.25929018744455,981.5314378751882,0.013559070498552137,0.9998914085113941,0.013559711941276757,248.99051628902805,139.25929018744455,-1.5227186321165622,0.0,-0.03,-0.03,0.03,0.0,0.0,0.0
1773806310.1885712,True,0.6094688,1773806310.0837793,460.90472,259.48022,43.428234,22.633327,0.013225341,460.97335785544124,259.3034770718306,981.9496310243504,0.013458836052726585,0.9998977498928501,0.013459399554185165,248.97335785544124,139.30347707183063,-1.5222926609553327,0.0,-0.03,-0.03,0.03,0.0,0.0,0.0
1773806310.1987853,True,0.6094688,1773806310.0837793,460.90472,259.48022,43.428234,22.633327,0.013225341,460.9596311085718,259.3388265793395,982.242366228764,0.013388671940648699,0.9999021888598691,0.013389181478979974,248.95963110857178,139.33882657933952,-1.5219945890692945,0.0,-0.03,-0.03,0.03,0.0,0.0,0.0
1773806310.2083097,True,0.6094688,1773806310.0837793,460.90472,259.48022,43.428234,22.633327,0.013225341,460.9486497110762,259.36710618534664,982.4472808718535,0.013339557062194179,0.9999052961367826,0.013340029118684671,248.9486497110762,139.36710618534664,-1.521785991600341,0.0,-0.03,-0.03,0.03,0.0,0.0,0.0
1773806310.2185607,True,0.6094688,1773806310.0837793,460.90472,259.48022,43.428234,22.633327,0.013225341,460.93986459307973,259.38972987015234,982.5907211220161,0.013305176647276016,0.999907471230622,0.013305622609874914,248.93986459307973,139.38972987015234,-1.5216399992579313,0.0,-0.03,-0.03,0.03,0.0,0.0,0.0
1773806310.2285876,True,0.6094688,1773806310.0837793,460.90472,259.48022,43.428234,22.633327,0.013225341,460.9328364986826,259.40782881799686,982.69112929713,0.013281110356833301,0.9999089937963095,0.013281538124022762,248.9328364986826,139.40782881799686,-1.5215378172984533,0.0,-0.03,-0.03,0.03,0.0,0.0,0.0
1773806310.2382538,True,0.6094688,1773806310.0837793,460.90472,259.48022,43.428234,22.633327,0.013225341,460.9272140231649,259.4223079762725,982.7614150197097,0.013264263953523401,0.9999100595922907,0.013264679018397653,248.92721402316488,139.42230797627252,-1.5214662961387968,0.0,-0.03,-0.03,0.03,0.0,0.0,0.0
1773806310.2483625,True,0.6094688,1773806310.0837793,460.90472,259.48022,43.428234,22.633327,0.013225341,460.9227160427507,259.433891302893,982.8106150255155,0.013252471471206471,0.9999108056494777,0.013252877661356965,248.92271604275072,139.43389130289302,-1.5214162343704525,0.0,-0.03,-0.03,0.03,0.0,0.0,0.0
1773806310.2585087,True,0.6094688,1773806310.0837793,460.90472,259.48022,43.428234,22.633327,0.013225341,460.9191176584194,259.4431579641894,982.8450550295796,0.01324421673358462,0.9999113278895085,0.013244616719709982,248.9191176584194,139.44315796418942,-1.5213811926237293,0.0,-0.03,-0.03,0.03,0.0,0.0,0.0
1773806310.2683294,True,0.6094688,1773806310.0837793,460.90472,259.48022,43.428234,22.633327,0.013225341,460.91623895095427,259.4505712932266,982.8691630324245,0.013238438417249324,0.9999116934575302,0.013238834064615722,248.91623895095427,139.45057129322657,-1.5213566641316172,0.0,-0.03,-0.03,0.03,0.0,0.0,0.0
1773806310.2785232,True,0.6094688,1773806310.0837793,460.90472,259.48022,43.428234,22.633327,0.013225341,460.91393598498223,259.4565019564563,982.8860386344159,0.013234393595814617,0.9999119493551453,0.01323478620803871,248.91393598498223,139.4565019564563,-1.5213394945451117,0.0,-0.03,-0.03,0.03,0.0,0.0,0.0
1773806310.2885513,False,0.6094688,1773806310.0837793,460.90472,259.48022,43.428234,22.633327,0.013225341,,,,,,,,,,,0.0,0.0,0.0,0.0,0.0,0.0
1773806310.2985952,False,0.6094688,1773806310.0837793,460.90472,259.48022,43.428234,22.633327,0.013225341,,,,,,,,,,,0.0,0.0,0.0,0.0,0.0,0.0
1773806310.3081317,False,0.6094688,1773806310.0837793,460.90472,259.48022,43.428234,22.633327,0.013225341,,,,,,,,,,,0.0,0.0,0.0,0.0,0.0,0.0
1773806310.3184893,False,0.6094688,1773806310.0837793,460.90472,259.48022,43.428234,22.633327,0.013225341,,,,,,,,,,,0.0,0.0,0.0,0.0,0.0,0.0
1773806310.328584,False,0.6094688,1773806310.0837793,460.90472,259.48022,43.428234,22.633327,0.013225341,,,,,,,,,,,0.0,0.0,0.0,0.0,0.0,0.0
1773806310.3387096,False,0.6094688,1773806310.0837793,460.90472,259.48022,43.428234,22.633327,0.013225341,,,,,,,,,,,0.0,0.0,0.0,0.0,0.0,0.0
1773806310.3485055,False,0.6094688,1773806310.0837793,460.90472,259.48022,43.428234,22.633327,0.013225341,,,,,,,,,,,0.0,0.0,0.0,0.0,0.0,0.0
1773806310.3587875,False,0.6094688,1773806310.0837793,460.90472,259.48022,43.428234,22.633327,0.013225341,,,,,,,,,,,0.0,0.0,0.0,0.0,0.0,0.0
1773806310.3683524,False,0.6094688,1773806310.0837793,460.90472,259.48022,43.428234,22.633327,0.013225341,,,,,,,,,,,0.0,0.0,0.0,0.0,0.0,0.0
1773806310.378425,False,0.6094688,1773806310.0837793,460.90472,259.48022,43.428234,22.633327,0.013225341,,,,,,,,,,,0.0,0.0,0.0,0.0,0.0,0.0
1773806310.388465,False,0.6094688,1773806310.0837793,460.90472,259.48022,43.428234,22.633327,0.013225341,,,,,,,,,,,0.0,0.0,0.0,0.0,0.0,0.0
1773806310.3985133,False,0.6094688,1773806310.0837793,460.90472,259.48022,43.428234,22.633327,0.013225341,,,,,,,,,,,0.0,0.0,0.0,0.0,0.0,0.0
1773806310.4085212,False,0.6094688,1773806310.0837793,460.90472,259.48022,43.428234,22.633327,0.013225341,,,,,,,,,,,0.0,0.0,0.0,0.0,0.0,0.0
1773806310.4185493,False,0.6094688,1773806310.0837793,460.90472,259.48022,43.428234,22.633327,0.013225341,,,,,,,,,,,0.0,0.0,0.0,0.0,0.0,0.0
1773806310.4286976,False,0.6094688,1773806310.0837793,460.90472,259.48022,43.428234,22.633327,0.013225341,,,,,,,,,,,0.0,0.0,0.0,0.0,0.0,0.0
1773806310.4384935,False,0.6094688,1773806310.0837793,460.90472,259.48022,43.428234,22.633327,0.013225341,,,,,,,,,,,0.0,0.0,0.0,0.0,0.0,0.0
1773806310.448873,False,0.6094688,1773806310.0837793,460.90472,259.48022,43.428234,22.633327,0.013225341,,,,,,,,,,,0.0,0.0,0.0,0.0,0.0,0.0
1773806310.45833,False,0.6094688,1773806310.0837793,460.90472,259.48022,43.428234,22.633327,0.013225341,,,,,,,,,,,0.0,0.0,0.0,0.0,0.0,0.0
1773806310.4685748,False,0.6094688,1773806310.0837793,460.90472,259.48022,43.428234,22.633327,0.013225341,,,,,,,,,,,0.0,0.0,0.0,0.0,0.0,0.0
1773806310.4781752,False,0.6094688,1773806310.0837793,460.90472,259.48022,43.428234,22.633327,0.013225341,,,,,,,,,,,0.0,0.0,0.0,0.0,0.0,0.0
1773806310.488621,False,0.6094688,1773806310.0837793,460.90472,259.48022,43.428234,22.633327,0.013225341,,,,,,,,,,,0.0,0.0,0.0,0.0,0.0,0.0
1773806310.4981802,False,0.6094688,1773806310.0837793,460.90472,259.48022,43.428234,22.633327,0.013225341,,,,,,,,,,,0.0,0.0,0.0,0.0,0.0,0.0
1773806310.50822,False,0.6094688,1773806310.0837793,460.90472,259.48022,43.428234,22.633327,0.013225341,,,,,,,,,,,0.0,0.0,0.0,0.0,0.0,0.0
1773806310.5182567,False,0.6094688,1773806310.0837793,460.90472,259.48022,43.428234,22.633327,0.013225341,,,,,,,,,,,0.0,0.0,0.0,0.0,0.0,0.0
1773806310.5286925,False,0.6094688,1773806310.0837793,460.90472,259.48022,43.428234,22.633327,0.013225341,,,,,,,,,,,0.0,0.0,0.0,0.0,0.0,0.0
1773806310.5387385,False,0.6094688,1773806310.0837793,460.90472,259.48022,43.428234,22.633327,0.013225341,,,,,,,,,,,0.0,0.0,0.0,0.0,0.0,0.0
1773806310.5482876,False,0.6094688,1773806310.0837793,460.90472,259.48022,43.428234,22.633327,0.013225341,,,,,,,,,,,0.0,0.0,0.0,0.0,0.0,0.0
1773806310.5584986,False,0.6094688,1773806310.0837793,460.90472,259.48022,43.428234,22.633327,0.013225341,,,,,,,,,,,0.0,0.0,0.0,0.0,0.0,0.0
1773806310.568582,False,0.6094688,1773806310.0837793,460.90472,259.48022,43.428234,22.633327,0.013225341,,,,,,,,,,,0.0,0.0,0.0,0.0,0.0,0.0
1773806310.5781267,False,0.6094688,1773806310.0837793,460.90472,259.48022,43.428234,22.633327,0.013225341,,,,,,,,,,,0.0,0.0,0.0,0.0,0.0,0.0
1773806310.5886383,False,0.6094688,1773806310.0837793,460.90472,259.48022,43.428234,22.633327,0.013225341,,,,,,,,,,,0.0,0.0,0.0,0.0,0.0,0.0
1773806310.598514,True,0.38430882,1773806310.594016,468.90207,263.66687,48.603622,24.722569,0.07159985,462.5115626063452,260.29857558860255,1048.502160637841,0.03072568182303587,0.9991697122626535,0.03074152651134223,250.5115626063452,140.29857558860255,-1.456714764724386,0.0,-0.03,-0.03,0.03,0.0,0.0,0.0
1773806310.60859,True,0.38430882,1773806310.594016,468.90207,263.66687,48.603622,24.722569,0.07159985,463.78966390343555,260.97223449431954,1094.4334460402386,0.04296958358209074,0.9986501462979092,0.04300114057377099,251.78966390343555,140.97223449431954,-1.4138405682823258,-0.043001140573771135,-0.03,-0.03,0.03,0.0,0.0,-0.00043001140573771133
1773806310.618636,True,0.63072646,1773806310.6156232,473.16055,264.75024,42.782734,20.1073,0.032701675,465.6638417184516,261.72783642358064,1024.1769840055106,0.039887462497796344,0.9988947067725316,0.03991039482753479,253.66384171845158,141.72783642358064,-1.4801880491504875,-0.039910394827535,-0.03,-0.03,0.03,0.0,0.0,-0.00039910394827535
1773806310.6284294,True,0.63072646,1773806310.6156232,473.16055,264.75024,42.782734,20.1073,0.032701675,467.1631839704644,262.33231796698954,974.997460581201,0.03772997773879026,0.9990658991047672,0.037747315861000885,255.1631839704644,142.33231796698954,-1.5293978092960572,-0.037747315861000885,-0.03,-0.03,0.03,0.0,0.0,-0.0003774731586100089
1773806310.638293,True,0.63072646,1773806310.6156232,473.16055,264.75024,42.782734,20.1073,0.032701675,468.36265777207467,262.81590320171665,940.5717941841845,0.036219738407486005,0.999185733737332,0.03623339018263955,256.36265777207467,142.81590320171665,-1.5653446937434539,-0.03623339018263971,-0.03,-0.03,0.03,0.0,0.0,-0.00036233390182639714
1773806310.648397,True,0.63072646,1773806310.6156232,473.16055,264.75024,42.782734,20.1073,0.032701675,469.3222368133629,263.20277138949837,916.4738277062727,0.03516257087557303,0.9992696179801275,0.03517375899458488,257.3222368133629,143.20277138949837,-1.591299165671704,-0.03517375899458486,-0.03,-0.03,0.03,0.0,0.0,-0.0003517375899458486
1773806310.6586156,True,0.729745,1773806310.6530871,473.8419,266.48187,42.330467,21.085047,0.039218,470.2261671362372,263.85859162331747,909.2936361815002,0.03637618419963995,0.9992580544134464,0.036387125749189786,258.2261671362372,143.85859162331747,-1.599164601641708,-0.036387125749189675,-0.03,-0.03,0.03,0.0,0.0,-0.00036387125749189677
1773806310.6683888,True,0.729745,1773806310.6530871,473.8419,266.48187,42.330467,21.085047,0.039218,470.9493113945367,264.3832478103727,904.2675021141595,0.03722571352648679,0.9992499599167696,0.037236435624271265,258.9493113945367,144.38324781037272,-1.6047074497204736,-0.03723643562427137,-0.03,-0.03,0.03,0.0,0.0,-0.0003723643562427137
1773806310.6786327,True,0.729745,1773806310.6530871,473.8419,266.48187,42.330467,21.085047,0.039218,471.5278268011763,264.8029727600169,900.749208267021,0.037820384055279585,0.9992442937690958,0.03783092882017555,259.5278268011763,144.80297276001693,-1.6086058051014291,-0.03783092882017547,-0.03,-0.03,0.03,0.0,0.0,-0.0003783092882017547
1773806310.68829,True,0.7721123,1773806310.6852846,474.17932,266.3829,40.00466,20.565672,0.052213397,472.05812569875354,265.1189590185604,877.3412609724614,0.042131171562464736,0.9990621627126346,0.04214574909954843,260.05812569875354,145.11895901856042,-1.634936635959302,-0.04214574909954827,-0.03,-0.03,0.03,0.0,0.0,-0.0004214574909954827
1773806310.698447,True,0.7721123,1773806310.6852846,474.17932,266.3829,40.00466,20.565672,0.052213397,472.48236481681533,265.3717480253952,860.9556978662698,0.04514872281749434,0.9989346709731117,0.04516613460940024,260.48236481681533,145.37174802539522,-1.6537896269329293,-0.04516613460940011,-0.03,-0.03,0.03,0.0,0.0,-0.0004516613460940011
1773806310.7085938,True,0.7721123,1773806310.6852846,474.17932,266.3829,40.00466,20.565672,0.052213397,472.8217561112648,265.5739792308631,849.4858036919356,0.04726100869601506,0.9988454267554456,0.04728037581597807,260.8217561112648,145.57397923086307,-1.6672014461551774,-0.047280375815978104,-0.03,-0.03,0.03,0.0,0.0,-0.00047280375815978104
1773806310.7182858,True,0.7390618,1773806310.7182858,474.41345,269.71222,39.469604,23.66732,0.06048757,473.14009531869937,266.40162723234675,874.8819937366986,0.051217913192623025,0.9986431541494274,0.05124260424924323,261.14009531869937,146.40162723234675,-1.6377436627967201,-0.05124260424924332,-0.03,-0.03,0.03,0.0,0.0,-0.0005124260424924331
1773806310.7286446,True,0.7390618,1773806310.7182858,474.41345,269.71222,39.469604,23.66732,0.06048757,473.39476668464704,267.0637456335337,892.6593267680328,0.0539877463402486,0.9985015633252147,0.05401616841320628,261.39476668464704,147.0637456335337,-1.6176276606497981,-0.054016168413206334,-0.03,-0.03,0.03,0.0,0.0,-0.0005401616841320633
1773806310.738527,True,0.7390618,1773806310.7182858,474.41345,269.71222,39.469604,23.66732,0.06048757,473.59850377740514,267.5934403544832,905.1034598899666,0.05592662954358651,0.9984024497482658,0.0559576389379056,261.59850377740514,147.59344035448322,-1.6037834182721498,-0.05595763893790551,-0.03,-0.03,0.03,0.0,0.0,-0.000559576389379055
1773806310.7485747,True,0.7390618,1773806310.7182858,474.41345,269.71222,39.469604,23.66732,0.06048757,473.7614934516116,268.0171961312428,913.8143530753202,0.05728384778592304,0.9983330702444015,0.05731664727274176,261.7614934516116,148.01719613124283,-1.5942052397321078,-0.05731664727274177,-0.03,-0.03,0.03,0.0,0.0,-0.0005731664727274177
1773806310.7585235,True,0.8869296,1773806310.7516656,475.66348,270.04208,41.043262,19.948149,0.05437608,474.14189129449244,268.42217365304117,885.2911836273335,0.056403479982206656,0.9983897447188071,0.05643446230876887,262.14189129449244,148.42217365304117,-1.6259160638182024,-0.05643446230876892,-0.03,-0.03,0.03,0.0,0.0,-0.0005643446230876892
1773806310.7686372,True,0.8869296,1773806310.7516656,475.66348,270.04208,41.043262,19.948149,0.05437608,474.44620956879714,268.7461556704798,865.3249650137427,0.055787222519605176,0.998429416850891,0.05581694002490869,262.44620956879714,148.74615567047982,-1.648727557280569,-0.05581694002490867,-0.03,-0.03,0.03,0.0,0.0,-0.0005581694002490867
1773806310.7787,True,0.8869296,1773806310.7516656,475.66348,270.04208,41.043262,19.948149,0.05437608,474.68966418824084,269.00534128443076,851.3486119842291,0.05535584229578415,0.9984571873433498,0.055384678241935714,262.68966418824084,149.00534128443076,-1.665010981263406,-0.0553846782419356,-0.03,-0.03,0.03,0.0,0.0,-0.0005538467824193561
1773806310.7885578,True,0.9208801,1773806310.786001,476.2616,271.9616,41.829765,18.855675,0.037817348,475.0040506865302,269.59659480488835,832.5625647659134,0.050091589911456375,0.9987055339366684,0.05011452000720099,263.0040506865302,149.59659480488835,-1.6873243038556798,-0.05011452000720107,-0.03,-0.03,0.03,0.0,0.0,-0.0005011452000720106
1773806310.7982051,True,0.9208801,1773806310.786001,476.2616,271.9616,41.829765,18.855675,0.037817348,475.2555598851617,270.06959762125445,819.4123317130925,0.04640661324242693,0.9988793765519913,0.04642529354366759,263.2555598851617,150.06959762125445,-1.7032452610724171,-0.046425293543667756,-0.03,-0.03,0.03,0.0,0.0,-0.00046425293543667757
1773806310.8084693,True,0.9208801,1773806310.786001,476.2616,271.9616,41.829765,18.855675,0.037817348,475.4567672440669,270.4479998743473,810.2071685761179,0.04382712957410632,0.9990010663827175,0.04384284063727469,263.4567672440669,150.44799987434732,-1.7145426971196598,-0.043842840637274616,-0.03,-0.03,0.03,0.0,0.0,-0.00043842840637274615
1773806310.8184867,True,0.9208801,1773806310.786001,476.2616,271.9616,41.829765,18.855675,0.037817348,475.617733131191,270.7507216768216,803.7635543802355,0.042021491006281886,0.9990862492642257,0.04203514772858747,263.617733131191,150.75072167682163,-1.7225275364231334,-0.04203514772858741,-0.03,-0.03,0.03,0.0,0.0,-0.0004203514772858741
1773806310.828308,True,0.89150846,1773806310.8194933,476.94717,273.93378,43.54097,18.99813,0.040800013,475.88362131940596,271.3873327125511,810.7935945114773,0.04165165191270474,0.9991107129660953,0.04166459933754329,263.88362131940596,151.38733271255109,-1.7138191614196205,-0.04166459933754307,-0.03,-0.03,0.03,0.0,0.0,-0.00041664599337543073
1773806310.838335,True,0.89150846,1773806310.8194933,476.94717,273.93378,43.54097,18.99813,0.040800013,476.0963318699779,271.8966215411346,815.7146226033465,0.04139276454720074,0.999127837557404,0.041405219443029065,264.0963318699779,151.8966215411346,-1.7077681091649053,-0.04140521944302922,-0.03,-0.03,0.03,0.0,0.0,-0.00041405219443029216
1773806310.8483853,True,0.89150846,1773806310.8194933,476.94717,273.93378,43.54097,18.99813,0.040800013,476.2665003104355,272.30405260400147,819.1593422676549,0.04121154339134794,0.99913982477132,0.04122365548830266,264.2665003104355,152.30405260400147,-1.7035540537257567,-0.04122365548830276,-0.03,-0.03,0.03,0.0,0.0,-0.00041223655488302756
1773806310.8589127,True,0.8544581,1773806310.8529134,476.75153,276.19757,40.87182,20.046368,0.04967789,476.3635054241297,273.08275624335744,819.2109841674364,0.04374531808337563,0.9990277695546839,0.043759936156888286,264.3635054241297,153.08275624335744,-1.7034910131555445,-0.04375993615688811,-0.03,-0.03,0.03,0.0,0.0,-0.0004375993615688811
1773806310.868275,True,0.8544581,1773806310.8529134,476.75153,276.19757,40.87182,20.046368,0.04967789,476.44110951508503,273.7057191548422,819.2471334972836,0.045518960367795014,0.9989493309030386,0.04553533790307621,264.44110951508503,153.7057191548422,-1.703446887120874,-0.04553533790307629,-0.03,-0.03,0.03,0.0,0.0,-0.0004553533790307629
1773806310.8788245,True,0.8544581,1773806310.8529134,476.75153,276.19757,40.87182,20.046368,0.04967789,476.50319278784934,274.20408948403,819.2724380281766,0.046760509966888575,0.9988944238468869,0.04677811476691079,264.50319278784934,154.20408948403002,-1.7034160000550926,-0.04677811476691085,-0.03,-0.03,0.03,0.0,0.0,-0.0004677811476691085
1773806310.8883529,True,0.8544581,1773806310.8529134,476.75153,276.19757,40.87182,20.046368,0.04967789,476.55285940606075,274.60278574738027,819.2901511998017,0.04762959468625408,0.9988559889075808,0.04764805405390006,264.55285940606075,154.60278574738027,-1.703394379676668,-0.04764805405390016,-0.03,-0.03,0.03,0.0,0.0,-0.00047648054053900157
1773806310.8982713,True,0.63557464,1773806310.8895812,478.57648,276.96985,42.396317,21.761913,0.033090692,476.9575829350049,275.0761983244667,850.2905875293143,0.04326611227832455,0.9990349581377149,0.043280860911243196,264.9575829350049,155.0761983244667,-1.6662545170159435,-0.04328086091124339,-0.03,-0.03,0.03,0.0,0.0,-0.0004328086091124339
1773806310.908386,True,0.63557464,1773806310.8895812,478.57648,276.96985,42.396317,21.761913,0.033090692,477.2813617581602,275.45492838613586,871.990892959973,0.04021167459277389,0.9991602365988088,0.040223763855838854,265.2813617581602,155.45492838613586,-1.6410536957572108,-0.0402237638558387,-0.03,-0.03,0.03,0.0,0.0,-0.000402237638558387
1773806310.9186957,True,0.63557464,1773806310.8895812,478.57648,276.96985,42.396317,21.761913,0.033090692,477.5403848166844,275.7579124354712,887.1811067614342,0.038073568212888424,0.9992479315215745,0.03808380106385875,265.5403848166844,155.7579124354712,-1.6237835353035632,-0.03808380106385867,-0.03,-0.03,0.03,0.0,0.0,-0.0003808380106385867
1773806310.9283319,True,0.6102452,1773806310.9186957,479.83865,276.65924,42.43804,20.959444,0.03223513,478.0000385662382,275.93817809290823,887.8701096939415,0.036320362254243885,0.9993177000139651,0.03632916959834687,266.0000385662382,155.93817809290823,-1.6230072163323432,-0.036329169598346756,-0.03,-0.03,0.03,0.0,0.0,-0.00036329169598346754
1773806310.9384413,True,0.6102452,1773806310.9186957,479.83865,276.65924,42.43804,20.959444,0.03223513,478.36776156588115,276.08239061885786,888.3524117466966,0.03509311808319271,0.9993665379586386,0.035100939549706084,266.36776156588115,156.08239061885786,-1.6224641514192633,-0.035100939549705945,-0.03,-0.03,0.03,0.0,0.0,-0.00035100939549705947
1773806310.9486513,True,0.6102452,1773806310.9186957,479.83865,276.65924,42.43804,20.959444,0.03223513,478.66193996559554,276.1977606396175,888.690023183625,0.03423404716345689,0.99940072451991,0.03424118668378096,266.66193996559554,156.1977606396175,-1.6220841813810085,0.0,-0.03,-0.03,0.03,0.0,0.0,0.0
1773806310.9583702,True,0.7090789,1773806310.952794,480.47147,276.34378,44.416916,20.943424,0.04166494,479.0238451853671,276.2269646152096,901.1557090996313,0.036459698692077186,0.99932014975558,0.036468327202942574,267.0238451853671,156.22696461520962,-1.6081546149907984,-0.036468327202942685,-0.03,-0.03,0.03,0.0,0.0,-0.00036468327202942685
1773806310.9685605,True,0.7090789,1773806310.952794,480.47147,276.34378,44.416916,20.943424,0.04166494,479.31336936118436,276.25032779568335,909.8816892408356,0.03801765476211139,0.9992637474205491,0.038027325220224735,267.31336936118436,156.25032779568335,-1.5985180965230426,-0.03802732522022456,-0.03,-0.03,0.03,0.0,0.0,-0.0003802732522022456
1773806310.9781723,True,0.7090789,1773806310.952794,480.47147,276.34378,44.416916,20.943424,0.04166494,479.5449887018382,276.2690183400623,915.9898753396786,0.03910822401113534,0.9992242657860274,0.03911861896045549,267.5449887018382,156.2690183400623,-1.5918273642679888,-0.03911861896045554,-0.03,-0.03,0.03,0.0,0.0,-0.00039118618960455544
1773806310.9881806,True,0.7090789,1773806310.952794,480.47147,276.34378,44.416916,20.943424,0.04166494,479.7302841743612,276.2839707755655,920.2656056088688,0.0398716224854521,0.9991966286418622,0.039882520578563375,267.7302841743612,156.28397077556548,-1.5871703456328854,-0.03988252057856334,-0.03,-0.03,0.03,0.0,0.0,-0.00039882520578563344
1773806310.9984033,True,0.55015,1773806310.9886868,481.24255,276.51056,44.14578,21.43843,0.028769724,480.0327380816765,276.32928843685863,928.1107835453488,0.036539862379648846,0.9993134940591284,0.0365486817602266,268.0327380816765,156.32928843685863,-1.5786815712768758,-0.03654868176022674,-0.03,-0.03,0.03,0.0,0.0,-0.00036548681760226745
1773806311.0084243,True,0.55015,1773806310.9886868,481.24255,276.51056,44.14578,21.43843,0.028769724,480.27470120752866,276.3655425658932,933.6024081008848,0.034207630305586566,0.9993952998512146,0.03421497051198186,268.27470120752866,156.36554256589318,-1.572782015418264,0.0,-0.03,-0.03,0.03,0.0,0.0,0.0
1773806311.0184557,True,0.55015,1773806310.9886868,481.24255,276.51056,44.14578,21.43843,0.028769724,480.4682717082104,276.3945458691208,937.4465452897598,0.03257506785374297,0.999452563905675,0.032581376614049216,268.4682717082104,156.3945458691208,-1.5686729378970432,0.0,-0.03,-0.03,0.03,0.0,0.0,0.0
1773806311.02816,True,0.78078336,1773806311.0205045,481.48877,276.8474,44.516273,20.579964,0.03385628,480.6723712728184,276.4851191171716,931.0555748668943,0.03295749126906213,0.9994448740010733,0.03296385212142337,268.6723712728184,156.48511911717162,-1.5755137065283638,0.0,-0.03,-0.03,0.03,0.0,0.0,0.0
1773806311.038251,True,0.78078336,1773806311.0205045,481.48877,276.8474,44.516273,20.579964,0.03385628,480.83565092450476,276.5575777156123,926.5818955708885,0.03322518765978554,0.999439491067852,0.03323158274475409,268.83565092450476,156.5575777156123,-1.5803302415261125,0.0,-0.03,-0.03,0.03,0.0,0.0,0.0
1773806311.0483313,True,0.78078336,1773806311.0205045,481.48877,276.8474,44.516273,20.579964,0.03385628,480.96627464585384,276.61554459436485,923.4503200636843,0.033412575133291926,0.9994357230145972,0.033418993063684344,268.96627464585384,156.61554459436485,-1.5837156728409751,0.0,-0.03,-0.03,0.03,0.0,0.0,0.0
1773806311.058407,True,0.74435323,1773806311.0528662,482.6915,276.69485,46.51225,20.575287,0.038512994,481.31131927723,276.63140662275754,933.5160846402821,0.03493984466511436,0.9993825460078147,0.0349471977056363,269.31131927723,156.63140662275754,-1.5728744824587861,-0.034947197705636146,-0.03,-0.03,0.03,0.0,0.0,-0.00034947197705636145
1773806311.0685334,True,0.74435323,1773806311.0528662,482.6915,276.69485,46.51225,20.575287,0.038512994,481.5873549823309,276.64409624547164,940.5621198439005,0.03600893333739006,0.999345322103067,0.03601694098255453,269.5873549823309,156.64409624547164,-1.565354979391075,-0.03601694098255459,-0.03,-0.03,0.03,0.0,0.0,-0.0003601694098255459
1773806311.078687,True,0.74435323,1773806311.0528662,482.6915,276.69485,46.51225,20.575287,0.038512994,481.8081835464116,276.65424794364293,945.4943444864334,0.03675729540798305,0.9993192653697438,0.03676575977071581,269.8081835464116,156.65424794364293,-1.5601247691834113,-0.03676575977071561,-0.03,-0.03,0.03,0.0,0.0,-0.00036765759770715614
1773806311.0887127,True,0.74435323,1773806311.0528662,482.6915,276.69485,46.51225,20.575287,0.038512994,481.98484639767616,276.66236930217997,948.9469017362064,0.037281148857398146,0.9993010256564174,0.03728993166357076,269.98484639767616,156.66236930217997,-1.556479830519738,-0.03728993166357064,-0.03,-0.03,0.03,0.0,0.0,-0.0003728993166357064
1773806311.09818,True,0.738965,1773806311.0887127,482.8693,276.36945,46.558823,21.648048,0.030659674,482.1617357607191,276.60378460190026,966.6351273579226,0.03529326535998621,0.9993697266654774,0.03530085309140395,270.1617357607191,156.60378460190026,-1.538011575855338,-0.03530085309140407,-0.03,-0.03,0.03,0.0,0.0,-0.00035300853091404074
1773806311.1086478,True,0.738965,1773806311.0887127,482.8693,276.36945,46.558823,21.648048,0.030659674,482.3032472511535,276.55691684167647,979.0168852931238,0.033901746911797856,0.9994178173718195,0.03390849360101972,270.3032472511535,156.55691684167647,-1.5252837858862145,0.0,-0.03,-0.03,0.03,0.0,0.0,0.0
1773806311.1186802,True,0.9038438,1773806311.11668,483.33105,274.18484,46.191418,20.672205,0.0458288,482.50880873842283,276.08250246748185,971.7753634063586,0.03747505087485672,0.9992774854507289,0.03748458039839322,270.50880873842283,156.08250246748185,-1.5327080056140772,-0.03748458039839342,-0.03,-0.03,0.03,0.0,0.0,-0.0003748458039839342
1773806311.1285427,True,0.9038438,1773806311.11668,483.33105,274.18484,46.191418,20.672205,0.0458288,482.6732579282383,275.7029709681261,966.7062980856228,0.039976363648997926,0.9991792531059656,0.039987873498223185,270.6732579282383,155.70297096812612,-1.5379379512727414,-0.03998787349822308,-0.03,-0.03,0.03,0.0,0.0,-0.00039987873498223083
1773806311.1385875,True,0.9038438,1773806311.11668,483.33105,274.18484,46.191418,20.672205,0.0458288,482.8048172800907,275.3993457686415,963.1579523611078,0.041727282590896767,0.9991104904646312,0.041740175048435975,270.8048172800907,155.39934576864152,-1.5416152562668684,-0.04174017504843608,-0.03,-0.03,0.03,0.0,0.0,-0.0004174017504843608
1773806311.1482742,True,0.9038438,1773806311.11668,483.33105,274.18484,46.191418,20.672205,0.0458288,482.9100647615726,275.1564456090539,960.6741103539473,0.042952925850225955,0.9990623566156972,0.04296677768273083,270.9100647615726,155.1564456090539,-1.5441974394370304,-0.04296677768273094,-0.03,-0.03,0.03,0.0,0.0,-0.0004296677768273094
1773806311.1580904,True,0.8969183,1773806311.149281,483.9845,273.85785,46.14639,21.229296,0.034019563,483.12495122332064,274.89672631146186,966.3684775895599,0.04027094861896446,0.9991700667694721,0.040282595738441666,271.12495122332064,154.89672631146186,-1.5382874674981384,-0.04028259573844162,-0.03,-0.03,0.03,0.0,0.0,-0.0004028259573844162
1773806311.1682904,True,0.8969183,1773806311.149281,483.9845,273.85785,46.14639,21.229296,0.034019563,483.29686039271905,274.68895087338825,970.3545346544888,0.038393564557081414,0.9992454638771144,0.03840366484626549,271.29686039271905,154.68895087338825,-1.5341711713959032,-0.03840366484626534,-0.03,-0.03,0.03,0.0,0.0,-0.0003840366484626534
1773806311.1784186,True,0.8969183,1773806311.149281,483.9845,273.85785,46.14639,21.229296,0.034019563,483.43438772823777,274.52273052292935,973.144774599939,0.03707939571376328,0.9992982418524641,0.03708841972340961,271.43438772823777,154.52273052292935,-1.531299812657342,-0.037088419723409594,-0.03,-0.03,0.03,0.0,0.0,-0.00037088419723409595
1773806311.1884444,True,0.8208895,1773806311.186941,484.84543,273.96704,45.79165,20.945343,0.026243206,483.7165958759496,274.4115926214685,968.9378717609729,0.03382763517232464,0.9994054693454679,0.033834841451399485,271.7165958759496,154.41159262146851,-1.535632181752902,0.0,-0.03,-0.03,0.03,0.0,0.0,0.0
1773806311.1985283,True,0.8208895,1773806311.186941,484.84543,273.96704,45.79165,20.945343,0.026243206,483.9423623941191,274.32268230029985,965.9930397736966,0.0315514027933176,0.9994805285905706,0.03155732158308283,271.9423623941191,154.32268230029985,-1.5386760467750633,0.0,-0.03,-0.03,0.03,0.0,0.0,0.0
1773806311.2087111,True,0.8208895,1773806311.186941,484.84543,273.96704,45.79165,20.945343,0.026243206,484.12297560865466,274.2515540433649,963.9316573826031,0.029958040128012668,0.9995330700621425,0.029963064947801075,272.12297560865466,154.25155404336488,-1.5408122784923475,0.0,-0.03,-0.03,0.03,0.0,0.0,0.0
1773806311.2182395,True,0.8208895,1773806311.186941,484.84543,273.96704,45.79165,20.945343,0.026243206,484.2674661802831,274.1946514378169,962.4886897088377,0.028842686262299216,0.9995698490922429,0.02884709389518618,272.2674661802831,154.1946514378169,-1.5423103606173718,0.0,-0.03,-0.03,0.03,0.0,0.0,0.0
1773806311.2284493,True,0.85018516,1773806311.225309,485.42392,273.12497,45.747074,21.159666,0.032343924,484.4987568797734,273.98071504673794,964.1399221516551,0.029891365889238547,0.9995419886305278,0.029896152701933878,272.4987568797734,153.98071504673794,-1.5405962442205157,0.0,-0.03,-0.03,0.03,0.0,0.0,0.0
1773806311.2384937,True,0.85018516,1773806311.225309,485.42392,273.12497,45.747074,21.159666,0.032343924,484.68378943936557,273.80956593387475,965.2957848616272,0.03062544162809608,0.9995224863073272,0.030630489636170176,272.68378943936557,153.80956593387475,-1.5393981085749033,0.0,-0.03,-0.03,0.03,0.0,0.0,0.0
1773806311.248587,True,0.85018516,1773806311.225309,485.42392,273.12497,45.747074,21.159666,0.032343924,484.8318154870393,273.6726466435842,966.1048887586078,0.03113929464529635,0.9995088346810868,0.031144522925788884,272.8318154870393,153.6726466435842,-1.5385602669448752,0.0,-0.03,-0.03,0.03,0.0,0.0,0.0
1773806311.258695,True,0.87216866,1773806311.2511842,485.52353,272.92673,47.068268,21.55756,0.032592226,484.97015820017833,273.52346277385175,980.6765227169628,0.031573443029811785,0.9994968604034504,0.03157883564157153,272.97015820017833,153.52346277385175,-1.5235900129584403,0.0,-0.03,-0.03,0.03,0.0,0.0,0.0
1773806311.2682643,True,0.87216866,1773806311.2511842,485.52353,272.92673,47.068268,21.55756,0.032592226,485.08083237068956,273.4041156780658,990.8766664878115,0.03187734689897259,0.9994884784091052,0.03188285365343173,273.08083237068956,153.4041156780658,-1.5132426027679537,0.0,-0.03,-0.03,0.03,0.0,0.0,0.0
1773806311.278819,True,0.87216866,1773806311.2511842,485.52353,272.92673,47.068268,21.55756,0.032592226,485.16937170709855,273.30863800143703,998.0167671274055,0.03209007960738516,0.9994826110130635,0.032095665791162215,273.16937170709855,153.30863800143703,-1.5060625988592147,0.0,-0.03,-0.03,0.03,0.0,0.0,0.0
1773806311.288276,True,0.87175107,1773806311.287339,485.79733,272.99066,46.8317,21.188654,0.03587871,485.29496391841326,273.24504272536836,996.30193474309,0.03322435970776141,0.9994447561424183,0.03323058031212986,273.29496391841326,153.24504272536836,-1.5077823167812616,0.0,-0.03,-0.03,0.03,0.0,0.0,0.0
1773806311.2984273,True,0.87175107,1773806311.287339,485.79733,272.99066,46.8317,21.188654,0.03587871,485.395437687465,273.1941665045135,995.1015520740691,0.034018355778024784,0.9994182577329668,0.03402502085080905,273.395437687465,153.19416650451348,-1.5089878814218303,0.0,-0.03,-0.03,0.03,0.0,0.0,0.0
1773806311.308484,True,0.87175107,1773806311.287339,485.79733,272.99066,46.8317,21.188654,0.03587871,485.4758167027064,273.15346552782955,994.2612842057547,0.03457415302720915,0.9993997088463507,0.03458112878890866,273.4758167027064,153.15346552782955,-1.5098326422698363,0.0,-0.03,-0.03,0.03,0.0,0.0,0.0
1773806311.3182821,True,0.87209123,1773806311.3182821,485.4072,273.3437,46.498207,20.559097,0.037382826,485.4620925711495,273.19151021523237,982.7712534362156,0.03541414308472412,0.9993701992487306,0.035421639133808816,273.4620925711495,153.19151021523237,-1.521456285197067,-0.03542163913380891,-0.03,-0.03,0.03,0.0,0.0,-0.00035421639133808913
1773806311.3284607,True,0.87209123,1773806311.3182821,485.4072,273.3437,46.498207,20.559097,0.037382826,485.451113265904,273.22194596515465,974.7282318975383,0.036002136124984596,0.9993495425303967,0.036009996189329305,273.451113265904,153.22194596515465,-1.529673980130152,-0.03600999618932921,-0.03,-0.03,0.03,0.0,0.0,-0.0003600999618932921
1773806311.3382068,True,0.87209123,1773806311.3182821,485.4072,273.3437,46.498207,20.559097,0.037382826,485.4423298217076,273.2462945650925,969.0981168204642,0.03641373125316694,0.9993350828275629,0.03642184578434612,273.4423298217076,153.2462945650925,-1.5354668132449891,-0.03642184578434593,-0.03,-0.03,0.03,0.0,0.0,-0.0003642184578434593
1773806311.3482516,True,0.87209123,1773806311.3182821,485.4072,273.3437,46.498207,20.559097,0.037382826,485.43530306635046,273.2657734450428,965.1570362665123,0.03670184784289457,0.9993249610355792,0.036710140245679104,273.43530306635046,153.26577344504278,-1.5395418557764255,-0.03671014024567931,-0.03,-0.03,0.03,0.0,0.0,-0.00036710140245679315
1773806311.358688,True,0.865639,1773806311.3502564,484.09012,274.056,46.22296,20.664413,0.037218884,485.166266134721,273.4238187072061,962.1610484334335,0.03685438089447385,0.9993197099152648,0.03686276339892243,273.166266134721,153.42381870720612,-1.542650829090233,-0.03686276339892247,-0.03,-0.03,0.03,0.0,0.0,-0.00036862763398922473
1773806311.368458,True,0.865639,1773806311.3502564,484.09012,274.056,46.22296,20.664413,0.037218884,484.95103658941747,273.5502549169368,960.0638569502784,0.03696115403057934,0.9993160341310446,0.03696959953869595,272.95103658941747,153.5502549169368,-1.5448328758521905,-0.03696959953869605,-0.03,-0.03,0.03,0.0,0.0,-0.00036969599538696054
1773806311.378504,True,0.865639,1773806311.3502564,484.09012,274.056,46.22296,20.664413,0.037218884,484.77885295317463,273.65140388472133,958.5958229120698,0.03703589522585319,0.9993134610820905,0.0370443848019507,272.77885295317463,153.65140388472133,-1.5463631465303045,-0.0370443848019506,-0.03,-0.03,0.03,0.0,0.0,-0.00037044384801950605
1773806311.3887427,True,0.865639,1773806311.3502564,484.09012,274.056,46.22296,20.664413,0.037218884,484.64110604418033,273.73232305894896,957.5681990853238,0.03708821406254488,0.9993116599478227,0.03709673446876248,272.64110604418033,153.73232305894896,-1.5474357310413036,-0.03709673446876227,-0.03,-0.03,0.03,0.0,0.0,-0.0003709673446876227
1773806311.3987348,True,0.9181996,1773806311.392759,483.39578,274.3634,46.6206,20.799297,0.048310004,484.3920413294849,273.8585391112217,961.2004737347265,0.04044911432313437,0.9991681515687525,0.04046069643101883,272.3920413294849,153.85853911122172,-1.5436496790386174,-0.040460696431019016,-0.03,-0.03,0.03,0.0,0.0,-0.0004046069643101902
1773806311.4083464,True,0.9181996,1773806311.392759,483.39578,274.3634,46.6206,20.799297,0.048310004,484.1927895577286,273.95951195303985,963.7430659893084,0.042801744505547,0.9990676957034033,0.04281550413296434,272.1927895577286,153.95951195303985,-1.541007945729781,-0.04281550413296431,-0.03,-0.03,0.03,0.0,0.0,-0.0004281550413296431
1773806311.418358,True,0.9181996,1773806311.392759,483.39578,274.3634,46.6206,20.799297,0.048310004,484.0333881403235,274.0402902264944,965.5228805675158,0.04444858563323585,0.9989973765976587,0.04446387014091556,272.0333881403235,154.0402902264944,-1.5391628760168161,-0.044463870140915684,-0.03,-0.03,0.03,0.0,0.0,-0.00044463870140915685
1773806311.428641,True,0.8536536,1773806311.42267,482.1214,275.5254,45.51799,21.937674,0.06289378,483.6509902974151,274.3373103061955,975.4336677644485,0.049969706611642725,0.9987050150816336,0.04999281016169777,271.6509902974151,154.3373103061955,-1.5289505161984638,-0.049992810161697765,-0.03,-0.03,0.03,0.0,0.0,-0.0004999281016169777
1773806311.438669,True,0.8536536,1773806311.42267,482.1214,275.5254,45.51799,21.937674,0.06289378,483.3450720230884,274.5749263699564,982.3712188023014,0.053834491296527544,0.9985003620204159,0.05386319418972404,271.3450720230884,154.57492636995642,-1.521863415616455,-0.05386319418972407,-0.03,-0.03,0.03,0.0,0.0,-0.0005386319418972408
1773806311.4484944,True,0.8536536,1773806311.42267,482.1214,275.5254,45.51799,21.937674,0.06289378,483.100337403627,274.76501922096514,987.2275045287984,0.056539840575946916,0.9983571048775636,0.05657245280795506,271.100337403627,154.76501922096514,-1.5169321618438643,-0.0565724528079552,-0.03,-0.03,0.03,0.0,0.0,-0.000565724528079552
1773806311.4585729,True,0.755491,1773806311.4500444,481.7667,275.59293,45.804134,20.903435,0.052924022,482.83360854594855,274.9306005818503,978.2983767053151,0.05544768418209088,0.998429928654853,0.05547789119264613,270.83360854594855,154.93060058185029,-1.5260179635979327,-0.05547789119264612,-0.03,-0.03,0.03,0.0,0.0,-0.0005547789119264612
1773806311.4685078,True,0.755491,1773806311.4500444,481.7667,275.59293,45.804134,20.903435,0.052924022,482.62022545980574,275.0630656705584,972.0479872288768,0.054683174706391655,0.9984809052989556,0.05471171373493042,270.62022545980574,155.0630656705584,-1.5324275029395757,-0.054711713734930445,-0.03,-0.03,0.03,0.0,0.0,-0.0005471171373493044
1773806311.4786513,True,0.755491,1773806311.4500444,481.7667,275.59293,45.804134,20.903435,0.052924022,482.44951899089153,275.16903774152485,967.6727145953698,0.05414801807340219,0.9985165889498275,0.05417539775225049,270.44951899089153,155.16903774152485,-1.5369387504089835,-0.054175397752250554,-0.03,-0.03,0.03,0.0,0.0,-0.0005417539775225055
1773806311.4881458,True,0.6818273,1773806311.4843125,480.29852,276.63104,44.142662,23.081684,0.050433647,482.01931978255703,275.46143868931364,983.0369890839463,0.05302729350128346,0.9985801602180229,0.05305286041259189,270.01931978255703,155.46143868931364,-1.5211859275461004,-0.05305286041259194,-0.03,-0.03,0.03,0.0,0.0,-0.0005305286041259194
1773806311.498631,True,0.6818273,1773806311.4843125,480.29852,276.63104,44.142662,23.081684,0.050433647,481.6751604158894,275.69535944754466,993.7919812259499,0.05224278630080034,0.9986246601057598,0.05226708951939082,269.6751604158894,155.69535944754466,-1.5103047654233577,-0.05226708951939063,-0.03,-0.03,0.03,0.0,0.0,-0.0005226708951939063
1773806311.5082145,True,0.6818273,1773806311.4843125,480.29852,276.63104,44.142662,23.081684,0.050433647,481.39983292255533,275.8824960541295,1001.3204757253525,0.051693631260462156,0.9986558100271756,0.05171705306604652,269.39983292255533,155.8824960541295,-1.5027577921122663,-0.05171705306604668,-0.03,-0.03,0.03,0.0,0.0,-0.0005171705306604668
1773806311.518383,True,0.6818273,1773806311.4843125,480.29852,276.63104,44.142662,23.081684,0.050433647,481.17957092788805,276.03220533939736,1006.5904218749342,0.051309222732225435,0.9986776149721666,0.05133202930943478,269.17957092788805,156.03220533939736,-1.4975085967853503,-0.05133202930943481,-0.03,-0.03,0.03,0.0,0.0,-0.0005133202930943481
1773806311.5282853,True,0.6007938,1773806311.5193996,480.62958,276.41873,45.550964,22.352922,0.043004174,481.0695722696542,276.1095106094085,1010.0724383788602,0.04881373190816378,0.998796969385043,0.048833671657166955,269.0695722696542,156.10951060940852,-1.4940553473277576,-0.0488336716571669,-0.03,-0.03,0.03,0.0,0.0,-0.000488336716571669
1773806311.5383055,True,0.6007938,1773806311.5193996,480.62958,276.41873,45.550964,22.352922,0.043004174,480.9815733430671,276.17135482541744,1012.5098499316083,0.047066888331320625,0.9988805174740565,0.047084811704680124,268.9815733430671,156.17135482541744,-1.4916451484975224,-0.04708481170468026,-0.03,-0.03,0.03,0.0,0.0,-0.00047084811704680265
1773806311.5485628,True,0.6007938,1773806311.5193996,480.62958,276.41873,45.550964,22.352922,0.043004174,480.91117420179745,276.2208301982246,1014.216038018532,0.04584409782753041,0.9989390011363659,0.04586061167390558,268.91117420179745,156.22083019822458,-1.4899614590552275,-0.04586061167390554,-0.03,-0.03,0.03,0.0,0.0,-0.0004586061167390554
1773806311.5583746,True,0.8039363,1773806311.550577,479.9373,276.21994,43.298347,19.505983,0.051683,480.7163966368286,276.220652195689,963.324279591488,0.04758886715965918,0.9988567200821141,0.04760733750687661,268.7163966368286,156.220652195689,-1.541442581712144,-0.0476073375068764,-0.03,-0.03,0.03,0.0,0.0,-0.000476073375068764
1773806311.568505,True,0.8039363,1773806311.550577,479.9373,276.21994,43.298347,19.505983,0.051683,480.56057458485355,276.2205097936606,927.7000486925572,0.04881020569214932,0.9987991233441379,0.0488300444685013,268.56057458485355,156.2205097936606,-1.5791242186117909,-0.04883004446850148,-0.03,-0.03,0.03,0.0,0.0,-0.0004883004446850148
1773806311.5786276,True,0.8039363,1773806311.550577,479.9373,276.21994,43.298347,19.505983,0.051683,480.43591694327347,276.2203958720379,902.7630870633055,0.04966514266489243,0.9987588056275545,0.04968593652363181,268.43591694327347,156.2203958720379,-1.6063725188205111,-0.049685936523631735,-0.03,-0.03,0.03,0.0,0.0,-0.0004968593652363173
1773806311.5882437,True,0.61436355,1773806311.5836961,481.78326,277.39932,48.037815,22.862564,0.039804295,480.70538638665005,276.45618119958345,961.4144343818139,0.04670373526667308,0.9988935380344061,0.04672144273069553,268.70538638665005,156.45618119958345,-1.5434271064921679,-0.04672144273069545,-0.03,-0.03,0.03,0.0,0.0,-0.0004672144273069545
1773806311.5988436,True,0.61436355,1773806311.5836961,481.78326,277.39932,48.037815,22.862564,0.039804295,480.9209619413513,276.6448094616199,1002.4703775047697,0.04463075008791954,0.9989878507192022,0.04464628083248675,268.9209619413513,156.6448094616199,-1.5016100656379272,-0.044646280832486784,-0.03,-0.03,0.03,0.0,0.0,-0.0004464628083248679
1773806311.6083517,True,0.61436355,1773806311.5836961,481.78326,277.39932,48.037815,22.862564,0.039804295,481.0934223851124,276.79571207124906,1031.2095376908387,0.04317966046279206,0.9990538695985595,0.04319367063440877,269.0934223851124,156.79571207124906,-1.47334497505786,-0.04319367063440893,-0.03,-0.03,0.03,0.0,0.0,-0.00043193670634408934
1773806311.6183767,True,0.80885404,1773806311.6183767,483.69775,277.09256,46.804787,20.112307,0.047745902,481.6142886893399,276.8550816198899,1004.2523465496026,0.04454409132381114,0.9989958230003371,0.044559351600434685,269.6142886893399,156.85508161988992,-1.4998340659027773,-0.04455935160043456,-0.03,-0.03,0.03,0.0,0.0,-0.00044559351600434563
1773806311.6286173,True,0.80885404,1773806311.6183767,483.69775,277.09256,46.804787,20.112307,0.047745902,482.03098173272195,276.9025772588026,985.3823127507375,0.04549919292652449,0.9989551903815814,0.04551532404705342,270.03098173272195,156.90257725880258,-1.5188029751188157,-0.04551532404705361,-0.03,-0.03,0.03,0.0,0.0,-0.0004551532404705361
1773806311.638648,True,0.80885404,1773806311.6183767,483.69775,277.09256,46.804787,20.112307,0.047745902,482.36433616742755,276.9405737699327,972.1732890915318,0.046167764048423834,0.9989267475484525,0.0461845016030031,270.36433616742755,156.9405737699327,-1.5322986062297674,-0.046184501603002914,-0.03,-0.03,0.03,0.0,0.0,-0.00046184501603002915
1773806311.648253,True,0.80885404,1773806311.6183767,483.69775,277.09256,46.804787,20.112307,0.047745902,482.63101971519205,276.9709709788368,962.9269725300878,0.04663576383375338,0.9989068375652621,0.0466529239735298,270.63101971519205,156.97097097883682,-1.5418551001378653,-0.0466529239735296,-0.03,-0.03,0.03,0.0,0.0,-0.00046652923973529605
1773806311.6582785,True,0.5894944,1773806311.6502388,484.42477,277.88797,48.796917,22.35307,0.044330586,482.989770606138,277.1543707772101,1001.2771400484053,0.045939854910806474,0.9989400544427867,0.045956220185336,270.989770606138,157.1543707772101,-1.5028010715775095,-0.04595622018533607,-0.03,-0.03,0.03,0.0,0.0,-0.00045956220185336074
1773806311.6686306,True,0.5894944,1773806311.6502388,484.42477,277.88797,48.796917,22.35307,0.044330586,483.2767713188948,277.3010906159087,1028.1222573112275,0.04545271866474364,0.9989633062570538,0.04546852849796989,271.2767713188948,157.30109061590872,-1.4763433094690448,-0.045468528497969896,-0.03,-0.03,0.03,0.0,0.0,-0.00045468528497969894
1773806311.6782033,True,0.5894944,1773806311.6502388,484.42477,277.88797,48.796917,22.35307,0.044330586,483.50637188910025,277.4184664868676,1046.913839395203,0.045111723292499656,0.9989795825270407,0.045127144933301964,271.50637188910025,157.4184664868676,-1.4582307611153738,-0.045127144933302166,-0.03,-0.03,0.03,0.0,0.0,-0.0004512714493330217
1773806311.688159,True,0.6856953,1773806311.68372,486.45596,280.24957,46.989937,22.07088,0.03741906,484.09629013823337,277.9846877402753,1043.9724634555482,0.04280130432094559,0.9990757043847576,0.04281472155461568,272.09629013823337,157.98468774027532,-1.4610442836641127,-0.04281472155461552,-0.03,-0.03,0.03,0.0,0.0,-0.00042814721554615523
1773806311.6986268,True,0.6856953,1773806311.68372,486.45596,280.24957,46.989937,22.07088,0.03741906,484.5682247375399,278.4376647430015,1041.9135002977898,0.04118401104085774,0.9991429896851595,0.0411960158590297,272.5682247375399,158.4376647430015,-1.4630184700407949,-0.04119601585902988,-0.03,-0.03,0.03,0.0,0.0,-0.0004119601585902988
1773806311.708422,True,0.6856953,1773806311.68372,486.45596,280.24957,46.989937,22.07088,0.03741906,484.94577241698505,278.80004634518247,1040.472226087359,0.040051905744796244,0.9991900893954407,0.04006292256364898,272.94577241698505,158.80004634518247,-1.4644027231331123,-0.04006292256364885,-0.03,-0.03,0.03,0.0,0.0,-0.0004006292256364885
1773806311.718198,True,0.6856953,1773806311.68372,486.45596,280.24957,46.989937,22.07088,0.03741906,485.2478105605412,279.08995162692725,1039.4633341400574,0.0392594320375532,0.9992230591926377,0.039269759401108245,273.2478105605412,159.08995162692725,-1.4653728416749734,-0.03926975940110822,-0.03,-0.03,0.03,0.0,0.0,-0.0003926975940110822
1773806311.7285836,True,0.6856953,1773806311.68372,486.45596,280.24957,46.989937,22.07088,0.03741906,485.48944107538614,279.32187585232305,1038.7571097769464,0.038704700442483066,0.9992461380506755,0.03871454685723552,273.48944107538614,159.32187585232305,-1.4660524850615668,-0.03871454685723563,-0.03,-0.03,0.03,0.0,0.0,-0.00038714546857235635
1773806311.738794,True,0.6856953,1773806311.68372,486.45596,280.24957,46.989937,22.07088,0.03741906,485.6827454872621,279.5074152326397,1038.2627527227687,0.038316388325933974,0.999262293251302,0.03832589910717235,273.6827454872621,159.5074152326397,-1.4665285104212067,-0.03832589910717221,-0.03,-0.03,0.03,0.0,0.0,-0.0003832589910717221
1773806311.7484753,True,0.6856953,1773806311.68372,486.45596,280.24957,46.989937,22.07088,0.03741906,485.8373890167628,279.655846736893,1037.9167027848443,0.03804456984434961,0.9992736018917405,0.038053846259995444,273.8373890167628,159.655846736893,-1.4668618630514052,-0.03805384625999553,-0.03,-0.03,0.03,0.0,0.0,-0.0003805384625999553
1773806311.7589839,True,0.7057204,1773806311.7536826,487.78278,283.92627,49.250275,23.825008,0.03884153,486.2264663891915,280.50993129576443,1078.558147027516,0.0382807283743146,0.9992652500978025,0.03829015198290183,274.2264663891915,160.50993129576443,-1.4284522966606956,-0.038290151982901754,-0.03,-0.03,0.03,0.0,0.0,-0.00038290151982901756
1773806311.7687593,True,0.7057204,1773806311.7536826,487.78278,283.92627,49.250275,23.825008,0.03884153,486.5377282871344,281.19319894286156,1107.007157997386,0.038446039345290096,0.9992594038420459,0.03845556579516406,274.5377282871344,161.19319894286156,-1.4024172769483796,-0.03845556579516396,-0.03,-0.03,0.03,0.0,0.0,-0.0003845556579516396
1773806311.7788465,True,0.7057204,1773806311.7536826,487.78278,283.92627,49.250275,23.825008,0.03884153,486.78673780548877,281.7398130605393,1126.9214656762952,0.03856175702497294,0.9992553114630163,0.03857135536318259,274.78673780548877,161.7398130605393,-1.3845878485510579,-0.03857135536318257,-0.03,-0.03,0.03,0.0,0.0,-0.0003857135536318257
1773806311.7884853,True,0.7057204,1773806311.7536826,487.78278,283.92627,49.250275,23.825008,0.03884153,486.98594542017224,282.17710435468143,1140.8614810515314,0.03864275940075093,0.9992524467976955,0.0386524080095922,274.98594542017224,162.17710435468143,-1.372293734623192,-0.03865240800959224,-0.03,-0.03,0.03,0.0,0.0,-0.0003865240800959224
1773806311.7982419,True,0.8275492,1773806311.7884853,488.11862,285.36792,48.68713,22.97392,0.042854186,487.2124807013722,282.81526746812017,1134.1633272634158,0.03990225274056632,0.9992012827235452,0.03991294097919854,275.2124807013722,162.81526746812017,-1.3781821742725384,-0.03991294097919873,-0.03,-0.03,0.03,0.0,0.0,-0.0003991294097919873
1773806311.8087552,True,0.8275492,1773806311.7884853,488.11862,285.36792,48.68713,22.97392,0.042854186,487.3937089263321,283.32579795887114,1129.4746196117349,0.040783898078437096,0.9991654678716402,0.04079531559618651,275.3937089263321,163.32579795887114,-1.3823248105660892,-0.040795315596186654,-0.03,-0.03,0.03,0.0,0.0,-0.00040795315596186654
1773806311.818272,True,0.8275492,1773806311.7884853,488.11862,285.36792,48.68713,22.97392,0.042854186,487.5386915063001,283.7342223514719,1126.192524255558,0.04140104981494664,0.9991403974753066,0.041412977729257366,275.5386915063001,163.73422235147189,-1.3852349009855347,-0.04141297772925734,-0.03,-0.03,0.03,0.0,0.0,-0.0004141297772925734
1773806311.8286738,True,0.792933,1773806311.818272,487.85156,285.53613,47.548195,22.426884,0.03406956,487.6012657050401,284.0946044436775,1108.2421034046718,0.03919962583919464,0.999224184830809,0.0392099546874691,275.6012657050401,164.0946044436775,-1.4013023274420333,-0.03920995468746913,-0.03,-0.03,0.03,0.0,0.0,-0.0003920995468746913
1773806311.8382118,True,0.792933,1773806311.818272,487.85156,285.53613,47.548195,22.426884,0.03406956,487.6513250640321,284.382910117442,1095.6768088090514,0.037658629056168236,0.9992828359796606,0.03766783054133248,275.6513250640321,164.382910117442,-1.4127051342103292,-0.03766783054133249,-0.03,-0.03,0.03,0.0,0.0,-0.0003766783054133249
1773806311.8482206,True,0.792933,1773806311.818272,487.85156,285.53613,47.548195,22.426884,0.03406956,487.6913725512257,284.61355465645363,1086.8811025921173,0.036579931308049755,0.9993238917838567,0.03658834426197822,275.6913725512257,164.61355465645363,-1.4207651758597684,-0.0365883442619781,-0.03,-0.03,0.03,0.0,0.0,-0.000365883442619781
1773806311.8586872,True,0.912351,1773806311.8507507,486.903,285.82657,49.598022,21.390621,0.04414408,487.5337010683243,284.8561574458661,1079.0965203496382,0.038844874883724984,0.9992344667557043,0.03885506951480534,275.5337010683243,164.85615744586607,-1.42795326097956,-0.03885506951480533,-0.03,-0.03,0.03,0.0,0.0,-0.0003885506951480533
1773806311.8682315,True,0.912351,1773806311.8507507,486.903,285.82657,49.598022,21.390621,0.04414408,487.4075638820032,285.050239677396,1073.647312779903,0.040430335386697644,0.9991718692359975,0.04044178228705726,275.4075638820032,165.050239677396,-1.4330158412311824,-0.040441782287057304,-0.03,-0.03,0.03,0.0,0.0,-0.0004044178228705731
1773806311.8787484,True,0.912351,1773806311.8507507,486.903,285.82657,49.598022,21.390621,0.04414408,487.30665413294633,285.20550546261995,1069.8328674810882,0.041540157738778505,0.9991280509722028,0.04155247876678892,275.30665413294633,165.20550546261995,-1.4365749591185388,-0.041552478766789136,-0.03,-0.03,0.03,0.0,0.0,-0.0004155247876678914
1773806311.888766,True,0.8917206,1773806311.884191,486.05334,286.06104,50.318375,20.586594,0.040579803,487.05599225166964,285.376611401346,1059.6481805766055,0.04124871049906257,0.99914266150955,0.041260674343301815,275.05599225166964,165.376611401346,-1.446140448861402,-0.04126067434330194,-0.03,-0.03,0.03,0.0,0.0,-0.0004126067434330194
1773806311.8980293,True,0.8917206,1773806311.884191,486.05334,286.06104,50.318375,20.586594,0.040579803,486.8554627466482,285.5134961523268,1052.5188997434675,0.04104469743126142,0.9991528888856931,0.041056412138487944,274.8554627466482,165.5134961523268,-1.4528911533621804,-0.041056412138487985,-0.03,-0.03,0.03,0.0,0.0,-0.0004105641213848799
1773806311.9087918,True,0.8917206,1773806311.884191,486.05334,286.06104,50.318375,20.586594,0.040579803,486.6950391426311,285.62300395311144,1047.528403160271,0.04090188828380061,0.9991600480489933,0.040913429042589364,274.6950391426311,165.62300395311144,-1.4576439091409255,-0.04091342904258921,-0.03,-0.03,0.03,0.0,0.0,-0.0004091342904258921
1773806311.918488,True,0.9087894,1773806311.9169834,485.20728,287.77493,49.334824,20.957354,0.04497577,486.39748639222995,286.0533897347548,1043.4480926614083,0.042119503997414334,0.9991086618118128,0.04213213268274955,274.39748639222995,166.05338973475477,-1.4615466939748987,-0.042132132682749734,-0.03,-0.03,0.03,0.0,0.0,-0.00042132132682749736
1773806311.9285934,True,0.9087894,1773806311.9169834,485.20728,287.77493,49.334824,20.957354,0.04497577,486.159444191909,286.39769836006946,1040.5918753122046,0.042971834996943944,0.9990726914457866,0.042985225526118186,274.159444191909,166.39769836006946,-1.4642877346280518,-0.042985225526118054,-0.03,-0.03,0.03,0.0,0.0,-0.00042985225526118056
1773806311.9383414,True,0.9087894,1773806311.9169834,485.20728,287.77493,49.334824,20.957354,0.04497577,485.96901043165224,286.67314526032123,1038.592523167762,0.04356846669661467,0.9990475121895681,0.043582389890673846,273.96901043165224,166.67314526032123,-1.4662109433267703,-0.043582389890673756,-0.03,-0.03,0.03,0.0,0.0,-0.00043582389890673757
1773806311.948891,True,0.9087894,1773806311.9169834,485.20728,287.77493,49.334824,20.957354,0.04497577,485.8166634234468,286.8935027805226,1037.1929766666522,0.04398610888638418,0.9990298867102152,0.04400040437494698,273.8166634234468,166.89350278052262,-1.4675593935527593,-0.0440004043749469,-0.03,-0.03,0.03,0.0,0.0,-0.000440004043749469
1773806311.9583035,True,0.6909374,1773806311.956411,483.4765,290.05322,47.8928,22.755907,0.029419307,485.3486310317262,287.5254467556681,1052.9883185299377,0.039614795161228594,0.9991911057197103,0.03962611156234147,273.3486310317262,167.5254467556681,-1.4524452571997986,-0.039626111562341304,-0.03,-0.03,0.03,0.0,0.0,-0.00039626111562341304
1773806311.9686816,True,0.6909374,1773806311.956411,483.4765,290.05322,47.8928,22.755907,0.029419307,484.97420511834974,288.0310019357845,1064.0450578342377,0.03655487555361969,0.9993039590263568,0.036564033748050506,272.97420511834974,168.0310019357845,-1.441999659164886,-0.036564033748050395,-0.03,-0.03,0.03,0.0,0.0,-0.00036564033748050397
1773806311.9787297,True,0.6909374,1773806311.956411,483.4765,290.05322,47.8928,22.755907,0.029419307,484.67466438764853,288.43544607987764,1071.7847753472477,0.034412931828293455,0.9993829563410094,0.03442057921315541,272.67466438764853,168.43544607987764,-1.434752123550138,0.0,-0.03,-0.03,0.03,0.0,0.0,0.0
1773806311.9884734,True,0.67002237,1773806311.9848063,481.94006,292.1716,48.03093,20.319637,0.0434842,484.1277442054314,289.18267693226153,1043.0406635438544,0.037130201445429355,0.9992844827837883,0.03713970203133957,272.1277442054314,169.18267693226153,-1.4619372344190018,-0.03713970203133954,-0.03,-0.03,0.03,0.0,0.0,-0.00037139702031339537
1773806311.9984236,True,0.67002237,1773806311.9848063,481.94006,292.1716,48.03093,20.319637,0.0434842,483.69020805965766,289.78046161416864,1022.9197852814793,0.03903229017742448,0.9992155512937336,0.039043082340107,271.69020805965766,169.78046161416864,-1.481416324140659,-0.039043082340107116,-0.03,-0.03,0.03,0.0,0.0,-0.00039043082340107116
1773806312.0088193,True,0.67002237,1773806311.9848063,481.94006,292.1716,48.03093,20.319637,0.0434842,483.34017914303865,290.2586893596943,1008.8351704978168,0.04036375228982107,0.9991672992506954,0.0403754372234446,271.34017914303865,170.2586893596943,-1.4952810280181452,-0.04037543722344461,-0.03,-0.03,0.03,0.0,0.0,-0.0004037543722344461
1773806312.0183651,True,0.67002237,1773806311.9848063,481.94006,292.1716,48.03093,20.319637,0.0434842,483.0601560097435,290.6412715561148,998.9759401492529,0.04129577576849868,0.9991335228205686,0.04130807715363631,271.0601560097435,170.64127155611482,-1.505101981334562,-0.04130807715363627,-0.03,-0.03,0.03,0.0,0.0,-0.0004130807715363627
1773806312.0284507,True,0.48716778,1773806312.0183651,477.75333,294.3126,50.217857,24.125652,0.043379337,481.9987900909979,291.3755355554388,1062.744730370102,0.04191676291074821,0.9991112452081821,0.04192946070401033,269.9987900909979,171.37553555543877,-1.4432224670167715,-0.04192946070401016,-0.03,-0.03,0.03,0.0,0.0,-0.0004192946070401016
1773806312.0385756,True,0.48716778,1773806312.0183651,477.75333,294.3126,50.217857,24.125652,0.043379337,481.1496973560014,291.96294675489787,1107.3828835246964,0.042351453910322884,0.9990956508795115,0.04236442642861537,269.1496973560014,171.96294675489787,-1.4020779279413205,-0.042364426428615154,-0.03,-0.03,0.03,0.0,0.0,-0.00042364426428615154
1773806312.048604,True,0.48716778,1773806312.0183651,477.75333,294.3126,50.217857,24.125652,0.043379337,480.47042316800423,292.4328757144652,1138.6295907329124,0.042655737610025155,0.999084734849442,0.04266890098100247,268.47042316800423,172.43287571446518,-1.3742519708799272,-0.04266890098100262,-0.03,-0.03,0.03,0.0,0.0,-0.0004266890098100262
1773806312.0583055,True,0.6903595,1773806312.0501285,475.65213,298.13702,47.312653,22.529896,0.030528221,479.5067645597941,293.5737053567284,1116.8254425169448,0.039016060204299256,0.9992195294072541,0.03902670914549129,267.5067645597941,173.5737053567284,-1.3935871623864615,-0.039026709145491445,-0.03,-0.03,0.03,0.0,0.0,-0.00039026709145491447
1773806312.0683715,True,0.6903595,1773806312.0501285,475.65213,298.13702,47.312653,22.529896,0.030528221,478.73583767322594,294.486369070539,1101.5625387657676,0.03646828602029113,0.9993138855977225,0.03647713739843707,266.73583767322594,174.486369070539,-1.4073477351261048,-0.036477137398437165,-0.03,-0.03,0.03,0.0,0.0,-0.00036477137398437164
1773806312.0784032,True,0.6903595,1773806312.0501285,475.65213,298.13702,47.312653,22.529896,0.030528221,478.11909616397145,295.2165000415875,1090.8785061399435,0.034684844091485444,0.9993799349310504,0.03469243938581126,266.11909616397145,175.2165000415875,-1.4170940562180465,0.0,-0.03,-0.03,0.03,0.0,0.0,0.0
1773806312.088185,True,0.74493605,1773806312.086458,471.38998,300.54196,49.943436,23.377556,0.031119943,476.77327375734905,296.2815923672544,1113.8815802745228,0.03361386682981893,0.9994206985503475,0.03362067723828038,264.77327375734905,176.2815923672544,-1.3962265622909418,0.0,-0.03,-0.03,0.03,0.0,0.0,0.0
1773806312.0986066,True,0.74493605,1773806312.086458,471.38998,300.54196,49.943436,23.377556,0.031119943,475.6966158320511,297.1336662277879,1129.9837321687285,0.03286418274665237,0.9994492330838556,0.03287044963444453,263.6966158320511,177.1336662277879,-1.3818741604665126,0.0,-0.03,-0.03,0.03,0.0,0.0,0.0
1773806312.108886,True,0.74493605,1773806312.086458,471.38998,300.54196,49.943436,23.377556,0.031119943,474.83528949181283,297.81532531621474,1141.2552384946723,0.03233940388843578,0.9994692072573113,0.03234529372647407,262.83528949181283,177.81532531621474,-1.371948653722048,0.0,-0.03,-0.03,0.03,0.0,0.0,0.0
1773806312.1187215,True,0.74493605,1773806312.086458,471.38998,300.54196,49.943436,23.377556,0.031119943,474.14622841962216,298.3606525869562,1149.145292922833,0.031972058687684164,0.9994831891787301,0.031977686443826654,262.14622841962216,178.36065258695618,-1.365058954274021,0.0,-0.03,-0.03,0.03,0.0,0.0,0.0
1773806312.1285598,True,0.6794106,1773806312.125289,469.3464,300.9772,48.60517,22.773102,0.037700407,473.1862637415571,298.8839627433931,1136.4688559248893,0.03368788421541273,0.9994250595702853,0.03369450674407568,261.1862637415571,178.8839627433931,-1.3761514363389735,0.0,-0.03,-0.03,0.03,0.0,0.0,0.0
1773806312.1386986,True,0.6794106,1773806312.125289,469.3464,300.9772,48.60517,22.773102,0.037700407,472.41829199910507,299.3026108685426,1127.5953500263288,0.03488896208482273,0.9993843688443739,0.0348962821563754,260.41829199910507,179.30261086854262,-1.383990040306374,0.0,-0.03,-0.03,0.03,0.0,0.0,0.0
1773806312.1483846,True,0.6794106,1773806312.125289,469.3464,300.9772,48.60517,22.773102,0.037700407,471.80391460514346,299.63752936866223,1121.3838958973363,0.035729716593409726,0.9993558853362359,0.03573752338005013,259.80391460514346,179.63752936866223,-1.3895138528841573,-0.035737523380050096,-0.03,-0.03,0.03,0.0,0.0,-0.000357375233800501
1773806312.1584163,True,0.6794106,1773806312.125289,469.3464,300.9772,48.60517,22.773102,0.037700407,471.31241268997417,299.90546416875793,1117.0358780070417,0.03631824474942062,0.9993359468805393,0.036326390730996666,259.31241268997417,179.90546416875793,-1.3933987572345516,-0.03632639073099675,-0.03,-0.03,0.03,0.0,0.0,-0.0003632639073099675
1773806312.1683507,True,0.80285263,1773806312.1584163,469.06744,301.63318,47.908833,22.97743,0.053119235,470.86341892151063,300.2510070771939,1112.171684429148,0.04135104860137834,0.9991120143636789,0.04136419288746028,258.86341892151063,180.2510070771939,-1.3977628203929193,-0.041364192887460405,-0.03,-0.03,0.03,0.0,0.0,-0.00041364192887460404
1773806312.178439,True,0.80285263,1773806312.1584163,469.06744,301.63318,47.908833,22.97743,0.053119235,470.5042239067398,300.5274414039426,1108.7667489246223,0.044874011297748734,0.9989552616018766,0.04489076327208956,258.5042239067398,180.5274414039426,-1.4008290361160263,-0.04489076327208963,-0.03,-0.03,0.03,0.0,0.0,-0.0004489076327208963
1773806312.1884303,True,0.9092997,1773806312.184892,467.84436,302.6353,48.586475,21.565586,0.056173716,469.9722511957044,300.94901611143536,1090.475457157392,0.04825506125913462,0.9987954846208853,0.048275717415408786,257.9722511957044,180.94901611143536,-1.4174635964154834,-0.0482757174154087,-0.03,-0.03,0.03,0.0,0.0,-0.00048275717415408704
1773806312.1983116,True,0.9092997,1773806312.184892,467.84436,302.6353,48.586475,21.565586,0.056173716,469.5466730268761,301.28627587742955,1077.6715529203304,0.050621796232104735,0.9986836407341912,0.050645175556786104,257.5466730268761,181.28627587742955,-1.4292746526065134,-0.05064517555678627,-0.03,-0.03,0.03,0.0,0.0,-0.0005064517555678627
1773806312.2088528,True,0.9092997,1773806312.184892,467.84436,302.6353,48.586475,21.565586,0.056173716,469.2062104918134,301.5560836902249,1068.7088199543875,0.05227851071318382,0.9986053500135055,0.05230377496514325,257.2062104918134,181.5560836902249,-1.437626187286611,-0.05230377496514338,-0.03,-0.03,0.03,0.0,0.0,-0.0005230377496514338
1773806312.2184486,True,0.9092997,1773806312.184892,467.84436,302.6353,48.586475,21.565586,0.056173716,468.93384046376326,301.7719299404612,1062.4349068782274,0.053438210849939174,0.9985505465090254,0.05346477845649617,256.93384046376326,181.77192994046118,-1.4435140409511713,-0.05346477845649611,-0.03,-0.03,0.03,0.0,0.0,-0.0005346477845649611
1773806312.2284825,True,0.89082795,1773806312.2204602,467.05237,302.63834,48.64719,20.975859,0.045093924,468.5575460038231,301.9452111886971,1049.829404297181,0.05093034036428868,0.9986804149452602,0.05095349409211246,256.5575460038231,181.9452111886971,-1.4554497179047858,-0.05095349409211236,-0.03,-0.03,0.03,0.0,0.0,-0.0005095349409211236
1773806312.2385252,True,0.89082795,1773806312.2204602,467.05237,302.63834,48.64719,20.975859,0.045093924,468.256510435871,302.08383618728584,1041.0055524904487,0.049174831024333336,0.9987713228506245,0.04919559904091671,256.256510435871,182.08383618728584,-1.4638902733532013,-0.04919559904091653,-0.03,-0.03,0.03,0.0,0.0,-0.0004919559904091652
1773806312.2485428,True,0.89082795,1773806312.2204602,467.05237,302.63834,48.64719,20.975859,0.045093924,468.0156819815093,302.19473618615683,1034.828856225736,0.04794597448636459,0.9988349583843796,0.04796508120833902,256.0156819815093,182.19473618615683,-1.4698413400354393,-0.0479650812083392,-0.03,-0.03,0.03,0.0,0.0,-0.000479650812083392
1773806312.2583134,True,0.8770511,1773806312.25219,467.04694,303.20206,48.406418,21.47722,0.04141458,467.8219327922387,302.39620032587857,1036.2707755298902,0.04598300516952373,0.9989272325085764,0.04599991458048259,255.82193279223873,182.39620032587857,-1.468448920747622,-0.04599991458048258,-0.03,-0.03,0.03,0.0,0.0,-0.00045999914580482584
1773806312.2683792,True,0.8770511,1773806312.25219,467.04694,303.20206,48.406418,21.47722,0.04141458,467.6669334408223,302.557371637656,1037.280119042798,0.04460892664773512,0.9989918243955141,0.04462430150907614,255.66693344082228,182.557371637656,-1.4674753795673503,-0.04462430150907615,-0.03,-0.03,0.03,0.0,0.0,-0.00044624301509076146
1773806312.2784402,True,0.8770511,1773806312.25219,467.04694,303.20206,48.406418,21.47722,0.04141458,467.5429339596891,302.68630868707794,1037.9866595018336,0.0436470716824831,0.9990370387163706,0.043661377337869255,255.5429339596891,182.68630868707794,-1.4667944642328603,-0.04366137733786912,-0.03,-0.03,0.03,0.0,0.0,-0.00043661377337869125
1773806312.2886865,True,0.84605354,1773806312.286688,466.6832,303.27963,48.933155,22.122372,0.042957176,467.3709865720482,302.80497346333425,1051.3458984676897,0.043436139715873276,0.999049171824528,0.043450115324762534,255.3709865720482,182.80497346333425,-1.4540062453569897,-0.04345011532476262,-0.03,-0.03,0.03,0.0,0.0,-0.0004345011532476262
1773806312.2985961,True,0.84605354,1773806312.286688,466.6832,303.27963,48.933155,22.122372,0.042957176,467.2334286619355,302.8999052843393,1060.697365743789,0.043288487339246395,0.9990576650002381,0.04330223265849863,255.23342866193548,182.8999052843393,-1.4451508127573873,-0.04330223265849842,-0.03,-0.03,0.03,0.0,0.0,-0.0004330223265849842
1773806312.3086255,True,0.84605354,1773806312.286688,466.6832,303.27963,48.933155,22.122372,0.042957176,467.12338233384526,302.97585074114335,1067.2433928370585,0.04318513067560758,0.9990636102232353,0.043198715160151314,255.12338233384526,182.97585074114335,-1.4389983409691507,-0.04319871516015139,-0.03,-0.03,0.03,0.0,0.0,-0.0004319871516015139
1773806312.318666,True,0.84605354,1773806312.286688,466.6832,303.27963,48.933155,22.122372,0.042957176,467.0353452713731,303.0366071065866,1071.825611802347,0.043112781011060405,0.9990677718793333,0.04312625309302232,255.0353452713731,183.0366071065866,-1.4347140229182795,-0.04312625309302254,-0.03,-0.03,0.03,0.0,0.0,-0.00043126253093022537
1773806312.3285902,True,0.8480283,1773806312.322183,466.52756,303.62646,47.7809,21.667772,0.03592393,466.9337876917079,303.1545786540193,1060.8696274803929,0.04095380833805909,0.9991538818021155,0.04096555823302819,254.9337876917079,183.1545786540193,-1.444988421715735,-0.040965558233028165,-0.03,-0.03,0.03,0.0,0.0,-0.0004096555823302817
1773806312.338382,True,0.8480283,1773806312.322183,466.52756,303.62646,47.7809,21.667772,0.03592393,466.8525416279757,303.24895589196547,1053.2004384550248,0.039442527466958165,0.9992141587480632,0.03945306450821362,254.8525416279757,183.24895589196547,-1.452243831828876,-0.03945306450821384,-0.03,-0.03,0.03,0.0,0.0,-0.00039453064508213846
1773806312.3487854,True,0.8480283,1773806312.322183,466.52756,303.62646,47.7809,21.667772,0.03592393,466.78754477699,303.32445768232236,1047.8320061372674,0.03838463085718752,0.9992563526102265,0.03839431960654597,254.78754477699,183.32445768232236,-1.4573541232141,-0.038394319606545935,-0.03,-0.03,0.03,0.0,0.0,-0.00038394319606545937
1773806312.358659,True,0.8936782,1773806312.356666,467.12766,302.98102,48.545578,21.063313,0.04580914,466.8555668274514,303.2557697591391,1040.2416145011653,0.04060717720260919,0.9991647302919616,0.0406187699902298,254.8555668274514,183.25576975913913,-1.4646243889697492,-0.04061876999022962,-0.03,-0.03,0.03,0.0,0.0,-0.0004061876999022962
1773806312.3683264,True,0.8936782,1773806312.356666,467.12766,302.98102,48.545578,21.063313,0.04580914,466.90998446782055,303.20081942059255,1034.9283403558936,0.042162959644404356,0.9991005946691762,0.042175889995260084,254.90998446782055,183.20081942059255,-1.469745208827007,-0.04217588999526001,-0.03,-0.03,0.03,0.0,0.0,-0.00042175889995260007
1773806312.37843,True,0.8936782,1773806312.356666,467.12766,302.98102,48.545578,21.063313,0.04580914,466.9535185801159,303.1568591497553,1031.2090484542036,0.04325200735366097,0.9990556997332265,0.04326587163435143,254.95351858011588,183.1568591497553,-1.47334544948787,-0.04326587163435125,-0.03,-0.03,0.03,0.0,0.0,-0.0004326587163435125
1773806312.3885853,True,0.91147214,1773806312.3864357,467.82846,303.17365,48.951412,20.820278,0.057776418,467.1285070027646,303.16021632371053,1027.6009359687237,0.047599688817251795,0.9988384119210474,0.04761901850460066,255.1285070027646,183.16021632371053,-1.4768504996932768,-0.047619018504600596,-0.03,-0.03,0.03,0.0,0.0,-0.00047619018504600595
1773806312.3985941,True,0.91147214,1773806312.3864357,467.82846,303.17365,48.951412,20.820278,0.057776418,467.26849774088356,303.1629020628747,1025.0752572288877,0.05064306584176538,0.9986863104525219,0.050666283387240524,255.26849774088356,183.1629020628747,-1.479311365194423,-0.05066628338724044,-0.03,-0.03,0.03,0.0,0.0,-0.0005066628338724045
1773806312.4091766,True,0.91147214,1773806312.3864357,467.82846,303.17365,48.951412,20.820278,0.057776418,467.3804903313787,303.165050654206,1023.3072821110027,0.05277342975892489,0.9985798394245542,0.052799364106075795,255.38049033137872,183.16505065420603,-1.481037581389837,-0.052799364106075775,-0.03,-0.03,0.03,0.0,0.0,-0.0005279936410607578
1773806312.4182339,True,0.91147214,1773806312.3864357,467.82846,303.17365,48.951412,20.820278,0.057776418,467.4700844037749,303.1667695272711,1022.0696995284829,0.05426468450093655,0.9985053097049768,0.05429250626221288,255.47008440377488,183.16676952727107,-1.482247708172974,-0.054292506262212825,-0.03,-0.03,0.03,0.0,0.0,-0.0005429250626221283
1773806312.428776,True,0.9326734,1773806312.422745,468.07083,303.28217,48.304367,20.548723,0.05862917,467.59023378278556,303.1898487272856,1013.2267132539224,0.05556395536480152,0.9984382575340005,0.05559352360832948,255.59023378278556,183.1898487272856,-1.4909373927455989,-0.05559352360832959,-0.03,-0.03,0.03,0.0,0.0,-0.0005559352360832958
1773806312.4383476,True,0.9326734,1773806312.422745,468.07083,303.28217,48.304367,20.548723,0.05862917,467.6863532859941,303.20831208729726,1007.03662286173,0.056473444969507,0.9983913210143169,0.05650422789179022,255.68635328599407,183.20831208729726,-1.497065415417415,-0.056504227891790215,-0.03,-0.03,0.03,0.0,0.0,-0.0005650422789179022
1773806312.4484284,True,0.9326734,1773806312.422745,468.07083,303.28217,48.304367,20.548723,0.05862917,467.7632488885609,303.2230827753066,1002.7035595871954,0.057110087692800834,0.9983584654505386,0.05714171610208537,255.7632488885609,183.22308277530658,-1.5013774852326431,-0.057141716102085294,-0.03,-0.03,0.03,0.0,0.0,-0.000571417161020853
1773806312.4582367,True,0.9201621,1773806312.4511003,467.97073,303.84122,48.16723,20.218004,0.04823201,467.8047458393644,303.3467096284484,994.0460561641618,0.05444105531521626,0.9985020444176367,0.0544687970229455,255.8047458393644,183.34670962844842,-1.5100491360060546,-0.05446879702294538,-0.03,-0.03,0.03,0.0,0.0,-0.0005446879702294538
1773806312.4681716,True,0.9201621,1773806312.4511003,467.97073,303.84122,48.16723,20.218004,0.04823201,467.83794340000713,303.44561111096186,987.9858037680382,0.052572732650907054,0.9986025496946054,0.05259774522082588,255.83794340000713,183.44561111096186,-1.5161643467696053,-0.05259774522082594,-0.03,-0.03,0.03,0.0,0.0,-0.0005259774522082594
1773806312.478319,True,0.9201621,1773806312.4511003,467.97073,303.84122,48.16723,20.218004,0.04823201,467.86450144852137,303.5247322969726,983.7436270907517,0.051264906785890615,0.9986729033884834,0.051288012949260664,255.86450144852137,183.52473229697262,-1.5204673542274496,-0.051288012949260775,-0.03,-0.03,0.03,0.0,0.0,-0.0005128801294926078
1773806312.488336,True,0.93013114,1773806312.4850907,468.12183,304.4549,47.875523,20.306297,0.057402845,467.9159663931921,303.7107648414844,980.2729254381356,0.053096832582230837,0.9985769050767401,0.05312247513394219,255.9159663931921,183.71076484148438,-1.5240016475213871,-0.05312247513394208,-0.03,-0.03,0.03,0.0,0.0,-0.0005312247513394209
1773806312.498492,True,0.93013114,1773806312.4850907,468.12183,304.4549,47.875523,20.306297,0.057402845,467.95713834892865,303.85959087709375,977.8434342813043,0.05437918063966899,0.9985097062585199,0.054406596324630685,255.95713834892865,183.85959087709375,-1.526483106185917,-0.05440659632463074,-0.03,-0.03,0.03,0.0,0.0,-0.0005440659632463074
1773806312.5084286,True,0.93013114,1773806312.4850907,468.12183,304.4549,47.875523,20.306297,0.057402845,467.9900759135179,303.9786517055813,976.1427904715224,0.0552768242798757,0.9984626670857657,0.05530547738443151,255.9900759135179,183.97865170558129,-1.5282237983337452,-0.0553054773844317,-0.03,-0.03,0.03,0.0,0.0,-0.0005530547738443171
1773806312.518509,True,0.9329025,1773806312.518509,467.96808,304.878,47.74614,19.76994,0.0625893,467.9856764534706,304.1585195089963,966.481441367175,0.05745831076283943,0.9983364456412094,0.057490632386482936,255.9856764534706,184.15851950899628,-1.5381705791907372,-0.057490632386482776,-0.03,-0.03,0.03,0.0,0.0,-0.0005749063238648278
1773806312.5286765,True,0.9329025,1773806312.518509,467.96808,304.878,47.74614,19.76994,0.0625893,467.98215688543274,304.3024137517283,959.7184969941318,0.058985351300914035,0.99824809063002,0.05902024386386029,255.98215688543274,184.3024137517283,-1.545192666595305,-0.05902024386386007,-0.03,-0.03,0.03,0.0,0.0,-0.0005902024386386007
1773806312.5385594,True,0.9329025,1773806312.518509,467.96808,304.878,47.74614,19.76994,0.0625893,467.9793412310025,304.4175291459139,954.9844359330016,0.06005427967756627,0.9981862421221873,0.06009096891489653,255.97934123100248,184.41752914591387,-1.5501376328628402,-0.060090968914896514,-0.03,-0.03,0.03,0.0,0.0,-0.0006009096891489652
1773806312.5484226,True,0.9329025,1773806312.518509,467.96808,304.878,47.74614,19.76994,0.0625893,467.9770887074582,304.5096214612624,951.6705931902104,0.060802529541222824,0.9981429481667046,0.06084047346552892,255.97708870745822,184.50962146126238,-1.5536137164007429,-0.06084047346552879,-0.03,-0.03,0.03,0.0,0.0,-0.0006084047346552879
1773806312.5585232,True,0.88859606,1773806312.551491,467.37372,306.9494,47.273464,21.043995,0.04385852,467.85641461831034,304.9975775401037,964.6161681628347,0.055715109044155886,0.9984115744897162,0.05574593175424852,255.85641461831034,184.9975775401037,-1.5401024067433462,-0.05574593175424836,-0.03,-0.03,0.03,0.0,0.0,-0.0005574593175424836
1773806312.5686817,True,0.88859606,1773806312.551491,467.37372,306.9494,47.273464,21.043995,0.04385852,467.75987534699203,305.38794240317674,973.6780706436717,0.052153914696209024,0.9985996129158243,0.052179644382046926,255.75987534699203,185.38794240317674,-1.5307519497037354,-0.05217964438204703,-0.03,-0.03,0.03,0.0,0.0,-0.0005217964438204703
1773806312.578286,True,0.88859606,1773806312.551491,467.37372,306.9494,47.273464,21.043995,0.04385852,467.6826439299374,305.70023429363516,980.0214023802577,0.049661078652646226,0.9987312398141001,0.04968324650281221,255.6826439299374,185.70023429363516,-1.5242582651687364,-0.049683246502812306,-0.03,-0.03,0.03,0.0,0.0,-0.0004968324650281231
1773806312.588324,True,0.82261676,1773806312.5838082,467.16684,307.27597,47.598427,20.607388,0.048450816,467.5794830638718,306.015381526705,980.2787450939147,0.04929231378108446,0.9987598145060501,0.04931350848663601,255.5794830638718,186.01538152670503,-1.5239957107681086,-0.04931350848663607,-0.03,-0.03,0.03,0.0,0.0,-0.0004931350848663607
1773806312.5986497,True,0.82261676,1773806312.5838082,467.16684,307.27597,47.598427,20.607388,0.048450816,467.49695437101934,306.2674993131609,980.4588849934746,0.04903417837099122,0.9987798167904152,0.04905469642863791,255.49695437101934,186.2674993131609,-1.5238119636952696,-0.0490546964286378,-0.03,-0.03,0.03,0.0,0.0,-0.000490546964286378
1773806312.6084065,True,0.82261676,1773806312.5838082,467.16684,307.27597,47.598427,20.607388,0.048450816,467.43093141673734,306.4691935423256,980.5849829231665,0.04885348358392595,0.9987938183894707,0.048873530240631985,255.43093141673734,186.46919354232563,-1.523683360830307,-0.04887353024063179,-0.03,-0.03,0.03,0.0,0.0,-0.0004887353024063179
1773806312.6186068,True,0.55393726,1773806312.6164165,467.20978,307.79807,46.210133,20.298058,0.047882035,467.38670069979617,306.7349678709699,967.8022736907478,0.04855656081879088,0.998811835176169,0.04857607927031966,255.38670069979617,186.7349678709699,-1.5368048720624736,-0.048576079270319816,-0.03,-0.03,0.03,0.0,0.0,-0.0004857607927031982
1773806312.6283991,True,0.55393726,1773806312.6164165,467.20978,307.79807,46.210133,20.298058,0.047882035,467.3513161262432,306.94758733388534,958.8543772280545,0.04834871488319632,0.9988244469268578,0.048367864854420836,255.3513161262432,186.94758733388534,-1.546093460968163,-0.048367864854420795,-0.03,-0.03,0.03,0.0,0.0,-0.00048367864854420795
1773806312.6384108,True,0.55393726,1773806312.6164165,467.20978,307.79807,46.210133,20.298058,0.047882035,467.3230084674008,307.11768290421765,952.5908497041694,0.048203222728280135,0.99883327515234,0.04822211539351571,255.32300846740083,187.11768290421765,-1.552647193039119,-0.04822211539351562,-0.03,-0.03,0.03,0.0,0.0,-0.0004822211539351562
1773806312.6492102,True,0.55393726,1773806312.6164165,467.20978,307.79807,46.210133,20.298058,0.047882035,467.30036234032696,307.2537593604835,948.2063804374498,0.0481013782198388,0.9988394549101774,0.04812009108353248,255.30036234032696,187.2537593604835,-1.5572604963134022,-0.04812009108353266,-0.03,-0.03,0.03,0.0,0.0,-0.0004812009108353266
1773806312.6584556,True,0.57246226,1773806312.6504397,467.10223,307.85303,45.672634,19.214354,0.051081076,467.2607366496053,307.3736129571368,927.0155051245742,0.04898862427037134,0.9987963120809119,0.04900838813999801,255.2607366496053,187.3736129571368,-1.5798623842002093,-0.04900838813999808,-0.03,-0.03,0.03,0.0,0.0,-0.0004900838813999809
1773806312.6685033,True,0.57246226,1773806312.6504397,467.10223,307.85303,45.672634,19.214354,0.051081076,467.22903609702803,307.46949583445945,912.1818924055613,0.049609696505744115,0.998766112100426,0.049630195767518516,255.22903609702803,187.46949583445945,-1.5959932621431254,-0.0496301957675187,-0.03,-0.03,0.03,0.0,0.0,-0.0004963019576751871
1773806312.6786683,True,0.57246226,1773806312.6504397,467.10223,307.85303,45.672634,19.214354,0.051081076,467.2036756549662,307.54620213631756,901.7983635022522,0.05004444707050506,0.9987449721140859,0.050065460655541065,255.20367565496622,187.54620213631756,-1.607441724474502,-0.05006546065554085,-0.03,-0.03,0.03,0.0,0.0,-0.0005006546065554086
1773806312.688701,True,0.6934192,1773806312.6861978,466.90723,308.83865,47.496517,20.989054,0.04022421,467.144385836473,307.80469242194465,930.3309308675921,0.04709512192850361,0.9988788151480062,0.04711309446263025,255.14438583647302,187.80469242194465,-1.576292313264448,-0.04711309446263012,-0.03,-0.03,0.03,0.0,0.0,-0.0004711309446263012
1773806312.6984453,True,0.6934192,1773806312.6861978,466.90723,308.83865,47.496517,20.989054,0.04022421,467.09695398167844,308.0114846504464,950.30372802333,0.0450305943291026,0.9989725052717505,0.045046416774938654,255.09695398167844,188.0114846504464,-1.5550510285525931,-0.0450464167749387,-0.03,-0.03,0.03,0.0,0.0,-0.00045046416774938706
1773806312.7085516,True,0.6934192,1773806312.6861978,466.90723,308.83865,47.496517,20.989054,0.04022421,467.0590084978428,308.17691843324775,964.2846860323466,0.043585425009521894,0.9990380883583715,0.04359974288506153,255.0590084978428,188.17691843324775,-1.5404461072845432,-0.04359974288506141,-0.03,-0.03,0.03,0.0,0.0,-0.0004359974288506141
1773806312.718657,True,0.6934192,1773806312.6861978,466.90723,308.83865,47.496517,20.989054,0.04022421,467.02865211077426,308.30926545948887,974.0713566386582,0.0425738064858154,0.9990839965190061,0.042587075160341464,255.02865211077426,188.30926545948887,-1.5303481133633698,-0.04258707516034166,-0.03,-0.03,0.03,0.0,0.0,-0.0004258707516034166
1773806312.7283456,True,0.30838078,1773806312.718657,467.2499,308.35745,46.759483,21.99226,0.044316918,467.07290337807257,308.3189028461067,990.3539535533107,0.04309238836739817,0.9990642473972131,0.04310603122261283,255.07290337807257,188.3189028461067,-1.5137702676862541,-0.043106031222612806,-0.03,-0.03,0.03,0.0,0.0,-0.00043106031222612807
1773806312.7383976,True,0.30838078,1773806312.718657,467.2499,308.35745,46.759483,21.99226,0.044316918,467.1083043919112,308.326612755401,1001.7517713935674,0.04345539568450611,0.9990504230119581,0.04346929886710521,255.1083043919112,188.32661275540102,-1.5023271579446766,-0.043469298867105266,-0.03,-0.03,0.03,0.0,0.0,-0.00043469298867105266
1773806312.7481756,True,0.30838078,1773806312.718657,467.2499,308.35745,46.759483,21.99226,0.044316918,467.1366252029821,308.33278068283647,1009.7302438817471,0.04370950080648167,0.9990407459422797,0.043723585375205605,255.1366252029821,188.33278068283647,-1.4943941868623245,-0.0437235853752056,-0.03,-0.03,0.03,0.0,0.0,-0.000437235853752056
1773806312.7582035,True,0.8055034,1773806312.7521884,466.92517,307.7394,45.86325,18.724834,0.05729068,467.09433434207324,308.2141066263473,964.4457105121448,0.0477744542824406,0.998836323492765,0.04779368908079259,255.09433434207324,188.2141066263473,-1.540279132698089,-0.0477936890807924,-0.03,-0.03,0.03,0.0,0.0,-0.000477936890807924
1773806312.7682934,True,0.8055034,1773806312.7521884,466.92517,307.7394,45.86325,18.724834,0.05729068,467.06050165334614,308.119167381156,932.7465371534231,0.050619921715611846,0.9986932277781047,0.05064281805549593,255.06050165334614,188.119167381156,-1.5736991761771169,-0.050642818055496086,-0.03,-0.03,0.03,0.0,0.0,-0.0005064281805549609
1773806312.778357,True,0.8055034,1773806312.7521884,466.92517,307.7394,45.86325,18.724834,0.05729068,467.03343550236445,308.0432159850029,910.5571158023181,0.05261174891883172,0.9985930607778425,0.05263720726329356,255.03343550236445,188.04321598500292,-1.597776048407386,-0.05263720726329346,-0.03,-0.03,0.03,0.0,0.0,-0.0005263720726329346
1773806312.7883828,True,0.76218945,1773806312.7848692,467.4058,308.458,47.019737,20.76956,0.04100609,467.1079068491572,308.12617435050237,930.3637481514663,0.04912660342469506,0.9987629529943873,0.04914783997162798,255.1079068491572,188.12617435050237,-1.5762570390367656,-0.04914783997162786,-0.03,-0.03,0.03,0.0,0.0,-0.0004914783997162786
1773806312.7983258,True,0.76218945,1773806312.7848692,467.4058,308.458,47.019737,20.76956,0.04100609,467.1674839265914,308.1925410429019,944.2283907958702,0.046687001578799396,0.9988818775459687,0.04670527145279303,255.1674839265914,188.1925410429019,-1.561464599473123,-0.04670527145279291,-0.03,-0.03,0.03,0.0,0.0,-0.0004670527145279291
1773806312.8088477,True,0.76218945,1773806312.7848692,467.4058,308.458,47.019737,20.76956,0.04100609,467.21514558853875,308.2456343968215,953.9336406469529,0.04497928028667243,0.9989651247320757,0.04499548598102045,255.21514558853875,188.24563439682152,-1.551238565799749,-0.04499548598102043,-0.03,-0.03,0.03,0.0,0.0,-0.00044995485981020434
1773806312.8188915,True,0.76218945,1773806312.7848692,467.4058,308.458,47.019737,20.76956,0.04100609,467.2532749180966,308.2881090799572,960.7273155427108,0.04378387538218356,0.9990233977623504,0.04379864847438323,255.25327491809662,188.28810907995722,-1.5441420577889686,-0.043798648474383306,-0.03,-0.03,0.03,0.0,0.0,-0.0004379864847438331
1773806312.8284864,True,0.8547987,1773806312.8188915,466.43192,307.8666,46.37246,20.927946,0.06372228,467.0890029911179,308.2038087971689,963.6532248838038,0.049752462878510297,0.9987075051085972,0.04977570168985754,255.08900299111792,188.2038087971689,-1.5411011710887745,-0.049775701689857677,-0.03,-0.03,0.03,0.0,0.0,-0.0004977570168985768
1773806312.8385532,True,0.8547987,1773806312.8188915,466.43192,307.8666,46.37246,20.927946,0.06372228,466.95758544953503,308.13636857093826,965.7013614225689,0.053930474125939015,0.99848638025097,0.05395979618174749,254.95758544953503,188.13636857093826,-1.53897803900858,-0.05395979618174751,-0.03,-0.03,0.03,0.0,0.0,-0.0005395979618174751
1773806312.8480806,True,0.8547987,1773806312.8188915,466.43192,307.8666,46.37246,20.927946,0.06372228,466.85245141626865,308.0824163899537,967.1350569997044,0.05685508199913912,0.9983315928506309,0.05688864847527733,254.85245141626865,188.08241638995372,-1.5374945240805578,-0.056888648475277304,-0.03,-0.03,0.03,0.0,0.0,-0.0005688864847527731
1773806312.858305,True,0.8574814,1773806312.8521714,466.53473,307.81912,46.079468,20.488426,0.059027273,466.78890693379617,308.0297575748536,960.2232691478399,0.05749645795577581,0.9983096338777386,0.0575302585587302,254.78890693379617,188.0297575748536,-1.5446668463082112,-0.057530258558730285,-0.03,-0.03,0.03,0.0,0.0,-0.0005753025855873029
1773806312.8685071,True,0.8574814,1773806312.8521714,466.53473,307.81912,46.079468,20.488426,0.059027273,466.7380713478182,307.9876305227735,955.3850176515348,0.05794542112542149,0.9982942625967139,0.057979374229500814,254.73807134781822,187.9876305227735,-1.5497182566802357,-0.057979374229500724,-0.03,-0.03,0.03,0.0,0.0,-0.0005797937422950073
1773806312.8785322,True,0.8574814,1773806312.8521714,466.53473,307.81912,46.079468,20.488426,0.059027273,466.69740287903585,307.95392888110945,951.9982416041212,0.05825969534417347,0.9982835026999968,0.05829374950685703,254.69740287903585,187.95392888110945,-1.553269488023246,-0.05829374950685695,-0.03,-0.03,0.03,0.0,0.0,-0.0005829374950685695
1773806312.8886683,True,0.8204252,1773806312.8845978,466.76157,307.60544,46.021923,19.505991,0.06314348,466.71023553565055,307.88423075137194,935.7097249334317,0.059712244339685416,0.9982005857753482,0.059748684370160704,254.71023553565055,187.88423075137194,-1.5705273703132485,-0.0597486843701609,-0.03,-0.03,0.03,0.0,0.0,-0.000597486843701609
1773806312.8986752,True,0.8204252,1773806312.8845978,466.76157,307.60544,46.021923,19.505991,0.06314348,466.7205016609423,307.82847224758194,924.307763263949,0.06072902863654378,0.9981425439280942,0.060767132272025105,254.72050166094232,187.82847224758194,-1.5827875824491127,-0.060767132272025126,-0.03,-0.03,0.03,0.0,0.0,-0.0006076713227202513
1773806312.908227,True,0.8204252,1773806312.8845978,466.76157,307.60544,46.021923,19.505991,0.06314348,466.72871456117576,307.78386544455,916.3263900953111,0.061440777644344635,0.9981019146350165,0.06148004130620814,254.72871456117576,187.78386544454997,-1.5914600534868053,-0.06148004130620821,-0.03,-0.03,0.03,0.0,0.0,-0.0006148004130620821
1773806312.9187984,True,0.8204252,1773806312.8845978,466.76157,307.60544,46.021923,19.505991,0.06314348,466.7352848813625,307.7481800021244,910.7394288772646,0.061939001949805235,0.998073474129862,0.061979074976917146,254.73528488136247,187.7481800021244,-1.5975758469892392,-0.061979074976917126,-0.03,-0.03,0.03,0.0,0.0,-0.0006197907497691713
1773806312.9285667,True,0.6525418,1773806312.9233308,466.8833,307.9946,46.015896,20.877678,0.047923326,466.76488806134,307.7974636794339,925.7291236515852,0.05772879680051968,0.9983070010347839,0.057762370269641254,254.76488806134,187.79746367943392,-1.5812510069598897,-0.05776237026964104,-0.03,-0.03,0.03,0.0,0.0,-0.0005776237026964104
1773806312.9384546,True,0.6525418,1773806312.9233308,466.8833,307.9946,46.015896,20.877678,0.047923326,466.78857060532204,307.8368906212815,936.2219099936095,0.0547816531960198,0.9984704698682292,0.05481061827972478,254.78857060532204,187.8368906212815,-1.5699801440541237,-0.054810618279725,-0.03,-0.03,0.03,0.0,0.0,-0.00054810618279725
1773806312.9485798,True,0.6525418,1773806312.9233308,466.8833,307.9946,46.015896,20.877678,0.047923326,466.8075166405077,307.86843217475956,943.5668604330266,0.052718652672869876,0.9985848980516409,0.05274439504183345,254.80751664050769,187.86843217475956,-1.5621654491966204,-0.05274439504183359,-0.03,-0.03,0.03,0.0,0.0,-0.0005274439504183359
1773806312.9586396,True,0.75576216,1773806312.9535875,466.8444,308.3141,45.404766,18.754265,0.06168056,466.81489148623433,307.9575631226202,915.9567083089779,0.055395493665692436,0.9984389358350795,0.0554252801860376,254.81489148623433,187.95756312262017,-1.5918635738725704,-0.05542528018603754,-0.03,-0.03,0.03,0.0,0.0,-0.0005542528018603754
1773806312.9683778,True,0.75576216,1773806312.9535875,466.8444,308.3141,45.404766,18.754265,0.06168056,466.8207913628156,308.02886788090865,896.6296018221439,0.05726928236066822,0.9983367622834866,0.05730189394251374,254.8207913628156,188.02886788090865,-1.6131898289428348,-0.057301893942513615,-0.03,-0.03,0.03,0.0,0.0,-0.0005730189394251362
1773806312.9783945,True,0.75576216,1773806312.9535875,466.8444,308.3141,45.404766,18.754265,0.06168056,466.82551126408066,308.08591168753946,883.1006272813601,0.058580934447151276,0.9982652407973714,0.05861551250676901,254.82551126408066,188.08591168753946,-1.6283935209664342,-0.05861551250676911,-0.03,-0.03,0.03,0.0,0.0,-0.0005861551250676911
1773806312.9884636,True,0.7939188,1773806312.985918,466.26965,308.19144,44.66242,17.792164,0.06071358,466.7143396753271,308.10701670354723,856.5627547707801,0.05920954076236663,0.9982329175313815,0.05924494081048946,254.7143396753271,188.10701670354723,-1.658905091827386,-0.05924494081048959,-0.03,-0.03,0.03,0.0,0.0,-0.0005924494081048959
1773806312.9981387,True,0.7939188,1773806312.985918,466.26965,308.19144,44.66242,17.792164,0.06071358,466.62540240432423,308.12390071635343,837.9862440133741,0.05964956518301738,0.9982102912451887,0.05968553694253627,254.62540240432423,188.12390071635343,-1.6808309906695635,-0.0596855369425362,-0.03,-0.03,0.03,0.0,0.0,-0.000596855369425362
1773806313.008735,True,0.7939188,1773806312.985918,466.26965,308.19144,44.66242,17.792164,0.06071358,466.55425258752194,308.13740792659837,824.9826864831899,0.0599575822774729,0.9981944528448536,0.0599939523253723,254.55425258752194,188.13740792659837,-1.6964702757249228,-0.0599939523253723,-0.03,-0.03,0.03,0.0,0.0,-0.0005999395232537231
1773806313.0188215,True,0.7939188,1773806312.985918,466.26965,308.19144,44.66242,17.792164,0.06071358,466.4973327340801,308.1482136947943,815.880196212061,0.06017319424359177,0.9981833659646191,0.06020984212125618,254.4973327340801,188.14821369479432,-1.707565149940748,-0.06020984212125624,-0.03,-0.03,0.03,0.0,0.0,-0.0006020984212125625
1773806313.0286577,True,0.80038714,1773806313.0243428,466.08823,308.7165,45.774998,18.793201,0.06373239,466.415511450936,308.2618692956792,829.1937557566457,0.061228013055904675,0.9981192896876048,0.061266610184753226,254.41551145093598,188.26186929567922,-1.691378825668163,-0.06126661018475321,-0.03,-0.03,0.03,0.0,0.0,-0.0006126661018475321
1773806313.038437,True,0.80038714,1773806313.0243428,466.08823,308.7165,45.774998,18.793201,0.06373239,466.3500544244207,308.35279377638716,838.5132474378552,0.061966386224523703,0.9980744362936946,0.06200634717901895,254.3500544244207,188.35279377638716,-1.680202295648149,-0.062006347179019095,-0.03,-0.03,0.03,0.0,0.0,-0.0006200634717901909
1773806313.0484653,True,0.80038714,1773806313.0243428,466.08823,308.7165,45.774998,18.793201,0.06373239,466.2976888032085,308.42553336095347,845.0368916147017,0.062483247442557024,0.9980430389179575,0.06252416225406976,254.29768880320847,188.42553336095347,-1.672452390638628,-0.06252416225406954,-0.03,-0.03,0.03,0.0,0.0,-0.0006252416225406954
1773806313.0582035,True,0.73405844,1773806313.0526893,465.63107,308.77097,44.913464,19.015491,0.06461005,466.1643656421762,308.4946198039972,847.7412965424005,0.0631078051645516,0.9980041762712952,0.06314992948950364,254.16436564217622,188.49461980399718,-1.6692571613433762,-0.06314992948950371,-0.03,-0.03,0.03,0.0,0.0,-0.0006314992948950371
1773806313.0682347,True,0.73405844,1773806313.0526893,465.63107,308.77097,44.913464,19.015491,0.06461005,466.0577071133504,308.5498889584321,849.6343799917897,0.06354499556994779,0.9979769724186316,0.06358796611478655,254.05770711335038,188.54988895843212,-1.6670265599974359,-0.06358796611478645,-0.03,-0.03,0.03,0.0,0.0,-0.0006358796611478645
1773806313.078288,True,0.73405844,1773806313.0526893,465.63107,308.77097,44.913464,19.015491,0.06461005,465.9723802902897,308.5941042819801,850.9595384063621,0.06385102885372512,0.9979579297217671,0.06389459143281528,253.97238029028972,188.5941042819801,-1.665468094253851,-0.06389459143281506,-0.03,-0.03,0.03,0.0,0.0,-0.0006389459143281507
1773806313.088455,True,0.7713349,1773806313.0853267,465.73038,308.90875,44.675148,18.492905,0.060471933,465.9239796716849,308.65703391386535,843.5236605270316,0.06282624536587064,0.9980221897340011,0.06286779348070877,253.9239796716849,188.65703391386535,-1.6742447237484475,-0.06286779348070892,-0.03,-0.03,0.03,0.0,0.0,-0.0006286779348070893
1773806313.098037,True,0.7713349,1773806313.0853267,465.73038,308.90875,44.675148,18.492905,0.060471933,465.88525917680107,308.7073776193735,838.3185460115002,0.06210889692437251,0.9980671717425649,0.06214903447946967,253.88525917680107,188.70737761937352,-1.6804345210007343,-0.062149034479469734,-0.03,-0.03,0.03,0.0,0.0,-0.0006214903447946974
1773806313.108576,True,0.7713349,1773806313.0853267,465.73038,308.90875,44.675148,18.492905,0.060471933,465.854282780894,308.74765258378005,834.6749658506283,0.06160675301532382,0.9980986591485597,0.0616459034263771,253.85428278089398,188.74765258378005,-1.684790289144189,-0.06164590342637721,-0.03,-0.03,0.03,0.0,0.0,-0.0006164590342637721
1773806313.1186001,True,0.6601754,1773806313.1171002,466.03046,308.96204,45.99947,18.621162,0.05714425,465.889517533309,308.79052929358653,841.2415556852834,0.06025867372154111,0.9981793748717216,0.060295407154957674,253.889517533309,188.79052929358653,-1.676953832668238,-0.060295407154957736,-0.03,-0.03,0.03,0.0,0.0,-0.0006029540715495774
1773806313.1286228,True,0.6601754,1773806313.1171002,466.03046,308.96204,45.99947,18.621162,0.05714425,465.91770533524095,308.82483066143175,845.838168569542,0.05931501821589321,0.9982358758779348,0.059350058403615444,253.91770533524095,188.82483066143175,-1.6715046245573983,-0.05935005840361551,-0.03,-0.03,0.03,0.0,0.0,-0.0005935005840361551
1773806313.1386836,True,0.6601754,1773806313.1171002,466.03046,308.96204,45.99947,18.621162,0.05714425,465.9402555767865,308.85227175570793,849.0557975885231,0.058654459361939686,0.9982754265822842,0.05868831465906404,253.9402555767865,188.85227175570793,-1.6677077700653775,-0.05868831465906421,-0.03,-0.03,0.03,0.0,0.0,-0.0005868831465906421
1773806313.1492567,True,0.6601754,1773806313.1171002,466.03046,308.96204,45.99947,18.621162,0.05714425,465.958295770023,308.87422463112887,851.3081379018099,0.05819206816417222,0.9983031120753287,0.05822509458437565,253.95829577002303,188.87422463112887,-1.6650585235321922,-0.058225094584375636,-0.03,-0.03,0.03,0.0,0.0,-0.0005822509458437564
1773806313.1588085,True,0.6601754,1773806313.1171002,466.03046,308.96204,45.99947,18.621162,0.05714425,465.9727279246122,308.8917869314656,852.8847761211107,0.057868394325734984,0.9983224919204599,0.05790084092322556,253.97272792461217,188.89178693146562,-1.663208218139949,-0.05790084092322534,-0.03,-0.03,0.03,0.0,0.0,-0.0005790084092322534
1773806313.1688592,True,0.6601754,1773806313.1171002,466.03046,308.96204,45.99947,18.621162,0.05714425,465.98427364828353,308.905836771735,853.9884228746212,0.05764182263882892,0.9983360578120517,0.05767386359438312,253.98427364828353,188.90583677173498,-1.661915038414632,-0.05767386359438298,-0.03,-0.03,0.03,0.0,0.0,-0.0005767386359438299
1773806313.178407,True,0.6601754,1773806313.1171002,466.03046,308.96204,45.99947,18.621162,0.05714425,465.99351022722055,308.9170766439505,854.7609756020786,0.057483222457994684,0.9983455539361659,0.05751497959334667,253.99351022722055,188.9170766439505,-1.661010806605351,-0.05751497959334673,-0.03,-0.03,0.03,0.0,0.0,-0.0005751497959334673
1773806313.1885343,True,0.77475137,1773806313.1804967,465.74066,308.8071,45.15934,18.572113,0.06079944,465.94294050599524,308.8950809928948,849.9439866323925,0.0584668518750725,0.9982875727838985,0.058500317403722454,253.94294050599524,188.8950809928948,-1.666662226524961,-0.05850031740372241,-0.03,-0.03,0.03,0.0,0.0,-0.0005850031740372241
1773806313.1985695,True,0.77475137,1773806313.1804967,465.74066,308.8071,45.15934,18.572113,0.06079944,465.902484729015,308.87748447205024,846.5720943536122,0.059155392467026974,0.9982469859773113,0.05919005442119235,253.902484729015,188.87748447205024,-1.6706373102351493,-0.05919005442119252,-0.03,-0.03,0.03,0.0,0.0,-0.0005919005442119252
1773806313.2085943,True,0.77475137,1773806313.1804967,465.74066,308.8071,45.15934,18.572113,0.06079944,465.87012010743075,308.86340725537457,844.211769758466,0.059637370881395105,0.9982185752127004,0.05967287019580926,253.87012010743075,188.86340725537457,-1.6734293005995173,-0.059672870195809136,-0.03,-0.03,0.03,0.0,0.0,-0.0005967287019580914
1773806313.2186399,True,0.82565427,1773806313.2096016,465.7728,310.12592,46.54815,20.007912,0.06644916,465.8506554121165,309.11590890976845,870.3476101688168,0.06166623994200561,0.998090922732271,0.061705754326288303,253.8506554121165,189.11590890976845,-1.6429399919912138,-0.06170575432628844,-0.03,-0.03,0.03,0.0,0.0,-0.0006170575432628844
1773806313.22816,True,0.82565427,1773806313.2096016,465.7728,310.12592,46.54815,20.007912,0.06644916,465.8350836558651,309.31791023328356,888.6426984560624,0.06308644828443297,0.9980015659959703,0.06312877977189175,253.8350836558651,189.31791023328356,-1.622137435031265,-0.0631287797718918,-0.03,-0.03,0.03,0.0,0.0,-0.000631287797718918
1773806313.2386518,True,0.6762285,1773806313.2304497,465.6638,310.27832,48.260544,20.949621,0.047682144,465.80082449305144,309.50999224912687,925.3619189485405,0.05845973706489943,0.9982601227823882,0.05849481951985739,253.80082449305144,189.50999224912687,-1.5816477510415266,-0.058494819519857355,-0.03,-0.03,0.03,0.0,0.0,-0.0005849481951985735
1773806313.2485754,True,0.6762285,1773806313.2304497,465.6638,310.27832,48.260544,20.949621,0.047682144,465.77341716280057,309.66365786180154,951.0653732932751,0.05522103921122595,0.9984411125328805,0.05525096728765303,253.77341716280057,189.66365786180154,-1.5542498739423114,-0.05525096728765311,-0.03,-0.03,0.03,0.0,0.0,-0.000552509672876531
1773806313.2583728,True,0.82454085,1773806313.2528555,465.99713,310.1076,48.117443,20.04005,0.051916227,465.81815999977175,309.752447285535,955.0285615982611,0.054222599937793124,0.9985045753826101,0.05425052253968215,253.81815999977175,189.75244728553503,-1.550091428292165,-0.05425052253968232,-0.03,-0.03,0.03,0.0,0.0,-0.0005425052253968233
1773806313.2682354,True,0.82454085,1773806313.2528555,465.99713,310.1076,48.117443,20.04005,0.051916227,465.8539542693487,309.82347882452177,957.8027934117515,0.053523692446390145,0.9985489993774208,0.053550222085956445,253.85395426934872,189.82347882452177,-1.54719077136663,-0.05355022208595628,-0.03,-0.03,0.03,0.0,0.0,-0.0005355022208595628
1773806313.2783258,True,0.82454085,1773806313.2528555,465.99713,310.1076,48.117443,20.04005,0.051916227,465.88258968501026,309.8803040557112,959.7447556811946,0.053034457202408056,0.9985800961737883,0.05306001752067686,253.88258968501026,189.88030405571118,-1.545165306147505,-0.053060017520676794,-0.03,-0.03,0.03,0.0,0.0,-0.0005306001752067679
1773806313.2882884,True,0.8385024,1773806313.2837946,466.28976,310.4838,47.81646,20.28161,0.052492872,465.9640246288676,310.0010022777721,962.7597689182423,0.0528647503925797,0.998592836983058,0.05288987233419676,253.9640246288676,190.0010022777721,-1.5420287562249815,-0.05288987233419684,-0.03,-0.03,0.03,0.0,0.0,-0.0005288987233419684
1773806313.29822,True,0.8385024,1773806313.2837946,466.28976,310.4838,47.81646,20.28161,0.052492872,466.0291725839535,310.0975608554208,964.8702781841757,0.05274595562569985,0.9986017555495469,0.052770771462636784,254.02917258395348,190.0975608554208,-1.5398390102076605,-0.052770771462636645,-0.03,-0.03,0.03,0.0,0.0,-0.0005277077146263664
1773806313.3082497,True,0.8385024,1773806313.2837946,466.28976,310.4838,47.81646,20.28161,0.052492872,466.0812909480222,310.17480771753975,966.3476346703292,0.052662799288883955,0.9986079985460891,0.052687401226536645,254.08129094802217,190.17480771753975,-1.538309036024524,-0.05268740122653659,-0.03,-0.03,0.03,0.0,0.0,-0.0005268740122653659
1773806313.3184683,True,0.8385024,1773806313.2837946,466.28976,310.4838,47.81646,20.28161,0.052492872,466.12298563927715,310.23660520723496,967.3817842106366,0.05260458985311283,0.9986123686436686,0.052629042245240606,254.12298563927715,190.23660520723496,-1.5372394451822882,-0.052629042245240676,-0.03,-0.03,0.03,0.0,0.0,-0.0005262904224524067
1773806313.3285396,True,0.80642825,1773806313.3194833,465.36722,310.48703,48.80895,20.300293,0.05559248,465.97183211493734,310.28669017164736,974.4180301974457,0.053492368043909444,0.9985651988376549,0.053518075417717366,253.97183211493734,190.28669017164736,-1.5299922750767592,-0.05351807541771736,-0.03,-0.03,0.03,0.0,0.0,-0.0005351807541771736
1773806313.3385646,True,0.80642825,1773806313.3194833,465.36722,310.48703,48.80895,20.300293,0.05559248,465.8509092954655,310.3267581431773,979.3434023882119,0.054113812777467074,0.9985321799734455,0.05414039831239613,253.8509092954655,190.3267581431773,-1.5249503262055135,-0.054140398312396254,-0.03,-0.03,0.03,0.0,0.0,-0.0005414039831239625
1773806313.348347,True,0.80642825,1773806313.3194833,465.36722,310.48703,48.80895,20.300293,0.05559248,465.75417103988804,310.3588125204012,982.7911629217483,0.05454882409095742,0.9985090667684988,0.05457602387980286,253.75417103988804,190.35881252040122,-1.521436026887926,-0.05457602387980298,-0.03,-0.03,0.03,0.0,0.0,-0.0005457602387980298
1773806313.3585567,True,0.81265473,1773806313.3524308,464.57852,310.8094,49.08985,19.979042,0.045895837,465.5190411776136,310.4489274577272,982.1842705881925,0.051948094733410166,0.9986404380155394,0.05197197333739897,253.5190411776136,190.44892745772722,-1.5220537367508622,-0.05197197333739911,-0.03,-0.03,0.03,0.0,0.0,-0.0005197197333739912
1773806313.3682387,True,0.81265473,1773806313.3524308,464.57852,310.8094,49.08985,19.979042,0.045895837,465.33093728779403,310.521019407588,981.7594459547033,0.050127584183127086,0.9987323978884677,0.05014912373883169,253.33093728779403,190.52101940758803,-1.5224863607986254,-0.05014912373883185,-0.03,-0.03,0.03,0.0,0.0,-0.0005014912373883185
1773806313.378932,True,0.81265473,1773806313.3524308,464.57852,310.8094,49.08985,19.979042,0.045895837,465.1804541759384,310.5786929674767,981.462068711261,0.04885322679792893,0.9987967697995176,0.04887312956916485,253.1804541759384,190.57869296747668,-1.5227893090329385,-0.048873129569164675,-0.03,-0.03,0.03,0.0,0.0,-0.0004887312956916468
1773806313.3884482,True,0.8166426,1773806313.3859441,465.12952,311.70685,49.980255,20.534565,0.044808738,465.17026666106324,310.8043240028876,994.9202742697577,0.04763538218949853,0.9988566157989238,0.0476538051767068,253.17026666106324,190.8043240028876,-1.5091700681721594,-0.04765380517670659,-0.03,-0.03,0.03,0.0,0.0,-0.0004765380517670659
1773806313.39846,True,0.8166426,1773806313.3859441,465.12952,311.70685,49.980255,20.534565,0.044808738,465.1621166491631,310.9848288312163,1004.3410181607053,0.04678289096359725,0.9988985079985082,0.04680028044741979,253.16211664916312,190.9848288312163,-1.4997457736553588,-0.046800280447419684,-0.03,-0.03,0.03,0.0,0.0,-0.00046800280447419686
1773806313.4088018,True,0.8166426,1773806313.3859441,465.12952,311.70685,49.980255,20.534565,0.044808738,465.155596639643,311.1292326938793,1010.9355388843686,0.046186147105466355,0.9989278325382172,0.046202815057824566,253.15559663964302,191.12923269387932,-1.4932012185289696,-0.04620281505782442,-0.03,-0.03,0.03,0.0,0.0,-0.0004620281505782442
1773806313.418324,True,0.8166426,1773806313.3859441,465.12952,311.70685,49.980255,20.534565,0.044808738,465.15038063202695,311.2447557840097,1015.551703390933,0.04576842640477473,0.9989483597160134,0.04578459049102033,253.15038063202695,191.24475578400973,-1.4886453818135417,-0.04578459049102035,-0.03,-0.03,0.03,0.0,0.0,-0.0004578459049102035
1773806313.4283557,True,0.8035896,1773806313.4198337,466.56903,313.7796,50.30892,22.172049,0.036906358,465.43411065796533,311.75172503736405,1045.5217636627156,0.04310729254168387,0.9990595631033912,0.04312112357502134,253.43411065796533,191.75172503736405,-1.4595613405949386,-0.043121123575021514,-0.03,-0.03,0.03,0.0,0.0,-0.00043121123575021517
1773806313.4385724,True,0.8035896,1773806313.4198337,466.56903,313.7796,50.30892,22.172049,0.036906358,465.66109467871604,312.1573004400475,1066.5008058529634,0.04124449883752027,0.9991374054745557,0.0412566830257561,253.66109467871604,192.1573004400475,-1.439694382242075,-0.041256683025756136,-0.03,-0.03,0.03,0.0,0.0,-0.0004125668302575614
1773806313.4486067,True,0.8035896,1773806313.4198337,466.56903,313.7796,50.30892,22.172049,0.036906358,465.8426818953166,312.48176076219426,1081.1861353861368,0.039940543244605754,0.9991918951343708,0.03995157596724252,253.84268189531662,192.48176076219426,-1.4260186847955927,-0.039951575967242636,-0.03,-0.03,0.03,0.0,0.0,-0.0003995157596724264
1773806313.4586425,True,0.87525594,1773806313.4531367,467.78076,312.51007,49.30715,20.213253,0.04686675,466.2302978600033,312.48742276991163,1055.8276824656082,0.04201325825890102,0.999104913079873,0.04202613783906343,254.2302978600033,192.48742276991163,-1.4497524042907504,-0.042026137839063615,-0.03,-0.03,0.03,0.0,0.0,-0.00042026137839063616
1773806313.4683516,True,0.87525594,1773806313.4531367,467.78076,312.51007,49.30715,20.213253,0.04686675,466.54039063175264,312.4919523760856,1038.0767654212382,0.04346415876890772,0.9990440256417248,0.04347833177408326,254.54039063175264,192.49195237608558,-1.466707659640689,-0.04347833177408322,-0.03,-0.03,0.03,0.0,0.0,-0.00043478331774083224
1773806313.4782834,True,0.87525594,1773806313.4531367,467.78076,312.51007,49.30715,20.213253,0.04686675,466.78846484915215,312.49557606102474,1025.651123490179,0.0444797891259124,0.9990014044350208,0.04449486403419001,254.78846484915215,192.49557606102474,-1.4787497434375252,-0.04449486403419023,-0.03,-0.03,0.03,0.0,0.0,-0.0004449486403419023
1773806313.4885583,True,0.8429818,1773806313.485045,469.08618,311.9353,49.351234,19.886663,0.037201002,467.2480082074468,312.3835213956948,1012.3852053884378,0.0422935790878607,0.9990934198585031,0.042306697340309535,255.2480082074468,192.3835213956948,-1.491768260599555,-0.04230669734030945,-0.03,-0.03,0.03,0.0,0.0,-0.0004230669734030945
1773806313.4986053,True,0.8429818,1773806313.485045,469.08618,311.9353,49.351234,19.886663,0.037201002,467.6156428940825,312.29387766343086,1003.0990627172189,0.04076323206122451,0.9991578306549407,0.04077497802603413,255.6156428940825,192.29387766343086,-1.5009831262555922,-0.04077497802603425,-0.03,-0.03,0.03,0.0,0.0,-0.0004077497802603425
1773806313.50864,True,0.8429818,1773806313.485045,469.08618,311.9353,49.351234,19.886663,0.037201002,467.909750643391,312.22216267761974,996.5987628473656,0.03969198914257918,0.9992029182124471,0.03970277767777277,255.90975064339102,192.22216267761974,-1.5074844312851812,-0.03970277767777297,-0.03,-0.03,0.03,0.0,0.0,-0.0003970277767777297
1773806313.5186758,True,0.7876222,1773806313.5171618,468.26346,312.71915,49.770546,20.915493,0.029979195,467.9804921651035,312.32155948779894,1009.9117731533121,0.03677680390074411,0.9993072400214171,0.03678569742546984,255.9804921651035,192.32155948779894,-1.4942144230521812,-0.03678569742546989,-0.03,-0.03,0.03,0.0,0.0,-0.0003678569742546989
1773806313.5284731,True,0.7876222,1773806313.5171618,468.26346,312.71915,49.770546,20.915493,0.029979195,468.03708538247344,312.4010769359423,1019.2308803674747,0.034736174231459555,0.9993802652876962,0.034743728013763055,256.03708538247344,192.40107693594229,-1.485029092765799,0.0,-0.03,-0.03,0.03,0.0,0.0,0.0
1773806313.538495,True,0.7876222,1773806313.5171618,468.26346,312.71915,49.770546,20.915493,0.029979195,468.08235995636943,312.46469089445696,1025.7542554173883,0.03330773346296037,0.9994313829740915,0.033314353506517194,256.08235995636943,192.46469089445696,-1.4786491958535553,0.0,-0.03,-0.03,0.03,0.0,0.0,0.0
1773806313.5488286,True,0.7876222,1773806313.5171618,468.26346,312.71915,49.770546,20.915493,0.029979195,468.1185796154862,312.5155820612687,1030.3206179523281,0.03230782492501094,0.9994671653545681,0.03231379697526589,256.1185796154862,192.51558206126867,-1.474207363406795,0.0,-0.03,-0.03,0.03,0.0,0.0,0.0
1773806313.558432,True,0.8557689,1773806313.5518355,467.53174,313.66965,49.981026,22.06215,0.03492381,468.001211348639,312.7463950923743,1052.031085398661,0.03309049095029904,0.9994440834613556,0.03309680670411732,256.001211348639,192.7463950923743,-1.4533547340392723,0.0,-0.03,-0.03,0.03,0.0,0.0,0.0
1773806313.5684998,True,0.8557689,1773806313.5518355,467.53174,313.66965,49.981026,22.06215,0.03492381,467.9073167351612,312.93104551725884,1067.228412611094,0.03363835716800071,0.9994279261361068,0.033644910934702184,255.9073167351612,192.93104551725884,-1.4390123774403063,0.0,-0.03,-0.03,0.03,0.0,0.0,0.0
1773806313.578226,True,0.8557689,1773806313.5518355,467.53174,313.66965,49.981026,22.06215,0.03492381,467.83220104437896,313.07876585716645,1077.866541659797,0.034021863520391875,0.9994166160084326,0.03402858242776684,255.83220104437896,193.07876585716645,-1.4290937337533614,0.0,-0.03,-0.03,0.03,0.0,0.0,0.0
1773806313.5882728,True,0.8557689,1773806313.5518355,467.53174,313.66965,49.981026,22.06215,0.03492381,467.7721084917532,313.1969421290925,1085.313231993889,0.03429031796706569,0.9994086989190607,0.03429715168333784,255.77210849175322,193.19694212909252,-1.422208758365755,0.0,-0.03,-0.03,0.03,0.0,0.0,0.0
1773806313.5986154,True,0.8626584,1773806313.5882728,466.89447,314.78998,50.697166,21.971115,0.031680394,467.59658083637134,313.5155493087428,1093.8812497004099,0.03350575104874851,0.9994355547300139,0.03351212285262262,255.59658083637134,193.51554930874278,-1.414345245559889,0.0,-0.03,-0.03,0.03,0.0,0.0,0.0
1773806313.608635,True,0.8626584,1773806313.5882728,466.89447,314.78998,50.697166,21.971115,0.031680394,467.4561587120658,313.770435052463,1099.8788620949745,0.03295655420592649,0.9994543537976811,0.0329626031302964,255.45615871206581,193.77043505246297,-1.4088773484043977,0.0,-0.03,-0.03,0.03,0.0,0.0,0.0
1773806313.619161,True,0.8626584,1773806313.5882728,466.89447,314.78998,50.697166,21.971115,0.031680394,467.3438210126214,313.9743436474391,1104.0771907711696,0.03257211641595108,0.9994675131450482,0.032577939755594025,255.3438210126214,193.97434364743913,-1.4050675321888182,0.0,-0.03,-0.03,0.03,0.0,0.0,0.0
1773806313.6287124,True,0.8439644,1773806313.6217132,464.7404,315.589,53.22921,22.791668,0.029358825,466.82313420267525,314.2972727695138,1136.808782074975,0.031606863682067,0.9994979773997394,0.03161220444379278,254.82313420267525,194.29727276951382,-1.3758523737458817,0.0,-0.03,-0.03,0.03,0.0,0.0,0.0
1773806313.63839,True,0.8439644,1773806313.6217132,464.7404,315.589,53.22921,22.791668,0.029358825,466.4065847547183,314.55561606717356,1159.7208959876386,0.03093118676834815,0.9995193023780233,0.030936189549797717,254.40658475471832,194.55561606717356,-1.3558980275156947,0.0,-0.03,-0.03,0.03,0.0,0.0,0.0
1773806313.6485984,True,0.8439644,1773806313.6217132,464.7404,315.589,53.22921,22.791668,0.029358825,466.0733451963528,314.7622907053013,1175.759375726503,0.030458212928744954,0.999534229862822,0.03046297942128103,254.07334519635282,194.76229070530133,-1.342163180713291,0.0,-0.03,-0.03,0.03,0.0,0.0,0.0
1773806313.658905,True,0.78690565,1773806313.653664,464.95142,315.58664,52.874382,23.703176,0.030833257,465.8489593602073,314.92716044510047,1199.0187944538645,0.03056926068536102,0.9995313687373202,0.03057406294362612,253.8489593602073,194.92716044510047,-1.3225738457462732,0.0,-0.03,-0.03,0.03,0.0,0.0,0.0
1773806313.6686966,True,0.78690565,1773806313.653664,464.95142,315.58664,52.874382,23.703176,0.030833257,465.6694506912908,315.05905623693974,1215.3003875630177,0.030646994114992266,0.9995293659494688,0.030651821338727417,253.66945069129082,195.05905623693974,-1.3090861179785414,0.0,-0.03,-0.03,0.03,0.0,0.0,0.0
1773806313.6787279,True,0.78690565,1773806313.653664,464.95142,315.58664,52.874382,23.703176,0.030833257,465.52584375615766,315.1645728704112,1226.6975027394249,0.03070140751573414,0.9995279639979728,0.030706252180150172,253.52584375615766,195.16457287041118,-1.2997517954767088,0.0,-0.03,-0.03,0.03,0.0,0.0,0.0
1773806313.6885476,True,0.6710705,1773806313.6860409,463.78494,314.33694,52.501488,22.880024,0.02416207,465.17766353031675,314.9990472123446,1219.0588573863474,0.02873890123161702,0.9995820082088733,0.028743000822943426,253.17766353031675,194.99904721234458,-1.3059982641069363,0.0,-0.03,-0.03,0.03,0.0,0.0,0.0
1773806313.6984499,True,0.6710705,1773806313.6860409,463.78494,314.33694,52.501488,22.880024,0.02416207,464.899119349644,314.8666266858913,1213.7118056391932,0.02736514683273504,0.9996198391565037,0.027368718415181768,252.89911934964402,194.86662668589128,-1.310394124710463,0.0,-0.03,-0.03,0.03,0.0,0.0,0.0
1773806313.708443,True,0.6710705,1773806313.6860409,463.78494,314.33694,52.501488,22.880024,0.02416207,464.67628400510586,314.7606902647287,1209.9688694161853,0.026403518753517652,0.999646320819845,0.02640672078651668,252.67628400510586,194.76069026472868,-1.3134827652538075,0.0,-0.03,-0.03,0.03,0.0,0.0,0.0
1773806313.7186255,True,0.6710705,1773806313.6860409,463.78494,314.33694,52.501488,22.880024,0.02416207,464.49801572947536,314.6759411277986,1207.3488140600798,0.02573037909806548,0.9996648579841838,0.025733323579091704,252.49801572947536,194.67594112779858,-1.3156505038179231,0.0,-0.03,-0.03,0.03,0.0,0.0,0.0
1773806313.7282557,True,0.67977107,1773806313.725162,462.0547,313.09854,50.93193,23.91817,0.021625908,464.0093500835803,314.360461154192,1210.603752361587,0.02449853210784275,0.9996952513378238,0.024501096401302255,252.00935008358027,194.36046115419202,-1.3129581927173353,0.0,-0.03,-0.03,0.03,0.0,0.0,0.0
1773806313.7384725,True,0.67977107,1773806313.725162,462.0547,313.09854,50.93193,23.91817,0.021625908,463.61841756686425,314.10807717530673,1212.8822091726422,0.023636239214686838,0.9997165266853717,0.023638537455756416,251.61841756686425,194.10807717530673,-1.3110778785595274,0.0,-0.03,-0.03,0.03,0.0,0.0,0.0
1773806313.7486975,True,0.67977107,1773806313.725162,462.0547,313.09854,50.93193,23.91817,0.021625908,463.30567155349144,313.9061699921985,1214.4771289403807,0.0230326341894777,0.9997314194286553,0.023034747028950354,251.30567155349144,193.9061699921985,-1.3097637591605413,0.0,-0.03,-0.03,0.03,0.0,0.0,0.0
1773806313.7585824,True,0.39813197,1773806313.7559159,463.59436,310.05984,53.063103,25.535273,0.021700155,463.36340931310565,313.13690498789947,1256.6282407465476,0.02263237951505372,0.9997413618628235,0.022634368527509875,251.36340931310565,193.13690498789947,-1.2756452621072376,0.0,-0.03,-0.03,0.03,0.0,0.0,0.0
1773806313.768787,True,0.39813197,1773806313.7559159,463.59436,310.05984,53.063103,25.535273,0.021700155,463.40959952079703,312.5214929844602,1286.1340190108644,0.02235220124295693,0.9997483215667412,0.02235410398868857,251.40959952079703,192.52149298446022,-1.2524365625409155,0.0,-0.03,-0.03,0.03,0.0,0.0,0.0
1773806313.7784467,True,0.39813197,1773806313.7559159,463.59436,310.05984,53.063103,25.535273,0.021700155,463.44655168695016,312.0291633817088,1306.7880637958863,0.02215607645248918,0.9997531933594836,0.0221579190408046,251.44655168695016,192.02916338170883,-1.236505129991265,0.0,-0.03,-0.03,0.03,0.0,0.0,0.0
1773806313.7884533,True,0.39813197,1773806313.7559159,463.59436,310.05984,53.063103,25.535273,0.021700155,463.47611341987266,311.6352996995077,1321.2458951454016,0.022018789099161752,0.9997566036144033,0.022020589699008847,251.47611341987266,191.6352996995077,-1.22550224537508,0.0,-0.03,-0.03,0.03,0.0,0.0,0.0
1773806313.7985961,True,0.44539618,1773806313.7889588,463.6783,307.54434,51.396122,22.294867,0.018268641,463.51655357769505,310.8171081678093,1268.633015273656,0.02089343984805032,0.999779562435313,0.020895005103011077,251.51655357769505,190.8171081678093,-1.2661374419298483,0.0,-0.03,-0.03,0.03,0.0,0.0,0.0
1773806313.8086941,True,0.44539618,1773806313.7889588,463.6783,307.54434,51.396122,22.294867,0.018268641,463.548905703953,310.1625549424506,1231.803999363434,0.020105695372272317,0.9997956336099497,0.020107094967818786,251.54890570395298,190.16255494245058,-1.2955976357471133,0.0,-0.03,-0.03,0.03,0.0,0.0,0.0
1773806313.8182197,True,0.44539618,1773806313.7889588,463.6783,307.54434,51.396122,22.294867,0.018268641,463.57478740495924,309.6389123621636,1206.0236882262789,0.019554274239227717,0.9998068834321955,0.019555558030384848,251.57478740495924,189.63891236216358,-1.3167486566855091,0.0,-0.03,-0.03,0.03,0.0,0.0,0.0
1773806313.8283613,True,0.5868632,1773806313.8199573,465.6582,305.1492,53.06173,23.981968,0.023059428,463.9914705489674,308.7409699776215,1225.9739792193327,0.020605207227430186,0.9997850613556379,0.020606719748169928,251.9914705489674,188.7409699776215,-1.3003417836152766,0.0,-0.03,-0.03,0.03,0.0,0.0,0.0
1773806313.8384075,True,0.5868632,1773806313.8199573,465.6582,305.1492,53.06173,23.981968,0.023059428,464.32481706417394,308.02261606998786,1239.9391829144704,0.021340860319171914,0.9997697859020477,0.02134253329234693,252.32481706417394,188.02261606998786,-1.2890150643988423,0.0,-0.03,-0.03,0.03,0.0,0.0,0.0
1773806313.8484533,True,0.5868632,1773806313.8199573,465.6582,305.1492,53.06173,23.981968,0.023059428,464.5914942763392,307.4479329438809,1249.7148255010668,0.021855817483391122,0.9997590930845345,0.021857602446321425,252.59149427633918,187.44793294388091,-1.2811620110890078,0.0,-0.03,-0.03,0.03,0.0,0.0,0.0
1773806313.858536,True,0.5868632,1773806313.8199573,465.6582,305.1492,53.06173,23.981968,0.023059428,464.80483604607133,306.98818644299536,1256.5577753116843,0.022216287498344568,0.9997516081122753,0.022218150524321054,252.80483604607133,186.98818644299536,-1.2757013386844838,0.0,-0.03,-0.03,0.03,0.0,0.0,0.0
1773806313.8682423,True,0.7514768,1773806313.858536,469.6583,302.81454,55.484985,25.319464,0.039389994,465.77552777240396,306.1534580899432,1301.045472015054,0.027365343864673562,0.9995934200251737,0.02736963837033404,253.77552777240396,186.15345808994317,-1.2409092462694162,0.0,-0.03,-0.03,0.03,0.0,0.0,0.0
1773806313.878552,True,0.7514768,1773806313.858536,469.6583,302.81454,55.484985,25.319464,0.039389994,466.55208115347006,305.48567540750145,1332.1868597074126,0.030969683321103857,0.9994826883642026,0.03097580169004326,254.55208115347006,185.48567540750145,-1.2172555494314812,0.0,-0.03,-0.03,0.03,0.0,0.0,0.0
1773806313.888499,True,0.78056175,1773806313.8859727,470.9655,297.64166,53.401783,22.460587,0.017666247,467.4347679501198,303.9168728455324,1292.361429236595,0.02697837667318847,0.9995910686313878,0.02698286306819515,255.4347679501198,183.9168728455324,-1.2476062865457458,0.0,-0.03,-0.03,0.03,0.0,0.0,0.0
1773806313.8981905,True,0.78056175,1773806313.8859727,470.9655,297.64166,53.401783,22.460587,0.017666247,468.14091738743963,302.6618307959572,1264.4836279070228,0.024184462019647697,0.9996669348184173,0.02418780157909399,256.14091738743963,182.6618307959572,-1.269413557215783,0.0,-0.03,-0.03,0.03,0.0,0.0,0.0
1773806313.9088113,True,0.78056175,1773806313.8859727,470.9655,297.64166,53.401783,22.460587,0.017666247,468.7058369372955,301.657797156297,1244.9691669763222,0.022228721762169158,0.9997200411493381,0.02223128345261677,256.7058369372955,181.65779715629702,-1.2849666326471383,0.0,-0.03,-0.03,0.03,0.0,0.0,0.0
1773806313.9183333,True,0.78056175,1773806313.8859727,470.9655,297.64166,53.401783,22.460587,0.017666247,469.15777257718014,300.8545702445689,1231.3090443248316,0.02085970358193418,0.9997572155809826,0.020861742266981415,257.15777257718014,180.8545702445689,-1.2959995296403173,0.0,-0.03,-0.03,0.03,0.0,0.0,0.0
1773806313.9283364,True,0.91675067,1773806313.9198534,473.16272,294.35086,53.66243,23.089771,0.03526789,469.95876200705663,299.55382831479574,1233.632297824257,0.02517996614123447,0.9996434966401497,0.025183620792881795,257.95876200705663,179.55382831479574,-1.2941144915279315,0.0,-0.03,-0.03,0.03,0.0,0.0,0.0
1773806313.938457,True,0.91675067,1773806313.9198534,473.16272,294.35086,53.66243,23.089771,0.03526789,470.5995535509578,298.51323477097725,1235.2585752738548,0.02820414993274467,0.9995638933815667,0.028208970541253018,258.5995535509578,178.51323477097725,-1.2927970759203562,0.0,-0.03,-0.03,0.03,0.0,0.0,0.0
1773806313.9485059,True,0.91675067,1773806313.9198534,473.16272,294.35086,53.66243,23.089771,0.03526789,471.1121867860787,297.6807599359224,1236.3969694885734,0.03032107858680181,0.9995081711005585,0.030326698044273365,259.1121867860787,177.68075993592242,-1.2918759165803113,0.0,-0.03,-0.03,0.03,0.0,0.0,0.0
1773806313.9582417,True,0.9187671,1773806313.956511,475.22287,293.6795,53.472733,25.352325,0.023038924,471.9343234034724,296.88050882764423,1272.1753029584074,0.028135820705275927,0.9995761044910132,0.02814032215940591,259.9343234034724,176.88050882764423,-1.2633491245630044,0.0,-0.03,-0.03,0.03,0.0,0.0,0.0
1773806313.9687502,True,0.9187671,1773806313.956511,475.22287,293.6795,53.472733,25.352325,0.023038924,472.5920326973873,296.2403079410217,1297.2201363872914,0.02660614018820781,0.9996236578643315,0.026609874502086236,260.5920326973873,176.24030794102168,-1.2438537784829689,0.0,-0.03,-0.03,0.03,0.0,0.0,0.0
1773806313.978571,True,0.9187671,1773806313.956511,475.22287,293.6795,53.472733,25.352325,0.023038924,473.11820013251923,295.7281472317236,1314.75151978751,0.025535363826260128,0.9996569452256543,0.025538573166880404,261.11820013251923,175.7281472317236,-1.2304297073379162,0.0,-0.03,-0.03,0.03,0.0,0.0,0.0
1773806313.9883008,True,0.9187671,1773806313.956511,475.22287,293.6795,53.472733,25.352325,0.023038924,473.53913408062476,295.3184186642851,1327.0234881676631,0.024785820372896752,0.9996802463785803,0.024788669650178608,261.53913408062476,175.3184186642851,-1.221138941381145,0.0,-0.03,-0.03,0.03,0.0,0.0,0.0
1773806313.998559,True,0.8499839,1773806313.9905303,476.25024,292.57272,53.611164,23.708656,0.03802454,474.08135609262484,294.7692796091625,1310.2310535337704,0.0287546878379144,0.999559318737711,0.028759433428700992,262.08135609262484,174.76927960916248,-1.2338738983724267,0.0,-0.03,-0.03,0.03,0.0,0.0,0.0
1773806314.0082474,True,0.8499839,1773806313.9905303,476.25024,292.57272,53.611164,23.708656,0.03802454,474.5151337022249,294.32996836506436,1298.4763492900454,0.031532895063426755,0.9994746693891023,0.03153900742467001,262.5151337022249,174.32996836506436,-1.2428858586912974,0.0,-0.03,-0.03,0.03,0.0,0.0,0.0
1773806314.0186446,True,0.8499839,1773806313.9905303,476.25024,292.57272,53.611164,23.708656,0.03802454,474.86215578990493,293.9785193697859,1290.248056319438,0.0334776401212854,0.9994154148450763,0.03348470185365884,262.86215578990493,173.9785193697859,-1.2492429051678817,0.0,-0.03,-0.03,0.03,0.0,0.0,0.0
1773806314.028208,True,0.8417772,1773806314.0231595,476.20755,291.9248,53.50865,23.44281,0.039730046,475.1312346416896,293.56777643332873,1279.4915959665752,0.035350226468409275,0.9993540500521552,0.03535833319800503,263.1312346416896,173.56777643332873,-1.2576145883969612,-0.03535833319800519,-0.03,-0.03,0.03,0.0,0.0,-0.0003535833319800519
1773806314.038665,True,0.8417772,1773806314.0231595,476.20755,291.9248,53.50865,23.44281,0.039730046,475.34649772311735,293.239182084163,1271.9620737195714,0.03666103691139599,0.9993110946971104,0.036669865060418645,263.34649772311735,173.23918208416302,-1.2635167485610557,-0.036669865060418694,-0.03,-0.03,0.03,0.0,0.0,-0.00036669865060418694
1773806314.0482085,True,0.8417772,1773806314.0231595,476.20755,291.9248,53.50865,23.44281,0.039730046,475.51870818825955,292.9763066048304,1266.6914081466687,0.037578604221486685,0.9992810259485791,0.03758792962597123,263.51870818825955,172.97630660483043,-1.2676690861554352,-0.03758792962597113,-0.03,-0.03,0.03,0.0,0.0,-0.0003758792962597113
1773806314.058492,True,0.86747545,1773806314.0547404,475.52484,291.8042,54.023018,23.300508,0.049774796,475.5199348123264,292.74188512761435,1264.3131238862618,0.04123129652178287,0.9991251653405222,0.04124399647834232,263.5199348123264,172.74188512761435,-1.2695484071367176,-0.041243996478342204,-0.03,-0.03,0.03,0.0,0.0,-0.00041243996478342206
1773806314.0686047,True,0.86747545,1773806314.0547404,475.52484,291.8042,54.023018,23.300508,0.049774796,475.5209161115799,292.5543479458415,1262.648324903977,0.04378818113199019,0.9990160629148823,0.043803271363067886,263.5209161115799,172.55434794584153,-1.2708660364372697,-0.04380327136306805,-0.03,-0.03,0.03,0.0,0.0,-0.0004380327136306805
1773806314.0786636,True,0.86747545,1773806314.0547404,475.52484,291.8042,54.023018,23.300508,0.049774796,475.52170115098266,292.40431820042323,1261.4829656163777,0.04557800035913532,0.9989396912169344,0.045594756742923986,263.52170115098266,172.40431820042323,-1.2717894110452204,-0.04559475674292379,-0.03,-0.03,0.03,0.0,0.0,-0.00045594756742923793
1773806314.0882628,True,0.8520721,1773806314.0852642,474.15555,291.21436,52.83886,23.633165,0.049690813,475.2484705399268,292.1663256540886,1257.6629294470893,0.04680571008628157,0.9988874835241138,0.04682359072972477,263.2484705399268,172.1663256540886,-1.2748222160167797,-0.04682359072972497,-0.03,-0.03,0.03,0.0,0.0,-0.00046823590729724976
1773806314.0983355,True,0.8520721,1773806314.0852642,474.15555,291.21436,52.83886,23.633165,0.049690813,475.02988605108214,291.9759316170209,1254.9889041285874,0.04766510689528395,0.9988509381391395,0.04768376697003126,263.02988605108214,171.97593161702088,-1.2769506655634146,-0.04768376697003118,-0.03,-0.03,0.03,0.0,0.0,-0.00047683766970031184
1773806314.1087668,True,0.8520721,1773806314.0852642,474.15555,291.21436,52.83886,23.633165,0.049690813,474.85501846000636,291.8236163873667,1253.1170864056362,0.04826668466158561,0.9988253563696574,0.048285885848739885,262.85501846000636,171.8236163873667,-1.278443280371189,-0.04828588584874005,-0.03,-0.03,0.03,0.0,0.0,-0.00048285885848740054
1773806314.118314,True,0.8520721,1773806314.0852642,474.15555,291.21436,52.83886,23.633165,0.049690813,474.71512438714575,291.7017642036434,1251.8068139995703,0.04868778909799677,0.9988074491310199,0.04870736659309475,262.71512438714575,171.7017642036434,-1.279489437921409,-0.048707366593094825,-0.03,-0.03,0.03,0.0,0.0,-0.0004870736659309483
1773806314.1286986,True,0.8987859,1773806314.1225338,471.72852,290.05948,51.470146,23.020071,0.036885384,474.1178026347166,291.3733071148679,1231.7187004637617,0.04514455869381643,0.9989611577906146,0.04516077872859844,262.1178026347166,171.37330711486788,-1.2956668852812967,-0.04516077872859858,-0.03,-0.03,0.03,0.0,0.0,-0.00045160778728598584
1773806314.138322,True,0.8987859,1773806314.1225338,471.72852,290.05948,51.470146,23.020071,0.036885384,473.6399452327733,291.11054144384747,1217.6570209886956,0.04266429741089019,0.9990687538523308,0.042678134866666315,261.6399452327733,171.11054144384747,-1.3071488591063343,-0.04267813486666627,-0.03,-0.03,0.03,0.0,0.0,-0.00042678134866666275
1773806314.1485548,True,0.8987859,1773806314.1225338,471.72852,290.05948,51.470146,23.020071,0.036885384,473.2576593112187,290.9003289070311,1207.8138453561494,0.04092811451284182,0.9991440710955324,0.04094028729779133,261.2576593112187,170.9003289070311,-1.3152654106648773,-0.04094028729779131,-0.03,-0.03,0.03,0.0,0.0,-0.0004094028729779131
1773806314.158771,True,0.8754822,1773806314.155997,468.91583,289.4544,48.771797,22.129822,0.036581006,472.38929395288125,290.6111444732812,1169.2630389172732,0.0396215345128574,0.9992001466507004,0.0396324875534042,260.38929395288125,170.61114447328117,-1.3477037276924437,-0.03963248755340398,-0.03,-0.03,0.03,0.0,0.0,-0.00039632487553403984
1773806314.1686387,True,0.8754822,1773806314.155997,468.91583,289.4544,48.771797,22.129822,0.036581006,471.69460166621127,290.3797969262812,1142.27747441006,0.03870692851286831,0.9992393995393181,0.038717034099198244,259.69460166621127,170.3797969262812,-1.3710533427173974,-0.038717034099198244,-0.03,-0.03,0.03,0.0,0.0,-0.0003871703409919825
1773806314.1786911,True,0.8754822,1773806314.155997,468.91583,289.4544,48.771797,22.129822,0.036581006,471.1388478368753,290.1947188886812,1123.3875792550107,0.03806670431287595,0.9992668765613504,0.038076220753079947,259.1388478368753,170.19471888868122,-1.3877286521080527,-0.03807622075308004,-0.03,-0.03,0.03,0.0,0.0,-0.00038076220753080036
1773806314.1888225,True,0.8754822,1773806314.155997,468.91583,289.4544,48.771797,22.129822,0.036581006,470.6942447734065,290.04665645860126,1110.1646526464763,0.03761854737288129,0.999286110476773,0.037627653732536445,258.6942447734065,170.04665645860126,-1.3995690567351398,-0.037627653732536626,-0.03,-0.03,0.03,0.0,0.0,-0.00037627653732536626
1773806314.198616,True,0.8843097,1773806314.189829,465.88324,288.60028,48.568222,21.972725,0.03778551,469.732043767944,289.7573813192248,1097.2681010908145,0.03766593938921463,0.9992861410817332,0.03767501125268136,257.732043767944,169.7573813192248,-1.4112538505470864,-0.03767501125268158,-0.03,-0.03,0.03,0.0,0.0,-0.0003767501125268158
1773806314.208123,True,0.8843097,1773806314.189829,465.88324,288.60028,48.568222,21.972725,0.03778551,468.96228296357395,289.52596120772364,1088.2405150018515,0.03769911380064797,0.9992861625052054,0.03770816141447305,256.96228296357395,169.52596120772364,-1.4195152111904503,-0.037708161414473196,-0.03,-0.03,0.03,0.0,0.0,-0.00037708161414473195
1773806314.2186713,True,0.8843097,1773806314.189829,465.88324,288.60028,48.568222,21.972725,0.03778551,468.34647432007796,289.3408251185227,1081.9212047395772,0.03772233588865131,0.999286177501636,0.037731366477550446,256.34647432007796,169.34082511852267,-1.4253390427194925,-0.03773136647755049,-0.03,-0.03,0.03,0.0,0.0,-0.0003773136647755049
1773806314.228446,True,0.8472582,1773806314.2203684,463.0836,288.54868,48.94819,22.434006,0.034910984,467.29389698535925,289.18239520224,1086.776044489579,0.03687680311795793,0.9993175262939926,0.03688525091738087,255.29389698535925,169.18239520224,-1.4208618406928226,-0.03688525091738093,-0.03,-0.03,0.03,0.0,0.0,-0.0003688525091738093
1773806314.2385724,True,0.8472582,1773806314.2203684,463.0836,288.54868,48.94819,22.434006,0.034910984,466.45183511758427,289.0556512692139,1090.1744323145801,0.03628493017847256,0.9993394704486422,0.03629297010104137,254.45183511758427,169.0556512692139,-1.4177396836921958,-0.036292970101041266,-0.03,-0.03,0.03,0.0,0.0,-0.00036292970101041265
1773806314.2485237,True,0.8472582,1773806314.2203684,463.0836,288.54868,48.94819,22.434006,0.034910984,465.7781856233643,288.954256122793,1092.5533037920811,0.0358706191208328,0.999354831356897,0.035878373824578036,253.77818562336432,168.95425612279303,-1.415559959322524,-0.035878373824577814,-0.03,-0.03,0.03,0.0,0.0,-0.00035878373824577815
1773806314.2589078,True,0.8903309,1773806314.2530513,460.68973,287.1511,47.295692,22.022118,0.033758625,464.76049405533206,288.5936234040938,1077.2526935138317,0.03523509746856321,0.9993774514658745,0.035242448710366796,252.76049405533206,168.59362340409382,-1.4296633989046412,-0.03524244871036686,-0.03,-0.03,0.03,0.0,0.0,-0.0003524244871036686
1773806314.2682176,True,0.8903309,1773806314.2530513,460.68973,287.1511,47.295692,22.022118,0.033758625,463.94634080090634,288.30511722913445,1066.542266319057,0.03479023231197449,0.9993932855421589,0.03479730126127634,251.94634080090634,168.30511722913445,-1.439655507765849,0.0,-0.03,-0.03,0.03,0.0,0.0,0.0
1773806314.2787933,True,0.8903309,1773806314.2530513,460.68973,287.1511,47.295692,22.022118,0.033758625,463.2950181973657,288.0743122891669,1059.0449672827149,0.03447882670236239,0.9994043693955579,0.03448569822050013,251.29501819736572,168.07431228916693,-1.446709869035153,0.0,-0.03,-0.03,0.03,0.0,0.0,0.0
1773806314.2883272,True,0.8903309,1773806314.2530513,460.68973,287.1511,47.295692,22.022118,0.033758625,462.7739601145332,287.8896683371929,1053.7968579572753,0.03426084277563392,0.9994121280929372,0.03426757621456152,250.77396011453322,167.88966833719292,-1.451677699618649,0.0,-0.03,-0.03,0.03,0.0,0.0,0.0
1773806314.2982366,True,0.8800595,1773806314.290347,458.27753,285.7795,43.460777,20.97103,0.036748502,461.87467346272035,287.4676367693637,1011.0829714685301,0.03500465947631881,0.999385944596217,0.0350118542724006,249.87467346272035,167.4676367693637,-1.4930553913927018,-0.03501185427240072,-0.03,-0.03,0.03,0.0,0.0,-0.00035011854272400724
1773806314.3083317,True,0.8800595,1773806314.290347,458.27753,285.7795,43.460777,20.97103,0.036748502,461.15524414127003,287.13001151510036,981.1832509264085,0.035525331166798235,0.9993676161485128,0.03553284907741707,249.15524414127003,167.13001151510036,-1.523073433509163,-0.03553284907741716,-0.03,-0.03,0.03,0.0,0.0,-0.0003553284907741716
1773806314.318462,True,0.8800595,1773806314.290347,458.27753,285.7795,43.460777,20.97103,0.036748502,460.5797006841098,286.8599113116897,960.2534465469234,0.03588980135013383,0.9993547862351198,0.03589754534605001,248.5797006841098,166.8599113116897,-1.5446354193204852,-0.03589754534604994,-0.03,-0.03,0.03,0.0,0.0,-0.00035897545346049944
1773806314.3285801,True,0.89580446,1773806314.3234673,457.19565,285.45184,45.943035,20.68726,0.03167646,459.90289018595973,286.57829770169553,957.3080583347995,0.03462420983704484,0.9993978532309941,0.034631219955511564,247.90289018595973,166.57829770169553,-1.5477074360677947,0.0,-0.03,-0.03,0.03,0.0,0.0,0.0
1773806314.3386166,True,0.89580446,1773806314.3234673,457.19565,285.45184,45.943035,20.68726,0.03167646,459.3614417874397,286.3530068137002,955.2462865863127,0.03373829577788255,0.9994280001281062,0.03374479076651951,247.36144178743967,166.35300681370018,-1.549863476812616,0.0,-0.03,-0.03,0.03,0.0,0.0,0.0
1773806314.3482342,True,0.89580446,1773806314.3234673,457.19565,285.45184,45.943035,20.68726,0.03167646,458.92828306862367,286.17277410330394,953.803046362372,0.03311815593646895,0.9994491029560846,0.033124290504950644,246.92828306862367,166.17277410330394,-1.5513754759778402,0.0,-0.03,-0.03,0.03,0.0,0.0,0.0
1773806314.358198,True,0.2685337,1773806314.3542593,637.0301,182.52213,12.3144655,18.285273,0.27928358,494.5486445213052,265.4426443314713,735.214138984422,0.10588282757753563,0.9879903253195015,0.10676241172621873,282.5486445213052,145.44264433147129,-1.811670873421413,-0.1067624117262187,-0.03,-0.03,0.03,0.0,0.0,-0.001067624117262187
1773806314.3679764,True,0.2685337,1773806314.3542593,637.0301,182.52213,12.3144655,18.285273,0.27928358,523.0449336834504,248.85854051400517,582.2019038198571,0.1568180977262823,0.9799691809738933,0.1586781750161827,311.0449336834504,128.85854051400517,-2.0450153744078223,-0.15867817501618253,-0.03,-0.03,0.03,0.0,0.0,-0.0015867817501618255
1773806314.3785417,True,0.2685337,1773806314.3542593,637.0301,182.52213,12.3144655,18.285273,0.27928358,545.8419650131666,235.59125746003227,475.0933392046617,0.19247278683040497,0.9743543799319676,0.19502789712488114,333.8419650131666,115.59125746003227,-2.2483213874393098,-0.1950278971248811,-0.03,-0.03,0.03,0.0,0.0,-0.0019502789712488111
1773806314.3886223,True,0.2530097,1773806314.3876178,637.0026,182.72281,12.402468,18.679996,0.29212177,564.074096912877,225.01756773560396,402.06875388613423,0.22112637611265434,0.9693385643713321,0.22428295769868742,352.07409691287705,105.01756773560396,-2.415209572195781,-0.22428295769868756,-0.03,-0.03,0.03,0.0,0.0,-0.002242829576986876
1773806314.3987973,True,0.2530097,1773806314.3876178,637.0026,182.72281,12.402468,18.679996,0.29212177,578.6598024326454,216.55861595606132,350.951544163165,0.24118388861022894,0.9658274934788873,0.24471262812991107,366.6598024326454,96.55861595606132,-2.55118451263963,-0.24471262812991101,-0.03,-0.03,0.03,0.0,0.0,-0.0024471262812991103
1773806314.4083405,True,0.2530097,1773806314.3876178,637.0026,182.72281,12.402468,18.679996,0.29212177,590.3283668484601,209.7914545324272,315.1694973570866,0.2552241473585311,0.963369743854176,0.25897896571113477,378.32836684846006,89.7914545324272,-2.6587220948017007,-0.258978965711135,-0.03,-0.03,0.03,0.0,0.0,-0.00258978965711135
1773806314.4183476,True,0.2530097,1773806314.3876178,637.0026,182.72281,12.402468,18.679996,0.29212177,599.6632183811118,204.3777253935199,290.1220645928317,0.26505232848234267,0.961649319116878,0.26894498640543496,387.66321838111185,84.37772539351991,-2.741530928947587,-0.26894498640543496,-0.03,-0.03,0.03,0.0,0.0,-0.0026894498640543498
1773806314.4284046,True,0.25070778,1773806314.4198573,637.0824,182.49716,12.414035,18.99389,0.29313385,607.147054197077,200.00161268786283,273.8226903932048,0.27222277391193506,0.9603574350015747,0.276214129908685,395.14705419707695,80.00161268786283,-2.7993518941931206,-0.2762141299086851,-0.03,-0.03,0.03,0.0,0.0,-0.0027621412990868513
1773806314.4384186,True,0.25070778,1773806314.4198573,637.0824,182.49716,12.414035,18.99389,0.29313385,613.1341228498491,196.50072252333717,262.413128453466,0.2772420857126497,0.9594531161208624,0.28129640408156353,401.13412284984906,76.50072252333717,-2.841912587724094,-0.28129640408156353,-0.03,-0.03,0.03,0.0,0.0,-0.0028129640408156354
1773806314.448597,True,0.25070778,1773806314.4198573,637.0824,182.49716,12.414035,18.99389,0.29313385,617.9237777720667,193.70001039171663,254.42643509564886,0.28075560397314997,0.9588200929043638,0.28485083601147637,405.9237777720667,73.70001039171663,-2.872820938151374,-0.28485083601147654,-0.03,-0.03,0.03,0.0,0.0,-0.0028485083601147653
1773806314.45868,True,0.915803,1773806314.453672,453.75665,287.74307,46.22576,20.49799,0.039101157,585.0903527840596,212.50862281532645,462.3590514419542,0.20825628112196554,0.970944759175006,0.21128700736995867,373.09035278405963,92.50862281532645,-2.275490918891776,-0.21128700736995887,-0.03,-0.03,0.03,0.0,0.0,-0.0021128700736995887
1773806314.4685245,True,0.915803,1773806314.453672,453.75665,287.74307,46.22576,20.49799,0.039101157,558.823612793654,227.5555127542143,607.911882884368,0.15750675512613643,0.9794320255644556,0.15944921458868247,346.823612793654,107.5555127542143,-2.001802733762034,-0.15944921458868233,-0.03,-0.03,0.03,0.0,0.0,-0.0015944921458868233
1773806314.478259,True,0.915803,1773806314.453672,453.75665,287.74307,46.22576,20.49799,0.039101157,537.8102208013295,239.59302470532458,709.7988648940575,0.12198208692905609,0.9853731120370703,0.12316618113360797,325.8102208013295,119.59302470532458,-1.8468510347385343,-0.123166181133608,-0.03,-0.03,0.03,0.0,0.0,-0.00123166181133608
1773806314.4883974,True,0.91729885,1773806314.4868774,451.95233,288.88663,46.740166,20.742607,0.03941874,520.6386429496573,249.45174520371282,787.7130689512309,0.09721002007430235,0.9895281330647083,0.09792455144181285,308.6386429496573,129.45174520371282,-1.7426987779067982,-0.097924551441813,-0.03,-0.03,0.03,0.0,0.0,-0.00097924551441813
1773806314.4986255,True,0.91729885,1773806314.4868774,451.95233,288.88663,46.740166,20.742607,0.03941874,506.90138066831963,257.3387216024234,842.2530117912522,0.07986957327597473,0.9924366477840549,0.08030518491209687,294.90138066831963,137.3387216024234,-1.675752217590636,-0.08030518491209682,-0.03,-0.03,0.03,0.0,0.0,-0.0008030518491209681
1773806314.5086014,True,0.91729885,1773806314.4868774,451.95233,288.88663,46.740166,20.742607,0.03941874,495.9115708432495,263.6483027213919,880.4309717792671,0.0677312605171454,0.9944726080875975,0.06800270115272279,283.9115708432495,143.64830272139187,-1.6314211475117173,-0.06800270115272289,-0.03,-0.03,0.03,0.0,0.0,-0.0006800270115272289
1773806314.51863,True,0.91729885,1773806314.4868774,451.95233,288.88663,46.740166,20.742607,0.03941874,487.11972298319336,268.69596761656663,907.1555437708776,0.05923444158596487,0.9958977803000774,0.05940844505519522,275.11972298319336,148.69596761656663,-1.6015187477655448,-0.05940844505519527,-0.03,-0.03,0.03,0.0,0.0,-0.0005940844505519527
1773806314.5281975,True,0.25002566,1773806314.5226927,636.9148,182.04091,12.810324,20.259964,0.26334426,517.0787373709297,251.36495585594864,712.8698852782861,0.11955739883517472,0.9867858957947788,0.12057072345191966,305.07873737092973,131.36495585594864,-1.8425337610880381,-0.12057072345191955,-0.03,-0.03,0.03,0.0,0.0,-0.0012057072345191956
1773806314.5383804,True,0.25002566,1773806314.5226927,636.9148,182.04091,12.810324,20.259964,0.26334426,541.0459488811188,237.50014644745423,576.8699243334721,0.16178346890962159,0.9804075766410698,0.1635427232138702,329.04594888111876,117.50014644745423,-2.0542158690951964,-0.1635427232138702,-0.03,-0.03,0.03,0.0,0.0,-0.001635427232138702
1773806314.5484107,True,0.25002566,1773806314.5226927,636.9148,182.04091,12.810324,20.259964,0.26334426,560.21971808927,226.4082989206587,481.66995167210234,0.1913417179617344,0.9759427532334735,0.1936026470628913,348.21971808927003,106.4082989206587,-2.2345735438227554,-0.1936026470628911,-0.03,-0.03,0.03,0.0,0.0,-0.001936026470628911
1773806314.558204,True,0.79311734,1773806314.5519276,450.85596,290.73734,43.870735,19.295097,0.025684347,538.3469658776661,239.2741061775426,591.1159998618779,0.14164365963419137,0.9830609798481056,0.1430994679216947,326.3469658776661,119.27410617754259,-2.029820400350114,-0.1430994679216946,-0.03,-0.03,0.03,0.0,0.0,-0.001430994679216946
1773806314.5686796,True,0.79311734,1773806314.5519276,450.85596,290.73734,43.870735,19.295097,0.025684347,520.848764108383,249.56675198304973,667.7282335947207,0.10685501880491127,0.9880437384783481,0.10772936631344746,308.84876410838297,129.56675198304973,-1.9079514209380044,-0.10772936631344754,-0.03,-0.03,0.03,0.0,0.0,-0.0010772936631344755
1773806314.5782254,True,0.79311734,1773806314.5519276,450.85596,290.73734,43.870735,19.295097,0.025684347,506.8502026929564,257.80086862745543,721.3567972077107,0.0825029702244152,0.9915316695195179,0.08301636406207122,294.8502026929564,137.80086862745543,-1.8306987965126946,-0.08301636406207136,-0.03,-0.03,0.03,0.0,0.0,-0.0008301636406207136
1773806314.5883062,True,0.79311734,1773806314.5519276,450.85596,290.73734,43.870735,19.295097,0.025684347,495.6513535606151,264.38816194298,758.8967917368036,0.06545653621806795,0.9939732212483368,0.06575847222911418,283.6513535606151,144.38816194298,-1.7799668868751983,-0.06575847222911424,-0.03,-0.03,0.03,0.0,0.0,-0.0006575847222911424
1773806314.5984983,True,0.8324662,1773806314.5923204,451.13,291.8708,42.48688,19.872746,0.02784179,486.74708382505463,269.88468726922775,784.5270523114656,0.054171033189459095,0.9956649875970363,0.05435329941957343,274.74708382505463,149.88468726922775,-1.7467516206725806,-0.05435329941957345,-0.03,-0.03,0.03,0.0,0.0,-0.0005435329941957345
1773806314.6085896,True,0.8324662,1773806314.5923204,451.13,291.8708,42.48688,19.872746,0.02784179,479.6236680366062,274.28190753022596,802.468234713729,0.0462711810694329,0.9968492240411257,0.046384138368728914,267.6236680366062,154.28190753022596,-1.7241404044489055,-0.04638413836872912,-0.03,-0.03,0.03,0.0,0.0,-0.00046384138368729124
1773806314.6187544,True,0.8324662,1773806314.5923204,451.13,291.8708,42.48688,19.872746,0.02784179,473.92493540584746,277.79968373902454,815.0270623953134,0.04074128458541457,0.9976781895519884,0.04081342170198843,261.92493540584746,157.79968373902454,-1.7086113576758128,-0.04081342170198843,-0.03,-0.03,0.03,0.0,0.0,-0.0004081342170198843
1773806314.6283236,True,0.7854198,1773806314.6192875,450.79117,291.94925,44.34435,19.404413,0.03072231,469.29818196725614,280.62959684473526,828.6617659423443,0.037734142629592175,0.9982331647651209,0.037782941352527355,257.29818196725614,160.62959684473526,-1.692020606360869,-0.037782941352527466,-0.03,-0.03,0.03,0.0,0.0,-0.00037782941352527467
1773806314.6381326,True,0.7854198,1773806314.6192875,450.79117,291.94925,44.34435,19.404413,0.03072231,465.5967792163831,282.8935273293038,838.206058425266,0.0356291432605165,0.9986216474143137,0.03566319330037223,253.59677921638308,162.89352732930382,-1.6805687123941744,-0.035663193300372154,-0.03,-0.03,0.03,0.0,0.0,-0.00035663193300372153
1773806314.6492682,True,0.7854198,1773806314.6192875,450.79117,291.94925,44.34435,19.404413,0.03072231,462.6356570156846,284.70467171695867,844.8870631633112,0.03415564370216353,0.9988935852687486,0.034180158941799356,250.63565701568461,164.70467171695867,-1.6726297103947738,0.0,-0.03,-0.03,0.03,0.0,0.0,0.0
1773806314.6585133,True,0.7854198,1773806314.6192875,450.79117,291.94925,44.34435,19.404413,0.03072231,460.26675925512586,286.1535872270826,849.5637664799427,0.033124194011316443,0.9990839417668531,0.0331424254183789,248.26675925512586,166.1535872270826,-1.667109673920358,0.0,-0.03,-0.03,0.03,0.0,0.0,0.0
1773806314.6682749,True,0.3056368,1773806314.6585133,637.06885,182.70692,12.79435,19.428432,0.31485847,495.62717693535075,265.4642546693614,669.2668838504129,0.11609150535133263,0.9846108248874309,0.11736412443101057,283.62717693535075,145.46425466936142,-1.905649765659117,-0.11736412443101063,-0.03,-0.03,0.03,0.0,0.0,-0.0011736412443101062
1773806314.6783044,True,0.3056368,1773806314.6585133,637.06885,182.70692,12.79435,19.428432,0.31485847,523.9155110795307,248.91278862318444,543.0590660097421,0.17416862328934396,0.9744796430718353,0.17686240042193563,311.9155110795307,128.91278862318444,-2.114614584558439,-0.17686240042193546,-0.03,-0.03,0.03,0.0,0.0,-0.0017686240042193546
1773806314.6883852,True,0.3056368,1773806314.6585133,637.06885,182.70692,12.79435,19.428432,0.31485847,546.5461783948746,235.67161578624285,454.71359352127257,0.21482260584595186,0.9673878158009185,0.21851875338064355,334.5461783948746,115.67161578624285,-2.2921649197920084,-0.21851875338064364,-0.03,-0.03,0.03,0.0,0.0,-0.0021851875338064364
1773806314.698788,True,0.3241209,1773806314.6909525,637.05896,182.85165,12.5482435,19.046013,0.29960656,564.6487347080872,225.10762343954116,389.9977164536603,0.23891911943126903,0.9638072763092064,0.24299270965165348,352.6487347080872,105.10762343954116,-2.445691791898886,-0.24299270965165354,-0.03,-0.03,0.03,0.0,0.0,-0.0024299270965165353
1773806314.7088258,True,0.3241209,1773806314.6909525,637.05896,182.85165,12.5482435,19.046013,0.29960656,579.1307797586574,216.65642956217982,344.6966025063317,0.25578667894099105,0.9613008986650079,0.2600582232161955,367.13077975865735,96.65642956217982,-2.569168058662664,-0.26005822321619565,-0.03,-0.03,0.03,0.0,0.0,-0.0026005822321619565
1773806314.718488,True,0.3241209,1773806314.6909525,637.05896,182.85165,12.5482435,19.046013,0.29960656,590.7164157991134,209.89547446029076,312.9858227432017,0.26759397059779644,0.9595464343140689,0.27196563005950797,378.7164157991134,89.89547446029076,-2.6656747809942503,-0.2719656300595079,-0.03,-0.03,0.03,0.0,0.0,-0.002719656300595079
1773806314.7284858,True,0.3276679,1773806314.7225022,636.9664,182.83763,12.7852335,19.223494,0.29061484,599.966406565072,204.48390581334982,292.82313256086616,0.273278181691581,0.9591028675911054,0.2775753804645315,387.966406565072,84.48390581334982,-2.7322638921441906,-0.27757538046453156,-0.03,-0.03,0.03,0.0,0.0,-0.002775753804645316
1773806314.7385151,True,0.3276679,1773806314.7225022,636.9664,182.83763,12.7852335,19.223494,0.29061484,607.3663991778388,200.15465089579706,278.7092494332313,0.27725712945723024,0.958792370885031,0.2814946618958961,395.36639917783884,80.15465089579706,-2.7816635540449948,-0.2814946618958962,-0.03,-0.03,0.03,0.0,0.0,-0.0028149466189589622
1773806314.7483222,True,0.3276679,1773806314.7225022,636.9664,182.83763,12.7852335,19.223494,0.29061484,613.2863932680524,196.69124696175484,268.8295312438869,0.28004239289318467,0.9585750231907789,0.2842343969415522,401.2863932680524,76.69124696175484,-2.817755209885435,-0.28423439694155217,-0.03,-0.03,0.03,0.0,0.0,-0.0028423439694155216
1773806314.758395,True,0.31278372,1773806314.7543488,636.9582,183.12407,12.839997,18.946115,0.30385253,618.0207527980357,193.97781141217735,261.1610917925958,0.2857892146454349,0.957259786965956,0.2901253225550772,406.0207527980357,73.97781141217735,-2.8466952488981128,-0.29012532255507706,-0.03,-0.03,0.03,0.0,0.0,-0.0029012532255507707
1773806314.768815,True,0.31278372,1773806314.7543488,636.9582,183.12407,12.839997,18.946115,0.30385253,621.8082404220223,191.80706297251533,255.79318417669208,0.28981198987201007,0.9563391216085799,0.2942463028144447,409.8082404220223,71.80706297251533,-2.867463432094958,-0.29424630281444486,-0.03,-0.03,0.03,0.0,0.0,-0.0029424630281444488
1773806314.7786462,True,0.31278372,1773806314.7543488,636.9582,183.12407,12.839997,18.946115,0.30385253,624.8382305212116,190.0704642207857,252.03564884555942,0.2926279325306127,0.9556946558584167,0.29712959611687234,412.8382305212116,70.07046422078571,-2.882262134579175,-0.2971295961168723,-0.03,-0.03,0.03,0.0,0.0,-0.002971295961168723
1773806314.7885363,True,0.31278372,1773806314.7543488,636.9582,183.12407,12.839997,18.946115,0.30385253,627.2622226005631,188.681185219402,249.40537411376658,0.2945990923916345,0.9552435298333024,0.29914718960585407,415.26222260056306,68.68118521940201,-2.8927530945739575,-0.2991471896058542,-0.03,-0.03,0.03,0.0,0.0,-0.002991471896058542
1773806314.7986782,True,0.3018683,1773806314.7925456,636.8344,183.16048,12.611748,18.47894,0.28259376,629.1766604046693,187.57704351243567,244.49927549047644,0.28987360278092555,0.9567710929700644,0.29417996926567386,417.1766604046693,67.57704351243567,-2.91262033007701,-0.2941799692656737,-0.03,-0.03,0.03,0.0,0.0,-0.002941799692656737
1773806314.8087928,True,0.3018683,1773806314.7925456,636.8344,183.16048,12.611748,18.47894,0.28259376,630.7082106479543,186.6937301468626,241.06500645417333,0.28656576005342926,0.9578403871657977,0.29070344294763156,418.7082106479543,66.6937301468626,-2.9267660423156876,-0.2907034429476316,-0.03,-0.03,0.03,0.0,0.0,-0.0029070344294763162
1773806314.8182092,True,0.3018683,1773806314.7925456,636.8344,183.16048,12.611748,18.47894,0.28259376,631.9334508425823,185.98707945440415,238.66101812876116,0.2842502701441819,0.958588893102811,0.2882701852933734,419.93345084258226,65.98707945440415,-2.936788464804208,-0.28827018529337334,-0.03,-0.03,0.03,0.0,0.0,-0.0028827018529337333
1773806314.8283036,True,0.33779997,1773806314.8212283,636.91,183.081,12.733238,19.211151,0.2748683,632.928755302972,185.40586229399207,240.44876157929295,0.28040124680420814,0.9597505100025422,0.2842492211808645,420.92875530297204,65.40586229399207,-2.9293256584772274,-0.2842492211808647,-0.03,-0.03,0.03,0.0,0.0,-0.0028424922118086473
1773806314.8383303,True,0.33779997,1773806314.8212283,636.91,183.081,12.733238,19.211151,0.2748683,633.7249988712839,184.94088856566242,241.7001819946652,0.2777069304662265,0.960563641832354,0.28143470890762845,421.7249988712839,64.94088856566242,-2.924134635071743,-0.28143470890762856,-0.03,-0.03,0.03,0.0,0.0,-0.002814347089076286
1773806314.8488414,True,0.33779997,1773806314.8212283,636.91,183.081,12.733238,19.211151,0.2748683,634.3619937259334,184.56890958299869,242.5761762854258,0.2758209090296394,0.9611328341132223,0.2794646576539426,422.3619937259334,64.56890958299869,-2.9205168856969963,-0.2794646576539428,-0.03,-0.03,0.03,0.0,0.0,-0.002794646576539428
1773806314.8584006,True,0.2925181,1773806314.8558955,636.95575,183.28583,12.674915,18.460367,0.29853323,634.8807448830905,184.3122931937427,239.99840244032538,0.28131022572375547,0.9595236602337465,0.2851854259470076,422.88074488309053,64.3122931937427,-2.931200408937219,-0.2851854259470077,-0.03,-0.03,0.03,0.0,0.0,-0.002851854259470077
1773806314.86853,True,0.2925181,1773806314.8558955,636.95575,183.28583,12.674915,18.460367,0.29853323,635.2957458088162,184.10700008233792,238.1939607487551,0.2851527474096367,0.9583972385181134,0.28918998493908704,423.29574580881615,64.10700008233792,-2.9387473728582227,-0.2891899849390871,-0.03,-0.03,0.03,0.0,0.0,-0.002891899849390871
1773806314.8785896,True,0.2925181,1773806314.8558955,636.95575,183.28583,12.674915,18.460367,0.29853323,635.6277465493966,183.9427655932141,236.93085156465588,0.2878425125897536,0.9576087433171703,0.2919931069208838,423.62774654939665,63.94276559321409,-2.944064342745104,-0.29199310692088387,-0.03,-0.03,0.03,0.0,0.0,-0.002919931069208839
1773806314.8883548,True,0.2925181,1773806314.8558955,636.95575,183.28583,12.674915,18.460367,0.29853323,635.8933471418611,183.81137800191502,236.04667513578647,0.2897253482158354,0.95705679667651,0.2939552310131363,423.8933471418611,63.81137800191502,-2.9478031142888006,-0.29395523101313614,-0.03,-0.03,0.03,0.0,0.0,-0.0029395523101313614
1773806314.8987334,True,0.8848486,1773806314.8883548,450.37372,297.32852,45.386505,21.295311,0.042549334,598.7894213658327,206.51480674723516,455.18858690169117,0.21556869277633928,0.9696682317629814,0.21875430932983495,386.7894213658327,86.51480674723516,-2.2911208659721902,-0.21875430932983475,-0.03,-0.03,0.03,0.0,0.0,-0.0021875430932983475
1773806314.9084888,True,0.8848486,1773806314.8883548,450.37372,297.32852,45.386505,21.295311,0.042549334,569.1062807450099,224.67754974349126,608.5879251378244,0.163659033968692,0.9784962363235115,0.1657216973699664,357.10628074500994,104.67754974349126,-2.0006912788837137,-0.16572169736996623,-0.03,-0.03,0.03,0.0,0.0,-0.0016572169736996623
1773806314.918515,True,0.8848486,1773806314.8883548,450.37372,297.32852,45.386505,21.295311,0.042549334,545.3597682483518,239.20774414049615,715.9674619031177,0.1273222728033389,0.9846758395158826,0.1285902585076217,333.35976824835177,119.20774414049615,-1.8381979540997764,-0.1285902585076215,-0.03,-0.03,0.03,0.0,0.0,-0.0012859025850762151
1773806314.9287105,True,0.32486278,1773806314.9225264,636.95386,183.1062,12.565912,19.224272,0.2888362,563.6785860830564,227.98743554677193,573.6483765914597,0.17457664236081663,0.9768458920340181,0.17684761907542415,351.6785860830564,107.98743554677193,-2.059816051480726,-0.17684761907542423,-0.03,-0.03,0.03,0.0,0.0,-0.0017684761907542424
1773806314.9386213,True,0.32486278,1773806314.9225264,636.95386,183.1062,12.565912,19.224272,0.2888362,578.3336403508201,219.01118867179255,474.02501687329914,0.20765470105105105,0.971364928796713,0.2106061348322302,366.33364035082013,99.01118867179255,-2.250572577242344,-0.21060613483223012,-0.03,-0.03,0.03,0.0,0.0,-0.0021060613483223013
1773806314.9481804,True,0.32486278,1773806314.9225264,636.95386,183.1062,12.565912,19.224272,0.2888362,590.0576837650311,211.83019117180905,404.2886650705867,0.2308093421342151,0.9675282545305994,0.23417885758995974,378.05768376503113,91.83019117180905,-2.4097035354419085,-0.23417885758995993,-0.03,-0.03,0.03,0.0,0.0,-0.0023417885758995993
1773806314.9583023,True,0.30557084,1773806314.9536955,636.9998,183.32764,12.627348,18.692505,0.3059844,599.4461103909312,206.12968028119724,353.81309307626617,0.2519361406359206,0.9633350420351772,0.2557959102482701,387.44611039093115,86.12968028119724,-2.5430638877184117,-0.2557959102482701,-0.03,-0.03,0.03,0.0,0.0,-0.002557959102482701
1773806314.9682808,True,0.30557084,1773806314.9536955,636.9998,183.32764,12.627348,18.692505,0.3059844,606.9568516916512,201.5692715687078,318.48019268024177,0.2667248995871145,0.9603997932883817,0.27089579061960356,394.9568516916512,81.56927156870779,-2.648272392067029,-0.27089579061960345,-0.03,-0.03,0.03,0.0,0.0,-0.0027089579061960346
1773806314.978317,True,0.30557084,1773806314.9536955,636.9998,183.32764,12.627348,18.692505,0.3059844,612.9654447322273,197.92094459871623,293.74716240302473,0.2770770308529502,0.9583451191656247,0.2814457770570036,400.9654447322273,77.92094459871623,-2.7291132702512964,-0.28144577705700335,-0.03,-0.03,0.03,0.0,0.0,-0.002814457770570034
1773806314.9883735,True,0.28449583,1773806314.9853234,636.97034,183.52527,12.327196,18.191519,0.30454567,617.7664231685943,195.0418093899105,272.8981418559454,0.28391185669474656,0.9570365692437139,0.28838725605144244,405.7664231685943,75.0418093899105,-2.8027340569498733,-0.28838725605144244,-0.03,-0.03,0.03,0.0,0.0,-0.0028838725605144244
1773806314.9984126,True,0.28449583,1773806314.9853234,636.97034,183.52527,12.327196,18.191519,0.30454567,621.607205917688,192.73850122286592,258.3038274729899,0.288696234784004,0.9561205842983764,0.29324062969332154,409.607205917688,72.73850122286592,-2.857696157829932,-0.29324062969332143,-0.03,-0.03,0.03,0.0,0.0,-0.0029324062969332144
1773806315.00847,True,0.28449583,1773806314.9853234,636.97034,183.52527,12.327196,18.191519,0.30454567,624.679832116963,190.89585468923025,248.08780740492102,0.2920452994464842,0.9554793948366402,0.2966350794392322,412.679832116963,70.89585468923025,-2.898049930142012,-0.2966350794392323,-0.03,-0.03,0.03,0.0,0.0,-0.0029663507943923227
1773806315.0186353,True,0.28449583,1773806314.9853234,636.97034,183.52527,12.327196,18.191519,0.30454567,627.1379330763829,189.42173746232172,240.93659335727284,0.2943896447102204,0.955030562213425,0.2990097205442791,415.13793307638286,69.42173746232172,-2.927298874986736,-0.2990097205442792,-0.03,-0.03,0.03,0.0,0.0,-0.0029900972054427923
1773806315.0281968,True,0.347413,1773806315.0246437,637.03656,183.29204,12.504595,18.517841,0.29246557,629.117658472825,188.19579756263082,238.12304699071598,0.2925669418765625,0.9557821722784349,0.29704561807734203,417.11765847282504,68.19579756263082,-2.9390451315248702,-0.297045618077342,-0.03,-0.03,0.03,0.0,0.0,-0.00297045618077342
1773806315.038713,True,0.347413,1773806315.0246437,637.03656,183.29204,12.504595,18.517841,0.29246557,630.7014387899789,187.2150456428781,236.15356453412616,0.291291049893002,0.9563082993239418,0.2956711784367227,418.70143878997885,67.2150456428781,-2.9473503851659175,-0.29567117843672275,-0.03,-0.03,0.03,0.0,0.0,-0.0029567117843672277
1773806315.0482352,True,0.347413,1773806315.0246437,637.03656,183.29204,12.504595,18.517841,0.29246557,631.9684630437018,186.4304441070759,234.7749268145133,0.2903979255045096,0.9566765882557966,0.29470928554630244,419.96846304370183,66.43044410707591,-2.9532053787938466,-0.29470928554630227,-0.03,-0.03,0.03,0.0,0.0,-0.0029470928554630226
1773806315.058503,True,0.42825958,1773806315.0529976,637.08905,183.49113,12.2587185,18.544691,0.30252454,632.9925804935552,185.84258221437167,232.54269443666323,0.29265786121865794,0.9560498299647016,0.2970542145531381,420.99258049355524,65.84258221437167,-2.962758835603641,-0.2970542145531381,-0.03,-0.03,0.03,0.0,0.0,-0.002970542145531381
1773806315.0685174,True,0.42825958,1773806315.0529976,637.08905,183.49113,12.2587185,18.544691,0.30252454,633.811874453438,185.37229270020828,230.98013177216814,0.29423981621856177,0.955611099160935,0.2986954928450535,421.811874453438,65.37229270020828,-2.969500978579953,-0.2986954928450536,-0.03,-0.03,0.03,0.0,0.0,-0.002986954928450536
1773806315.0786855,True,0.42825958,1773806315.0529976,637.08905,183.49113,12.2587185,18.544691,0.30252454,634.4673096213442,184.99606108887755,229.88633790702158,0.2953471847184944,0.9553039875982983,0.29984429788809186,422.46730962134416,64.99606108887755,-2.9742476719968347,-0.29984429788809175,-0.03,-0.03,0.03,0.0,0.0,-0.0029984429788809178
1773806315.0884502,True,0.42825958,1773806315.0529976,637.08905,183.49113,12.2587185,18.544691,0.30252454,634.991657755669,184.695075799813,229.12068220141902,0.2961223426684473,0.9550890095044526,0.30064841555818356,422.99165775566905,64.695075799813,-2.9775838145053193,-0.30064841555818367,-0.03,-0.03,0.03,0.0,0.0,-0.0030064841555818367
1773806315.098483,True,0.35485432,1773806315.0924835,637.03467,183.77725,12.533016,18.486229,0.3063547,635.4002597982853,184.51151107930355,229.89093811228236,0.29776116302136235,0.9545940875973147,0.3023603685774838,423.40025979828533,64.51151107930355,-2.9742276614156213,-0.30236036857748383,-0.03,-0.03,0.03,0.0,0.0,-0.0030236036857748385
1773806315.1082249,True,0.35485432,1773806315.0924835,637.03467,183.77725,12.533016,18.486229,0.3063547,635.7271414323783,184.36465930289597,230.43011724988668,0.2989083372684029,0.9542476422623183,0.30355870465256757,423.7271414323783,64.36465930289597,-2.9718850382490167,-0.3035587046525676,-0.03,-0.03,0.03,0.0,0.0,-0.0030355870465256763
1773806315.118459,True,0.35485432,1773806315.0924835,637.03467,183.77725,12.533016,18.486229,0.3063547,635.9886467396527,184.24717788176991,230.8075426462097,0.2997113592413313,0.9540051305278208,0.3043975225613075,423.9886467396527,64.24717788176991,-2.9702484612156113,-0.30439752256130737,-0.03,-0.03,0.03,0.0,0.0,-0.0030439752256130738
1773806315.1284764,True,0.29088092,1773806315.1199298,636.9936,183.51547,12.558323,19.075577,0.26489162,636.189635653441,184.1008367878378,233.43245514531554,0.28833935372344455,0.9573398553018097,0.2925464201603846,424.189635653441,64.1008367878378,-2.958939911822751,-0.29254642016038446,-0.03,-0.03,0.03,0.0,0.0,-0.0029254642016038447
1773806315.1387553,True,0.29088092,1773806315.1199298,636.9936,183.51547,12.558323,19.075577,0.26489162,636.3504267844716,183.98376391269213,235.26989389468963,0.2803789498609238,0.9596741626436018,0.28424922957561366,424.35042678447155,63.983763912692126,-2.9510993359599813,-0.2842492295756136,-0.03,-0.03,0.03,0.0,0.0,-0.002842492295756136
1773806315.1484523,True,0.29088092,1773806315.1199298,636.9936,183.51547,12.558323,19.075577,0.26489162,636.479059689296,183.89010561257558,236.55610101925146,0.2748066671571593,0.9613081777828564,0.2784412096305044,424.47905968929604,63.89010561257558,-2.945647282345067,-0.27844120963050445,-0.03,-0.03,0.03,0.0,0.0,-0.0027844120963050447
1773806315.1595638,True,0.4719136,1773806315.152992,636.98846,183.98528,12.66715,17.919575,0.31429398,636.5809406225306,183.90913954377143,233.68624947324162,0.2851082010230671,0.95822018795807,0.2891977809487055,424.58094062253065,63.90913954377143,-2.9578532743133144,-0.2891977809487054,-0.03,-0.03,0.03,0.0,0.0,-0.002891977809487054
1773806315.1686323,True,0.4719136,1773806315.152992,636.98846,183.98528,12.66715,17.919575,0.31429398,636.6624453691184,183.9243666887281,231.67735339103473,0.2923192747292026,0.9560585950807194,0.29672780973890994,424.66244536911836,63.9243666887281,-2.966486990180199,-0.2967278097389099,-0.03,-0.03,0.03,0.0,0.0,-0.002967278097389099
1773806315.1782727,True,0.4719136,1773806315.152992,636.98846,183.98528,12.66715,17.919575,0.31429398,636.7276491663885,183.93654840469344,230.27112613348993,0.29736702632349743,0.9545454800665741,0.3019985102143937,424.72764916638846,63.93654840469344,-2.9725752518092885,-0.3019985102143936,-0.03,-0.03,0.03,0.0,0.0,-0.0030199851021439363
1773806315.18875,True,0.3135864,1773806315.1877441,636.9598,184.10799,12.207722,17.760801,0.30004707,636.774074899517,183.97083601379381,226.23546547850154,0.296826470572431,0.9547786094447523,0.3014129929757762,424.774074899517,63.970836013793814,-2.9902563362209142,-0.3014129929757763,-0.03,-0.03,0.03,0.0,0.0,-0.003014129929757763
1773806315.1984518,True,0.3135864,1773806315.1877441,636.9598,184.10799,12.207722,17.760801,0.30004707,636.8112154860199,183.99826610107414,223.41050302000966,0.2964480815466845,0.954941800009477,0.30100317418961386,424.81121548601993,63.99826610107414,-3.0028217758148026,-0.301003174189614,-0.03,-0.03,0.03,0.0,0.0,-0.00301003174189614
1773806315.2085829,True,0.3135864,1773806315.1877441,636.9598,184.10799,12.207722,17.760801,0.30004707,636.8409279552222,184.0202101708984,221.43302929906534,0.2961832092286619,0.9550560334047844,0.30071632232945295,424.84092795522224,64.0202101708984,-3.011712482784725,-0.3007163223294529,-0.03,-0.03,0.03,0.0,0.0,-0.003007163223294529
1773806315.2182798,True,0.3135864,1773806315.1877441,636.9598,184.10799,12.207722,17.760801,0.30004707,636.864697930584,184.0377654267578,220.04879769440433,0.29599779860604614,0.9551359967814995,0.30051553648780804,424.86469793058404,64.0377654267578,-3.017983346299903,-0.3005155364878078,-0.03,-0.03,0.03,0.0,0.0,-0.003005155364878078
1773806315.2288415,True,0.47551847,1773806315.2225413,636.986,184.20207,12.474678,17.344774,0.31176493,636.888962934311,184.0706267701172,218.94529882797755,0.2992201465615456,0.9541333020742744,0.30389045207987925,424.88896293431105,64.0706267701172,-3.023010754182589,-0.3038904520798793,-0.03,-0.03,0.03,0.0,0.0,-0.0030389045207987932
1773806315.2384477,True,0.47551847,1773806315.2225413,636.986,184.20207,12.474678,17.344774,0.31176493,636.9083749372926,184.0969158448047,218.1728496214788,0.30147579013039527,0.9534314157792168,0.30625286749707303,424.9083749372926,64.0969158448047,-3.026545038967171,-0.30625286749707303,-0.03,-0.03,0.03,0.0,0.0,-0.0030625286749707305
1773806315.2484539,True,0.47551847,1773806315.2225413,636.986,184.20207,12.474678,17.344774,0.31176493,636.9239045396779,184.1179471045547,217.6321351769297,0.30305474062859,0.9529400953726764,0.30790652943372193,424.9239045396779,64.1179471045547,-3.0290264916392102,-0.30790652943372177,-0.03,-0.03,0.03,0.0,0.0,-0.0030790652943372175
1773806315.2582092,True,0.47551847,1773806315.2225413,636.986,184.20207,12.474678,17.344774,0.31176493,636.9363282215861,184.1347721123547,217.2536350657453,0.30416000597732634,0.9525961710880981,0.3090640730387175,424.9363282215861,64.13477211235471,-3.0307671795745468,-0.3090640730387175,-0.03,-0.03,0.03,0.0,0.0,-0.003090640730387175
1773806315.26864,True,0.39255786,1773806315.2582092,637.10614,184.1297,12.353904,17.754465,0.308986,636.9702906046126,184.13375763129002,217.87863249768185,0.30413985057998594,0.9526100419257816,0.3090406531901787,424.9702906046126,64.13375763129002,-3.0278944996639474,-0.3090406531901788,-0.03,-0.03,0.03,0.0,0.0,-0.003090406531901788
1773806315.2788055,True,0.39255786,1773806315.2582092,637.10614,184.1297,12.353904,17.754465,0.308986,636.9974605110339,184.1329460464383,218.31613070003743,0.30412574180184765,0.9526197515121599,0.30902425949361834,424.99746051103386,64.13294604643829,-3.0258885225822696,-0.30902425949361856,-0.03,-0.03,0.03,0.0,0.0,-0.003090242594936186
1773806315.2883754,True,0.39255786,1773806315.2582092,637.10614,184.1297,12.353904,17.754465,0.308986,637.0191964361709,184.1322967785569,218.62237944168635,0.3041158656571508,0.9526265482226248,0.3090127840027643,425.0191964361709,64.1322967785569,-3.0244867290360866,-0.3090127840027641,-0.03,-0.03,0.03,0.0,0.0,-0.003090127840027641
1773806315.2982671,True,0.31505623,1773806315.2921758,636.9432,183.72404,12.639273,18.500671,0.30271348,637.003992402843,184.0506463828065,223.18617677861403,0.3023145275779654,0.9531979089011943,0.3071229866578881,425.003992402843,64.05064638280649,-3.003826379164577,-0.30712298665788795,-0.03,-0.03,0.03,0.0,0.0,-0.00307122986657888
1773806315.30832,True,0.31505623,1773806315.2921758,636.9432,183.72404,12.639273,18.500671,0.30271348,636.9918291761807,183.98532606620614,226.38083491446338,0.3010535909225356,0.9535978613761928,0.30580012782382854,424.99182917618066,63.98532606620614,-2.989613984450401,-0.3058001278238285,-0.03,-0.03,0.03,0.0,0.0,-0.0030580012782382847
1773806315.3183868,True,0.31505623,1773806315.2921758,636.9432,183.72404,12.639273,18.500671,0.30271348,636.9820985948508,183.93306981292588,228.61709560955796,0.30017093526373473,0.9538778281086918,0.30487412917342943,424.98209859485075,63.93306981292588,-2.9797841432500576,-0.3048741291734296,-0.03,-0.03,0.03,0.0,0.0,-0.0030487412917342962
1773806315.3282118,True,0.32937276,1773806315.3222165,636.9464,184.35014,12.3579855,17.670383,0.32545945,636.9749611024431,184.01648453686414,225.54307074749136,0.3060428999017397,0.9519656556226671,0.3110496347775892,424.9749611024431,64.01648453686414,-2.993321533956543,-0.3110496347775893,-0.03,-0.03,0.03,0.0,0.0,-0.003110496347775893
1773806315.3384838,True,0.32937276,1773806315.3222165,636.9464,184.35014,12.3579855,17.670383,0.32545945,636.969251108517,184.08321631601478,223.39125334404474,0.31015327514834323,0.9506271348824499,0.31537268760228104,424.969251108517,64.08321631601478,-3.002907942333634,-0.3153726876022809,-0.03,-0.03,0.03,0.0,0.0,-0.003153726876022809
1773806315.3485138,True,0.32937276,1773806315.3222165,636.9464,184.35014,12.3579855,17.670383,0.32545945,636.9646831133762,184.13660173933528,221.88498116163208,0.3130305378209657,0.9496901703642978,0.3183988217831146,424.96468311337617,64.13660173933528,-3.009673531023334,-0.3183988217831146,-0.03,-0.03,0.03,0.0,0.0,-0.0031839882178311464
1773806315.3589673,True,0.33980793,1773806315.3530967,637.053,184.48024,12.152699,17.284195,0.3473153,636.982342193826,184.20532936510105,218.33437328775182,0.3212337719472611,0.9468700893384392,0.32707373520896127,424.98234219382596,64.20532936510105,-3.0258049656526045,-0.3270737352089612,-0.03,-0.03,0.03,0.0,0.0,-0.0032707373520896124
1773806315.3685598,True,0.33980793,1773806315.3530967,637.053,184.48024,12.152699,17.284195,0.3473153,636.9964694581859,184.26031146571367,215.84894777603563,0.3269760358356679,0.9448960326203382,0.33314661467336454,424.99646945818586,64.26031146571367,-3.0372538285613215,-0.33314661467336437,-0.03,-0.03,0.03,0.0,0.0,-0.003331466146733644
1773806315.3786118,True,0.33980793,1773806315.3530967,637.053,184.48024,12.152699,17.284195,0.3473153,637.0077712696736,184.30429714620377,214.1091499178343,0.33099562055755266,0.9435141929176676,0.33739756800897003,425.00777126967364,64.30429714620377,-3.0453467444209643,-0.3373975680089698,-0.03,-0.03,0.03,0.0,0.0,-0.003373975680089698
1773806315.3884487,True,0.33980793,1773806315.3530967,637.053,184.48024,12.152699,17.284195,0.3473153,637.016812718864,184.33948569059584,212.89129141709336,0.333809329862872,0.942546905125798,0.34037310949580774,425.016812718864,64.33948569059584,-3.0510510092653744,-0.34037310949580757,-0.03,-0.03,0.03,0.0,0.0,-0.003403731094958076
1773806315.3984845,True,0.34283876,1773806315.3884487,636.94257,184.33707,12.489709,17.632713,0.3154575,637.001963358685,184.3390018825548,215.09214282253174,0.3267419573664396,0.9449791957472504,0.3328981788833669,425.001963358685,64.33900188255481,-3.040766168173594,-0.3328981788833669,-0.03,-0.03,0.03,0.0,0.0,-0.0033289817888336693
1773806315.4082642,True,0.34283876,1773806315.3884487,636.94257,184.33707,12.489709,17.632713,0.3154575,636.9900838705418,184.338614836122,216.6327388063386,0.32179479661893684,0.9466817991822671,0.3276655821672572,424.99008387054175,64.33861483612199,-3.033629203922943,-0.32766558216725716,-0.03,-0.03,0.03,0.0,0.0,-0.003276655821672572
1773806315.4182856,True,0.34283876,1773806315.3884487,636.94257,184.33707,12.489709,17.632713,0.3154575,636.9805802800272,184.33830519897575,217.71115599500342,0.31833178409568497,0.9478736215867788,0.324002871065637,424.9805802800272,64.33830519897575,-3.028663464021493,-0.3240028710656371,-0.03,-0.03,0.03,0.0,0.0,-0.003240028710656371
1773806315.428412,True,0.28963494,1773806315.4263482,636.9666,184.29286,12.583464,17.786816,0.31545815,636.977786977928,184.32921654687593,219.54373357394377,0.31590786231869505,0.9487078362448707,0.32143928321002213,424.97778697792796,64.32921654687593,-3.020281221294463,-0.32143928321002235,-0.03,-0.03,0.03,0.0,0.0,-0.0032143928321002237
1773806315.4386015,True,0.28963494,1773806315.4263482,636.9666,184.29286,12.583464,17.786816,0.31545815,636.9755523362487,184.32194562519607,220.82653787920202,0.3142111170748021,0.9492917865055349,0.31964484808871796,424.9755523362487,64.32194562519607,-3.0144551789073715,-0.31964484808871774,-0.03,-0.03,0.03,0.0,0.0,-0.0031964484808871775
1773806315.4486735,True,0.28963494,1773806315.4263482,636.9666,184.29286,12.583464,17.786816,0.31545815,636.9737646229053,184.3161288878522,221.72450089288282,0.3130233954040771,0.9497005516879999,0.31838878809713944,424.97376462290526,64.31612888785219,-3.0103970515171103,-0.3183887880971392,-0.03,-0.03,0.03,0.0,0.0,-0.0031838878809713925
1773806315.4582994,True,0.35917205,1773806315.4542909,637.06396,184.28334,12.63805,18.098799,0.32396534,636.9918046670742,184.30957120110207,223.8272067773617,0.31461481267074753,0.9491845646434065,0.32006180139580215,424.99180466707423,64.30957120110207,-3.0009583198994982,-0.3200618013958021,-0.03,-0.03,0.03,0.0,0.0,-0.003200618013958021
1773806315.468498,True,0.35917205,1773806315.4542909,637.06396,184.28334,12.63805,18.098799,0.32396534,637.0062367024094,184.30432505170197,225.29910089649692,0.3157288047574168,0.9488233737121909,0.32123288952732815,425.0062367024094,64.30432505170197,-2.994403819022818,-0.321232889527328,-0.03,-0.03,0.03,0.0,0.0,-0.00321232889527328
1773806315.478527,True,0.35917205,1773806315.4542909,637.06396,184.28334,12.63805,18.098799,0.32396534,637.0177823306776,184.3001281321819,226.32942677989158,0.3165085992180854,0.9485705400603401,0.32205263884952073,425.0177823306776,64.3001281321819,-2.9898410971939926,-0.3220526388495206,-0.03,-0.03,0.03,0.0,0.0,-0.003220526388495206
1773806315.4882727,True,0.28873435,1773806315.4872732,636.9393,184.53043,12.481918,17.029484,0.31103286,637.0020798684484,184.34618771082364,222.1987856966077,0.31336865011323106,0.9496047716383421,0.31874668244058746,425.0020798684484,64.34618771082364,-3.0082602634795705,-0.31874668244058757,-0.03,-0.03,0.03,0.0,0.0,-0.003187466824405876
1773806315.4982016,True,0.28873435,1773806315.4872732,636.9393,184.53043,12.481918,17.029484,0.31103286,636.989517898665,184.38303537373707,219.307336938309,0.31117068573983303,0.9503287337429435,0.3164325013747378,424.989517898665,64.38303537373707,-3.021358564723174,-0.316432501374738,-0.03,-0.03,0.03,0.0,0.0,-0.00316432501374738
1773806315.5083017,True,0.28873435,1773806315.4872732,636.9393,184.53043,12.481918,17.029484,0.31103286,636.9794683228382,184.41251350406782,217.28332280749987,0.3096321106784544,0.9508355072161644,0.31481258433480236,424.9794683228382,64.41251350406782,-3.030630538760628,-0.3148125843348022,-0.03,-0.03,0.03,0.0,0.0,-0.003148125843348022
1773806315.5183995,True,0.28873435,1773806315.4872732,636.9393,184.53043,12.481918,17.029484,0.31103286,636.9714286621769,184.4360960083324,215.8665129159335,0.30855510813548936,0.9511902486474191,0.31367865243812293,424.9714286621769,64.43609600833241,-3.0371724548719037,-0.313678652438123,-0.03,-0.03,0.03,0.0,0.0,-0.0031367865243812298
1773806315.5281858,True,0.37135434,1773806315.52514,637.03375,184.80359,12.142403,17.249672,0.34265858,636.9838934180227,184.50959458010342,213.94229970277453,0.31678626531193893,0.9483925939419231,0.3223723836493336,424.9838934180227,64.50959458010342,-3.046126324649733,-0.32237238364933374,-0.03,-0.03,0.03,0.0,0.0,-0.0032237238364933377
1773806315.5383782,True,0.37135434,1773806315.52514,637.03375,184.80359,12.142403,17.249672,0.34265858,636.9938652226995,184.56839343752023,212.59535045356324,0.3225480753354536,0.9464342356480759,0.3284585471793412,424.99386522269947,64.56839343752023,-3.0524420800165095,-0.3284585471793413,-0.03,-0.03,0.03,0.0,0.0,-0.003284585471793413
1773806315.5484514,True,0.37135434,1773806315.52514,637.03375,184.80359,12.142403,17.249672,0.34265858,637.0018426664408,184.61543252345368,211.65248597911534,0.3265813423519139,0.9450633848423828,0.3327188522326998,425.0018426664408,64.61543252345368,-3.056886963152378,-0.3327188522326998,-0.03,-0.03,0.03,0.0,0.0,-0.003327188522326998
1773806315.558519,True,0.3286359,1773806315.5544772,637.06866,184.41284,12.62944,17.614416,0.32732767,637.0152070433089,184.57491437813795,214.89480628645492,0.32506106037265775,0.9456158438374077,0.331101386226905,425.0152070433089,64.57491437813795,-3.0416840404501375,-0.331101386226905,-0.03,-0.03,0.03,0.0,0.0,-0.00331101386226905
1773806315.5682669,True,0.3286359,1773806315.5544772,637.06866,184.41284,12.62944,17.614416,0.32732767,637.0258985448035,184.54249986188537,217.16443050159262,0.32399686298717845,0.9460025651339251,0.3299692138618419,425.02589854480345,64.54249986188537,-3.031177864914209,-0.32996921386184175,-0.03,-0.03,0.03,0.0,0.0,-0.0032996921386184174
1773806315.578559,True,0.3286359,1773806315.5544772,637.06866,184.41284,12.62944,17.614416,0.32732767,637.034451745999,184.51656824888332,218.75316745218902,0.32325192481734294,0.9462732700414873,0.3291767213867085,425.03445174599904,64.51656824888332,-3.023888670844083,-0.3291767213867085,-0.03,-0.03,0.03,0.0,0.0,-0.003291767213867085
1773806315.5883744,True,0.29819667,1773806315.5883744,636.9706,184.86382,12.440596,17.337706,0.3338029,637.0216776077368,184.5860176606301,217.8346345138956,0.3245678641238175,0.9458322489036766,0.3305646126596297,425.0216776077368,64.58601766063009,-3.028096458095177,-0.33056461265962955,-0.03,-0.03,0.03,0.0,0.0,-0.0033056461265962957
1773806315.5985444,True,0.29819667,1773806315.5883744,636.9706,184.86382,12.440596,17.337706,0.3338029,637.011458297127,184.6415771900275,217.19166145709016,0.3254890216383497,0.945523534107209,0.33153612038578445,425.011458297127,64.6415771900275,-3.031052479517124,-0.3315361203857843,-0.03,-0.03,0.03,0.0,0.0,-0.003315361203857843
1773806315.6085315,True,0.29819667,1773806315.5883744,636.9706,184.86382,12.440596,17.337706,0.3338029,637.0032828486392,184.68602481354546,216.7415803173264,0.32613383189852224,0.9453074337496817,0.3322161667355641,425.0032828486392,64.68602481354546,-3.033126905985694,-0.33221616673556387,-0.03,-0.03,0.03,0.0,0.0,-0.0033221616673556388
1773806315.6185882,True,0.29819667,1773806315.5883744,636.9706,184.86382,12.440596,17.337706,0.3338029,636.9967424898489,184.72158291235982,216.42652351949175,0.326585199080643,0.9451561634994127,0.33269219435152075,424.9967424898489,64.72158291235982,-3.0345815692011993,-0.33269219435152086,-0.03,-0.03,0.03,0.0,0.0,-0.0033269219435152087
1773806315.6282377,True,0.3406516,1773806315.6211014,636.2306,184.12794,10.980288,17.550701,0.2555578,636.8435121559417,184.60285531914568,209.3120903283903,0.30444518047998065,0.951866046847825,0.3095581278313279,424.84351215594165,64.60285531914568,-3.068006282430673,-0.30955812783132775,-0.03,-0.03,0.03,0.0,0.0,-0.0030955812783132774
1773806315.6389184,True,0.3406516,1773806315.6211014,636.2306,184.12794,10.980288,17.550701,0.2555578,636.7209278888158,184.50787324457437,204.33198709461928,0.28894716745951704,0.9565629651917136,0.2933530619120733,424.7209278888158,64.50787324457437,-3.0920866169559647,-0.29335306191207344,-0.03,-0.03,0.03,0.0,0.0,-0.0029335306191207344
1773806315.648658,True,0.3406516,1773806315.6211014,636.2306,184.12794,10.980288,17.550701,0.2555578,636.6228604751152,184.43188758491732,200.84591483097958,0.27809855834519254,0.9598508080324357,0.28200929499419203,424.6228604751152,64.43188758491732,-3.1092946545626092,-0.28200929499419214,-0.03,-0.03,0.03,0.0,0.0,-0.0028200929499419213
1773806315.6582696,True,0.29348138,1773806315.655259,636.8881,185.05339,12.755146,17.432306,0.3389795,636.6759128918109,184.5561881685198,207.29762286459587,0.29442644562142617,0.9548239138239021,0.29910583989335243,424.67591289181087,64.55618816851981,-3.0776771235093143,-0.2991058398933526,-0.03,-0.03,0.03,0.0,0.0,-0.002991058398933526
1773806315.6684294,True,0.29348138,1773806315.655259,636.8881,185.05339,12.755146,17.432306,0.3389795,636.7183548251675,184.6556286354018,211.81381848812725,0.3058559667147897,0.9513050878779286,0.31107386189457287,424.71835482516747,64.6556286354018,-3.056125001621481,-0.311073861894573,-0.03,-0.03,0.03,0.0,0.0,-0.0031107386189457298
1773806315.6784463,True,0.29348138,1773806315.655259,636.8881,185.05339,12.755146,17.432306,0.3389795,636.7523083718527,184.7351810089074,214.97515542459922,0.3138566314801442,0.9488419097157471,0.3194495662213195,424.7523083718527,64.7351810089074,-3.041310210472531,-0.31944956622131926,-0.03,-0.03,0.03,0.0,0.0,-0.0031944956622131926
1773806315.6885881,True,0.39015242,1773806315.6875892,637.03485,184.73228,12.961751,17.569754,0.34808567,636.8088169123259,184.7346017163056,218.80304031577413,0.322029315771192,0.946197559860688,0.3280436590157119,424.80881691232594,64.7346017163056,-3.023660709896823,-0.32804365901571186,-0.03,-0.03,0.03,0.0,0.0,-0.0032804365901571188
1773806315.6982696,True,0.39015242,1773806315.6875892,637.03485,184.73228,12.961751,17.569754,0.34808567,636.8540237447046,184.73413828222417,221.48255973959658,0.32775019477492545,0.9443465149621466,0.3340582711865006,424.8540237447046,64.73413828222417,-3.0114888264404303,-0.33405827118650055,-0.03,-0.03,0.03,0.0,0.0,-0.0033405827118650057
1773806315.7085857,True,0.39015242,1773806315.6875892,637.03485,184.73228,12.961751,17.569754,0.34808567,636.8901892106074,184.73376753495901,223.35822333627226,0.3317548100775389,0.9430507835331676,0.3382676160394919,424.89018921060745,64.73376753495901,-3.0030558104769978,-0.33826761603949196,-0.03,-0.03,0.03,0.0,0.0,-0.00338267616039492
1773806315.7186198,True,0.39015242,1773806315.6875892,637.03485,184.73228,12.961751,17.569754,0.34808567,636.9191215833298,184.7334709371469,224.67118785394524,0.33455804078936824,0.9421437715328824,0.3412136320144838,424.9191215833298,64.7334709371469,-2.9971947297377137,-0.3412136320144836,-0.03,-0.03,0.03,0.0,0.0,-0.0034121363201448365
1773806315.7284145,True,0.36061925,1773806315.7234013,636.2398,184.00014,11.106773,17.616514,0.2663276,636.7832586924451,184.58680421553782,215.96861994991008,0.3131477137161428,0.9489238228045853,0.3187502709519467,424.7832586924451,64.58680421553782,-3.036699556637794,-0.31875027095194675,-0.03,-0.03,0.03,0.0,0.0,-0.0031875027095194675
1773806315.738296,True,0.36061925,1773806315.7234013,636.2398,184.00014,11.106773,17.616514,0.2663276,636.6745683797374,184.46947083825057,209.87682241708546,0.298160484764885,0.9536698586947773,0.303017317706637,424.67456837973737,64.46947083825057,-3.065311877053151,-0.3030173177066371,-0.03,-0.03,0.03,0.0,0.0,-0.003030173177066371
1773806315.7485101,True,0.36061925,1773806315.7234013,636.2398,184.00014,11.106773,17.616514,0.2663276,636.5876161295712,184.37560413642078,205.61256414410826,0.2876694244990045,0.9569920838179117,0.29200486615577986,424.5876161295712,64.37560413642078,-3.0858390343941875,-0.2920048661557799,-0.03,-0.03,0.03,0.0,0.0,-0.002920048661557799
1773806315.7588112,True,0.3180593,1773806315.755245,636.252,184.14835,11.427427,17.592468,0.27876854,636.5204957356882,184.33015249858977,204.23979038427422,0.2839201783807535,0.9583129678500653,0.28803203587562115,424.5204957356882,64.33015249858977,-3.092537929146341,-0.288032035875621,-0.03,-0.03,0.03,0.0,0.0,-0.00288032035875621
1773806315.7686408,True,0.3180593,1773806315.755245,636.252,184.14835,11.427427,17.592468,0.27876854,636.4667994205819,184.29379118832497,203.2788487523904,0.2812957060979778,0.9592375866725726,0.28525199989683736,424.4667994205819,64.29379118832497,-3.0972540001215005,-0.28525199989683747,-0.03,-0.03,0.03,0.0,0.0,-0.0028525199989683746
1773806315.7784674,True,0.3180593,1773806315.755245,636.252,184.14835,11.427427,17.592468,0.27876854,636.4238423684968,184.26470214011312,202.6061896100717,0.27945857550003483,0.9598848198483279,0.2833064643227328,424.4238423684968,64.26470214011312,-3.100568533521693,-0.28330646432273277,-0.03,-0.03,0.03,0.0,0.0,-0.002833064643227328
1773806315.788541,True,0.3180593,1773806315.755245,636.252,184.14835,11.427427,17.592468,0.27876854,636.3894767268288,184.24143090154365,202.13532821044862,0.2781725840814747,0.9603378830713565,0.28194483838968976,424.3894767268288,64.24143090154365,-3.102895261032042,-0.28194483838968987,-0.03,-0.03,0.03,0.0,0.0,-0.0028194483838968987
1773806315.7985735,True,0.3180593,1773806315.755245,636.252,184.14835,11.427427,17.592468,0.27876854,636.3619842134943,184.22281391068805,201.80572523071245,0.2772723900884827,0.9606550273274765,0.2809918253350455,424.36198421349434,64.22281391068805,-3.10452719742513,-0.2809918253350454,-0.03,-0.03,0.03,0.0,0.0,-0.002809918253350454
1773806315.8086,True,0.30978724,1773806315.8040845,636.27423,183.89589,11.6116,18.167406,0.24294515,636.3444335622017,184.15742898499576,204.54980325476043,0.26625937115529424,0.9636486271609281,0.2695775470687428,424.34443356220174,64.15742898499576,-3.0910211932277076,-0.2695775470687427,-0.03,-0.03,0.03,0.0,0.0,-0.002695775470687427
1773806315.8182108,True,0.30978724,1773806315.8040845,636.27423,183.89589,11.6116,18.167406,0.24294515,636.3303930411677,184.10512104444194,206.47065787159403,0.2585502579020623,0.9657441470443442,0.26158672923905074,424.33039304116767,64.10512104444194,-3.0816743660849437,-0.2615867292390508,-0.03,-0.03,0.03,0.0,0.0,-0.002615867292390508
1773806315.8288755,True,0.30978724,1773806315.8040845,636.27423,183.89589,11.6116,18.167406,0.24294515,636.3191606243404,184.06327469199886,207.81525610337752,0.2531538786248,0.9672110109627354,0.255993386606798,424.3191606243404,64.06327469199886,-3.0751831825438405,-0.2559933866067978,-0.03,-0.03,0.03,0.0,0.0,-0.002559933866067978
1773806315.838744,True,0.2762613,1773806315.836716,636.1252,184.4294,11.555021,17.49852,0.25110388,636.2803651205661,184.13649927020066,206.12941035146582,0.25174972586561467,0.9676393259661159,0.2545263220537326,424.2803651205661,64.13649927020066,-3.0833284986177216,-0.2545263220537324,-0.03,-0.03,0.03,0.0,0.0,-0.002545263220537324
1773806315.84827,True,0.2762613,1773806315.836716,636.1252,184.4294,11.555021,17.49852,0.25110388,636.2493287175466,184.1950789327621,204.94931832512762,0.25076681893418495,0.9679391464684822,0.25349948294107594,424.24932871754663,64.1950789327621,-3.0890699548681084,-0.25349948294107616,-0.03,-0.03,0.03,0.0,0.0,-0.0025349948294107615
1773806315.8583739,True,0.2762613,1773806315.836716,636.1252,184.4294,11.555021,17.49852,0.25110388,636.2244995951311,184.24194266281125,204.12325390669088,0.25007878408218415,0.9681490208201387,0.2527807488753302,424.2244995951311,64.24194266281125,-3.0931086785438495,-0.2527807488753302,-0.03,-0.03,0.03,0.0,0.0,-0.002527807488753302
1773806315.8685493,True,0.3213423,1773806315.8593884,636.1797,184.16843,11.52546,17.69181,0.24231757,636.2155371761049,184.2272394329834,204.0581573123203,0.24704108844774783,0.9689396566967751,0.24964164922486998,424.21553717610493,64.2272394329834,-3.0934276376788477,-0.24964164922486987,-0.03,-0.03,0.03,0.0,0.0,-0.002496416492248699
1773806315.8784432,True,0.3213423,1773806315.8593884,636.1797,184.16843,11.52546,17.69181,0.24231757,636.208367240884,184.2154768491211,204.01258969626093,0.2449147015036424,0.9694931018104206,0.24744433422944245,424.20836724088394,64.2154768491211,-3.09365096962108,-0.24744433422944256,-0.03,-0.03,0.03,0.0,0.0,-0.0024744433422944257
1773806315.888708,True,0.33641577,1773806315.8876948,636.2034,184.25105,11.88634,18.117386,0.22723234,636.2073798278634,184.22259205058594,207.41363609060528,0.23902485306328491,0.9709332602784908,0.24138063860198655,424.2073798278634,64.22259205058594,-3.077117634339293,-0.24138063860198677,-0.03,-0.03,0.03,0.0,0.0,-0.0024138063860198677
1773806315.8981783,True,0.33641577,1773806315.8876948,636.2034,184.25105,11.88634,18.117386,0.22723234,636.206589897447,184.22828421175782,209.79436856664637,0.2349019591550347,0.9719413712061399,0.23713595640884044,424.206589897447,64.22828421175782,-3.0657048220694945,-0.23713595640884044,-0.03,-0.03,0.03,0.0,0.0,-0.0023713595640884044
1773806315.908542,True,0.33641577,1773806315.8876948,636.2034,184.25105,11.88634,18.117386,0.22723234,636.2059579531139,184.23283794069533,211.4608812998751,0.23201593341925952,0.9726470488554942,0.23416472710584801,424.20595795311385,64.23283794069533,-3.057792652772017,-0.23416472710584824,-0.03,-0.03,0.03,0.0,0.0,-0.0023416472710584826
1773806315.9184043,True,0.33641577,1773806315.8876948,636.2034,184.25105,11.88634,18.117386,0.22723234,636.2054523976474,184.23648092384533,212.62744021313523,0.22999571540421693,0.9731410232100424,0.23208492277845985,424.2054523976474,64.23648092384533,-3.052291148503255,-0.23208492277845982,-0.03,-0.03,0.03,0.0,0.0,-0.0023208492277845983
1773806315.9283533,True,0.65255135,1773806315.9239717,426.30984,282.88873,45.403755,21.8861,-0.011386606,594.2263309122585,203.96693132110755,446.9525626413822,0.15758109282558855,0.9811792682380326,0.15924390925035325,382.2263309122585,83.96693132110755,-2.3093802106211587,-0.15924390925035325,-0.03,-0.03,0.03,0.0,0.0,-0.0015924390925035326
1773806315.938177,True,0.65255135,1773806315.9239717,426.30984,282.88873,45.403755,21.8861,-0.011386606,560.6430337239475,219.75129163891728,610.980148341155,0.10689085702054867,0.9868060397576257,0.10789933696818903,348.6430337239475,99.75129163891728,-1.9967682075546498,-0.1078993369681891,-0.03,-0.03,0.03,0.0,0.0,-0.001078993369681891
1773806315.9484668,True,0.65255135,1773806315.9239717,426.30984,282.88873,45.403755,21.8861,-0.011386606,533.7763959732987,232.37877989316507,725.799458330996,0.07140769195702075,0.9907447798213409,0.0719503433298473,321.7763959732987,112.37877989316507,-1.82455892728587,-0.0719503433298474,-0.03,-0.03,0.03,0.0,0.0,-0.0007195034332984741
1773806315.958501,True,0.65255135,1773806315.9239717,426.30984,282.88873,45.403755,21.8861,-0.011386606,512.2830857727796,242.4807704965633,806.1729753238847,0.04656947641255122,0.9935018978659416,0.046839783857018764,300.2830857727796,122.48077049656331,-1.7195343466941417,-0.0468397838570187,-0.03,-0.03,0.03,0.0,0.0,-0.00046839783857018704
1773806315.9685428,True,0.65255135,1773806315.9239717,426.30984,282.88873,45.403755,21.8861,-0.011386606,495.0884376123644,250.5623629792819,862.4344372189066,0.02918272553142255,0.995431880497162,0.029308252923528157,283.0884376123644,130.5623629792819,-1.6520735445608281,0.0,-0.03,-0.03,0.03,0.0,0.0,0.0
1773806315.9782987,True,0.65255135,1773806315.9239717,426.30984,282.88873,45.403755,21.8861,-0.011386606,481.3327190840322,257.0276369654568,901.8174605454221,0.01701199991463248,0.9967828683390163,0.017065249610293074,269.3327190840322,137.0276369654568,-1.6074205480766062,0.0,-0.03,-0.03,0.03,0.0,0.0,0.0
1773806315.9884424,True,0.65255135,1773806315.9239717,426.30984,282.88873,45.403755,21.8861,-0.011386606,470.32814426136645,262.1998561543967,929.3855768739829,0.008492491982879432,0.9977285598283143,0.008511620531565038,258.32814426136645,142.19985615439668,-1.5773089779776996,0.0,-0.03,-0.03,0.03,0.0,0.0,0.0
1773806315.9983704,True,0.65255135,1773806315.9239717,426.30984,282.88873,45.403755,21.8861,-0.011386606,461.5244844032338,266.3376315055486,948.6832583039754,0.002528836430652298,0.9983905438708229,0.0025329076263350893,249.52448440323383,146.3376315055486,-1.5567576965017182,0.0,-0.03,-0.03,0.03,0.0,0.0,0.0
1773806316.0087197,True,0.65255135,1773806315.9239717,426.30984,282.88873,45.403755,21.8861,-0.011386606,454.48155651672766,269.64785178647014,962.1916353049703,-0.0016457224559066957,0.998853932700579,-0.0016476092378078216,242.48155651672766,149.64785178647014,-1.542619039832684,0.0,-0.03,-0.03,0.03,0.0,0.0,0.0
1773806316.0191352,True,0.65255135,1773806315.9239717,426.30984,282.88873,45.403755,21.8861,-0.011386606,448.8472142075228,272.2960280112074,971.6474992056667,-0.004567913676497991,0.9991783048814081,-0.004571638346421952,236.84721420752282,152.2960280112074,-1.5328395922114526,0.0,-0.03,-0.03,0.03,0.0,0.0,0.0
1773806316.0283687,True,0.65255135,1773806315.9239717,426.30984,282.88873,45.403755,21.8861,-0.011386606,444.3397403601589,274.41456899099717,978.2666039361541,-0.0066134475309118975,0.9994053654079886,-0.00661728586679051,232.33974036015888,154.41456899099717,-1.5260504417108276,0.0,-0.03,-0.03,0.03,0.0,0.0,0.0
1773806316.0382917,True,0.65255135,1773806315.9239717,426.30984,282.88873,45.403755,21.8861,-0.011386606,440.7337612822678,276.109401774829,982.8999772474954,-0.008045321229001631,0.9995643077765949,-0.008048654236768768,228.73376128226778,156.109401774829,-1.521325313334169,0.0,-0.03,-0.03,0.03,0.0,0.0,0.0
1773806316.0482967,True,0.65255135,1773806315.9239717,426.30984,282.88873,45.403755,21.8861,-0.011386606,437.84897801995487,277.46526800189446,986.1433385654343,-0.009047632817664446,0.9996755674346193,-0.009050322010009154,225.84897801995487,157.46526800189446,-1.5180309579229074,0.0,-0.03,-0.03,0.03,0.0,0.0,0.0
1773806316.0585341,True,0.65255135,1773806315.9239717,426.30984,282.88873,45.403755,21.8861,-0.011386606,435.5411514101046,278.54996098354684,988.4136914879914,-0.009749250929728417,0.9997534491952363,-0.009751346115303507,223.5411514101046,158.54996098354684,-1.5157313495666962,0.0,-0.03,-0.03,0.03,0.0,0.0,0.0
1773806316.068598,True,0.65255135,1773806315.9239717,426.30984,282.88873,45.403755,21.8861,-0.011386606,433.69489012222436,279.41771536886876,990.0029385337814,-0.010240383608173195,0.9998079664276683,-0.010241992345403794,221.69489012222436,159.41771536886876,-1.5141247644182398,0.0,-0.03,-0.03,0.03,0.0,0.0,0.0
1773806316.0786383,True,0.65255135,1773806315.9239717,426.30984,282.88873,45.403755,21.8861,-0.011386606,432.21788109192016,280.11191887712624,991.1154114658345,-0.01058417648308454,0.9998461284903707,-0.010585409950960219,220.21788109192016,160.11191887712624,-1.5130016886070612,0.0,-0.03,-0.03,0.03,0.0,0.0,0.0
1773806316.0882015,True,0.65255135,1773806315.9239717,426.30984,282.88873,45.403755,21.8861,-0.011386606,431.03627386767675,280.66728168373226,991.8941425182716,-0.01082483149552248,0.9998728419342624,-0.010825785196609544,219.03627386767675,160.66728168373226,-1.5122162853386776,0.0,-0.03,-0.03,0.03,0.0,0.0,0.0
1773806316.098587,True,0.65255135,1773806315.9239717,426.30984,282.88873,45.403755,21.8861,-0.011386606,430.0909880882821,281.1115719290171,992.4392542549776,-0.01099329000422904,0.9998915413449866,-0.01099403948375691,218.09098808828207,161.1115719290171,-1.5116668698510336,0.0,-0.03,-0.03,0.03,0.0,0.0,0.0
1773806316.1083689,True,0.65255135,1773806315.9239717,426.30984,282.88873,45.403755,21.8861,-0.011386606,429.3347594647663,281.46700412524496,992.8208324706718,-0.011111210960323633,0.9999046309324935,-0.011111813370557382,217.3347594647663,161.46700412524496,-1.5112824585359175,0.0,-0.03,-0.03,0.03,0.0,0.0,0.0
1773806316.1186402,True,0.65255135,1773806315.9239717,426.30984,282.88873,45.403755,21.8861,-0.011386606,428.72977656595367,281.7513498822272,993.0879372216577,-0.011193755629589847,0.9999137936437483,-0.011194253073421855,216.72977656595367,161.7513498822272,-1.5110134585126807,0.0,-0.03,-0.03,0.03,0.0,0.0,0.0
1773806316.1283126,False,0.65255135,1773806315.9239717,426.30984,282.88873,45.403755,21.8861,-0.011386606,,,,,,,,,,,0.0,0.0,0.0,0.0,0.0,0.0
1773806316.1382458,False,0.65255135,1773806315.9239717,426.30984,282.88873,45.403755,21.8861,-0.011386606,,,,,,,,,,,0.0,0.0,0.0,0.0,0.0,0.0
1773806316.1482704,False,0.65255135,1773806315.9239717,426.30984,282.88873,45.403755,21.8861,-0.011386606,,,,,,,,,,,0.0,0.0,0.0,0.0,0.0,0.0
1773806316.1580923,False,0.65255135,1773806315.9239717,426.30984,282.88873,45.403755,21.8861,-0.011386606,,,,,,,,,,,0.0,0.0,0.0,0.0,0.0,0.0
1773806316.1684434,False,0.65255135,1773806315.9239717,426.30984,282.88873,45.403755,21.8861,-0.011386606,,,,,,,,,,,0.0,0.0,0.0,0.0,0.0,0.0
1773806316.1784914,False,0.65255135,1773806315.9239717,426.30984,282.88873,45.403755,21.8861,-0.011386606,,,,,,,,,,,0.0,0.0,0.0,0.0,0.0,0.0
1773806316.18857,False,0.65255135,1773806315.9239717,426.30984,282.88873,45.403755,21.8861,-0.011386606,,,,,,,,,,,0.0,0.0,0.0,0.0,0.0,0.0
1773806316.1982946,False,0.65255135,1773806315.9239717,426.30984,282.88873,45.403755,21.8861,-0.011386606,,,,,,,,,,,0.0,0.0,0.0,0.0,0.0,0.0
1773806316.208566,False,0.65255135,1773806315.9239717,426.30984,282.88873,45.403755,21.8861,-0.011386606,,,,,,,,,,,0.0,0.0,0.0,0.0,0.0,0.0
1773806316.2188206,False,0.65255135,1773806315.9239717,426.30984,282.88873,45.403755,21.8861,-0.011386606,,,,,,,,,,,0.0,0.0,0.0,0.0,0.0,0.0
1773806316.2284715,False,0.65255135,1773806315.9239717,426.30984,282.88873,45.403755,21.8861,-0.011386606,,,,,,,,,,,0.0,0.0,0.0,0.0,0.0,0.0
1773806316.2384996,False,0.65255135,1773806315.9239717,426.30984,282.88873,45.403755,21.8861,-0.011386606,,,,,,,,,,,0.0,0.0,0.0,0.0,0.0,0.0
1773806316.2485647,False,0.65255135,1773806315.9239717,426.30984,282.88873,45.403755,21.8861,-0.011386606,,,,,,,,,,,0.0,0.0,0.0,0.0,0.0,0.0
1773806316.2584438,False,0.65255135,1773806315.9239717,426.30984,282.88873,45.403755,21.8861,-0.011386606,,,,,,,,,,,0.0,0.0,0.0,0.0,0.0,0.0
1773806316.2686286,False,0.65255135,1773806315.9239717,426.30984,282.88873,45.403755,21.8861,-0.011386606,,,,,,,,,,,0.0,0.0,0.0,0.0,0.0,0.0
1773806316.27868,False,0.65255135,1773806315.9239717,426.30984,282.88873,45.403755,21.8861,-0.011386606,,,,,,,,,,,0.0,0.0,0.0,0.0,0.0,0.0
1773806316.2887158,False,0.65255135,1773806315.9239717,426.30984,282.88873,45.403755,21.8861,-0.011386606,,,,,,,,,,,0.0,0.0,0.0,0.0,0.0,0.0
1773806316.2984169,True,0.61840534,1773806316.2953868,363.0601,258.65778,13.679855,28.891663,1.3914131,415.59583907502855,277.132635081563,813.7316854496917,0.28735054855190045,0.7534664770263977,0.3643448018508075,203.59583907502855,157.13263508156302,-1.71020198884873,-0.36434480185080753,-0.03,-0.03,0.03,0.0,0.0,-0.0036434480185080754
1773806316.3084729,True,0.61840534,1773806316.2953868,363.0601,258.65778,13.679855,28.891663,1.3914131,405.08868908228845,273.43766324103166,688.1823092093153,0.49633156147894364,0.5809533553942523,0.7070081404589362,193.08868908228845,153.43766324103166,-1.877778888611345,-0.7070081404589361,-0.03,-0.03,0.03,0.0,0.0,-0.007070081404589361
1773806316.3185275,True,0.61840534,1773806316.2953868,363.0601,258.65778,13.679855,28.891663,1.3914131,396.6829690880964,270.4816857686066,600.2977458410519,0.6426182705278738,0.4601941702517506,0.9493308573175957,184.6829690880964,150.4816857686066,-2.0144069005617173,-0.9493308573175958,-0.03,-0.03,0.03,0.0,0.0,-0.009493308573175959
1773806316.3285527,True,0.61840534,1773806316.2953868,363.0601,258.65778,13.679855,28.891663,1.3914131,389.95839309274277,268.1169037906665,538.7785514832676,0.745018966862125,0.37566274065199934,1.1037684915288561,177.95839309274277,148.11690379066653,-2.1225280399520727,-1.1037684915288564,-0.03,-0.03,0.03,0.0,0.0,-0.011037684915288564
1773806316.3387742,True,0.61840534,1773806316.2953868,363.0601,258.65778,13.679855,28.891663,1.3914131,384.57873229645986,266.22507820831447,495.71511543281855,0.8166994542961008,0.31649073993217347,1.2010910643367203,172.57873229645986,146.22507820831447,-2.2058312780904363,-1.2010910643367203,-0.03,-0.03,0.03,0.0,0.0,-0.012010910643367203
1773806316.3488228,True,0.61840534,1773806316.2953868,363.0601,258.65778,13.679855,28.891663,1.3914131,380.27500365943354,264.71161774243285,465.57071019750424,0.8668757954998838,0.2750703394282954,1.2635333389452006,168.27500365943354,144.71161774243285,-2.268568688971361,-1.2635333389452006,-0.03,-0.03,0.03,0.0,0.0,-0.012635333389452006
1773806316.3587208,True,0.61840534,1773806316.2953868,363.0601,258.65778,13.679855,28.891663,1.3914131,376.83202074981244,263.5008493697275,444.4696265327842,0.9019992343425319,0.24607605907558075,1.3044655788158661,164.83202074981244,143.50084936972752,-2.314950954898938,-1.3044655788158661,-0.03,-0.03,0.03,0.0,0.0,-0.013044655788158662
1773806316.3685737,True,0.4041048,1773806316.3597302,362.85742,256.48367,13.296892,26.21637,1.4007752,374.03710097485,262.0974141149226,415.7076143053708,0.9270738214663845,0.223014194460191,1.33472464943888,162.03710097484998,142.09741411492263,-2.3818505128396397,-1.33472464943888,-0.03,-0.03,0.03,0.0,0.0,-0.0133472464943888
1773806316.3786302,True,0.4041048,1773806316.3597302,362.85742,256.48367,13.296892,26.21637,1.4007752,371.80116515488,260.9746659110787,395.5742057461814,0.9446260324530813,0.20687088922941818,1.3552022905180188,159.80116515487998,140.97466591107872,-2.4314942810017266,-1.3552022905180188,-0.03,-0.03,0.03,0.0,0.0,-0.013552022905180188
1773806316.388551,True,0.4041048,1773806316.3597302,362.85742,256.48367,13.296892,26.21637,1.4007752,370.01241649890403,260.07646734800363,381.48081975474884,0.956912580143769,0.19557057556787721,1.3691960253676947,158.01241649890403,140.07646734800363,-2.467772102169991,-1.3691960253676947,-0.03,-0.03,0.03,0.0,0.0,-0.013691960253676947
1773806316.3987353,True,0.4041048,1773806316.3597302,362.85742,256.48367,13.296892,26.21637,1.4007752,368.58141757412324,259.3579084975435,371.615449560746,0.9655131635272505,0.18766035600479852,1.3788264677095075,156.58141757412324,139.35790849754352,-2.4939730939005598,-1.3788264677095075,-0.03,-0.03,0.03,0.0,0.0,-0.013788264677095074
1773806316.4086516,True,0.4041048,1773806316.3597302,362.85742,256.48367,13.296892,26.21637,1.4007752,367.4366184342986,258.7830614171755,364.7096904249441,0.9715335718956875,0.18212320231064344,1.3854874969510953,155.43661843429862,138.78306141717547,-2.512731007348206,-1.3854874969510953,-0.03,-0.03,0.03,0.0,0.0,-0.013854874969510954
1773806316.4185042,True,0.4041048,1773806316.3597302,362.85742,256.48367,13.296892,26.21637,1.4007752,366.5207791224389,258.323183752881,359.87565902988274,0.9757478577535934,0.17824719472473488,1.3901111176669063,154.5207791224389,138.323183752881,-2.5260740955533256,-1.3901111176669063,-0.03,-0.03,0.03,0.0,0.0,-0.013901111176669064
1773806316.4285378,True,0.553744,1773806316.4225194,359.2468,257.88638,13.542355,31.135391,1.3654757,365.0659824288105,258.23582361363293,378.4069157886913,0.9767221971838128,0.18593736842704264,1.382678517585628,153.0659824288105,138.23582361363293,-2.4758625623505233,-1.382678517585628,-0.03,-0.03,0.03,0.0,0.0,-0.01382678517585628
1773806316.438623,True,0.553744,1773806316.4225194,359.2468,257.88638,13.542355,31.135391,1.3654757,363.90214507390783,258.16593550223445,391.37879551985736,0.9774042347849664,0.19132049001865808,1.3774969207147578,151.90214507390783,138.16593550223445,-2.44215679824802,-1.3774969207147578,-0.03,-0.03,0.03,0.0,0.0,-0.013774969207147578
1773806316.4481335,True,0.553744,1773806316.4225194,359.2468,257.88638,13.542355,31.135391,1.3654757,362.9710751899857,258.11002501311566,400.45911133167357,0.9778816611057739,0.19508867513278888,1.3738803198416332,150.9710751899857,138.11002501311566,-2.4192210085151995,-1.3738803198416332,-0.03,-0.03,0.03,0.0,0.0,-0.013738803198416333
1773806316.458187,True,0.73680824,1773806316.4556859,358.79205,258.10748,14.652737,28.636158,1.3763463,362.1352707965198,258.1095165925238,406.2008029809996,0.978863391929238,0.19453014468541263,1.3746216064177388,150.13527079651982,138.1095165925238,-2.4049850498021663,-1.3746216064177388,-0.03,-0.03,0.03,0.0,0.0,-0.013746216064177388
1773806316.4681816,True,0.73680824,1773806316.4556859,358.79205,258.10748,14.652737,28.636158,1.3763463,361.4666272817471,258.1091098560503,410.2199871355278,0.9795506035056628,0.19413917337224926,1.3751397526475124,149.4666272817471,138.10910985605028,-2.395139105964588,-1.3751397526475124,-0.03,-0.03,0.03,0.0,0.0,-0.013751397526475124
1773806316.4782104,True,0.73680824,1773806316.4556859,358.79205,258.10748,14.652737,28.636158,1.3763463,360.9317124699289,258.1087844668715,413.03341604369757,0.9800316516091602,0.19386549345303491,1.3755020858848634,148.93171246992893,138.1087844668715,-2.38830417555303,-1.3755020858848634,-0.03,-0.03,0.03,0.0,0.0,-0.013755020858848634
1773806316.4883204,True,0.73680824,1773806316.4556859,358.79205,258.10748,14.652737,28.636158,1.3763463,360.5037806204744,258.10852415552847,415.0028162794164,0.9803683852816083,0.19367391750958488,1.3757555384585662,148.5037806204744,138.10852415552847,-2.383547369335278,-1.3757555384585662,-0.03,-0.03,0.03,0.0,0.0,-0.013757555384585663
1773806316.4985328,True,0.79778856,1773806316.4883204,358.21262,257.4734,17.613949,32.667015,1.3368707,360.0455476897389,257.9814970587978,463.12051387606016,0.9780870497151049,0.20511115331284313,1.3640853098730168,148.0455476897389,137.9814970587978,-2.2738453663923623,-1.3640853098730168,-0.03,-0.03,0.03,0.0,0.0,-0.013640853098730168
1773806316.508554,True,0.79778856,1773806316.4883204,358.21262,257.4734,17.613949,32.667015,1.3368707,359.67896134515047,257.8798753814132,496.8029021937108,0.9764901148185524,0.21311721837512393,1.3559175535472947,147.67896134515047,137.87987538141323,-2.203639303381425,-1.3559175535472947,-0.03,-0.03,0.03,0.0,0.0,-0.013559175535472947
1773806316.5182834,True,0.79778856,1773806316.4883204,358.21262,257.4734,17.613949,32.667015,1.3368707,359.3856922694798,257.79857803950557,520.3805740160662,0.9753722603909657,0.2187214639187205,1.3502014878349975,147.38569226947982,137.79857803950557,-2.1572722587636397,-1.3502014878349975,-0.03,-0.03,0.03,0.0,0.0,-0.013502014878349976
1773806316.528533,True,0.79778856,1773806316.4883204,358.21262,257.4734,17.613949,32.667015,1.3368707,359.1510770089433,257.7335401659795,536.8849442917151,0.9745897622916551,0.2226444357992381,1.3462011415761335,147.15107700894328,137.7335401659795,-2.1260488606457457,-1.3462011415761335,-0.03,-0.03,0.03,0.0,0.0,-0.013462011415761335
1773806316.5387075,True,0.79778856,1773806316.4883204,358.21262,257.4734,17.613949,32.667015,1.3368707,358.96338480051406,257.6815098671586,548.4380034846693,0.9740420136221376,0.2253905161156004,1.343401419370203,146.96338480051406,137.68150986715858,-2.1047584316298225,-1.343401419370203,-0.03,-0.03,0.03,0.0,0.0,-0.013434014193702031
1773806316.5484724,True,0.79778856,1773806316.4883204,358.21262,257.4734,17.613949,32.667015,1.3368707,358.81323103377065,257.63988562810187,556.5251449197372,0.9736585895534754,0.227312772337054,1.3414418958814802,146.81323103377065,137.63988562810187,-2.0901203220209252,-1.3414418958814802,-0.03,-0.03,0.03,0.0,0.0,-0.013414418958814803
1773806316.5585482,True,0.79778856,1773806316.4883204,358.21262,257.4734,17.613949,32.667015,1.3368707,358.6931080203759,257.6065862368565,562.1861439242847,0.9733901927054118,0.22865835169207155,1.3400703769572753,146.69310802037592,137.60658623685651,-2.0799996637578184,-1.3400703769572753,-0.03,-0.03,0.03,0.0,0.0,-0.013400703769572753
1773806316.5682483,True,0.79778856,1773806316.4883204,358.21262,257.4734,17.613949,32.667015,1.3368707,358.5970096096602,257.57994672386025,566.148843227468,0.9732023149117673,0.2296002572405838,1.339110389185518,146.59700960966018,137.57994672386025,-2.0729756582266834,-1.339110389185518,-0.03,-0.03,0.03,0.0,0.0,-0.013391103891855181
1773806316.5788639,True,0.79778856,1773806316.4883204,358.21262,257.4734,17.613949,32.667015,1.3368707,358.52013088108754,257.5586351134632,568.9227327396962,0.9730708004562162,0.23025959112454242,1.3384384358222385,146.52013088108754,137.5586351134632,-2.0680880456866078,-1.3384384358222385,-0.03,-0.03,0.03,0.0,0.0,-0.013384384358222385
1773806316.588565,True,0.79778856,1773806316.4883204,358.21262,257.4734,17.613949,32.667015,1.3368707,358.45862789822945,257.54158582514555,570.864455398256,0.9729787403373303,0.23072112484331342,1.3379680875007927,146.45862789822945,137.54158582514555,-2.0646808753706196,-1.3379680875007927,-0.03,-0.03,0.03,0.0,0.0,-0.013379680875007927
1773806316.5983233,True,0.79778856,1773806316.4883204,358.21262,257.4734,17.613949,32.667015,1.3368707,358.4094255119429,257.52794639449144,572.2236612592479,0.9729142982541102,0.23104419844645313,1.3376388531305183,146.4094255119429,137.52794639449144,-2.0623027446180244,-1.3376388531305183,-0.03,-0.03,0.03,0.0,0.0,-0.013376388531305183
1773806316.6087263,True,0.79778856,1773806316.4883204,358.21262,257.4734,17.613949,32.667015,1.3368707,358.3700636029138,257.5170348499682,573.1751053619423,0.9728691887958563,0.23127034996865092,1.3374083937482637,146.37006360291377,137.51703484996818,-2.060641411728108,-1.3374083937482637,-0.03,-0.03,0.03,0.0,0.0,-0.013374083937482637
1773806316.6184642,True,0.79778856,1773806316.4883204,358.21262,257.4734,17.613949,32.667015,1.3368707,358.3385740756904,257.5083056143496,573.8411162338283,0.9728376121750785,0.23142865603418938,1.3372470744875145,146.33857407569042,137.50830561434958,-2.0594801187416705,-1.3372470744875145,-0.03,-0.03,0.03,0.0,0.0,-0.013372470744875145
1773806316.6285584,True,0.79778856,1773806316.4883204,358.21262,257.4734,17.613949,32.667015,1.3368707,358.3133824539117,257.50132222585466,574.3073238441485,0.972815508540534,0.23153947028006633,1.3371341521405253,146.3133824539117,137.50132222585466,-2.058668015324257,-1.3371341521405253,-0.03,-0.03,0.03,0.0,0.0,-0.013371341521405254
1773806316.6385338,True,0.79778856,1773806316.4883204,358.21262,257.4734,17.613949,32.667015,1.3368707,358.2932291564888,257.49573551505875,574.6336691713727,0.9728000359963529,0.23161704025218016,1.337055107055825,146.2932291564888,137.49573551505875,-2.0580999350869176,-1.337055107055825,-0.03,-0.03,0.03,0.0,0.0,-0.01337055107055825
1773806316.648621,True,0.79778856,1773806316.4883204,358.21262,257.4734,17.613949,32.667015,1.3368707,358.27710651855045,257.491266146422,574.8621109004296,0.9727892052154261,0.23167133923265987,1.336999775770659,146.27710651855045,137.491266146422,-2.0577024708490756,-1.336999775770659,-0.03,-0.03,0.03,0.0,0.0,-0.013369997757706592
1773806316.6585503,True,0.79778856,1773806316.4883204,358.21262,257.4734,17.613949,32.667015,1.3368707,358.2642084081998,257.4876906515126,575.0220201107694,0.9727816236687773,0.23170934851899566,1.3369610440055735,146.2642084081998,137.4876906515126,-2.0574243398495113,-1.3369610440055735,-0.03,-0.03,0.03,0.0,0.0,-0.013369610440055735
1773806316.6683846,True,0.79778856,1773806316.4883204,358.21262,257.4734,17.613949,32.667015,1.3368707,358.2538899199193,257.4848302555851,575.1339565580073,0.9727763165861232,0.23173595501943067,1.3369339318360052,146.2538899199193,137.4848302555851,-2.057229694166905,-1.3369339318360052,-0.03,-0.03,0.03,0.0,0.0,-0.013369339318360053
1773806316.6783442,True,0.79778856,1773806316.4883204,358.21262,257.4734,17.613949,32.667015,1.3368707,358.2456351292948,257.4825419388431,575.2123120710738,0.9727726016282653,0.23175457956973522,1.336914953349668,146.24563512929478,137.4825419388431,-2.0570934647283012,-1.336914953349668,-0.03,-0.03,0.03,0.0,0.0,-0.013369149533496681
1773806316.6884587,False,0.79778856,1773806316.4883204,358.21262,257.4734,17.613949,32.667015,1.3368707,,,,,,,,,,,0.0,0.0,0.0,0.0,0.0,0.0
1773806316.6984,False,0.79778856,1773806316.4883204,358.21262,257.4734,17.613949,32.667015,1.3368707,,,,,,,,,,,0.0,0.0,0.0,0.0,0.0,0.0
1773806316.7086017,False,0.79778856,1773806316.4883204,358.21262,257.4734,17.613949,32.667015,1.3368707,,,,,,,,,,,0.0,0.0,0.0,0.0,0.0,0.0
1773806316.718244,False,0.79778856,1773806316.4883204,358.21262,257.4734,17.613949,32.667015,1.3368707,,,,,,,,,,,0.0,0.0,0.0,0.0,0.0,0.0
1773806316.7285678,False,0.79778856,1773806316.4883204,358.21262,257.4734,17.613949,32.667015,1.3368707,,,,,,,,,,,0.0,0.0,0.0,0.0,0.0,0.0
1773806316.7383177,False,0.79778856,1773806316.4883204,358.21262,257.4734,17.613949,32.667015,1.3368707,,,,,,,,,,,0.0,0.0,0.0,0.0,0.0,0.0
1773806316.7484014,False,0.79778856,1773806316.4883204,358.21262,257.4734,17.613949,32.667015,1.3368707,,,,,,,,,,,0.0,0.0,0.0,0.0,0.0,0.0
1773806316.7584398,False,0.79778856,1773806316.4883204,358.21262,257.4734,17.613949,32.667015,1.3368707,,,,,,,,,,,0.0,0.0,0.0,0.0,0.0,0.0
1773806316.7685606,False,0.79778856,1773806316.4883204,358.21262,257.4734,17.613949,32.667015,1.3368707,,,,,,,,,,,0.0,0.0,0.0,0.0,0.0,0.0
1773806316.7785735,False,0.79778856,1773806316.4883204,358.21262,257.4734,17.613949,32.667015,1.3368707,,,,,,,,,,,0.0,0.0,0.0,0.0,0.0,0.0
1773806316.7886605,False,0.79778856,1773806316.4883204,358.21262,257.4734,17.613949,32.667015,1.3368707,,,,,,,,,,,0.0,0.0,0.0,0.0,0.0,0.0
1773806316.7981975,False,0.79778856,1773806316.4883204,358.21262,257.4734,17.613949,32.667015,1.3368707,,,,,,,,,,,0.0,0.0,0.0,0.0,0.0,0.0
1773806316.8083658,False,0.79778856,1773806316.4883204,358.21262,257.4734,17.613949,32.667015,1.3368707,,,,,,,,,,,0.0,0.0,0.0,0.0,0.0,0.0
1773806316.818335,False,0.79778856,1773806316.4883204,358.21262,257.4734,17.613949,32.667015,1.3368707,,,,,,,,,,,0.0,0.0,0.0,0.0,0.0,0.0
1773806316.828186,False,0.79778856,1773806316.4883204,358.21262,257.4734,17.613949,32.667015,1.3368707,,,,,,,,,,,0.0,0.0,0.0,0.0,0.0,0.0
1773806316.838609,False,0.79778856,1773806316.4883204,358.21262,257.4734,17.613949,32.667015,1.3368707,,,,,,,,,,,0.0,0.0,0.0,0.0,0.0,0.0
1773806316.8483915,False,0.79778856,1773806316.4883204,358.21262,257.4734,17.613949,32.667015,1.3368707,,,,,,,,,,,0.0,0.0,0.0,0.0,0.0,0.0
1773806316.8585582,False,0.79778856,1773806316.4883204,358.21262,257.4734,17.613949,32.667015,1.3368707,,,,,,,,,,,0.0,0.0,0.0,0.0,0.0,0.0
1773806316.8681715,False,0.79778856,1773806316.4883204,358.21262,257.4734,17.613949,32.667015,1.3368707,,,,,,,,,,,0.0,0.0,0.0,0.0,0.0,0.0
1773806316.8781967,False,0.79778856,1773806316.4883204,358.21262,257.4734,17.613949,32.667015,1.3368707,,,,,,,,,,,0.0,0.0,0.0,0.0,0.0,0.0
1773806316.8887317,False,0.79778856,1773806316.4883204,358.21262,257.4734,17.613949,32.667015,1.3368707,,,,,,,,,,,0.0,0.0,0.0,0.0,0.0,0.0
1773806316.8982959,False,0.79778856,1773806316.4883204,358.21262,257.4734,17.613949,32.667015,1.3368707,,,,,,,,,,,0.0,0.0,0.0,0.0,0.0,0.0
1773806316.9083805,False,0.79778856,1773806316.4883204,358.21262,257.4734,17.613949,32.667015,1.3368707,,,,,,,,,,,0.0,0.0,0.0,0.0,0.0,0.0
1773806316.9181168,False,0.79778856,1773806316.4883204,358.21262,257.4734,17.613949,32.667015,1.3368707,,,,,,,,,,,0.0,0.0,0.0,0.0,0.0,0.0
1773806316.928189,False,0.79778856,1773806316.4883204,358.21262,257.4734,17.613949,32.667015,1.3368707,,,,,,,,,,,0.0,0.0,0.0,0.0,0.0,0.0
1773806316.9385996,False,0.79778856,1773806316.4883204,358.21262,257.4734,17.613949,32.667015,1.3368707,,,,,,,,,,,0.0,0.0,0.0,0.0,0.0,0.0
1773806316.9486198,False,0.79778856,1773806316.4883204,358.21262,257.4734,17.613949,32.667015,1.3368707,,,,,,,,,,,0.0,0.0,0.0,0.0,0.0,0.0
1773806316.9584875,False,0.79778856,1773806316.4883204,358.21262,257.4734,17.613949,32.667015,1.3368707,,,,,,,,,,,0.0,0.0,0.0,0.0,0.0,0.0
1773806316.9685142,False,0.79778856,1773806316.4883204,358.21262,257.4734,17.613949,32.667015,1.3368707,,,,,,,,,,,0.0,0.0,0.0,0.0,0.0,0.0
1773806316.9785402,False,0.79778856,1773806316.4883204,358.21262,257.4734,17.613949,32.667015,1.3368707,,,,,,,,,,,0.0,0.0,0.0,0.0,0.0,0.0
1773806316.9885538,False,0.79778856,1773806316.4883204,358.21262,257.4734,17.613949,32.667015,1.3368707,,,,,,,,,,,0.0,0.0,0.0,0.0,0.0,0.0
1773806316.9982266,False,0.79778856,1773806316.4883204,358.21262,257.4734,17.613949,32.667015,1.3368707,,,,,,,,,,,0.0,0.0,0.0,0.0,0.0,0.0
1773806317.00856,False,0.79778856,1773806316.4883204,358.21262,257.4734,17.613949,32.667015,1.3368707,,,,,,,,,,,0.0,0.0,0.0,0.0,0.0,0.0
1773806317.0186503,False,0.79778856,1773806316.4883204,358.21262,257.4734,17.613949,32.667015,1.3368707,,,,,,,,,,,0.0,0.0,0.0,0.0,0.0,0.0
1773806317.028161,False,0.79778856,1773806316.4883204,358.21262,257.4734,17.613949,32.667015,1.3368707,,,,,,,,,,,0.0,0.0,0.0,0.0,0.0,0.0
1773806317.0382555,False,0.79778856,1773806316.4883204,358.21262,257.4734,17.613949,32.667015,1.3368707,,,,,,,,,,,0.0,0.0,0.0,0.0,0.0,0.0
1773806317.0483882,False,0.79778856,1773806316.4883204,358.21262,257.4734,17.613949,32.667015,1.3368707,,,,,,,,,,,0.0,0.0,0.0,0.0,0.0,0.0
1773806317.0585926,False,0.79778856,1773806316.4883204,358.21262,257.4734,17.613949,32.667015,1.3368707,,,,,,,,,,,0.0,0.0,0.0,0.0,0.0,0.0
1773806317.0688224,False,0.79778856,1773806316.4883204,358.21262,257.4734,17.613949,32.667015,1.3368707,,,,,,,,,,,0.0,0.0,0.0,0.0,0.0,0.0
1773806317.0784051,False,0.79778856,1773806316.4883204,358.21262,257.4734,17.613949,32.667015,1.3368707,,,,,,,,,,,0.0,0.0,0.0,0.0,0.0,0.0
1773806317.0884106,False,0.79778856,1773806316.4883204,358.21262,257.4734,17.613949,32.667015,1.3368707,,,,,,,,,,,0.0,0.0,0.0,0.0,0.0,0.0
1773806317.098339,False,0.79778856,1773806316.4883204,358.21262,257.4734,17.613949,32.667015,1.3368707,,,,,,,,,,,0.0,0.0,0.0,0.0,0.0,0.0
1773806317.108361,False,0.79778856,1773806316.4883204,358.21262,257.4734,17.613949,32.667015,1.3368707,,,,,,,,,,,0.0,0.0,0.0,0.0,0.0,0.0
1773806317.1184468,False,0.79778856,1773806316.4883204,358.21262,257.4734,17.613949,32.667015,1.3368707,,,,,,,,,,,0.0,0.0,0.0,0.0,0.0,0.0
1773806317.128308,False,0.79778856,1773806316.4883204,358.21262,257.4734,17.613949,32.667015,1.3368707,,,,,,,,,,,0.0,0.0,0.0,0.0,0.0,0.0
1773806317.138329,False,0.79778856,1773806316.4883204,358.21262,257.4734,17.613949,32.667015,1.3368707,,,,,,,,,,,0.0,0.0,0.0,0.0,0.0,0.0
1773806317.1483755,False,0.79778856,1773806316.4883204,358.21262,257.4734,17.613949,32.667015,1.3368707,,,,,,,,,,,0.0,0.0,0.0,0.0,0.0,0.0
1773806317.1584585,False,0.79778856,1773806316.4883204,358.21262,257.4734,17.613949,32.667015,1.3368707,,,,,,,,,,,0.0,0.0,0.0,0.0,0.0,0.0
1773806317.1685567,False,0.79778856,1773806316.4883204,358.21262,257.4734,17.613949,32.667015,1.3368707,,,,,,,,,,,0.0,0.0,0.0,0.0,0.0,0.0
1773806317.1781383,False,0.79778856,1773806316.4883204,358.21262,257.4734,17.613949,32.667015,1.3368707,,,,,,,,,,,0.0,0.0,0.0,0.0,0.0,0.0
1773806317.1882076,False,0.79778856,1773806316.4883204,358.21262,257.4734,17.613949,32.667015,1.3368707,,,,,,,,,,,0.0,0.0,0.0,0.0,0.0,0.0
1773806317.1985714,False,0.79778856,1773806316.4883204,358.21262,257.4734,17.613949,32.667015,1.3368707,,,,,,,,,,,0.0,0.0,0.0,0.0,0.0,0.0
1773806317.2084785,False,0.79778856,1773806316.4883204,358.21262,257.4734,17.613949,32.667015,1.3368707,,,,,,,,,,,0.0,0.0,0.0,0.0,0.0,0.0
1773806317.218496,False,0.79778856,1773806316.4883204,358.21262,257.4734,17.613949,32.667015,1.3368707,,,,,,,,,,,0.0,0.0,0.0,0.0,0.0,0.0
1773806317.228226,False,0.79778856,1773806316.4883204,358.21262,257.4734,17.613949,32.667015,1.3368707,,,,,,,,,,,0.0,0.0,0.0,0.0,0.0,0.0
1773806317.2386127,False,0.79778856,1773806316.4883204,358.21262,257.4734,17.613949,32.667015,1.3368707,,,,,,,,,,,0.0,0.0,0.0,0.0,0.0,0.0
1773806317.2486367,False,0.79778856,1773806316.4883204,358.21262,257.4734,17.613949,32.667015,1.3368707,,,,,,,,,,,0.0,0.0,0.0,0.0,0.0,0.0
1773806317.2582326,False,0.79778856,1773806316.4883204,358.21262,257.4734,17.613949,32.667015,1.3368707,,,,,,,,,,,0.0,0.0,0.0,0.0,0.0,0.0
1773806317.2684078,False,0.79778856,1773806316.4883204,358.21262,257.4734,17.613949,32.667015,1.3368707,,,,,,,,,,,0.0,0.0,0.0,0.0,0.0,0.0
1773806317.2785099,False,0.79778856,1773806316.4883204,358.21262,257.4734,17.613949,32.667015,1.3368707,,,,,,,,,,,0.0,0.0,0.0,0.0,0.0,0.0
1773806317.288612,False,0.79778856,1773806316.4883204,358.21262,257.4734,17.613949,32.667015,1.3368707,,,,,,,,,,,0.0,0.0,0.0,0.0,0.0,0.0
1773806317.2985697,False,0.79778856,1773806316.4883204,358.21262,257.4734,17.613949,32.667015,1.3368707,,,,,,,,,,,0.0,0.0,0.0,0.0,0.0,0.0
1773806317.308487,False,0.79778856,1773806316.4883204,358.21262,257.4734,17.613949,32.667015,1.3368707,,,,,,,,,,,0.0,0.0,0.0,0.0,0.0,0.0
1773806317.3185499,False,0.79778856,1773806316.4883204,358.21262,257.4734,17.613949,32.667015,1.3368707,,,,,,,,,,,0.0,0.0,0.0,0.0,0.0,0.0
1773806317.3282073,False,0.79778856,1773806316.4883204,358.21262,257.4734,17.613949,32.667015,1.3368707,,,,,,,,,,,0.0,0.0,0.0,0.0,0.0,0.0
1773806317.338307,False,0.79778856,1773806316.4883204,358.21262,257.4734,17.613949,32.667015,1.3368707,,,,,,,,,,,0.0,0.0,0.0,0.0,0.0,0.0
1773806317.3484027,False,0.79778856,1773806316.4883204,358.21262,257.4734,17.613949,32.667015,1.3368707,,,,,,,,,,,0.0,0.0,0.0,0.0,0.0,0.0
1773806317.3581934,False,0.79778856,1773806316.4883204,358.21262,257.4734,17.613949,32.667015,1.3368707,,,,,,,,,,,0.0,0.0,0.0,0.0,0.0,0.0
1773806317.36824,False,0.79778856,1773806316.4883204,358.21262,257.4734,17.613949,32.667015,1.3368707,,,,,,,,,,,0.0,0.0,0.0,0.0,0.0,0.0
1773806317.3787618,False,0.79778856,1773806316.4883204,358.21262,257.4734,17.613949,32.667015,1.3368707,,,,,,,,,,,0.0,0.0,0.0,0.0,0.0,0.0
1773806317.3880908,False,0.79778856,1773806316.4883204,358.21262,257.4734,17.613949,32.667015,1.3368707,,,,,,,,,,,0.0,0.0,0.0,0.0,0.0,0.0
1773806317.39871,False,0.79778856,1773806316.4883204,358.21262,257.4734,17.613949,32.667015,1.3368707,,,,,,,,,,,0.0,0.0,0.0,0.0,0.0,0.0
1773806317.4083047,False,0.79778856,1773806316.4883204,358.21262,257.4734,17.613949,32.667015,1.3368707,,,,,,,,,,,0.0,0.0,0.0,0.0,0.0,0.0
1773806317.4184203,False,0.79778856,1773806316.4883204,358.21262,257.4734,17.613949,32.667015,1.3368707,,,,,,,,,,,0.0,0.0,0.0,0.0,0.0,0.0
1773806317.428524,False,0.79778856,1773806316.4883204,358.21262,257.4734,17.613949,32.667015,1.3368707,,,,,,,,,,,0.0,0.0,0.0,0.0,0.0,0.0
1773806317.4386191,False,0.79778856,1773806316.4883204,358.21262,257.4734,17.613949,32.667015,1.3368707,,,,,,,,,,,0.0,0.0,0.0,0.0,0.0,0.0
1773806317.4481962,False,0.79778856,1773806316.4883204,358.21262,257.4734,17.613949,32.667015,1.3368707,,,,,,,,,,,0.0,0.0,0.0,0.0,0.0,0.0
1773806317.4583097,False,0.79778856,1773806316.4883204,358.21262,257.4734,17.613949,32.667015,1.3368707,,,,,,,,,,,0.0,0.0,0.0,0.0,0.0,0.0
1773806317.4685855,False,0.79778856,1773806316.4883204,358.21262,257.4734,17.613949,32.667015,1.3368707,,,,,,,,,,,0.0,0.0,0.0,0.0,0.0,0.0
1773806317.4786646,False,0.79778856,1773806316.4883204,358.21262,257.4734,17.613949,32.667015,1.3368707,,,,,,,,,,,0.0,0.0,0.0,0.0,0.0,0.0
1773806317.4881878,False,0.79778856,1773806316.4883204,358.21262,257.4734,17.613949,32.667015,1.3368707,,,,,,,,,,,0.0,0.0,0.0,0.0,0.0,0.0
1773806317.4980824,False,0.79778856,1773806316.4883204,358.21262,257.4734,17.613949,32.667015,1.3368707,,,,,,,,,,,0.0,0.0,0.0,0.0,0.0,0.0
1773806317.508363,False,0.79778856,1773806316.4883204,358.21262,257.4734,17.613949,32.667015,1.3368707,,,,,,,,,,,0.0,0.0,0.0,0.0,0.0,0.0
1773806317.518441,False,0.79778856,1773806316.4883204,358.21262,257.4734,17.613949,32.667015,1.3368707,,,,,,,,,,,0.0,0.0,0.0,0.0,0.0,0.0
1773806317.52859,False,0.79778856,1773806316.4883204,358.21262,257.4734,17.613949,32.667015,1.3368707,,,,,,,,,,,0.0,0.0,0.0,0.0,0.0,0.0
1773806317.5382576,False,0.79778856,1773806316.4883204,358.21262,257.4734,17.613949,32.667015,1.3368707,,,,,,,,,,,0.0,0.0,0.0,0.0,0.0,0.0
1773806317.5482953,False,0.79778856,1773806316.4883204,358.21262,257.4734,17.613949,32.667015,1.3368707,,,,,,,,,,,0.0,0.0,0.0,0.0,0.0,0.0
1773806317.5585818,False,0.79778856,1773806316.4883204,358.21262,257.4734,17.613949,32.667015,1.3368707,,,,,,,,,,,0.0,0.0,0.0,0.0,0.0,0.0
1773806317.568549,False,0.79778856,1773806316.4883204,358.21262,257.4734,17.613949,32.667015,1.3368707,,,,,,,,,,,0.0,0.0,0.0,0.0,0.0,0.0
1773806317.5783315,False,0.79778856,1773806316.4883204,358.21262,257.4734,17.613949,32.667015,1.3368707,,,,,,,,,,,0.0,0.0,0.0,0.0,0.0,0.0
1773806317.588366,False,0.79778856,1773806316.4883204,358.21262,257.4734,17.613949,32.667015,1.3368707,,,,,,,,,,,0.0,0.0,0.0,0.0,0.0,0.0
1773806317.5985339,False,0.79778856,1773806316.4883204,358.21262,257.4734,17.613949,32.667015,1.3368707,,,,,,,,,,,0.0,0.0,0.0,0.0,0.0,0.0
1773806317.6085987,False,0.79778856,1773806316.4883204,358.21262,257.4734,17.613949,32.667015,1.3368707,,,,,,,,,,,0.0,0.0,0.0,0.0,0.0,0.0
1773806317.6183887,False,0.79778856,1773806316.4883204,358.21262,257.4734,17.613949,32.667015,1.3368707,,,,,,,,,,,0.0,0.0,0.0,0.0,0.0,0.0
1773806317.6282783,False,0.79778856,1773806316.4883204,358.21262,257.4734,17.613949,32.667015,1.3368707,,,,,,,,,,,0.0,0.0,0.0,0.0,0.0,0.0
1773806317.6386464,False,0.79778856,1773806316.4883204,358.21262,257.4734,17.613949,32.667015,1.3368707,,,,,,,,,,,0.0,0.0,0.0,0.0,0.0,0.0
1773806317.6482067,False,0.79778856,1773806316.4883204,358.21262,257.4734,17.613949,32.667015,1.3368707,,,,,,,,,,,0.0,0.0,0.0,0.0,0.0,0.0
1773806317.6587946,False,0.79778856,1773806316.4883204,358.21262,257.4734,17.613949,32.667015,1.3368707,,,,,,,,,,,0.0,0.0,0.0,0.0,0.0,0.0
1773806317.6685545,False,0.79778856,1773806316.4883204,358.21262,257.4734,17.613949,32.667015,1.3368707,,,,,,,,,,,0.0,0.0,0.0,0.0,0.0,0.0
1773806317.6788979,False,0.79778856,1773806316.4883204,358.21262,257.4734,17.613949,32.667015,1.3368707,,,,,,,,,,,0.0,0.0,0.0,0.0,0.0,0.0
1773806317.6884332,False,0.79778856,1773806316.4883204,358.21262,257.4734,17.613949,32.667015,1.3368707,,,,,,,,,,,0.0,0.0,0.0,0.0,0.0,0.0
1773806317.6989164,False,0.79778856,1773806316.4883204,358.21262,257.4734,17.613949,32.667015,1.3368707,,,,,,,,,,,0.0,0.0,0.0,0.0,0.0,0.0
1773806317.7084327,False,0.79778856,1773806316.4883204,358.21262,257.4734,17.613949,32.667015,1.3368707,,,,,,,,,,,0.0,0.0,0.0,0.0,0.0,0.0
1773806317.7184396,False,0.79778856,1773806316.4883204,358.21262,257.4734,17.613949,32.667015,1.3368707,,,,,,,,,,,0.0,0.0,0.0,0.0,0.0,0.0
1773806317.7284193,False,0.79778856,1773806316.4883204,358.21262,257.4734,17.613949,32.667015,1.3368707,,,,,,,,,,,0.0,0.0,0.0,0.0,0.0,0.0
1773806317.7384355,False,0.79778856,1773806316.4883204,358.21262,257.4734,17.613949,32.667015,1.3368707,,,,,,,,,,,0.0,0.0,0.0,0.0,0.0,0.0
1773806317.7485306,False,0.79778856,1773806316.4883204,358.21262,257.4734,17.613949,32.667015,1.3368707,,,,,,,,,,,0.0,0.0,0.0,0.0,0.0,0.0
1773806317.7585828,False,0.79778856,1773806316.4883204,358.21262,257.4734,17.613949,32.667015,1.3368707,,,,,,,,,,,0.0,0.0,0.0,0.0,0.0,0.0
1773806317.7682414,False,0.79778856,1773806316.4883204,358.21262,257.4734,17.613949,32.667015,1.3368707,,,,,,,,,,,0.0,0.0,0.0,0.0,0.0,0.0
1773806317.778454,False,0.79778856,1773806316.4883204,358.21262,257.4734,17.613949,32.667015,1.3368707,,,,,,,,,,,0.0,0.0,0.0,0.0,0.0,0.0
1773806317.788751,False,0.79778856,1773806316.4883204,358.21262,257.4734,17.613949,32.667015,1.3368707,,,,,,,,,,,0.0,0.0,0.0,0.0,0.0,0.0
1773806317.7981398,False,0.79778856,1773806316.4883204,358.21262,257.4734,17.613949,32.667015,1.3368707,,,,,,,,,,,0.0,0.0,0.0,0.0,0.0,0.0
1773806317.8082705,False,0.79778856,1773806316.4883204,358.21262,257.4734,17.613949,32.667015,1.3368707,,,,,,,,,,,0.0,0.0,0.0,0.0,0.0,0.0
1773806317.8187883,False,0.79778856,1773806316.4883204,358.21262,257.4734,17.613949,32.667015,1.3368707,,,,,,,,,,,0.0,0.0,0.0,0.0,0.0,0.0
1773806317.8285682,False,0.79778856,1773806316.4883204,358.21262,257.4734,17.613949,32.667015,1.3368707,,,,,,,,,,,0.0,0.0,0.0,0.0,0.0,0.0
1773806317.838574,False,0.79778856,1773806316.4883204,358.21262,257.4734,17.613949,32.667015,1.3368707,,,,,,,,,,,0.0,0.0,0.0,0.0,0.0,0.0
1773806317.8485904,False,0.79778856,1773806316.4883204,358.21262,257.4734,17.613949,32.667015,1.3368707,,,,,,,,,,,0.0,0.0,0.0,0.0,0.0,0.0
1773806317.8581483,False,0.79778856,1773806316.4883204,358.21262,257.4734,17.613949,32.667015,1.3368707,,,,,,,,,,,0.0,0.0,0.0,0.0,0.0,0.0
1773806317.8683279,False,0.79778856,1773806316.4883204,358.21262,257.4734,17.613949,32.667015,1.3368707,,,,,,,,,,,0.0,0.0,0.0,0.0,0.0,0.0
1773806317.8783505,False,0.79778856,1773806316.4883204,358.21262,257.4734,17.613949,32.667015,1.3368707,,,,,,,,,,,0.0,0.0,0.0,0.0,0.0,0.0
1773806317.8884304,False,0.79778856,1773806316.4883204,358.21262,257.4734,17.613949,32.667015,1.3368707,,,,,,,,,,,0.0,0.0,0.0,0.0,0.0,0.0
1773806317.8988745,False,0.79778856,1773806316.4883204,358.21262,257.4734,17.613949,32.667015,1.3368707,,,,,,,,,,,0.0,0.0,0.0,0.0,0.0,0.0
1773806317.9084358,False,0.79778856,1773806316.4883204,358.21262,257.4734,17.613949,32.667015,1.3368707,,,,,,,,,,,0.0,0.0,0.0,0.0,0.0,0.0
1773806317.9184592,False,0.79778856,1773806316.4883204,358.21262,257.4734,17.613949,32.667015,1.3368707,,,,,,,,,,,0.0,0.0,0.0,0.0,0.0,0.0
1773806317.9285073,False,0.79778856,1773806316.4883204,358.21262,257.4734,17.613949,32.667015,1.3368707,,,,,,,,,,,0.0,0.0,0.0,0.0,0.0,0.0
1773806317.9382558,False,0.79778856,1773806316.4883204,358.21262,257.4734,17.613949,32.667015,1.3368707,,,,,,,,,,,0.0,0.0,0.0,0.0,0.0,0.0
1773806317.948295,False,0.79778856,1773806316.4883204,358.21262,257.4734,17.613949,32.667015,1.3368707,,,,,,,,,,,0.0,0.0,0.0,0.0,0.0,0.0
1773806317.9583213,False,0.79778856,1773806316.4883204,358.21262,257.4734,17.613949,32.667015,1.3368707,,,,,,,,,,,0.0,0.0,0.0,0.0,0.0,0.0
1773806317.968363,False,0.79778856,1773806316.4883204,358.21262,257.4734,17.613949,32.667015,1.3368707,,,,,,,,,,,0.0,0.0,0.0,0.0,0.0,0.0
1773806317.978167,False,0.79778856,1773806316.4883204,358.21262,257.4734,17.613949,32.667015,1.3368707,,,,,,,,,,,0.0,0.0,0.0,0.0,0.0,0.0
1773806317.9881594,False,0.79778856,1773806316.4883204,358.21262,257.4734,17.613949,32.667015,1.3368707,,,,,,,,,,,0.0,0.0,0.0,0.0,0.0,0.0
1773806317.998675,False,0.79778856,1773806316.4883204,358.21262,257.4734,17.613949,32.667015,1.3368707,,,,,,,,,,,0.0,0.0,0.0,0.0,0.0,0.0
1773806318.0083117,False,0.79778856,1773806316.4883204,358.21262,257.4734,17.613949,32.667015,1.3368707,,,,,,,,,,,0.0,0.0,0.0,0.0,0.0,0.0
1773806318.018621,False,0.79778856,1773806316.4883204,358.21262,257.4734,17.613949,32.667015,1.3368707,,,,,,,,,,,0.0,0.0,0.0,0.0,0.0,0.0
1773806318.0284493,False,0.79778856,1773806316.4883204,358.21262,257.4734,17.613949,32.667015,1.3368707,,,,,,,,,,,0.0,0.0,0.0,0.0,0.0,0.0
1773806318.0383031,False,0.79778856,1773806316.4883204,358.21262,257.4734,17.613949,32.667015,1.3368707,,,,,,,,,,,0.0,0.0,0.0,0.0,0.0,0.0
1773806318.048616,False,0.79778856,1773806316.4883204,358.21262,257.4734,17.613949,32.667015,1.3368707,,,,,,,,,,,0.0,0.0,0.0,0.0,0.0,0.0
1773806318.0581863,False,0.79778856,1773806316.4883204,358.21262,257.4734,17.613949,32.667015,1.3368707,,,,,,,,,,,0.0,0.0,0.0,0.0,0.0,0.0
1773806318.0682054,False,0.79778856,1773806316.4883204,358.21262,257.4734,17.613949,32.667015,1.3368707,,,,,,,,,,,0.0,0.0,0.0,0.0,0.0,0.0
1773806318.0784285,False,0.79778856,1773806316.4883204,358.21262,257.4734,17.613949,32.667015,1.3368707,,,,,,,,,,,0.0,0.0,0.0,0.0,0.0,0.0
1773806318.0884542,False,0.79778856,1773806316.4883204,358.21262,257.4734,17.613949,32.667015,1.3368707,,,,,,,,,,,0.0,0.0,0.0,0.0,0.0,0.0
1773806318.098269,False,0.79778856,1773806316.4883204,358.21262,257.4734,17.613949,32.667015,1.3368707,,,,,,,,,,,0.0,0.0,0.0,0.0,0.0,0.0
1773806318.108402,False,0.79778856,1773806316.4883204,358.21262,257.4734,17.613949,32.667015,1.3368707,,,,,,,,,,,0.0,0.0,0.0,0.0,0.0,0.0
1773806318.1184218,False,0.79778856,1773806316.4883204,358.21262,257.4734,17.613949,32.667015,1.3368707,,,,,,,,,,,0.0,0.0,0.0,0.0,0.0,0.0
1773806318.1285417,False,0.79778856,1773806316.4883204,358.21262,257.4734,17.613949,32.667015,1.3368707,,,,,,,,,,,0.0,0.0,0.0,0.0,0.0,0.0
1773806318.1380782,False,0.79778856,1773806316.4883204,358.21262,257.4734,17.613949,32.667015,1.3368707,,,,,,,,,,,0.0,0.0,0.0,0.0,0.0,0.0
1773806318.148601,False,0.79778856,1773806316.4883204,358.21262,257.4734,17.613949,32.667015,1.3368707,,,,,,,,,,,0.0,0.0,0.0,0.0,0.0,0.0
1773806318.1581798,False,0.79778856,1773806316.4883204,358.21262,257.4734,17.613949,32.667015,1.3368707,,,,,,,,,,,0.0,0.0,0.0,0.0,0.0,0.0
1773806318.168197,False,0.79778856,1773806316.4883204,358.21262,257.4734,17.613949,32.667015,1.3368707,,,,,,,,,,,0.0,0.0,0.0,0.0,0.0,0.0
1773806318.1781952,False,0.79778856,1773806316.4883204,358.21262,257.4734,17.613949,32.667015,1.3368707,,,,,,,,,,,0.0,0.0,0.0,0.0,0.0,0.0
1773806318.1884809,False,0.79778856,1773806316.4883204,358.21262,257.4734,17.613949,32.667015,1.3368707,,,,,,,,,,,0.0,0.0,0.0,0.0,0.0,0.0
1773806318.198533,False,0.79778856,1773806316.4883204,358.21262,257.4734,17.613949,32.667015,1.3368707,,,,,,,,,,,0.0,0.0,0.0,0.0,0.0,0.0
1773806318.2082791,False,0.79778856,1773806316.4883204,358.21262,257.4734,17.613949,32.667015,1.3368707,,,,,,,,,,,0.0,0.0,0.0,0.0,0.0,0.0
1773806318.218326,False,0.79778856,1773806316.4883204,358.21262,257.4734,17.613949,32.667015,1.3368707,,,,,,,,,,,0.0,0.0,0.0,0.0,0.0,0.0
1773806318.228487,False,0.79778856,1773806316.4883204,358.21262,257.4734,17.613949,32.667015,1.3368707,,,,,,,,,,,0.0,0.0,0.0,0.0,0.0,0.0
1773806318.2383993,False,0.79778856,1773806316.4883204,358.21262,257.4734,17.613949,32.667015,1.3368707,,,,,,,,,,,0.0,0.0,0.0,0.0,0.0,0.0
1773806318.248229,False,0.79778856,1773806316.4883204,358.21262,257.4734,17.613949,32.667015,1.3368707,,,,,,,,,,,0.0,0.0,0.0,0.0,0.0,0.0
1773806318.2582395,False,0.79778856,1773806316.4883204,358.21262,257.4734,17.613949,32.667015,1.3368707,,,,,,,,,,,0.0,0.0,0.0,0.0,0.0,0.0
1773806318.2681785,False,0.79778856,1773806316.4883204,358.21262,257.4734,17.613949,32.667015,1.3368707,,,,,,,,,,,0.0,0.0,0.0,0.0,0.0,0.0
1773806318.2785742,False,0.79778856,1773806316.4883204,358.21262,257.4734,17.613949,32.667015,1.3368707,,,,,,,,,,,0.0,0.0,0.0,0.0,0.0,0.0
1773806318.2886739,False,0.79778856,1773806316.4883204,358.21262,257.4734,17.613949,32.667015,1.3368707,,,,,,,,,,,0.0,0.0,0.0,0.0,0.0,0.0
1773806318.2984452,False,0.79778856,1773806316.4883204,358.21262,257.4734,17.613949,32.667015,1.3368707,,,,,,,,,,,0.0,0.0,0.0,0.0,0.0,0.0
1773806318.3084517,False,0.79778856,1773806316.4883204,358.21262,257.4734,17.613949,32.667015,1.3368707,,,,,,,,,,,0.0,0.0,0.0,0.0,0.0,0.0
1773806318.3184884,False,0.79778856,1773806316.4883204,358.21262,257.4734,17.613949,32.667015,1.3368707,,,,,,,,,,,0.0,0.0,0.0,0.0,0.0,0.0
1773806318.328209,False,0.79778856,1773806316.4883204,358.21262,257.4734,17.613949,32.667015,1.3368707,,,,,,,,,,,0.0,0.0,0.0,0.0,0.0,0.0
1773806318.338332,False,0.79778856,1773806316.4883204,358.21262,257.4734,17.613949,32.667015,1.3368707,,,,,,,,,,,0.0,0.0,0.0,0.0,0.0,0.0
1773806318.348348,False,0.79778856,1773806316.4883204,358.21262,257.4734,17.613949,32.667015,1.3368707,,,,,,,,,,,0.0,0.0,0.0,0.0,0.0,0.0
1773806318.3583157,False,0.79778856,1773806316.4883204,358.21262,257.4734,17.613949,32.667015,1.3368707,,,,,,,,,,,0.0,0.0,0.0,0.0,0.0,0.0
1773806318.3682551,False,0.79778856,1773806316.4883204,358.21262,257.4734,17.613949,32.667015,1.3368707,,,,,,,,,,,0.0,0.0,0.0,0.0,0.0,0.0
1773806318.3784325,False,0.79778856,1773806316.4883204,358.21262,257.4734,17.613949,32.667015,1.3368707,,,,,,,,,,,0.0,0.0,0.0,0.0,0.0,0.0
1773806318.3885543,False,0.79778856,1773806316.4883204,358.21262,257.4734,17.613949,32.667015,1.3368707,,,,,,,,,,,0.0,0.0,0.0,0.0,0.0,0.0
1773806318.3986325,False,0.79778856,1773806316.4883204,358.21262,257.4734,17.613949,32.667015,1.3368707,,,,,,,,,,,0.0,0.0,0.0,0.0,0.0,0.0
1773806318.4082184,False,0.79778856,1773806316.4883204,358.21262,257.4734,17.613949,32.667015,1.3368707,,,,,,,,,,,0.0,0.0,0.0,0.0,0.0,0.0
1773806318.4184403,False,0.79778856,1773806316.4883204,358.21262,257.4734,17.613949,32.667015,1.3368707,,,,,,,,,,,0.0,0.0,0.0,0.0,0.0,0.0
1773806318.428571,False,0.79778856,1773806316.4883204,358.21262,257.4734,17.613949,32.667015,1.3368707,,,,,,,,,,,0.0,0.0,0.0,0.0,0.0,0.0
1773806318.4385958,False,0.79778856,1773806316.4883204,358.21262,257.4734,17.613949,32.667015,1.3368707,,,,,,,,,,,0.0,0.0,0.0,0.0,0.0,0.0
1773806318.4481237,False,0.79778856,1773806316.4883204,358.21262,257.4734,17.613949,32.667015,1.3368707,,,,,,,,,,,0.0,0.0,0.0,0.0,0.0,0.0
1773806318.4586513,False,0.79778856,1773806316.4883204,358.21262,257.4734,17.613949,32.667015,1.3368707,,,,,,,,,,,0.0,0.0,0.0,0.0,0.0,0.0
1773806318.4686718,False,0.79778856,1773806316.4883204,358.21262,257.4734,17.613949,32.667015,1.3368707,,,,,,,,,,,0.0,0.0,0.0,0.0,0.0,0.0
1773806318.4786046,False,0.79778856,1773806316.4883204,358.21262,257.4734,17.613949,32.667015,1.3368707,,,,,,,,,,,0.0,0.0,0.0,0.0,0.0,0.0
1773806318.4887862,False,0.79778856,1773806316.4883204,358.21262,257.4734,17.613949,32.667015,1.3368707,,,,,,,,,,,0.0,0.0,0.0,0.0,0.0,0.0
1773806318.49874,False,0.79778856,1773806316.4883204,358.21262,257.4734,17.613949,32.667015,1.3368707,,,,,,,,,,,0.0,0.0,0.0,0.0,0.0,0.0
1773806318.508305,False,0.79778856,1773806316.4883204,358.21262,257.4734,17.613949,32.667015,1.3368707,,,,,,,,,,,0.0,0.0,0.0,0.0,0.0,0.0
1773806318.5183592,False,0.79778856,1773806316.4883204,358.21262,257.4734,17.613949,32.667015,1.3368707,,,,,,,,,,,0.0,0.0,0.0,0.0,0.0,0.0
1773806318.528674,False,0.79778856,1773806316.4883204,358.21262,257.4734,17.613949,32.667015,1.3368707,,,,,,,,,,,0.0,0.0,0.0,0.0,0.0,0.0
1773806318.5384655,False,0.79778856,1773806316.4883204,358.21262,257.4734,17.613949,32.667015,1.3368707,,,,,,,,,,,0.0,0.0,0.0,0.0,0.0,0.0
1773806318.5485246,False,0.79778856,1773806316.4883204,358.21262,257.4734,17.613949,32.667015,1.3368707,,,,,,,,,,,0.0,0.0,0.0,0.0,0.0,0.0
1773806318.5587378,False,0.79778856,1773806316.4883204,358.21262,257.4734,17.613949,32.667015,1.3368707,,,,,,,,,,,0.0,0.0,0.0,0.0,0.0,0.0
1773806318.568515,False,0.79778856,1773806316.4883204,358.21262,257.4734,17.613949,32.667015,1.3368707,,,,,,,,,,,0.0,0.0,0.0,0.0,0.0,0.0
1773806318.578676,False,0.79778856,1773806316.4883204,358.21262,257.4734,17.613949,32.667015,1.3368707,,,,,,,,,,,0.0,0.0,0.0,0.0,0.0,0.0
1773806318.5881925,False,0.79778856,1773806316.4883204,358.21262,257.4734,17.613949,32.667015,1.3368707,,,,,,,,,,,0.0,0.0,0.0,0.0,0.0,0.0
1773806318.5983086,False,0.79778856,1773806316.4883204,358.21262,257.4734,17.613949,32.667015,1.3368707,,,,,,,,,,,0.0,0.0,0.0,0.0,0.0,0.0
1773806318.6086097,False,0.79778856,1773806316.4883204,358.21262,257.4734,17.613949,32.667015,1.3368707,,,,,,,,,,,0.0,0.0,0.0,0.0,0.0,0.0
1773806318.6186414,False,0.79778856,1773806316.4883204,358.21262,257.4734,17.613949,32.667015,1.3368707,,,,,,,,,,,0.0,0.0,0.0,0.0,0.0,0.0
1773806318.628159,False,0.79778856,1773806316.4883204,358.21262,257.4734,17.613949,32.667015,1.3368707,,,,,,,,,,,0.0,0.0,0.0,0.0,0.0,0.0
1773806318.6381855,False,0.79778856,1773806316.4883204,358.21262,257.4734,17.613949,32.667015,1.3368707,,,,,,,,,,,0.0,0.0,0.0,0.0,0.0,0.0
1773806318.648211,False,0.79778856,1773806316.4883204,358.21262,257.4734,17.613949,32.667015,1.3368707,,,,,,,,,,,0.0,0.0,0.0,0.0,0.0,0.0
1773806318.6584902,False,0.79778856,1773806316.4883204,358.21262,257.4734,17.613949,32.667015,1.3368707,,,,,,,,,,,0.0,0.0,0.0,0.0,0.0,0.0
1773806318.668599,False,0.79778856,1773806316.4883204,358.21262,257.4734,17.613949,32.667015,1.3368707,,,,,,,,,,,0.0,0.0,0.0,0.0,0.0,0.0
1773806318.6786146,False,0.79778856,1773806316.4883204,358.21262,257.4734,17.613949,32.667015,1.3368707,,,,,,,,,,,0.0,0.0,0.0,0.0,0.0,0.0
1773806318.6889112,False,0.79778856,1773806316.4883204,358.21262,257.4734,17.613949,32.667015,1.3368707,,,,,,,,,,,0.0,0.0,0.0,0.0,0.0,0.0
1773806318.69847,False,0.79778856,1773806316.4883204,358.21262,257.4734,17.613949,32.667015,1.3368707,,,,,,,,,,,0.0,0.0,0.0,0.0,0.0,0.0
1773806318.7085094,False,0.79778856,1773806316.4883204,358.21262,257.4734,17.613949,32.667015,1.3368707,,,,,,,,,,,0.0,0.0,0.0,0.0,0.0,0.0
1773806318.7185702,False,0.79778856,1773806316.4883204,358.21262,257.4734,17.613949,32.667015,1.3368707,,,,,,,,,,,0.0,0.0,0.0,0.0,0.0,0.0
1773806318.7286236,False,0.79778856,1773806316.4883204,358.21262,257.4734,17.613949,32.667015,1.3368707,,,,,,,,,,,0.0,0.0,0.0,0.0,0.0,0.0
1773806318.7386835,False,0.79778856,1773806316.4883204,358.21262,257.4734,17.613949,32.667015,1.3368707,,,,,,,,,,,0.0,0.0,0.0,0.0,0.0,0.0
1773806318.7487757,False,0.79778856,1773806316.4883204,358.21262,257.4734,17.613949,32.667015,1.3368707,,,,,,,,,,,0.0,0.0,0.0,0.0,0.0,0.0
1773806318.7585104,False,0.79778856,1773806316.4883204,358.21262,257.4734,17.613949,32.667015,1.3368707,,,,,,,,,,,0.0,0.0,0.0,0.0,0.0,0.0
1773806318.7685647,False,0.79778856,1773806316.4883204,358.21262,257.4734,17.613949,32.667015,1.3368707,,,,,,,,,,,0.0,0.0,0.0,0.0,0.0,0.0
1773806318.7785997,False,0.79778856,1773806316.4883204,358.21262,257.4734,17.613949,32.667015,1.3368707,,,,,,,,,,,0.0,0.0,0.0,0.0,0.0,0.0
1773806318.7886295,False,0.79778856,1773806316.4883204,358.21262,257.4734,17.613949,32.667015,1.3368707,,,,,,,,,,,0.0,0.0,0.0,0.0,0.0,0.0
1773806318.7986336,False,0.79778856,1773806316.4883204,358.21262,257.4734,17.613949,32.667015,1.3368707,,,,,,,,,,,0.0,0.0,0.0,0.0,0.0,0.0
1773806318.8086708,False,0.79778856,1773806316.4883204,358.21262,257.4734,17.613949,32.667015,1.3368707,,,,,,,,,,,0.0,0.0,0.0,0.0,0.0,0.0
1773806318.818379,False,0.79778856,1773806316.4883204,358.21262,257.4734,17.613949,32.667015,1.3368707,,,,,,,,,,,0.0,0.0,0.0,0.0,0.0,0.0
1773806318.828514,False,0.79778856,1773806316.4883204,358.21262,257.4734,17.613949,32.667015,1.3368707,,,,,,,,,,,0.0,0.0,0.0,0.0,0.0,0.0
1773806318.8385367,False,0.79778856,1773806316.4883204,358.21262,257.4734,17.613949,32.667015,1.3368707,,,,,,,,,,,0.0,0.0,0.0,0.0,0.0,0.0
1773806318.8485422,False,0.79778856,1773806316.4883204,358.21262,257.4734,17.613949,32.667015,1.3368707,,,,,,,,,,,0.0,0.0,0.0,0.0,0.0,0.0
1773806318.8585906,False,0.79778856,1773806316.4883204,358.21262,257.4734,17.613949,32.667015,1.3368707,,,,,,,,,,,0.0,0.0,0.0,0.0,0.0,0.0
1773806318.868495,False,0.79778856,1773806316.4883204,358.21262,257.4734,17.613949,32.667015,1.3368707,,,,,,,,,,,0.0,0.0,0.0,0.0,0.0,0.0
1773806318.8782492,False,0.79778856,1773806316.4883204,358.21262,257.4734,17.613949,32.667015,1.3368707,,,,,,,,,,,0.0,0.0,0.0,0.0,0.0,0.0
1773806318.8882678,False,0.79778856,1773806316.4883204,358.21262,257.4734,17.613949,32.667015,1.3368707,,,,,,,,,,,0.0,0.0,0.0,0.0,0.0,0.0
1773806318.8988202,False,0.79778856,1773806316.4883204,358.21262,257.4734,17.613949,32.667015,1.3368707,,,,,,,,,,,0.0,0.0,0.0,0.0,0.0,0.0
1773806318.9083483,False,0.79778856,1773806316.4883204,358.21262,257.4734,17.613949,32.667015,1.3368707,,,,,,,,,,,0.0,0.0,0.0,0.0,0.0,0.0
1773806318.918418,False,0.79778856,1773806316.4883204,358.21262,257.4734,17.613949,32.667015,1.3368707,,,,,,,,,,,0.0,0.0,0.0,0.0,0.0,0.0
1773806318.9283168,False,0.79778856,1773806316.4883204,358.21262,257.4734,17.613949,32.667015,1.3368707,,,,,,,,,,,0.0,0.0,0.0,0.0,0.0,0.0
1773806318.9383655,False,0.79778856,1773806316.4883204,358.21262,257.4734,17.613949,32.667015,1.3368707,,,,,,,,,,,0.0,0.0,0.0,0.0,0.0,0.0
1773806318.9483883,False,0.79778856,1773806316.4883204,358.21262,257.4734,17.613949,32.667015,1.3368707,,,,,,,,,,,0.0,0.0,0.0,0.0,0.0,0.0
1773806318.958569,False,0.79778856,1773806316.4883204,358.21262,257.4734,17.613949,32.667015,1.3368707,,,,,,,,,,,0.0,0.0,0.0,0.0,0.0,0.0
1773806318.9682338,False,0.79778856,1773806316.4883204,358.21262,257.4734,17.613949,32.667015,1.3368707,,,,,,,,,,,0.0,0.0,0.0,0.0,0.0,0.0
1773806318.9785607,False,0.79778856,1773806316.4883204,358.21262,257.4734,17.613949,32.667015,1.3368707,,,,,,,,,,,0.0,0.0,0.0,0.0,0.0,0.0
1773806318.988681,False,0.79778856,1773806316.4883204,358.21262,257.4734,17.613949,32.667015,1.3368707,,,,,,,,,,,0.0,0.0,0.0,0.0,0.0,0.0
1773806318.9984145,False,0.79778856,1773806316.4883204,358.21262,257.4734,17.613949,32.667015,1.3368707,,,,,,,,,,,0.0,0.0,0.0,0.0,0.0,0.0
1773806319.0084212,False,0.79778856,1773806316.4883204,358.21262,257.4734,17.613949,32.667015,1.3368707,,,,,,,,,,,0.0,0.0,0.0,0.0,0.0,0.0
1773806319.0188506,False,0.79778856,1773806316.4883204,358.21262,257.4734,17.613949,32.667015,1.3368707,,,,,,,,,,,0.0,0.0,0.0,0.0,0.0,0.0
1773806319.0283656,False,0.79778856,1773806316.4883204,358.21262,257.4734,17.613949,32.667015,1.3368707,,,,,,,,,,,0.0,0.0,0.0,0.0,0.0,0.0
1773806319.0384593,False,0.79778856,1773806316.4883204,358.21262,257.4734,17.613949,32.667015,1.3368707,,,,,,,,,,,0.0,0.0,0.0,0.0,0.0,0.0
1773806319.0483222,False,0.79778856,1773806316.4883204,358.21262,257.4734,17.613949,32.667015,1.3368707,,,,,,,,,,,0.0,0.0,0.0,0.0,0.0,0.0
1773806319.0584276,False,0.79778856,1773806316.4883204,358.21262,257.4734,17.613949,32.667015,1.3368707,,,,,,,,,,,0.0,0.0,0.0,0.0,0.0,0.0
1773806319.0684667,False,0.79778856,1773806316.4883204,358.21262,257.4734,17.613949,32.667015,1.3368707,,,,,,,,,,,0.0,0.0,0.0,0.0,0.0,0.0
1773806319.0786078,False,0.79778856,1773806316.4883204,358.21262,257.4734,17.613949,32.667015,1.3368707,,,,,,,,,,,0.0,0.0,0.0,0.0,0.0,0.0
1773806319.0886626,False,0.79778856,1773806316.4883204,358.21262,257.4734,17.613949,32.667015,1.3368707,,,,,,,,,,,0.0,0.0,0.0,0.0,0.0,0.0
1773806319.0987074,False,0.79778856,1773806316.4883204,358.21262,257.4734,17.613949,32.667015,1.3368707,,,,,,,,,,,0.0,0.0,0.0,0.0,0.0,0.0
1773806319.1083145,False,0.79778856,1773806316.4883204,358.21262,257.4734,17.613949,32.667015,1.3368707,,,,,,,,,,,0.0,0.0,0.0,0.0,0.0,0.0
1773806319.1183877,False,0.79778856,1773806316.4883204,358.21262,257.4734,17.613949,32.667015,1.3368707,,,,,,,,,,,0.0,0.0,0.0,0.0,0.0,0.0
1773806319.1285608,False,0.79778856,1773806316.4883204,358.21262,257.4734,17.613949,32.667015,1.3368707,,,,,,,,,,,0.0,0.0,0.0,0.0,0.0,0.0
1773806319.1384022,False,0.79778856,1773806316.4883204,358.21262,257.4734,17.613949,32.667015,1.3368707,,,,,,,,,,,0.0,0.0,0.0,0.0,0.0,0.0
1773806319.148424,False,0.79778856,1773806316.4883204,358.21262,257.4734,17.613949,32.667015,1.3368707,,,,,,,,,,,0.0,0.0,0.0,0.0,0.0,0.0
1773806319.1586545,False,0.79778856,1773806316.4883204,358.21262,257.4734,17.613949,32.667015,1.3368707,,,,,,,,,,,0.0,0.0,0.0,0.0,0.0,0.0
1773806319.1685872,False,0.79778856,1773806316.4883204,358.21262,257.4734,17.613949,32.667015,1.3368707,,,,,,,,,,,0.0,0.0,0.0,0.0,0.0,0.0
1773806319.1785924,False,0.79778856,1773806316.4883204,358.21262,257.4734,17.613949,32.667015,1.3368707,,,,,,,,,,,0.0,0.0,0.0,0.0,0.0,0.0
1773806319.1881194,False,0.79778856,1773806316.4883204,358.21262,257.4734,17.613949,32.667015,1.3368707,,,,,,,,,,,0.0,0.0,0.0,0.0,0.0,0.0
1773806319.1982014,False,0.79778856,1773806316.4883204,358.21262,257.4734,17.613949,32.667015,1.3368707,,,,,,,,,,,0.0,0.0,0.0,0.0,0.0,0.0
1773806319.2082417,False,0.79778856,1773806316.4883204,358.21262,257.4734,17.613949,32.667015,1.3368707,,,,,,,,,,,0.0,0.0,0.0,0.0,0.0,0.0
1773806319.2182684,False,0.79778856,1773806316.4883204,358.21262,257.4734,17.613949,32.667015,1.3368707,,,,,,,,,,,0.0,0.0,0.0,0.0,0.0,0.0
1773806319.228177,False,0.79778856,1773806316.4883204,358.21262,257.4734,17.613949,32.667015,1.3368707,,,,,,,,,,,0.0,0.0,0.0,0.0,0.0,0.0
1773806319.2383435,False,0.79778856,1773806316.4883204,358.21262,257.4734,17.613949,32.667015,1.3368707,,,,,,,,,,,0.0,0.0,0.0,0.0,0.0,0.0
1773806319.2484124,False,0.79778856,1773806316.4883204,358.21262,257.4734,17.613949,32.667015,1.3368707,,,,,,,,,,,0.0,0.0,0.0,0.0,0.0,0.0
1773806319.258691,False,0.79778856,1773806316.4883204,358.21262,257.4734,17.613949,32.667015,1.3368707,,,,,,,,,,,0.0,0.0,0.0,0.0,0.0,0.0
1773806319.2684393,False,0.79778856,1773806316.4883204,358.21262,257.4734,17.613949,32.667015,1.3368707,,,,,,,,,,,0.0,0.0,0.0,0.0,0.0,0.0
1773806319.2791204,False,0.79778856,1773806316.4883204,358.21262,257.4734,17.613949,32.667015,1.3368707,,,,,,,,,,,0.0,0.0,0.0,0.0,0.0,0.0
1773806319.2884493,False,0.79778856,1773806316.4883204,358.21262,257.4734,17.613949,32.667015,1.3368707,,,,,,,,,,,0.0,0.0,0.0,0.0,0.0,0.0
1773806319.2981591,False,0.79778856,1773806316.4883204,358.21262,257.4734,17.613949,32.667015,1.3368707,,,,,,,,,,,0.0,0.0,0.0,0.0,0.0,0.0
1773806319.308193,False,0.79778856,1773806316.4883204,358.21262,257.4734,17.613949,32.667015,1.3368707,,,,,,,,,,,0.0,0.0,0.0,0.0,0.0,0.0
1773806319.318316,False,0.79778856,1773806316.4883204,358.21262,257.4734,17.613949,32.667015,1.3368707,,,,,,,,,,,0.0,0.0,0.0,0.0,0.0,0.0
1773806319.3282743,False,0.79778856,1773806316.4883204,358.21262,257.4734,17.613949,32.667015,1.3368707,,,,,,,,,,,0.0,0.0,0.0,0.0,0.0,0.0
1773806319.3383615,False,0.79778856,1773806316.4883204,358.21262,257.4734,17.613949,32.667015,1.3368707,,,,,,,,,,,0.0,0.0,0.0,0.0,0.0,0.0
1773806319.3484063,False,0.79778856,1773806316.4883204,358.21262,257.4734,17.613949,32.667015,1.3368707,,,,,,,,,,,0.0,0.0,0.0,0.0,0.0,0.0
1773806319.3587716,False,0.79778856,1773806316.4883204,358.21262,257.4734,17.613949,32.667015,1.3368707,,,,,,,,,,,0.0,0.0,0.0,0.0,0.0,0.0
1773806319.3683186,False,0.79778856,1773806316.4883204,358.21262,257.4734,17.613949,32.667015,1.3368707,,,,,,,,,,,0.0,0.0,0.0,0.0,0.0,0.0
1773806319.3784251,False,0.79778856,1773806316.4883204,358.21262,257.4734,17.613949,32.667015,1.3368707,,,,,,,,,,,0.0,0.0,0.0,0.0,0.0,0.0
1773806319.388453,False,0.79778856,1773806316.4883204,358.21262,257.4734,17.613949,32.667015,1.3368707,,,,,,,,,,,0.0,0.0,0.0,0.0,0.0,0.0
1773806319.3982527,False,0.79778856,1773806316.4883204,358.21262,257.4734,17.613949,32.667015,1.3368707,,,,,,,,,,,0.0,0.0,0.0,0.0,0.0,0.0
1773806319.4087348,False,0.79778856,1773806316.4883204,358.21262,257.4734,17.613949,32.667015,1.3368707,,,,,,,,,,,0.0,0.0,0.0,0.0,0.0,0.0
1773806319.418286,False,0.79778856,1773806316.4883204,358.21262,257.4734,17.613949,32.667015,1.3368707,,,,,,,,,,,0.0,0.0,0.0,0.0,0.0,0.0
1773806319.4283192,False,0.79778856,1773806316.4883204,358.21262,257.4734,17.613949,32.667015,1.3368707,,,,,,,,,,,0.0,0.0,0.0,0.0,0.0,0.0
1773806319.4383876,False,0.79778856,1773806316.4883204,358.21262,257.4734,17.613949,32.667015,1.3368707,,,,,,,,,,,0.0,0.0,0.0,0.0,0.0,0.0
1773806319.448518,False,0.79778856,1773806316.4883204,358.21262,257.4734,17.613949,32.667015,1.3368707,,,,,,,,,,,0.0,0.0,0.0,0.0,0.0,0.0
1773806319.4581985,False,0.79778856,1773806316.4883204,358.21262,257.4734,17.613949,32.667015,1.3368707,,,,,,,,,,,0.0,0.0,0.0,0.0,0.0,0.0
1773806319.4686134,False,0.79778856,1773806316.4883204,358.21262,257.4734,17.613949,32.667015,1.3368707,,,,,,,,,,,0.0,0.0,0.0,0.0,0.0,0.0
1773806319.478276,False,0.79778856,1773806316.4883204,358.21262,257.4734,17.613949,32.667015,1.3368707,,,,,,,,,,,0.0,0.0,0.0,0.0,0.0,0.0
1773806319.4883022,False,0.79778856,1773806316.4883204,358.21262,257.4734,17.613949,32.667015,1.3368707,,,,,,,,,,,0.0,0.0,0.0,0.0,0.0,0.0
1773806319.498328,False,0.79778856,1773806316.4883204,358.21262,257.4734,17.613949,32.667015,1.3368707,,,,,,,,,,,0.0,0.0,0.0,0.0,0.0,0.0
1773806319.5085478,False,0.79778856,1773806316.4883204,358.21262,257.4734,17.613949,32.667015,1.3368707,,,,,,,,,,,0.0,0.0,0.0,0.0,0.0,0.0
1773806319.5184064,False,0.79778856,1773806316.4883204,358.21262,257.4734,17.613949,32.667015,1.3368707,,,,,,,,,,,0.0,0.0,0.0,0.0,0.0,0.0
1773806319.5280786,False,0.79778856,1773806316.4883204,358.21262,257.4734,17.613949,32.667015,1.3368707,,,,,,,,,,,0.0,0.0,0.0,0.0,0.0,0.0
1773806319.5385218,False,0.79778856,1773806316.4883204,358.21262,257.4734,17.613949,32.667015,1.3368707,,,,,,,,,,,0.0,0.0,0.0,0.0,0.0,0.0
1773806319.5485651,False,0.79778856,1773806316.4883204,358.21262,257.4734,17.613949,32.667015,1.3368707,,,,,,,,,,,0.0,0.0,0.0,0.0,0.0,0.0
1773806319.5587103,False,0.79778856,1773806316.4883204,358.21262,257.4734,17.613949,32.667015,1.3368707,,,,,,,,,,,0.0,0.0,0.0,0.0,0.0,0.0
1773806319.56831,False,0.79778856,1773806316.4883204,358.21262,257.4734,17.613949,32.667015,1.3368707,,,,,,,,,,,0.0,0.0,0.0,0.0,0.0,0.0
1773806319.5783768,False,0.79778856,1773806316.4883204,358.21262,257.4734,17.613949,32.667015,1.3368707,,,,,,,,,,,0.0,0.0,0.0,0.0,0.0,0.0
1773806319.5883894,False,0.79778856,1773806316.4883204,358.21262,257.4734,17.613949,32.667015,1.3368707,,,,,,,,,,,0.0,0.0,0.0,0.0,0.0,0.0
1773806319.5983188,False,0.79778856,1773806316.4883204,358.21262,257.4734,17.613949,32.667015,1.3368707,,,,,,,,,,,0.0,0.0,0.0,0.0,0.0,0.0
1773806319.6083515,False,0.79778856,1773806316.4883204,358.21262,257.4734,17.613949,32.667015,1.3368707,,,,,,,,,,,0.0,0.0,0.0,0.0,0.0,0.0
1773806319.6183918,False,0.79778856,1773806316.4883204,358.21262,257.4734,17.613949,32.667015,1.3368707,,,,,,,,,,,0.0,0.0,0.0,0.0,0.0,0.0
1773806319.6284287,False,0.79778856,1773806316.4883204,358.21262,257.4734,17.613949,32.667015,1.3368707,,,,,,,,,,,0.0,0.0,0.0,0.0,0.0,0.0
1773806319.6381414,False,0.79778856,1773806316.4883204,358.21262,257.4734,17.613949,32.667015,1.3368707,,,,,,,,,,,0.0,0.0,0.0,0.0,0.0,0.0
1773806319.6482008,False,0.79778856,1773806316.4883204,358.21262,257.4734,17.613949,32.667015,1.3368707,,,,,,,,,,,0.0,0.0,0.0,0.0,0.0,0.0
1773806319.658599,False,0.79778856,1773806316.4883204,358.21262,257.4734,17.613949,32.667015,1.3368707,,,,,,,,,,,0.0,0.0,0.0,0.0,0.0,0.0
1773806319.6686265,False,0.79778856,1773806316.4883204,358.21262,257.4734,17.613949,32.667015,1.3368707,,,,,,,,,,,0.0,0.0,0.0,0.0,0.0,0.0
1773806319.6782942,False,0.79778856,1773806316.4883204,358.21262,257.4734,17.613949,32.667015,1.3368707,,,,,,,,,,,0.0,0.0,0.0,0.0,0.0,0.0
1773806319.6883883,False,0.79778856,1773806316.4883204,358.21262,257.4734,17.613949,32.667015,1.3368707,,,,,,,,,,,0.0,0.0,0.0,0.0,0.0,0.0
1773806319.6982372,False,0.79778856,1773806316.4883204,358.21262,257.4734,17.613949,32.667015,1.3368707,,,,,,,,,,,0.0,0.0,0.0,0.0,0.0,0.0
1773806319.7085726,False,0.79778856,1773806316.4883204,358.21262,257.4734,17.613949,32.667015,1.3368707,,,,,,,,,,,0.0,0.0,0.0,0.0,0.0,0.0
1773806319.7182271,False,0.79778856,1773806316.4883204,358.21262,257.4734,17.613949,32.667015,1.3368707,,,,,,,,,,,0.0,0.0,0.0,0.0,0.0,0.0
1773806319.7282953,False,0.79778856,1773806316.4883204,358.21262,257.4734,17.613949,32.667015,1.3368707,,,,,,,,,,,0.0,0.0,0.0,0.0,0.0,0.0
1773806319.7382162,False,0.79778856,1773806316.4883204,358.21262,257.4734,17.613949,32.667015,1.3368707,,,,,,,,,,,0.0,0.0,0.0,0.0,0.0,0.0
1773806319.7482345,False,0.79778856,1773806316.4883204,358.21262,257.4734,17.613949,32.667015,1.3368707,,,,,,,,,,,0.0,0.0,0.0,0.0,0.0,0.0
1773806319.7584581,False,0.79778856,1773806316.4883204,358.21262,257.4734,17.613949,32.667015,1.3368707,,,,,,,,,,,0.0,0.0,0.0,0.0,0.0,0.0
1773806319.768302,False,0.79778856,1773806316.4883204,358.21262,257.4734,17.613949,32.667015,1.3368707,,,,,,,,,,,0.0,0.0,0.0,0.0,0.0,0.0
1773806319.77831,False,0.79778856,1773806316.4883204,358.21262,257.4734,17.613949,32.667015,1.3368707,,,,,,,,,,,0.0,0.0,0.0,0.0,0.0,0.0
1773806319.7884495,False,0.79778856,1773806316.4883204,358.21262,257.4734,17.613949,32.667015,1.3368707,,,,,,,,,,,0.0,0.0,0.0,0.0,0.0,0.0
1773806319.7984638,False,0.79778856,1773806316.4883204,358.21262,257.4734,17.613949,32.667015,1.3368707,,,,,,,,,,,0.0,0.0,0.0,0.0,0.0,0.0
1773806319.8086424,False,0.79778856,1773806316.4883204,358.21262,257.4734,17.613949,32.667015,1.3368707,,,,,,,,,,,0.0,0.0,0.0,0.0,0.0,0.0
1773806319.8186812,False,0.79778856,1773806316.4883204,358.21262,257.4734,17.613949,32.667015,1.3368707,,,,,,,,,,,0.0,0.0,0.0,0.0,0.0,0.0
1773806319.828144,False,0.79778856,1773806316.4883204,358.21262,257.4734,17.613949,32.667015,1.3368707,,,,,,,,,,,0.0,0.0,0.0,0.0,0.0,0.0
1773806319.8383427,False,0.79778856,1773806316.4883204,358.21262,257.4734,17.613949,32.667015,1.3368707,,,,,,,,,,,0.0,0.0,0.0,0.0,0.0,0.0
1773806319.8489046,False,0.79778856,1773806316.4883204,358.21262,257.4734,17.613949,32.667015,1.3368707,,,,,,,,,,,0.0,0.0,0.0,0.0,0.0,0.0
1773806319.8581474,False,0.79778856,1773806316.4883204,358.21262,257.4734,17.613949,32.667015,1.3368707,,,,,,,,,,,0.0,0.0,0.0,0.0,0.0,0.0
1773806319.868576,False,0.79778856,1773806316.4883204,358.21262,257.4734,17.613949,32.667015,1.3368707,,,,,,,,,,,0.0,0.0,0.0,0.0,0.0,0.0
1773806319.8783734,False,0.79778856,1773806316.4883204,358.21262,257.4734,17.613949,32.667015,1.3368707,,,,,,,,,,,0.0,0.0,0.0,0.0,0.0,0.0
1773806319.8884177,False,0.79778856,1773806316.4883204,358.21262,257.4734,17.613949,32.667015,1.3368707,,,,,,,,,,,0.0,0.0,0.0,0.0,0.0,0.0
1773806319.8986247,False,0.79778856,1773806316.4883204,358.21262,257.4734,17.613949,32.667015,1.3368707,,,,,,,,,,,0.0,0.0,0.0,0.0,0.0,0.0
1773806319.9083047,False,0.79778856,1773806316.4883204,358.21262,257.4734,17.613949,32.667015,1.3368707,,,,,,,,,,,0.0,0.0,0.0,0.0,0.0,0.0
1773806319.918367,False,0.79778856,1773806316.4883204,358.21262,257.4734,17.613949,32.667015,1.3368707,,,,,,,,,,,0.0,0.0,0.0,0.0,0.0,0.0
1773806319.9281166,False,0.79778856,1773806316.4883204,358.21262,257.4734,17.613949,32.667015,1.3368707,,,,,,,,,,,0.0,0.0,0.0,0.0,0.0,0.0
1773806319.938468,False,0.79778856,1773806316.4883204,358.21262,257.4734,17.613949,32.667015,1.3368707,,,,,,,,,,,0.0,0.0,0.0,0.0,0.0,0.0
1773806319.9485247,False,0.79778856,1773806316.4883204,358.21262,257.4734,17.613949,32.667015,1.3368707,,,,,,,,,,,0.0,0.0,0.0,0.0,0.0,0.0
1773806319.9588218,False,0.79778856,1773806316.4883204,358.21262,257.4734,17.613949,32.667015,1.3368707,,,,,,,,,,,0.0,0.0,0.0,0.0,0.0,0.0
1773806319.9683566,False,0.79778856,1773806316.4883204,358.21262,257.4734,17.613949,32.667015,1.3368707,,,,,,,,,,,0.0,0.0,0.0,0.0,0.0,0.0
1773806319.9788966,False,0.79778856,1773806316.4883204,358.21262,257.4734,17.613949,32.667015,1.3368707,,,,,,,,,,,0.0,0.0,0.0,0.0,0.0,0.0
1773806319.9885204,False,0.79778856,1773806316.4883204,358.21262,257.4734,17.613949,32.667015,1.3368707,,,,,,,,,,,0.0,0.0,0.0,0.0,0.0,0.0
1773806319.9986389,False,0.79778856,1773806316.4883204,358.21262,257.4734,17.613949,32.667015,1.3368707,,,,,,,,,,,0.0,0.0,0.0,0.0,0.0,0.0
1773806320.0086954,False,0.79778856,1773806316.4883204,358.21262,257.4734,17.613949,32.667015,1.3368707,,,,,,,,,,,0.0,0.0,0.0,0.0,0.0,0.0
1773806320.0185227,False,0.79778856,1773806316.4883204,358.21262,257.4734,17.613949,32.667015,1.3368707,,,,,,,,,,,0.0,0.0,0.0,0.0,0.0,0.0
1773806320.0284019,False,0.79778856,1773806316.4883204,358.21262,257.4734,17.613949,32.667015,1.3368707,,,,,,,,,,,0.0,0.0,0.0,0.0,0.0,0.0
1773806320.0384595,False,0.79778856,1773806316.4883204,358.21262,257.4734,17.613949,32.667015,1.3368707,,,,,,,,,,,0.0,0.0,0.0,0.0,0.0,0.0
1773806320.0484955,False,0.79778856,1773806316.4883204,358.21262,257.4734,17.613949,32.667015,1.3368707,,,,,,,,,,,0.0,0.0,0.0,0.0,0.0,0.0
1773806320.0583596,False,0.79778856,1773806316.4883204,358.21262,257.4734,17.613949,32.667015,1.3368707,,,,,,,,,,,0.0,0.0,0.0,0.0,0.0,0.0
1773806320.0682838,False,0.79778856,1773806316.4883204,358.21262,257.4734,17.613949,32.667015,1.3368707,,,,,,,,,,,0.0,0.0,0.0,0.0,0.0,0.0
1773806320.0783284,False,0.79778856,1773806316.4883204,358.21262,257.4734,17.613949,32.667015,1.3368707,,,,,,,,,,,0.0,0.0,0.0,0.0,0.0,0.0
1773806320.0883641,False,0.79778856,1773806316.4883204,358.21262,257.4734,17.613949,32.667015,1.3368707,,,,,,,,,,,0.0,0.0,0.0,0.0,0.0,0.0
1773806320.0984101,False,0.79778856,1773806316.4883204,358.21262,257.4734,17.613949,32.667015,1.3368707,,,,,,,,,,,0.0,0.0,0.0,0.0,0.0,0.0
1773806320.1084416,False,0.79778856,1773806316.4883204,358.21262,257.4734,17.613949,32.667015,1.3368707,,,,,,,,,,,0.0,0.0,0.0,0.0,0.0,0.0
1773806320.1186244,False,0.79778856,1773806316.4883204,358.21262,257.4734,17.613949,32.667015,1.3368707,,,,,,,,,,,0.0,0.0,0.0,0.0,0.0,0.0
1773806320.1282196,False,0.79778856,1773806316.4883204,358.21262,257.4734,17.613949,32.667015,1.3368707,,,,,,,,,,,0.0,0.0,0.0,0.0,0.0,0.0
1773806320.1385527,False,0.79778856,1773806316.4883204,358.21262,257.4734,17.613949,32.667015,1.3368707,,,,,,,,,,,0.0,0.0,0.0,0.0,0.0,0.0
1773806320.1485858,False,0.79778856,1773806316.4883204,358.21262,257.4734,17.613949,32.667015,1.3368707,,,,,,,,,,,0.0,0.0,0.0,0.0,0.0,0.0
1773806320.158621,False,0.79778856,1773806316.4883204,358.21262,257.4734,17.613949,32.667015,1.3368707,,,,,,,,,,,0.0,0.0,0.0,0.0,0.0,0.0
1773806320.1685615,False,0.79778856,1773806316.4883204,358.21262,257.4734,17.613949,32.667015,1.3368707,,,,,,,,,,,0.0,0.0,0.0,0.0,0.0,0.0
1773806320.1785846,False,0.79778856,1773806316.4883204,358.21262,257.4734,17.613949,32.667015,1.3368707,,,,,,,,,,,0.0,0.0,0.0,0.0,0.0,0.0
1773806320.1886537,False,0.79778856,1773806316.4883204,358.21262,257.4734,17.613949,32.667015,1.3368707,,,,,,,,,,,0.0,0.0,0.0,0.0,0.0,0.0
1773806320.1984293,False,0.79778856,1773806316.4883204,358.21262,257.4734,17.613949,32.667015,1.3368707,,,,,,,,,,,0.0,0.0,0.0,0.0,0.0,0.0
1773806320.208675,False,0.79778856,1773806316.4883204,358.21262,257.4734,17.613949,32.667015,1.3368707,,,,,,,,,,,0.0,0.0,0.0,0.0,0.0,0.0
1773806320.2183259,False,0.79778856,1773806316.4883204,358.21262,257.4734,17.613949,32.667015,1.3368707,,,,,,,,,,,0.0,0.0,0.0,0.0,0.0,0.0
1773806320.2284477,False,0.79778856,1773806316.4883204,358.21262,257.4734,17.613949,32.667015,1.3368707,,,,,,,,,,,0.0,0.0,0.0,0.0,0.0,0.0
1773806320.2384949,False,0.79778856,1773806316.4883204,358.21262,257.4734,17.613949,32.667015,1.3368707,,,,,,,,,,,0.0,0.0,0.0,0.0,0.0,0.0
1773806320.2485461,False,0.79778856,1773806316.4883204,358.21262,257.4734,17.613949,32.667015,1.3368707,,,,,,,,,,,0.0,0.0,0.0,0.0,0.0,0.0
1773806320.2584028,False,0.79778856,1773806316.4883204,358.21262,257.4734,17.613949,32.667015,1.3368707,,,,,,,,,,,0.0,0.0,0.0,0.0,0.0,0.0
1773806320.2681377,False,0.79778856,1773806316.4883204,358.21262,257.4734,17.613949,32.667015,1.3368707,,,,,,,,,,,0.0,0.0,0.0,0.0,0.0,0.0
1773806320.2782393,False,0.79778856,1773806316.4883204,358.21262,257.4734,17.613949,32.667015,1.3368707,,,,,,,,,,,0.0,0.0,0.0,0.0,0.0,0.0
1773806320.2887015,False,0.79778856,1773806316.4883204,358.21262,257.4734,17.613949,32.667015,1.3368707,,,,,,,,,,,0.0,0.0,0.0,0.0,0.0,0.0
1773806320.2985618,False,0.79778856,1773806316.4883204,358.21262,257.4734,17.613949,32.667015,1.3368707,,,,,,,,,,,0.0,0.0,0.0,0.0,0.0,0.0
1773806320.3084497,False,0.79778856,1773806316.4883204,358.21262,257.4734,17.613949,32.667015,1.3368707,,,,,,,,,,,0.0,0.0,0.0,0.0,0.0,0.0
1773806320.3189785,False,0.79778856,1773806316.4883204,358.21262,257.4734,17.613949,32.667015,1.3368707,,,,,,,,,,,0.0,0.0,0.0,0.0,0.0,0.0
1773806320.3282263,False,0.79778856,1773806316.4883204,358.21262,257.4734,17.613949,32.667015,1.3368707,,,,,,,,,,,0.0,0.0,0.0,0.0,0.0,0.0
1773806320.3383086,False,0.79778856,1773806316.4883204,358.21262,257.4734,17.613949,32.667015,1.3368707,,,,,,,,,,,0.0,0.0,0.0,0.0,0.0,0.0
1773806320.3485146,False,0.79778856,1773806316.4883204,358.21262,257.4734,17.613949,32.667015,1.3368707,,,,,,,,,,,0.0,0.0,0.0,0.0,0.0,0.0
1773806320.3581834,False,0.79778856,1773806316.4883204,358.21262,257.4734,17.613949,32.667015,1.3368707,,,,,,,,,,,0.0,0.0,0.0,0.0,0.0,0.0
1773806320.3682325,False,0.79778856,1773806316.4883204,358.21262,257.4734,17.613949,32.667015,1.3368707,,,,,,,,,,,0.0,0.0,0.0,0.0,0.0,0.0
1773806320.3787544,False,0.79778856,1773806316.4883204,358.21262,257.4734,17.613949,32.667015,1.3368707,,,,,,,,,,,0.0,0.0,0.0,0.0,0.0,0.0
1773806320.3887815,False,0.79778856,1773806316.4883204,358.21262,257.4734,17.613949,32.667015,1.3368707,,,,,,,,,,,0.0,0.0,0.0,0.0,0.0,0.0
1773806320.398426,False,0.79778856,1773806316.4883204,358.21262,257.4734,17.613949,32.667015,1.3368707,,,,,,,,,,,0.0,0.0,0.0,0.0,0.0,0.0
1773806320.4085066,False,0.79778856,1773806316.4883204,358.21262,257.4734,17.613949,32.667015,1.3368707,,,,,,,,,,,0.0,0.0,0.0,0.0,0.0,0.0
1773806320.418612,False,0.79778856,1773806316.4883204,358.21262,257.4734,17.613949,32.667015,1.3368707,,,,,,,,,,,0.0,0.0,0.0,0.0,0.0,0.0
1773806320.4286165,False,0.79778856,1773806316.4883204,358.21262,257.4734,17.613949,32.667015,1.3368707,,,,,,,,,,,0.0,0.0,0.0,0.0,0.0,0.0
1773806320.438374,False,0.79778856,1773806316.4883204,358.21262,257.4734,17.613949,32.667015,1.3368707,,,,,,,,,,,0.0,0.0,0.0,0.0,0.0,0.0
1773806320.448428,False,0.79778856,1773806316.4883204,358.21262,257.4734,17.613949,32.667015,1.3368707,,,,,,,,,,,0.0,0.0,0.0,0.0,0.0,0.0
1773806320.4584706,False,0.79778856,1773806316.4883204,358.21262,257.4734,17.613949,32.667015,1.3368707,,,,,,,,,,,0.0,0.0,0.0,0.0,0.0,0.0
1773806320.4684982,False,0.79778856,1773806316.4883204,358.21262,257.4734,17.613949,32.667015,1.3368707,,,,,,,,,,,0.0,0.0,0.0,0.0,0.0,0.0
1773806320.4787407,False,0.79778856,1773806316.4883204,358.21262,257.4734,17.613949,32.667015,1.3368707,,,,,,,,,,,0.0,0.0,0.0,0.0,0.0,0.0
1773806320.4883237,False,0.79778856,1773806316.4883204,358.21262,257.4734,17.613949,32.667015,1.3368707,,,,,,,,,,,0.0,0.0,0.0,0.0,0.0,0.0
1773806320.4983962,False,0.79778856,1773806316.4883204,358.21262,257.4734,17.613949,32.667015,1.3368707,,,,,,,,,,,0.0,0.0,0.0,0.0,0.0,0.0
1773806320.5084553,False,0.79778856,1773806316.4883204,358.21262,257.4734,17.613949,32.667015,1.3368707,,,,,,,,,,,0.0,0.0,0.0,0.0,0.0,0.0
1773806320.518582,False,0.79778856,1773806316.4883204,358.21262,257.4734,17.613949,32.667015,1.3368707,,,,,,,,,,,0.0,0.0,0.0,0.0,0.0,0.0
1773806320.5281448,False,0.79778856,1773806316.4883204,358.21262,257.4734,17.613949,32.667015,1.3368707,,,,,,,,,,,0.0,0.0,0.0,0.0,0.0,0.0
1773806320.5381641,False,0.79778856,1773806316.4883204,358.21262,257.4734,17.613949,32.667015,1.3368707,,,,,,,,,,,0.0,0.0,0.0,0.0,0.0,0.0
1773806320.5486896,False,0.79778856,1773806316.4883204,358.21262,257.4734,17.613949,32.667015,1.3368707,,,,,,,,,,,0.0,0.0,0.0,0.0,0.0,0.0
1773806320.558503,False,0.79778856,1773806316.4883204,358.21262,257.4734,17.613949,32.667015,1.3368707,,,,,,,,,,,0.0,0.0,0.0,0.0,0.0,0.0
