time,det_valid,det_conf,det_t,det_u,det_v,det_w,det_h,det_theta,u_filtered,v_filtered,area_filtered,sin_filtered,cos_filtered,theta_filtered,e_u,e_v,e_area,e_theta,vx,vy,vz,wx,wy,wz
1773775629,FALSE,,,,,,,,,,,,,,,,,,0,0,0,0,0,0
1773775629,FALSE,,,,,,,,,,,,,,,,,,0,0,0,0,0,0
1773775629,FALSE,,,,,,,,,,,,,,,,,,0,0,0,0,0,0
1773775629,FALSE,,,,,,,,,,,,,,,,,,0,0,0,0,0,0
1773775629,FALSE,,,,,,,,,,,,,,,,,,0,0,0,0,0,0
1773775629,FALSE,,,,,,,,,,,,,,,,,,0,0,0,0,0,0
1773775629,FALSE,,,,,,,,,,,,,,,,,,0,0,0,0,0,0
1773775629,FALSE,,,,,,,,,,,,,,,,,,0,0,0,0,0,0
1773775629,FALSE,,,,,,,,,,,,,,,,,,0,0,0,0,0,0
1773775629,FALSE,,,,,,,,,,,,,,,,,,0,0,0,0,0,0
1773775629,FALSE,,,,,,,,,,,,,,,,,,0,0,0,0,0,0
1773775629,FALSE,,,,,,,,,,,,,,,,,,0,0,0,0,0,0
1773775629,FALSE,,,,,,,,,,,,,,,,,,0,0,0,0,0,0
1773775629,FALSE,,,,,,,,,,,,,,,,,,0,0,0,0,0,0
1773775629,FALSE,,,,,,,,,,,,,,,,,,0,0,0,0,0,0
1773775629,FALSE,,,,,,,,,,,,,,,,,,0,0,0,0,0,0
1773775629,FALSE,,,,,,,,,,,,,,,,,,0,0,0,0,0,0
1773775629,FALSE,,,,,,,,,,,,,,,,,,0,0,0,0,0,0
1773775629,FALSE,,,,,,,,,,,,,,,,,,0,0,0,0,0,0
1773775629,FALSE,,,,,,,,,,,,,,,,,,0,0,0,0,0,0
1773775629,FALSE,,,,,,,,,,,,,,,,,,0,0,0,0,0,0
1773775629,FALSE,,,,,,,,,,,,,,,,,,0,0,0,0,0,0
1773775629,FALSE,,,,,,,,,,,,,,,,,,0,0,0,0,0,0
1773775629,FALSE,,,,,,,,,,,,,,,,,,0,0,0,0,0,0
1773775629,FALSE,,,,,,,,,,,,,,,,,,0,0,0,0,0,0
1773775629,FALSE,,,,,,,,,,,,,,,,,,0,0,0,0,0,0
1773775629,FALSE,,,,,,,,,,,,,,,,,,0,0,0,0,0,0
1773775629,FALSE,,,,,,,,,,,,,,,,,,0,0,0,0,0,0
1773775629,FALSE,,,,,,,,,,,,,,,,,,0,0,0,0,0,0
1773775629,FALSE,,,,,,,,,,,,,,,,,,0,0,0,0,0,0
1773775629,FALSE,,,,,,,,,,,,,,,,,,0,0,0,0,0,0
1773775630,FALSE,,,,,,,,,,,,,,,,,,0,0,0,0,0,0
1773775630,FALSE,,,,,,,,,,,,,,,,,,0,0,0,0,0,0
1773775630,FALSE,,,,,,,,,,,,,,,,,,0,0,0,0,0,0
1773775630,FALSE,,,,,,,,,,,,,,,,,,0,0,0,0,0,0
1773775630,FALSE,,,,,,,,,,,,,,,,,,0,0,0,0,0,0
1773775630,FALSE,,,,,,,,,,,,,,,,,,0,0,0,0,0,0
1773775630,FALSE,,,,,,,,,,,,,,,,,,0,0,0,0,0,0
1773775630,FALSE,,,,,,,,,,,,,,,,,,0,0,0,0,0,0
1773775630,FALSE,,,,,,,,,,,,,,,,,,0,0,0,0,0,0
1773775630,FALSE,,,,,,,,,,,,,,,,,,0,0,0,0,0,0
1773775630,FALSE,,,,,,,,,,,,,,,,,,0,0,0,0,0,0
1773775630,FALSE,,,,,,,,,,,,,,,,,,0,0,0,0,0,0
1773775630,FALSE,,,,,,,,,,,,,,,,,,0,0,0,0,0,0
1773775630,FALSE,,,,,,,,,,,,,,,,,,0,0,0,0,0,0
1773775630,FALSE,,,,,,,,,,,,,,,,,,0,0,0,0,0,0
1773775630,FALSE,,,,,,,,,,,,,,,,,,0,0,0,0,0,0
1773775630,FALSE,,,,,,,,,,,,,,,,,,0,0,0,0,0,0
1773775630,FALSE,,,,,,,,,,,,,,,,,,0,0,0,0,0,0
1773775630,FALSE,,,,,,,,,,,,,,,,,,0,0,0,0,0,0
1773775630,FALSE,,,,,,,,,,,,,,,,,,0,0,0,0,0,0
1773775630,FALSE,,,,,,,,,,,,,,,,,,0,0,0,0,0,0
1773775630,FALSE,,,,,,,,,,,,,,,,,,0,0,0,0,0,0
1773775630,FALSE,,,,,,,,,,,,,,,,,,0,0,0,0,0,0
1773775630,FALSE,,,,,,,,,,,,,,,,,,0,0,0,0,0,0
1773775630,FALSE,,,,,,,,,,,,,,,,,,0,0,0,0,0,0
1773775630,FALSE,,,,,,,,,,,,,,,,,,0,0,0,0,0,0
1773775630,FALSE,,,,,,,,,,,,,,,,,,0,0,0,0,0,0
1773775630,FALSE,,,,,,,,,,,,,,,,,,0,0,0,0,0,0
1773775630,FALSE,,,,,,,,,,,,,,,,,,0,0,0,0,0,0
1773775630,FALSE,,,,,,,,,,,,,,,,,,0,0,0,0,0,0
1773775630,FALSE,,,,,,,,,,,,,,,,,,0,0,0,0,0,0
1773775630,FALSE,,,,,,,,,,,,,,,,,,0,0,0,0,0,0
1773775630,FALSE,,,,,,,,,,,,,,,,,,0,0,0,0,0,0
1773775630,FALSE,,,,,,,,,,,,,,,,,,0,0,0,0,0,0
1773775630,FALSE,,,,,,,,,,,,,,,,,,0,0,0,0,0,0
1773775630,FALSE,,,,,,,,,,,,,,,,,,0,0,0,0,0,0
1773775630,FALSE,,,,,,,,,,,,,,,,,,0,0,0,0,0,0
1773775630,FALSE,,,,,,,,,,,,,,,,,,0,0,0,0,0,0
1773775630,FALSE,,,,,,,,,,,,,,,,,,0,0,0,0,0,0
1773775630,FALSE,,,,,,,,,,,,,,,,,,0,0,0,0,0,0
1773775630,FALSE,,,,,,,,,,,,,,,,,,0,0,0,0,0,0
1773775630,FALSE,,,,,,,,,,,,,,,,,,0,0,0,0,0,0
1773775630,FALSE,,,,,,,,,,,,,,,,,,0,0,0,0,0,0
1773775630,FALSE,,,,,,,,,,,,,,,,,,0,0,0,0,0,0
1773775630,FALSE,,,,,,,,,,,,,,,,,,0,0,0,0,0,0
1773775630,FALSE,,,,,,,,,,,,,,,,,,0,0,0,0,0,0
1773775630,FALSE,,,,,,,,,,,,,,,,,,0,0,0,0,0,0
1773775630,FALSE,,,,,,,,,,,,,,,,,,0,0,0,0,0,0
1773775630,FALSE,,,,,,,,,,,,,,,,,,0,0,0,0,0,0
1773775630,FALSE,,,,,,,,,,,,,,,,,,0,0,0,0,0,0
1773775630,FALSE,,,,,,,,,,,,,,,,,,0,0,0,0,0,0
1773775630,FALSE,,,,,,,,,,,,,,,,,,0,0,0,0,0,0
1773775630,FALSE,,,,,,,,,,,,,,,,,,0,0,0,0,0,0
1773775630,FALSE,,,,,,,,,,,,,,,,,,0,0,0,0,0,0
1773775630,FALSE,,,,,,,,,,,,,,,,,,0,0,0,0,0,0
1773775630,FALSE,,,,,,,,,,,,,,,,,,0,0,0,0,0,0
1773775630,FALSE,,,,,,,,,,,,,,,,,,0,0,0,0,0,0
1773775630,FALSE,,,,,,,,,,,,,,,,,,0,0,0,0,0,0
1773775630,FALSE,,,,,,,,,,,,,,,,,,0,0,0,0,0,0
1773775630,FALSE,,,,,,,,,,,,,,,,,,0,0,0,0,0,0
1773775630,FALSE,,,,,,,,,,,,,,,,,,0,0,0,0,0,0
1773775630,FALSE,,,,,,,,,,,,,,,,,,0,0,0,0,0,0
1773775630,FALSE,,,,,,,,,,,,,,,,,,0,0,0,0,0,0
1773775630,FALSE,,,,,,,,,,,,,,,,,,0,0,0,0,0,0
1773775630,FALSE,,,,,,,,,,,,,,,,,,0,0,0,0,0,0
1773775630,FALSE,,,,,,,,,,,,,,,,,,0,0,0,0,0,0
1773775630,FALSE,,,,,,,,,,,,,,,,,,0,0,0,0,0,0
1773775630,FALSE,,,,,,,,,,,,,,,,,,0,0,0,0,0,0
1773775630,FALSE,,,,,,,,,,,,,,,,,,0,0,0,0,0,0
1773775630,FALSE,,,,,,,,,,,,,,,,,,0,0,0,0,0,0
1773775630,FALSE,,,,,,,,,,,,,,,,,,0,0,0,0,0,0
1773775630,FALSE,,,,,,,,,,,,,,,,,,0,0,0,0,0,0
1773775630,FALSE,,,,,,,,,,,,,,,,,,0,0,0,0,0,0
1773775630,FALSE,,,,,,,,,,,,,,,,,,0,0,0,0,0,0
1773775630,FALSE,,,,,,,,,,,,,,,,,,0,0,0,0,0,0
1773775630,FALSE,,,,,,,,,,,,,,,,,,0,0,0,0,0,0
1773775630,FALSE,,,,,,,,,,,,,,,,,,0,0,0,0,0,0
1773775630,FALSE,,,,,,,,,,,,,,,,,,0,0,0,0,0,0
1773775630,FALSE,,,,,,,,,,,,,,,,,,0,0,0,0,0,0
1773775630,FALSE,,,,,,,,,,,,,,,,,,0,0,0,0,0,0
1773775630,FALSE,,,,,,,,,,,,,,,,,,0,0,0,0,0,0
1773775630,FALSE,,,,,,,,,,,,,,,,,,0,0,0,0,0,0
1773775630,FALSE,,,,,,,,,,,,,,,,,,0,0,0,0,0,0
1773775630,FALSE,,,,,,,,,,,,,,,,,,0,0,0,0,0,0
1773775630,FALSE,,,,,,,,,,,,,,,,,,0,0,0,0,0,0
1773775630,FALSE,,,,,,,,,,,,,,,,,,0,0,0,0,0,0
1773775630,FALSE,,,,,,,,,,,,,,,,,,0,0,0,0,0,0
1773775630,FALSE,,,,,,,,,,,,,,,,,,0,0,0,0,0,0
1773775630,FALSE,,,,,,,,,,,,,,,,,,0,0,0,0,0,0
1773775630,FALSE,,,,,,,,,,,,,,,,,,0,0,0,0,0,0
1773775630,FALSE,,,,,,,,,,,,,,,,,,0,0,0,0,0,0
1773775630,FALSE,,,,,,,,,,,,,,,,,,0,0,0,0,0,0
1773775630,FALSE,,,,,,,,,,,,,,,,,,0,0,0,0,0,0
1773775630,FALSE,,,,,,,,,,,,,,,,,,0,0,0,0,0,0
1773775630,FALSE,,,,,,,,,,,,,,,,,,0,0,0,0,0,0
1773775630,FALSE,,,,,,,,,,,,,,,,,,0,0,0,0,0,0
1773775630,FALSE,,,,,,,,,,,,,,,,,,0,0,0,0,0,0
1773775630,FALSE,,,,,,,,,,,,,,,,,,0,0,0,0,0,0
1773775630,FALSE,,,,,,,,,,,,,,,,,,0,0,0,0,0,0
1773775631,FALSE,,,,,,,,,,,,,,,,,,0,0,0,0,0,0
1773775631,FALSE,,,,,,,,,,,,,,,,,,0,0,0,0,0,0
1773775631,FALSE,,,,,,,,,,,,,,,,,,0,0,0,0,0,0
1773775631,FALSE,,,,,,,,,,,,,,,,,,0,0,0,0,0,0
1773775631,FALSE,,,,,,,,,,,,,,,,,,0,0,0,0,0,0
1773775631,FALSE,,,,,,,,,,,,,,,,,,0,0,0,0,0,0
1773775631,FALSE,,,,,,,,,,,,,,,,,,0,0,0,0,0,0
1773775631,FALSE,,,,,,,,,,,,,,,,,,0,0,0,0,0,0
1773775631,FALSE,,,,,,,,,,,,,,,,,,0,0,0,0,0,0
1773775631,FALSE,,,,,,,,,,,,,,,,,,0,0,0,0,0,0
1773775631,FALSE,,,,,,,,,,,,,,,,,,0,0,0,0,0,0
1773775631,FALSE,,,,,,,,,,,,,,,,,,0,0,0,0,0,0
1773775631,FALSE,,,,,,,,,,,,,,,,,,0,0,0,0,0,0
1773775631,FALSE,,,,,,,,,,,,,,,,,,0,0,0,0,0,0
1773775631,FALSE,,,,,,,,,,,,,,,,,,0,0,0,0,0,0
1773775631,FALSE,,,,,,,,,,,,,,,,,,0,0,0,0,0,0
1773775631,FALSE,,,,,,,,,,,,,,,,,,0,0,0,0,0,0
1773775631,FALSE,,,,,,,,,,,,,,,,,,0,0,0,0,0,0
1773775631,FALSE,,,,,,,,,,,,,,,,,,0,0,0,0,0,0
1773775631,FALSE,,,,,,,,,,,,,,,,,,0,0,0,0,0,0
1773775631,FALSE,,,,,,,,,,,,,,,,,,0,0,0,0,0,0
1773775631,FALSE,,,,,,,,,,,,,,,,,,0,0,0,0,0,0
1773775631,FALSE,,,,,,,,,,,,,,,,,,0,0,0,0,0,0
1773775631,FALSE,,,,,,,,,,,,,,,,,,0,0,0,0,0,0
1773775631,FALSE,,,,,,,,,,,,,,,,,,0,0,0,0,0,0
1773775631,FALSE,,,,,,,,,,,,,,,,,,0,0,0,0,0,0
1773775631,FALSE,,,,,,,,,,,,,,,,,,0,0,0,0,0,0
1773775631,FALSE,,,,,,,,,,,,,,,,,,0,0,0,0,0,0
1773775631,FALSE,,,,,,,,,,,,,,,,,,0,0,0,0,0,0
1773775631,FALSE,,,,,,,,,,,,,,,,,,0,0,0,0,0,0
1773775631,FALSE,,,,,,,,,,,,,,,,,,0,0,0,0,0,0
1773775631,FALSE,,,,,,,,,,,,,,,,,,0,0,0,0,0,0
1773775631,FALSE,,,,,,,,,,,,,,,,,,0,0,0,0,0,0
1773775631,FALSE,,,,,,,,,,,,,,,,,,0,0,0,0,0,0
1773775631,FALSE,,,,,,,,,,,,,,,,,,0,0,0,0,0,0
1773775631,FALSE,,,,,,,,,,,,,,,,,,0,0,0,0,0,0
1773775631,FALSE,,,,,,,,,,,,,,,,,,0,0,0,0,0,0
1773775631,FALSE,,,,,,,,,,,,,,,,,,0,0,0,0,0,0
1773775631,FALSE,,,,,,,,,,,,,,,,,,0,0,0,0,0,0
1773775631,FALSE,,,,,,,,,,,,,,,,,,0,0,0,0,0,0
1773775631,FALSE,,,,,,,,,,,,,,,,,,0,0,0,0,0,0
1773775631,FALSE,,,,,,,,,,,,,,,,,,0,0,0,0,0,0
1773775631,FALSE,,,,,,,,,,,,,,,,,,0,0,0,0,0,0
1773775631,FALSE,,,,,,,,,,,,,,,,,,0,0,0,0,0,0
1773775631,FALSE,,,,,,,,,,,,,,,,,,0,0,0,0,0,0
1773775631,FALSE,,,,,,,,,,,,,,,,,,0,0,0,0,0,0
1773775631,FALSE,,,,,,,,,,,,,,,,,,0,0,0,0,0,0
1773775631,FALSE,,,,,,,,,,,,,,,,,,0,0,0,0,0,0
1773775631,FALSE,,,,,,,,,,,,,,,,,,0,0,0,0,0,0
1773775631,FALSE,,,,,,,,,,,,,,,,,,0,0,0,0,0,0
1773775631,FALSE,,,,,,,,,,,,,,,,,,0,0,0,0,0,0
1773775631,FALSE,,,,,,,,,,,,,,,,,,0,0,0,0,0,0
1773775631,FALSE,,,,,,,,,,,,,,,,,,0,0,0,0,0,0
1773775631,FALSE,,,,,,,,,,,,,,,,,,0,0,0,0,0,0
1773775631,FALSE,,,,,,,,,,,,,,,,,,0,0,0,0,0,0
1773775631,FALSE,,,,,,,,,,,,,,,,,,0,0,0,0,0,0
1773775631,FALSE,,,,,,,,,,,,,,,,,,0,0,0,0,0,0
1773775631,FALSE,,,,,,,,,,,,,,,,,,0,0,0,0,0,0
1773775631,TRUE,0.69663954,1773775631,401.9538,405.06784,90.14211,42.97225,0.04063261,401.9538,405.06784,3873.6096,0.040621429,0.999174609,0.040632609,81.9538,165.06784,0.542812253,-0.040632609,-0.04917228,-0.05,-0.023493376,0,0,-0.000406326
1773775631,TRUE,0.69663954,1773775631,401.9538,405.06784,90.14211,42.97225,0.04063261,401.9538,405.06784,3873.6094,0.040621429,0.999174609,0.040632609,81.9538,165.06784,0.542812184,-0.040632609,-0.04917228,-0.05,-0.023493373,0,0,-0.000406326
1773775631,TRUE,0.69663954,1773775631,401.9538,405.06784,90.14211,42.97225,0.04063261,401.9538,405.06784,3873.6094,0.040621429,0.999174609,0.040632609,81.9538,165.06784,0.542812184,-0.040632609,-0.04917228,-0.05,-0.023493373,0,0,-0.000406326
1773775631,TRUE,0.69663954,1773775631,401.9538,405.06784,90.14211,42.97225,0.04063261,401.9538,405.06784,3873.6094,0.040621429,0.999174609,0.040632609,81.9538,165.06784,0.542812184,-0.040632609,-0.04917228,-0.05,-0.023493373,0,0,-0.000406326
1773775631,TRUE,0.69663954,1773775631,401.9538,405.06784,90.14211,42.97225,0.04063261,401.9538,405.06784,3873.6094,0.040621429,0.999174609,0.040632609,81.9538,165.06784,0.542812184,-0.040632609,-0.04917228,-0.05,-0.023493373,0,0,-0.000406326
1773775631,TRUE,0.8836839,1773775631,343.98383,312.0639,28.393406,60.135517,1.5752524,384.5628,377.16666,3223.7622,0.328432022,0.698085405,0.439750215,64.562805,137.16666,0.359174485,-0.439750215,-0.038737684,-0.05,-0.015545377,0,0,-0.004397502
1773775631,TRUE,0.8836839,1773775631,343.98383,312.0639,28.393406,60.135517,1.5752524,372.38913,357.63583,2768.8691,0.529899437,0.487322962,0.827229368,52.38913,117.63583,0.207064387,-0.827229368,-0.031433478,-0.05,-0.008961923,0,0,-0.008272294
1773775631,TRUE,0.8836839,1773775631,343.98383,312.0639,28.393406,60.135517,1.5752524,363.86755,343.96423,2450.444,0.670926627,0.339789251,1.102003867,43.867554,103.96423,0.084894693,-1.102003867,-0.026320534,-0.05,-0.003674315,0,0,-0.011020039
1773775631,TRUE,0.8836839,1773775631,343.98383,312.0639,28.393406,60.135517,1.5752524,357.90244,334.39413,2227.5464,0.769645661,0.236515654,1.272651607,37.902435,94.394135,0,-1.272651607,-0.022741463,-0.05,0,0,0,-0.012726516
1773775631,TRUE,0.8836839,1773775631,343.98383,312.0639,28.393406,60.135517,1.5752524,353.72687,327.69507,2071.518,0.838748984,0.164224136,1.377445818,33.726868,87.69507,-0.083092874,-1.377445818,-0.020236121,-0.05,0.00359633,0,0,-0.013774458
1773775631,TRUE,0.7948841,1773775631,330.31427,294.60638,55.34723,25.898565,0.003709118,346.7031,317.76846,1880.0868,0.588237022,0.414954832,0.95644127,26.703094,77.76846,-0.180056644,-0.95644127,-0.016021857,-0.04666108,0.007793005,0,0,-0.009564413
1773775631,TRUE,0.7948841,1773775631,330.31427,294.60638,55.34723,25.898565,0.003709118,341.78644,310.81985,1746.085,0.412878648,0.590466319,0.610216829,21.786438,70.819855,-0.253998456,-0.610216829,-0.013071863,-0.042491917,0.010993269,0,0,-0.006102168
1773775631,TRUE,0.7948841,1773775631,330.31427,294.60638,55.34723,25.898565,0.003709118,338.3448,305.9558,1652.2836,0.290127786,0.713324359,0.38629144,18.344788,65.95581,-0.309216249,-0.38629144,-0.011006873,-0.039573487,0.013383142,0,0,-0.003862914
1773775631,TRUE,0.7948841,1773775631,330.31427,294.60638,55.34723,25.898565,0.003709118,335.93564,302.551,1586.6227,0.204202183,0.799324988,0.250118625,15.935638,62.550995,-0.349766941,-0.250118625,-0.009561383,-0.037530597,0.015138211,0,0,-0.002501186
1773775631,TRUE,0.7948841,1773775631,330.31427,294.60638,55.34723,25.898565,0.003709118,334.2492,300.1676,1540.66,0.144054261,0.859525428,0.166054157,14.249207,60.167603,-0.379163674,-0.166054157,-0.008549525,-0.036100563,0.016410527,0,0,-0.001660542
1773775631,TRUE,0.7948841,1773775631,330.31427,294.60638,55.34723,25.898565,0.003709118,333.06873,298.49924,1508.4862,0.101950715,0.901665736,0.112591114,13.068726,58.499237,-0.400267969,-0.112591114,-0.007841236,-0.035099544,0.017323938,0,0,-0.001125911
1773775631,TRUE,0.7948841,1773775631,330.31427,294.60638,55.34723,25.898565,0.003709118,332.24237,297.3314,1485.9645,0.072478234,0.931163952,0.077679547,12.242371,57.33139,-0.415310512,-0.077679547,-0.007345423,-0.034398835,0.017974992,0,0,-0.000776795
1773775631,TRUE,0.67522,1773775631,329.27658,286.9746,55.4169,26.61836,0.006436372,331.35263,294.22437,1482.7073,0.052665662,0.951808552,0.055275835,11.352631,54.224365,-0.417504926,-0.055275835,-0.006811579,-0.03253462,0.018069969,0,0,-0.000552758
1773775631,TRUE,0.67522,1773775631,329.27658,286.9746,55.4169,26.61836,0.006436372,330.72983,292.04944,1480.4271,0.038796861,0.966259772,0.040130029,10.729828,52.04944,-0.419043895,-0.040130029,-0.006437897,-0.031229664,0.018136576,0,0,-0.0004013
1773775631,TRUE,0.67522,1773775631,329.27658,286.9746,55.4169,26.61836,0.006436372,330.29385,290.52698,1478.831,0.029088701,0.976375627,0.029783721,10.293854,50.526978,-0.420122603,0,-0.006176313,-0.030316187,0.018183264,0,0,0
1773775631,TRUE,0.67522,1773775631,329.27658,286.9746,55.4169,26.61836,0.006436372,329.98868,289.46127,1477.7139,0.022292989,0.983456725,0.02266411,9.988678,49.461273,-0.420878373,0,-0.005993207,-0.029676765,0.018215974,0,0,0
1773775631,TRUE,0.67522,1773775631,329.27658,286.9746,55.4169,26.61836,0.006436372,329.77505,288.71527,1476.9318,0.01753599,0.988413493,0.017739692,9.775055,48.71527,-0.421407761,0,-0.005865033,-0.029229164,0.018238887,0,0,0
1773775631,TRUE,0.8703935,1773775631,327.6084,283.1965,55.702007,24.102383,0.014996854,329.12506,287.05963,1436.6176,0.016774081,0.99185571,0.016910203,9.125061,47.05963,-0.449083135,0,-0.005475037,-0.02823578,0.0194367,0,0,0
1773775631,TRUE,0.8703935,1773775631,327.6084,283.1965,55.702007,24.102383,0.014996854,328.67007,285.9007,1408.3976,0.016240744,0.994265262,0.016332965,8.670074,45.900696,-0.468921985,0,-0.005202045,-0.02754042,0.020295343,0,0,0
1773775631,TRUE,0.8703935,1773775631,327.6084,283.1965,55.702007,24.102383,0.014996854,328.35156,285.08942,1388.6437,0.015867408,0.995951948,0.015930554,8.3515625,45.089417,-0.483047043,0,-0.005010938,-0.02705365,0.020906687,0,0,0
1773775631,TRUE,0.8703935,1773775631,327.6084,283.1965,55.702007,24.102383,0.014996854,328.1286,284.52155,1374.8159,0.015606073,0.997132628,0.015649673,8.128601,44.521545,-0.493054752,0,-0.004877161,-0.026712928,0.021339829,0,0,0
1773775631,TRUE,0.8703935,1773775631,327.6084,283.1965,55.702007,24.102383,0.014996854,327.97253,284.12402,1365.1365,0.015423139,0.997959105,0.01545345,7.972534,44.124023,-0.500120182,0,-0.004783521,-0.026474414,0.021645627,0,0,0
1773775631,TRUE,0.8703935,1773775631,327.6084,283.1965,55.702007,24.102383,0.014996854,327.86328,283.84576,1358.3608,0.015295085,0.998537638,0.015316286,7.8632812,43.845764,-0.505095845,0,-0.004717969,-0.02630746,0.021860978,0,0,0
1773775631,TRUE,0.88332564,1773775631,327.57846,280.58408,23.617962,53.713387,1.5685843,327.77783,282.86725,1331.4329,0.310705825,0.699639947,0.41793156,7.777832,42.86725,-0.525118815,-0.41793156,-0.0046667,-0.02572035,0.022727589,0,0,-0.004179316
1773775631,TRUE,0.88332564,1773775631,327.57846,280.58408,23.617962,53.713387,1.5685843,327.71802,282.18228,1312.5833,0.517493344,0.490411564,0.81226108,7.7180176,42.18228,-0.53937743,-0.81226108,-0.004630811,-0.02530937,0.023344714,0,0,-0.008122611
1773775631,TRUE,0.88332564,1773775631,327.57846,280.58408,23.617962,53.713387,1.5685843,327.67615,281.70282,1299.3885,0.662244607,0.343951695,1.091771031,7.6761475,41.70282,-0.549480753,-1.091771031,-0.004605689,-0.025021693,0.023781995,0,0,-0.01091771
1773775631,TRUE,0.88332564,1773775631,327.57846,280.58408,23.617962,53.713387,1.5685843,327.64685,281.3672,1290.1522,0.763570491,0.241429787,1.264557537,7.6468506,41.367188,-0.556614301,-1.264557537,-0.00458811,-0.024820313,0.024090741,0,0,-0.012645575
1773775631,TRUE,0.88332564,1773775631,327.57846,280.58408,23.617962,53.713387,1.5685843,327.62634,281.13226,1283.6868,0.83449861,0.169664452,1.370217188,7.626343,41.132263,-0.56163834,-1.370217188,-0.004575806,-0.024679359,0.024308185,0,0,-0.013702172
1773775631,TRUE,0.89831775,1773775631,328.53204,280.267,24.146603,55.970993,1.5685108,327.89807,280.87268,1304.0336,0.884148243,0.119450782,1.436506774,7.8980713,40.87268,-0.545912394,-1.436506774,-0.004738843,-0.02452361,0.023627553,0,0,-0.014365068
1773775631,TRUE,0.89831775,1773775631,328.53204,280.267,24.146603,55.970993,1.5685108,328.08826,280.69098,1318.2762,0.918902987,0.084301214,1.479311266,8.088257,40.69098,-0.535049583,-1.479311266,-0.004852954,-0.024414588,0.023157401,0,0,-0.014793113
1773775631,TRUE,0.89831775,1773775631,328.53204,280.267,24.146603,55.970993,1.5685108,328.22137,280.56378,1328.2461,0.943231307,0.059696516,1.507591256,8.2213745,40.56378,-0.527515201,-1.507591256,-0.004932825,-0.02433827,0.022831307,0,0,-0.015075913
1773775631,TRUE,0.89831775,1773775631,328.53204,280.267,24.146603,55.970993,1.5685108,328.31458,280.47473,1335.2251,0.960261131,0.042473227,1.526594223,8.314575,40.47473,-0.522274667,-1.526594223,-0.004988745,-0.02428484,0.022604492,0,0,-0.015265942
1773775631,TRUE,0.89831775,1773775631,328.53204,280.267,24.146603,55.970993,1.5685108,328.37982,280.4124,1340.1104,0.972182008,0.030416925,1.539519255,8.379822,40.412415,-0.518622585,-1.539519255,-0.005027894,-0.02424745,0.022446427,0,0,-0.015395193
1773775631,TRUE,0.89831775,1773775631,328.53204,280.267,24.146603,55.970993,1.5685108,328.42548,280.36877,1343.53,0.980526622,0.021977514,1.548386089,8.425476,40.368774,-0.516074111,-1.548386089,-0.005055286,-0.024221266,0.022336127,0,0,-0.015483861
1773775631,TRUE,0.8875472,1773775631,329.42737,281.13464,55.894173,25.63136,0.003857235,328.72604,280.5985,1370.2642,0.687525803,0.315382028,1.140714323,8.726044,40.59851,-0.49637103,-1.140714323,-0.005235626,-0.024359107,0.021483361,0,0,-0.011407143
1773775631,TRUE,0.8875472,1773775631,329.42737,281.13464,55.894173,25.63136,0.003857235,328.93646,280.75934,1388.978,0.48242523,0.520765188,0.747198728,8.936462,40.75934,-0.482806296,-0.747198728,-0.005361878,-0.024455605,0.020896267,0,0,-0.007471987
1773775631,TRUE,0.8875472,1773775631,329.42737,281.13464,55.894173,25.63136,0.003857235,329.08374,280.87195,1402.0776,0.338854829,0.6645334,0.471547251,9.08374,40.87195,-0.473419414,-0.471547251,-0.005450245,-0.02452317,0.020489995,0,0,-0.004715473
1773775632,TRUE,0.8875472,1773775631,329.42737,281.13464,55.894173,25.63136,0.003857235,329.18683,280.95074,1411.2474,0.238355548,0.765171148,0.301979218,9.186829,40.950745,-0.46690052,-0.301979218,-0.005512097,-0.024570448,0.020207852,0,0,-0.003019792
1773775632,TRUE,0.8875472,1773775631,329.42737,281.13464,55.894173,25.63136,0.003857235,329.25897,281.00592,1417.6663,0.168006051,0.835617572,0.198410881,9.258972,41.00592,-0.462362495,-0.198410881,-0.005555383,-0.024603553,0.020011442,0,0,-0.001984109
1773775632,TRUE,0.8875472,1773775631,329.42737,281.13464,55.894173,25.63136,0.003857235,329.3095,281.04456,1422.1594,0.118761403,0.884930069,0.133407169,9.309509,41.044556,-0.459198152,-0.133407169,-0.005585706,-0.024626734,0.019874487,0,0,-0.001334072
1773775632,TRUE,0.90276045,1773775632,331.48224,282.55435,52.627804,25.112091,0.006853198,329.96133,281.4975,1391.9899,0.085188926,0.919444003,0.092388884,9.961334,41.497498,-0.480640252,-0.092388884,-0.005976801,-0.0248985,0.020802519,0,0,-0.000923889
1773775632,TRUE,0.90276045,1773775632,331.48224,282.55435,52.627804,25.112091,0.006853198,330.4176,281.81458,1370.8712,0.061688191,0.943603757,0.065282204,10.417603,41.814575,-0.49592806,-0.065282204,-0.006250562,-0.025088746,0.021464189,0,0,-0.000652822
1773775632,TRUE,0.90276045,1773775632,331.48224,282.55435,52.627804,25.112091,0.006853198,330.737,282.0365,1356.0881,0.045237677,0.960515585,0.047062509,10.7369995,42.0365,-0.50677037,-0.047062509,-0.0064422,-0.025221901,0.021933453,0,0,-0.000470625
1773775632,TRUE,0.90276045,1773775632,331.48224,282.55435,52.627804,25.112091,0.006853198,330.96057,282.19186,1345.74,0.033722317,0.972353865,0.034667221,10.960571,42.191864,-0.514430506,0,-0.006576343,-0.025315119,0.02226499,0,0,0
1773775632,TRUE,0.90276045,1773775632,331.48224,282.55435,52.627804,25.112091,0.006853198,331.11707,282.3006,1338.4963,0.025661565,0.98064066,0.026162193,11.117065,42.3006,-0.519827739,0,-0.006670239,-0.02538036,0.022498587,0,0,0
1773775632,TRUE,0.89818317,1773775632,332.1263,282.55438,51.820038,24.428253,0.008849695,331.41983,282.37674,1316.7094,0.02061797,0.986436715,0.020898419,11.41983,42.37674,-0.53623884,0,-0.006851899,-0.025426045,0.023208873,0,0,0
1773775632,TRUE,0.89818317,1773775632,332.1263,282.55438,51.820038,24.428253,0.008849695,331.63177,282.43002,1301.4585,0.017087453,0.990493953,0.017249735,11.631775,42.430023,-0.547888983,0,-0.006979066,-0.025458016,0.023713102,0,0,0
1773775632,TRUE,0.89818317,1773775632,332.1263,282.55438,51.820038,24.428253,0.008849695,331.78015,282.46735,1290.7828,0.014616091,0.99333402,0.014713113,11.780151,42.467346,-0.556125641,0,-0.007068091,-0.025480408,0.024069591,0,0,0
1773775632,TRUE,0.89818317,1773775632,332.1263,282.55438,51.820038,24.428253,0.008849695,331.884,282.49347,1283.3099,0.012886138,0.995322066,0.012945978,11.884003,42.49347,-0.561931978,0,-0.007130402,-0.025496082,0.024320894,0,0,0
1773775632,TRUE,0.89818317,1773775632,332.1263,282.55438,51.820038,24.428253,0.008849695,331.9567,282.51175,1278.0789,0.01167517,0.996713699,0.011713129,11.956696,42.51175,-0.566016504,0,-0.007174018,-0.025507051,0.024497676,0,0,0
1773775632,TRUE,0.89818317,1773775632,332.1263,282.55438,51.820038,24.428253,0.008849695,332.0076,282.52454,1274.4171,0.010827493,0.997687842,0.01085216,12.007599,42.524536,-0.568885673,0,-0.00720456,-0.025514724,0.024621856,0,0,0
1773775632,TRUE,0.88463455,1773775632,333.59232,282.1492,51.156937,24.295166,0.003961254,332.48303,282.41193,1264.9519,0.008767618,0.998379135,0.008781627,12.483032,42.411926,-0.576340442,0,-0.00748982,-0.025447156,0.024944505,0,0,0
1773775632,TRUE,0.88463455,1773775632,333.59232,282.1492,51.156937,24.295166,0.003961254,332.8158,282.3331,1258.3262,0.007325706,0.998863041,0.007333913,12.815796,42.3331,-0.58159213,0,-0.007689478,-0.02539986,0.025171802,0,0,0
1773775632,TRUE,0.88463455,1773775632,333.59232,282.1492,51.156937,24.295166,0.003961254,333.04877,282.27792,1253.6882,0.006316367,0.999201775,0.006321329,13.048767,42.277924,-0.585284781,0,-0.007829261,-0.025366755,0.025331624,0,0,0
1773775632,TRUE,0.88463455,1773775632,333.59232,282.1492,51.156937,24.295166,0.003961254,333.21185,282.23932,1250.4417,0.00560983,0.999438889,0.005612921,13.211853,42.23932,-0.587877709,0,-0.007927112,-0.025343593,0.025443848,0,0,0
1773775632,TRUE,0.88463455,1773775632,333.59232,282.1492,51.156937,24.295166,0.003961254,333.326,282.21228,1248.169,0.005115254,0.999604868,0.005117232,13.325989,42.21228,-0.589696886,0,-0.007995593,-0.02532737,0.025522583,0,0,0
1773775632,TRUE,0.9044642,1773775632,334.60254,281.43515,51.921135,24.815004,0.010844506,333.70895,281.97916,1260.2452,0.006833966,0.999705768,0.006835871,13.708954,41.979156,-0.580068223,0,-0.008225373,-0.025187494,0.025105846,0,0,0
1773775632,TRUE,0.9044642,1773775632,334.60254,281.43515,51.921135,24.815004,0.010844506,333.97705,281.81595,1268.6986,0.008037065,0.999776397,0.008038689,13.977051,41.81595,-0.57338289,0,-0.008386231,-0.02508957,0.0248165,0,0,0
1773775632,TRUE,0.9044642,1773775632,334.60254,281.43515,51.921135,24.815004,0.010844506,334.1647,281.70172,1274.616,0.008879233,0.999825838,0.008880547,14.164703,41.70172,-0.568729661,0,-0.008498822,-0.025021033,0.024615104,0,0,0
1773775632,TRUE,0.9044642,1773775632,334.60254,281.43515,51.921135,24.815004,0.010844506,334.29605,281.62177,1278.758,0.009468751,0.999860446,0.00946979,14.296051,41.621765,-0.565485247,0,-0.008577631,-0.024973061,0.024474683,0,0,0
1773775632,TRUE,0.9044642,1773775632,334.60254,281.43515,51.921135,24.815004,0.010844506,334.388,281.5658,1281.6576,0.009881414,0.999884672,0.009882232,14.3880005,41.565796,-0.563220341,0,-0.008632801,-0.02493948,0.024376656,0,0,0
1773775632,TRUE,0.8812172,1773775632,335.7897,281.47974,24.43898,52.945923,1.5780191,334.8085,281.53998,1285.3436,0.306909165,0.697752445,0.414384502,14.808502,41.539978,-0.560348463,-0.414384502,-0.008885101,-0.024923988,0.024252358,0,0,-0.004143845
1773775632,TRUE,0.8812172,1773775632,335.7897,281.47974,24.43898,52.945923,1.5780191,335.10287,281.5219,1287.9238,0.51482859,0.486259885,0.813928062,15.102875,41.52191,-0.558343056,-0.813928062,-0.009061725,-0.024913149,0.024165563,0,0,-0.008139281
1773775632,TRUE,0.8812172,1773775632,335.7897,281.47974,24.43898,52.945923,1.5780191,335.30893,281.50928,1289.73,0.660372188,0.338215094,1.097469458,15.308929,41.509277,-0.556941732,-1.097469458,-0.009185358,-0.024905568,0.024104912,0,0,-0.010974695
1773775632,TRUE,0.8812172,1773775632,335.7897,281.47974,24.43898,52.945923,1.5780191,335.45316,281.50043,1290.9943,0.762252706,0.23458374,1.27224413,15.4531555,41.500427,-0.555961942,-1.27224413,-0.009271894,-0.024900258,0.024062506,0,0,-0.012722441
1773775632,TRUE,0.8812172,1773775632,335.7897,281.47974,24.43898,52.945923,1.5780191,335.5541,281.4942,1291.8793,0.833569069,0.162041792,1.378795799,15.554108,41.4942,-0.555276565,-1.378795799,-0.009332465,-0.024896523,0.024032842,0,0,-0.013787958
1773775632,TRUE,0.8812172,1773775632,335.7897,281.47974,24.43898,52.945923,1.5780191,335.6248,281.48987,1292.4988,0.883490523,0.111262429,1.445520768,15.624786,41.48987,-0.554797175,-1.445520768,-0.009374872,-0.024893923,0.024012094,0,0,-0.014455208
1773775632,TRUE,0.8939173,1773775632,334.79865,281.92456,23.303806,51.73594,1.5676161,335.37695,281.62027,1266.4424,0.918441849,0.078837765,1.485167624,15.376953,41.62027,-0.575162834,-1.485167624,-0.009226172,-0.024972163,0.024893537,0,0,-0.014851676
1773775632,TRUE,0.8939173,1773775632,334.79865,281.92456,23.303806,51.73594,1.5676161,335.20346,281.71155,1248.2029,0.942907777,0.0561405,1.511326776,15.203461,41.711548,-0.58966969,-1.511326776,-0.009122076,-0.02502693,0.025521406,0,0,-0.015113268
1773775632,TRUE,0.8939173,1773775632,334.79865,281.92456,23.303806,51.73594,1.5676161,335.08203,281.77545,1235.4353,0.960033927,0.040252415,1.528892753,15.082031,41.77545,-0.599951167,-1.528892753,-0.009049219,-0.025065273,0.025966397,0,0,-0.015288928
1773775632,TRUE,0.8939173,1773775632,334.79865,281.92456,23.303806,51.73594,1.5676161,334.997,281.8202,1226.498,0.972022232,0.029130756,1.540836067,14.997009,41.82019,-0.60721162,-1.540836067,-0.008998206,-0.025092116,0.026280636,0,0,-0.015408361
1773775632,TRUE,0.8939173,1773775632,334.79865,281.92456,23.303806,51.73594,1.5676161,334.9375,281.8515,1220.242,0.980414045,0.021345594,1.549027746,14.9375,41.8515,-0.612325441,-1.549027746,-0.008962501,-0.025110902,0.026501966,0,0,-0.015490277
1773775632,TRUE,0.88115484,1773775632,334.05853,282.89114,23.901485,51.329834,1.5763966,334.67383,282.1634,1222.2272,0.986285127,0.013261847,1.557350876,14.673828,42.16339,-0.610699779,-1.557350876,-0.008804297,-0.025298037,0.026431606,0,0,-0.015573509
1773775632,TRUE,0.88115484,1773775632,334.05853,282.89114,23.901485,51.329834,1.5763966,334.48926,282.3817,1223.6168,0.990394885,0.007603224,1.563119515,14.489258,42.381714,-0.609563485,-1.563119515,-0.008693555,-0.025429029,0.026382426,0,0,-0.015631195
1773775632,TRUE,0.88115484,1773775632,334.05853,282.89114,23.901485,51.329834,1.5763966,334.36005,282.53455,1224.5896,0.993271715,0.003642189,1.567129483,14.360046,42.534546,-0.608768835,-1.567129483,-0.008616028,-0.025520729,0.026348033,0,0,-0.015671295
1773775632,TRUE,0.88115484,1773775632,334.05853,282.89114,23.901485,51.329834,1.5763966,334.2696,282.64154,1225.2705,0.995285496,0.000869463,1.569922745,14.269592,42.64154,-0.608212956,-1.569922745,-0.008561756,-0.025584925,0.026323974,0,0,-0.015699227
1773775632,TRUE,0.88115484,1773775632,334.05853,282.89114,23.901485,51.329834,1.5763966,334.20627,282.71643,1225.7471,0.996695143,-0.001071444,1.571871323,14.206268,42.71643,-0.607824079,-1.571871323,-0.008523761,-0.02562986,0.026307144,0,0,-0.015718713
1773775632,TRUE,0.89420027,1773775632,332.0898,284.61594,23.718422,55.09515,1.5655398,333.57132,283.2863,1250.054,0.997682455,0.000826929,1.569967477,13.57132,43.286285,-0.588187849,-1.569967477,-0.008142792,-0.025971772,0.025457271,0,0,-0.015699675
1773775632,TRUE,0.89420027,1773775632,332.0898,284.61594,23.718422,55.09515,1.5655398,333.12686,283.68518,1267.0688,0.998373574,0.00215579,1.568637028,13.126862,43.68518,-0.574668311,-1.568637028,-0.007876118,-0.026211109,0.024872134,0,0,-0.01568637
1773775632,TRUE,0.89420027,1773775632,332.0898,284.61594,23.718422,55.09515,1.5655398,332.81573,283.96442,1278.9792,0.998857357,0.003085993,1.567706814,12.815735,43.964417,-0.565312245,-1.567706814,-0.007689441,-0.026378652,0.024467195,0,0,-0.015677068
1773775632,TRUE,0.89420027,1773775632,332.0898,284.61594,23.718422,55.09515,1.5655398,332.59796,284.15985,1287.3165,0.999196006,0.003737135,1.567056203,12.597961,44.15985,-0.558814769,-1.567056203,-0.007558777,-0.026495911,0.024185979,0,0,-0.015670562
1773775632,TRUE,0.89420027,1773775632,332.0898,284.61594,23.718422,55.09515,1.5655398,332.44553,284.2967,1293.1526,0.999433059,0.004192934,1.566601039,12.445526,44.29669,-0.554291453,-1.566601039,-0.007467316,-0.026578017,0.023990206,0,0,-0.01566601
1773775632,TRUE,0.89420027,1773775632,332.0898,284.61594,23.718422,55.09515,1.5655398,332.3388,284.39246,1297.2378,0.999598997,0.004511993,1.566282554,12.338806,44.392456,-0.551137323,-1.566282554,-0.007403284,-0.026635475,0.023853692,0,0,-0.015662826
1773775632,TRUE,0.8987622,1773775632,331.7668,285.61096,23.536594,56.289017,1.5695753,332.1672,284.758,1305.522,0.999719074,0.0035247,1.567270651,12.167206,44.757996,-0.5447716,-1.567270651,-0.007300324,-0.026854798,0.023578179,0,0,-0.015672707
1773775632,TRUE,0.8987622,1773775632,331.7668,285.61096,23.536594,56.289017,1.5695753,332.0471,285.0139,1311.3209,0.999803128,0.002833595,1.567962181,12.047089,45.013885,-0.540339563,-1.567962181,-0.007228253,-0.027008332,0.023386356,0,0,-0.015679622
1773775632,TRUE,0.8987622,1773775632,331.7668,285.61096,23.536594,56.289017,1.5695753,331.963,285.193,1315.3801,0.999861966,0.002349822,1.568446185,11.963013,45.192993,-0.537248854,-1.568446185,-0.007177808,-0.027115798,0.023252588,0,0,-0.015684462
1773775632,TRUE,0.8987622,1773775632,331.7668,285.61096,23.536594,56.289017,1.5695753,331.90414,285.31836,1318.2217,0.999903153,0.00201118,1.568784954,11.904144,45.31836,-0.535090905,-1.568784954,-0.007142487,-0.027191017,0.02315919,0,0,-0.01568785
1773775632,TRUE,0.8987622,1773775632,331.7668,285.61096,23.536594,56.289017,1.5695753,331.86295,285.40613,1320.2107,0.999931983,0.001774131,1.569022077,11.862946,45.406128,-0.533583239,-1.569022077,-0.007117768,-0.027243678,0.023093937,0,0,-0.015690221
1773775632,TRUE,0.9074849,1773775632,331.6051,286.28003,23.856922,57.214874,1.5709673,331.78558,285.6683,1333.6387,0.999952384,0.001190595,1.569605676,11.7855835,45.668304,-0.523463507,-1.569605676,-0.00707135,-0.027400983,0.022655946,0,0,-0.015696057
1773775632,TRUE,0.9074849,1773775632,331.6051,286.28003,23.856922,57.214874,1.5709673,331.73145,285.8518,1343.0383,0.999966664,0.000782119,1.570014181,11.731445,45.851807,-0.516440079,-1.570014181,-0.007038868,-0.027511084,0.022351966,0,0,-0.015700142
1773775632,TRUE,0.9074849,1773775632,331.6051,286.28003,23.856922,57.214874,1.5709673,331.69354,285.9803,1349.6182,0.999976661,0.000496187,1.570300129,11.6935425,45.980286,-0.511552826,-1.570300129,-0.007016126,-0.027588172,0.022140442,0,0,-0.015703001
1773775632,TRUE,0.9074849,1773775632,331.6051,286.28003,23.856922,57.214874,1.5709673,331.667,286.07022,1354.224,0.999983658,0.000296034,1.570500288,11.666992,46.07022,-0.508145975,-1.570500288,-0.007000196,-0.027642135,0.02199299,0,0,-0.015705003
1773775632,TRUE,0.9074849,1773775632,331.6051,286.28003,23.856922,57.214874,1.5709673,331.64844,286.13315,1357.448,0.999988556,0.000155927,1.570640398,11.6484375,46.13315,-0.505768126,-1.570640398,-0.006989063,-0.02767989,0.021890075,0,0,-0.015706404
1773775632,TRUE,0.9074849,1773775632,331.6051,286.28003,23.856922,57.214874,1.5709673,331.63544,286.17722,1359.7048,0.999991985,5.79E-05,1.570738475,11.635437,46.177216,-0.50410692,-1.570738475,-0.006981263,-0.02770633,0.021818177,0,0,-0.015707385
1773775632,TRUE,0.8986477,1773775632,333.3328,287.58032,23.703362,55.303223,1.5692096,332.14465,286.59814,1345.0552,0.999994012,0.000516521,1.570279802,12.144653,46.598145,-0.514939503,-1.570279802,-0.007286792,-0.027958889,0.02228702,0,0,-0.015702798
1773775632,TRUE,0.8986477,1773775632,333.3328,287.58032,23.703362,55.303223,1.5692096,332.5011,286.8928,1334.8003,0.999995431,0.00083759,1.569958733,12.501099,46.89279,-0.522592853,-1.569958733,-0.00750066,-0.028135676,0.022618264,0,0,-0.015699587
1773775632,TRUE,0.8986477,1773775632,333.3328,287.58032,23.703362,55.303223,1.5692096,332.7506,287.09906,1327.6218,0.999996424,0.001062338,1.569733985,12.75061,47.09906,-0.527985324,-1.569733985,-0.007650367,-0.028259438,0.022851654,0,0,-0.01569734
1773775632,TRUE,0.8986477,1773775632,333.3328,287.58032,23.703362,55.303223,1.5692096,332.92526,287.24344,1322.5969,0.999997119,0.001219662,1.569576662,12.925262,47.24344,-0.531777421,-1.569576662,-0.007755158,-0.028346065,0.023015779,0,0,-0.015695767
1773775632,TRUE,0.8986477,1773775632,333.3328,287.58032,23.703362,55.303223,1.5692096,333.04752,287.3445,1319.0796,0.999997606,0.001329788,1.569466536,13.047516,47.344513,-0.534440329,-1.569466536,-0.007828509,-0.02840671,0.023131032,0,0,-0.015694665
1773775632,TRUE,0.8837322,1773775632,333.96616,289.09567,24.586521,56.354652,1.5647951,333.32312,287.86987,1339.0251,0.999992922,0.002731198,1.568065116,13.32312,47.869873,-0.519432673,-1.568065116,-0.007993872,-0.028721925,0.022481488,0,0,-0.015680651
1773775632,TRUE,0.8837322,1773775632,333.96616,289.09567,24.586521,56.354652,1.5647951,333.51605,288.2376,1352.987,0.999989643,0.003712185,1.56708412,13.516052,48.23761,-0.509059767,-1.56708412,-0.008109632,-0.028942566,0.02203254,0,0,-0.015670841
1773775632,TRUE,0.8837322,1773775632,333.96616,289.09567,24.586521,56.354652,1.5647951,333.65106,288.49503,1362.7604,0.999987348,0.004398876,1.566397424,13.651062,48.495026,-0.501862197,-1.566397424,-0.008190637,-0.029097017,0.021721023,0,0,-0.015663974
1773775632,TRUE,0.8837322,1773775632,333.96616,289.09567,24.586521,56.354652,1.5647951,333.7456,288.67523,1369.6017,0.999985742,0.004879559,1.565916737,13.745605,48.675232,-0.496854653,-1.565916737,-0.008247363,-0.02920514,0.021504292,0,0,-0.015659167
1773775632,TRUE,0.8837322,1773775632,333.96616,289.09567,24.586521,56.354652,1.5647951,333.81177,288.80136,1374.3906,0.999984617,0.005216038,1.565580256,13.811768,48.80136,-0.493364067,-1.565580256,-0.008287061,-0.029280817,0.021353217,0,0,-0.015655803
1773775632,TRUE,0.8958016,1773775632,334.4582,289.70486,24.694729,56.06617,1.5662518,334.00568,289.07242,1377.435,0.999986134,0.005014593,1.565781706,14.005676,49.07242,-0.491151485,-1.565781706,-0.008403407,-0.029443452,0.021257454,0,0,-0.015657817
1773775632,TRUE,0.8958016,1773775632,334.4582,289.70486,24.694729,56.06617,1.5662518,334.14142,289.26215,1379.5662,0.999987196,0.004873582,1.565922721,14.141418,49.262146,-0.489605488,-1.565922721,-0.008484852,-0.02955729,0.021190542,0,0,-0.015659227
1773775632,TRUE,0.8958016,1773775632,334.4582,289.70486,24.694729,56.06617,1.5662518,334.23645,289.39496,1381.058,0.999987939,0.004774875,1.566021431,14.23645,49.39496,-0.488524691,-1.566021431,-0.008541871,-0.029636977,0.021143764,0,0,-0.015660214
1773775632,TRUE,0.8958016,1773775632,334.4582,289.70486,24.694729,56.06617,1.5662518,334.30298,289.4879,1382.1023,0.999988459,0.004705779,1.566090528,14.3029785,49.487915,-0.487768857,-1.566090528,-0.008581787,-0.02969275,0.021111051,0,0,-0.015660905
1773775632,TRUE,0.8958016,1773775632,334.4582,289.70486,24.694729,56.06617,1.5662518,334.34955,289.553,1382.8333,0.999988824,0.004657412,1.566138896,14.349548,49.55301,-0.487240122,-1.566138896,-0.00860973,-0.029731806,0.021088167,0,0,-0.015661389
1773775632,TRUE,0.8774258,1773775632,334.66782,288.45703,24.526869,56.42299,1.5595235,334.44504,289.2242,1383.1471,0.999973115,0.006641976,1.56415427,14.445038,49.224213,-0.487013109,-1.56415427,-0.008667023,-0.02953453,0.021078342,0,0,-0.015641543
1773775632,TRUE,0.8774258,1773775632,334.66782,288.45703,24.526869,56.42299,1.5595235,334.51187,288.99405,1383.3667,0.999962119,0.008031171,1.562765025,14.511871,48.99405,-0.486854424,-1.562765025,-0.008707123,-0.029396432,0.021071474,0,0,-0.01562765
1773775632,TRUE,0.8774258,1773775632,334.66782,288.45703,24.526869,56.42299,1.5595235,334.55865,288.83295,1383.5205,0.999954422,0.009003607,1.561792553,14.558655,48.832947,-0.486743184,-1.561792553,-0.008735193,-0.02929977,0.021066659,0,0,-0.015617926
1773775632,TRUE,0.8774258,1773775632,334.66782,288.45703,24.526869,56.42299,1.5595235,334.5914,288.72015,1383.6282,0.999949034,0.009684312,1.561111824,14.5914,48.720154,-0.486665412,-1.561111824,-0.00875484,-0.029232094,0.021063293,0,0,-0.015611118
1773775632,TRUE,0.8774258,1773775632,334.66782,288.45703,24.526869,56.42299,1.5595235,334.61432,288.64124,1383.7035,0.999945262,0.010160806,1.560635314,14.614319,48.641235,-0.486611013,-1.560635314,-0.008768592,-0.029184742,0.021060939,0,0,-0.015606353
1773775632,TRUE,0.88037694,1773775632,335.60858,286.19336,54.360413,23.118721,0.010176948,334.9126,287.90686,1345.6154,0.703014715,0.307097029,1.158949447,14.912598,47.90686,-0.514523131,-1.158949447,-0.008947559,-0.028744118,0.022268999,0,0,-0.011589494
1773775632,TRUE,0.88037694,1773775632,335.60858,286.19336,54.360413,23.118721,0.010176948,335.1214,287.39282,1318.9536,0.495163333,0.514952385,0.765809793,15.121399,47.392822,-0.534535843,-0.765809793,-0.00907284,-0.028435694,0.023135166,0,0,-0.007658098
1773775632,TRUE,0.88037694,1773775632,335.60858,286.19336,54.360413,23.118721,0.010176948,335.26755,287.033,1300.2905,0.349667365,0.660451134,0.486919058,15.267548,47.03299,-0.548786802,-0.486919058,-0.009160529,-0.028219795,0.02375196,0,0,-0.004869191
1773775632,TRUE,0.88037694,1773775632,335.60858,286.19336,54.360413,23.118721,0.010176948,335.36987,286.7811,1287.2263,0.247820187,0.762300258,0.31431804,15.369873,46.781097,-0.55888481,-0.31431804,-0.009221925,-0.02806866,0.02418901,0,0,-0.00314318
1773775632,TRUE,0.88037694,1773775632,335.60858,286.19336,54.360413,23.118721,0.010176948,335.4415,286.60477,1278.0813,0.176527163,0.833594645,0.208683183,15.441498,46.604767,-0.566014614,-0.208683183,-0.009264899,-0.027962862,0.024497594,0,0,-0.002086832
1773775632,TRUE,0.88037694,1773775632,335.60858,286.19336,54.360413,23.118721,0.010176948,335.49164,286.48135,1271.6799,0.126622046,0.883500716,0.142349209,15.491638,46.481354,-0.571035791,-0.142349209,-0.009294983,-0.027888814,0.024714915,0,0,-0.001423492
1773775632,TRUE,0.86797976,1773775632,336.341,283.85254,25.037445,53.232353,1.5706779,335.74646,285.6927,1290.0166,0.38863543,0.618486037,0.561015955,15.74646,45.692688,-0.556719446,-0.561015955,-0.009447876,-0.027415615,0.024095291,0,0,-0.00561016
1773775632,TRUE,0.86797976,1773775632,336.341,283.85254,25.037445,53.232353,1.5706779,335.92484,285.14062,1302.8523,0.572044799,0.432975761,0.922899323,15.924835,45.140625,-0.546818635,-0.922899323,-0.009554901,-0.027084377,0.023666776,0,0,-0.009228993
1773775632,TRUE,0.86797976,1773775632,336.341,283.85254,25.037445,53.232353,1.5706779,336.04968,284.7542,1311.8373,0.700431357,0.303118568,1.162371421,16.049683,44.75421,-0.539945925,-1.162371421,-0.00962981,-0.026852528,0.023369319,0,0,-0.011623714
1773775632,TRUE,0.86797976,1773775632,336.341,283.85254,25.037445,53.232353,1.5706779,336.1371,284.4837,1318.1267,0.790301948,0.212218532,1.308456592,16.137085,44.483704,-0.535162969,-1.308456592,-0.009682251,-0.026690224,0.023162309,0,0,-0.013084566
1773775632,TRUE,0.86797976,1773775632,336.341,283.85254,25.037445,53.232353,1.5706779,336.19827,284.29437,1322.5293,0.853211361,0.148588508,1.398373532,16.198273,44.294373,-0.53182855,-1.398373532,-0.009718964,-0.026576625,0.023017992,0,0,-0.013983735
1773775632,TRUE,0.8922725,1773775632,338.707,285.5031,23.137995,55.67614,1.5686033,336.9509,284.65698,1312.2408,0.897247232,0.10466987,1.454664567,16.950897,44.656982,-0.539638325,-1.454664567,-0.010170539,-0.026794191,0.023356006,0,0,-0.014546646
1773775632,TRUE,0.8922725,1773775632,338.707,285.5031,23.137995,55.67614,1.5686033,337.47772,284.91083,1305.039,0.928072341,0.073926823,1.491307849,17.477722,44.910828,-0.545141645,-1.491307849,-0.010486634,-0.026946498,0.023594194,0,0,-0.014913078
1773775632,TRUE,0.8922725,1773775632,338.707,285.5031,23.137995,55.67614,1.5686033,337.8465,285.0885,1299.9976,0.949649917,0.052406691,1.515666972,17.846497,45.0885,-0.549012183,-1.515666972,-0.010707898,-0.027053101,0.023761715,0,0,-0.01515667
1773775632,TRUE,0.8922725,1773775632,338.707,285.5031,23.137995,55.67614,1.5686033,338.10464,285.2129,1296.4686,0.964754221,0.037342598,1.532108789,18.104645,45.21289,-0.551730449,-1.532108789,-0.010862787,-0.027127735,0.023879363,0,0,-0.015321088
1773775632,TRUE,0.8922725,1773775632,338.707,285.5031,23.137995,55.67614,1.5686033,338.28534,285.29996,1293.9983,0.975327233,0.026797733,1.543327605,18.28534,45.299957,-0.553637703,-1.543327605,-0.010971204,-0.027179975,0.023961911,0,0,-0.015433276
1773775632,TRUE,0.89486665,1773775632,340.296,284.72125,23.507984,54.25895,1.5599121,338.88852,285.12634,1288.4543,0.982711293,0.022023621,1.548388998,18.88852,45.126343,-0.557931231,-1.548388998,-0.011333112,-0.027075807,0.024147739,0,0,-0.01548389
1773775632,TRUE,0.89486665,1773775632,340.296,284.72125,23.507984,54.25895,1.5599121,339.31076,285.00482,1284.5736,0.987880135,0.018681743,1.55188764,19.31076,45.00482,-0.560947706,-1.55188764,-0.011586457,-0.027002895,0.024278294,0,0,-0.015518876
1773775632,TRUE,0.89486665,1773775632,340.296,284.72125,23.507984,54.25895,1.5599121,339.60632,284.91974,1281.8572,0.991498325,0.016342428,1.554315262,19.606323,44.91974,-0.563064582,-1.554315262,-0.011763794,-0.026951844,0.024369914,0,0,-0.015543153
1773775632,TRUE,0.89486665,1773775632,340.296,284.72125,23.507984,54.25895,1.5599121,339.81323,284.8602,1279.9556,0.994031058,0.014704907,1.556004199,19.813232,44.8602,-0.56454915,-1.556004199,-0.01188794,-0.02691612,0.024434168,0,0,-0.015560042
1773775632,TRUE,0.89486665,1773775632,340.296,284.72125,23.507984,54.25895,1.5599121,339.95807,284.8185,1278.6245,0.995803971,0.013558643,1.557181393,19.958069,44.818512,-0.56558965,-1.557181393,-0.011974842,-0.026891109,0.024479201,0,0,-0.015571814
1773775632,TRUE,0.8555537,1773775632,342.76678,282.89166,24.768303,54.992348,1.5669305,340.8007,284.24045,1303.6573,0.997060538,0.010650786,1.560114548,20.80069,44.240448,-0.546200935,-1.560114548,-0.012480415,-0.02654427,0.023640041,0,0,-0.015601145
1773775632,TRUE,0.8555537,1773775632,342.76678,282.89166,24.768303,54.992348,1.5669305,341.39053,283.83582,1321.1803,0.997940135,0.008615285,1.562163473,21.390533,43.835815,-0.532849045,-1.562163473,-0.012834321,-0.02630149,0.02306216,0,0,-0.015621635
1773775633,TRUE,0.8555537,1773775632,342.76678,282.89166,24.768303,54.992348,1.5669305,341.8034,283.55258,1333.4463,0.998555853,0.007190435,1.563595617,21.803406,43.55258,-0.523607785,-1.563595617,-0.013082044,-0.02613155,0.022662191,0,0,-0.015635956
1773775633,TRUE,0.8555537,1773775632,342.76678,282.89166,24.768303,54.992348,1.5669305,342.0924,283.3543,1342.0326,0.998986855,0.00619304,1.564597085,22.092407,43.35431,-0.517189213,-1.564597085,-0.013255445,-0.026012586,0.022384389,0,0,-0.015645971
1773775633,TRUE,0.8555537,1773775632,342.76678,282.89166,24.768303,54.992348,1.5669305,342.2947,283.2155,1348.043,0.999288557,0.005494863,1.565297607,22.294708,43.215515,-0.51272072,-1.565297607,-0.013376826,-0.02592931,0.022190989,0,0,-0.015652976
1773775633,TRUE,0.8555537,1773775632,342.76678,282.89166,24.768303,54.992348,1.5669305,342.43634,283.11835,1352.2502,0.999499748,0.00500614,1.565787723,22.43634,43.118347,-0.509604534,-1.565787723,-0.013461805,-0.025871009,0.022056118,0,0,-0.015657877
1773775633,TRUE,0.8876935,1773775633,344.6803,280.75214,26.799793,57.846115,1.5619017,343.10953,282.4085,1411.6543,0.999637957,0.006172654,1.564621516,23.109528,42.40851,-0.466612303,-1.564621516,-0.013865717,-0.025445106,0.020195378,0,0,-0.015646215
1773775633,TRUE,0.8876935,1773775633,344.6803,280.75214,26.799793,57.846115,1.5619017,343.58075,281.91162,1453.2372,0.999734703,0.006989214,1.563805372,23.58075,41.91162,-0.437580946,-1.563805372,-0.01414845,-0.025146974,0.018938876,0,0,-0.015638054
1773775633,TRUE,0.8876935,1773775633,344.6803,280.75214,26.799793,57.846115,1.5619017,343.9106,281.56378,1482.3452,0.999802425,0.007560806,1.563234171,23.910614,41.56378,-0.417749098,-1.563234171,-0.01434637,-0.02493827,0.018080537,0,0,-0.015632342
1773775633,TRUE,0.8876935,1773775633,344.6803,280.75214,26.799793,57.846115,1.5619017,344.1415,281.3203,1502.7208,0.99984983,0.007960921,1.562834379,24.14151,41.320312,-0.404097194,-1.562834379,-0.014484907,-0.024792189,0.017489671,0,0,-0.015628344
1773775633,TRUE,0.8876935,1773775633,344.6803,280.75214,26.799793,57.846115,1.5619017,344.30313,281.14984,1516.9838,0.999883014,0.008241001,1.562554548,24.303131,41.14984,-0.394650539,-1.562554548,-0.01458188,-0.024689905,0.017080811,0,0,-0.015625545
1773775633,TRUE,0.8876935,1773775633,344.6803,280.75214,26.799793,57.846115,1.5619017,344.4163,281.03052,1526.9679,0.999906243,0.008437057,1.562358679,24.41629,41.030518,-0.388090536,-1.562358679,-0.014649775,-0.02461831,0.016796889,0,0,-0.015623587
1773775633,TRUE,0.8922181,1773775633,345.12848,280.46143,27.160896,59.258675,1.5610294,344.62994,280.8598,1551.7332,0.999920061,0.008835961,1.561959889,24.629944,40.859802,-0.372002078,-1.561959889,-0.014777967,-0.024515882,0.016100567,0,0,-0.015619599
1773775633,TRUE,0.8922181,1773775633,345.12848,280.46143,27.160896,59.258675,1.5610294,344.7795,280.7403,1569.0687,0.999929734,0.009115194,1.561680745,24.77951,40.740295,-0.36089227,-1.561680745,-0.014867707,-0.024444178,0.015619725,0,0,-0.015616807
1773775633,TRUE,0.8922181,1773775633,345.12848,280.46143,27.160896,59.258675,1.5610294,344.88422,280.65662,1581.2037,0.999936505,0.009310657,1.561485348,24.884216,40.656616,-0.35318813,-1.561485348,-0.01493053,-0.02439397,0.015286283,0,0,-0.015614853
1773775633,TRUE,0.8922181,1773775633,345.12848,280.46143,27.160896,59.258675,1.5610294,344.9575,280.59805,1589.6982,0.999941245,0.009447481,1.561348572,24.957489,40.598053,-0.347830373,-1.561348572,-0.014974494,-0.024358833,0.015054395,0,0,-0.015613486
1773775633,TRUE,0.8922181,1773775633,345.12848,280.46143,27.160896,59.258675,1.5610294,345.0088,280.55707,1595.6443,0.999944563,0.009543258,1.56125283,25.00879,40.557068,-0.344096925,-1.56125283,-0.015005274,-0.024334243,0.014892808,0,0,-0.015612528
1773775633,TRUE,0.86044014,1773775633,343.82224,280.63727,27.750605,60.009117,1.5516182,344.65283,280.58112,1616.5377,0.999906026,0.01243336,1.558362439,24.652832,40.581116,-0.331087912,-1.558362439,-0.0147917,-0.02434867,0.014329767,0,0,-0.015583624
1773775633,TRUE,0.86044014,1773775633,343.82224,280.63727,27.750605,60.009117,1.5516182,344.40366,280.59796,1631.1632,0.99987905,0.014456432,1.556339153,24.403656,40.59796,-0.322081188,-1.556339153,-0.014642194,-0.024358777,0.013939948,0,0,-0.015563392
1773775633,TRUE,0.86044014,1773775633,343.82224,280.63727,27.750605,60.009117,1.5516182,344.22922,280.60974,1641.401,0.999860166,0.015872582,1.554922858,24.229218,40.60974,-0.315824394,-1.554922858,-0.014537531,-0.024365846,0.013669149,0,0,-0.015549229
1773775633,TRUE,0.86044014,1773775633,343.82224,280.63727,27.750605,60.009117,1.5516182,344.10712,280.618,1648.5675,0.999846948,0.016863887,1.553931457,24.107117,40.61801,-0.311467856,-1.553931457,-0.01446427,-0.024370808,0.013480594,0,0,-0.015539315
1773775633,TRUE,0.86044014,1773775633,343.82224,280.63727,27.750605,60.009117,1.5516182,344.02167,280.62378,1653.584,0.999837695,0.017557801,1.55323748,24.021667,40.62378,-0.308429541,-1.55323748,-0.014413001,-0.024374269,0.013349093,0,0,-0.015532375
1773775633,TRUE,0.2799563,1773775633,338.87213,285.60562,27.031446,69.2758,1.542824,342.4768,282.11835,1719.2964,0.999769027,0.020681055,1.550113443,22.476807,42.118347,-0.269459416,-1.550113443,-0.013486085,-0.02527101,0.011662433,0,0,-0.015501134
1773775633,TRUE,0.2799563,1773775633,338.87213,285.60562,27.031446,69.2758,1.542824,341.39542,283.16452,1765.2949,0.999720959,0.022867334,1.547926598,21.395416,43.16452,-0.243056818,-1.547926598,-0.012837251,-0.025898714,0.010519706,0,0,-0.015479266
1773775633,TRUE,0.2799563,1773775633,338.87213,285.60562,27.031446,69.2758,1.542824,340.63843,283.89685,1797.4939,0.999687312,0.024397728,1.546395811,20.638428,43.89685,-0.224981121,-1.546395811,-0.012383057,-0.026338112,0.009737374,0,0,-0.015463958
1773775633,TRUE,0.2799563,1773775633,338.87213,285.60562,27.031446,69.2758,1.542824,340.10855,284.4095,1820.0332,0.999663758,0.025469005,1.545324266,20.108551,44.409485,-0.212519836,-1.545324266,-0.012065131,-0.026645692,0.009198039,0,0,-0.015453243
1773775633,TRUE,0.2799563,1773775633,338.87213,285.60562,27.031446,69.2758,1.542824,339.73764,284.7683,1835.8108,0.999647271,0.026218898,1.544574189,19.73764,44.76831,-0.203888345,-1.544574189,-0.011842585,-0.026860988,0.008824461,0,0,-0.015445742
1773775633,TRUE,0.3209198,1773775633,337.95053,290.58322,29.703083,68.576584,1.5477282,339.2015,286.5128,1896.1483,0.999673272,0.025273059,1.545520392,19.201508,46.512787,-0.171549902,-1.545520392,-0.011520905,-0.027907673,0.007424826,0,0,-0.015455204
1773775633,TRUE,0.3209198,1773775633,337.95053,290.58322,29.703083,68.576584,1.5477282,338.82623,287.73392,1938.3846,0.999691473,0.024610971,1.546182732,18.826233,47.733917,-0.149519559,-1.546182732,-0.011295741,-0.028640352,0.006471334,0,0,-0.015461827
1773775633,TRUE,0.3209198,1773775633,337.95053,290.58322,29.703083,68.576584,1.5477282,338.56354,288.5887,1967.9501,0.999704214,0.02414751,1.546646368,18.563538,48.588715,-0.134382159,-1.546646368,-0.011138123,-0.02915323,0.005816174,0,0,-0.015466464
1773775633,TRUE,0.3209198,1773775633,337.95053,290.58322,29.703083,68.576584,1.5477282,338.37964,289.18707,1988.6459,0.999713132,0.023823087,1.546970913,18.379639,49.187073,-0.123920614,-1.546970913,-0.011027784,-0.029512245,0.00536339,0,0,-0.015469709
1773775633,TRUE,0.3209198,1773775633,337.95053,290.58322,29.703083,68.576584,1.5477282,338.25092,289.60593,2003.1329,0.999719375,0.023595991,1.547198094,18.250916,49.605927,-0.116662158,-1.547198094,-0.01095055,-0.029763557,0.005049238,0,0,-0.015471981
1773775633,TRUE,0.3209198,1773775633,337.95053,290.58322,29.703083,68.576584,1.5477282,338.1608,289.8991,2013.2738,0.999723745,0.023437024,1.54735712,18.160797,49.89911,-0.111612439,-1.54735712,-0.010896479,-0.029939467,0.004830681,0,0,-0.015473571
1773775633,TRUE,0.35884306,1773775633,337.05893,297.55545,30.365326,75.1284,1.5578742,337.83023,292.196,2093.6812,0.999781575,0.020282446,1.550512232,17.83023,52.196014,-0.072450714,-1.550512232,-0.010698139,-0.03131761,0.003135729,0,0,-0.015505122
1773775633,TRUE,0.35884306,1773775633,337.05893,297.55545,30.365326,75.1284,1.5578742,337.59885,293.80383,2149.9663,0.999822056,0.018074241,1.552720837,17.598846,53.803833,0,-1.552720837,-0.010559308,-0.0322823,0,0,0,-0.015527208
1773775633,TRUE,0.35884306,1773775633,337.05893,297.55545,30.365326,75.1284,1.5578742,337.43686,294.92932,2189.366,0.999850392,0.016528498,1.554266861,17.43686,54.92932,0,-1.554266861,-0.010462116,-0.032957595,0,0,0,-0.015542669
1773775633,TRUE,0.35884306,1773775633,337.05893,297.55545,30.365326,75.1284,1.5578742,337.3235,295.71716,2216.9458,0.999870228,0.015446478,1.555349073,17.323486,55.717163,0,-1.555349073,-0.010394093,-0.0334303,0,0,0,-0.015553491
1773775633,TRUE,0.35884306,1773775633,337.05893,297.55545,30.365326,75.1284,1.5578742,337.2441,296.26865,2236.2515,0.999884112,0.014689064,1.556106617,17.24411,56.268646,0,-1.556106617,-0.010346467,-0.03376119,0,0,0,-0.015561066
1773775633,TRUE,0.71951485,1773775633,337.14862,300.7508,32.697777,76.58659,1.5621784,337.21545,297.61328,2316.6394,0.999907738,0.012867699,1.557928151,17.215454,57.61328,0,-1.557928151,-0.010329273,-0.03456797,0,0,0,-0.015579282
1773775633,TRUE,0.71951485,1773775633,337.14862,300.7508,32.697777,76.58659,1.5621784,337.1954,298.55453,2372.9111,0.999924277,0.011592743,1.559203225,17.195404,58.554535,0.052742996,-1.559203225,-0.010317243,-0.03513272,-0.002282762,0,0,-0.015592032
1773775633,TRUE,0.71951485,1773775633,337.14862,300.7508,32.697777,76.58659,1.5621784,337.18137,299.2134,2412.3013,0.999935853,0.010700274,1.560095774,17.181366,59.21341,0.069206662,-1.560095774,-0.01030882,-0.03552805,-0.002995323,0,0,-0.015600958
1773775633,TRUE,0.71951485,1773775633,337.14862,300.7508,32.697777,76.58659,1.5621784,337.17154,299.67462,2439.8743,0.999943957,0.010075546,1.560720557,17.17154,59.67462,0.080571894,-1.560720557,-0.010302924,-0.035804775,-0.00348722,0,0,-0.015607206
1773775633,TRUE,0.71951485,1773775633,337.14862,300.7508,32.697777,76.58659,1.5621784,337.16467,299.99747,2459.1753,0.99994963,0.009638236,1.561157903,17.164673,59.997467,0.08845149,-1.561157903,-0.010298804,-0.035998482,-0.003828256,0,0,-0.015611579
1773775633,TRUE,0.71951485,1773775633,337.14862,300.7508,32.697777,76.58659,1.5621784,337.15985,300.22348,2472.686,0.9999536,0.009332119,1.561464045,17.159851,60.22348,0.093930432,-1.561464045,-0.010295911,-0.03613409,-0.004065389,0,0,-0.01561464
1773775633,TRUE,0.71951485,1773775633,337.14862,300.7508,32.697777,76.58659,1.5621784,337.1565,300.38168,2482.1436,0.99995638,0.009117838,1.561678344,17.156494,60.381683,0.097747984,-1.561678344,-0.010293897,-0.03622901,-0.004230616,0,0,-0.015616783
1773775633,TRUE,0.71951485,1773775633,337.14862,300.7508,32.697777,76.58659,1.5621784,337.1541,300.49243,2488.764,0.999958326,0.00896784,1.561828353,17.154114,60.49243,0.100411571,-1.561828353,-0.010292469,-0.036295462,-0.004345898,0,0,-0.015618284
1773775633,TRUE,0.71951485,1773775633,337.14862,300.7508,32.697777,76.58659,1.5621784,337.15247,300.56995,2493.3982,0.999959688,0.008862842,1.561933359,17.152466,60.569946,0.102271902,-1.561933359,-0.01029148,-0.03634197,-0.004426415,0,0,-0.015619334
1773775633,TRUE,0.71951485,1773775633,337.14862,300.7508,32.697777,76.58659,1.5621784,337.1513,300.6242,2496.642,0.999960641,0.008789344,1.562006864,17.151306,60.624207,0.103572077,-1.562006864,-0.010290784,-0.036374524,-0.004482688,0,0,-0.015620069
1773775633,TRUE,0.25001046,1773775633,338.6159,310.86792,35.487274,88.98675,1.5565683,337.5907,303.69733,2695.0186,0.999942084,0.010420815,1.560375285,17.590698,63.697327,0.180030553,-1.560375285,-0.01055442,-0.038218398,-0.007791876,0,0,-0.015603753
1773775633,TRUE,0.25001046,1773775633,338.6159,310.86792,35.487274,88.98675,1.5565683,337.89825,305.8485,2833.882,0.999929093,0.011562845,1.559233177,17.898254,65.84851,0.230272923,-1.559233177,-0.010738953,-0.03950911,-0.009966408,0,0,-0.015592332
1773775633,TRUE,0.25001046,1773775633,338.6159,310.86792,35.487274,88.98675,1.5565683,338.11356,307.3543,2931.0867,0.99992,0.012362266,1.558433701,18.113556,67.35431,0.263998626,-1.558433701,-0.010868134,-0.040412586,-0.011426085,0,0,-0.015584337
1773775633,TRUE,0.25001046,1773775633,338.6159,310.86792,35.487274,88.98675,1.5565683,338.26428,308.4084,2999.13,0.999913635,0.012921861,1.557874069,18.264282,68.40839,0.286947623,-1.557874069,-0.01095857,-0.041045032,-0.012419337,0,0,-0.015578741
1773775633,TRUE,0.25001046,1773775633,338.6159,310.86792,35.487274,88.98675,1.5565683,338.36975,309.14624,3046.76,0.999909179,0.013313577,1.557482327,18.369751,69.14624,0.302704141,-1.557482327,-0.011021852,-0.041487746,-0.013101293,0,0,-0.015574823
1773775633,TRUE,0.3469459,1773775633,339.61472,311.31403,38.917747,90.01465,1.5620809,338.74326,309.79657,3183.6821,0.999925032,0.011934111,1.558861888,18.743256,69.79657,0.346663848,-1.558861888,-0.011245954,-0.041877944,-0.015003906,0,0,-0.015588619
1773775633,TRUE,0.3469459,1773775633,339.61472,311.31403,38.917747,90.01465,1.5620809,339.0047,310.2518,3279.5278,0.999936128,0.010968485,1.559827582,19.0047,70.2518,0.376324883,-1.559827582,-0.01140282,-0.042151082,-0.016287661,0,0,-0.015598276
1773775633,TRUE,0.3469459,1773775633,339.61472,311.31403,38.917747,90.01465,1.5620809,339.1877,310.57047,3346.6196,0.999943896,0.010292546,1.560503567,19.187714,70.570465,0.396576177,-1.560503567,-0.011512629,-0.042342283,-0.017164155,0,0,-0.015605036
1773775633,TRUE,0.3469459,1773775633,339.61472,311.31403,38.917747,90.01465,1.5620809,339.31583,310.79352,3393.584,0.999949333,0.009819389,1.560976756,19.315826,70.79352,0.410511991,-1.560976756,-0.011589496,-0.042476114,-0.017767308,0,0,-0.015609768
1773775633,TRUE,0.3469459,1773775633,339.61472,311.31403,38.917747,90.01465,1.5620809,339.4055,310.94968,3426.459,0.99995314,0.009488179,1.561307988,19.405487,70.94968,0.420152812,-1.561307988,-0.011643292,-0.04256981,-0.018184571,0,0,-0.01561308
1773775633,TRUE,0.3469459,1773775633,339.61472,311.31403,38.917747,90.01465,1.5620809,339.46826,311.05896,3449.4717,0.999955804,0.009256332,1.56153985,19.468262,71.05896,0.426846499,-1.56153985,-0.011680958,-0.042635377,-0.01847428,0,0,-0.015615398
1773775633,TRUE,0.453212,1773775633,339.76862,311.01843,41.216255,91.37184,1.5655508,339.55835,311.0468,3544.4316,0.999964935,0.008053082,1.562743136,19.55835,71.046814,0.454003228,-1.562743136,-0.01173501,-0.04262809,-0.019649646,0,0,-0.015627431
1773775633,TRUE,0.453212,1773775633,339.76862,311.01843,41.216255,91.37184,1.5655508,339.62143,311.0383,3610.9038,0.999971327,0.007210807,1.563585438,19.62143,71.0383,0.472583579,-1.563585438,-0.011772858,-0.042622983,-0.02045382,0,0,-0.015635854
1773775633,TRUE,0.453212,1773775633,339.76862,311.01843,41.216255,91.37184,1.5655508,339.6656,311.03235,3657.434,0.999975802,0.006621215,1.564175049,19.665588,71.03235,0.485387279,-1.564175049,-0.011799353,-0.04261941,-0.021007975,0,0,-0.01564175
1773775633,TRUE,0.453212,1773775633,339.76862,311.01843,41.216255,91.37184,1.5655508,339.6965,311.02817,3690.0054,0.999978934,0.0062085,1.564587776,19.696503,71.02817,0.494253316,-1.564587776,-0.011817902,-0.042616904,-0.021391704,0,0,-0.015645878
1773775633,TRUE,0.453212,1773775633,339.76862,311.01843,41.216255,91.37184,1.5655508,339.71814,311.02524,3712.8052,0.999981126,0.005919599,1.564876685,19.71814,71.02524,0.500413173,-1.564876685,-0.011830884,-0.042615145,-0.021658308,0,0,-0.015648767
1773775633,TRUE,0.453212,1773775633,339.76862,311.01843,41.216255,91.37184,1.5655508,339.73328,311.0232,3728.7651,0.999982661,0.005717369,1.565078921,19.733276,71.02319,0.504702542,-1.565078921,-0.011839966,-0.04261392,-0.021843956,0,0,-0.015650789
1773775633,TRUE,0.453212,1773775633,339.76862,311.01843,41.216255,91.37184,1.5655508,339.7439,311.02176,3739.937,0.999983736,0.005575808,1.565220486,19.743896,71.02176,0.507694176,-1.565220486,-0.011846338,-0.04261306,-0.021973436,0,0,-0.015652205
1773775633,TRUE,0.453212,1773775633,339.76862,311.01843,41.216255,91.37184,1.5655508,339.7513,311.02075,3747.7573,0.999984488,0.005476715,1.565319581,19.751312,71.02075,0.509783072,-1.565319581,-0.011850788,-0.042612452,-0.022063845,0,0,-0.015653196
1773775633,TRUE,0.453212,1773775633,339.76862,311.01843,41.216255,91.37184,1.5655508,339.7565,311.02005,3753.232,0.999985014,0.00540735,1.565388948,19.7565,71.02005,0.511242722,-1.565388948,-0.011853901,-0.04261203,-0.02212702,0,0,-0.015653889
1773775633,TRUE,0.453212,1773775633,339.76862,311.01843,41.216255,91.37184,1.5655508,339.76013,311.01956,3757.064,0.999985382,0.005358795,1.565437505,19.760132,71.01956,0.512263231,-1.565437505,-0.01185608,-0.04261174,-0.022171189,0,0,-0.015654375
1773775633,TRUE,0.453212,1773775633,339.76862,311.01843,41.216255,91.37184,1.5655508,339.7627,311.01923,3759.7466,0.99998564,0.005324806,1.565471495,19.762695,71.019226,0.512976991,-1.565471495,-0.011857618,-0.04261154,-0.022202081,0,0,-0.015654715
1773775633,TRUE,0.453212,1773775633,339.76862,311.01843,41.216255,91.37184,1.5655508,339.76447,311.01898,3761.624,0.999985821,0.005301014,1.565495288,19.764465,71.01898,0.513476255,-1.565495288,-0.011858679,-0.04261139,-0.022223689,0,0,-0.015654953
1773775633,TRUE,0.453212,1773775633,339.76862,311.01843,41.216255,91.37184,1.5655508,339.76572,311.01883,3762.9385,0.999985947,0.005284359,1.565511943,19.765717,71.01883,0.513825599,-1.565511943,-0.011859431,-0.0426113,-0.022238809,0,0,-0.015655119
1773775633,TRUE,0.453212,1773775633,339.76862,311.01843,41.216255,91.37184,1.5655508,339.7666,311.0187,3763.8584,0.999986036,0.005272701,1.565523601,19.766602,71.01871,0.514070024,-1.565523601,-0.011859962,-0.042611226,-0.022249388,0,0,-0.015655236
1773775633,TRUE,0.453212,1773775633,339.76862,311.01843,41.216255,91.37184,1.5655508,339.7672,311.01862,3764.5024,0.999986098,0.00526454,1.565531762,19.767212,71.018616,0.514241115,-1.565531762,-0.011860328,-0.04261117,-0.022256793,0,0,-0.015655318
1773775633,TRUE,0.453212,1773775633,339.76862,311.01843,41.216255,91.37184,1.5655508,339.76764,311.01855,3764.9531,0.999986141,0.005258828,1.565537475,19.76764,71.018555,0.514360861,-1.565537475,-0.011860584,-0.042611133,-0.022261976,0,0,-0.015655375
1773775633,TRUE,0.453212,1773775633,339.76862,311.01843,41.216255,91.37184,1.5655508,339.76794,311.01852,3765.2686,0.999986171,0.005254829,1.565541473,19.767944,71.018524,0.514444603,-1.565541473,-0.011860767,-0.042611115,-0.0222656,0,0,-0.015655415
1773775633,TRUE,0.453212,1773775633,339.76862,311.01843,41.216255,91.37184,1.5655508,339.76813,311.0185,3765.4897,0.999986193,0.00525203,1.565544273,19.768127,71.01849,0.514503397,-1.565544273,-0.011860877,-0.0426111,-0.022268145,0,0,-0.015655443
1773775633,TRUE,0.453212,1773775633,339.76862,311.01843,41.216255,91.37184,1.5655508,339.76828,311.01846,3765.6445,0.999986208,0.005250071,1.565546232,19.76828,71.01846,0.514544444,-1.565546232,-0.011860969,-0.04261108,-0.022269922,0,0,-0.015655462
1773775633,TRUE,0.453212,1773775633,339.76862,311.01843,41.216255,91.37184,1.5655508,339.76837,311.01846,3765.753,0.999986218,0.005248699,1.565547604,19.768372,71.01846,0.514573232,-1.565547604,-0.011861024,-0.04261108,-0.022271168,0,0,-0.015655476
1773775633,FALSE,0.453212,1773775633,339.76862,311.01843,41.216255,91.37184,1.5655508,,,,,,,,,,,0,0,0,0,0,0
1773775633,FALSE,0.453212,1773775633,339.76862,311.01843,41.216255,91.37184,1.5655508,,,,,,,,,,,0,0,0,0,0,0
1773775633,FALSE,0.453212,1773775633,339.76862,311.01843,41.216255,91.37184,1.5655508,,,,,,,,,,,0,0,0,0,0,0
1773775633,FALSE,0.453212,1773775633,339.76862,311.01843,41.216255,91.37184,1.5655508,,,,,,,,,,,0,0,0,0,0,0
1773775633,FALSE,0.453212,1773775633,339.76862,311.01843,41.216255,91.37184,1.5655508,,,,,,,,,,,0,0,0,0,0,0
1773775633,FALSE,0.453212,1773775633,339.76862,311.01843,41.216255,91.37184,1.5655508,,,,,,,,,,,0,0,0,0,0,0
1773775633,FALSE,0.453212,1773775633,339.76862,311.01843,41.216255,91.37184,1.5655508,,,,,,,,,,,0,0,0,0,0,0
1773775633,FALSE,0.453212,1773775633,339.76862,311.01843,41.216255,91.37184,1.5655508,,,,,,,,,,,0,0,0,0,0,0
1773775633,FALSE,0.453212,1773775633,339.76862,311.01843,41.216255,91.37184,1.5655508,,,,,,,,,,,0,0,0,0,0,0
1773775633,FALSE,0.453212,1773775633,339.76862,311.01843,41.216255,91.37184,1.5655508,,,,,,,,,,,0,0,0,0,0,0
1773775633,FALSE,0.453212,1773775633,339.76862,311.01843,41.216255,91.37184,1.5655508,,,,,,,,,,,0,0,0,0,0,0
1773775633,FALSE,0.453212,1773775633,339.76862,311.01843,41.216255,91.37184,1.5655508,,,,,,,,,,,0,0,0,0,0,0
1773775633,FALSE,0.453212,1773775633,339.76862,311.01843,41.216255,91.37184,1.5655508,,,,,,,,,,,0,0,0,0,0,0
1773775633,FALSE,0.453212,1773775633,339.76862,311.01843,41.216255,91.37184,1.5655508,,,,,,,,,,,0,0,0,0,0,0
1773775633,FALSE,0.453212,1773775633,339.76862,311.01843,41.216255,91.37184,1.5655508,,,,,,,,,,,0,0,0,0,0,0
1773775633,FALSE,0.453212,1773775633,339.76862,311.01843,41.216255,91.37184,1.5655508,,,,,,,,,,,0,0,0,0,0,0
1773775633,TRUE,0.8052659,1773775633,332.56857,270.4844,37.232407,86.51621,1.5682327,337.60843,298.85825,3602.3892,0.999989367,0.00444319,1.566353119,17.608429,58.858246,0.470222742,-1.566353119,-0.010565058,-0.035314947,-0.020351641,0,0,-0.015663531
1773775633,TRUE,0.8052659,1773775633,332.56857,270.4844,37.232407,86.51621,1.5682327,336.09647,290.3461,3488.0344,0.999991571,0.003879333,1.56691698,16.096466,50.3461,0.437963833,-1.56691698,-0.00965788,-0.030207662,-0.018955448,0,0,-0.01566917
1773775633,TRUE,0.8052659,1773775633,332.56857,270.4844,37.232407,86.51621,1.5682327,335.0381,284.38757,3407.986,0.999993114,0.003484634,1.567311683,15.038086,44.387573,0.414746926,-1.567311683,-0.009022852,-0.026632546,-0.0179506,0,0,-0.015673117
1773775633,TRUE,0.8052659,1773775633,332.56857,270.4844,37.232407,86.51621,1.5682327,334.29724,280.2166,3351.9524,0.999994194,0.003208344,1.567587975,14.297241,40.216614,0.398168454,-1.567587975,-0.008578345,-0.02412997,-0.01723307,0,0,-0.01567588
1773775633,TRUE,0.8052659,1773775633,332.56857,270.4844,37.232407,86.51621,1.5682327,333.77866,277.29694,3312.7288,0.99999495,0.003014942,1.567781379,13.778656,37.296936,0.38639767,-1.567781379,-0.008267194,-0.022378163,-0.01672362,0,0,-0.015677814
1773775633,TRUE,0.8409548,1773775633,332.5261,269.49756,38.252182,87.75962,1.5648073,333.4029,274.95712,3326.0093,0.999991085,0.003907158,1.566889154,13.402893,34.957123,0.390398643,-1.566889154,-0.008041737,-0.020974275,-0.016896786,0,0,-0.015668892
1773775633,TRUE,0.8409548,1773775633,332.5261,269.49756,38.252182,87.75962,1.5648073,333.13986,273.31927,3335.3057,0.999988379,0.004531709,1.566264596,13.139862,33.319275,0.393189798,-1.566264596,-0.007883918,-0.019991565,-0.017017589,0,0,-0.015662646
1773775634,TRUE,0.8409548,1773775633,332.5261,269.49756,38.252182,87.75962,1.5648073,332.95575,272.17276,3341.813,0.999986485,0.004968895,1.565827406,12.9557495,32.17276,0.395138917,-1.565827406,-0.00777345,-0.019303657,-0.017101949,0,0,-0.015658274
1773775634,TRUE,0.8409548,1773775633,332.5261,269.49756,38.252182,87.75962,1.5648073,332.82684,271.3702,3346.3682,0.999985159,0.005274925,1.565521373,12.826843,31.370209,0.396501043,-1.565521373,-0.007696106,-0.018822126,-0.017160903,0,0,-0.015655214
1773775634,TRUE,0.8409548,1773775633,332.5261,269.49756,38.252182,87.75962,1.5648073,332.73663,270.8084,3349.557,0.999984231,0.005489146,1.565307149,12.736633,30.80841,0.397453469,-1.565307149,-0.00764198,-0.018485047,-0.017202124,0,0,-0.015653071
1773775634,TRUE,0.7399426,1773775634,332.7648,265.12442,36.958004,87.316376,1.561109,332.7451,269.1032,3312.8015,0.999974885,0.006748571,1.564047689,12.745087,29.10321,0.386419621,-1.564047689,-0.007647052,-0.017461928,-0.01672457,0,0,-0.015640477
1773775634,TRUE,0.7399426,1773775634,332.7648,265.12442,36.958004,87.316376,1.561109,332.751,267.90958,3287.0728,0.999968343,0.007630168,1.563166065,12.751007,27.909576,0.378622852,-1.563166065,-0.007650605,-0.016745746,-0.016387119,0,0,-0.015631661
1773775634,TRUE,0.7399426,1773775634,332.7648,265.12442,36.958004,87.316376,1.561109,332.75516,267.07404,3269.0627,0.999963763,0.008247286,1.562548929,12.755157,27.074036,0.373128774,-1.562548929,-0.007653095,-0.016244423,-0.016149331,0,0,-0.015625489
1773775634,TRUE,0.7399426,1773775634,332.7648,265.12442,36.958004,87.316376,1.561109,332.75806,266.48917,3256.4558,0.999960558,0.008679269,1.562116934,12.758057,26.489166,0.369264896,-1.562116934,-0.007654835,-0.0158935,-0.015982099,0,0,-0.015621169
1773775634,TRUE,0.7399426,1773775634,332.7648,265.12442,36.958004,87.316376,1.561109,332.76007,266.07974,3247.6309,0.999958314,0.008981657,1.561814537,12.760071,26.079742,0.366551164,-1.561814537,-0.007656043,-0.015647845,-0.015864646,0,0,-0.015618145
1773775634,TRUE,0.84361154,1773775634,334.8025,263.05896,38.349884,90.81812,1.5688194,333.3728,265.17352,3318.201,0.999970233,0.006880236,1.563915994,13.372803,25.173523,0.388048196,-1.563915994,-0.008023682,-0.015104114,-0.016795056,0,0,-0.01563916
1773775634,TRUE,0.84361154,1773775634,334.8025,263.05896,38.349884,90.81812,1.5688194,333.8017,264.53915,3367.6,0.999978577,0.005409242,1.565387022,13.801697,24.539154,0.402825752,-1.565387022,-0.008281019,-0.014723493,-0.017434641,0,0,-0.01565387
1773775634,TRUE,0.84361154,1773775634,334.8025,263.05896,38.349884,90.81812,1.5688194,334.10193,264.0951,3402.1794,0.999984418,0.004379546,1.566416741,14.101929,24.095093,0.413041648,-1.566416741,-0.008461158,-0.014457056,-0.017876794,0,0,-0.015664167
1773775634,TRUE,0.84361154,1773775634,334.8025,263.05896,38.349884,90.81812,1.5688194,334.3121,263.78424,3426.385,0.999988506,0.003658759,1.567137542,14.312103,23.78424,0.420131197,-1.567137542,-0.008587263,-0.014270545,-0.018183636,0,0,-0.015671375
1773775634,TRUE,0.84361154,1773775634,334.8025,263.05896,38.349884,90.81812,1.5688194,334.45923,263.56665,3443.3289,0.999991368,0.003154208,1.567642102,14.4592285,23.56665,0.425064105,-1.567642102,-0.008675537,-0.014139991,-0.018397136,0,0,-0.015676421
1773775634,TRUE,0.84361154,1773775634,334.8025,263.05896,38.349884,90.81812,1.5688194,334.5622,263.41437,3455.1895,0.999993371,0.002801022,1.567995294,14.562195,23.414368,0.428502712,-1.567995294,-0.008737317,-0.014048621,-0.018545962,0,0,-0.015679953
1773775634,TRUE,0.8439077,1773775634,332.81213,261.1637,40.746944,90.767914,1.5732286,334.03717,262.73917,3528.187,0.999994473,0.001231035,1.569565286,14.03717,22.739166,0.449409588,-1.569565286,-0.008422303,-0.0136435,-0.01945083,0,0,-0.015695653
1773775634,TRUE,0.8439077,1773775634,332.81213,261.1637,40.746944,90.767914,1.5732286,333.66968,262.26654,3579.2856,0.999995243,0.000132044,1.570664282,13.669678,22.26654,0.463788692,-1.570664282,-0.008201807,-0.013359925,-0.020073169,0,0,-0.015706643
1773775634,TRUE,0.8439077,1773775634,332.81213,261.1637,40.746944,90.767914,1.5732286,333.4124,261.9357,3615.0547,0.999995783,-0.00063725,1.571433579,13.412415,21.9357,0.473732405,-1.571433579,-0.008047449,-0.01316142,-0.020503542,0,0,-0.015714336
1773775634,TRUE,0.8439077,1773775634,332.81213,261.1637,40.746944,90.767914,1.5732286,333.23233,261.7041,3640.0928,0.999996161,-0.001175755,1.571972086,13.23233,21.704102,0.480634643,-1.571972086,-0.007939398,-0.013022462,-0.020802276,0,0,-0.015719721
1773775634,TRUE,0.8439077,1773775634,332.81213,261.1637,40.746944,90.767914,1.5732286,333.10626,261.542,3657.6196,0.999996425,-0.001552709,1.57234904,13.106262,21.541992,0.485437975,-1.57234904,-0.007863758,-0.012925196,-0.021010169,0,0,-0.01572349
1773775634,TRUE,0.8636527,1773775634,334.50732,260.0254,39.418842,90.3979,1.5769016,333.52658,261.087,3629.3481,0.999991907,-0.002918454,1.573714796,13.526581,21.087006,0.477678464,-1.573714796,-0.008115949,-0.012652204,-0.020674331,0,0,-0.015737148
1773775634,TRUE,0.8636527,1773775634,334.50732,260.0254,39.418842,90.3979,1.5769016,333.8208,260.76852,3609.558,0.999988744,-0.003874475,1.574670826,13.820801,20.768524,0.472210825,-1.574670826,-0.008292481,-0.012461115,-0.020437686,0,0,-0.015746708
1773775634,TRUE,0.8636527,1773775634,334.50732,260.0254,39.418842,90.3979,1.5769016,334.02676,260.5456,3595.705,0.999986529,-0.004543689,1.575340046,14.026764,20.545593,0.46836556,-1.575340046,-0.008416059,-0.012327356,-0.02027126,0,0,-0.0157534
1773775634,TRUE,0.8636527,1773775634,334.50732,260.0254,39.418842,90.3979,1.5769016,334.17093,260.38953,3586.0078,0.99998498,-0.00501214,1.5758085,14.170929,20.389526,0.465665012,-1.5758085,-0.008502558,-0.012233716,-0.020154378,0,0,-0.015758085
1773775634,TRUE,0.8636527,1773775634,334.50732,260.0254,39.418842,90.3979,1.5769016,334.27185,260.28027,3579.2197,0.999983895,-0.005340055,1.576136417,14.271851,20.280273,0.463770249,-1.576136417,-0.008563111,-0.012168164,-0.020072371,0,0,-0.015761364
1773775634,TRUE,0.86090034,1773775634,333.5401,257.14737,38.25582,90.73697,1.5737122,334.05234,259.3404,3546.819,0.999987451,-0.004612808,1.57540916,14.052338,19.340393,0.454676647,-1.57540916,-0.008431403,-0.011604236,-0.019678792,0,0,-0.015754092
1773775634,TRUE,0.86090034,1773775634,333.5401,257.14737,38.25582,90.73697,1.5737122,333.89868,258.6825,3524.1387,0.99998994,-0.004103735,1.57490008,13.898682,18.682495,0.448261471,-1.57490008,-0.00833921,-0.011209497,-0.019401138,0,0,-0.015749001
1773775634,TRUE,0.86090034,1773775634,333.5401,257.14737,38.25582,90.73697,1.5737122,333.7911,258.22195,3508.2622,0.999991683,-0.003747384,1.574543725,13.791107,18.221954,0.443746265,-1.574543725,-0.008274665,-0.010933173,-0.019205716,0,0,-0.015745437
1773775634,TRUE,0.86090034,1773775634,333.5401,257.14737,38.25582,90.73697,1.5737122,333.71582,257.8996,3497.1487,0.999992903,-0.003497939,1.574294276,13.71582,17.899597,0.440573408,-1.574294276,-0.008229492,-0.010739759,-0.019068392,0,0,-0.015742943
1773775634,TRUE,0.86090034,1773775634,333.5401,257.14737,38.25582,90.73697,1.5737122,333.66312,257.67392,3489.3694,0.999993756,-0.003323327,1.574119662,13.663116,17.67392,0.438346495,-1.574119662,-0.00819787,-0.010604353,-0.018972009,0,0,-0.015741197
1773775634,TRUE,0.86090034,1773775634,333.5401,257.14737,38.25582,90.73697,1.5737122,333.62622,257.51593,3483.9238,0.999994354,-0.003201098,1.573997432,13.626221,17.51593,0.436784623,-1.573997432,-0.008175733,-0.010509559,-0.01890441,0,0,-0.015739974
1773775634,TRUE,0.85252386,1773775634,333.16296,258.3034,39.667633,91.967926,1.5740608,333.48724,257.7522,3533.1917,0.999994449,-0.003220108,1.574016442,13.487244,17.752197,0.450827029,-1.574016442,-0.008092347,-0.010651319,-0.019512178,0,0,-0.015740164
1773775634,TRUE,0.85252386,1773775634,333.16296,258.3034,39.667633,91.967926,1.5740608,333.38995,257.91754,3567.6792,0.999994516,-0.003233415,1.574029749,13.389954,17.917542,0.460540733,-1.574029749,-0.008033972,-0.010750526,-0.019932595,0,0,-0.015740297
1773775634,TRUE,0.85252386,1773775634,333.16296,258.3034,39.667633,91.967926,1.5740608,333.32187,258.03333,3591.8206,0.999994563,-0.00324273,1.574039063,13.321869,18.033325,0.467284662,-1.574039063,-0.007993122,-0.010819996,-0.020224478,0,0,-0.015740391
1773775634,TRUE,0.85252386,1773775634,333.16296,258.3034,39.667633,91.967926,1.5740608,333.2742,258.11435,3608.7195,0.999994595,-0.003249251,1.574045584,13.2742,18.11435,0.471978407,-1.574045584,-0.007964521,-0.01086861,-0.020427627,0,0,-0.015740456
1773775634,TRUE,0.85252386,1773775634,333.16296,258.3034,39.667633,91.967926,1.5740608,333.2408,258.17108,3620.5486,0.999994618,-0.003253815,1.574050148,13.240814,18.171082,0.475251006,-1.574050148,-0.007944489,-0.01090265,-0.020569268,0,0,-0.015740501
1773775634,TRUE,0.86438864,1773775634,333.66724,258.79556,40.09048,91.41083,1.5749221,333.36874,258.35843,3633.7954,0.99999368,-0.003515394,1.574311729,13.368744,18.358429,0.478903132,-1.574311729,-0.008021247,-0.011015058,-0.020727335,0,0,-0.015743117
1773775634,TRUE,0.86438864,1773775634,333.66724,258.79556,40.09048,91.41083,1.5749221,333.4583,258.48956,3643.0679,0.999993022,-0.0036985,1.574494836,13.458313,18.489563,0.48145162,-1.574494836,-0.008074989,-0.011093739,-0.020837636,0,0,-0.015744948
1773775634,TRUE,0.86438864,1773775634,333.66724,258.79556,40.09048,91.41083,1.5749221,333.521,258.58136,3649.5586,0.999992562,-0.003826674,1.57462301,13.520996,18.58136,0.483231668,-1.57462301,-0.008112598,-0.011148817,-0.020914678,0,0,-0.01574623
1773775634,TRUE,0.86438864,1773775634,333.66724,258.79556,40.09048,91.41083,1.5749221,333.56488,258.64563,3654.102,0.99999224,-0.003916396,1.574712733,13.56488,18.64563,0.484475848,-1.574712733,-0.008138929,-0.011187378,-0.020968527,0,0,-0.015747127
1773775634,TRUE,0.86438864,1773775634,333.66724,258.79556,40.09048,91.41083,1.5749221,333.59558,258.6906,3657.2827,0.999992015,-0.003979201,1.574775538,13.595581,18.690613,0.485345898,-1.574775538,-0.008157349,-0.011214368,-0.021006184,0,0,-0.015747755
1773775634,TRUE,0.86087537,1773775634,332.9318,258.1531,39.379333,91.416626,1.5749906,333.39645,258.52936,3640.0757,0.999991772,-0.004043728,1.574840066,13.396454,18.529358,0.480629925,-1.574840066,-0.008037873,-0.011117616,-0.020802072,0,0,-0.015748401
1773775634,TRUE,0.86087537,1773775634,332.9318,258.1531,39.379333,91.416626,1.5749906,333.25705,258.4165,3628.0308,0.999991601,-0.004088897,1.574885235,13.25705,18.416504,0.477315446,-1.574885235,-0.007954231,-0.011049903,-0.020658619,0,0,-0.015748852
1773775634,TRUE,0.86087537,1773775634,332.9318,258.1531,39.379333,91.416626,1.5749906,333.1595,258.3375,3619.5994,0.999991482,-0.004120515,1.574916854,13.159485,18.337494,0.474988749,-1.574916854,-0.007895691,-0.011002497,-0.020557917,0,0,-0.015749169
1773775634,TRUE,0.86087537,1773775634,332.9318,258.1531,39.379333,91.416626,1.5749906,333.0912,258.28217,3613.6973,0.999991399,-0.004142648,1.574938987,13.091187,18.282166,0.473356886,-1.574938987,-0.007854712,-0.0109693,-0.020487289,0,0,-0.01574939
1773775634,TRUE,0.86087537,1773775634,332.9318,258.1531,39.379333,91.416626,1.5749906,333.04337,258.24347,3609.566,0.99999134,-0.004158141,1.57495448,13.0433655,18.24347,0.472212981,-1.57495448,-0.00782602,-0.010946082,-0.02043778,0,0,-0.015749545
1773775634,TRUE,0.75300527,1773775634,330.26343,255.99892,36.902122,87.027435,1.5649482,332.20938,257.5701,3490.1453,0.999988808,-0.001156271,1.57195261,12.209381,17.570099,0.438568794,-1.57195261,-0.007325629,-0.01054206,-0.018981631,0,0,-0.015719526
1773775634,TRUE,0.75300527,1773775634,330.26343,255.99892,36.902122,87.027435,1.5649482,331.6256,257.09875,3406.5508,0.999987036,0.000945038,1.569851277,11.62561,17.098755,0.414325743,-1.569851277,-0.006975367,-0.010259253,-0.017932371,0,0,-0.015698513
1773775634,TRUE,0.75300527,1773775634,330.26343,255.99892,36.902122,87.027435,1.5649482,331.21695,256.7688,3348.0347,0.999985795,0.002415954,1.568380343,11.216949,16.768799,0.39699897,-1.568380343,-0.00673017,-0.01006128,-0.017182453,0,0,-0.015683803
1773775634,TRUE,0.75300527,1773775634,330.26343,255.99892,36.902122,87.027435,1.5649482,330.9309,256.53784,3307.0735,0.999984926,0.003445596,1.567350693,10.930908,16.537842,0.384689078,-1.567350693,-0.006558545,-0.009922706,-0.016649671,0,0,-0.015673507
1773775634,TRUE,0.75300527,1773775634,330.26343,255.99892,36.902122,87.027435,1.5649482,330.73065,256.37616,3278.4006,0.999984318,0.004166345,1.566629941,10.730652,16.37616,0.375981168,-1.566629941,-0.006438391,-0.009825696,-0.016272785,0,0,-0.015666299
1773775634,TRUE,0.75869364,1773775634,327.60306,254.97523,39.465694,91.62277,1.5682609,329.7924,255.95587,3379.6675,0.999988059,0.003677066,1.567119233,9.792389,15.955872,0.406402766,-1.567119233,-0.005875434,-0.009573523,-0.017589458,0,0,-0.015671192
1773775634,TRUE,0.75869364,1773775634,327.60306,254.97523,39.465694,91.62277,1.5682609,329.1356,255.66168,3450.5542,0.999990677,0.003334571,1.567461737,9.13559,15.661682,0.427160262,-1.567461737,-0.005481354,-0.009397009,-0.01848786,0,0,-0.015674617
1773775634,TRUE,0.75869364,1773775634,327.60306,254.97523,39.465694,91.62277,1.5682609,328.67584,255.45575,3500.1748,0.999992509,0.003094825,1.567701489,8.675842,15.4557495,0.44143833,-1.567701489,-0.005205506,-0.00927345,-0.019105827,0,0,-0.015677015
1773775634,TRUE,0.75869364,1773775634,327.60306,254.97523,39.465694,91.62277,1.5682609,328.354,255.31158,3534.9092,0.999993792,0.002927002,1.567869315,8.354004,15.311584,0.451313056,-1.567869315,-0.005012403,-0.009186951,-0.019533213,0,0,-0.015678693
1773775634,TRUE,0.75869364,1773775634,327.60306,254.97523,39.465694,91.62277,1.5682609,328.12872,255.2107,3559.2231,0.99999469,0.002809526,1.567986793,8.128723,15.210693,0.45816777,-1.567986793,-0.004877234,-0.009126416,-0.019829891,0,0,-0.015679868
1773775634,TRUE,0.80088276,1773775634,326.9296,254.42712,39.103764,92.93485,1.5765786,327.76898,254.97562,3581.687,0.999991268,0.000231991,1.570564334,7.768982,14.975616,0.464459376,-1.570564334,-0.004661389,-0.00898537,-0.020102197,0,0,-0.015705643
1773775634,TRUE,0.80088276,1773775634,326.9296,254.42712,39.103764,92.93485,1.5765786,327.51715,254.81107,3597.4116,0.999988872,-0.001572284,1.572368627,7.517151,14.811066,0.468840006,-1.572368627,-0.004510291,-0.00888664,-0.020291795,0,0,-0.015723686
1773775634,TRUE,0.80088276,1773775634,326.9296,254.42712,39.103764,92.93485,1.5765786,327.34088,254.69588,3608.419,0.999987195,-0.002835276,1.573631632,7.3408813,14.695877,0.471895121,-1.573631632,-0.004404529,-0.008817527,-0.020424023,0,0,-0.015736316
1773775634,TRUE,0.80088276,1773775634,326.9296,254.42712,39.103764,92.93485,1.5765786,327.2175,254.61525,3616.124,0.999986022,-0.003719371,1.574515732,7.217499,14.61525,0.474028162,-1.574515732,-0.0043305,-0.00876915,-0.020516342,0,0,-0.015745157
1773775634,TRUE,0.80088276,1773775634,326.9296,254.42712,39.103764,92.93485,1.5765786,327.13113,254.5588,3621.5176,0.9999852,-0.004338237,1.575134601,7.131134,14.558807,0.475518602,-1.575134601,-0.004278681,-0.008735285,-0.02058085,0,0,-0.015751346
1773775634,TRUE,0.80088276,1773775634,326.9296,254.42712,39.103764,92.93485,1.5765786,327.07068,254.5193,3625.293,0.999984625,-0.004771443,1.575567807,7.0706787,14.519302,0.476560516,-1.575567807,-0.004242408,-0.008711582,-0.020625945,0,0,-0.015755678
1773775634,TRUE,0.77228236,1773775634,324.1155,255.00192,41.444492,97.98137,1.5787348,326.18414,254.6641,3755.9414,0.999979785,-0.005721514,1.576517894,6.184143,14.664093,0.511964425,-1.576517894,-0.003710486,-0.008798456,-0.022158256,0,0,-0.015765179
1773775634,TRUE,0.77228236,1773775634,324.1155,255.00192,41.444492,97.98137,1.5787348,325.56357,254.76544,3847.3955,0.999976396,-0.006386563,1.577182954,5.563568,14.765442,0.536021882,-1.577182954,-0.003338141,-0.008859266,-0.023199483,0,0,-0.01577183
1773775634,TRUE,0.77228236,1773775634,324.1155,255.00192,41.444492,97.98137,1.5787348,325.12915,254.83638,3911.413,0.999974025,-0.006852098,1.577648495,5.1291504,14.83638,0.552524179,-1.577648495,-0.003077491,-0.008901828,-0.023913717,0,0,-0.015776485
1773775634,TRUE,0.77228236,1773775634,324.1155,255.00192,41.444492,97.98137,1.5787348,324.82507,254.88605,3956.2256,0.999972365,-0.007177972,1.577974374,4.8250732,14.886047,0.563915843,-1.577974374,-0.002895044,-0.008931628,-0.024406758,0,0,-0.015779744
1773775634,TRUE,0.77228236,1773775634,324.1155,255.00192,41.444492,97.98137,1.5787348,324.6122,254.9208,3987.5942,0.999971202,-0.007406084,1.578202489,4.612213,14.920807,0.571813518,-1.578202489,-0.002767328,-0.008952485,-0.024748576,0,0,-0.015782025
1773775634,TRUE,0.7858538,1773775634,321.01178,254.79626,40.534218,95.63777,1.5704323,323.53207,254.88345,3954.2966,0.999979822,-0.005075052,1.575871438,3.532074,14.883453,0.563428182,-1.575871438,-0.002119245,-0.008930072,-0.024385651,0,0,-0.015758714
1773775634,TRUE,0.7858538,1773775634,321.01178,254.79626,40.534218,95.63777,1.5704323,322.77597,254.8573,3930.9883,0.999985855,-0.00344333,1.574239692,2.7759705,14.8573,0.55751632,-1.574239692,-0.001665582,-0.00891438,-0.024129781,0,0,-0.015742397
1773775634,TRUE,0.7858538,1773775634,321.01178,254.79626,40.534218,95.63777,1.5704323,322.2467,254.83899,3914.6724,0.999990079,-0.002301125,1.57309747,2.246704,14.838989,0.553357101,-1.57309747,-0.001348023,-0.008903394,-0.023949766,0,0,-0.015730975
1773775634,TRUE,0.7858538,1773775634,321.01178,254.79626,40.534218,95.63777,1.5704323,321.87622,254.82617,3903.2512,0.999993035,-0.001501581,1.572297917,0,14.826172,0.55043526,-1.572297917,0,-0.008895704,-0.023823307,0,0,-0.015722979
1773775634,TRUE,0.7858538,1773775634,321.01178,254.79626,40.534218,95.63777,1.5704323,321.61688,254.8172,3895.2566,0.999995105,-0.0009419,1.571738231,0,14.8172,0.548385023,-1.571738231,0,-0.008890321,-0.023734571,0,0,-0.015717382
1773775634,TRUE,0.7858538,1773775634,321.01178,254.79626,40.534218,95.63777,1.5704323,321.43536,254.81091,3889.6604,0.999996554,-0.000550124,1.571346452,0,14.810913,0.546947311,-1.571346452,0,-0.008886549,-0.023672345,0,0,-0.015713465
1773775634,TRUE,0.7858538,1773775634,321.01178,254.79626,40.534218,95.63777,1.5704323,321.3083,254.80652,3885.743,0.999997568,-0.00027588,1.571072208,0,14.806519,0.545939647,-1.571072208,0,-0.008883911,-0.023628733,0,0,-0.015710722
1773775634,TRUE,0.7858538,1773775634,321.01178,254.79626,40.534218,95.63777,1.5704323,321.21933,254.80344,3883.0007,0.999998277,-8.39E-05,1.570880237,0,14.803436,0.545233699,-1.570880237,0,-0.008882063,-0.023598179,0,0,-0.015708802
1773775634,TRUE,0.7858538,1773775634,321.01178,254.79626,40.534218,95.63777,1.5704323,321.15707,254.80127,3881.0813,0.999998774,5.05E-05,1.570745857,0,14.80127,0.544739258,-1.570745857,0,-0.008880762,-0.023576779,0,0,-0.015707459
1773775634,TRUE,0.7858538,1773775634,321.01178,254.79626,40.534218,95.63777,1.5704323,321.1135,254.79977,3879.7375,0.999999122,0.000144535,1.570651791,0,14.799774,0.544392943,-1.570651791,0,-0.008879865,-0.02356179,0,0,-0.015706518
1773775634,TRUE,0.2836238,1773775634,310.18295,251.58568,44.75036,103.493805,1.5698766,317.83435,253.83554,4105.2314,0.999999259,0.000377107,1.570419219,-2.1656494,13.835541,0.600887576,-1.570419219,0.00129939,-0.008301325,-0.026006926,0,0,-0.015704192
1773775634,TRUE,0.2836238,1773775634,310.18295,251.58568,44.75036,103.493805,1.5698766,315.53894,253.16058,4263.077,0.999999354,0.000539908,1.570256419,-4.4610596,13.1605835,0.638616687,-1.570256419,0.002676636,-0.007896351,-0.027639874,0,0,-0.015702564
1773775634,TRUE,0.2836238,1773775634,310.18295,251.58568,44.75036,103.493805,1.5698766,313.93213,252.68811,4373.5693,0.999999421,0.000653868,1.570142459,-6.067871,12.68811,0.664204865,-1.570142459,0.003640723,-0.007612866,-0.028747352,0,0,-0.015701425
1773775634,TRUE,0.2836238,1773775634,310.18295,251.58568,44.75036,103.493805,1.5698766,312.80737,252.35738,4450.914,0.999999468,0.00073364,1.570062687,-7.192627,12.357376,0.681734894,-1.570062687,0.004315577,-0.007414426,-0.029506067,0,0,-0.015700627
1773775634,TRUE,0.2836238,1773775634,310.18295,251.58568,44.75036,103.493805,1.5698766,312.02005,252.12587,4505.0557,0.999999501,0.00078948,1.570006846,-7.97995,12.12587,0.693825728,-1.570006846,0.00478797,-0.007275522,-0.03,0,0,-0.015700068
1773775634,TRUE,0.2836238,1773775634,310.18295,251.58568,44.75036,103.493805,1.5698766,311.46893,251.96382,4542.954,0.999999523,0.000828569,1.569967758,-8.531067,11.963821,0.702202914,-1.569967758,0.005118641,-0.007178293,-0.03,0,0,-0.015699678
1773775634,TRUE,0.50356454,1773775634,305.55743,246.29295,41.921173,100.066376,1.5724274,309.6955,250.26257,4438.538,0.999999267,9.07E-05,1.570705648,-10.304504,10.262573,0.678950504,-1.570705648,0.006182703,-0.006157544,-0.029385556,0,0,-0.015707056
1773775634,TRUE,0.50356454,1773775634,305.55743,246.29295,41.921173,100.066376,1.5724274,308.4541,249.07169,4365.4463,0.999999088,-0.000425844,1.571222171,-11.545898,9.071686,0.662345863,-1.571222171,0.00692754,-0.005443012,-0.028666893,0,0,-0.015712222
1773775634,TRUE,0.50356454,1773775634,305.55743,246.29295,41.921173,100.066376,1.5724274,307.58508,248.23807,4314.282,0.999998963,-0.00078741,1.571583738,-12.414917,8.238068,0.650556385,-1.571583738,0.00744895,-0.004942841,-0.028156634,0,0,-0.015715837
1773775634,TRUE,0.50356454,1773775634,305.55743,246.29295,41.921173,100.066376,1.5724274,306.9768,247.65454,4278.468,0.999998875,-0.001040507,1.571836834,-13.023193,7.654541,0.642220406,-1.571836834,0.007813917,-0.004592725,-0.027795846,0,0,-0.015718368
1773775634,TRUE,0.50356454,1773775634,305.55743,246.29295,41.921173,100.066376,1.5724274,306.551,247.24606,4253.3975,0.999998813,-0.001217674,1.572014002,-13.449005,7.246063,0.636343485,-1.572014002,0.008069404,-0.004347638,-0.027541488,0,0,-0.01572014
1773775634,TRUE,0.7804531,1773775634,300.68524,244.85336,43.621628,94.27632,1.576614,304.79126,246.52824,4211.124,0.999994092,-0.002597671,1.573394007,-15.20874,6.528244,0.626355069,-1.573394007,0.009125245,-0.003916947,-0.027109181,0,0,-0.01573394
1773775634,TRUE,0.7804531,1773775634,300.68524,244.85336,43.621628,94.27632,1.576614,303.55945,246.02577,4181.533,0.999990788,-0.003563668,1.574360013,-16.440552,6.025772,0.619303415,-1.574360013,0.009864331,-0.003615463,-0.026803979,0,0,-0.0157436
1773775634,TRUE,0.7804531,1773775634,300.68524,244.85336,43.621628,94.27632,1.576614,302.69717,245.67404,4160.8193,0.999988475,-0.004239867,1.575036217,-17.302826,5.6740417,0.614337424,-1.575036217,0.010381696,-0.003404425,-0.026589047,0,0,-0.015750362
1773775634,TRUE,0.7804531,1773775634,300.68524,244.85336,43.621628,94.27632,1.576614,302.0936,245.42784,4146.3193,0.999986855,-0.004713205,1.575509559,-17.906403,5.427841,0.610846441,-1.575509559,0.010743842,-0.003256705,-0.026437954,0,0,-0.015755096
1773775634,TRUE,0.7804531,1773775634,300.68524,244.85336,43.621628,94.27632,1.576614,301.67108,245.2555,4136.17,0.999985722,-0.005044543,1.575840899,-18.328918,5.255493,0.608395689,-1.575840899,0.010997351,-0.003153296,-0.026331883,0,0,-0.015758409
1773775634,TRUE,0.7804531,1773775634,300.68524,244.85336,43.621628,94.27632,1.576614,301.37534,245.13486,4129.065,0.999984929,-0.005276479,1.576072836,-18.624664,5.134857,0.606676412,-1.576072836,0.011174799,-0.003080915,-0.026257472,0,0,-0.015760728
1773775634,TRUE,0.8070593,1773775634,295.41156,244.57567,43.81181,103.23958,1.5705096,299.5862,244.9671,4247.2793,0.999989438,-0.003607503,1.574403852,-20.413788,4.967102,0.634904033,-1.574403852,0.012248273,-0.002980261,-0.027479187,0,0,-0.015744039
1773775634,TRUE,0.8070593,1773775634,295.41156,244.57567,43.81181,103.23958,1.5705096,298.3338,244.84967,4330.0293,0.999992594,-0.00243922,1.57323556,-21.666199,4.8496704,0.654199772,-1.57323556,0.01299972,-0.002909802,-0.028314323,0,0,-0.015732356
1773775634,TRUE,0.8070593,1773775634,295.41156,244.57567,43.81181,103.23958,1.5705096,297.45715,244.76746,4387.954,0.999994803,-0.001621422,1.572417756,-22.542847,4.767456,0.667488523,-1.572417756,0.013525709,-0.002860474,-0.028889471,0,0,-0.015724178
1773775634,TRUE,0.8070593,1773775634,295.41156,244.57567,43.81181,103.23958,1.5705096,296.84348,244.70993,4428.502,0.99999635,-0.001048963,1.571845293,-23.156525,4.7099304,0.676686796,-1.571845293,0.013893915,-0.002825958,-0.029287581,0,0,-0.015718453
1773775634,TRUE,0.8070593,1773775634,295.41156,244.57567,43.81181,103.23958,1.5705096,296.4139,244.66965,4456.8853,0.999997433,-0.000648242,1.57144457,-23.58609,4.669647,0.683075601,-1.57144457,0.014151655,-0.002801789,-0.029564093,0,0,-0.015714446
1773775634,TRUE,0.7972674,1773775634,289.76822,243.86273,47.554825,106.61126,1.5734972,294.4202,244.42758,4640.7837,0.999997109,-0.001264023,1.572060353,-25.579803,4.427582,0.723508733,-1.572060353,0.015347883,-0.002656549,-0.03,0,0,-0.015720604
1773775634,TRUE,0.7972674,1773775634,289.76822,243.86273,47.554825,106.61126,1.5734972,293.0246,244.25812,4769.5127,0.999996882,-0.00169507,1.572491401,-26.975403,4.2581177,0.750869547,-1.572491401,0.016185243,-0.002554871,-0.03,0,0,-0.015724914
1773775635,TRUE,0.7972674,1773775634,289.76822,243.86273,47.554825,106.61126,1.5734972,292.04767,244.1395,4859.623,0.999996723,-0.001996803,1.572793134,-27.952332,4.139496,0.769586364,-1.572793134,0.0167714,-0.002483698,-0.03,0,0,-0.015727931
1773775635,TRUE,0.7972674,1773775634,289.76822,243.86273,47.554825,106.61126,1.5734972,291.36383,244.05646,4922.7,0.999996612,-0.002208016,1.573004347,-28.63617,4.0564575,0.782482681,-1.573004347,0.017181702,-0.002433875,-0.03,0,0,-0.015730043
1773775635,TRUE,0.7972674,1773775634,289.76822,243.86273,47.554825,106.61126,1.5734972,290.88513,243.99835,4966.854,0.999996534,-0.002355865,1.573152196,-29.114868,3.998352,0.791412112,-1.573152196,0.017468922,-0.002399011,-0.03,0,0,-0.015731522
1773775635,TRUE,0.8340437,1773775635,289.01425,245.2102,46.544632,109.459274,1.5728356,290.32385,244.36191,5005.2207,0.99999695,-0.002260876,1.573057206,-29.676147,4.361908,0.799106984,-1.573057206,0.01780569,-0.002617145,-0.03,0,0,-0.015730572
1773775635,TRUE,0.8340437,1773775635,289.01425,245.2102,46.544632,109.459274,1.5728356,289.93097,244.6164,5032.077,0.999997241,-0.002194384,1.572990714,-30.06903,4.616394,0.804458241,-1.572990714,0.018041419,-0.002769837,-0.03,0,0,-0.015729907
1773775635,TRUE,0.8340437,1773775635,289.01425,245.2102,46.544632,109.459274,1.5728356,289.65594,244.79454,5050.8765,0.999997445,-0.00214784,1.572944169,-30.344055,4.7945404,0.808187187,-1.572944169,0.018206434,-0.002876724,-0.03,0,0,-0.015729442
1773775635,TRUE,0.8340437,1773775635,289.01425,245.2102,46.544632,109.459274,1.5728356,289.46344,244.91924,5064.036,0.999997588,-0.002115259,1.572911588,-30.53656,4.919235,0.810789274,-1.572911588,0.018321937,-0.002951541,-0.03,0,0,-0.015729116
1773775635,TRUE,0.8340437,1773775635,289.01425,245.2102,46.544632,109.459274,1.5728356,289.32867,245.00653,5073.248,0.999997688,-0.002092452,1.572888781,-30.671326,5.006531,0.812606641,-1.572888781,0.018402796,-0.003003919,-0.03,0,0,-0.015728888
1773775635,TRUE,0.7844618,1773775635,289.67535,245.8747,46.18609,107.204895,1.5781772,289.43268,245.26697,5036.6865,0.99999021,-0.003678962,1.574475309,-30.567322,5.266968,0.805373854,-1.574475309,0.018340394,-0.003160181,-0.03,0,0,-0.015744753
1773775635,TRUE,0.7844618,1773775635,289.67535,245.8747,46.18609,107.204895,1.5781772,289.5055,245.44928,5011.093,0.999984975,-0.00478952,1.575585882,-30.494507,5.44928,0.800279435,-1.575585882,0.018296706,-0.003269568,-0.03,0,0,-0.015755859
1773775635,TRUE,0.7844618,1773775635,289.67535,245.8747,46.18609,107.204895,1.5781772,289.55646,245.5769,4993.1777,0.999981311,-0.00556691,1.576363283,-30.443542,5.5769043,0.796697977,-1.576363283,0.018266127,-0.003346143,-0.03,0,0,-0.015763633
1773775635,TRUE,0.7844618,1773775635,289.67535,245.8747,46.18609,107.204895,1.5781772,289.59213,245.66623,4980.6367,0.999978746,-0.006111083,1.576907463,-30.407867,5.6662292,0.794183161,-1.576907463,0.018244721,-0.003399738,-0.03,0,0,-0.015769075
1773775635,TRUE,0.7844618,1773775635,289.67535,245.8747,46.18609,107.204895,1.5781772,289.6171,245.72876,4971.8584,0.999976951,-0.006492004,1.577288389,-30.382904,5.72876,0.792419085,-1.577288389,0.018229743,-0.003437256,-0.03,0,0,-0.015772884
1773775635,TRUE,0.7535902,1773775635,290.28256,245.80782,47.314537,107.509636,1.5805407,289.81674,245.75247,5006.3315,0.999969623,-0.007467656,1.57826407,-30.183258,5.752472,0.799328806,-1.57826407,0.018109955,-0.003451483,-0.03,0,0,-0.015782641
1773775635,TRUE,0.7535902,1773775635,290.28256,245.80782,47.314537,107.509636,1.5805407,289.95648,245.76907,5030.463,0.999964493,-0.008150612,1.578947047,-30.043518,5.7690735,0.804137488,-1.578947047,0.018026112,-0.003461444,-0.03,0,0,-0.01578947
1773775635,TRUE,0.7535902,1773775635,290.28256,245.80782,47.314537,107.509636,1.5805407,290.0543,245.7807,5047.3545,0.999960903,-0.008628681,1.579425131,-29.94571,5.7807007,0.807489699,-1.579425131,0.017967427,-0.003468421,-0.03,0,0,-0.015794251
1773775635,TRUE,0.7535902,1773775635,290.28256,245.80782,47.314537,107.509636,1.5805407,290.12277,245.78885,5059.1787,0.999958389,-0.00896333,1.579759789,-29.877228,5.788849,0.8098296,-1.579759789,0.017926337,-0.00347331,-0.03,0,0,-0.015797598
1773775635,TRUE,0.7535902,1773775635,290.28256,245.80782,47.314537,107.509636,1.5805407,290.17072,245.79453,5067.4556,0.99995663,-0.009197583,1.57999405,-29.829285,5.794525,0.811464237,-1.57999405,0.017897572,-0.003476715,-0.03,0,0,-0.01579994
1773775635,TRUE,0.5688411,1773775635,296.2939,247.54016,41.88226,99.18829,1.5747586,292.00766,246.31822,4793.488,0.999967286,-0.007627002,1.57842343,-27.99234,6.318222,0.755883698,-1.57842343,0.016795404,-0.003790933,-0.03,0,0,-0.015784234
1773775635,TRUE,0.5688411,1773775635,296.2939,247.54016,41.88226,99.18829,1.5747586,293.29355,246.68481,4601.7104,0.999974745,-0.006527595,1.577323994,-26.706451,6.6848145,0.715053489,-1.577323994,0.016023872,-0.004010889,-0.03,0,0,-0.01577324
1773775635,TRUE,0.5688411,1773775635,296.2939,247.54016,41.88226,99.18829,1.5747586,294.19366,246.94142,4467.4663,0.999979967,-0.00575801,1.576554388,-25.806335,6.9414215,0.685446849,-1.576554388,0.015483802,-0.004164853,-0.029666723,0,0,-0.015765544
1773775635,TRUE,0.5688411,1773775635,296.2939,247.54016,41.88226,99.18829,1.5747586,294.82373,247.12105,4373.495,0.999983622,-0.0052193,1.576015665,-25.17627,7.121048,0.664187931,-1.576015665,0.015105763,-0.004272629,-0.028746619,0,0,-0.015760157
1773775635,TRUE,0.5688411,1773775635,296.2939,247.54016,41.88226,99.18829,1.5747586,295.26477,247.24678,4307.716,0.99998618,-0.004842204,1.57563856,-24.73523,7.2467804,0.649033238,-1.57563856,0.014841138,-0.004348069,-0.028090711,0,0,-0.015756386
1773775635,TRUE,0.5688411,1773775635,296.2939,247.54016,41.88226,99.18829,1.5747586,295.57352,247.3348,4261.67,0.999987971,-0.004578236,1.575374586,-24.426483,7.334793,0.638286549,-1.575374586,0.014655891,-0.004400876,-0.027625585,0,0,-0.015753746
1773775635,TRUE,0.5688411,1773775635,296.2939,247.54016,41.88226,99.18829,1.5747586,295.78964,247.39641,4229.438,0.999989225,-0.004393459,1.575189805,-24.210358,7.396408,0.630694584,-1.575189805,0.014526215,-0.004437845,-0.027296998,0,0,-0.015751898
1773775635,TRUE,0.5688411,1773775635,296.2939,247.54016,41.88226,99.18829,1.5747586,295.94092,247.43954,4206.8755,0.999990102,-0.004264115,1.575060458,-24.059082,7.4395447,0.625345654,-1.575060458,0.01443545,-0.004463727,-0.027065492,0,0,-0.015750605
1773775635,TRUE,0.5688411,1773775635,296.2939,247.54016,41.88226,99.18829,1.5747586,296.0468,247.46973,4191.082,0.999990717,-0.004173574,1.574969915,-23.953186,7.4697266,0.621584395,-1.574969915,0.014371912,-0.004481836,-0.026902702,0,0,-0.015749699
1773775635,TRUE,0.5688411,1773775635,296.2939,247.54016,41.88226,99.18829,1.5747586,296.12094,247.49086,4180.0264,0.999991147,-0.004110195,1.574906535,-23.879059,7.49086,0.61894302,-1.574906535,0.014327436,-0.004494516,-0.026788381,0,0,-0.015749065
1773775635,TRUE,0.38543382,1773775635,312.31357,252.68704,44.1811,104.35633,1.5705982,300.97873,249.04971,4309.1914,0.999993797,-0.002817712,1.573614049,-19.02127,9.049713,0.649375728,-1.573614049,0.011412763,-0.005429828,-0.028105534,0,0,-0.01573614
1773775635,TRUE,0.38543382,1773775635,312.31357,252.68704,44.1811,104.35633,1.5705982,304.37918,250.1409,4399.607,0.999995652,-0.001912974,1.572709307,-15.620819,10.1409,0.670140668,-1.572709307,0.009372492,-0.00608454,-0.029004259,0,0,-0.015727093
1773775635,TRUE,0.38543382,1773775635,312.31357,252.68704,44.1811,104.35633,1.5705982,306.75952,250.90475,4462.898,0.99999695,-0.001279657,1.572075987,-13.2404785,10.904755,0.684423772,-1.572075987,0.007944288,-0.006542853,-0.029622443,0,0,-0.01572076
1773775635,TRUE,0.38543382,1773775635,312.31357,252.68704,44.1811,104.35633,1.5705982,308.42572,251.43945,4507.2017,0.999997859,-0.000836335,1.571632664,-11.57428,11.439453,0.69430189,-1.571632664,0.006944568,-0.006863672,-0.03,0,0,-0.015716327
1773775635,TRUE,0.38543382,1773775635,312.31357,252.68704,44.1811,104.35633,1.5705982,309.59207,251.81372,4538.2144,0.999998496,-0.00052601,1.571322338,-10.407928,11.813721,0.701159004,-1.571322338,0.006244757,-0.007088233,-0.03,0,0,-0.015713223
1773775635,TRUE,0.41463354,1773775635,318.7949,252.83955,43.870537,105.798294,1.5763518,312.3529,252.12148,4569.178,0.999994318,-0.002034829,1.572831165,-7.6470947,12.121475,0.707958848,-1.572831165,0.004588257,-0.007272886,-0.03,0,0,-0.015728312
1773775635,TRUE,0.41463354,1773775635,318.7949,252.83955,43.870537,105.798294,1.5763518,314.28552,252.3369,4590.853,0.999991393,-0.003091002,1.573887346,-5.7144775,12.336899,0.712691235,-1.573887346,0.003428687,-0.00740214,-0.03,0,0,-0.015738873
1773775635,TRUE,0.41463354,1773775635,318.7949,252.83955,43.870537,105.798294,1.5763518,315.63834,252.4877,4606.0254,0.999989346,-0.003830323,1.574626672,-4.361664,12.487701,0.715990724,-1.574626672,0.002616999,-0.007492621,-0.03,0,0,-0.015746267
1773775635,TRUE,0.41463354,1773775635,318.7949,252.83955,43.870537,105.798294,1.5763518,316.58533,252.59326,4616.646,0.999987913,-0.004347848,1.5751442,-3.4146729,12.593262,0.718293941,-1.5751442,0.002048804,-0.007555957,-0.03,0,0,-0.015751442
1773775635,TRUE,0.41463354,1773775635,318.7949,252.83955,43.870537,105.798294,1.5763518,317.2482,252.66714,4624.0806,0.999986909,-0.004710116,1.575506469,-2.7518005,12.667145,0.719903043,-1.575506469,0.00165108,-0.007600287,-0.03,0,0,-0.015755065
1773775635,TRUE,0.41463354,1773775635,318.7949,252.83955,43.870537,105.798294,1.5763518,317.71222,252.71887,4629.2847,0.999986207,-0.004963703,1.575760057,-2.2877808,12.718872,0.721027747,-1.575760057,0.001372669,-0.007631324,-0.03,0,0,-0.015757601
1773775635,TRUE,0.6788349,1773775635,326.3975,251.84512,46.778564,102.94354,1.576008,320.3178,252.45676,4685.1646,0.999986271,-0.005038076,1.575834429,0,12.456757,0.733026501,-1.575834429,0,-0.007474054,-0.03,0,0,-0.015758344
1773775635,TRUE,0.6788349,1773775635,326.3975,251.84512,46.778564,102.94354,1.576008,322.14172,252.27327,4724.281,0.999986315,-0.005090137,1.575886489,2.1417236,12.27327,0.741340734,-1.575886489,-0.001285034,-0.007363962,-0.03,0,0,-0.015758865
1773775635,TRUE,0.6788349,1773775635,326.3975,251.84512,46.778564,102.94354,1.576008,323.41846,252.14484,4751.662,0.999986347,-0.005126579,1.575922931,3.418457,12.144836,0.747119896,-1.575922931,-0.002051074,-0.007286902,-0.03,0,0,-0.015759229
1773775635,TRUE,0.6788349,1773775635,326.3975,251.84512,46.778564,102.94354,1.576008,324.31216,252.05493,4770.8286,0.999986368,-0.005152089,1.57594844,4.3121643,12.054932,0.751145415,-1.57594844,-0.002587299,-0.007232959,-0.03,0,0,-0.015759484
1773775635,TRUE,0.6788349,1773775635,326.3975,251.84512,46.778564,102.94354,1.576008,324.93774,251.99199,4784.2456,0.999986384,-0.005169946,1.575966297,4.937744,11.991989,0.753953769,-1.575966297,-0.002962647,-0.007195194,-0.03,0,0,-0.015759663
1773775635,TRUE,0.7941417,1773775635,327.2977,250.53006,46.40563,104.22202,1.5743654,325.64575,251.5534,4799.9185,0.999988558,-0.004689675,1.575486021,5.645752,11.553406,0.757224419,-1.575486021,-0.003387451,-0.006932044,-0.03,0,0,-0.01575486
1773775635,TRUE,0.7941417,1773775635,327.2977,250.53006,46.40563,104.22202,1.5743654,326.14136,251.2464,4810.8896,0.99999008,-0.004353485,1.575149828,6.1413574,11.246399,0.759507437,-1.575149828,-0.003684815,-0.00674784,-0.03,0,0,-0.015751498
1773775635,TRUE,0.7941417,1773775635,327.2977,250.53006,46.40563,104.22202,1.5743654,326.48828,251.0315,4818.5693,0.999991145,-0.004118153,1.574914493,6.4882812,11.031494,0.76110252,-1.574914493,-0.003892969,-0.006618897,-0.03,0,0,-0.015749145
1773775635,TRUE,0.7941417,1773775635,327.2977,250.53006,46.40563,104.22202,1.5743654,326.7311,250.88107,4823.9453,0.999991891,-0.00395342,1.574749758,6.7311096,10.881073,0.762217567,-1.574749758,-0.004038666,-0.006528644,-0.03,0,0,-0.015747498
1773775635,TRUE,0.7941417,1773775635,327.2977,250.53006,46.40563,104.22202,1.5743654,326.9011,250.77576,4827.708,0.999992413,-0.003838107,1.574634444,6.9010925,10.775757,0.76299726,-1.574634444,-0.004140656,-0.006465455,-0.03,0,0,-0.015746344
1773775635,TRUE,0.8585291,1773775635,328.68365,249.42593,44.71325,99.484436,1.576863,327.43585,250.37082,4713.8774,0.999989168,-0.004506681,1.575303026,7.435852,10.370819,0.739136276,-1.575303026,-0.004461512,-0.006222492,-0.03,0,0,-0.01575303
1773775635,TRUE,0.8585291,1773775635,328.68365,249.42593,44.71325,99.484436,1.576863,327.81018,250.08734,4634.196,0.999986897,-0.004974682,1.575771033,7.8101807,10.087341,0.722088075,-1.575771033,-0.004686109,-0.006052405,-0.03,0,0,-0.01575771
1773775635,TRUE,0.8585291,1773775635,328.68365,249.42593,44.71325,99.484436,1.576863,328.0722,249.88892,4578.419,0.999985307,-0.005302284,1.576098639,8.072205,9.888916,0.709979174,-1.576098639,-0.004843323,-0.00593335,-0.03,0,0,-0.015760986
1773775635,TRUE,0.8585291,1773775635,328.68365,249.42593,44.71325,99.484436,1.576863,328.25565,249.75003,4539.375,0.999984194,-0.005531604,1.576327962,8.255646,9.7500305,0.701414764,-1.576327962,-0.004953388,-0.005850019,-0.03,0,0,-0.01576328
1773775635,TRUE,0.8585291,1773775635,328.68365,249.42593,44.71325,99.484436,1.576863,328.38403,249.6528,4512.0444,0.999983415,-0.005692129,1.576488489,8.384033,9.6528015,0.695375816,-1.576488489,-0.00503042,-0.005791681,-0.03,0,0,-0.015764885
1773775635,TRUE,0.8661766,1773775635,330.51007,245.87135,43.681564,93.913315,1.5737079,329.02185,248.51837,4389.115,0.999987119,-0.004857973,1.575654324,9.021851,8.518372,0.6677531,-1.575654324,-0.005413111,-0.005111023,-0.028900923,0,0,-0.015756543
1773775635,TRUE,0.8661766,1773775635,330.51007,245.87135,43.681564,93.913315,1.5737079,329.46832,247.72427,4303.0645,0.999989712,-0.004274063,1.575070408,9.468323,7.7242737,0.647952869,-1.575070408,-0.005680994,-0.004634564,-0.028043952,0,0,-0.015750704
1773775635,TRUE,0.8661766,1773775635,330.51007,245.87135,43.681564,93.913315,1.5737079,329.78085,247.1684,4242.829,0.999991527,-0.003865326,1.574661667,9.780853,7.168396,0.633855718,-1.574661667,-0.005868512,-0.004301038,-0.027433815,0,0,-0.015746617
1773775635,TRUE,0.8661766,1773775635,330.51007,245.87135,43.681564,93.913315,1.5737079,329.9996,246.77927,4200.664,0.999992797,-0.003579211,1.574375548,9.999603,6.7792664,0.623868042,-1.574375548,-0.005999762,-0.00406756,-0.02700154,0,0,-0.015743755
1773775635,TRUE,0.8661766,1773775635,330.51007,245.87135,43.681564,93.913315,1.5737079,330.15274,246.5069,4171.149,0.999993686,-0.00337893,1.574175265,10.1527405,6.506897,0.616816972,-1.574175265,-0.006091645,-0.003904139,-0.026696364,0,0,-0.015741753
1773775635,TRUE,0.84329426,1773775635,330.98694,243.77335,45.72521,97.11836,1.5715332,330.403,245.68683,4252.0312,0.999995499,-0.002586314,1.573382646,10.403015,5.6868286,0.63602225,-1.573382646,-0.00624181,-0.003412097,-0.027527584,0,0,-0.015733826
1773775635,TRUE,0.84329426,1773775635,330.98694,243.77335,45.72521,97.11836,1.5715332,330.5782,245.11278,4308.6494,0.999996768,-0.002031482,1.572827813,10.578186,5.1127777,0.649249931,-1.572827813,-0.006346912,-0.003067667,-0.02810009,0,0,-0.015728278
1773775635,TRUE,0.84329426,1773775635,330.98694,243.77335,45.72521,97.11836,1.5715332,330.7008,244.71095,4348.2817,0.999997656,-0.001643101,1.57243943,10.700806,4.7109528,0.658406179,-1.57243943,-0.006420484,-0.002826572,-0.02849638,0,0,-0.015724394
1773775635,TRUE,0.84329426,1773775635,330.98694,243.77335,45.72521,97.11836,1.5715332,330.78665,244.42967,4376.0244,0.999998278,-0.001371233,1.572167562,10.786652,4.4296722,0.664766105,-1.572167562,-0.006471991,-0.002657804,-0.028771643,0,0,-0.015721676
1773775635,TRUE,0.84329426,1773775635,330.98694,243.77335,45.72521,97.11836,1.5715332,330.84674,244.23277,4395.4443,0.999998713,-0.001180926,1.571977254,10.846741,4.232773,0.669194054,-1.571977254,-0.006508045,-0.002539664,-0.028963288,0,0,-0.015719773
1773775635,TRUE,0.84329426,1773775635,330.98694,243.77335,45.72521,97.11836,1.5715332,330.8888,244.09494,4409.038,0.999999018,-0.001047711,1.571844039,10.888794,4.09494,0.672281993,-1.571844039,-0.006533277,-0.002456964,-0.029096937,0,0,-0.01571844
1773775635,TRUE,0.7299063,1773775635,332.95358,241.93454,43.837296,99.784225,1.5682673,331.50824,243.44682,4398.608,0.999998353,2.53E-05,1.570771031,11.50824,3.4468231,0.66991357,-1.570771031,-0.006904944,-0.002068094,-0.02899443,0,0,-0.01570771
1773775635,TRUE,0.7299063,1773775635,332.95358,241.93454,43.837296,99.784225,1.5682673,331.94183,242.99315,4391.3066,0.999997888,0.000776401,1.570019925,11.9418335,2.9931488,0.668252287,-1.570019925,-0.0071651,-0.001795889,-0.028922528,0,0,-0.015700199
1773775635,TRUE,0.7299063,1773775635,332.95358,241.93454,43.837296,99.784225,1.5682673,332.24536,242.67557,4386.196,0.999997562,0.001302174,1.56949415,12.245361,2.6755676,0.667087701,-1.56949415,-0.007347217,-0.001605341,-0.028872124,0,0,-0.015694942
1773775635,TRUE,0.7299063,1773775635,332.95358,241.93454,43.837296,99.784225,1.5682673,332.45782,242.45326,4382.618,0.999997334,0.001670215,1.569126108,12.457825,2.4532623,0.666271739,-1.569126108,-0.007474695,-0.001471957,-0.028836808,0,0,-0.015691261
1773775635,TRUE,0.7299063,1773775635,332.95358,241.93454,43.837296,99.784225,1.5682673,332.60657,242.29765,4380.1143,0.999997174,0.001927844,1.568868479,12.606567,2.2976532,0.665700255,-1.568868479,-0.007563941,-0.001378592,-0.028812074,0,0,-0.015688685
1773775635,TRUE,0.83871996,1773775635,333.97818,240.96107,41.519268,97.51999,1.56825,333.01807,241.89667,4280.7676,0.99999705,0.002113406,1.568682918,13.018066,0,0.642757762,-1.568682918,-0.00781084,0,-0.027819103,0,0,-0.015686829
1773775635,TRUE,0.83871996,1773775635,333.97818,240.96107,41.519268,97.51999,1.56825,333.3061,241.616,4211.225,0.999996962,0.002243299,1.568553025,13.306091,0,0.626379028,-1.568553025,-0.007983655,0,-0.027110218,0,0,-0.01568553
1773775635,TRUE,0.83871996,1773775635,333.97818,240.96107,41.519268,97.51999,1.56825,333.50772,241.41953,4162.545,0.999996901,0.002334224,1.568462099,13.507721,0,0.614752087,-1.568462099,-0.008104633,0,-0.026606994,0,0,-0.015684621
1773775635,TRUE,0.83871996,1773775635,333.97818,240.96107,41.519268,97.51999,1.56825,333.64886,241.28198,4128.469,0.999996858,0.002397872,1.568398452,13.648865,0,0.606532128,-1.568398452,-0.00818932,0,-0.026251227,0,0,-0.015683985
1773775635,TRUE,0.83871996,1773775635,333.97818,240.96107,41.519268,97.51999,1.56825,333.74765,241.1857,4104.616,0.999996828,0.002442425,1.568353899,13.74765,0,0.600737682,-1.568353899,-0.008248591,0,-0.026000438,0,0,-0.015683539
1773775635,TRUE,0.850378,1773775635,334.60193,240.4174,39.757977,97.5733,1.5695803,334.00394,240.9552,4037.0264,0.999997558,0.002074501,1.568721824,14.003937,0,0.584133826,-1.568721824,-0.008402363,0,-0.025281809,0,0,-0.015687218
1773775635,TRUE,0.850378,1773775635,334.60193,240.4174,39.757977,97.5733,1.5695803,334.18335,240.79385,3989.7136,0.999998069,0.001816954,1.568979372,14.18335,0,0.572344863,-1.568979372,-0.00851001,0,-0.024771573,0,0,-0.015689794
1773775635,TRUE,0.850378,1773775635,334.60193,240.4174,39.757977,97.5733,1.5695803,334.30893,240.68091,3956.5947,0.999998426,0.00163667,1.569159655,14.308929,0,0.564009169,-1.569159655,-0.008585358,0,-0.024410797,0,0,-0.015691597
1773775635,TRUE,0.850378,1773775635,334.60193,240.4174,39.757977,97.5733,1.5695803,334.39685,240.60187,3933.4114,0.999998677,0.001510472,1.569285854,14.396851,0,0.558132542,-1.569285854,-0.008638111,0,-0.024156452,0,0,-0.015692859
1773775635,TRUE,0.850378,1773775635,334.60193,240.4174,39.757977,97.5733,1.5695803,334.45837,240.54654,3917.183,0.999998852,0.001422134,1.569374193,14.458374,0,0.553998224,-1.569374193,-0.008675025,0,-0.023977515,0,0,-0.015693742
1773775635,TRUE,0.850378,1773775635,334.60193,240.4174,39.757977,97.5733,1.5695803,334.50146,240.50778,3905.8232,0.999998974,0.001360296,1.56943603,14.501465,0,0.551093991,-1.56943603,-0.008700879,0,-0.023851817,0,0,-0.01569436
1773775635,TRUE,0.82259226,1773775635,333.0847,239.31833,40.295708,96.75365,1.5628272,334.07642,240.15094,3903.7031,0.999989756,0.003342911,1.567453394,14.076416,0,0.550551093,-1.567453394,-0.00844585,0,-0.02382832,0,0,-0.015674534
1773775635,TRUE,0.82259226,1773775635,333.0847,239.31833,40.295708,96.75365,1.5628272,333.7789,239.90115,3902.2192,0.999983303,0.004730742,1.566065541,13.7789,0,0.550170889,-1.566065541,-0.00826734,0,-0.023811864,0,0,-0.015660655
1773775635,TRUE,0.82259226,1773775635,333.0847,239.31833,40.295708,96.75365,1.5628272,333.57065,239.7263,3901.1807,0.999978786,0.005702223,1.565094044,13.570648,0,0.54990466,-1.565094044,-0.008142389,0,-0.023800342,0,0,-0.01565094
1773775635,TRUE,0.82259226,1773775635,333.0847,239.31833,40.295708,96.75365,1.5628272,333.42487,239.60391,3900.4536,0.999975625,0.00638226,1.564413998,13.424866,0,0.549718306,-1.564413998,-0.00805492,0,-0.023792276,0,0,-0.01564414
1773775635,TRUE,0.82259226,1773775635,333.0847,239.31833,40.295708,96.75365,1.5628272,333.3228,239.51823,3899.9443,0.999973411,0.006858286,1.563937966,13.322815,0,0.549587721,-1.563937966,-0.00799369,0,-0.023786624,0,0,-0.01563938
1773775635,TRUE,0.784372,1773775635,332.1447,239.24939,39.865257,94.34808,1.565322,332.9694,239.43759,3858.3242,0.999976893,0.006443078,1.56435319,12.969391,0,0.538858397,-1.56435319,-0.007781635,0,-0.02332225,0,0,-0.015643532
1773775635,TRUE,0.784372,1773775635,332.1447,239.24939,39.865257,94.34808,1.565322,332.722,239.38113,3829.1902,0.99997933,0.006152432,1.564643846,12.721985,0,0.53127881,-1.564643846,-0.007633191,0,-0.022994199,0,0,-0.015646438
1773775635,TRUE,0.784372,1773775635,332.1447,239.24939,39.865257,94.34808,1.565322,332.5488,239.34161,3808.7964,0.999981036,0.00594898,1.564847305,12.548798,0,0.525938686,-1.564847305,-0.007529279,0,-0.022763074,0,0,-0.015648473
1773775635,TRUE,0.784372,1773775635,332.1447,239.24939,39.865257,94.34808,1.565322,332.42755,239.31393,3794.5208,0.99998223,0.005806563,1.564989726,12.427551,0,0.522183559,-1.564989726,-0.007456531,0,-0.022600549,0,0,-0.015649897
1773775635,TRUE,0.784372,1773775635,332.1447,239.24939,39.865257,94.34808,1.565322,332.3427,239.29456,3784.5278,0.999983066,0.005706872,1.565089421,12.342712,0,0.519546555,-1.565089421,-0.007405628,0,-0.022486417,0,0,-0.015650894
1773775635,TRUE,0.831541,1773775635,331.7442,239.09804,39.432053,93.518906,1.5640862,332.16315,239.2356,3755.4622,0.999981392,0.006007833,1.564788454,12.163147,0,0.511836818,-1.564788454,-0.007297888,0,-0.022152733,0,0,-0.015647885
1773775635,TRUE,0.831541,1773775635,331.7442,239.09804,39.432053,93.518906,1.5640862,332.03748,239.19434,3735.1162,0.999980221,0.006218507,1.564577777,12.037476,0,0.506404358,-1.564577777,-0.007222486,0,-0.021917612,0,0,-0.015645778
1773775635,TRUE,0.831541,1773775635,331.7442,239.09804,39.432053,93.518906,1.5640862,331.9495,239.16545,3720.874,0.999979401,0.006365978,1.564430304,11.949493,0,0.502584028,-1.564430304,-0.007169697,0,-0.021752265,0,0,-0.015644303
1773775635,TRUE,0.831541,1773775635,331.7442,239.09804,39.432053,93.518906,1.5640862,331.8879,239.14523,3710.9045,0.999978827,0.006469208,1.564327072,11.887909,0,0.499901124,-1.564327072,-0.007132746,0,-0.021636146,0,0,-0.015643271
1773775635,TRUE,0.831541,1773775635,331.7442,239.09804,39.432053,93.518906,1.5640862,331.8448,239.13107,3703.9258,0.999978425,0.006541469,1.56425481,11.844788,0,0.498018682,-1.56425481,-0.007106873,0,-0.021554672,0,0,-0.015642548
1773775635,TRUE,0.831541,1773775635,331.7442,239.09804,39.432053,93.518906,1.5640862,331.8146,239.12117,3699.0408,0.999978143,0.006592051,1.564204227,11.814606,0,0.496698978,-1.564204227,-0.007088764,0,-0.021497555,0,0,-0.015642042
1773775635,TRUE,0.7916549,1773775635,335.12686,238.52725,38.454945,94.515656,1.5645187,332.8083,238.943,3679.707,0.999978789,0.006497715,1.564298566,12.808289,0,0.491458609,-1.564298566,-0.007684974,0,-0.021270747,0,0,-0.015642986
1773775635,TRUE,0.7916549,1773775635,335.12686,238.52725,38.454945,94.515656,1.5645187,333.50388,238.81827,3666.1733,0.999979241,0.006431679,1.564364603,13.503876,0,0.487773891,-1.564364603,-0.008102326,0,-0.021111269,0,0,-0.015643646
1773775635,TRUE,0.7916549,1773775635,335.12686,238.52725,38.454945,94.515656,1.5645187,333.99078,238.73097,3656.6997,0.999979557,0.006385454,1.564410829,13.990784,0,0.485186449,-1.564410829,-0.00839447,0,-0.020999283,0,0,-0.015644108
1773775636,TRUE,0.7916549,1773775635,335.12686,238.52725,38.454945,94.515656,1.5645187,334.3316,238.66986,3650.0679,0.999979779,0.006353096,1.564443187,14.331604,0,0.483371212,-1.564443187,-0.008598963,0,-0.020920718,0,0,-0.015644432
1773775636,TRUE,0.7916549,1773775635,335.12686,238.52725,38.454945,94.515656,1.5645187,334.5702,238.62708,3645.4258,0.999979934,0.006330446,1.564465838,14.57019,0,0.482098641,-1.564465838,-0.008742115,0,-0.02086564,0,0,-0.015644658
1773775636,TRUE,0.8298752,1773775636,335.88144,238.66344,38.819283,93.23558,1.5654783,334.96356,238.638,3637.5996,0.999981712,0.006026705,1.564769584,14.963562,0,0.479949421,-1.564769584,-0.008978138,0,-0.020772619,0,0,-0.015647696
1773775636,TRUE,0.8298752,1773775636,335.88144,238.66344,38.819283,93.23558,1.5654783,335.23892,238.64563,3632.121,0.999982956,0.005814087,1.564982206,15.238922,0,0.478442229,-1.564982206,-0.009143353,0,-0.020707387,0,0,-0.015649822
1773775636,TRUE,0.8298752,1773775636,335.88144,238.66344,38.819283,93.23558,1.5654783,335.43167,238.65097,3628.2861,0.999983827,0.005665254,1.565131042,15.431671,0,0.477385856,-1.565131042,-0.009259003,0,-0.020661666,0,0,-0.01565131
1773775636,TRUE,0.8298752,1773775636,335.88144,238.66344,38.819283,93.23558,1.5654783,335.5666,238.65472,3625.6018,0.999984437,0.005561071,1.565235227,15.566589,0,0.476645708,-1.565235227,-0.009339954,0,-0.020629632,0,0,-0.015652352
1773775636,TRUE,0.8298752,1773775636,335.88144,238.66344,38.819283,93.23558,1.5654783,335.66104,238.65735,3623.7227,0.999984864,0.005488143,1.565308156,15.661041,0,0.476127264,-1.565308156,-0.009396625,0,-0.020607193,0,0,-0.015653082
1773775636,TRUE,0.72614217,1773775636,331.80038,237.63806,39.904716,91.313065,1.562367,334.50284,238.35156,3629.7524,0.999978746,0.006370479,1.564425798,14.502838,0,0.47778988,-1.564425798,-0.008701704,0,-0.020679153,0,0,-0.015644258
1773775636,TRUE,0.72614217,1773775636,331.80038,237.63806,39.904716,91.313065,1.562367,333.6921,238.13751,3633.9731,0.999974464,0.006988115,1.563808147,13.692108,0,0.478952017,-1.563808147,-0.008215265,0,-0.020729451,0,0,-0.015638081
1773775636,TRUE,0.72614217,1773775636,331.80038,237.63806,39.904716,91.313065,1.562367,333.1246,237.98767,3636.9277,0.999971467,0.00742046,1.563375792,13.124603,-2.012329,0.479764762,-1.563375792,-0.007874763,0.001207398,-0.020764627,0,0,-0.015633758
1773775636,TRUE,0.72614217,1773775636,331.80038,237.63806,39.904716,91.313065,1.562367,332.72736,237.88278,3638.996,0.999969369,0.007723101,1.563073143,12.727356,-2.117218,0.480333312,-1.563073143,-0.007636414,0.001270331,-0.020789235,0,0,-0.015630731
1773775636,TRUE,0.72614217,1773775636,331.80038,237.63806,39.904716,91.313065,1.562367,332.44928,237.80936,3640.4438,0.9999679,0.00793495,1.562861288,12.44928,-2.1906433,0.480731061,-1.562861288,-0.007469568,0.001314386,-0.02080645,0,0,-0.015628613
1773775636,TRUE,0.8671579,1773775636,329.09485,237.74294,39.7726,90.227905,1.5729064,331.44296,237.78943,3624.8901,0.999976862,0.004921451,1.565874802,11.442963,-2.2105713,0.476449408,-1.565874802,-0.006865778,0.001326343,-0.020621136,0,0,-0.015658748
1773775636,TRUE,0.8671579,1773775636,329.09485,237.74294,39.7726,90.227905,1.5729064,330.73853,237.77548,3614.0024,0.999983136,0.002812002,1.567984285,10.738525,-2.2245178,0.473441312,-1.567984285,-0.006443115,0.001334711,-0.020490943,0,0,-0.015679843
1773775636,TRUE,0.8671579,1773775636,329.09485,237.74294,39.7726,90.227905,1.5729064,330.24542,237.76572,3606.3813,0.999987527,0.001335387,1.569460924,10.245422,-2.2342834,0.471330308,-1.569460924,-0.006147254,0.00134057,-0.020399577,0,0,-0.015694609
1773775636,TRUE,0.8671579,1773775636,329.09485,237.74294,39.7726,90.227905,1.5729064,329.90027,237.75888,3601.0464,0.999990601,0.000301757,1.570494567,9.900269,-2.2411194,0.469849927,-1.570494567,-0.005940162,0.001344672,-0.020335505,0,0,-0.015704946
1773775636,TRUE,0.8671579,1773775636,329.09485,237.74294,39.7726,90.227905,1.5729064,329.65866,237.75409,3597.312,0.999992753,-0.000421784,1.571218114,9.658661,-2.2459106,0.468812332,-1.571218114,-0.005795197,0.001347547,-0.020290597,0,0,-0.015712181
1773775636,TRUE,0.8520802,1773775636,328.02213,234.53561,40.579254,96.481285,1.5692643,329.1677,236.78854,3692.6602,0.999994575,0.000164361,1.570631965,9.167694,-3.2114563,0.494972557,-1.570631965,-0.005500617,0.001926874,-0.021422834,0,0,-0.01570632
1773775636,TRUE,0.8520802,1773775636,328.02213,234.53561,40.579254,96.481285,1.5692643,328.82404,236.11267,3759.4038,0.99999585,0.000574663,1.570221662,8.824036,-3.887329,0.512885845,-1.570221662,-0.005294422,0.002332398,-0.022198136,0,0,-0.015702217
1773775636,TRUE,0.8520802,1773775636,328.02213,234.53561,40.579254,96.481285,1.5692643,328.58347,235.63956,3806.124,0.999996743,0.000861874,1.56993445,8.583466,-4.360443,0.525236801,-1.56993445,-0.00515008,0.002616266,-0.022732696,0,0,-0.015699345
1773775636,TRUE,0.8520802,1773775636,328.02213,234.53561,40.579254,96.481285,1.5692643,328.41507,235.30838,3838.8286,0.999997368,0.001062922,1.569733402,8.41507,-4.69162,0.533792691,-1.569733402,-0.005049042,0.002814972,-0.023103002,0,0,-0.015697334
1773775636,TRUE,0.8520802,1773775636,328.02213,234.53561,40.579254,96.481285,1.5692643,328.29718,235.07655,3861.7217,0.999997806,0.001203655,1.569592669,8.29718,-4.9234467,0.539738561,-1.569592669,-0.004978309,0.002954068,-0.023360344,0,0,-0.015695927
1773775636,TRUE,0.8789288,1773775636,326.0604,233.47417,37.973557,89.747665,1.5778489,327.62616,234.59584,3725.6165,0.999991003,-0.001273199,1.572069537,7.6261597,-5.4041595,0.503857749,-1.572069537,-0.004575696,0.003242496,-0.021807392,0,0,-0.015720695
1773775636,TRUE,0.8789288,1773775636,326.0604,233.47417,37.973557,89.747665,1.5778489,327.15643,234.25934,3630.3428,0.999986241,-0.003006997,1.573803356,7.156433,-5.7406616,0.477952508,-1.573803356,-0.00429386,0.003444397,-0.020686191,0,0,-0.015738034
1773775636,TRUE,0.8789288,1773775636,326.0604,233.47417,37.973557,89.747665,1.5778489,326.82764,234.02379,3563.6514,0.999982908,-0.004220656,1.57501703,6.8276367,-5.9762115,0.45941113,-1.57501703,-0.004096582,0.003585727,-0.019883705,0,0,-0.01575017
1773775636,TRUE,0.8789288,1773775636,326.0604,233.47417,37.973557,89.747665,1.5778489,326.59747,233.8589,3516.9673,0.999980575,-0.005070217,1.575866599,6.597473,-6.141098,0.446224463,-1.575866599,-0.003958484,0.003684659,-0.019312975,0,0,-0.015758666
1773775636,TRUE,0.8789288,1773775636,326.0604,233.47417,37.973557,89.747665,1.5778489,326.43634,233.74348,3484.2883,0.999978942,-0.00566491,1.576461295,6.4363403,-6.2565155,0.436889214,-1.576461295,-0.003861805,0.003753909,-0.018908937,0,0,-0.015764613
1773775636,TRUE,0.8789288,1773775636,326.0604,233.47417,37.973557,89.747665,1.5778489,326.32355,233.66269,3461.413,0.999977798,-0.006081195,1.576877581,6.3235474,-6.337311,0.430302328,-1.576877581,-0.003794129,0.003802387,-0.018623851,0,0,-0.015768776
1773775636,TRUE,0.863212,1773775636,324.37885,233.90486,39.6783,91.61301,1.5737321,325.74014,233.73534,3513.5034,0.999983166,-0.005137578,1.575933946,5.740143,-6.2646637,0.445239114,-1.575933946,-0.003444086,0.003758798,-0.019270328,0,0,-0.015759339
1773775636,TRUE,0.863212,1773775636,324.37885,233.90486,39.6783,91.61301,1.5737321,325.33176,233.7862,3549.9668,0.999986923,-0.004477047,1.575273402,5.3317566,-6.213806,0.455563705,-1.575273402,-0.003199054,0.003728284,-0.019717185,0,0,-0.015752734
1773775636,TRUE,0.863212,1773775636,324.37885,233.90486,39.6783,91.61301,1.5737321,325.0459,233.8218,3575.4912,0.999989553,-0.004014675,1.574811022,5.0458984,-6.1782074,0.462727975,-1.574811022,-0.003027539,0.003706925,-0.020027261,0,0,-0.01574811
1773775636,TRUE,0.863212,1773775636,324.37885,233.90486,39.6783,91.61301,1.5737321,324.84576,233.84671,3593.3584,0.999991395,-0.003691014,1.574487356,4.845764,-6.15329,0.467712725,-1.574487356,-0.002907459,0.003691974,-0.020243005,0,0,-0.015744874
1773775636,TRUE,0.863212,1773775636,324.37885,233.90486,39.6783,91.61301,1.5737321,324.7057,233.86415,3605.8652,0.999992683,-0.003464452,1.57426079,4.7056885,-6.135849,0.471187213,-1.57426079,-0.002823413,0.00368151,-0.020393384,0,0,-0.015742608
1773775636,TRUE,0.863212,1773775636,324.37885,233.90486,39.6783,91.61301,1.5737321,324.60764,233.87637,3614.62,0.999993586,-0.003305858,1.574102194,4.6076355,-6.1236267,0.473612222,-1.574102194,-0.002764582,0.003674176,-0.02049834,0,0,-0.015741022
1773775636,TRUE,0.83578044,1773775636,322.1629,233.38072,41.52775,93.92444,1.5756513,323.8742,233.72768,3700.3755,0.999991974,-0.003770584,1.574566923,3.8742065,-6.2723236,0.497059742,-1.574566923,-0.002324524,0.003763394,-0.021513169,0,0,-0.015745669
1773775636,TRUE,0.83578044,1773775636,322.1629,233.38072,41.52775,93.92444,1.5756513,323.3608,233.6236,3760.4038,0.999990846,-0.004095891,1.574892233,3.3608093,-6.376404,0.513151765,-1.574892233,-0.002016486,0.003825842,-0.022209645,0,0,-0.015748922
1773775636,TRUE,0.83578044,1773775636,322.1629,233.38072,41.52775,93.92444,1.5756513,323.00143,233.55074,3802.4238,0.999990057,-0.004323606,1.575119949,3.0014343,-6.4492645,0.524264174,-1.575119949,-0.001800861,0.003869559,-0.0226906,0,0,-0.015751199
1773775636,TRUE,0.83578044,1773775636,322.1629,233.38072,41.52775,93.92444,1.5756513,322.74988,233.49974,3831.838,0.999989504,-0.004483007,1.575279351,2.749878,-6.5002594,0.531970026,-1.575279351,-0.001649927,0.003900156,-0.023024116,0,0,-0.015752794
1773775636,TRUE,0.83578044,1773775636,322.1629,233.38072,41.52775,93.92444,1.5756513,322.5738,233.46404,3852.4277,0.999989117,-0.004594588,1.575390932,2.5737915,-6.535965,0.537328973,-1.575390932,-0.001544275,0.003921579,-0.023256055,0,0,-0.015753909
1773775636,TRUE,0.8278714,1773775636,320.46555,233.21379,40.928093,95.900604,1.5733299,321.9413,233.38896,3874.208,0.999991419,-0.00397629,1.57477263,0,-6.611038,0.542966722,-1.57477263,0,0.003966623,-0.023500062,0,0,-0.015747726
1773775636,TRUE,0.8278714,1773775636,320.46555,233.21379,40.928093,95.900604,1.5733299,321.4986,233.33641,3889.454,0.999993031,-0.003543482,1.574339819,0,-6.6635895,0.546894258,-1.574339819,0,0.003998154,-0.023670049,0,0,-0.015743398
1773775636,TRUE,0.8278714,1773775636,320.46555,233.21379,40.928093,95.900604,1.5733299,321.1887,233.29962,3900.1265,0.999994159,-0.003240516,1.574036851,0,-6.7003784,0.549634439,-1.574036851,0,0.004020227,-0.023788646,0,0,-0.015740369
1773775636,TRUE,0.8278714,1773775636,320.46555,233.21379,40.928093,95.900604,1.5733299,320.97174,233.27388,3907.5972,0.999994948,-0.00302844,1.573824773,0,-6.72612,0.55154808,-1.573824773,0,0.004035672,-0.02387147,0,0,-0.015738248
1773775636,TRUE,0.8278714,1773775636,320.46555,233.21379,40.928093,95.900604,1.5733299,320.8199,233.25586,3912.8267,0.999995501,-0.002879987,1.573676319,0,-6.7441406,0.552885454,-1.573676319,0,0.004046484,-0.023929353,0,0,-0.015736763
1773775636,TRUE,0.84586215,1773775636,320.48642,233.81586,40.40062,96.09979,1.5744156,320.71985,233.42386,3903.726,0.999994886,-0.00310176,1.573898092,0,-6.5761414,0.550556936,-1.573898092,0,0.003945685,-0.023828573,0,0,-0.015738981
1773775636,TRUE,0.84586215,1773775636,320.48642,233.81586,40.40062,96.09979,1.5744156,320.6498,233.54146,3897.3555,0.999994455,-0.003257001,1.574053334,0,-6.458542,0.548923659,-1.574053334,0,0.003875125,-0.023757883,0,0,-0.015740533
1773775636,TRUE,0.84586215,1773775636,320.48642,233.81586,40.40062,96.09979,1.5744156,320.6008,233.62378,3892.896,0.999994154,-0.00336567,1.574162003,0,-6.3762207,0.547778824,-1.574162003,0,0.003825733,-0.023708334,0,0,-0.01574162
1773775636,TRUE,0.84586215,1773775636,320.48642,233.81586,40.40062,96.09979,1.5744156,320.5665,233.6814,3889.7744,0.999993943,-0.003441738,1.574238072,0,-6.3186035,0.546976631,-1.574238072,0,0.003791162,-0.023673614,0,0,-0.015742381
1773775636,TRUE,0.84586215,1773775636,320.48642,233.81586,40.40062,96.09979,1.5744156,320.54248,233.72174,3887.5894,0.999993795,-0.003494985,1.57429132,0,-6.2782593,0.54641472,-1.57429132,0,0.003766956,-0.023649294,0,0,-0.015742913
1773775636,TRUE,0.83964217,1773775636,319.97998,234.44937,40.51094,97.65004,1.5731282,320.37372,233.94003,3908.081,0.999994841,-0.003146058,1.573942391,0,-6.059967,0.551671887,-1.573942391,0,0.00363598,-0.023876829,0,0,-0.015739424
1773775636,TRUE,0.83964217,1773775636,319.97998,234.44937,40.51094,97.65004,1.5731282,320.25558,234.09283,3922.4253,0.999995573,-0.002901809,1.57369814,0,-5.9071655,0.555335611,-1.57369814,0,0.003544299,-0.024035398,0,0,-0.015736981
1773775636,TRUE,0.83964217,1773775636,319.97998,234.44937,40.51094,97.65004,1.5731282,320.1729,234.1998,3932.4663,0.999996085,-0.002730835,1.573527165,0,-5.8002014,0.55789224,-1.573527165,0,0.003480121,-0.024146051,0,0,-0.015735272
1773775636,TRUE,0.83964217,1773775636,319.97998,234.44937,40.51094,97.65004,1.5731282,320.11502,234.27466,3939.4949,0.999996444,-0.002611153,1.573407483,0,-5.725342,0.559677979,-1.573407483,0,0.003435205,-0.024223339,0,0,-0.015734075
1773775636,TRUE,0.83964217,1773775636,319.97998,234.44937,40.51094,97.65004,1.5731282,320.0745,234.32709,3944.415,0.999996695,-0.002527375,1.573323705,0,-5.6729126,0.560926095,-1.573323705,0,0.003403748,-0.024277359,0,0,-0.015733237
1773775636,TRUE,0.83964217,1773775636,319.97998,234.44937,40.51094,97.65004,1.5731282,320.04614,234.36377,3947.8591,0.999996871,-0.002468731,1.57326506,0,-5.6362305,0.561798884,-1.57326506,0,0.003381738,-0.024315134,0,0,-0.015732651
1773775636,TRUE,0.8652337,1773775636,319.44534,235.75137,38.909176,87.83748,1.5790571,319.8659,234.78006,3788.8066,0.999987574,-0.004206315,1.575002669,0,-5.21994,0.52067656,-1.575002669,0,0.003131964,-0.022535325,0,0,-0.015750027
1773775636,TRUE,0.8652337,1773775636,319.44534,235.75137,38.909176,87.83748,1.5790571,319.73975,235.07146,3677.4697,0.999981066,-0.005422623,1.576219,0,-4.928543,0.490850381,-1.576219,0,0.002957126,-0.021244422,0,0,-0.01576219
1773775636,TRUE,0.8652337,1773775636,319.44534,235.75137,38.909176,87.83748,1.5790571,319.65143,235.27544,3599.534,0.99997651,-0.006274039,1.577070431,0,-4.7245636,0.469429785,-1.577070431,0,0.002834738,-0.020317321,0,0,-0.015770704
1773775636,TRUE,0.8652337,1773775636,319.44534,235.75137,38.909176,87.83748,1.5790571,319.5896,235.41823,3544.979,0.999973321,-0.006870031,1.577666433,0,-4.581772,0.45415766,-1.577666433,0,0.002749063,-0.01965633,0,0,-0.015776664
1773775636,TRUE,0.8652337,1773775636,319.44534,235.75137,38.909176,87.83748,1.5790571,319.54633,235.51817,3506.7905,0.999971089,-0.007287224,1.578083633,0,-4.481827,0.44332664,-1.578083633,0,0.002689096,-0.019187554,0,0,-0.015780836
1773775636,TRUE,0.8798677,1773775636,318.529,237.03918,40.381596,88.789215,1.5797242,319.24112,235.97447,3530.3887,0.999967806,-0.007779381,1.578575802,0,-4.025528,0.450033433,-1.578575802,0,0.002415317,-0.01947783,0,0,-0.015785758
1773775636,TRUE,0.8798677,1773775636,318.529,237.03918,40.381596,88.789215,1.5797242,319.02747,236.29388,3546.9072,0.999965508,-0.008123891,1.578920319,0,-3.7061157,0.454701462,-1.578920319,0,0.00222367,-0.019679866,0,0,-0.015789203
1773775636,TRUE,0.8798677,1773775636,318.529,237.03918,40.381596,88.789215,1.5797242,318.87793,236.51747,3558.4702,0.9999639,-0.008365048,1.579161482,0,-3.4825287,0.457956195,-1.579161482,0,0.002089517,-0.019820734,0,0,-0.015791615
1773775636,TRUE,0.8798677,1773775636,318.529,237.03918,40.381596,88.789215,1.5797242,318.77325,236.67398,3566.5645,0.999962774,-0.008533858,1.579330295,0,-3.3260193,0.460228244,-1.579330295,0,0.001995612,-0.01991907,0,0,-0.015793303
1773775636,TRUE,0.8798677,1773775636,318.529,237.03918,40.381596,88.789215,1.5797242,318.69998,236.78354,3572.23,0.999961986,-0.008652025,1.579448464,0,-3.2164612,0.461815478,-1.579448464,0,0.001929877,-0.019987767,0,0,-0.015794485
1773775636,TRUE,0.8722662,1773775636,317.45798,237.6282,40.41902,88.837036,1.5775039,318.3274,237.03694,3577.773,0.999966641,-0.00806868,1.578865101,0,-2.9630585,0.463365995,-1.578865101,0,0.001777835,-0.020054875,0,0,-0.015788651
1773775636,TRUE,0.8722662,1773775636,317.45798,237.6282,40.41902,88.837036,1.5775039,318.0666,237.21432,3581.6528,0.9999699,-0.007660339,1.578456746,0,-2.785675,0.464449786,-1.578456746,0,0.001671405,-0.020101782,0,0,-0.015784567
1773775636,TRUE,0.8722662,1773775636,317.45798,237.6282,40.41902,88.837036,1.5775039,317.884,237.33849,3584.369,0.999972181,-0.0073745,1.578170898,-2.1159973,-2.6615143,0.465207847,-1.578170898,0.001269599,0.001596909,-0.020134592,0,0,-0.015781709
1773775636,TRUE,0.8722662,1773775636,317.45798,237.6282,40.41902,88.837036,1.5775039,317.7562,237.4254,3586.27,0.999973778,-0.007174413,1.577970804,-2.243805,-2.5746002,0.465738118,-1.577970804,0.001346283,0.00154476,-0.020157542,0,0,-0.015779708
1773775636,TRUE,0.8722662,1773775636,317.45798,237.6282,40.41902,88.837036,1.5775039,317.66675,237.48625,3587.6008,0.999974896,-0.007034352,1.577830739,-2.333252,-2.5137482,0.466109102,-1.577830739,0.001399951,0.001508249,-0.020173599,0,0,-0.015778307
1773775636,TRUE,0.8465008,1773775636,318.2992,238.72243,38.85211,89.08646,1.5734988,317.85648,237.8571,3549.6797,0.999981332,-0.005734801,1.576531172,-2.1435242,-2.1428986,0.455482821,-1.576531172,0.001286115,0.001285739,-0.019713684,0,0,-0.015765312
1773775636,TRUE,0.8465008,1773775636,318.2992,238.72243,38.85211,89.08646,1.5734988,317.9893,238.1167,3523.1348,0.999985837,-0.004825115,1.575621473,-2.0107117,0,0.447976577,-1.575621473,0.001206427,0,-0.019388808,0,0,-0.015756215
1773775636,TRUE,0.8465008,1773775636,318.2992,238.72243,38.85211,89.08646,1.5734988,318.08228,238.29842,3504.5535,0.99998899,-0.004188335,1.574984683,0,0,0.442688564,-1.574984683,0,0,-0.019159938,0,0,-0.015749847
1773775636,TRUE,0.8465008,1773775636,318.2992,238.72243,38.85211,89.08646,1.5734988,318.14734,238.42561,3491.5466,0.999991198,-0.003742589,1.574538931,0,0,0.438970208,-1.574538931,0,0,-0.018999004,0,0,-0.015745389
1773775636,TRUE,0.8465008,1773775636,318.2992,238.72243,38.85211,89.08646,1.5734988,318.1929,238.51466,3482.4417,0.999992743,-0.003430567,1.574226905,0,0,0.436359138,-1.574226905,0,0,-0.018885995,0,0,-0.015742269
1773775636,TRUE,0.8431509,1773775636,318.7694,239.67867,36.250294,90.144775,1.5728519,318.36584,238.86386,3418.0417,0.999994286,-0.003018067,1.573814402,0,0,0.417693232,-1.573814402,0,0,-0.018078119,0,0,-0.015738144
1773775636,TRUE,0.8431509,1773775636,318.7694,239.67867,36.250294,90.144775,1.5728519,318.48694,239.1083,3372.9617,0.999995366,-0.002729317,1.57352565,0,0,0.40441663,-1.57352565,0,0,-0.017503496,0,0,-0.015735257
1773775636,TRUE,0.8431509,1773775636,318.7694,239.67867,36.250294,90.144775,1.5728519,318.5717,239.27942,3341.4058,0.999996123,-0.002527193,1.573323524,0,0,0.395017017,-1.573323524,0,0,-0.017096673,0,0,-0.015733235
1773775636,TRUE,0.8431509,1773775636,318.7694,239.67867,36.250294,90.144775,1.5728519,318.631,239.3992,3319.3164,0.999996652,-0.002385705,1.573182035,0,0,0.388384312,-1.573182035,0,0,-0.016809604,0,0,-0.01573182
1773775636,TRUE,0.8431509,1773775636,318.7694,239.67867,36.250294,90.144775,1.5728519,318.67255,239.48303,3303.854,0.999997023,-0.002286664,1.573082994,0,0,0.383715071,-1.573082994,0,0,-0.016607515,0,0,-0.01573083
1773775636,TRUE,0.8286957,1773775636,318.51712,240.68382,38.14788,90.00868,1.5776474,318.62592,239.84326,3342.79,0.999990875,-0.003655985,1.574452329,0,0,0.395431238,-1.574452329,0,0,-0.017114601,0,0,-0.015744523
1773775636,TRUE,0.8286957,1773775636,318.51712,240.68382,38.14788,90.00868,1.5776474,318.59326,240.09543,3370.045,0.999986572,-0.00461451,1.575410866,0,0,0.403551479,-1.575410866,0,0,-0.017466052,0,0,-0.015754109
1773775636,TRUE,0.8286957,1773775636,318.51712,240.68382,38.14788,90.00868,1.5776474,318.5704,240.27194,3389.1235,0.99998356,-0.005285477,1.576081841,0,0,0.409196778,-1.576081841,0,0,-0.017710385,0,0,-0.015760818
1773775636,TRUE,0.8286957,1773775636,318.51712,240.68382,38.14788,90.00868,1.5776474,318.5544,240.39551,3402.4785,0.999981451,-0.005755154,1.576551524,0,0,0.413129587,-1.576551524,0,0,-0.0178806,0,0,-0.015765515
1773775636,TRUE,0.8286957,1773775636,318.51712,240.68382,38.14788,90.00868,1.5776474,318.5432,240.482,3411.8271,0.999979975,-0.006083928,1.576880302,0,0,0.415873435,-1.576880302,0,0,-0.017999356,0,0,-0.015768803
1773775636,TRUE,0.8286957,1773775636,318.51712,240.68382,38.14788,90.00868,1.5776474,318.53537,240.54254,3418.371,0.999978942,-0.00631407,1.577110446,0,0,0.417789556,-1.577110446,0,0,-0.018082288,0,0,-0.015771104
1773775636,TRUE,0.83217794,1773775636,318.26108,240.93777,38.78344,91.06302,1.5805124,318.4531,240.6611,3452.3809,0.999971099,-0.007334626,1.578131033,0,0,0.427689561,-1.578131033,0,0,-0.018510768,0,0,-0.01578131
1773775636,TRUE,0.83217794,1773775636,318.26108,240.93777,38.78344,91.06302,1.5805124,318.39548,240.74411,3476.1875,0.999965609,-0.008049016,1.578845446,0,0,0.434561599,-1.578845446,0,0,-0.018808196,0,0,-0.015788454
1773775636,TRUE,0.83217794,1773775636,318.26108,240.93777,38.78344,91.06302,1.5805124,318.35516,240.80222,3492.8525,0.999961766,-0.008549088,1.579345534,0,0,0.439344187,-1.579345534,0,0,-0.01901519,0,0,-0.015793455
1773775636,TRUE,0.83217794,1773775636,318.26108,240.93777,38.78344,91.06302,1.5805124,318.32693,240.8429,3504.518,0.999959076,-0.008899139,1.579695595,0,0,0.442678457,-1.579695595,0,0,-0.0191595,0,0,-0.015796956
1773775636,TRUE,0.83217794,1773775636,318.26108,240.93777,38.78344,91.06302,1.5805124,318.3072,240.87137,3512.6836,0.999957193,-0.009144175,1.579940638,0,0,0.445005764,-1.579940638,0,0,-0.019260228,0,0,-0.015799406
1773775636,TRUE,0.8211097,1773775636,318.08322,240.73936,38.9496,90.898125,1.5783426,318.24,240.83176,3521.0122,0.999961493,-0.00866477,1.579461214,0,0,0.447373929,-1.579461214,0,0,-0.019362724,0,0,-0.015794612
1773775636,TRUE,0.8211097,1773775636,318.08322,240.73936,38.9496,90.898125,1.5783426,318.19296,240.80405,3526.8423,0.999964504,-0.008329187,1.579125616,0,0,0.449028398,-1.579125616,0,0,-0.019434331,0,0,-0.015791256
1773775636,TRUE,0.8211097,1773775636,318.08322,240.73936,38.9496,90.898125,1.5783426,318.16003,240.78464,3530.9233,0.999966611,-0.008094278,1.578890698,0,0,0.450184831,-1.578890698,0,0,-0.019484383,0,0,-0.015788907
1773775636,TRUE,0.8211097,1773775636,318.08322,240.73936,38.9496,90.898125,1.5783426,318.137,240.77106,3533.7798,0.999968086,-0.007929842,1.578726256,0,0,0.450993494,-1.578726256,0,0,-0.019519382,0,0,-0.015787263
1773775636,TRUE,0.8211097,1773775636,318.08322,240.73936,38.9496,90.898125,1.5783426,318.12085,240.76154,3535.7793,0.999969118,-0.007814737,1.578611146,0,0,0.451559131,-1.578611146,0,0,-0.019543864,0,0,-0.015786111
1773775636,TRUE,0.8330992,1773775636,317.74628,240.92256,38.871902,91.02,1.5773184,318.00848,240.80984,3536.4814,0.999972002,-0.007426933,1.578223331,0,0,0.451757722,-1.578223331,0,0,-0.019552459,0,0,-0.015782233
1773775636,TRUE,0.8330992,1773775636,317.74628,240.92256,38.871902,91.02,1.5773184,317.9298,240.84366,3536.9731,0.999974021,-0.00715547,1.577951861,-2.0701904,0,0.451896721,-1.577951861,0.001242114,0,-0.019558475,0,0,-0.015779519
1773775636,TRUE,0.8330992,1773775636,317.74628,240.92256,38.871902,91.02,1.5773184,317.87476,240.86734,3537.3174,0.999975434,-0.006965446,1.577761831,-2.1252441,0,0.451994054,-1.577761831,0.001275147,0,-0.019562687,0,0,-0.015777618
1773775636,TRUE,0.8330992,1773775636,317.74628,240.92256,38.871902,91.02,1.5773184,317.8362,240.88391,3537.558,0.999976423,-0.006832429,1.577628811,-2.1637878,0,0.452062097,-1.577628811,0.001298273,0,-0.019565632,0,0,-0.015776288
1773775637,TRUE,0.8330992,1773775636,317.74628,240.92256,38.871902,91.02,1.5773184,317.80923,240.89551,3537.7266,0.999977116,-0.006739318,1.577535697,-2.1907654,0,0.452109733,-1.577535697,0.001314459,0,-0.019567694,0,0,-0.015775357
1773775637,TRUE,0.82951295,1773775637,318.03723,240.2704,37.85767,90.72507,1.5759863,317.87762,240.70798,3506.8003,0.999979941,-0.006274497,1.577070868,-2.1223755,0,0.443329471,-1.577070868,0.001273425,0,-0.019187677,0,0,-0.015770709
1773775637,TRUE,0.82951295,1773775637,318.03723,240.2704,37.85767,90.72507,1.5759863,317.9255,240.57669,3485.1523,0.999981918,-0.005949123,1.576745487,-2.0744934,0,0.437137169,-1.576745487,0.001244696,0,-0.018919669,0,0,-0.015767455
1773775637,TRUE,0.82951295,1773775637,318.03723,240.2704,37.85767,90.72507,1.5759863,317.959,240.4848,3469.9985,0.999983302,-0.005721361,1.576517721,-2.040985,0,0.432779614,-1.576517721,0.001224591,0,-0.01873107,0,0,-0.015765177
1773775637,TRUE,0.82951295,1773775637,318.03723,240.2704,37.85767,90.72507,1.5759863,317.98248,240.42047,3459.391,0.999984271,-0.005561927,1.576358284,-2.017517,0,0.429718019,-1.576358284,0.00121051,0,-0.018598562,0,0,-0.015763583
1773775637,TRUE,0.82951295,1773775637,318.03723,240.2704,37.85767,90.72507,1.5759863,317.9989,240.37546,3451.9658,0.99998495,-0.005450324,1.576246679,-2.0010986,0,0.427569311,-1.576246679,0.001200659,0,-0.018505564,0,0,-0.015762467
1773775637,TRUE,0.84782964,1773775637,318.06232,240.65291,37.43987,89.681885,1.5744821,318.01794,240.4587,3423.6794,0.999987427,-0.004920951,1.5757173,0,0,0.419341305,-1.5757173,0,0,-0.018149449,0,0,-0.015757173
1773775637,TRUE,0.84782964,1773775637,318.06232,240.65291,37.43987,89.681885,1.5744821,318.03125,240.51697,3403.8792,0.999989161,-0.00455039,1.575346735,0,0,0.413541183,-1.575346735,0,0,-0.017898414,0,0,-0.015753467
1773775637,TRUE,0.84782964,1773775637,318.06232,240.65291,37.43987,89.681885,1.5744821,318.0406,240.55775,3390.0188,0.999990375,-0.004290998,1.575087339,0,0,0.409460878,-1.575087339,0,0,-0.017721815,0,0,-0.015750873
1773775637,TRUE,0.84782964,1773775637,318.06232,240.65291,37.43987,89.681885,1.5744821,318.04712,240.5863,3380.3167,0.999991225,-0.004109423,1.574905763,0,0,0.406594812,-1.574905763,0,0,-0.01759777,0,0,-0.015749058
1773775637,TRUE,0.84782964,1773775637,318.06232,240.65291,37.43987,89.681885,1.5744821,318.0517,240.6063,3373.5251,0.99999182,-0.00398232,1.574778659,0,0,0.404583684,-1.574778659,0,0,-0.017510726,0,0,-0.015747787
1773775637,TRUE,0.8480992,1773775637,318.39352,240.42883,37.388462,89.651,1.5739146,318.15424,240.55307,3367.0415,0.999992815,-0.003723119,1.574519455,0,0,0.402659918,-1.574519455,0,0,-0.017427464,0,0,-0.015745195
1773775637,TRUE,0.8480992,1773775637,318.39352,240.42883,37.388462,89.651,1.5739146,318.226,240.51581,3362.503,0.999993512,-0.003541678,1.574338013,0,0,0.401311029,-1.574338013,0,0,-0.017369083,0,0,-0.01574338
1773775637,TRUE,0.8480992,1773775637,318.39352,240.42883,37.388462,89.651,1.5739146,318.27628,240.48972,3359.326,0.999994,-0.003414669,1.574211003,0,0,0.400365786,-1.574211003,0,0,-0.017328172,0,0,-0.01574211
1773775637,TRUE,0.8480992,1773775637,318.39352,240.42883,37.388462,89.651,1.5739146,318.31146,240.47147,3357.102,0.999994341,-0.003325763,1.574122096,0,0,0.399703528,-1.574122096,0,0,-0.017299509,0,0,-0.015741221
1773775637,TRUE,0.8480992,1773775637,318.39352,240.42883,37.388462,89.651,1.5739146,318.3361,240.45868,3355.5454,0.99999458,-0.003263529,1.574059862,0,0,0.399239735,-1.574059862,0,0,-0.017279436,0,0,-0.015740599
1773775637,TRUE,0.8382674,1773775637,317.87766,240.74759,37.705208,90.8655,1.5734537,318.19855,240.54535,3376.7126,0.999995147,-0.00308167,1.573878002,0,0,0.405528049,-1.573878002,0,0,-0.017551599,0,0,-0.01573878
1773775637,TRUE,0.8382674,1773775637,317.87766,240.74759,37.705208,90.8655,1.5734537,318.1023,240.60602,3391.5295,0.999995544,-0.00295437,1.573750701,0,0,0.409906426,-1.573750701,0,0,-0.017741099,0,0,-0.015737507
1773775637,TRUE,0.8382674,1773775637,317.87766,240.74759,37.705208,90.8655,1.5734537,318.0349,240.6485,3401.9014,0.999995821,-0.002865259,1.57366159,0,0,0.412959932,-1.57366159,0,0,-0.017873257,0,0,-0.015736616
1773775637,TRUE,0.8382674,1773775637,317.87766,240.74759,37.705208,90.8655,1.5734537,317.98773,240.67822,3409.1616,0.999996016,-0.002802882,1.573599213,-2.012268,0,0.41509182,-1.573599213,0.001207361,0,-0.017965527,0,0,-0.015735992
1773775637,TRUE,0.8382674,1773775637,317.87766,240.74759,37.705208,90.8655,1.5734537,317.9547,240.69904,3414.244,0.999996152,-0.002759218,1.573555548,-2.045288,0,0.416581505,-1.573555548,0.001227173,0,-0.018030002,0,0,-0.015735555
1773775637,TRUE,0.8401627,1773775637,317.88492,240.65482,36.950935,90.32254,1.5734211,317.93378,240.68576,3391.2214,0.999996273,-0.00271889,1.57351522,-2.0662231,0,0.409815592,-1.57351522,0.001239734,0,-0.017737168,0,0,-0.015735152
1773775637,TRUE,0.8401627,1773775637,317.88492,240.65482,36.950935,90.32254,1.5734211,317.91913,240.67648,3375.1057,0.999996358,-0.00269066,1.57348699,-2.0808716,0,0.405052082,-1.57348699,0.001248523,0,-0.017530999,0,0,-0.01573487
1773775637,TRUE,0.8401627,1773775637,317.88492,240.65482,36.950935,90.32254,1.5734211,317.90887,240.66998,3363.8247,0.999996417,-0.002670899,1.573467229,-2.0911255,0,0.401704064,-1.573467229,0.001254675,0,-0.017386094,0,0,-0.015734672
1773775637,TRUE,0.8401627,1773775637,317.88492,240.65482,36.950935,90.32254,1.5734211,317.90167,240.66544,3355.928,0.999996458,-0.002657067,1.573453397,-2.0983276,0,0.399353765,-1.573453397,0.001258997,0,-0.017284371,0,0,-0.015734534
1773775637,TRUE,0.8401627,1773775637,317.88492,240.65482,36.950935,90.32254,1.5734211,317.89667,240.66226,3350.4004,0.999996487,-0.002647384,1.573443714,-2.1033325,0,0.39770531,-1.573443714,0.001262,0,-0.017213024,0,0,-0.015734437
1773775637,TRUE,0.8401627,1773775637,317.88492,240.65482,36.950935,90.32254,1.5734211,317.89313,240.66003,3346.531,0.999996508,-0.002640606,1.573436936,-2.1068726,0,0.396549716,-1.573436936,0.001264124,0,-0.017163009,0,0,-0.015734369
1773775637,TRUE,0.84126997,1773775637,317.87686,240.48337,37.63887,90.23767,1.573371,317.88824,240.60703,3361.5051,0.999996561,-0.002620841,1.573417171,-2.1117554,0,0.401014274,-1.573417171,0.001267053,0,-0.017356239,0,0,-0.015734172
1773775637,TRUE,0.84126997,1773775637,317.87686,240.48337,37.63887,90.23767,1.573371,317.88483,240.56992,3371.9868,0.999996598,-0.002607006,1.573403335,-2.1151733,0,0.40412756,-1.573403335,0.001269104,0,-0.017490985,0,0,-0.015734033
1773775637,TRUE,0.84126997,1773775637,317.87686,240.48337,37.63887,90.23767,1.573371,317.88245,240.54395,3379.324,0.999996624,-0.002597321,1.573393651,-2.1175537,0,0.406301131,-1.573393651,0.001270532,0,-0.017585059,0,0,-0.015733937
1773775637,TRUE,0.84126997,1773775637,317.87686,240.48337,37.63887,90.23767,1.573371,317.88077,240.52576,3384.4602,0.999996643,-0.002590542,1.573386871,-2.1192322,0,0.407819896,-1.573386871,0.001271539,0,-0.017650792,0,0,-0.015733869
1773775637,TRUE,0.84126997,1773775637,317.87686,240.48337,37.63887,90.23767,1.573371,317.8796,240.51303,3388.0554,0.999996656,-0.002585796,1.573382126,-2.1203918,0,0.408881605,-1.573382126,0.001272235,0,-0.017696744,0,0,-0.015733821
1773775637,TRUE,0.8300439,1773775637,316.94742,240.72731,38.82067,90.39872,1.575193,317.59995,240.5773,3424.4404,0.999994759,-0.003129069,1.573925402,-2.400055,0,0.419563481,-1.573925402,0.001440033,0,-0.018159065,0,0,-0.015739254
1773775637,TRUE,0.8300439,1773775637,316.94742,240.72731,38.82067,90.39872,1.575193,317.40417,240.62231,3449.91,0.999993432,-0.00350936,1.574305696,-2.5958252,0,0.426973525,-1.574305696,0.001557495,0,-0.018479778,0,0,-0.015743057
1773775637,TRUE,0.8300439,1773775637,316.94742,240.72731,38.82067,90.39872,1.575193,317.26715,240.65381,3467.7388,0.999992503,-0.003775564,1.574571901,-2.7328491,0,0.432128194,-1.574571901,0.00163971,0,-0.018702876,0,0,-0.015745719
1773775637,TRUE,0.8300439,1773775637,316.94742,240.72731,38.82067,90.39872,1.575193,317.17123,240.67584,3480.2188,0.999991852,-0.003961907,1.574758245,-2.8287659,0,0.435720609,-1.574758245,0.00169726,0,-0.018858359,0,0,-0.015747582
1773775637,TRUE,0.8300439,1773775637,316.94742,240.72731,38.82067,90.39872,1.575193,317.1041,240.69128,3488.9548,0.999991397,-0.004092347,1.574888686,-2.8959045,0,0.438227674,-1.574888686,0.001737543,0,-0.018966867,0,0,-0.015748887
1773775637,TRUE,0.8158021,1773775637,315.5825,241.66583,42.14073,92.52809,1.5785028,316.6476,240.98366,3612.0288,0.999985069,-0.005176554,1.575972912,-3.3523865,0,0.472895054,-1.575972912,0.002011432,0,-0.0204673,0,0,-0.015759729
1773775637,TRUE,0.8158021,1773775637,315.5825,241.66583,42.14073,92.52809,1.5785028,316.32806,241.18831,3698.1807,0.99998064,-0.005935499,1.576731871,-3.671936,0,0.49646645,-1.576731871,0.002203162,0,-0.021487491,0,0,-0.015767319
1773775637,TRUE,0.8158021,1773775637,315.5825,241.66583,42.14073,92.52809,1.5785028,316.1044,241.33157,3758.4868,0.99997754,-0.006466761,1.577263143,-3.8955994,0,0.512641844,-1.577263143,0.00233736,0,-0.022187575,0,0,-0.015772631
1773775637,TRUE,0.8158021,1773775637,315.5825,241.66583,42.14073,92.52809,1.5785028,315.9478,241.43185,3800.7012,0.99997537,-0.006838644,1.577635033,-4.052185,0,0.523811006,-1.577635033,0.002431311,0,-0.022670986,0,0,-0.01577635
1773775637,TRUE,0.8158021,1773775637,315.5825,241.66583,42.14073,92.52809,1.5785028,315.83823,241.50204,3830.2512,0.99997385,-0.007098962,1.577895355,-4.1617737,0,0.531555858,-1.577895355,0.002497064,0,-0.02300619,0,0,-0.015778954
1773775637,TRUE,0.8158021,1773775637,315.5825,241.66583,42.14073,92.52809,1.5785028,315.7615,241.55118,3850.9363,0.999972787,-0.007281185,1.578077581,-4.238495,0,0.536941756,-1.578077581,0.002543097,0,-0.023239296,0,0,-0.015780776
1773775637,TRUE,0.83694494,1773775637,316.01727,241.235,41.0983,91.72987,1.5776082,315.83823,241.45633,3826.638,0.999973991,-0.007140384,1.577936775,-4.1617737,0,0.53061201,-1.577936775,0.002497064,0,-0.022965339,0,0,-0.015779368
1773775637,TRUE,0.83694494,1773775637,316.01727,241.235,41.0983,91.72987,1.5776082,315.89194,241.38992,3809.6292,0.999974833,-0.007041823,1.577838211,-4.1080627,0,0.526157277,-1.577838211,0.002464838,0,-0.022772535,0,0,-0.015778382
1773775637,TRUE,0.83694494,1773775637,316.01727,241.235,41.0983,91.72987,1.5776082,315.92953,241.34344,3797.7231,0.999975423,-0.006972831,1.577769216,-4.070465,0,0.523027149,-1.577769216,0.002442279,0,-0.02263706,0,0,-0.015777692
1773775637,TRUE,0.83694494,1773775637,316.01727,241.235,41.0983,91.72987,1.5776082,315.95584,241.31091,3789.389,0.999975836,-0.006924536,1.577720919,-4.044159,0,0.520830237,-1.577720919,0.002426496,0,-0.022541976,0,0,-0.015777209
1773775637,TRUE,0.83694494,1773775637,316.01727,241.235,41.0983,91.72987,1.5776082,315.97427,241.28815,3783.555,0.999976125,-0.00689073,1.577687112,-4.0257263,0,0.519289493,-1.577687112,0.002415436,0,-0.022475291,0,0,-0.015776871
1773775637,TRUE,0.83651936,1773775637,315.90677,241.4893,40.796364,91.58972,1.5787239,315.95404,241.3485,3769.4468,0.99997386,-0.00720176,1.577998151,-4.0459595,0,0.51555369,-1.577998151,0.002427576,0,-0.022313603,0,0,-0.015779982
1773775637,TRUE,0.83651936,1773775637,315.90677,241.4893,40.796364,91.58972,1.5787239,315.93988,241.39073,3759.5713,0.999972275,-0.007419481,1.578215878,-4.0601196,0,0.512930384,-1.578215878,0.002436072,0,-0.022200064,0,0,-0.015782159
1773775637,TRUE,0.83651936,1773775637,315.90677,241.4893,40.796364,91.58972,1.5787239,315.92993,241.4203,3752.6582,0.999971166,-0.007571886,1.578368287,-4.0700684,0,0.511089852,-1.578368287,0.002442041,0,-0.022120404,0,0,-0.015783683
1773775637,TRUE,0.83651936,1773775637,315.90677,241.4893,40.796364,91.58972,1.5787239,315.92297,241.44101,3747.8188,0.999970389,-0.00767857,1.578474973,-4.0770264,0,0.509799468,-1.578474973,0.002446216,0,-0.022064555,0,0,-0.01578475
1773775637,TRUE,0.83651936,1773775637,315.90677,241.4893,40.796364,91.58972,1.5787239,315.9181,241.45549,3744.4316,0.999969845,-0.007753248,1.578549653,-4.081909,0,0.508895265,-1.578549653,0.002449146,0,-0.02202542,0,0,-0.015785497
1773775637,TRUE,0.8354846,1773775637,316.0688,241.40753,41.192886,91.63043,1.5794387,315.9633,241.4411,3753.4587,0.999967688,-0.008019949,1.578816363,-4.0367126,0,0.511303205,-1.578816363,0.002422028,0,-0.022129638,0,0,-0.015788164
1773775637,TRUE,0.8354846,1773775637,316.0688,241.40753,41.192886,91.63043,1.5794387,315.99493,241.43103,3759.7778,0.999966178,-0.00820664,1.57900306,-4.005066,0,0.512985341,-1.57900306,0.00240304,0,-0.022202442,0,0,-0.015790031
1773775637,TRUE,0.8354846,1773775637,316.0688,241.40753,41.192886,91.63043,1.5794387,316.0171,241.42398,3764.2012,0.999965121,-0.008337324,1.579133748,-3.9829102,0,0.514161134,-1.579133748,0.002389746,0,-0.022253332,0,0,-0.015791337
1773775637,TRUE,0.8354846,1773775637,316.0688,241.40753,41.192886,91.63043,1.5794387,316.0326,241.41904,3767.2974,0.999964381,-0.008428802,1.57922523,-3.9674072,0,0.514983309,-1.57922523,0.002380444,0,-0.022288916,0,0,-0.015792252
1773775637,TRUE,0.8354846,1773775637,316.0688,241.40753,41.192886,91.63043,1.5794387,316.04346,241.41559,3769.4648,0.999963864,-0.008492837,1.579289267,-3.956543,0,0.515558459,-1.579289267,0.002373926,0,-0.022313809,0,0,-0.015792893
1773775637,TRUE,0.8354846,1773775637,316.0688,241.40753,41.192886,91.63043,1.5794387,316.05106,241.41318,3770.982,0.999963501,-0.008537662,1.579334093,-3.948944,0,0.515960874,-1.579334093,0.002369367,0,-0.022331226,0,0,-0.015793341
1773775637,TRUE,0.85315275,1773775637,316.26004,241.64171,41.35054,91.84972,1.5777845,316.11374,241.48175,3779.098,0.999967125,-0.008072809,1.578869226,-3.886261,0,0.518110772,-1.578869226,0.002331757,0,-0.022424275,0,0,-0.015788692
1773775637,TRUE,0.85315275,1773775637,316.26004,241.64171,41.35054,91.84972,1.5777845,316.15762,241.52972,3784.779,0.999969663,-0.007747413,1.57854382,-3.8423767,0,0.51961292,-1.57854382,0.002305426,0,-0.022489289,0,0,-0.015785438
1773775637,TRUE,0.85315275,1773775637,316.26004,241.64171,41.35054,91.84972,1.5777845,316.18835,241.56332,3788.7559,0.999971439,-0.007519635,1.578316035,-3.8116455,0,0.520663103,-1.578316035,0.002286987,0,-0.022534742,0,0,-0.01578316
1773775637,TRUE,0.85315275,1773775637,316.26004,241.64171,41.35054,91.84972,1.5777845,316.20987,241.58685,3791.5398,0.999972682,-0.007360191,1.578156586,-3.7901306,0,0.521397647,-1.578156586,0.002274079,0,-0.022566534,0,0,-0.015781566
1773775637,TRUE,0.85315275,1773775637,316.26004,241.64171,41.35054,91.84972,1.5777845,316.2249,241.6033,3793.4885,0.999973552,-0.00724858,1.578044972,-3.7750854,0,0.521911471,-1.578044972,0.002265052,0,-0.022588773,0,0,-0.01578045
1773775637,TRUE,0.85698974,1773775637,314.79504,241.74872,38.54023,90.99773,1.577554,315.79596,241.64694,3707.564,0.999974637,-0.007101289,1.577897676,-4.2040405,0,0.499000515,-1.577897676,0.002522424,0,-0.021597167,0,0,-0.015778977
1773775637,TRUE,0.85698974,1773775637,314.79504,241.74872,38.54023,90.99773,1.577554,315.4957,241.67749,3647.4167,0.999975396,-0.006998185,1.57779457,-4.504303,0,0.482644605,-1.57779457,0.002702582,0,-0.020889269,0,0,-0.015777946
1773775637,TRUE,0.85698974,1773775637,314.79504,241.74872,38.54023,90.99773,1.577554,315.2855,241.69885,3605.3137,0.999975927,-0.006926012,1.577722395,-4.714508,0,0.471034199,-1.577722395,0.002828705,0,-0.020386761,0,0,-0.015777224
1773775637,TRUE,0.85698974,1773775637,314.79504,241.74872,38.54023,90.99773,1.577554,315.13837,241.7138,3575.8416,0.999976299,-0.006875491,1.577671873,-4.8616333,0,0.462825985,-1.577671873,0.00291698,0,-0.020031503,0,0,-0.015776719
1773775637,TRUE,0.85698974,1773775637,314.79504,241.74872,38.54023,90.99773,1.577554,315.03537,241.72427,3555.2112,0.99997656,-0.006840127,1.577636507,-4.96463,0,0.457039935,-1.577636507,0.002978778,0,-0.019781077,0,0,-0.015776365
1773775637,TRUE,0.8528931,1773775637,315.67325,241.63348,41.62016,92.04353,1.5798982,315.22675,241.69704,3637.9077,0.999971165,-0.007518624,1.578315026,-4.7732544,0,0.480034178,-1.578315026,0.002863953,0,-0.020776288,0,0,-0.01578315
1773775637,TRUE,0.8528931,1773775637,315.67325,241.63348,41.62016,92.04353,1.5798982,315.36072,241.67798,3695.7954,0.999967389,-0.007993573,1.57878999,-4.639282,0,0.495821256,-1.57878999,0.00278357,0,-0.021459566,0,0,-0.0157879
1773775637,TRUE,0.8528931,1773775637,315.67325,241.63348,41.62016,92.04353,1.5798982,315.45447,241.66463,3736.3167,0.999964746,-0.008326037,1.579122465,-4.545532,0,0.506725729,-1.579122465,0.00272732,0,-0.021931521,0,0,-0.015791225
1773775637,TRUE,0.8528931,1773775637,315.67325,241.63348,41.62016,92.04353,1.5798982,315.5201,241.65529,3764.6816,0.999962895,-0.008558761,1.579355197,-4.479889,0,0.51428873,-1.579355197,0.002687933,0,-0.022258854,0,0,-0.015793552
1773775637,TRUE,0.8528931,1773775637,315.67325,241.63348,41.62016,92.04353,1.5798982,315.56604,241.64876,3784.537,0.9999616,-0.008721669,1.579518109,-4.43396,0,0.519549037,-1.579518109,0.002660376,0,-0.022486525,0,0,-0.015795181
1773775637,TRUE,0.8513507,1773775637,315.4876,241.85475,41.824833,91.56998,1.5791878,315.5425,241.71056,3798.1458,0.999962558,-0.008622566,1.579419002,-4.457489,0,0.52313843,-1.579419002,0.002674494,0,-0.022641877,0,0,-0.01579419
1773775637,TRUE,0.8513507,1773775637,315.4876,241.85475,41.824833,91.56998,1.5791878,315.52606,241.75381,3807.6716,0.999963228,-0.008553194,1.579349626,-4.473938,0,0.525643305,-1.579349626,0.002684363,0,-0.02275029,0,0,-0.015793496
1773775637,TRUE,0.8513507,1773775637,315.4876,241.85475,41.824833,91.56998,1.5791878,315.51453,241.78409,3814.3398,0.999963697,-0.008504633,1.579301064,-4.4854736,0,0.527393041,-1.579301064,0.002691284,0,-0.02282602,0,0,-0.015793011
1773775637,TRUE,0.8513507,1773775637,315.4876,241.85475,41.824833,91.56998,1.5791878,315.50647,241.80528,3819.0076,0.999964026,-0.008470641,1.57926707,-4.4935303,0,0.528616037,-1.57926707,0.002696118,0,-0.022878952,0,0,-0.015792671
1773775637,TRUE,0.8513507,1773775637,315.4876,241.85475,41.824833,91.56998,1.5791878,315.5008,241.82013,3822.275,0.999964256,-0.008446846,1.579243274,-4.4992065,0,0.52947121,-1.579243274,0.002699524,0,-0.022915965,0,0,-0.015792433
1773775637,TRUE,0.8513507,1773775637,315.4876,241.85475,41.824833,91.56998,1.5791878,315.49683,241.83052,3824.562,0.999964417,-0.00843019,1.579226617,-4.503174,0,0.530069382,-1.579226617,0.002701904,0,-0.022941854,0,0,-0.015792266
1773775637,TRUE,0.86397266,1773775637,315.7932,242.09506,40.181095,91.8527,1.5746468,315.58575,241.90988,3784.416,0.999972868,-0.007056281,1.577852682,-4.4142456,0,0.519517058,-1.577852682,0.002648548,0,-0.022485141,0,0,-0.015778527
1773775637,TRUE,0.86397266,1773775637,315.7932,242.09506,40.181095,91.8527,1.5746468,315.64798,241.96544,3756.3137,0.999978783,-0.006094545,1.576890926,-4.3520203,0,0.512063513,-1.576890926,0.002611212,0,-0.022162545,0,0,-0.015768909
1773775637,TRUE,0.86397266,1773775637,315.7932,242.09506,40.181095,91.8527,1.5746468,315.69156,242.00433,3736.6423,0.999982924,-0.00542133,1.576217696,-4.308441,2.0043335,0.506812843,-1.576217696,0.002585065,-0.0012026,-0.021935291,0,0,-0.015762177
1773775637,TRUE,0.86397266,1773775637,315.7932,242.09506,40.181095,91.8527,1.5746468,315.72205,242.03156,3722.8723,0.999985823,-0.004950079,1.575746436,-4.277954,2.0315552,0.503120943,-1.575746436,0.002566773,-0.001218933,-0.021775503,0,0,-0.015757464
1773775637,TRUE,0.86397266,1773775637,315.7932,242.09506,40.181095,91.8527,1.5746468,315.7434,242.05061,3713.2332,0.999987852,-0.004620204,1.575416554,-4.256592,2.0506134,0.500528371,-1.575416554,0.002553955,-0.001230368,-0.021663294,0,0,-0.015754166
1773775637,TRUE,0.86397266,1773775637,315.7932,242.09506,40.181095,91.8527,1.5746468,315.75836,242.06395,3706.4858,0.999989273,-0.004389291,1.575185637,-4.241638,2.0639496,0.498709665,-1.575185637,0.002544983,-0.00123837,-0.021584579,0,0,-0.015751856
1773775637,TRUE,0.87440044,1773775637,315.5221,242.459,40.14264,91.85286,1.5729644,315.6875,242.18246,3700.705,0.999991786,-0.003722934,1.574519274,-4.3125,2.1824646,0.497148789,-1.574519274,0.0025875,-0.001309479,-0.021517023,0,0,-0.015745193
1773775637,TRUE,0.87440044,1773775637,315.5221,242.459,40.14264,91.85286,1.5729644,315.63788,242.26543,3696.6582,0.999993545,-0.003256484,1.574052821,-4.3621216,2.2654266,0.496054659,-1.574052821,0.002617273,-0.001359256,-0.021469668,0,0,-0.015740528
1773775637,TRUE,0.87440044,1773775637,315.5221,242.459,40.14264,91.85286,1.5729644,315.60315,242.3235,3693.8257,0.999994776,-0.002929969,1.573726303,-4.3968506,2.3235016,0.495288107,-1.573726303,0.00263811,-0.001394101,-0.021436491,0,0,-0.015737263
1773775637,TRUE,0.87440044,1773775637,315.5221,242.459,40.14264,91.85286,1.5729644,315.57883,242.36415,3691.8428,0.999995638,-0.002701409,1.573497741,-4.421173,2.364151,0.494751184,-1.573497741,0.002652704,-0.001418491,-0.021413252,0,0,-0.015734977
1773775637,TRUE,0.87440044,1773775637,315.5221,242.459,40.14264,91.85286,1.5729644,315.56183,242.39261,3690.4546,0.999996242,-0.002541417,1.573337748,-4.4381714,2.3926086,0.494375116,-1.573337748,0.002662903,-0.001435565,-0.021396976,0,0,-0.015733377
1773775637,TRUE,0.8595474,1773775637,315.21454,242.58617,41.03553,91.7699,1.5749644,315.45764,242.45068,3713.066,0.999994763,-0.003029411,1.573825745,-4.5423584,2.4506836,0.500483349,-1.573825745,0.002725415,-0.00147041,-0.021661345,0,0,-0.015738257
1773775637,TRUE,0.8595474,1773775637,315.21454,242.58617,41.03553,91.7699,1.5749644,315.3847,242.49133,3728.894,0.999993728,-0.003371007,1.574167343,-4.6152954,2.491333,0.504737156,-1.574167343,0.002769177,-0.0014948,-0.021845454,0,0,-0.015741673
1773775637,TRUE,0.8595474,1773775637,315.21454,242.58617,41.03553,91.7699,1.5749644,315.33365,242.51978,3739.9736,0.999993004,-0.003610125,1.574406461,-4.6663513,2.5197754,0.507704006,-1.574406461,0.002799811,-0.001511865,-0.021973862,0,0,-0.015744065
1773775637,TRUE,0.8595474,1773775637,315.21454,242.58617,41.03553,91.7699,1.5749644,315.2979,242.5397,3747.7295,0.999992497,-0.003777507,1.574573844,-4.7020874,2.5397034,0.509775626,-1.574573844,0.002821253,-0.001523822,-0.022063523,0,0,-0.015745738
1773775637,TRUE,0.8595474,1773775637,315.21454,242.58617,41.03553,91.7699,1.5749644,315.2729,242.55365,3753.1587,0.999992142,-0.003894674,1.574691012,-4.727112,2.55365,0.511223275,-1.574691012,0.002836267,-0.00153219,-0.022126178,0,0,-0.01574691
1773775637,TRUE,0.876727,1773775637,314.82584,243.15382,41.35479,91.948135,1.5747235,315.1388,242.7337,3767.9597,0.999992186,-0.003904416,1.574700753,-4.861206,2.7337036,0.515159087,-1.574700753,0.002916724,-0.001640222,-0.022296524,0,0,-0.015747008
1773775637,TRUE,0.876727,1773775637,314.82584,243.15382,41.35479,91.948135,1.5747235,315.04492,242.85974,3778.3206,0.999992217,-0.003911235,1.574707572,-4.955078,2.8597412,0.517905045,-1.574707572,0.002973047,-0.001715845,-0.022415371,0,0,-0.015747076
1773775637,TRUE,0.876727,1773775637,314.82584,243.15382,41.35479,91.948135,1.5747235,314.9792,242.94797,3785.5732,0.999992238,-0.003916008,1.574712345,-5.020813,2.9479675,0.519822761,-1.574712345,0.003012488,-0.001768781,-0.022498372,0,0,-0.015747123
1773775637,TRUE,0.876727,1773775637,314.82584,243.15382,41.35479,91.948135,1.5747235,314.93317,243.00972,3790.65,0.999992253,-0.003919349,1.574715686,-5.0668335,3.0097198,0.521162935,-1.574715686,0.0030401,-0.001805832,-0.022556375,0,0,-0.015747157
1773775638,TRUE,0.876727,1773775637,314.82584,243.15382,41.35479,91.948135,1.5747235,314.90097,243.05295,3794.2036,0.999992264,-0.003921688,1.574718025,-5.0990295,3.052948,0.522099967,-1.574718025,0.003059418,-0.001831769,-0.022596931,0,0,-0.01574718
1773775638,TRUE,0.87783444,1773775638,314.8826,243.56248,40.233498,90.83632,1.5750604,314.89545,243.20581,3752.3413,0.999991858,-0.00402439,1.574820728,-5.104553,3.2058105,0.511005399,-1.574820728,0.003062732,-0.001923487,-0.022116749,0,0,-0.015748207
1773775638,TRUE,0.87783444,1773775638,314.8826,243.56248,40.233498,90.83632,1.5750604,314.8916,243.3128,3723.0378,0.999991573,-0.004096281,1.57489262,-5.1083984,3.3128052,0.503165415,-1.57489262,0.003065039,-0.001987683,-0.021777427,0,0,-0.015748926
1773775638,TRUE,0.87783444,1773775638,314.8826,243.56248,40.233498,90.83632,1.5750604,314.88892,243.3877,3702.5254,0.999991374,-0.004146605,1.574942944,-5.111084,3.3876953,0.49764058,-1.574942944,0.003066651,-0.002032617,-0.021538308,0,0,-0.015749429
1773775638,TRUE,0.87783444,1773775638,314.8826,243.56248,40.233498,90.83632,1.5750604,314.88702,243.44012,3688.1667,0.999991234,-0.004181832,1.574978171,-5.112976,3.4401245,0.493754982,-1.574978171,0.003067786,-0.002064075,-0.021370136,0,0,-0.015749782
1773775638,TRUE,0.87783444,1773775638,314.8826,243.56248,40.233498,90.83632,1.5750604,314.88568,243.47684,3678.1157,0.999991137,-0.004206491,1.57500283,-5.114319,3.4768372,0.491026001,-1.57500283,0.003068592,-0.002086103,-0.021252023,0,0,-0.015750028
1773775638,TRUE,0.87783444,1773775638,314.8826,243.56248,40.233498,90.83632,1.5750604,314.88477,243.50253,3671.0798,0.999991068,-0.004223752,1.575020091,-5.1152344,3.502533,0.489111266,-1.575020091,0.003069141,-0.00210152,-0.021169152,0,0,-0.015750201
1773775638,TRUE,0.88369155,1773775638,314.7963,243.68268,40.237274,90.63155,1.5738074,314.85822,243.55658,3663.786,0.999992388,-0.003859935,1.574656272,-5.1417847,3.5565796,0.487122476,-1.574656272,0.003085071,-0.002133948,-0.021083075,0,0,-0.015746563
1773775638,TRUE,0.88369155,1773775638,314.7963,243.68268,40.237274,90.63155,1.5738074,314.83963,243.59442,3658.6802,0.999993312,-0.003605262,1.574401598,-5.16037,3.5944214,0.485727944,-1.574401598,0.003096222,-0.002156653,-0.021022719,0,0,-0.015744016
1773775638,TRUE,0.88369155,1773775638,314.7963,243.68268,40.237274,90.63155,1.5738074,314.82663,243.62091,3655.1062,0.999993958,-0.003426992,1.574223326,-5.1733704,3.6209106,0.484750605,-1.574223326,0.003104023,-0.002172547,-0.020980419,0,0,-0.015742233
1773775638,TRUE,0.88369155,1773775638,314.7963,243.68268,40.237274,90.63155,1.5738074,314.8175,243.63943,3652.6042,0.999994411,-0.003302203,1.574098536,-5.182495,3.6394348,0.484065848,-1.574098536,0.003109497,-0.002183661,-0.020950782,0,0,-0.015740985
1773775638,TRUE,0.88369155,1773775638,314.7963,243.68268,40.237274,90.63155,1.5738074,314.81116,243.6524,3650.853,0.999994728,-0.00321485,1.574011183,-5.188843,3.6524048,0.483586298,-1.574011183,0.003113306,-0.002191443,-0.020930027,0,0,-0.015740112
1773775638,TRUE,0.88554317,1773775638,314.5132,243.50862,41.100266,91.07252,1.5747695,314.72177,243.60928,3678.5288,0.999993941,-0.003442343,1.574238677,-5.2782288,3.6092834,0.491138347,-1.574238677,0.003166938,-0.00216557,-0.021256886,0,0,-0.015742387
1773775638,TRUE,0.88554317,1773775638,314.5132,243.50862,41.100266,91.07252,1.5747695,314.6592,243.57907,3697.9019,0.999993391,-0.003601588,1.574397923,-5.34079,3.579071,0.496391057,-1.574397923,0.003204474,-0.002147443,-0.021484227,0,0,-0.015743979
1773775638,TRUE,0.88554317,1773775638,314.5132,243.50862,41.100266,91.07252,1.5747695,314.61542,243.55792,3711.463,0.999993006,-0.003713059,1.574509395,-5.3845825,3.5579224,0.50005152,-1.574509395,0.00323075,-0.002134754,-0.021642655,0,0,-0.015745094
1773775638,TRUE,0.88554317,1773775638,314.5132,243.50862,41.100266,91.07252,1.5747695,314.58475,243.54312,3720.9556,0.999992736,-0.00379109,1.574587426,-5.4152527,3.5431213,0.502605952,-1.574587426,0.003249152,-0.002125873,-0.021753213,0,0,-0.015745874
1773775638,TRUE,0.88554317,1773775638,314.5132,243.50862,41.100266,91.07252,1.5747695,314.5633,243.53278,3727.6006,0.999992547,-0.003845711,1.574642047,-5.4367065,3.5327759,0.504390166,-1.574642047,0.003262024,-0.002119666,-0.021830436,0,0,-0.01574642
1773775638,TRUE,0.88554317,1773775638,314.5132,243.50862,41.100266,91.07252,1.5747695,314.54828,243.52554,3732.252,0.999992415,-0.003883945,1.574680282,-5.451721,3.5255432,0.505637217,-1.574680282,0.003271033,-0.002115326,-0.021884409,0,0,-0.015746803
1773775638,TRUE,0.88578296,1773775638,313.88788,243.87622,40.480694,92.64754,1.5731803,314.35016,243.63075,3737.7075,0.999993838,-0.003433958,1.574230293,-5.6498413,3.6307526,0.5070979,-1.574230293,0.003389905,-0.002178452,-0.021947629,0,0,-0.015742303
1773775638,TRUE,0.88578296,1773775638,313.88788,243.87622,40.480694,92.64754,1.5731803,314.2115,243.70439,3741.5264,0.999994834,-0.003118967,1.5739153,-5.788513,3.7043915,0.508119061,-1.5739153,0.003473108,-0.002222635,-0.021991825,0,0,-0.015739153
1773775638,TRUE,0.88578296,1773775638,313.88788,243.87622,40.480694,92.64754,1.5731803,314.1144,243.75595,3744.1992,0.999995531,-0.002898474,1.573694806,-5.8855896,3.755951,0.508833203,-1.573694806,0.003531354,-0.002253571,-0.022022734,0,0,-0.015736948
1773775638,TRUE,0.88578296,1773775638,313.88788,243.87622,40.480694,92.64754,1.5731803,314.04645,243.79204,3746.0703,0.999996019,-0.002744128,1.573540459,-5.9535522,3.792038,0.50933282,-1.573540459,0.003572132,-0.002275223,-0.022044358,0,0,-0.015735405
1773775638,TRUE,0.88578296,1773775638,313.88788,243.87622,40.480694,92.64754,1.5731803,313.99887,243.81729,3747.3804,0.999996361,-0.002636087,1.573432417,-6.001129,3.8172913,0.509682469,-1.573432417,0.003600678,-0.002290375,-0.022059491,0,0,-0.015734324
1773775638,TRUE,0.8856697,1773775638,312.9709,244.11597,38.869175,93.150536,1.572703,313.6905,243.90689,3709.3716,0.999996907,-0.002417263,1.573213593,-6.3095093,3.9068909,0.499487924,-1.573213593,0.003785706,-0.002344135,-0.021618263,0,0,-0.015732136
1773775638,TRUE,0.8856697,1773775638,312.9709,244.11597,38.869175,93.150536,1.572703,313.4746,243.9696,3682.7656,0.99999729,-0.002264087,1.573060416,-6.5253906,3.9696045,0.492289455,-1.573060416,0.003915235,-0.002381763,-0.021306707,0,0,-0.015730604
1773775638,TRUE,0.8856697,1773775638,312.9709,244.11597,38.869175,93.150536,1.572703,313.3235,244.01352,3664.141,0.999997558,-0.002156864,1.572953192,-6.6765137,4.0135193,0.487219369,-1.572953192,0.004005909,-0.002408112,-0.021087269,0,0,-0.015729532
1773775638,TRUE,0.8856697,1773775638,312.9709,244.11597,38.869175,93.150536,1.572703,313.2177,244.04425,3651.104,0.999997745,-0.002081807,1.572878136,-6.7822876,4.0442505,0.483655019,-1.572878136,0.004069373,-0.002426551,-0.020933001,0,0,-0.015728781
1773775638,TRUE,0.8856697,1773775638,312.9709,244.11597,38.869175,93.150536,1.572703,313.14368,244.06577,3641.978,0.999997876,-0.002029268,1.572825596,-6.8563232,4.0657654,0.481152377,-1.572825596,0.004113794,-0.002439459,-0.020824684,0,0,-0.015728256
1773775638,TRUE,0.88976467,1773775638,312.43243,244.36671,39.19999,93.50038,1.5722573,312.9303,244.15607,3648.9487,0.999998193,-0.001858773,1.572655102,-7.069702,4.156067,0.483064528,-1.572655102,0.004241821,-0.00249364,-0.020907444,0,0,-0.015726551
1773775638,TRUE,0.88976467,1773775638,312.43243,244.36671,39.19999,93.50038,1.5722573,312.78094,244.21927,3653.8284,0.999998415,-0.001739427,1.572535755,-7.219055,4.219269,0.484400941,-1.572535755,0.004331433,-0.002531561,-0.020965285,0,0,-0.015725358
1773775638,TRUE,0.88976467,1773775638,312.43243,244.36671,39.19999,93.50038,1.5722573,312.6764,244.26352,3657.2441,0.99999857,-0.001655885,1.572452213,-7.3236084,4.2635193,0.485335333,-1.572452213,0.004394165,-0.002558112,-0.021005726,0,0,-0.015724522
1773775638,TRUE,0.88976467,1773775638,312.43243,244.36671,39.19999,93.50038,1.5722573,312.6032,244.2945,3659.635,0.999998679,-0.001597405,1.572393733,-7.3967896,4.2944946,0.485988865,-1.572393733,0.004438074,-0.002576697,-0.021034012,0,0,-0.015723937
1773775638,TRUE,0.88976467,1773775638,312.43243,244.36671,39.19999,93.50038,1.5722573,312.552,244.31616,3661.3086,0.999998755,-0.00155647,1.572352797,-7.447998,4.316162,0.486446084,-1.572352797,0.004468799,-0.002589698,-0.021053801,0,0,-0.015723528
1773775638,TRUE,0.88351136,1773775638,312.27298,245.11491,38.843628,92.58689,1.5717146,312.4683,244.55579,3641.8394,0.999999002,-0.001365023,1.57216135,-7.531708,4.555786,0.481114284,-1.57216135,0.004519025,-0.002733472,-0.020823036,0,0,-0.015721613
1773775638,TRUE,0.88351136,1773775638,312.27298,245.11491,38.843628,92.58689,1.5717146,312.4097,244.72351,3628.211,0.999999175,-0.00123101,1.572027337,-7.5903015,4.7235107,0.477365074,-1.572027337,0.004554181,-0.002834107,-0.020660767,0,0,-0.015720273
1773775638,TRUE,0.88351136,1773775638,312.27298,245.11491,38.843628,92.58689,1.5717146,312.36868,244.84094,3618.671,0.999999296,-0.001137201,1.571933528,-7.631317,4.8409424,0.474732208,-1.571933528,0.004578791,-0.002904566,-0.020546814,0,0,-0.015719335
1773775638,TRUE,0.88351136,1773775638,312.27298,245.11491,38.843628,92.58689,1.5717146,312.33997,244.92313,3611.9927,0.999999381,-0.001071534,1.571867861,-7.660034,4.923126,0.472885024,-1.571867861,0.004596021,-0.002953876,-0.020466866,0,0,-0.015718679
1773775638,TRUE,0.88351136,1773775638,312.27298,245.11491,38.843628,92.58689,1.5717146,312.3199,244.98065,3607.3179,0.99999944,-0.001025568,1.571821895,-7.6801147,4.980652,0.471589955,-1.571821895,0.004608069,-0.002988391,-0.020410815,0,0,-0.015718219
1773775638,TRUE,0.87653655,1773775638,311.86707,245.71999,38.07885,92.60266,1.5683303,312.18402,245.20245,3582.9834,0.999998696,2.19E-05,1.570774413,-7.815979,5.2024536,0.464821249,-1.570774413,0.004689588,-0.003121472,-0.020117859,0,0,-0.015707744
1773775638,TRUE,0.87653655,1773775638,311.86707,245.71999,38.07885,92.60266,1.5683303,312.08893,245.3577,3565.9492,0.999998175,0.00075515,1.570041175,-7.911072,5.3576965,0.460055709,-1.570041175,0.004746643,-0.003214618,-0.019911603,0,0,-0.015700412
1773775638,TRUE,0.87653655,1773775638,311.86707,245.71999,38.07885,92.60266,1.5683303,312.02237,245.46637,3554.0254,0.99999781,0.001268416,1.569527909,-7.9776306,5.4663696,0.456706342,-1.569527909,0.004786579,-0.003279822,-0.019766639,0,0,-0.015695279
1773775638,TRUE,0.87653655,1773775638,311.86707,245.71999,38.07885,92.60266,1.5683303,311.97577,245.54245,3545.6787,0.999997555,0.001627702,1.569168622,-8.024231,5.54245,0.454355055,-1.569168622,0.004814539,-0.00332547,-0.019664874,0,0,-0.015691686
1773775638,TRUE,0.87653655,1773775638,311.86707,245.71999,38.07885,92.60266,1.5683303,311.94318,245.5957,3539.836,0.999997376,0.001879202,1.568917122,-8.056824,5.595703,0.45270582,-1.568917122,0.004834095,-0.003357422,-0.019593493,0,0,-0.015689171
1773775638,TRUE,0.87653655,1773775638,311.86707,245.71999,38.07885,92.60266,1.5683303,311.92035,245.633,3535.746,0.999997251,0.002055253,1.568741071,-8.079651,5.6329956,0.451549796,-1.568741071,0.004847791,-0.003379798,-0.01954346,0,0,-0.015687411
1773775638,TRUE,0.8631784,1773775638,311.47232,246.10045,38.42239,93.29532,1.5670145,311.78595,245.77324,3550.4111,0.99999593,0.002573235,1.568223087,-8.21405,5.773239,0.455688873,-1.568223087,0.004928431,-0.003463944,-0.019722602,0,0,-0.015682231
1773775638,TRUE,0.8631784,1773775638,311.47232,246.10045,38.42239,93.29532,1.5670145,311.69186,245.8714,3560.6768,0.999995006,0.002935823,1.567860497,-8.308136,5.871399,0.45857609,-1.567860497,0.004984882,-0.00352284,-0.019847564,0,0,-0.015678605
1773775638,TRUE,0.8631784,1773775638,311.47232,246.10045,38.42239,93.29532,1.5670145,311.62598,245.94011,3567.8623,0.999994359,0.003189635,1.567606685,-8.374023,5.9401093,0.460592028,-1.567606685,0.005024415,-0.003564066,-0.019934815,0,0,-0.015676067
1773775638,TRUE,0.8631784,1773775638,311.47232,246.10045,38.42239,93.29532,1.5670145,311.5799,245.98822,3572.8926,0.999993906,0.003367303,1.567429016,-8.420105,5.98822,0.462000928,-1.567429016,0.005052063,-0.003592932,-0.019995793,0,0,-0.01567429
1773775638,TRUE,0.8631784,1773775638,311.47232,246.10045,38.42239,93.29532,1.5670145,311.5476,246.0219,3576.4136,0.999993589,0.003491671,1.567304648,-8.452393,6.0218964,0.462985963,-1.567304648,0.005071436,-0.003613138,-0.020038427,0,0,-0.015673046
1773775638,TRUE,0.86064446,1773775638,311.1208,246.66382,38.952656,92.87088,1.5684725,311.41956,246.21448,3588.7598,0.999994702,0.003141316,1.567655005,-8.580444,6.2144775,0.466432096,-1.567655005,0.005148267,-0.003728687,-0.020187578,0,0,-0.01567655
1773775638,TRUE,0.86064446,1773775638,311.1208,246.66382,38.952656,92.87088,1.5684725,311.32993,246.34927,3597.402,0.999995481,0.002896067,1.567900255,-8.670074,6.3492737,0.468837396,-1.567900255,0.005202045,-0.003809564,-0.020291682,0,0,-0.015679003
1773775638,TRUE,0.86064446,1773775638,311.1208,246.66382,38.952656,92.87088,1.5684725,311.26718,246.44363,3603.4517,0.999996027,0.002724393,1.56807193,-8.732819,6.443634,0.470517602,-1.56807193,0.005239692,-0.003866181,-0.020364402,0,0,-0.015680719
1773775638,TRUE,0.86064446,1773775638,311.1208,246.66382,38.952656,92.87088,1.5684725,311.22327,246.50969,3607.6863,0.999996409,0.002604221,1.568192102,-8.776733,6.5096893,0.471692084,-1.568192102,0.00526604,-0.003905814,-0.020415235,0,0,-0.015681921
1773775638,TRUE,0.86064446,1773775638,311.1208,246.66382,38.952656,92.87088,1.5684725,311.1925,246.55592,3610.6506,0.999996676,0.002520101,1.568276223,-8.807495,6.5559235,0.472513424,-1.568276223,0.005284498,-0.003933554,-0.020450783,0,0,-0.015682762
1773775638,TRUE,0.870883,1773775638,311.11987,247.17961,39.11605,92.10889,1.5675066,311.17072,246.74303,3608.336,0.99999605,0.002751001,1.568045322,-8.829285,6.7430267,0.471872142,-1.568045322,0.005297571,-0.004045816,-0.020423028,0,0,-0.015680453
1773775638,TRUE,0.870883,1773775638,311.11987,247.17961,39.11605,92.10889,1.5675066,311.15546,246.87401,3606.7158,0.999995612,0.002912632,1.567883691,-8.844543,6.874008,0.471423015,-1.567883691,0.005306726,-0.004124405,-0.020403589,0,0,-0.015678837
1773775638,TRUE,0.870883,1773775638,311.11987,247.17961,39.11605,92.10889,1.5675066,311.14478,246.96568,3605.5815,0.999995305,0.003025773,1.567770549,-8.855225,6.965683,0.471108476,-1.567770549,0.005313135,-0.00417941,-0.020389976,0,0,-0.015677705
1773775638,TRUE,0.870883,1773775638,311.11987,247.17961,39.11605,92.10889,1.5675066,311.13733,247.02986,3604.7876,0.99999509,0.003104972,1.56769135,-8.862671,7.0298615,0.470888307,-1.56769135,0.005317603,-0.004217917,-0.020380447,0,0,-0.015676913
1773775638,TRUE,0.870883,1773775638,311.11987,247.17961,39.11605,92.10889,1.5675066,311.13208,247.07478,3604.232,0.99999494,0.003160411,1.56763591,-8.86792,7.0747833,0.47073413,-1.56763591,0.005320752,-0.00424487,-0.020373774,0,0,-0.015676359
1773775638,TRUE,0.8730019,1773775638,311.17468,247.24774,38.637688,91.21344,1.5675354,311.14487,247.12668,3580.2454,0.999994863,0.003190564,1.567605757,-8.855133,7.1266785,0.46405675,-1.567605757,0.00531308,-0.004276007,-0.020084771,0,0,-0.015676058
1773775638,TRUE,0.8730019,1773775638,311.17468,247.24774,38.637688,91.21344,1.5675354,311.1538,247.163,3563.4546,0.999994809,0.003211671,1.56758465,-8.846191,7.1629944,0.459355934,-1.56758465,0.005307715,-0.004297797,-0.019881316,0,0,-0.015675847
1773775638,TRUE,0.8730019,1773775638,311.17468,247.24774,38.637688,91.21344,1.5675354,311.16006,247.18842,3551.7012,0.999994771,0.003226446,1.567569875,-8.839935,7.1884155,0.45605212,-1.567569875,0.005303961,-0.004313049,-0.019738324,0,0,-0.015675699
1773775638,TRUE,0.8730019,1773775638,311.17468,247.24774,38.637688,91.21344,1.5675354,311.16446,247.2062,3543.4736,0.999994745,0.003236788,1.567559533,-8.835541,7.2062073,0.453732916,-1.567559533,0.005301325,-0.004323725,-0.019637947,0,0,-0.015675595
1773775638,TRUE,0.8730019,1773775638,311.17468,247.24774,38.637688,91.21344,1.5675354,311.16754,247.21866,3537.7144,0.999994726,0.003244028,1.567552293,-8.8324585,7.2186584,0.45210632,-1.567552293,0.005299476,-0.004331195,-0.019567546,0,0,-0.015675523
1773775638,TRUE,0.8775827,1773775638,311.31665,247.09035,38.6356,90.13917,1.5703515,311.21228,247.18016,3521.1743,0.999996279,0.002404273,1.568392049,-8.78772,7.1801605,0.44741996,-1.568392049,0.005272632,-0.004308097,-0.019364717,0,0,-0.01568392
1773775638,TRUE,0.8775827,1773775638,311.31665,247.09035,38.6356,90.13917,1.5703515,311.2436,247.15321,3509.5962,0.999997365,0.001816445,1.568979879,-8.756409,7.1532135,0.444126414,-1.568979879,0.005253845,-0.004291928,-0.019222169,0,0,-0.015689799
1773775638,TRUE,0.8775827,1773775638,311.31665,247.09035,38.6356,90.13917,1.5703515,311.2655,247.13435,3501.4917,0.999998126,0.001404965,1.56939136,-8.734497,7.1343536,0.44181453,-1.56939136,0.005240698,-0.004280612,-0.019122109,0,0,-0.015693914
1773775638,TRUE,0.8775827,1773775638,311.31665,247.09035,38.6356,90.13917,1.5703515,311.28085,247.12115,3495.8184,0.999998659,0.001116929,1.569679397,-8.719147,7.121155,0.440192902,-1.569679397,0.005231489,-0.004272693,-0.019051924,0,0,-0.015696794
1773775638,TRUE,0.8775827,1773775638,311.31665,247.09035,38.6356,90.13917,1.5703515,311.2916,247.11191,3491.8472,0.999999031,0.000915304,1.569881022,-8.708405,7.111908,0.439056281,-1.569881022,0.005225043,-0.004267145,-0.01900273,0,0,-0.01569881
1773775638,TRUE,0.8915121,1773775638,311.8728,247.09232,37.523243,89.556076,1.5682778,311.46594,247.10603,3452.4233,0.999998371,0.001396259,1.569400066,-8.534058,7.1060333,0.427701842,-1.569400066,0.005120435,-0.00426362,-0.0185113,0,0,-0.015694001
1773775638,TRUE,0.8915121,1773775638,311.8728,247.09232,37.523243,89.556076,1.5682778,311.588,247.10193,3424.8267,0.999997908,0.001732928,1.569063397,-8.411987,7.1019287,0.419676314,-1.569063397,0.005047193,-0.004261158,-0.018163948,0,0,-0.015690634
1773775638,TRUE,0.8915121,1773775638,311.8728,247.09232,37.523243,89.556076,1.5682778,311.67346,247.09904,3405.509,0.999997584,0.001968596,1.568827729,-8.326538,7.099045,0.414019825,-1.568827729,0.004995923,-0.004259427,-0.01791913,0,0,-0.015688277
1773775638,TRUE,0.8915121,1773775638,311.8728,247.09232,37.523243,89.556076,1.5682778,311.73328,247.09703,3391.9866,0.999997357,0.002133564,1.568662761,-8.266724,7.0970306,0.41004116,-1.568662761,0.004960035,-0.004258219,-0.01774693,0,0,-0.015686628
1773775638,TRUE,0.8915121,1773775638,311.8728,247.09232,37.523243,89.556076,1.5682778,311.77515,247.09563,3382.521,0.999997199,0.002249041,1.568547283,-8.2248535,7.095627,0.407246732,-1.568547283,0.004934913,-0.004257376,-0.017625985,0,0,-0.015685473
1773775638,TRUE,0.8915121,1773775638,311.8728,247.09232,37.523243,89.556076,1.5682778,311.80444,247.09464,3375.895,0.999997088,0.002329875,1.568466449,-8.195557,7.094635,0.405285881,-1.568466449,0.004917334,-0.004256781,-0.017541118,0,0,-0.015684664
1773775638,TRUE,0.8847258,1773775638,311.88492,247.3872,37.97827,89.176865,1.5709401,311.82858,247.1824,3379.1614,0.999997958,0.00158777,1.569208555,-8.171417,7.1824036,0.406253009,-1.569208555,0.00490285,-0.004309442,-0.017582976,0,0,-0.015692086
1773775638,TRUE,0.8847258,1773775638,311.88492,247.3872,37.97827,89.176865,1.5709401,311.84546,247.24384,3381.4478,0.999998568,0.001068296,1.56972803,-8.154541,7.2438354,0.406929356,-1.56972803,0.004892725,-0.004346301,-0.017612249,0,0,-0.01569728
1773775638,TRUE,0.8847258,1773775638,311.88492,247.3872,37.97827,89.176865,1.5709401,311.8573,247.28683,3383.0483,0.999998994,0.000704664,1.570091662,-8.1427,7.2868347,0.407402606,-1.570091662,0.00488562,-0.004372101,-0.017632732,0,0,-0.015700917
1773775638,TRUE,0.8847258,1773775638,311.88492,247.3872,37.97827,89.176865,1.5709401,311.8656,247.31696,3384.1687,0.999999293,0.000450122,1.570346205,-8.134399,7.3169556,0.407733708,-1.570346205,0.00488064,-0.004390174,-0.017647062,0,0,-0.015703462
1773775638,TRUE,0.8847258,1773775638,311.88492,247.3872,37.97827,89.176865,1.5709401,311.8714,247.33804,3384.953,0.999999502,0.000271942,1.570524384,-8.128601,7.338043,0.407965454,-1.570524384,0.004877161,-0.004402826,-0.017657092,0,0,-0.015705244
1773775638,TRUE,0.87497365,1773775638,311.40207,247.32024,38.1776,90.01484,1.5697491,311.7306,247.3327,3400.4321,0.999999487,0.000504522,1.570291804,-8.269409,7.3327026,0.412527974,-1.570291804,0.004961646,-0.004399622,-0.017854562,0,0,-0.015702918
1773775638,TRUE,0.87497365,1773775638,311.40207,247.32024,38.1776,90.01484,1.5697491,311.63202,247.32896,3411.2676,0.999999476,0.000667329,1.570128998,-8.367981,7.328964,0.415709357,-1.570128998,0.005020789,-0.004397379,-0.017992255,0,0,-0.01570129
1773775638,TRUE,0.87497365,1773775638,311.40207,247.32024,38.1776,90.01484,1.5697491,311.56305,247.32635,3418.8525,0.999999469,0.000781293,1.570015034,-8.436951,7.326355,0.417930452,-1.570015034,0.005062171,-0.004395813,-0.018088386,0,0,-0.01570015
1773775638,TRUE,0.87497365,1773775638,311.40207,247.32024,38.1776,90.01484,1.5697491,311.51477,247.32452,3424.162,0.999999464,0.000861068,1.569935259,-8.4852295,7.324524,0.419482218,-1.569935259,0.005091138,-0.004394715,-0.018155547,0,0,-0.015699353
1773775638,TRUE,0.87497365,1773775638,311.40207,247.32024,38.1776,90.01484,1.5697491,311.48096,247.32324,3427.8784,0.99999946,0.00091691,1.569879416,-8.519043,7.323242,0.420567008,-1.569879416,0.005111426,-0.004393945,-0.018202498,0,0,-0.015698794
1773775638,TRUE,0.8751411,1773775638,311.68927,247.6379,38.609222,89.44775,1.5705353,311.54346,247.41763,3435.5674,0.999999612,0.000720145,1.570076182,-8.456543,7.417633,0.422807501,-1.570076182,0.005073926,-0.00445058,-0.018299469,0,0,-0.015700762
1773775638,TRUE,0.8751411,1773775638,311.68927,247.6379,38.609222,89.44775,1.5705353,311.5872,247.4837,3440.9497,0.999999718,0.000582409,1.570213918,-8.412811,7.4837036,0.424372935,-1.570213918,0.005047687,-0.004490222,-0.018367222,0,0,-0.015702139
1773775638,TRUE,0.8751411,1773775638,311.68927,247.6379,38.609222,89.44775,1.5705353,311.6178,247.52997,3444.7173,0.999999792,0.000485993,1.570310333,-8.382202,7.5299683,0.425467236,-1.570310333,0.005029322,-0.004517981,-0.018414584,0,0,-0.015703103
1773775638,TRUE,0.8751411,1773775638,311.68927,247.6379,38.609222,89.44775,1.5705353,311.63925,247.56235,3447.3545,0.999999844,0.000418503,1.570377824,-8.360748,7.5623474,0.426232535,-1.570377824,0.005016449,-0.004537409,-0.018447707,0,0,-0.015703778
1773775638,TRUE,0.8751411,1773775638,311.68927,247.6379,38.609222,89.44775,1.5705353,311.65427,247.58502,3449.2007,0.999999881,0.000371259,1.570425067,-8.345734,7.585022,0.426767927,-1.570425067,0.00500744,-0.004551014,-0.018470879,0,0,-0.015704251
1773775638,TRUE,0.8751411,1773775638,311.68927,247.6379,38.609222,89.44775,1.5705353,311.66476,247.60089,3450.4927,0.999999906,0.000338189,1.570458138,-8.335236,7.600891,0.427142453,-1.570458138,0.005001142,-0.004560535,-0.018487089,0,0,-0.015704581
1773775638,TRUE,0.8813306,1773775638,312.41516,247.75389,37.831696,88.17531,1.5707861,311.8899,247.64679,3416.0913,0.999999934,0.000239795,1.570556532,-8.110107,7.6467896,0.417122481,-1.570556532,0.004866065,-0.004588074,-0.018053416,0,0,-0.015705565
1773775638,TRUE,0.8813306,1773775638,312.41516,247.75389,37.831696,88.17531,1.5707861,312.0475,247.67892,3392.0105,0.999999954,0.000170919,1.570625408,-7.9525146,7.6789246,0.41004828,-1.570625408,0.004771509,-0.004607355,-0.017747239,0,0,-0.015706254
1773775638,TRUE,0.8813306,1773775638,312.41516,247.75389,37.831696,88.17531,1.5707861,312.15778,247.70142,3375.1538,0.999999968,0.000122706,1.570673621,-7.842224,7.701416,0.405066313,-1.570673621,0.004705335,-0.00462085,-0.017531615,0,0,-0.015706736
1773775638,TRUE,0.8813306,1773775638,312.41516,247.75389,37.831696,88.17531,1.5707861,312.235,247.71716,3363.3542,0.999999977,8.90E-05,1.57070737,-7.7650146,7.717163,0.401564214,-1.57070737,0.004659009,-0.004630298,-0.017380041,0,0,-0.015707074
1773775638,TRUE,0.8813306,1773775638,312.41516,247.75389,37.831696,88.17531,1.5707861,312.28903,247.72818,3355.0945,0.999999984,6.53E-05,1.570730995,-7.710968,7.72818,0.399105378,-1.570730995,0.004626581,-0.004636908,-0.01727362,0,0,-0.01570731
1773775638,TRUE,0.8739681,1773775638,311.44955,248.1308,38.510803,89.647255,1.5691819,312.0372,247.84897,3384.2825,0.999999598,0.000530054,1.570266272,-7.962799,7.8489685,0.407767328,-1.570266272,0.00477768,-0.004709381,-0.017648517,0,0,-0.015702663
1773775638,TRUE,0.8739681,1773775638,311.44955,248.1308,38.510803,89.647255,1.5691819,311.8609,247.93352,3404.714,0.999999328,0.00085536,1.569940966,-8.139099,7.9335175,0.413786405,-1.569940966,0.00488346,-0.004760111,-0.017909028,0,0,-0.01569941
1773775638,TRUE,0.8739681,1773775638,311.44955,248.1308,38.510803,89.647255,1.5691819,311.7375,247.9927,3419.016,0.999999138,0.001083074,1.569713252,-8.262512,7.9927063,0.417978251,-1.569713252,0.004957507,-0.004795624,-0.018090454,0,0,-0.015697133
1773775638,TRUE,0.8739681,1773775638,311.44955,248.1308,38.510803,89.647255,1.5691819,311.6511,248.03413,3429.0276,0.999999006,0.001242474,1.569553852,-8.348907,8.034134,0.420902154,-1.569553852,0.005009345,-0.004820481,-0.018217003,0,0,-0.015695539
1773775639,TRUE,0.8739681,1773775638,311.44955,248.1308,38.510803,89.647255,1.5691819,311.59064,248.06313,3436.0356,0.999998913,0.001354054,1.569442272,-8.409363,8.063126,0.422943788,-1.569442272,0.005045618,-0.004837876,-0.018305367,0,0,-0.015694423
1773775639,TRUE,0.88315713,1773775639,309.85062,247.15341,38.957607,90.94641,1.5780904,311.06863,247.7902,3468.1414,0.999991259,-0.001240374,1.572036711,-8.931366,7.790207,0.43224426,-1.572036711,0.00535882,-0.004674125,-0.018707899,0,0,-0.015720367
1773775639,TRUE,0.88315713,1773775639,309.85062,247.15341,38.957607,90.94641,1.5780904,310.70325,247.59917,3490.6155,0.999985901,-0.003056473,1.573852833,-9.296753,7.599167,0.438703488,-1.573852833,0.005578052,-0.0045595,-0.01898746,0,0,-0.015738528
1773775639,TRUE,0.88315713,1773775639,309.85062,247.15341,38.957607,90.94641,1.5780904,310.44745,247.46544,3506.3474,0.99998215,-0.004327742,1.575124119,-9.552551,7.465439,0.443200297,-1.575124119,0.005731531,-0.004479263,-0.019182086,0,0,-0.015751241
1773775639,TRUE,0.88315713,1773775639,309.85062,247.15341,38.957607,90.94641,1.5780904,310.2684,247.37183,3517.3596,0.999979524,-0.005217631,1.576014017,-9.731598,7.371826,0.446336006,-1.576014017,0.005838959,-0.004423096,-0.019317802,0,0,-0.01576014
1773775639,TRUE,0.88315713,1773775639,309.85062,247.15341,38.957607,90.94641,1.5780904,310.14307,247.3063,3525.068,0.999977686,-0.005840553,1.576636944,-9.856934,7.306305,0.448525197,-1.576636944,0.005914161,-0.004383783,-0.019412552,0,0,-0.015766369
1773775639,TRUE,0.88315713,1773775639,309.85062,247.15341,38.957607,90.94641,1.5780904,310.05533,247.26044,3530.464,0.9999764,-0.006276598,1.577072991,-9.944672,7.260437,0.450054791,-1.577072991,0.005966803,-0.004356262,-0.019478754,0,0,-0.01577073
1773775639,TRUE,0.87083256,1773775639,308.6616,246.38939,39.666462,92.71852,1.5756054,309.6372,246.99911,3574.6697,0.999980011,-0.005836333,1.57663271,-10.362793,6.999115,0.462498221,-1.57663271,0.006217676,-0.004199469,-0.020017317,0,0,-0.015766327
1773775639,TRUE,0.87083256,1773775639,308.6616,246.38939,39.666462,92.71852,1.5756054,309.34454,246.8162,3605.6135,0.999982539,-0.005528147,1.576324514,-10.655457,6.8161926,0.471117407,-1.576324514,0.006393274,-0.004089716,-0.020390362,0,0,-0.015763245
1773775639,TRUE,0.87083256,1773775639,308.6616,246.38939,39.666462,92.71852,1.5756054,309.13965,246.68814,3627.2742,0.999984308,-0.005312417,1.576108777,-10.860352,6.688141,0.477106922,-1.576108777,0.006516211,-0.004012885,-0.020649594,0,0,-0.015761088
1773775639,TRUE,0.87083256,1773775639,308.6616,246.38939,39.666462,92.71852,1.5756054,308.99622,246.59851,3642.4365,0.999985547,-0.005161406,1.575957762,-11.003784,6.5985107,0.481278288,-1.575957762,0.006602271,-0.003959107,-0.020830134,0,0,-0.015759578
1773775639,TRUE,0.87083256,1773775639,308.6616,246.38939,39.666462,92.71852,1.5756054,308.8958,246.53577,3653.0503,0.999986413,-0.005055698,1.575852051,-11.104187,6.5357666,0.48418794,-1.575852051,0.006662513,-0.00392146,-0.020956066,0,0,-0.015758521
1773775639,TRUE,0.8757799,1773775639,307.8562,246.05309,38.487133,89.52174,1.5712425,308.58392,246.39096,3590.7659,0.99999046,-0.003672826,1.574469172,-11.416077,6.3909607,0.466990939,-1.574469172,0.006849646,-0.003834577,-0.020211765,0,0,-0.015744692
1773775639,TRUE,0.8757799,1773775639,307.8562,246.05309,38.487133,89.52174,1.5712425,308.3656,246.28958,3547.1667,0.999993292,-0.002704816,1.573501154,-11.634399,6.2895813,0.454774617,-1.573501154,0.00698064,-0.003773749,-0.019683033,0,0,-0.015735012
1773775639,TRUE,0.8757799,1773775639,307.8562,246.05309,38.487133,89.52174,1.5712425,308.21277,246.21863,3516.6472,0.999995274,-0.002027209,1.572823542,-11.787231,6.218628,0.446133511,-1.572823542,0.007072339,-0.003731177,-0.019309038,0,0,-0.015728235
1773775639,TRUE,0.8757799,1773775639,307.8562,246.05309,38.487133,89.52174,1.5712425,308.1058,246.16898,3495.2837,0.999996662,-0.001552883,1.572349214,-11.894196,6.168976,0.440039984,-1.572349214,0.007136518,-0.003701386,-0.019045305,0,0,-0.015723492
1773775639,TRUE,0.8757799,1773775639,307.8562,246.05309,38.487133,89.52174,1.5712425,308.0309,246.13422,3480.329,0.999997634,-0.001220856,1.572017185,-11.969086,6.1342163,0.435752298,-1.572017185,0.007181452,-0.00368053,-0.01885973,0,0,-0.015720172
1773775639,TRUE,0.8767021,1773775639,306.9974,246.10222,37.566933,89.08171,1.5675519,307.7209,246.1246,3440.1882,0.999996765,0.000118742,1.570677585,-12.279114,6.1246033,0.424151591,-1.570677585,0.007367468,-0.003674762,-0.018357642,0,0,-0.015706776
1773775639,TRUE,0.8767021,1773775639,306.9974,246.10222,37.566933,89.08171,1.5675519,307.50385,246.11789,3412.0898,0.999996156,0.00105646,1.569739863,-12.496155,6.1178894,0.41595043,-1.569739863,0.007497693,-0.003670734,-0.018002689,0,0,-0.015697399
1773775639,TRUE,0.8767021,1773775639,306.9974,246.10222,37.566933,89.08171,1.5675519,307.35193,246.11319,3392.421,0.99999573,0.001712863,1.569083458,-12.648071,6.1131897,0.410169231,-1.569083458,0.007588843,-0.003667914,-0.017752473,0,0,-0.015690835
1773775639,TRUE,0.8767021,1773775639,306.9974,246.10222,37.566933,89.08171,1.5675519,307.24557,246.1099,3378.6526,0.999995432,0.002172345,1.568623975,-12.754425,6.109894,0.406102436,-1.568623975,0.007652655,-0.003665936,-0.017576459,0,0,-0.01568624
1773775639,TRUE,0.8767021,1773775639,306.9974,246.10222,37.566933,89.08171,1.5675519,307.17114,246.10757,3369.015,0.999995224,0.002493983,1.568302338,-12.828857,6.1075745,0.403245831,-1.568302338,0.007697315,-0.003664545,-0.017452823,0,0,-0.015683023
1773775639,TRUE,0.87392086,1773775639,306.9301,246.20161,37.707645,89.10503,1.5675604,307.09882,246.13579,3366.2925,0.999995086,0.002716554,1.568079766,-12.901184,6.135788,0.402437461,-1.568079766,0.007740711,-0.003681473,-0.017417836,0,0,-0.015680798
1773775639,TRUE,0.87392086,1773775639,306.9301,246.20161,37.707645,89.10503,1.5675604,307.04822,246.15553,3364.387,0.999994989,0.002872354,1.567923967,-12.951782,6.155533,0.401871173,-1.567923967,0.00777107,-0.00369332,-0.017393326,0,0,-0.01567924
1773775639,TRUE,0.87392086,1773775639,306.9301,246.20161,37.707645,89.10503,1.5675604,307.0128,246.16936,3363.053,0.999994922,0.002981414,1.567814907,-12.987213,6.1693573,0.401474613,-1.567814907,0.007792328,-0.003701614,-0.017376163,0,0,-0.015678149
1773775639,TRUE,0.87392086,1773775639,306.9301,246.20161,37.707645,89.10503,1.5675604,306.98798,246.17903,3362.1191,0.999994875,0.003057756,1.567738565,-13.012024,6.1790314,0.401196903,-1.567738565,0.007807215,-0.003707419,-0.017364143,0,0,-0.015677386
1773775639,TRUE,0.87392086,1773775639,306.9301,246.20161,37.707645,89.10503,1.5675604,306.97064,246.1858,3361.4656,0.999994842,0.003111195,1.567685126,-13.029358,6.1858063,0.40100254,-1.567685126,0.007817615,-0.003711484,-0.017355731,0,0,-0.015676851
1773775639,TRUE,0.86256397,1773775639,306.80087,246.04082,37.874287,89.759,1.5690523,306.9197,246.1423,3372.8933,0.999995933,0.002701033,1.56809529,-13.080292,6.1423035,0.404396342,-1.56809529,0.007848175,-0.003685382,-0.017502618,0,0,-0.015680953
1773775639,TRUE,0.86256397,1773775639,306.80087,246.04082,37.874287,89.759,1.5690523,306.88406,246.11185,3380.8928,0.999996697,0.002413919,1.568382404,-13.115936,6.111847,0.406765233,-1.568382404,0.007869562,-0.003667108,-0.017605146,0,0,-0.015683824
1773775639,TRUE,0.86256397,1773775639,306.80087,246.04082,37.874287,89.759,1.5690523,306.85913,246.09055,3386.4924,0.999997232,0.00221294,1.568583385,-13.140869,6.0905457,0.408420148,-1.568583385,0.007884522,-0.003654328,-0.017676772,0,0,-0.015685834
1773775639,TRUE,0.86256397,1773775639,306.80087,246.04082,37.874287,89.759,1.5690523,306.84167,246.07562,3390.412,0.999997606,0.002072254,1.568724071,-13.158325,6.0756226,0.409576913,-1.568724071,0.007894996,-0.003645374,-0.017726837,0,0,-0.015687241
1773775639,TRUE,0.86256397,1773775639,306.80087,246.04082,37.874287,89.759,1.5690523,306.82944,246.06519,3393.1558,0.999997868,0.001973774,1.568822551,-13.170563,6.0651855,0.410385862,-1.568822551,0.007902338,-0.003639112,-0.017761849,0,0,-0.015688226
1773775639,TRUE,0.86672866,1773775639,306.88477,245.96812,38.015137,90.49367,1.5669043,306.84604,246.03607,3407.2478,0.999996235,0.002549245,1.568247078,-13.153961,6.036072,0.414530293,-1.568247078,0.007892377,-0.003621643,-0.017941224,0,0,-0.015682471
1773775639,TRUE,0.86672866,1773775639,306.88477,245.96812,38.015137,90.49367,1.5669043,306.85767,246.01569,3417.1123,0.999995093,0.002952075,1.567844246,-13.142334,6.015686,0.417421247,-1.567844246,0.007885401,-0.003609412,-0.018066347,0,0,-0.015678442
1773775639,TRUE,0.86672866,1773775639,306.88477,245.96812,38.015137,90.49367,1.5669043,306.86578,246.00143,3424.0173,0.999994293,0.003234055,1.567562264,-13.134216,6.0014343,0.419439978,-1.567562264,0.00788053,-0.003600861,-0.018153719,0,0,-0.015675623
1773775639,TRUE,0.86672866,1773775639,306.88477,245.96812,38.015137,90.49367,1.5669043,306.87146,245.99146,3428.8508,0.999993733,0.003431442,1.567364877,-13.12854,5.991455,0.420850582,-1.567364877,0.007877125,-0.003594873,-0.018214771,0,0,-0.015673649
1773775639,TRUE,0.86672866,1773775639,306.88477,245.96812,38.015137,90.49367,1.5669043,306.87543,245.98447,3432.2344,0.999993341,0.003569613,1.567226706,-13.124573,5.9844666,0.421836869,-1.567226706,0.007874744,-0.00359068,-0.018257459,0,0,-0.015672267
1773775639,TRUE,0.86672866,1773775639,306.88477,245.96812,38.015137,90.49367,1.5669043,306.87823,245.97955,3434.6028,0.999993066,0.003666332,1.567129986,-13.121765,5.979553,0.422526747,-1.567129986,0.007873059,-0.003587732,-0.018287317,0,0,-0.0156713
1773775639,TRUE,0.8680819,1773775639,306.7815,246.78539,38.075966,91.4216,1.5679771,306.8492,246.22131,3448.5117,0.999993954,0.003412208,1.567384111,-13.150787,6.2213135,0.4265682,-1.567384111,0.007890473,-0.003732788,-0.018462235,0,0,-0.015673841
1773775639,TRUE,0.8680819,1773775639,306.7815,246.78539,38.075966,91.4216,1.5679771,306.82892,246.39053,3458.248,0.999994576,0.003234321,1.567561999,-13.171082,6.3905334,0.429387522,-1.567561999,0.007902649,-0.00383432,-0.018584257,0,0,-0.01567562
1773775639,TRUE,0.8680819,1773775639,306.7815,246.78539,38.075966,91.4216,1.5679771,306.8147,246.509,3465.0635,0.999995011,0.003109801,1.567686521,-13.185303,6.5090027,0.431356399,-1.567686521,0.007911182,-0.003905402,-0.018669472,0,0,-0.015676865
1773775639,TRUE,0.8680819,1773775639,306.7815,246.78539,38.075966,91.4216,1.5679771,306.80475,246.59192,3469.8342,0.999995315,0.003022636,1.567773686,-13.195251,6.591919,0.432732286,-1.567773686,0.007917151,-0.003955151,-0.018729022,0,0,-0.015677737
1773775639,TRUE,0.8680819,1773775639,306.7815,246.78539,38.075966,91.4216,1.5679771,306.7978,246.64996,3473.1738,0.999995528,0.002961621,1.567834701,-13.202209,6.6499634,0.433694259,-1.567834701,0.007921326,-0.003989978,-0.018770657,0,0,-0.015678347
1773775639,TRUE,0.89656717,1773775639,308.4583,247.08891,39.03173,92.42598,1.5726731,307.29596,246.78165,3513.4854,0.999996342,0.001510108,1.569286214,-12.704041,6.7816467,0.445233997,-1.569286214,0.007622425,-0.004068988,-0.019270106,0,0,-0.015692862
1773775639,TRUE,0.89656717,1773775639,308.4583,247.08891,39.03173,92.42598,1.5726731,307.64465,246.87383,3541.7036,0.999996911,0.000494049,1.570302276,-12.355347,6.873825,0.453233289,-1.570302276,0.007413209,-0.004124295,-0.019616323,0,0,-0.015703023
1773775639,TRUE,0.89656717,1773775639,308.4583,247.08891,39.03173,92.42598,1.5726731,307.88876,246.93835,3561.456,0.999997309,-0.000217192,1.571013519,-12.111237,6.9383545,0.458794918,-1.571013519,0.007266742,-0.004163013,-0.019857035,0,0,-0.015710135
1773775639,TRUE,0.89656717,1773775639,308.4583,247.08891,39.03173,92.42598,1.5726731,308.05963,246.98352,3575.2832,0.999997588,-0.000715061,1.571511389,-11.940369,6.9835205,0.462669809,-1.571511389,0.007164222,-0.004190113,-0.020024743,0,0,-0.015715114
1773775639,TRUE,0.89656717,1773775639,308.4583,247.08891,39.03173,92.42598,1.5726731,308.17923,247.01514,3584.962,0.999997783,-0.001063569,1.571859897,-11.82077,7.0151367,0.465373283,-1.571859897,0.007092462,-0.004209082,-0.020141752,0,0,-0.015718599
1773775639,TRUE,0.88426733,1773775639,309.12302,247.40344,38.731243,91.05009,1.5745332,308.46237,247.13164,3567.4185,0.999996354,-0.001865565,1.572661896,-11.537628,7.1316376,0.460467622,-1.572661896,0.006922577,-0.004278983,-0.019929431,0,0,-0.015726619
1773775639,TRUE,0.88426733,1773775639,309.12302,247.40344,38.731243,91.05009,1.5745332,308.66058,247.21318,3555.1377,0.999995353,-0.002426962,1.573223295,-11.3394165,7.2131805,0.457019254,-1.573223295,0.00680365,-0.004327909,-0.019780182,0,0,-0.015732233
1773775639,TRUE,0.88426733,1773775639,309.12302,247.40344,38.731243,91.05009,1.5745332,308.79932,247.27026,3546.5415,0.999994652,-0.00281994,1.573616274,-11.200684,7.2702637,0.454598339,-1.573616274,0.006720411,-0.004362159,-0.019675403,0,0,-0.015736163
1773775639,TRUE,0.88426733,1773775639,309.12302,247.40344,38.731243,91.05009,1.5745332,308.89642,247.31023,3540.524,0.999994162,-0.003095025,1.573891359,-11.103577,7.3102264,0.452900167,-1.573891359,0.006662146,-0.004386136,-0.019601905,0,0,-0.015738914
1773775639,TRUE,0.88426733,1773775639,309.12302,247.40344,38.731243,91.05009,1.5745332,308.96442,247.3382,3536.3115,0.999993819,-0.003287584,1.574083919,-11.0355835,7.338196,0.451709691,-1.574083919,0.006621351,-0.004402918,-0.01955038,0,0,-0.015740839
1773775639,TRUE,0.8677971,1773775639,311.18945,248.59073,37.12314,89.013405,1.5773122,309.63193,247.71396,3466.7551,0.999989305,-0.004256066,1.575052413,-10.3680725,7.7139587,0.431844471,-1.575052413,0.006220844,-0.004628376,-0.018690596,0,0,-0.015750524
1773775639,TRUE,0.8677971,1773775639,311.18945,248.59073,37.12314,89.013405,1.5773122,310.09918,247.97699,3418.0657,0.999986145,-0.004934004,1.575730359,-9.900818,7.9769897,0.417700219,-1.575730359,0.005940491,-0.004786194,-0.018078421,0,0,-0.015757304
1773775639,TRUE,0.8677971,1773775639,311.18945,248.59073,37.12314,89.013405,1.5773122,310.42627,248.16112,3383.9832,0.999983933,-0.00540856,1.576204921,-9.57373,8.161118,0.407678915,-1.576204921,0.005744238,-0.004896671,-0.01764469,0,0,-0.015762049
1773775639,TRUE,0.8677971,1773775639,311.18945,248.59073,37.12314,89.013405,1.5773122,310.6552,248.29001,3360.1252,0.999982384,-0.005740749,1.576537114,-9.344788,8.290009,0.400603718,-1.576537114,0.005606873,-0.004974005,-0.01733847,0,0,-0.015765371
1773775639,TRUE,0.8677971,1773775639,311.18945,248.59073,37.12314,89.013405,1.5773122,310.8155,248.38023,3343.4248,0.999981301,-0.005973282,1.57676965,-9.184509,8.380234,0.395621149,-1.57676965,0.005510706,-0.00502814,-0.01712282,0,0,-0.015767696
1773775639,TRUE,0.8677971,1773775639,311.18945,248.59073,37.12314,89.013405,1.5773122,310.92767,248.44339,3331.7344,0.999980542,-0.006136055,1.576932424,-9.072327,8.44339,0.392118456,-1.576932424,0.005443396,-0.005066034,-0.016971221,0,0,-0.015769324
1773775639,TRUE,0.86902446,1773775639,311.3462,248.08444,38.37905,90.55754,1.5698653,311.05322,248.33571,3374.868,0.999986249,-0.004015944,1.574812305,-8.946777,8.335709,0.404981637,-1.574812305,0.005368067,-0.005001425,-0.01752795,0,0,-0.015748123
1773775639,TRUE,0.86902446,1773775639,311.3462,248.08444,38.37905,90.55754,1.5698653,311.1411,248.26033,3405.0613,0.999990244,-0.002531867,1.573328213,-8.858887,8.26033,0.413888385,-1.573328213,0.005315332,-0.004956198,-0.017913442,0,0,-0.015733282
1773775639,TRUE,0.86902446,1773775639,311.3462,248.08444,38.37905,90.55754,1.5698653,311.20264,248.20757,3426.1968,0.999993041,-0.001493013,1.572289349,-8.797363,8.207565,0.420076296,-1.572289349,0.005278418,-0.00492454,-0.01818126,0,0,-0.015722893
1773775639,TRUE,0.86902446,1773775639,311.3462,248.08444,38.37905,90.55754,1.5698653,311.2457,248.17064,3440.9915,0.999994999,-0.000765815,1.571562145,-8.754303,8.170639,0.424385101,-1.571562145,0.005252582,-0.004902384,-0.018367748,0,0,-0.015715621
1773775639,TRUE,0.86902446,1773775639,311.3462,248.08444,38.37905,90.55754,1.5698653,311.27585,248.14479,3451.348,0.999996369,-0.000256776,1.571053104,-8.724152,8.144791,0.427390271,-1.571053104,0.005234491,-0.004886875,-0.018497815,0,0,-0.015710531
1773775639,TRUE,0.8886552,1773775639,312.79733,247.38019,38.131374,89.262794,1.5683949,311.7323,247.9154,3437.0576,0.999996593,0.000540684,1.570255641,-8.2677,7.9154053,0.42324121,-1.570255641,0.00496062,-0.004749244,-0.01831824,0,0,-0.015702556
1773775639,TRUE,0.8886552,1773775639,312.79733,247.38019,38.131374,89.262794,1.5683949,312.05182,247.75485,3427.0542,0.99999675,0.001098907,1.569697417,-7.948181,7.7548523,0.420326497,-1.569697417,0.004768909,-0.004652912,-0.018192089,0,0,-0.015696974
1773775639,TRUE,0.8886552,1773775639,312.79733,247.38019,38.131374,89.262794,1.5683949,312.27545,247.64246,3420.052,0.99999686,0.001489662,1.569306661,-7.7245483,7.642456,0.418281155,-1.569306661,0.004634729,-0.004585474,-0.018103564,0,0,-0.015693067
1773775639,TRUE,0.8886552,1773775639,312.79733,247.38019,38.131374,89.262794,1.5683949,312.432,247.56378,3415.1504,0.999996937,0.001763191,1.569033132,-7.567993,7.5637817,0.416846962,-1.569033132,0.004540796,-0.004538269,-0.018041491,0,0,-0.015690331
1773775639,TRUE,0.8886552,1773775639,312.79733,247.38019,38.131374,89.262794,1.5683949,312.54163,247.5087,3411.7192,0.999996991,0.001954661,1.568841662,-7.458374,7.5086975,0.415841817,-1.568841662,0.004475025,-0.004505219,-0.017997988,0,0,-0.015688417
1773775639,TRUE,0.8854622,1773775639,313.90268,246.95123,37.771404,87.291084,1.570008,312.94995,247.34146,3377.3354,0.9999978,0.001604749,1.569191576,-7.050049,7.341461,0.405712477,-1.569191576,0.004230029,-0.004404877,-0.017559581,0,0,-0.015691916
1773775639,TRUE,0.8854622,1773775639,313.90268,246.95123,37.771404,87.291084,1.570008,313.23578,247.2244,3353.2668,0.999998367,0.001359811,1.569436515,-6.764221,7.2243958,0.398560486,-1.569436515,0.004058533,-0.004334637,-0.017250037,0,0,-0.015694365
1773775639,TRUE,0.8854622,1773775639,313.90268,246.95123,37.771404,87.291084,1.570008,313.43585,247.14244,3336.419,0.999998764,0.001188354,1.569607972,-6.564148,7.142441,0.393523467,-1.569607972,0.003938489,-0.004285465,-0.017032031,0,0,-0.01569608
1773775639,TRUE,0.8854622,1773775639,313.90268,246.95123,37.771404,87.291084,1.570008,313.5759,247.08508,3324.6252,0.999999041,0.001068334,1.569727993,-6.424103,7.085083,0.389982413,-1.569727993,0.003854462,-0.00425105,-0.016878771,0,0,-0.01569728
1773775639,TRUE,0.8854622,1773775639,313.90268,246.95123,37.771404,87.291084,1.570008,313.67395,247.04492,3316.3696,0.999999236,0.00098432,1.569812007,-6.32605,7.044922,0.387496112,-1.569812007,0.00379563,-0.004226953,-0.016771162,0,0,-0.01569812
1773775639,TRUE,0.90065354,1773775639,313.96542,247.0103,37.561993,88.71564,1.5720562,313.76138,247.03455,3321.1597,0.999999227,0.00031107,1.570485257,-6.238617,7.034546,0.388939462,-1.570485257,0.00374317,-0.004220728,-0.016833631,0,0,-0.015704853
1773775639,TRUE,0.90065354,1773775639,313.96542,247.0103,37.561993,88.71564,1.5720562,313.8226,247.02728,3324.5127,0.999999221,-0.000160205,1.570956532,-6.1773987,7.0272827,0.389948513,-1.570956532,0.003706439,-0.00421637,-0.016877304,0,0,-0.015709565
1773775639,TRUE,0.90065354,1773775639,313.96542,247.0103,37.561993,88.71564,1.5720562,313.86545,247.02219,3326.8599,0.999999216,-0.000490098,1.571286425,-6.134552,7.0221863,0.390654283,-1.571286425,0.003680731,-0.004213312,-0.01690785,0,0,-0.015712864
1773775639,TRUE,0.90065354,1773775639,313.96542,247.0103,37.561993,88.71564,1.5720562,313.89545,247.01862,3328.5027,0.999999213,-0.000721023,1.57151735,-6.104553,7.0186157,0.391148034,-1.57151735,0.003662732,-0.00421117,-0.01692922,0,0,-0.015715173
1773775639,TRUE,0.90065354,1773775639,313.96542,247.0103,37.561993,88.71564,1.5720562,313.91644,247.01611,3329.6528,0.999999211,-0.00088267,1.571678997,-6.083557,7.0161133,0.391493507,-1.571678997,0.003650134,-0.004209668,-0.016944172,0,0,-0.01571679
1773775639,TRUE,0.90505564,1773775639,314.32617,247.28928,37.24639,89.37215,1.5669093,314.03937,247.09805,3329.3938,0.999997182,0.000548232,1.570248093,-5.9606323,7.098053,0.391415653,-1.570248093,0.00357638,-0.004258832,-0.016940803,0,0,-0.015702481
1773775639,TRUE,0.90505564,1773775639,314.32617,247.28928,37.24639,89.37215,1.5669093,314.12543,247.15541,3329.2126,0.999995761,0.001549864,1.569246458,-5.8745728,7.155411,0.391361248,-1.569246458,0.003524744,-0.004293247,-0.016938448,0,0,-0.015692465
1773775639,TRUE,0.90505564,1773775639,314.32617,247.28928,37.24639,89.37215,1.5669093,314.18567,247.19557,3329.0857,0.999994766,0.002251006,1.568545313,-5.814331,7.195572,0.391323123,-1.568545313,0.003488599,-0.004317343,-0.016936798,0,0,-0.015685453
1773775639,TRUE,0.90505564,1773775639,314.32617,247.28928,37.24639,89.37215,1.5669093,314.2278,247.22368,3328.9968,0.99999407,0.002741805,1.568054512,-5.7721863,7.2236786,0.391296442,-1.568054512,0.003463312,-0.004334207,-0.016935643,0,0,-0.015680545
1773775639,TRUE,0.90505564,1773775639,314.32617,247.28928,37.24639,89.37215,1.5669093,314.25732,247.24336,3328.9348,0.999993583,0.003085365,1.567710952,-5.742676,7.2433624,0.391277822,-1.567710952,0.003445606,-0.004346018,-0.016934837,0,0,-0.01567711
1773775639,TRUE,0.90505564,1773775639,314.32617,247.28928,37.24639,89.37215,1.5669093,314.27795,247.25714,3328.8914,0.999993242,0.003325856,1.56747046,-5.722046,7.257141,0.391264763,-1.56747046,0.003433228,-0.004354285,-0.016934272,0,0,-0.015674705
1773775639,TRUE,0.8750353,1773775639,314.95837,246.00948,37.77931,88.95153,1.5679514,314.4821,246.88284,3338.382,0.999994055,0.003181564,1.567614754,-5.517914,6.882843,0.394111702,-1.567614754,0.003310748,-0.004129706,-0.01705749,0,0,-0.015676148
1773775639,TRUE,0.8750353,1773775639,314.95837,246.00948,37.77931,88.95153,1.5679514,314.62497,246.62085,3345.0256,0.999994625,0.00308056,1.56771576,-5.3750305,6.6208496,0.39609978,-1.56771576,0.003225019,-0.00397251,-0.017143536,0,0,-0.015677158
1773775639,TRUE,0.8750353,1773775639,314.95837,246.00948,37.77931,88.95153,1.5679514,314.72498,246.43744,3349.676,0.999995023,0.003009856,1.567786465,-5.2750244,6.437439,0.397489038,-1.567786465,0.003165015,-0.003862464,-0.017203664,0,0,-0.015677865
1773775639,TRUE,0.8750353,1773775639,314.95837,246.00948,37.77931,88.95153,1.5679514,314.79498,246.30905,3352.9314,0.999995302,0.002960364,1.567835957,-5.205017,6.3090515,0.398460452,-1.567835957,0.003123011,-0.003785431,-0.017245708,0,0,-0.01567836
1773775639,TRUE,0.8750353,1773775639,314.95837,246.00948,37.77931,88.95153,1.5679514,314.844,246.21918,3355.2102,0.999995498,0.002925719,1.567870602,-5.156006,6.2191772,0.399139849,-1.567870602,0.003093604,-0.003731506,-0.017275112,0,0,-0.015678706
1773775639,TRUE,0.87509114,1773775639,315.2639,246.0421,37.750626,89.38889,1.5666685,314.96997,246.16605,3360.9932,0.999994292,0.003286345,1.567509975,-5.0300293,6.166046,0.400861952,-1.567509975,0.003018018,-0.003699628,-0.017349647,0,0,-0.0156751
1773775639,TRUE,0.87509114,1773775639,315.2639,246.0421,37.750626,89.38889,1.5666685,315.05814,246.12885,3365.041,0.999993449,0.003538783,1.567257535,-4.941864,6.128845,0.402065607,-1.567257535,0.002965119,-0.003677307,-0.017401742,0,0,-0.015672575
1773775639,TRUE,0.87509114,1773775639,315.2639,246.0421,37.750626,89.38889,1.5666685,315.11987,246.10281,3367.8745,0.999992858,0.003715489,1.567080828,-4.880127,6.1028137,0.402907264,-1.567080828,0.002928076,-0.003661688,-0.017438169,0,0,-0.015670808
1773775639,TRUE,0.87509114,1773775639,315.2639,246.0421,37.750626,89.38889,1.5666685,315.1631,246.0846,3369.8582,0.999992445,0.003839184,1.566957133,-4.836914,6.0845947,0.403496059,-1.566957133,0.002902149,-0.003650757,-0.017463653,0,0,-0.015669571
1773775639,TRUE,0.87509114,1773775639,315.2639,246.0421,37.750626,89.38889,1.5666685,315.19333,246.07184,3371.2466,0.999992156,0.00392577,1.566870546,-4.806671,6.0718384,0.403908056,-1.566870546,0.002884003,-0.003643103,-0.017481484,0,0,-0.015668705
1773775639,TRUE,0.8762196,1773775639,315.4142,245.389,37.552406,88.07031,1.5659173,315.25958,245.867,3352.0483,0.999990938,0.004211755,1.566584558,-4.7404175,5.8670044,0.398197034,-1.566584558,0.002844251,-0.003520203,-0.017234307,0,0,-0.015665846
1773775639,TRUE,0.8762196,1773775639,315.4142,245.389,37.552406,88.07031,1.5659173,315.30597,245.7236,3338.6096,0.999990086,0.004411945,1.566384367,-4.694031,5.7236023,0.394179862,-1.566384367,0.002816419,-0.003434162,-0.01706044,0,0,-0.015663844
1773775639,TRUE,0.8762196,1773775639,315.4142,245.389,37.552406,88.07031,1.5659173,315.33844,245.62323,3329.2024,0.999989489,0.004552078,1.566244233,-4.66156,5.62323,0.391358185,-1.566244233,0.002796936,-0.003373938,-0.016938315,0,0,-0.015662442
1773775639,TRUE,0.8762196,1773775639,315.4142,245.389,37.552406,88.07031,1.5659173,315.36118,245.55298,3322.6174,0.999989072,0.004650171,1.566146139,-4.6388245,5.5529785,0.389378256,-1.566146139,0.002783295,-0.003331787,-0.016852622,0,0,-0.015661461
1773775639,TRUE,0.8762196,1773775639,315.4142,245.389,37.552406,88.07031,1.5659173,315.37708,245.50378,3318.008,0.999988779,0.004718836,1.566077473,-4.622925,5.503784,0.387990049,-1.566077473,0.002773755,-0.003302271,-0.01679254,0,0,-0.015660775
1773775640,TRUE,0.8762196,1773775639,315.4142,245.389,37.552406,88.07031,1.5659173,315.3882,245.46936,3314.7815,0.999988575,0.004766901,1.566029407,-4.611786,5.4693604,0.387017149,-1.566029407,0.002767072,-0.003281616,-0.016750432,0,0,-0.015660294
1773775640,TRUE,0.876718,1773775640,315.2735,245.5834,38.422012,88.22799,1.5684304,315.3538,245.50357,3337.316,0.999991163,0.004046601,1.566749712,-4.6462097,5.5035706,0.3937923,-1.566749712,0.002787726,-0.003302143,-0.017043666,0,0,-0.015667497
1773775640,TRUE,0.876718,1773775640,315.2735,245.5834,38.422012,88.22799,1.5684304,315.3297,245.52753,3353.0903,0.999992974,0.003542391,1.567253926,-4.670288,5.527527,0.398507829,-1.567253926,0.002802173,-0.003316516,-0.017247758,0,0,-0.015672539
1773775640,TRUE,0.876718,1773775640,315.2735,245.5834,38.422012,88.22799,1.5684304,315.31284,245.54428,3364.1323,0.999994242,0.003189444,1.567606875,-4.6871643,5.544281,0.401795479,-1.567606875,0.002812299,-0.003326569,-0.01739005,0,0,-0.015676069
1773775640,TRUE,0.876718,1773775640,315.2735,245.5834,38.422012,88.22799,1.5684304,315.30103,245.55603,3371.8618,0.99999513,0.002942381,1.56785394,-4.6989746,5.5560303,0.404090475,-1.56785394,0.002819385,-0.003333618,-0.01748938,0,0,-0.015678539
1773775640,TRUE,0.876718,1773775640,315.2735,245.5834,38.422012,88.22799,1.5684304,315.29276,245.56424,3377.2725,0.999995751,0.002769437,1.568026885,-4.707245,5.5642395,0.405693884,-1.568026885,0.002824347,-0.003338544,-0.017558777,0,0,-0.015680269
1773775640,TRUE,0.8589802,1773775640,315.9047,245.89183,38.290176,89.369995,1.5675962,315.47632,245.6625,3390.6885,0.99999549,0.002898643,1.567897679,-4.5236816,5.662506,0.409658431,-1.567897679,0.002714209,-0.003397504,-0.017730366,0,0,-0.015678977
1773775640,TRUE,0.8589802,1773775640,315.9047,245.89183,38.290176,89.369995,1.5675962,315.60483,245.7313,3400.0798,0.999995307,0.002989087,1.567807234,-4.395172,5.7312927,0.412424355,-1.567807234,0.002637103,-0.003438776,-0.017850077,0,0,-0.015678072
1773775640,TRUE,0.8589802,1773775640,315.9047,245.89183,38.290176,89.369995,1.5675962,315.69476,245.77945,3406.6538,0.999995179,0.003052398,1.567743923,-4.305237,5.7794495,0.414355991,-1.567743923,0.002583142,-0.00346767,-0.01793368,0,0,-0.015677439
1773775640,TRUE,0.8589802,1773775640,315.9047,245.89183,38.290176,89.369995,1.5675962,315.75775,245.81317,3411.2556,0.999995089,0.003096716,1.567699605,-4.2422485,5.8131714,0.415705896,-1.567699605,0.002545349,-0.003487903,-0.017992105,0,0,-0.015676996
1773775640,TRUE,0.8589802,1773775640,315.9047,245.89183,38.290176,89.369995,1.5675962,315.80182,245.83676,3414.4768,0.999995026,0.003127739,1.567668583,-4.198181,5.8367615,0.416649723,-1.567668583,0.002518909,-0.003502057,-0.018032955,0,0,-0.015676686
1773775640,TRUE,0.8589802,1773775640,315.9047,245.89183,38.290176,89.369995,1.5675962,315.83267,245.85327,3416.7317,0.999994982,0.003149454,1.567646867,-4.167328,5.8532715,0.417309888,-1.567646867,0.002500397,-0.003511963,-0.018061527,0,0,-0.015676469
1773775640,TRUE,0.8589802,1773775640,315.9047,245.89183,38.290176,89.369995,1.5675962,315.85428,245.86484,3418.31,0.999994951,0.003164655,1.567631666,-4.1457214,5.8648376,0.417771736,-1.567631666,0.002487433,-0.003518903,-0.018081516,0,0,-0.015676317
1773775640,TRUE,0.86298895,1773775640,318.5196,247.28598,38.47832,88.99672,1.5675882,316.65387,246.29117,3420.1504,0.999994922,0.003177692,1.567618629,-3.3461304,6.291168,0.41830995,-1.567618629,0.002007678,-0.003774701,-0.018104811,0,0,-0.015676186
1773775640,TRUE,0.86298895,1773775640,318.5196,247.28598,38.47832,88.99672,1.5675882,317.21356,246.5896,3421.4385,0.999994902,0.003186818,1.567609504,-2.786438,6.5895996,0.41868648,-1.567609504,0.001671863,-0.00395376,-0.018121107,0,0,-0.015676095
1773775640,TRUE,0.86298895,1773775640,318.5196,247.28598,38.47832,88.99672,1.5675882,317.60535,246.79852,3422.3403,0.999994887,0.003193206,1.567603116,-2.3946533,6.798523,0.418950045,-1.567603116,0.001436792,-0.004079114,-0.018132515,0,0,-0.015676031
1773775640,TRUE,0.86298895,1773775640,318.5196,247.28598,38.47832,88.99672,1.5675882,317.87964,246.94476,3422.9717,0.999994877,0.003197677,1.567598644,-2.1203613,6.944763,0.419134523,-1.567598644,0.001272217,-0.004166858,-0.018140499,0,0,-0.015675986
1773775640,TRUE,0.86298895,1773775640,318.5196,247.28598,38.47832,88.99672,1.5675882,318.07162,247.04712,3423.4136,0.99999487,0.003200808,1.567595514,0,7.047119,0.41926363,-1.567595514,0,-0.004228272,-0.018146087,0,0,-0.015675955
1773775640,TRUE,0.86298895,1773775640,318.5196,247.28598,38.47832,88.99672,1.5675882,318.206,247.11877,3423.7227,0.999994865,0.003202999,1.567593323,0,7.1187744,0.419353924,-1.567593323,0,-0.004271265,-0.018149995,0,0,-0.015675933
1773775640,TRUE,0.8570045,1773775640,319.00238,247.968,38.148655,90.04893,1.5649836,318.4449,247.37354,3427.1792,0.999991338,0.003985905,1.566810408,0,7.373535,0.420362985,-1.566810408,0,-0.004424121,-0.018193668,0,0,-0.015668104
1773775640,TRUE,0.8570045,1773775640,319.00238,247.968,38.148655,90.04893,1.5649836,318.61212,247.55188,3429.599,0.999988868,0.00453394,1.566262367,0,7.55188,0.421068824,-1.566262367,0,-0.004531128,-0.018224217,0,0,-0.015662624
1773775640,TRUE,0.8570045,1773775640,319.00238,247.968,38.148655,90.04893,1.5649836,318.7292,247.67673,3431.293,0.99998714,0.004917564,1.565878739,0,7.6767273,0.421562568,-1.565878739,0,-0.004606037,-0.018245587,0,0,-0.015658787
1773775640,TRUE,0.8570045,1773775640,319.00238,247.968,38.148655,90.04893,1.5649836,318.81116,247.7641,3432.4785,0.99998593,0.005186101,1.565610199,0,7.764099,0.421908013,-1.565610199,0,-0.00465846,-0.018260538,0,0,-0.015656102
1773775640,TRUE,0.8570045,1773775640,319.00238,247.968,38.148655,90.04893,1.5649836,318.86853,247.82526,3433.3086,0.999985083,0.005374077,1.565422221,0,7.8252563,0.422149863,-1.565422221,0,-0.004695154,-0.018271005,0,0,-0.015654222
1773775640,TRUE,0.8303624,1773775640,319.31522,248.42307,37.846703,89.777145,1.5613302,319.00253,248.00461,3422.6465,0.999976117,0.00660165,1.564194615,0,8.004608,0.419039505,-1.564194615,0,-0.004802765,-0.018136386,0,0,-0.015641946
1773775640,TRUE,0.8303624,1773775640,319.31522,248.42307,37.846703,89.777145,1.5613302,319.09634,248.13016,3415.183,0.999969841,0.007460951,1.563335289,0,8.130157,0.416856548,-1.563335289,0,-0.004878095,-0.018041906,0,0,-0.015633353
1773775640,TRUE,0.8303624,1773775640,319.31522,248.42307,37.846703,89.777145,1.5613302,319.162,248.21802,3409.959,0.999965447,0.008062461,1.562733761,0,8.218018,0.415325723,-1.562733761,0,-0.004930811,-0.017975651,0,0,-0.015627338
1773775640,TRUE,0.8303624,1773775640,319.31522,248.42307,37.846703,89.777145,1.5613302,319.20795,248.27954,3406.3018,0.999962372,0.008483519,1.562312692,0,8.279541,0.41425264,-1.562312692,0,-0.004967725,-0.017929207,0,0,-0.015623127
1773775640,TRUE,0.8303624,1773775640,319.31522,248.42307,37.846703,89.777145,1.5613302,319.2401,248.3226,3403.7417,0.999960219,0.008778259,1.562017944,0,8.322601,0.413500741,-1.562017944,0,-0.004993561,-0.017896664,0,0,-0.015620179
1773775640,TRUE,0.8303624,1773775640,319.31522,248.42307,37.846703,89.777145,1.5613302,319.26263,248.35275,3401.9497,0.999958713,0.008984577,1.56181162,0,8.352753,0.41297413,-1.56181162,0,-0.005011652,-0.017873872,0,0,-0.015618116
1773775640,TRUE,0.85376245,1773775640,321.0515,248.25784,37.734333,91.35153,1.5660172,319.79932,248.32428,3415.4917,0.999967673,0.007722951,1.563073279,0,8.32428,0.416946902,-1.563073279,0,-0.004994568,-0.018045817,0,0,-0.015630733
1773775640,TRUE,0.85376245,1773775640,321.0515,248.25784,37.734333,91.35153,1.5660172,320.175,248.30435,3424.9712,0.999973945,0.006839813,1.563956442,0,8.304352,0.419718466,-1.563956442,0,-0.004982611,-0.018165772,0,0,-0.015639564
1773775640,TRUE,0.85376245,1773775640,321.0515,248.25784,37.734333,91.35153,1.5660172,320.43793,248.2904,3431.6064,0.999978335,0.006221617,1.564574656,0,8.290405,0.421653906,-1.564574656,0,-0.004974243,-0.01824954,0,0,-0.015645747
1773775640,TRUE,0.85376245,1773775640,321.0515,248.25784,37.734333,91.35153,1.5660172,320.622,248.28064,3436.2515,0.999981409,0.005788879,1.565007405,0,8.28064,0.423006653,-1.565007405,0,-0.004968384,-0.018308088,0,0,-0.015650074
1773775640,TRUE,0.85376245,1773775640,321.0515,248.25784,37.734333,91.35153,1.5660172,320.75085,248.2738,3439.503,0.99998356,0.005485963,1.565310329,0,8.273804,0.423952433,-1.565310329,0,-0.004964282,-0.018349022,0,0,-0.015653103
1773775640,TRUE,0.8242815,1773775640,322.2768,248.67801,40.615494,94.44763,1.5688407,321.20862,248.39507,3558.4634,0.999987918,0.004426849,1.566369453,0,8.395065,0.457954235,-1.566369453,0,-0.00503704,-0.019820649,0,0,-0.015663695
1773775640,TRUE,0.8242815,1773775640,322.2768,248.67801,40.615494,94.44763,1.5688407,321.52905,248.47995,3641.7354,0.999990969,0.003685469,1.567110841,0,8.47995,0.481085769,-1.567110841,0,-0.00508797,-0.020821802,0,0,-0.015671108
1773775640,TRUE,0.8242815,1773775640,322.2768,248.67801,40.615494,94.44763,1.5688407,321.75336,248.53937,3700.026,0.999993105,0.003166503,1.567629812,0,8.539368,0.496965248,-1.567629812,0,-0.005123621,-0.021509079,0,0,-0.015676298
1773775640,TRUE,0.8242815,1773775640,322.2768,248.67801,40.615494,94.44763,1.5688407,321.9104,248.58096,3740.829,0.9999946,0.002803227,1.567993092,0,8.580963,0.507932716,-1.567993092,0,-0.005148578,-0.02198376,0,0,-0.015679931
1773775640,TRUE,0.8242815,1773775640,322.2768,248.67801,40.615494,94.44763,1.5688407,322.02032,248.61008,3769.3916,0.999995646,0.002548934,1.568247387,2.0203247,8.610077,0.515539025,-1.568247387,-0.001212195,-0.005166046,-0.022312968,0,0,-0.015682474
1773775640,TRUE,0.82157034,1773775640,322.1759,248.46857,37.358433,90.84207,1.5657151,322.06702,248.56763,3656.6892,0.999993079,0.003308623,1.567487693,2.0670166,8.567627,0.485183587,-1.567487693,-0.00124021,-0.005140577,-0.020999159,0,0,-0.015674877
1773775640,TRUE,0.82157034,1773775640,322.1759,248.46857,37.358433,90.84207,1.5657151,322.0997,248.5379,3577.7976,0.999991283,0.003840405,1.566955907,2.099701,8.537903,0.46337282,-1.566955907,-0.001259821,-0.005122742,-0.02005517,0,0,-0.015669559
1773775640,TRUE,0.82157034,1773775640,322.1759,248.46857,37.358433,90.84207,1.5657151,322.12256,248.5171,3522.5735,0.999990025,0.004212653,1.566583657,2.1225586,8.517105,0.447817227,-1.566583657,-0.001273535,-0.005110263,-0.019381911,0,0,-0.015665837
1773775640,TRUE,0.82157034,1773775640,322.1759,248.46857,37.358433,90.84207,1.5657151,322.13858,248.50255,3483.9167,0.999989145,0.004473226,1.566323082,2.1385803,8.502548,0.43678262,-1.566323082,-0.001283148,-0.005101529,-0.018904324,0,0,-0.015663231
1773775640,TRUE,0.82157034,1773775640,322.1759,248.46857,37.358433,90.84207,1.5657151,322.14978,248.49236,3456.857,0.999988528,0.004655627,1.56614068,2.1497803,8.492355,0.428985193,-1.56614068,-0.001289868,-0.005095413,-0.018566844,0,0,-0.015661407
1773775640,TRUE,0.82157034,1773775640,322.1759,248.46857,37.358433,90.84207,1.5657151,322.15762,248.48521,3437.915,0.999988097,0.004783308,1.566012998,2.1576233,8.485214,0.423490621,-1.566012998,-0.001294574,-0.005091129,-0.018329035,0,0,-0.01566013
1773775640,TRUE,0.85560805,1773775640,322.18726,247.83528,37.199738,90.67717,1.5683997,322.1665,248.29024,3418.4907,0.999990806,0.004067313,1.566728999,2.166504,8.290237,0.417824566,-1.566728999,-0.001299902,-0.004974143,-0.018083803,0,0,-0.01566729
1773775640,TRUE,0.85560805,1773775640,322.18726,247.83528,37.199738,90.67717,1.5683997,322.17273,248.15375,3404.8936,0.999992703,0.003566116,1.5672302,2.1727295,8.153748,0.41383913,-1.5672302,-0.001303638,-0.004892249,-0.01791131,0,0,-0.015672302
1773775640,TRUE,0.85560805,1773775640,322.18726,247.83528,37.199738,90.67717,1.5683997,322.1771,248.05821,3395.3757,0.99999403,0.003215278,1.56758104,2.1770935,8.058212,0.411039899,-1.56758104,-0.001306256,-0.004834928,-0.017790157,0,0,-0.01567581
1773775640,TRUE,0.85560805,1773775640,322.18726,247.83528,37.199738,90.67717,1.5683997,322.18015,247.99133,3388.7131,0.99999496,0.002969692,1.567826629,2.1801453,7.991333,0.40907571,-1.567826629,-0.001308087,-0.0047948,-0.017705145,0,0,-0.015678266
1773775640,TRUE,0.85560805,1773775640,322.18726,247.83528,37.199738,90.67717,1.5683997,322.18228,247.94452,3384.0493,0.99999561,0.002797781,1.567998541,2.1822815,7.944519,0.407698422,-1.567998541,-0.001309369,-0.004766712,-0.017645535,0,0,-0.015679985
1773775640,TRUE,0.82463056,1773775640,321.91867,248.41896,37.262432,91.43775,1.5635679,322.1032,248.08685,3390.9924,0.99998909,0.004126963,1.566669342,2.1032104,8.086853,0.409748093,-1.566669342,-0.001261926,-0.004852112,-0.017734246,0,0,-0.015666693
1773775640,TRUE,0.82463056,1773775640,321.91867,248.41896,37.262432,91.43775,1.5635679,322.04785,248.1865,3395.8525,0.999984525,0.00505739,1.565738901,2.0478516,8.186493,0.411180249,-1.565738901,-0.001228711,-0.004911896,-0.017796231,0,0,-0.015657389
1773775640,TRUE,0.82463056,1773775640,321.91867,248.41896,37.262432,91.43775,1.5635679,322.0091,248.25623,3399.2546,0.99998133,0.005708689,1.565087593,2.0090942,8.256226,0.412181641,-1.565087593,-0.001205457,-0.004953736,-0.017839572,0,0,-0.015650876
1773775640,TRUE,0.82463056,1773775640,321.91867,248.41896,37.262432,91.43775,1.5635679,321.98196,248.30505,3401.6362,0.999979094,0.006164599,1.564631677,0,8.305054,0.412881996,-1.564631677,0,-0.004983033,-0.017869884,0,0,-0.015646317
1773775640,TRUE,0.82463056,1773775640,321.91867,248.41896,37.262432,91.43775,1.5635679,321.96298,248.33923,3403.3032,0.999977528,0.006483735,1.564312537,0,8.339233,0.413371913,-1.564312537,0,-0.00500354,-0.017891088,0,0,-0.015643125
1773775640,TRUE,0.85748506,1773775640,322.1061,247.57306,37.630882,91.02558,1.564814,322.00592,248.10938,3409.9243,0.999978901,0.00633331,1.564462967,2.0059204,8.109375,0.415315572,-1.564462967,-0.001203552,-0.004865625,-0.017975211,0,0,-0.01564463
1773775640,TRUE,0.85748506,1773775640,322.1061,247.57306,37.630882,91.02558,1.564814,322.03598,247.94849,3414.559,0.999979863,0.006228013,1.564568269,2.0359802,7.9484863,0.416673849,-1.564568269,-0.001221588,-0.004769092,-0.018033999,0,0,-0.015645683
1773775640,TRUE,0.85748506,1773775640,322.1061,247.57306,37.630882,91.02558,1.564814,322.057,247.83585,3417.8032,0.999980536,0.006154305,1.56464198,2.0570068,7.835846,0.417623437,-1.56464198,-0.001234204,-0.004701508,-0.018075098,0,0,-0.01564642
1773775640,TRUE,0.85748506,1773775640,322.1061,247.57306,37.630882,91.02558,1.564814,322.07172,247.75702,3420.0742,0.999981007,0.006102709,1.564693577,2.0717163,7.757019,0.418287667,-1.564693577,-0.00124303,-0.004654212,-0.018103846,0,0,-0.015646936
1773775640,TRUE,0.85748506,1773775640,322.1061,247.57306,37.630882,91.02558,1.564814,322.08203,247.70184,3421.664,0.999981336,0.006066593,1.564729695,2.0820312,7.7018433,0.418752437,-1.564729695,-0.001249219,-0.004621106,-0.018123962,0,0,-0.015647297
1773775640,TRUE,0.8856492,1773775640,321.67957,247.30048,38.56083,92.584564,1.5661633,321.9613,247.58142,3466.206,0.999983716,0.005636517,1.565159777,0,7.581421,0.431686091,-1.565159777,0,-0.004548853,-0.018683741,0,0,-0.015651598
1773775640,TRUE,0.8856492,1773775640,321.67957,247.30048,38.56083,92.584564,1.5661633,321.87677,247.49713,3497.3855,0.999985381,0.005335465,1.565460835,0,7.4971313,0.440641159,-1.565460835,0,-0.004498279,-0.019071324,0,0,-0.015654608
1773775640,TRUE,0.8856492,1773775640,321.67957,247.30048,38.56083,92.584564,1.5661633,321.81763,247.43814,3519.2112,0.999986547,0.005124728,1.565671575,0,7.438141,0.44686227,-1.565671575,0,-0.004462885,-0.019340579,0,0,-0.015656716
1773775640,TRUE,0.8856492,1773775640,321.67957,247.30048,38.56083,92.584564,1.5661633,321.7762,247.39685,3534.489,0.999987363,0.004977212,1.565819093,0,7.3968506,0.451194172,-1.565819093,0,-0.004438111,-0.019528068,0,0,-0.015658191
1773775640,TRUE,0.8856492,1773775640,321.67957,247.30048,38.56083,92.584564,1.5661633,321.74722,247.36795,3545.1836,0.999987935,0.004873951,1.565922355,0,7.3679504,0.454215414,-1.565922355,0,-0.00442077,-0.01965883,0,0,-0.015659224
1773775640,TRUE,0.85463935,1773775640,320.9158,247.82341,38.255188,92.7321,1.5647955,321.4978,247.50458,3545.8735,0.999986153,0.005212005,1.565584297,0,7.5045776,0.454409998,-1.565584297,0,-0.004502747,-0.019667252,0,0,-0.015655843
1773775640,TRUE,0.85463935,1773775640,320.9158,247.82341,38.255188,92.7321,1.5647955,321.3232,247.60022,3546.3564,0.999984905,0.005448642,1.565347656,0,7.6002197,0.454546131,-1.565347656,0,-0.004560132,-0.019673143,0,0,-0.015653477
1773775640,TRUE,0.85463935,1773775640,320.9158,247.82341,38.255188,92.7321,1.5647955,321.201,247.66718,3546.6948,0.999984032,0.005614289,1.565182007,0,7.6671753,0.454641542,-1.565182007,0,-0.004600306,-0.019677273,0,0,-0.01565182
1773775640,TRUE,0.85463935,1773775640,320.9158,247.82341,38.255188,92.7321,1.5647955,321.11542,247.71405,3546.9316,0.999983421,0.005730241,1.565066053,0,7.7140503,0.454708347,-1.565066053,0,-0.004628431,-0.019680164,0,0,-0.015650661
1773775640,TRUE,0.85463935,1773775640,320.9158,247.82341,38.255188,92.7321,1.5647955,321.05554,247.74686,3547.0972,0.999982993,0.005811408,1.564984886,0,7.7468567,0.454755024,-1.564984886,0,-0.004648114,-0.019682185,0,0,-0.015649849
1773775640,TRUE,0.85463935,1773775640,320.9158,247.82341,38.255188,92.7321,1.5647955,321.0136,247.7698,3547.2134,0.999982694,0.005868224,1.564928068,0,7.769806,0.45478778,-1.564928068,0,-0.004661884,-0.019683602,0,0,-0.015649281
1773775640,TRUE,0.8603858,1773775640,320.55682,248.25098,37.227818,90.897,1.5616683,320.8766,247.91415,3498.2185,0.999975388,0.006846134,1.563950131,0,7.914154,0.440879288,-1.563950131,0,-0.004748493,-0.019081631,0,0,-0.015639501
1773775640,TRUE,0.8603858,1773775640,320.55682,248.25098,37.227818,90.897,1.5616683,320.78064,248.0152,3463.922,0.999970273,0.007530671,1.563265574,0,8.015198,0.431026908,-1.563265574,0,-0.004809119,-0.018655211,0,0,-0.015632656
1773775640,TRUE,0.8603858,1773775640,320.55682,248.25098,37.227818,90.897,1.5616683,320.7135,248.08594,3439.9146,0.999966693,0.008009847,1.562786385,0,8.0859375,0.424072104,-1.562786385,0,-0.004851563,-0.018354202,0,0,-0.015627864
1773775640,TRUE,0.8603858,1773775640,320.55682,248.25098,37.227818,90.897,1.5616683,320.6665,248.13545,3423.1094,0.999964187,0.00834527,1.562450952,0,8.135452,0.419174739,-1.562450952,0,-0.004881272,-0.018142239,0,0,-0.01562451
1773775640,TRUE,0.8603858,1773775640,320.55682,248.25098,37.227818,90.897,1.5616683,320.6336,248.1701,3411.3457,0.999962433,0.008580066,1.562216149,0,8.170105,0.415732248,-1.562216149,0,-0.004902063,-0.017993246,0,0,-0.015622161
1773775640,TRUE,0.8543641,1773775640,320.19977,248.91037,37.724537,90.7773,1.564576,320.50348,248.39218,3415.3013,0.999967899,0.007872123,1.562924114,0,8.392181,0.416891119,-1.562924114,0,-0.005035309,-0.018043402,0,0,-0.015629241
1773775640,TRUE,0.8543641,1773775640,320.19977,248.91037,37.724537,90.7773,1.564576,320.41235,248.54764,3418.0703,0.999971726,0.007376563,1.563419689,0,8.547638,0.417701633,-1.563419689,0,-0.005128583,-0.018078482,0,0,-0.015634197
1773775640,TRUE,0.8543641,1773775640,320.19977,248.91037,37.724537,90.7773,1.564576,320.34857,248.65645,3420.0088,0.999974404,0.007029671,1.563766591,0,8.656448,0.418268523,-1.563766591,0,-0.005193869,-0.018103018,0,0,-0.015637666
1773775640,TRUE,0.8543641,1773775640,320.19977,248.91037,37.724537,90.7773,1.564576,320.30396,248.73262,3421.3657,0.999976279,0.006786847,1.564009423,0,8.73262,0.418665226,-1.564009423,0,-0.005239572,-0.018120187,0,0,-0.015640094
1773775640,TRUE,0.8543641,1773775640,320.19977,248.91037,37.724537,90.7773,1.564576,320.2727,248.78595,3422.3154,0.999977592,0.00661687,1.564179405,0,8.78595,0.418942753,-1.564179405,0,-0.00527157,-0.018132199,0,0,-0.015641794
1773775640,TRUE,0.86345387,1773775640,319.77792,249.23428,38.172546,91.09391,1.5660238,320.12427,248.92044,3438.807,0.999980898,0.006063554,1.564732732,0,8.920441,0.423750036,-1.564732732,0,-0.005352265,-0.018340262,0,0,-0.015647327
1773775640,TRUE,0.86345387,1773775640,319.77792,249.23428,38.172546,91.09391,1.5660238,320.0204,249.01459,3450.3508,0.999983212,0.005676232,1.56512006,0,9.014587,0.42710139,-1.56512006,0,-0.005408753,-0.018485312,0,0,-0.015651201
1773775640,TRUE,0.86345387,1773775640,319.77792,249.23428,38.172546,91.09391,1.5660238,319.94763,249.0805,3458.4316,0.999984832,0.005405107,1.56539119,0,9.080505,0.429440673,-1.56539119,0,-0.005448304,-0.018586558,0,0,-0.015653912
1773775640,TRUE,0.86345387,1773775640,319.77792,249.23428,38.172546,91.09391,1.5660238,319.89673,249.12665,3464.0881,0.999985966,0.00521532,1.565580981,0,9.126648,0.431074859,-1.565580981,0,-0.005475989,-0.018657287,0,0,-0.01565581
1773775640,TRUE,0.86345387,1773775640,319.77792,249.23428,38.172546,91.09391,1.5660238,319.86108,249.15894,3468.0476,0.99998676,0.005082468,1.565713835,0,9.158936,0.432217256,-1.565713835,0,-0.005495362,-0.018706731,0,0,-0.015657138
1773775640,TRUE,0.87091345,1773775640,319.60428,249.13,38.65938,92.6647,1.5656538,319.78406,249.15027,3502.3413,0.999986765,0.005100479,1.565695825,0,9.150269,0.44205713,-1.565695825,0,-0.005490162,-0.019132609,0,0,-0.015656958
1773775640,TRUE,0.87091345,1773775640,319.60428,249.13,38.65938,92.6647,1.5656538,319.7301,249.1442,3526.3472,0.999986769,0.005113086,1.565683218,0,9.144196,0.448888011,-1.565683218,0,-0.005486518,-0.019428255,0,0,-0.015656832
1773775640,TRUE,0.87091345,1773775640,319.60428,249.13,38.65938,92.6647,1.5656538,319.69235,249.13995,3543.151,0.999986771,0.005121911,1.565674393,0,9.139954,0.453641811,-1.565674393,0,-0.005483972,-0.019634004,0,0,-0.015656744
1773775640,TRUE,0.87091345,1773775640,319.60428,249.13,38.65938,92.6647,1.5656538,319.66592,249.13696,3554.9136,0.999986773,0.005128089,1.565668215,0,9.136963,0.456956227,-1.565668215,0,-0.005482178,-0.019777454,0,0,-0.015656682
1773775640,TRUE,0.87091345,1773775640,319.60428,249.13,38.65938,92.6647,1.5656538,319.64743,249.13489,3563.1475,0.999986774,0.005132413,1.565663891,0,9.134888,0.459269708,-1.565663891,0,-0.005480933,-0.019877584,0,0,-0.015656639
1773775640,TRUE,0.86930114,1773775640,319.24557,248.93523,39.037918,92.79372,1.5636817,319.5269,249.075,3580.9453,0.999983149,0.005727053,1.56506924,0,9.074997,0.464252276,-1.56506924,0,-0.005444998,-0.020093234,0,0,-0.015650692
1773775640,TRUE,0.86930114,1773775640,319.24557,248.93523,39.037918,92.79372,1.5636817,319.4425,249.03307,3593.4038,0.999980612,0.0061433,1.564652985,0,9.033066,0.467725345,-1.564652985,0,-0.00541984,-0.020243551,0,0,-0.01564653
1773775640,TRUE,0.86930114,1773775640,319.24557,248.93523,39.037918,92.79372,1.5636817,319.38342,249.00372,3602.1245,0.999978836,0.006434674,1.564361606,0,9.003723,0.470149218,-1.564361606,0,-0.005402234,-0.020348458,0,0,-0.015643616
1773775640,TRUE,0.86930114,1773775640,319.24557,248.93523,39.037918,92.79372,1.5636817,319.34207,248.98317,3608.229,0.999977592,0.006638635,1.56415764,0,8.98317,0.471842544,-1.56415764,0,-0.005389902,-0.020421747,0,0,-0.015641576
1773775640,TRUE,0.86930114,1773775640,319.24557,248.93523,39.037918,92.79372,1.5636817,319.3131,248.9688,3612.5024,0.999976722,0.006781408,1.564014865,0,8.968796,0.473026168,-1.564014865,0,-0.005381278,-0.020472975,0,0,-0.015640149
1773775640,TRUE,0.85694593,1773775640,318.82736,248.73207,39.032104,93.06613,1.564728,319.1674,248.89777,3618.522,0.999978182,0.006567466,1.564228812,0,8.897766,0.474691052,-1.564228812,0,-0.00533866,-0.020545033,0,0,-0.015642288
1773775640,TRUE,0.85694593,1773775640,318.82736,248.73207,39.032104,93.06613,1.564728,319.06537,248.84805,3622.7354,0.999979204,0.006417707,1.564378575,0,8.848053,0.475854793,-1.564378575,0,-0.005308832,-0.020595401,0,0,-0.015643786
1773775640,TRUE,0.85694593,1773775640,318.82736,248.73207,39.032104,93.06613,1.564728,318.99396,248.81326,3625.685,0.999979919,0.006312875,1.564483409,0,8.813263,0.476668726,-1.564483409,0,-0.005287958,-0.020630628,0,0,-0.015644834
1773775641,TRUE,0.85694593,1773775640,318.82736,248.73207,39.032104,93.06613,1.564728,318.94397,248.78891,3627.7495,0.99998042,0.006239493,1.564556793,0,8.78891,0.47723793,-1.564556793,0,-0.005273346,-0.020655264,0,0,-0.015645568
1773775641,TRUE,0.85694593,1773775640,318.82736,248.73207,39.032104,93.06613,1.564728,318.909,248.77185,3629.1948,0.99998077,0.006188125,1.564608161,0,8.771851,0.477636246,-1.564608161,0,-0.005263111,-0.020672503,0,0,-0.015646082
1773775641,TRUE,0.85694593,1773775640,318.82736,248.73207,39.032104,93.06613,1.564728,318.88452,248.75992,3630.2065,0.999981015,0.006152168,1.564644119,0,8.759918,0.477914958,-1.564644119,0,-0.005255951,-0.020684566,0,0,-0.015646441
1773775641,TRUE,0.7765361,1773775641,318.4227,248.85687,39.17035,94.32704,1.5623398,318.74597,248.789,3649.5916,0.999975984,0.006843451,1.563952819,0,8.789001,0.483240711,-1.563952819,0,-0.005273401,-0.020915069,0,0,-0.015639528
1773775641,TRUE,0.7765361,1773775641,318.4227,248.85687,39.17035,94.32704,1.5623398,318.649,248.80936,3663.1611,0.999972462,0.007327348,1.563468908,0,8.809357,0.486951883,-1.563468908,0,-0.005285614,-0.021075692,0,0,-0.015634689
1773775641,TRUE,0.7765361,1773775641,318.4227,248.85687,39.17035,94.32704,1.5623398,318.58112,248.82361,3672.6597,0.999969996,0.007666077,1.56313017,0,8.823608,0.489541561,-1.56313017,0,-0.005294165,-0.021187775,0,0,-0.015631302
1773775641,TRUE,0.7765361,1773775641,318.4227,248.85687,39.17035,94.32704,1.5623398,318.53357,248.83359,3679.3088,0.999968271,0.007903187,1.562893054,0,8.833588,0.491350383,-1.562893054,0,-0.005300153,-0.021266063,0,0,-0.015628931
1773775641,TRUE,0.7765361,1773775641,318.4227,248.85687,39.17035,94.32704,1.5623398,318.5003,248.84058,3683.9631,0.999967062,0.008069164,1.562727072,0,8.840576,0.49261452,-1.562727072,0,-0.005304346,-0.021320776,0,0,-0.015627271
1773775641,TRUE,0.8328197,1773775641,317.97037,249.07239,38.74978,93.865234,1.5607936,318.3413,248.91013,3669.9512,0.999961936,0.008649171,1.562147042,0,8.910126,0.488803779,-1.562147042,0,-0.005346076,-0.021155844,0,0,-0.01562147
1773775641,TRUE,0.8328197,1773775641,317.97037,249.07239,38.74978,93.865234,1.5607936,318.23004,248.9588,3660.143,0.999958347,0.009055176,1.561741021,0,8.958801,0.486127659,-1.561741021,0,-0.005375281,-0.021040019,0,0,-0.01561741
1773775641,TRUE,0.8328197,1773775641,317.97037,249.07239,38.74978,93.865234,1.5607936,318.15216,248.99289,3653.2773,0.999955835,0.00933938,1.561456806,0,8.992889,0.484250082,-1.561456806,0,-0.005395734,-0.020958756,0,0,-0.015614568
1773775641,TRUE,0.8328197,1773775641,317.97037,249.07239,38.74978,93.865234,1.5607936,318.09763,249.01672,3648.4712,0.999954077,0.009538323,1.561257856,0,9.016724,0.482933693,-1.561257856,0,-0.005410034,-0.020901781,0,0,-0.015612579
1773775641,TRUE,0.8328197,1773775641,317.97037,249.07239,38.74978,93.865234,1.5607936,318.05945,249.03342,3645.107,0.999952846,0.009677582,1.56111859,0,9.033417,0.482011115,-1.56111859,0,-0.00542005,-0.020861851,0,0,-0.015611186
1773775641,TRUE,0.847646,1773775641,317.63217,248.3016,38.227413,93.3334,1.5596687,317.93127,248.81387,3621.9429,0.999948418,0.010112539,1.560683611,-2.0687256,8.813873,0.475636037,-1.560683611,0.001241235,-0.005288324,-0.020585933,0,0,-0.015606836
1773775641,TRUE,0.847646,1773775641,317.63217,248.3016,38.227413,93.3334,1.5596687,317.84155,248.66019,3605.728,0.999945319,0.010417008,1.560379126,-2.1584473,8.660187,0.471149111,-1.560379126,0.001295068,-0.005196112,-0.020391735,0,0,-0.015603791
1773775641,TRUE,0.847646,1773775641,317.63217,248.3016,38.227413,93.3334,1.5596687,317.77875,248.55261,3594.378,0.99994315,0.010630137,1.560165986,-2.2212524,8.552612,0.467996382,-1.560165986,0.001332752,-0.005131568,-0.020255282,0,0,-0.01560166
1773775641,TRUE,0.847646,1773775641,317.63217,248.3016,38.227413,93.3334,1.5596687,317.73477,248.47733,3586.4326,0.999941631,0.010779327,1.560016788,-2.2652283,8.477325,0.46578346,-1.560016788,0.001359137,-0.005086395,-0.020159505,0,0,-0.015600168
1773775641,TRUE,0.847646,1773775641,317.63217,248.3016,38.227413,93.3334,1.5596687,317.70398,248.42462,3580.871,0.999940568,0.01088376,1.55991235,-2.2960205,8.424622,0.464231519,-1.55991235,0.001377612,-0.005054773,-0.020092335,0,0,-0.015599123
1773775641,TRUE,0.8986568,1773775641,314.5443,249.07286,38.97245,93.58412,1.5601522,316.75607,248.6191,3600.7705,0.999941403,0.010811818,1.559984297,-3.243927,8.619095,0.46977332,-1.559984297,0.001946356,-0.005171457,-0.020332189,0,0,-0.015599843
1773775641,TRUE,0.8986568,1773775641,314.5443,249.07286,38.97245,93.58412,1.5601522,316.09253,248.75523,3614.7002,0.999941988,0.010761458,1.56003466,-3.9074707,8.755234,0.473634344,-1.56003466,0.002344483,-0.00525314,-0.020499298,0,0,-0.015600347
1773775641,TRUE,0.8986568,1773775641,314.5443,249.07286,38.97245,93.58412,1.5601522,315.62805,248.85052,3624.451,0.999942397,0.010726207,1.560069914,-4.3719482,8.850525,0.476328218,-1.560069914,0.002623169,-0.005310315,-0.020615891,0,0,-0.015600699
1773775641,TRUE,0.8986568,1773775641,314.5443,249.07286,38.97245,93.58412,1.5601522,315.30292,248.91722,3631.2766,0.999942683,0.01070153,1.560094591,-4.6970825,8.917221,0.478209703,-1.560094591,0.00281825,-0.005350333,-0.020697323,0,0,-0.015600946
1773775641,TRUE,0.8986568,1773775641,314.5443,249.07286,38.97245,93.58412,1.5601522,315.07532,248.96391,3636.0544,0.999942884,0.010684257,1.560111866,-4.9246826,8.963913,0.479524572,-1.560111866,0.00295481,-0.005378348,-0.020754232,0,0,-0.015601119
1773775641,TRUE,0.8986568,1773775641,314.5443,249.07286,38.97245,93.58412,1.5601522,314.91602,248.9966,3639.399,0.999943024,0.010672166,1.560123958,-5.0839844,8.996597,0.48044399,-1.560123958,0.003050391,-0.005397959,-0.020794025,0,0,-0.01560124
1773775641,TRUE,0.9057399,1773775641,313.76718,248.30797,39.257042,92.85275,1.5587033,314.57135,248.79001,3641.1165,0.999938181,0.011098335,1.559697762,-5.42865,8.790009,0.480915764,-1.559697762,0.00325719,-0.005274005,-0.020814444,0,0,-0.015596978
1773775641,TRUE,0.9057399,1773775641,313.76718,248.30797,39.257042,92.85275,1.5587033,314.33008,248.64539,3642.3188,0.999934791,0.011396653,1.559399424,-5.669922,8.645386,0.481245946,-1.559399424,0.003401953,-0.005187232,-0.020828734,0,0,-0.015593994
1773775641,TRUE,0.9057399,1773775641,313.76718,248.30797,39.257042,92.85275,1.5587033,314.1612,248.54416,3643.1604,0.999932418,0.011605476,1.559190588,-5.838806,8.544159,0.481476958,-1.559190588,0.003503284,-0.005126495,-0.020838733,0,0,-0.015591906
1773775641,TRUE,0.9057399,1773775641,313.76718,248.30797,39.257042,92.85275,1.5587033,314.04297,248.4733,3643.7495,0.999930756,0.011751652,1.559044402,-5.9570312,8.473297,0.481638693,-1.559044402,0.003574219,-0.005083979,-0.020845733,0,0,-0.015590444
1773775641,TRUE,0.9057399,1773775641,313.76718,248.30797,39.257042,92.85275,1.5587033,313.96024,248.4237,3644.1619,0.999929594,0.011853975,1.558942073,-6.0397644,8.423706,0.481751804,-1.558942073,0.003623859,-0.005054224,-0.020850628,0,0,-0.015589421
1773775641,TRUE,0.9042993,1773775641,313.57245,247.73207,39.455093,93.04778,1.5583569,313.8439,248.21622,3652.2761,0.999927505,0.01202952,1.558766515,-6.1560974,8.216217,0.483975996,-1.558766515,0.003693659,-0.004929731,-0.020946893,0,0,-0.015587665
1773775641,TRUE,0.9042993,1773775641,313.57245,247.73207,39.455093,93.04778,1.5583569,313.76248,248.07097,3657.956,0.999926043,0.012152401,1.558643625,-6.2375183,8.070969,0.48552997,-1.558643625,0.003742511,-0.004842581,-0.02101415,0,0,-0.015586436
1773775641,TRUE,0.9042993,1773775641,313.57245,247.73207,39.455093,93.04778,1.5583569,313.70547,247.9693,3661.932,0.999925019,0.012238418,1.558557602,-6.294525,7.9692993,0.486616251,-1.558557602,0.003776715,-0.00478158,-0.021061166,0,0,-0.015585576
1773775641,TRUE,0.9042993,1773775641,313.57245,247.73207,39.455093,93.04778,1.5583569,313.66556,247.89813,3664.715,0.999924303,0.01229863,1.558497386,-6.334442,7.8981323,0.487376005,-1.558497386,0.003800666,-0.004738879,-0.021094048,0,0,-0.015584974
1773775641,TRUE,0.9042993,1773775641,313.57245,247.73207,39.455093,93.04778,1.5583569,313.63763,247.84831,3666.6633,0.999923801,0.012340779,1.558455234,-6.3623657,7.8483124,0.487907533,-1.558455234,0.00381742,-0.004708988,-0.021117053,0,0,-0.015584552
1773775641,TRUE,0.90426344,1773775641,313.64917,247.35854,39.123344,92.67862,1.5608845,313.6411,247.70139,3654.4336,0.999931924,0.011612052,1.559184007,-6.3588867,7.7013855,0.484566537,-1.559184007,0.003815332,-0.004620832,-0.020972452,0,0,-0.01559184
1773775641,TRUE,0.90426344,1773775641,313.64917,247.35854,39.123344,92.67862,1.5608845,313.64355,247.59853,3645.8728,0.99993761,0.011101943,1.559694147,-6.3564453,7.598526,0.482221194,-1.559694147,0.003813868,-0.004559116,-0.020870944,0,0,-0.015596941
1773775641,TRUE,0.90426344,1773775641,313.64917,247.35854,39.123344,92.67862,1.5608845,313.64526,247.52654,3639.8801,0.999941591,0.010744867,1.560051246,-6.3547363,7.526535,0.480576183,-1.560051246,0.003812842,-0.004515921,-0.020799746,0,0,-0.015600512
1773775641,TRUE,0.90426344,1773775641,313.64917,247.35854,39.123344,92.67862,1.5608845,313.64642,247.47614,3635.6853,0.999944377,0.010494913,1.560301215,-6.3535767,7.4761353,0.479423092,-1.560301215,0.003812146,-0.004485681,-0.02074984,0,0,-0.015603012
1773775641,TRUE,0.90426344,1773775641,313.64917,247.35854,39.123344,92.67862,1.5608845,313.64725,247.44086,3632.749,0.999946327,0.010319946,1.560476193,-6.3527527,7.440857,0.478615093,-1.560476193,0.003811652,-0.004464515,-0.020714869,0,0,-0.015604762
1773775641,TRUE,0.90505487,1773775641,313.53094,247.2594,39.179245,92.81842,1.5578119,313.61237,247.38643,3633.891,0.99993714,0.011119194,1.559676892,-6.3876343,7.386429,0.478929421,-1.559676892,0.003832581,-0.004431858,-0.020728473,0,0,-0.015596769
1773775641,TRUE,0.90505487,1773775641,313.53094,247.2594,39.179245,92.81842,1.5578119,313.58795,247.34833,3634.6904,0.999930709,0.011678667,1.559117381,-6.4120483,7.3483276,0.479149377,-1.559117381,0.003847229,-0.004408997,-0.020737993,0,0,-0.015591174
1773775641,TRUE,0.90505487,1773775641,313.53094,247.2594,39.179245,92.81842,1.5578119,313.57086,247.32166,3635.25,0.999926207,0.012070299,1.558725723,-6.429138,7.3216553,0.479303296,-1.558725723,0.003857483,-0.004392993,-0.020744655,0,0,-0.015587257
1773775641,TRUE,0.90505487,1773775641,313.53094,247.2594,39.179245,92.81842,1.5578119,313.5589,247.30298,3635.6418,0.999923056,0.012344441,1.558451563,-6.441101,7.3029785,0.479411136,-1.558451563,0.003864661,-0.004381788,-0.020749322,0,0,-0.015584516
1773775641,TRUE,0.90505487,1773775641,313.53094,247.2594,39.179245,92.81842,1.5578119,313.5505,247.2899,3635.916,0.99992085,0.01253634,1.558259651,-6.4494934,7.2899017,0.479486491,-1.558259651,0.003869696,-0.004373941,-0.020752583,0,0,-0.015582597
1773775641,TRUE,0.8958122,1773775641,312.79938,246.72368,38.377464,93.12642,1.5593189,313.32516,247.12004,3617.328,0.999924835,0.012218591,1.558577426,-6.674835,7.120041,0.474361071,-1.558577426,0.004004901,-0.004272025,-0.020530751,0,0,-0.015585774
1773775641,TRUE,0.8958122,1773775641,312.79938,246.72368,38.377464,93.12642,1.5593189,313.16742,247.00113,3604.3162,0.999927625,0.011996166,1.558799868,-6.8325806,7.001129,0.470757508,-1.558799868,0.004099548,-0.004200678,-0.020374786,0,0,-0.015587999
1773775641,TRUE,0.8958122,1773775641,312.79938,246.72368,38.377464,93.12642,1.5593189,313.057,246.9179,3595.208,0.999929578,0.011840469,1.558955578,-6.942993,6.9178925,0.468227265,-1.558955578,0.004165796,-0.004150736,-0.020265275,0,0,-0.015589556
1773775641,TRUE,0.8958122,1773775641,312.79938,246.72368,38.377464,93.12642,1.5593189,312.97974,246.85963,3588.8323,0.999930945,0.01173148,1.559064575,-7.0202637,6.8596344,0.466452285,-1.559064575,0.004212158,-0.004115781,-0.020188452,0,0,-0.015590646
1773775641,TRUE,0.8958122,1773775641,312.79938,246.72368,38.377464,93.12642,1.5593189,312.92563,246.81885,3584.3694,0.999931902,0.011655189,1.559140872,-7.0743713,6.8188477,0.465207997,-1.559140872,0.004244623,-0.004091309,-0.020134598,0,0,-0.015591409
1773775641,TRUE,0.8958122,1773775641,312.79938,246.72368,38.377464,93.12642,1.5593189,312.88776,246.7903,3581.2454,0.999932572,0.011601784,1.559194281,-7.1122437,6.7902985,0.46433605,-1.559194281,0.004267347,-0.004074179,-0.02009686,0,0,-0.015591943
1773775641,TRUE,0.87993103,1773775641,313.77493,246.16565,39.151604,92.54425,1.55867,313.1539,246.6029,3593.8486,0.999930744,0.011759045,1.55903701,-6.8461,6.6029053,0.467849076,-1.55903701,0.00410766,-0.003961743,-0.020248906,0,0,-0.01559037
1773775641,TRUE,0.87993103,1773775641,313.77493,246.16565,39.151604,92.54425,1.55867,313.3402,246.47173,3602.671,0.999929464,0.011869127,1.55892692,-6.65979,6.4717255,0.470300953,-1.55892692,0.003995874,-0.003883035,-0.020355026,0,0,-0.015589269
1773775641,TRUE,0.87993103,1773775641,313.77493,246.16565,39.151604,92.54425,1.55867,313.47064,246.37991,3608.8464,0.999928568,0.011946185,1.558849857,-6.529358,6.3799133,0.472013578,-1.558849857,0.003917615,-0.003827948,-0.020429149,0,0,-0.015588499
1773775641,TRUE,0.87993103,1773775641,313.77493,246.16565,39.151604,92.54425,1.55867,313.56192,246.31564,3613.1692,0.999927941,0.012000125,1.558795913,-6.43808,6.3156433,0.473210739,-1.558795913,0.003862848,-0.003789386,-0.020480964,0,0,-0.015587959
1773775641,TRUE,0.87993103,1773775641,313.77493,246.16565,39.151604,92.54425,1.55867,313.62582,246.27065,3616.1953,0.999927502,0.012037883,1.558758152,-6.374176,6.270645,0.4740479,-1.558758152,0.003824506,-0.003762387,-0.020517197,0,0,-0.015587582
1773775641,TRUE,0.8749392,1773775641,312.97226,245.83052,38.781178,94.0233,1.5615247,313.42975,246.13861,3625.2368,0.999936357,0.011207952,1.559588131,-6.5702515,6.138611,0.476545046,-1.559588131,0.003942151,-0.003683167,-0.020625275,0,0,-0.015595881
1773775641,TRUE,0.8749392,1773775641,312.97226,245.83052,38.781178,94.0233,1.5615247,313.29248,246.04619,3631.566,0.999942556,0.010627,1.560169117,-6.7075195,6.0461884,0.47828936,-1.560169117,0.004024512,-0.003627713,-0.020700771,0,0,-0.015601691
1773775641,TRUE,0.8749392,1773775641,312.97226,245.83052,38.781178,94.0233,1.5615247,313.1964,245.98149,3635.9966,0.999946895,0.010220333,1.560575807,-6.803589,5.981491,0.479508705,-1.560575807,0.004082154,-0.003588895,-0.020753545,0,0,-0.015605758
1773775641,TRUE,0.8749392,1773775641,312.97226,245.83052,38.781178,94.0233,1.5615247,313.12915,245.9362,3639.0977,0.999949932,0.009935667,1.560860489,-6.8708496,5.936203,0.480361186,-1.560860489,0.00412251,-0.003561722,-0.020790441,0,0,-0.015608605
1773775641,TRUE,0.8749392,1773775641,312.97226,245.83052,38.781178,94.0233,1.5615247,313.0821,245.9045,3641.2686,0.999952058,0.0097364,1.561059767,-6.9179077,5.9044952,0.480957549,-1.561059767,0.004150745,-0.003542697,-0.020816252,0,0,-0.015610598
1773775641,TRUE,0.8875226,1773775641,313.0217,246.24611,38.664253,92.59679,1.5567604,313.06396,246.00699,3622.9436,0.99993689,0.011026111,1.559769967,-6.936035,6.0069885,0.475912271,-1.559769967,0.004161621,-0.003604193,-0.020597888,0,0,-0.0155977
1773775641,TRUE,0.8875226,1773775641,313.0217,246.24611,38.664253,92.59679,1.5567604,313.05127,246.07874,3610.1162,0.999926273,0.011928908,1.558867105,-6.9487305,6.0787354,0.472365369,-1.558867105,0.004169238,-0.003647241,-0.020444375,0,0,-0.015588671
1773775641,TRUE,0.8875226,1773775641,313.0217,246.24611,38.664253,92.59679,1.5567604,313.0424,246.12894,3601.137,0.99991884,0.012560867,1.558235101,-6.957611,6.128937,0.469875039,-1.558235101,0.004174567,-0.003677362,-0.020336592,0,0,-0.015582351
1773775641,TRUE,0.8875226,1773775641,313.0217,246.24611,38.664253,92.59679,1.5567604,313.0362,246.1641,3594.8516,0.999913638,0.013003237,1.557792699,-6.963806,6.164093,0.46812814,-1.557792699,0.004178284,-0.003698456,-0.020260984,0,0,-0.015577927
1773775641,TRUE,0.8875226,1773775641,313.0217,246.24611,38.664253,92.59679,1.5567604,313.03186,246.18869,3590.4517,0.999909996,0.013312897,1.557483018,-6.9681396,6.18869,0.466903425,-1.557483018,0.004180884,-0.003713214,-0.020207978,0,0,-0.01557483
1773775641,TRUE,0.8875226,1773775641,313.0217,246.24611,38.664253,92.59679,1.5567604,313.0288,246.2059,3587.3718,0.999907447,0.013529658,1.557266242,-6.9711914,6.205902,0.466045299,-1.557266242,0.004182715,-0.003723542,-0.020170837,0,0,-0.015572662
1773775641,TRUE,0.89220196,1773775641,313.05417,245.9288,38.8705,92.473495,1.5559818,313.0364,246.12277,3589.5073,0.999902293,0.01391497,1.556880896,-6.9635925,6.122772,0.466640391,-1.556880896,0.004178156,-0.003673664,-0.020196593,0,0,-0.015568809
1773775641,TRUE,0.89220196,1773775641,313.05417,245.9288,38.8705,92.473495,1.5559818,313.04175,246.06458,3591.0024,0.999898685,0.014184688,1.556611153,-6.958252,6.064575,0.467056849,-1.556611153,0.004174952,-0.003638745,-0.020214618,0,0,-0.015566112
1773775641,TRUE,0.89220196,1773775641,313.05417,245.9288,38.8705,92.473495,1.5559818,313.04547,246.02383,3592.0488,0.999896159,0.01437349,1.556422334,-6.954529,6.023834,0.467348162,-1.556422334,0.004172718,-0.003614301,-0.020227226,0,0,-0.015564223
1773775641,TRUE,0.89220196,1773775641,313.05417,245.9288,38.8705,92.473495,1.5559818,313.04807,245.99532,3592.7812,0.999894391,0.014505652,1.55629016,-6.951935,5.9953156,0.467552083,-1.55629016,0.004171161,-0.003597189,-0.020236052,0,0,-0.015562902
1773775641,TRUE,0.89220196,1773775641,313.05417,245.9288,38.8705,92.473495,1.5559818,313.0499,245.97536,3593.294,0.999893154,0.014598165,1.556197639,-6.9501038,5.975357,0.467694728,-1.556197639,0.004170063,-0.003585215,-0.020242226,0,0,-0.015561976
1773775641,TRUE,0.89074737,1773775641,312.89648,246.51082,38.63188,92.194046,1.5559951,313.00388,246.136,3583.7944,0.999892347,0.01465892,1.556136879,-6.9961243,6.1360016,0.46504755,-1.556136879,0.004197675,-0.003681601,-0.020127654,0,0,-0.015561369
1773775641,TRUE,0.89074737,1773775641,312.89648,246.51082,38.63188,92.194046,1.5559951,312.97165,246.24844,3577.145,0.999891782,0.014701448,1.556094347,-7.028351,6.2484436,0.463190475,-1.556094347,0.004217011,-0.003749066,-0.020047278,0,0,-0.015560943
1773775641,TRUE,0.89074737,1773775641,312.89648,246.51082,38.63188,92.194046,1.5559951,312.9491,246.32715,3572.4902,0.999891387,0.014731217,1.556064575,-7.0509033,6.3271484,0.46188834,-1.556064575,0.004230542,-0.003796289,-0.019990921,0,0,-0.015560646
1773775641,TRUE,0.89074737,1773775641,312.89648,246.51082,38.63188,92.194046,1.5559951,312.93332,246.38225,3569.232,0.99989111,0.014752056,1.556043735,-7.066681,6.382248,0.460975903,-1.556043735,0.004240009,-0.003829349,-0.019951429,0,0,-0.015560437
1773775641,TRUE,0.89074737,1773775641,312.89648,246.51082,38.63188,92.194046,1.5559951,312.92227,246.42082,3566.9512,0.999890916,0.014766643,1.556029146,-7.0777283,6.420822,0.460336656,-1.556029146,0.004246637,-0.003852493,-0.019923762,0,0,-0.015560291
1773775641,TRUE,0.8946709,1773775641,312.8845,246.5154,39.12537,92.81823,1.5564159,312.91095,246.44919,3586.33,0.999892622,0.014650625,1.556145177,-7.0890503,6.449188,0.465754878,-1.556145177,0.00425343,-0.003869513,-0.020158268,0,0,-0.015561452
1773775641,TRUE,0.8946709,1773775641,312.8845,246.5154,39.12537,92.81823,1.5564159,312.903,246.46906,3599.8953,0.999893817,0.014569412,1.556226399,-7.096985,6.469055,0.469530197,-1.556226399,0.004258191,-0.003881433,-0.020321667,0,0,-0.015562264
1773775641,TRUE,0.8946709,1773775641,312.8845,246.5154,39.12537,92.81823,1.5564159,312.89746,246.48296,3609.391,0.999894653,0.014512563,1.556283254,-7.102539,6.482956,0.472164509,-1.556283254,0.004261524,-0.003889774,-0.020435682,0,0,-0.015562833
1773775641,TRUE,0.8946709,1773775641,312.8845,246.5154,39.12537,92.81823,1.5564159,312.89355,246.49269,3616.038,0.999895238,0.014472769,1.556323052,-7.1064453,6.492691,0.474004415,-1.556323052,0.004263867,-0.003895615,-0.020515315,0,0,-0.015563231
1773775641,TRUE,0.8946709,1773775641,312.8845,246.5154,39.12537,92.81823,1.5564159,312.89084,246.4995,3620.691,0.999895648,0.014444913,1.556350911,-7.1091614,6.4994965,0.475290286,-1.556350911,0.004265497,-0.003899698,-0.020570968,0,0,-0.015563509
1773775641,TRUE,0.8920164,1773775641,312.79965,246.3167,38.826782,92.56957,1.5580481,312.8635,246.44467,3612.7373,0.999902576,0.013935795,1.556860076,-7.136505,6.4446716,0.473091162,-1.556860076,0.004281903,-0.003866803,-0.020475788,0,0,-0.015568601
1773775641,TRUE,0.8920164,1773775641,312.79965,246.3167,38.826782,92.56957,1.5580481,312.84433,246.40628,3607.1697,0.999907426,0.013579412,1.557216492,-7.15567,6.4062805,0.471548892,-1.557216492,0.004293402,-0.003843769,-0.020409037,0,0,-0.015572165
1773775641,TRUE,0.8920164,1773775641,312.79965,246.3167,38.826782,92.56957,1.5580481,312.83093,246.3794,3603.2725,0.999910821,0.013329944,1.557465983,-7.1690674,6.3793945,0.470467857,-1.557465983,0.00430144,-0.003827637,-0.020362249,0,0,-0.01557466
1773775641,TRUE,0.8920164,1773775641,312.79965,246.3167,38.826782,92.56957,1.5580481,312.82153,246.3606,3600.5444,0.999913198,0.013155317,1.557640627,-7.178467,6.3605957,0.469710495,-1.557640627,0.00430708,-0.003816358,-0.02032947,0,0,-0.015576406
1773775641,TRUE,0.8920164,1773775641,312.79965,246.3167,38.826782,92.56957,1.5580481,312.81497,246.34741,3598.6348,0.999914861,0.013033077,1.557762878,-7.185028,6.347412,0.469180016,-1.557762878,0.004311017,-0.003808447,-0.02030651,0,0,-0.015577629
1773775641,TRUE,0.8874427,1773775641,312.57236,246.23553,39.108322,93.07764,1.5585424,312.7422,246.31386,3611.0771,0.999917879,0.012799249,1.557996726,-7.2578125,6.313858,0.47263151,-1.557996726,0.004354688,-0.003788315,-0.020455894,0,0,-0.015579967
1773775641,TRUE,0.8874427,1773775641,312.57236,246.23553,39.108322,93.07764,1.5585424,312.69122,246.29036,3619.787,0.999919992,0.012635569,1.558160419,-7.308777,6.2903595,0.475040643,-1.558160419,0.004385267,-0.003774216,-0.020560163,0,0,-0.015581604
1773775641,TRUE,0.8874427,1773775641,312.57236,246.23553,39.108322,93.07764,1.5585424,312.65558,246.27391,3625.8838,0.999921471,0.012520993,1.558275005,-7.3444214,6.2739105,0.476723493,-1.558275005,0.004406653,-0.003764347,-0.020632999,0,0,-0.01558275
1773775641,TRUE,0.8874427,1773775641,312.57236,246.23553,39.108322,93.07764,1.5585424,312.6306,246.2624,3630.1519,0.999922506,0.01244079,1.558355215,-7.369385,6.2624054,0.477899953,-1.558355215,0.004421631,-0.003757444,-0.020683917,0,0,-0.015583552
1773775641,TRUE,0.8874427,1773775641,312.57236,246.23553,39.108322,93.07764,1.5585424,312.61316,246.25435,3633.1392,0.99992323,0.012384648,1.558411361,-7.386841,6.2543488,0.47872249,-1.558411361,0.004432105,-0.00375261,-0.020719517,0,0,-0.015584114
1773775641,TRUE,0.88604677,1773775641,312.47592,246.04889,38.710712,93.190125,1.5573152,312.572,246.1927,3625.434,0.999919001,0.01271346,1.558082522,-7.428009,6.1927032,0.47659945,-1.558082522,0.004456806,-0.003715622,-0.02062763,0,0,-0.015580825
1773775641,TRUE,0.88604677,1773775641,312.47592,246.04889,38.710712,93.190125,1.5573152,312.54315,246.14955,3620.0405,0.99991604,0.012943628,1.557852335,-7.456848,6.1495514,0.475110694,-1.557852335,0.004474109,-0.003689731,-0.020563195,0,0,-0.015578523
1773775641,TRUE,0.88604677,1773775641,312.47592,246.04889,38.710712,93.190125,1.5573152,312.52298,246.11935,3616.2651,0.999913967,0.013104746,1.557691203,-7.4770203,6.1193542,0.474067193,-1.557691203,0.004486213,-0.003671613,-0.020518032,0,0,-0.015576912
1773775641,TRUE,0.88604677,1773775641,312.47592,246.04889,38.710712,93.190125,1.5573152,312.50885,246.0982,3613.6223,0.999912517,0.013217529,1.557578411,-7.49115,6.0982056,0.473336094,-1.557578411,0.00449469,-0.003658924,-0.020486389,0,0,-0.015575784
1773775641,TRUE,0.88604677,1773775641,312.47592,246.04889,38.710712,93.190125,1.5573152,312.49896,246.0834,3611.7725,0.999911501,0.013296477,1.557499457,-7.5010376,6.0834045,0.472824103,-1.557499457,0.004500623,-0.003650043,-0.02046423,0,0,-0.015574995
1773775641,TRUE,0.87868655,1773775641,312.29654,245.85368,38.667603,94.018715,1.5581927,312.43823,246.0145,3618.8843,0.999914223,0.013088513,1.557707439,-7.5617676,6.014496,0.474791233,-1.557707439,0.004537061,-0.003608698,-0.020549369,0,0,-0.015577074
1773775641,TRUE,0.87868655,1773775641,312.29654,245.85368,38.667603,94.018715,1.5581927,312.39572,245.96625,3623.8625,0.999916129,0.012942938,1.557853026,-7.6042786,5.9662476,0.476165918,-1.557853026,0.004562568,-0.003579749,-0.020608866,0,0,-0.01557853
1773775641,TRUE,0.87868655,1773775641,312.29654,245.85368,38.667603,94.018715,1.5581927,312.36597,245.9325,3627.3474,0.999917463,0.012841035,1.557954937,-7.634033,5.932495,0.477127044,-1.557954937,0.00458042,-0.003559497,-0.020650465,0,0,-0.015579549
1773775641,TRUE,0.87868655,1773775641,312.29654,245.85368,38.667603,94.018715,1.5581927,312.34515,245.90884,3629.7866,0.999918397,0.012769704,1.558026275,-7.654846,5.908844,0.477799269,-1.558026275,0.004592908,-0.003545307,-0.020679559,0,0,-0.015580263
1773775642,TRUE,0.87868655,1773775641,312.29654,245.85368,38.667603,94.018715,1.5581927,312.33057,245.8923,3631.4941,0.999919051,0.012719772,1.558076212,-7.6694336,5.8923035,0.478269631,-1.558076212,0.00460166,-0.003535382,-0.020699917,0,0,-0.015580762
1773775642,TRUE,0.87868655,1773775641,312.29654,245.85368,38.667603,94.018715,1.5581927,312.32037,245.8807,3632.6895,0.999919508,0.012684819,1.558111167,-7.6796265,5.880707,0.478598694,-1.558111167,0.004607776,-0.003528424,-0.020714159,0,0,-0.015581112
1773775642,TRUE,0.88008994,1773775642,312.05878,245.949,39.031242,94.17075,1.5587391,312.24188,245.90118,3645.563,0.999921849,0.012496464,1.558299537,-7.7581177,5.901184,0.482136255,-1.558299537,0.004654871,-0.003540711,-0.020867268,0,0,-0.015582995
1773775642,TRUE,0.88008994,1773775642,312.05878,245.949,39.031242,94.17075,1.5587391,312.18695,245.91553,3654.5747,0.999923488,0.012364615,1.558431396,-7.8130493,5.9155273,0.484605159,-1.558431396,0.00468783,-0.003549317,-0.020974124,0,0,-0.015584314
1773775642,TRUE,0.88008994,1773775642,312.05878,245.949,39.031242,94.17075,1.5587391,312.1485,245.92557,3660.8828,0.999924635,0.012272321,1.558523697,-7.8515015,5.9255676,0.486329765,-1.558523697,0.004710901,-0.003555341,-0.021048766,0,0,-0.015585237
1773775642,TRUE,0.88008994,1773775642,312.05878,245.949,39.031242,94.17075,1.5587391,312.12158,245.93259,3665.2983,0.999925438,0.012207715,1.558588308,-7.878418,5.9325867,0.487535178,-1.558588308,0.004727051,-0.003559552,-0.021100938,0,0,-0.015585883
1773775642,TRUE,0.88008994,1773775642,312.05878,245.949,39.031242,94.17075,1.5587391,312.10275,245.9375,3668.3892,0.999926,0.012162491,1.558633535,-7.8972473,5.9375,0.488378067,-1.558633535,0.004738349,-0.0035625,-0.021137418,0,0,-0.015586335
1773775642,TRUE,0.86654454,1773775642,311.9177,245.80647,38.735863,94.20845,1.5552022,312.04724,245.8982,3662.646,0.999911725,0.013191779,1.557604149,-7.952759,5.8981934,0.486811299,-1.557604149,0.004771655,-0.003538916,-0.021069607,0,0,-0.015576041
1773775642,TRUE,0.86654454,1773775642,311.9177,245.80647,38.735863,94.20845,1.5552022,312.00836,245.87068,3658.6257,0.999901732,0.01391228,1.556883577,-7.991638,5.870682,0.485713055,-1.556883577,0.004794983,-0.003522409,-0.021022074,0,0,-0.015568836
1773775642,TRUE,0.86654454,1773775642,311.9177,245.80647,38.735863,94.20845,1.5552022,311.98117,245.85143,3655.8118,0.999894737,0.014416631,1.556379177,-8.018829,5.851425,0.484943595,-1.556379177,0.004811298,-0.003510855,-0.020988772,0,0,-0.015563792
1773775642,TRUE,0.86654454,1773775642,311.9177,245.80647,38.735863,94.20845,1.5552022,311.96213,245.83794,3653.8418,0.99988984,0.014769676,1.556026098,-8.037872,5.8379364,0.484404613,-1.556026098,0.004822724,-0.003502762,-0.020965444,0,0,-0.015560261
1773775642,TRUE,0.86654454,1773775642,311.9177,245.80647,38.735863,94.20845,1.5552022,311.9488,245.82849,3652.463,0.999886413,0.015016808,1.555778942,-8.0512085,5.828491,0.484027131,-1.555778942,0.004830726,-0.003497095,-0.020949106,0,0,-0.015557789
1773775642,TRUE,0.86777014,1773775642,311.59183,245.67549,38.712326,95.20331,1.5570147,311.8417,245.7826,3662.3862,0.999891999,0.014646122,1.556149671,-8.158295,5.782593,0.486740377,-1.556149671,0.004894977,-0.003469556,-0.021066538,0,0,-0.015561497
1773775642,TRUE,0.86777014,1773775642,311.59183,245.67549,38.712326,95.20331,1.5570147,311.76672,245.75046,3669.333,0.99989591,0.014386641,1.556409181,-8.233276,5.750458,0.488635373,-1.556409181,0.004939966,-0.003450275,-0.021148555,0,0,-0.015564092
1773775642,TRUE,0.86777014,1773775642,311.59183,245.67549,38.712326,95.20331,1.5570147,311.71426,245.72797,3674.1953,0.999898647,0.014205005,1.556590838,-8.285736,5.7279663,0.48995962,-1.556590838,0.004971442,-0.00343678,-0.021205869,0,0,-0.015565908
1773775642,TRUE,0.86777014,1773775642,311.59183,245.67549,38.712326,95.20331,1.5570147,311.67755,245.71222,3677.599,0.999900564,0.014077859,1.556717998,-8.322449,5.712219,0.490885551,-1.556717998,0.00499347,-0.003427332,-0.021245945,0,0,-0.01556718
1773775642,TRUE,0.86777014,1773775642,311.59183,245.67549,38.712326,95.20331,1.5570147,311.65186,245.7012,3679.982,0.999901905,0.013988858,1.556807009,-8.348145,5.7012024,0.49153328,-1.556807009,0.005008887,-0.003420722,-0.021273979,0,0,-0.01556807
1773775642,TRUE,0.86564934,1773775642,311.29147,246.05386,39.128212,94.83737,1.5574014,311.54373,245.807,3689.2324,0.99990442,0.013810553,1.556985332,-8.456268,5.807007,0.494043858,-1.556985332,0.005073761,-0.003484204,-0.021382639,0,0,-0.015569853
1773775642,TRUE,0.86564934,1773775642,311.29147,246.05386,39.128212,94.83737,1.5574014,311.46805,245.88106,3695.7078,0.999906181,0.013685739,1.557110158,-8.531952,5.8810577,0.495797513,-1.557110158,0.005119172,-0.003528635,-0.021458538,0,0,-0.015571102
1773775642,TRUE,0.86564934,1773775642,311.29147,246.05386,39.128212,94.83737,1.5574014,311.41507,245.9329,3700.2405,0.999907414,0.01359837,1.557197536,-8.58493,5.932907,0.497023266,-1.557197536,0.005150958,-0.003559745,-0.02151159,0,0,-0.015571975
1773775642,TRUE,0.86564934,1773775642,311.29147,246.05386,39.128212,94.83737,1.5574014,311.378,245.9692,3703.4133,0.999908276,0.013537211,1.557258701,-8.622009,5.9691925,0.49788037,-1.557258701,0.005173206,-0.003581516,-0.021548686,0,0,-0.015572587
1773775642,TRUE,0.86564934,1773775642,311.29147,246.05386,39.128212,94.83737,1.5574014,311.35202,245.9946,3705.6345,0.99990888,0.0134944,1.557301516,-8.64798,5.9945984,0.498479921,-1.557301516,0.005188788,-0.003596759,-0.021574635,0,0,-0.015573015
1773775642,TRUE,0.8752774,1773775642,311.39285,246.49301,39.099937,93.58882,1.5567956,311.36426,246.14412,3691.7393,0.999906814,0.013646162,1.557149741,-8.635742,6.1441193,0.494723128,-1.557149741,0.005181446,-0.003686472,-0.021412038,0,0,-0.015571497
1773775642,TRUE,0.8752774,1773775642,311.39285,246.49301,39.099937,93.58882,1.5567956,311.37283,246.2488,3682.0127,0.999905367,0.013752395,1.557043498,-8.627167,6.2487946,0.492084978,-1.557043498,0.0051763,-0.003749277,-0.021297857,0,0,-0.015570435
1773775642,TRUE,0.8752774,1773775642,311.39285,246.49301,39.099937,93.58882,1.5567956,311.37885,246.32207,3675.204,0.999904354,0.013826758,1.556969127,-8.621155,6.3220673,0.490234116,-1.556969127,0.005172693,-0.003793241,-0.02121775,0,0,-0.015569691
1773775642,TRUE,0.8752774,1773775642,311.39285,246.49301,39.099937,93.58882,1.5567956,311.38306,246.37335,3670.438,0.999903645,0.013878812,1.556917068,-8.616943,6.373352,0.488936406,-1.556917068,0.005170167,-0.003824011,-0.021161584,0,0,-0.015569171
1773775642,TRUE,0.8752774,1773775642,311.39285,246.49301,39.099937,93.58882,1.5567956,311.386,246.40926,3667.1018,0.999903149,0.01391525,1.556880627,-8.614014,6.409256,0.488027108,-1.556880627,0.005168409,-0.003845554,-0.021122229,0,0,-0.015568806
1773775642,TRUE,0.8752774,1773775642,311.39285,246.49301,39.099937,93.58882,1.5567956,311.38806,246.43439,3664.7664,0.999902802,0.013940757,1.556855118,-8.611938,6.434387,0.48738999,-1.556855118,0.005167163,-0.003860632,-0.021094654,0,0,-0.015568551
1773775642,TRUE,0.8752774,1773775642,311.39285,246.49301,39.099937,93.58882,1.5567956,311.3895,246.45198,3663.1316,0.999902559,0.013958612,1.556837262,-8.610504,6.4519806,0.486943825,-1.556837262,0.005166303,-0.003871189,-0.021075343,0,0,-0.015568373
1773775642,TRUE,0.8755552,1773775642,311.72983,246.33392,39.024643,93.739685,1.5594614,311.49158,246.41656,3661.6396,0.999912519,0.013171447,1.55762449,-8.508423,6.416565,0.486536448,-1.55762449,0.005105054,-0.003849939,-0.021057712,0,0,-0.015576245
1773775642,TRUE,0.8755552,1773775642,311.72983,246.33392,39.024643,93.739685,1.5594614,311.56305,246.39177,3660.5952,0.999919491,0.012620431,1.558175549,-8.436951,6.3917694,0.486251185,-1.558175549,0.005062171,-0.003835062,-0.021045365,0,0,-0.015581755
1773775642,TRUE,0.8755552,1773775642,311.72983,246.33392,39.024643,93.739685,1.5594614,311.6131,246.37442,3659.8638,0.999924372,0.012234721,1.558561291,-8.386902,6.37442,0.486051336,-1.558561291,0.005032141,-0.003824652,-0.021036716,0,0,-0.015585613
1773775642,TRUE,0.8755552,1773775642,311.72983,246.33392,39.024643,93.739685,1.5594614,311.64813,246.36227,3659.352,0.999927788,0.011964723,1.558831311,-8.351868,6.362274,0.485911505,-1.558831311,0.005011121,-0.003817365,-0.021030664,0,0,-0.015588313
1773775642,TRUE,0.8755552,1773775642,311.72983,246.33392,39.024643,93.739685,1.5594614,311.67264,246.35376,3658.9937,0.99993018,0.011775725,1.559020324,-8.327362,6.35376,0.485813605,-1.559020324,0.004996418,-0.003812256,-0.021026426,0,0,-0.015590203
1773775642,TRUE,0.8837024,1773775642,311.6335,246.1294,38.453064,93.28498,1.5564557,311.6609,246.28645,3637.4233,0.999920278,0.012545039,1.558250946,-8.339111,6.2864532,0.479901028,-1.558250946,0.005003467,-0.003771872,-0.020770525,0,0,-0.015582509
1773775642,TRUE,0.8837024,1773775642,311.6335,246.1294,38.453064,93.28498,1.5564557,311.65268,246.23933,3622.3242,0.999913348,0.013083558,1.557712381,-8.347321,6.239334,0.47574131,-1.557712381,0.005008393,-0.003743601,-0.020590489,0,0,-0.015577124
1773775642,TRUE,0.8837024,1773775642,311.6335,246.1294,38.453064,93.28498,1.5564557,311.64694,246.20636,3611.755,0.999908496,0.013460522,1.557335386,-8.353058,6.20636,0.4728192,-1.557335386,0.005011835,-0.003723816,-0.020464017,0,0,-0.015573354
1773775642,TRUE,0.8837024,1773775642,311.6335,246.1294,38.453064,93.28498,1.5564557,311.6429,246.18327,3604.3564,0.9999051,0.013724396,1.55707149,-8.357086,6.1832733,0.470768675,-1.55707149,0.005014252,-0.003709964,-0.020375269,0,0,-0.015570715
1773775642,TRUE,0.8837024,1773775642,311.6335,246.1294,38.453064,93.28498,1.5564557,311.6401,246.16711,3599.1777,0.999902722,0.013909109,1.556886762,-8.359894,6.1671143,0.469330854,-1.556886762,0.005015937,-0.003700269,-0.020313039,0,0,-0.015568868
1773775642,TRUE,0.87729686,1773775642,311.62775,246.44846,39.266853,93.67435,1.5572466,311.6364,246.25151,3622.9136,0.999904367,0.01380118,1.556994703,-8.363586,6.2515106,0.475903975,-1.556994703,0.005018152,-0.003750907,-0.020597529,0,0,-0.015569947
1773775642,TRUE,0.87729686,1773775642,311.62775,246.44846,39.266853,93.67435,1.5572466,311.63382,246.3106,3639.5288,0.999905518,0.01372563,1.557070262,-8.36618,6.3105927,0.480479676,-1.557070262,0.005019709,-0.003786356,-0.020795569,0,0,-0.015570703
1773775642,TRUE,0.87729686,1773775642,311.62775,246.44846,39.266853,93.67435,1.5572466,311.63202,246.35196,3651.1592,0.999906323,0.013672745,1.557123153,-8.367981,6.351959,0.483670159,-1.557123153,0.005020789,-0.003811176,-0.020933656,0,0,-0.015571232
1773775642,TRUE,0.87729686,1773775642,311.62775,246.44846,39.266853,93.67435,1.5572466,311.63074,246.3809,3659.3003,0.999906887,0.013635725,1.557160177,-8.369263,6.380905,0.485897426,-1.557160177,0.005021558,-0.003828543,-0.021030054,0,0,-0.015571602
1773775642,TRUE,0.87729686,1773775642,311.62775,246.44846,39.266853,93.67435,1.5572466,311.62982,246.40117,3664.9995,0.999907282,0.013609812,1.557186094,-8.370178,6.401169,0.487453618,-1.557186094,0.005022107,-0.003840701,-0.021097408,0,0,-0.015571861
1773775642,TRUE,0.88188666,1773775642,311.58896,246.67365,39.413803,93.13924,1.560354,311.61755,246.48291,3666.791,0.999918741,0.012659511,1.558136463,-8.382446,6.48291,0.487942368,-1.558136463,0.005029468,-0.003889746,-0.021118561,0,0,-0.015581365
1773775642,TRUE,0.88188666,1773775642,311.58896,246.67365,39.413803,93.13924,1.560354,311.60898,246.54013,3668.0452,0.999926763,0.0119943,1.558801723,-8.391022,6.5401306,0.488284285,-1.558801723,0.005034613,-0.003924079,-0.02113336,0,0,-0.015588017
1773775642,TRUE,0.88188666,1773775642,311.58896,246.67365,39.413803,93.13924,1.560354,311.60297,246.5802,3668.923,0.999932378,0.011528653,1.559267405,-8.397034,6.5802,0.488523624,-1.559267405,0.00503822,-0.00394812,-0.021143718,0,0,-0.015592674
1773775642,TRUE,0.88188666,1773775642,311.58896,246.67365,39.413803,93.13924,1.560354,311.59875,246.60825,3669.5376,0.999936308,0.0112027,1.559593382,-8.401245,6.608246,0.488691097,-1.559593382,0.005040747,-0.003964948,-0.021150967,0,0,-0.015595934
1773775642,TRUE,0.88188666,1773775642,311.58896,246.67365,39.413803,93.13924,1.560354,311.59583,246.62787,3669.9678,0.99993906,0.010974533,1.559821566,-8.404175,6.6278687,0.488808312,-1.559821566,0.005042505,-0.003976721,-0.02115604,0,0,-0.015598216
1773775642,TRUE,0.88188666,1773775642,311.58896,246.67365,39.413803,93.13924,1.560354,311.59378,246.6416,3670.2688,0.999940985,0.010814816,1.559981294,-8.4062195,6.6416016,0.488890347,-1.559981294,0.005043732,-0.003984961,-0.02115959,0,0,-0.015599813
1773775642,TRUE,0.8794999,1773775642,311.2825,246.34167,38.77565,92.76337,1.5587724,311.5004,246.55164,3648.2764,0.999937004,0.011177449,1.559618639,-8.499603,6.5516357,0.482880295,-1.559618639,0.005099762,-0.003930982,-0.02089947,0,0,-0.015596186
1773775642,TRUE,0.8794999,1773775642,311.2825,246.34167,38.77565,92.76337,1.5587724,311.43503,246.48865,3632.8813,0.999934217,0.011431292,1.559364781,-8.564972,6.4886475,0.478651509,-1.559364781,0.005138984,-0.003893189,-0.020716445,0,0,-0.015593648
1773775642,TRUE,0.8794999,1773775642,311.2825,246.34167,38.77565,92.76337,1.5587724,311.38928,246.44455,3622.105,0.999932266,0.011608982,1.55918708,-8.610718,6.4445496,0.475680785,-1.55918708,0.005166431,-0.00386673,-0.020587869,0,0,-0.015591871
1773775642,TRUE,0.8794999,1773775642,311.2825,246.34167,38.77565,92.76337,1.5587724,311.35724,246.4137,3614.5615,0.9999309,0.011733365,1.559062689,-8.642761,6.4136963,0.473595963,-1.559062689,0.005185657,-0.003848218,-0.020497636,0,0,-0.015590627
1773775642,TRUE,0.8794999,1773775642,311.2825,246.34167,38.77565,92.76337,1.5587724,311.3348,246.39209,3609.2812,0.999929945,0.011820433,1.558975616,-8.665192,6.39209,0.472134102,-1.558975616,0.005199115,-0.003835254,-0.020434366,0,0,-0.015589756
1773775642,TRUE,0.87625074,1773775642,311.32568,246.34811,38.12648,92.624115,1.5622668,311.33206,246.37889,3585.9263,0.999940048,0.010833122,1.559962979,-8.667938,6.378891,0.465642263,-1.559962979,0.005200763,-0.003827335,-0.020153394,0,0,-0.01559963
1773775642,TRUE,0.87625074,1773775642,311.32568,246.34811,38.12648,92.624115,1.5622668,311.33014,246.36966,3569.578,0.999947121,0.010142005,1.560654134,-8.669861,6.3696594,0.461072807,-1.560654134,0.005201917,-0.003821796,-0.019955624,0,0,-0.015606541
1773775642,TRUE,0.87625074,1773775642,311.32568,246.34811,38.12648,92.624115,1.5622668,311.3288,246.36319,3558.134,0.999952072,0.009658222,1.561137942,-8.671204,6.3631897,0.457861703,-1.561137942,0.005202722,-0.003817914,-0.019816644,0,0,-0.015611379
1773775642,TRUE,0.87625074,1773775642,311.32568,246.34811,38.12648,92.624115,1.5622668,311.32788,246.35866,3550.1233,0.999955538,0.009319575,1.561476608,-8.672119,6.358658,0.455607772,-1.561476608,0.005203272,-0.003815195,-0.019719092,0,0,-0.015614766
1773775642,TRUE,0.87625074,1773775642,311.32568,246.34811,38.12648,92.624115,1.5622668,311.3272,246.3555,3544.5156,0.999957964,0.009082521,1.561713673,-8.672791,6.3554993,0.454026924,-1.561713673,0.005203675,-0.0038133,-0.019650672,0,0,-0.015617137
1773775642,TRUE,0.8846029,1773775642,309.95795,246.33513,38.287437,93.229996,1.5664638,310.91644,246.3494,3552.0222,0.999967759,0.00765751,1.563138719,-9.083557,6.3493958,0.456142553,-1.563138719,0.005450135,-0.003809638,-0.019742238,0,0,-0.015631387
1773775642,TRUE,0.8846029,1773775642,309.95795,246.33513,38.287437,93.229996,1.5664638,310.6289,246.34512,3557.2769,0.999974616,0.006660003,1.564136253,-9.371094,6.3451233,0.457620796,-1.564136253,0.005622657,-0.003807074,-0.019806218,0,0,-0.015641363
1773775642,TRUE,0.8846029,1773775642,309.95795,246.33513,38.287437,93.229996,1.5664638,310.4276,246.34213,3560.955,0.999979415,0.005961748,1.564834527,-9.572388,6.3421326,0.458654237,-1.564834527,0.005743433,-0.00380528,-0.019850946,0,0,-0.015648345
1773775642,TRUE,0.8846029,1773775642,309.95795,246.33513,38.287437,93.229996,1.5664638,310.2867,246.34003,3563.5298,0.999982775,0.005472969,1.565323318,-9.713287,6.340027,0.459377019,-1.565323318,0.005827973,-0.003804016,-0.019882228,0,0,-0.015653233
1773775642,TRUE,0.8846029,1773775642,309.95795,246.33513,38.287437,93.229996,1.5664638,310.18808,246.33856,3565.332,0.999985127,0.005130824,1.565665472,-9.81192,6.338562,0.459882618,-1.565665472,0.005887152,-0.003803138,-0.019904111,0,0,-0.015656655
1773775642,TRUE,0.8784036,1773775642,309.9174,247.19048,38.137726,92.63286,1.5687503,310.10687,246.59415,3555.5745,0.999988961,0.004205396,1.56659091,-9.893127,6.5941467,0.457142052,-1.56659091,0.005935877,-0.003956488,-0.019785497,0,0,-0.015665909
1773775642,TRUE,0.8784036,1773775642,309.9174,247.19048,38.137726,92.63286,1.5687503,310.05005,246.77304,3548.7441,0.999991645,0.003557596,1.567238716,-9.949951,6.773041,0.455219184,-1.567238716,0.005969971,-0.004063825,-0.019702274,0,0,-0.015672387
1773775642,TRUE,0.8784036,1773775642,309.9174,247.19048,38.137726,92.63286,1.5687503,310.01025,246.89825,3543.963,0.999993523,0.003104136,1.567692181,-9.989746,6.8982544,0.453871034,-1.567692181,0.005993848,-0.004138953,-0.019643925,0,0,-0.015676922
1773775642,TRUE,0.8784036,1773775642,309.9174,247.19048,38.137726,92.63286,1.5687503,309.9824,246.98593,3540.616,0.999994838,0.002786714,1.568009605,-10.017609,6.9859314,0.452926163,-1.568009605,0.006010565,-0.004191559,-0.01960303,0,0,-0.015680096
1773775642,TRUE,0.8784036,1773775642,309.9174,247.19048,38.137726,92.63286,1.5687503,309.9629,247.0473,3538.2732,0.999995759,0.002564519,1.568231803,-10.037109,7.0473022,0.45226423,-1.568231803,0.006022266,-0.004228381,-0.019574381,0,0,-0.015682318
1773775642,TRUE,0.8784036,1773775642,309.9174,247.19048,38.137726,92.63286,1.5687503,309.94922,247.09024,3536.6333,0.999996403,0.002408982,1.568387341,-10.050781,7.0902405,0.451800668,-1.568387341,0.006030469,-0.004254145,-0.019554318,0,0,-0.015683873
1773775642,TRUE,0.8934396,1773775642,309.65237,247.35278,38.375023,93.160065,1.5658135,309.86017,247.169,3548.1492,0.999993758,0.003181117,1.567615201,-10.139832,7.1690063,0.455051531,-1.567615201,0.006083899,-0.004301404,-0.019695018,0,0,-0.015676152
1773775642,TRUE,0.8934396,1773775642,309.65237,247.35278,38.375023,93.160065,1.5658135,309.79782,247.22414,3556.2102,0.999991906,0.003721611,1.567074703,-10.202179,7.2241364,0.4573209,-1.567074703,0.006121308,-0.004334482,-0.019793238,0,0,-0.015670747
1773775642,TRUE,0.8934396,1773775642,309.65237,247.35278,38.375023,93.160065,1.5658135,309.75418,247.26274,3561.853,0.99999061,0.004099957,1.566696354,-10.245819,7.262741,0.458906347,-1.566696354,0.006147492,-0.004357645,-0.019861857,0,0,-0.015666964
1773775642,TRUE,0.8934396,1773775642,309.65237,247.35278,38.375023,93.160065,1.5658135,309.72363,247.28976,3565.803,0.999989703,0.0043648,1.56643151,-10.276367,7.2897644,0.460014697,-1.56643151,0.006165821,-0.004373859,-0.019909828,0,0,-0.015664315
1773775642,TRUE,0.8934396,1773775642,309.65237,247.35278,38.375023,93.160065,1.5658135,309.70224,247.30867,3568.5679,0.999989068,0.004550189,1.566246119,-10.29776,7.30867,0.460789811,-1.566246119,0.006178656,-0.004385202,-0.019943375,0,0,-0.015662461
1773775642,TRUE,0.90295297,1773775642,309.74454,246.85005,38.61814,93.58047,1.5644035,309.71494,247.17108,3582.1687,0.999986217,0.005102957,1.565693344,-10.285065,7.1710815,0.464593849,-1.565693344,0.006171039,-0.004302649,-0.020108017,0,0,-0.015656933
1773775642,TRUE,0.90295297,1773775642,309.74454,246.85005,38.61814,93.58047,1.5644035,309.72382,247.07477,3591.6892,0.999984222,0.005489895,1.565306401,-10.276184,7.074768,0.467248054,-1.565306401,0.006165711,-0.004244861,-0.020222893,0,0,-0.015653064
1773775642,TRUE,0.90295297,1773775642,309.74454,246.85005,38.61814,93.58047,1.5644035,309.73004,247.00735,3598.3535,0.999982825,0.005760751,1.56503554,-10.2699585,7.0073547,0.469101792,-1.56503554,0.006161975,-0.004204413,-0.020303125,0,0,-0.015650355
1773775642,TRUE,0.90295297,1773775642,309.74454,246.85005,38.61814,93.58047,1.5644035,309.73438,246.96017,3603.0186,0.999981848,0.005950351,1.564845938,-10.265625,6.9601746,0.470397404,-1.564845938,0.006159375,-0.004176105,-0.0203592,0,0,-0.015648459
1773775642,TRUE,0.90295297,1773775642,309.74454,246.85005,38.61814,93.58047,1.5644035,309.73743,246.92712,3606.2842,0.999981163,0.00608307,1.564713217,-10.262573,6.927124,0.471303372,-1.564713217,0.006157544,-0.004156275,-0.020398411,0,0,-0.015647132
1773775642,TRUE,0.8962961,1773775642,309.827,246.78557,38.30036,93.245834,1.5638947,309.76428,246.88466,3595.8037,0.999979669,0.006328606,1.564467676,-10.235718,6.884659,0.468392948,-1.564467676,0.006141431,-0.004130796,-0.020272445,0,0,-0.015644677
1773775642,TRUE,0.8962961,1773775642,309.827,246.78557,38.30036,93.245834,1.5638947,309.78308,246.85493,3588.4673,0.999978624,0.006500481,1.564295798,-10.216919,6.8549347,0.466350591,-1.564295798,0.006130152,-0.004112961,-0.020184051,0,0,-0.015642958
1773775642,TRUE,0.8962961,1773775642,309.827,246.78557,38.30036,93.245834,1.5638947,309.79626,246.83412,3583.3318,0.999977892,0.006620794,1.564175483,-10.203735,6.8341217,0.464918456,-1.564175483,0.006122242,-0.004100473,-0.020122067,0,0,-0.015641755
1773775642,TRUE,0.8962961,1773775642,309.827,246.78557,38.30036,93.245834,1.5638947,309.80548,246.81956,3579.737,0.99997738,0.006705013,1.564091263,-10.194519,6.819565,0.463914784,-1.564091263,0.006116712,-0.004091739,-0.020078627,0,0,-0.015640913
1773775642,TRUE,0.8962961,1773775642,309.827,246.78557,38.30036,93.245834,1.5638947,309.81195,246.80937,3577.2207,0.999977021,0.006763966,1.564032309,-10.188049,6.809372,0.463211629,-1.564032309,0.00611283,-0.004085623,-0.020048194,0,0,-0.015640323
1773775642,TRUE,0.8962961,1773775642,309.827,246.78557,38.30036,93.245834,1.5638947,309.81647,246.80223,3575.4592,0.99997677,0.006805233,1.563991041,-10.183533,6.802231,0.462719044,-1.563991041,0.00611012,-0.004081339,-0.020026874,0,0,-0.01563991
1773775642,TRUE,0.872222,1773775642,311.65546,248.44946,38.3621,89.962776,1.570088,310.36816,247.29642,3538.17,0.999983664,0.004976153,1.565820134,-9.631836,7.296417,0.452235031,-1.565820134,0.005779102,-0.00437785,-0.019573117,0,0,-0.015658201
1773775642,TRUE,0.872222,1773775642,311.65546,248.44946,38.3621,89.962776,1.570088,310.75433,247.64233,3512.0674,0.999988489,0.003695796,1.567100505,-9.2456665,7.642334,0.444830277,-1.567100505,0.0055474,-0.004585401,-0.019252633,0,0,-0.015671005
1773775642,TRUE,0.872222,1773775642,311.65546,248.44946,38.3621,89.962776,1.570088,311.02466,247.88446,3493.7954,0.999991867,0.002799547,1.567996765,-8.975342,7.8844604,0.439614116,-1.567996765,0.005385205,-0.004730676,-0.019026873,0,0,-0.015679968
1773775642,TRUE,0.872222,1773775642,311.65546,248.44946,38.3621,89.962776,1.570088,311.2139,248.05396,3481.005,0.999994232,0.002172172,1.568624146,-8.786102,8.053955,0.435946422,-1.568624146,0.005271662,-0.004832374,-0.018868132,0,0,-0.015686241
1773775642,TRUE,0.872222,1773775642,311.65546,248.44946,38.3621,89.962776,1.570088,311.34637,248.1726,3472.0518,0.999995887,0.00173301,1.569063312,-8.6536255,8.172607,0.43337118,-1.569063312,0.005192176,-0.004903565,-0.018756674,0,0,-0.015690633
1773775642,TRUE,0.8722687,1773775642,311.29803,248.81812,38.396248,90.33717,1.5710518,311.33188,248.36627,3471.0188,0.999997111,0.001136454,1.56965987,-8.668121,8.366272,0.433073585,-1.56965987,0.005200873,-0.005019764,-0.018743793,0,0,-0.015696599
1773775642,TRUE,0.8722687,1773775642,311.29803,248.81812,38.396248,90.33717,1.5710518,311.32172,248.50183,3470.2957,0.999997968,0.000718865,1.57007746,-8.678284,8.501831,0.432865216,-1.57007746,0.005206971,-0.005101099,-0.018734775,0,0,-0.015700775
1773775642,TRUE,0.8722687,1773775642,311.29803,248.81812,38.396248,90.33717,1.5710518,311.3146,248.59671,3469.7896,0.999998568,0.000426553,1.570369773,-8.685394,8.59671,0.432719371,-1.570369773,0.005211237,-0.005158026,-0.018728463,0,0,-0.015703698
1773775642,TRUE,0.8722687,1773775642,311.29803,248.81812,38.396248,90.33717,1.5710518,311.30963,248.66315,3469.435,0.999998988,0.000221934,1.570574392,-8.690369,8.663147,0.432617205,-1.570574392,0.005214221,-0.005197888,-0.018724041,0,0,-0.015705744
1773775642,TRUE,0.8722687,1773775642,311.29803,248.81812,38.396248,90.33717,1.5710518,311.30615,248.70963,3469.187,0.999999282,7.87E-05,1.570717626,-8.693848,8.709625,0.432545736,-1.570717626,0.005216309,-0.005225775,-0.018720948,0,0,-0.015707176
1773775642,TRUE,0.88044816,1773775642,309.89505,248.18527,38.41651,92.54148,1.5660107,310.8828,248.55232,3494.9673,0.999996062,0.001490769,1.569305553,-9.1171875,8.552322,0.439949466,-1.569305553,0.005470313,-0.005131394,-0.019041387,0,0,-0.015693056
1773775642,TRUE,0.88044816,1773775642,309.89505,248.18527,38.41651,92.54148,1.5660107,310.5865,248.4422,3513.0132,0.999993808,0.002479217,1.5683171,-9.413513,8.4422,0.445099569,-1.5683171,0.005648108,-0.00506532,-0.019264288,0,0,-0.015683171
1773775642,TRUE,0.88044816,1773775642,309.89505,248.18527,38.41651,92.54148,1.5660107,310.37906,248.36511,3525.6455,0.99999223,0.00317113,1.567625182,-9.620941,8.365112,0.448689001,-1.567625182,0.005772565,-0.005019068,-0.019419642,0,0,-0.015676252
1773775643,TRUE,0.88044816,1773775642,309.89505,248.18527,38.41651,92.54148,1.5660107,310.23386,248.31116,3534.4883,0.999991126,0.00365547,1.567140841,-9.766144,8.311157,0.451193944,-1.567140841,0.005859687,-0.004986695,-0.019528058,0,0,-0.015671408
1773775643,TRUE,0.88044816,1773775642,309.89505,248.18527,38.41651,92.54148,1.5660107,310.1322,248.27339,3540.6782,0.999990353,0.003994507,1.566801802,-9.867798,8.273392,0.452943746,-1.566801802,0.005920679,-0.004964036,-0.019603791,0,0,-0.015668018
1773775643,TRUE,0.8704868,1773775643,311.06607,249.23878,37.851463,90.32014,1.5711703,310.41235,248.563,3504.0996,0.999993226,0.002683954,1.568112361,-9.5876465,8.563004,0.442559001,-1.568112361,0.005752588,-0.005137803,-0.01915433,0,0,-0.015681124
1773775643,TRUE,0.8704868,1773775643,311.06607,249.23878,37.851463,90.32014,1.5711703,310.60846,248.76573,3478.4946,0.999995237,0.001766567,1.569029753,-9.391541,8.765732,0.435225091,-1.569029753,0.005634924,-0.005259439,-0.018836912,0,0,-0.015690298
1773775643,TRUE,0.8704868,1773775643,311.06607,249.23878,37.851463,90.32014,1.5711703,310.74573,248.90765,3460.5713,0.999996645,0.001124396,1.569671928,-9.254272,8.907654,0.430059107,-1.569671928,0.005552564,-0.005344593,-0.018613324,0,0,-0.015696719
1773775643,TRUE,0.8704868,1773775643,311.06607,249.23878,37.851463,90.32014,1.5711703,310.84183,249.00699,3448.025,0.999997631,0.000674876,1.570121449,-9.158173,9.006989,0.426427037,-1.570121449,0.005494904,-0.005404193,-0.018456125,0,0,-0.015701214
1773775643,TRUE,0.8704868,1773775643,311.06607,249.23878,37.851463,90.32014,1.5711703,310.90912,249.07652,3439.2422,0.99999832,0.000360212,1.570436114,-9.090881,9.076523,0.423876598,-1.570436114,0.005454529,-0.005445914,-0.01834574,0,0,-0.015704361
1773775643,TRUE,0.8704868,1773775643,311.06607,249.23878,37.851463,90.32014,1.5711703,310.9562,249.1252,3433.0942,0.999998803,0.000139948,1.570656379,-9.043793,9.125198,0.422087412,-1.570656379,0.005426276,-0.005475119,-0.018268303,0,0,-0.015706564
1773775643,TRUE,0.86877,1773775643,311.1901,249.27525,37.997246,90.972786,1.5711939,311.02637,249.17021,3440.1807,0.999999139,-2.13E-05,1.570817645,-8.973633,9.170212,0.424149407,-1.570817645,0.00538418,-0.005502127,-0.018357547,0,0,-0.015708176
1773775643,TRUE,0.86877,1773775643,311.1901,249.27525,37.997246,90.972786,1.5711939,311.0755,249.20172,3445.141,0.999999373,-0.000134205,1.570930532,-8.9244995,9.201721,0.425590309,-1.570930532,0.0053547,-0.005521033,-0.018419911,0,0,-0.015709305
1773775643,TRUE,0.86877,1773775643,311.1901,249.27525,37.997246,90.972786,1.5711939,311.1099,249.22379,3448.6133,0.999999538,-0.000213226,1.571009552,-8.890106,9.223785,0.426597613,-1.571009552,0.005334064,-0.005534272,-0.018463508,0,0,-0.015710096
1773775643,TRUE,0.86877,1773775643,311.1901,249.27525,37.997246,90.972786,1.5711939,311.13394,249.23923,3451.044,0.999999653,-0.00026854,1.571064867,-8.866058,9.239227,0.427302255,-1.571064867,0.005319635,-0.005543537,-0.018494005,0,0,-0.015710649
1773775643,TRUE,0.86877,1773775643,311.1901,249.27525,37.997246,90.972786,1.5711939,311.1508,249.25003,3452.7454,0.999999733,-0.00030726,1.571103587,-8.849213,9.2500305,0.427795107,-1.571103587,0.005309528,-0.005550019,-0.018515336,0,0,-0.015711036
1773775643,TRUE,0.8653225,1773775643,311.05222,249.14653,38.104153,91.02907,1.5697479,311.12122,249.219,3457.4973,0.999999648,9.94E-05,1.570696888,-8.878784,9.218994,0.429170467,-1.570696888,0.005327271,-0.005531397,-0.018574863,0,0,-0.015706969
1773775643,TRUE,0.8653225,1773775643,311.05222,249.14653,38.104153,91.02907,1.5697479,311.10052,249.19727,3460.8237,0.999999589,0.000384128,1.570412199,-8.899475,9.197266,0.430132072,-1.570412199,0.005339685,-0.00551836,-0.018616482,0,0,-0.015704122
1773775643,TRUE,0.8653225,1773775643,311.05222,249.14653,38.104153,91.02907,1.5697479,311.08603,249.18204,3463.1523,0.999999547,0.00058341,1.570212917,-8.913971,9.182037,0.430804707,-1.570212917,0.005348383,-0.005509223,-0.018645594,0,0,-0.015702129
1773775643,TRUE,0.8653225,1773775643,311.05222,249.14653,38.104153,91.02907,1.5697479,311.0759,249.17139,3464.7822,0.999999518,0.000722907,1.570073419,-8.924103,9.171387,0.431275237,-1.570073419,0.005354462,-0.005502832,-0.018665959,0,0,-0.015700734
1773775643,TRUE,0.8653225,1773775643,311.05222,249.14653,38.104153,91.02907,1.5697479,311.0688,249.16394,3465.923,0.999999498,0.000820556,1.569975771,-8.931213,9.16394,0.431604413,-1.569975771,0.005358728,-0.005498365,-0.018680206,0,0,-0.015699758
1773775643,TRUE,0.8389808,1773775643,311.0657,248.92479,39.484184,93.168564,1.5642273,311.06787,249.0922,3529.7517,0.999993176,0.00254507,1.568251245,-8.932129,9.092194,0.449852972,-1.568251245,0.005359278,-0.005455317,-0.01947002,0,0,-0.015682512
1773775643,TRUE,0.8389808,1773775643,311.0657,248.92479,39.484184,93.168564,1.5642273,311.06723,249.04196,3574.4316,0.99998875,0.00375223,1.567044072,-8.93277,9.041962,0.462431634,-1.567044072,0.005359662,-0.005425177,-0.020014435,0,0,-0.015670441
1773775643,TRUE,0.8389808,1773775643,311.0657,248.92479,39.484184,93.168564,1.5642273,311.06677,249.0068,3605.7075,0.999985653,0.004597242,1.566199051,-8.933228,9.006805,0.471143455,-1.566199051,0.005359937,-0.005404084,-0.02039149,0,0,-0.015661991
1773775643,TRUE,0.8389808,1773775643,311.0657,248.92479,39.484184,93.168564,1.5642273,311.06647,248.98221,3627.6006,0.999983484,0.005188751,1.565607537,-8.933533,8.982208,0.477196876,-1.565607537,0.00536012,-0.005389325,-0.020653487,0,0,-0.015656075
1773775643,TRUE,0.8389808,1773775643,311.0657,248.92479,39.484184,93.168564,1.5642273,311.06622,248.96497,3642.9258,0.999981966,0.005602807,1.565193478,-8.933777,8.964966,0.48141258,-1.565193478,0.005360266,-0.00537898,-0.020835946,0,0,-0.015651935
1773775643,TRUE,0.8348321,1773775643,311.281,248.87466,39.37893,93.20443,1.562773,311.13068,248.93787,3651.1353,0.99997772,0.00632894,1.56446733,-8.869324,8.937866,0.483663618,-1.56446733,0.005321594,-0.00536272,-0.020933373,0,0,-0.015644673
1773775643,TRUE,0.8348321,1773775643,311.281,248.87466,39.37893,93.20443,1.562773,311.17578,248.9189,3656.8818,0.999974748,0.006837233,1.563959027,-8.824219,8.9189,0.485236275,-1.563959027,0.005294532,-0.00535134,-0.021001439,0,0,-0.01563959
1773775643,TRUE,0.8348321,1773775643,311.281,248.87466,39.37893,93.20443,1.562773,311.20734,248.90562,3660.9043,0.999972668,0.007193039,1.563603215,-8.792664,8.905624,0.486335629,-1.563603215,0.005275598,-0.005343375,-0.02104902,0,0,-0.015636032
1773775643,TRUE,0.8348321,1773775643,311.281,248.87466,39.37893,93.20443,1.562773,311.22943,248.89633,3663.7202,0.999971211,0.007442103,1.563354147,-8.770569,8.896332,0.487104532,-1.563354147,0.005262341,-0.005337799,-0.021082299,0,0,-0.015633541
1773775643,TRUE,0.8348321,1773775643,311.281,248.87466,39.37893,93.20443,1.562773,311.2449,248.88983,3665.6912,0.999970192,0.007616447,1.5631798,-8.755096,8.889832,0.487642353,-1.5631798,0.005253058,-0.005333899,-0.021105576,0,0,-0.015631798
1773775643,TRUE,0.821763,1773775643,311.1174,248.85121,38.584366,91.86853,1.5642457,311.20667,248.87825,3629.3906,0.999972698,0.007296687,1.56349957,-8.793335,8.87825,0.47769022,-1.56349957,0.005276001,-0.005326951,-0.020674839,0,0,-0.015634996
1773775643,TRUE,0.821763,1773775643,311.1174,248.85121,38.584366,91.86853,1.5642457,311.17987,248.87013,3603.9802,0.999974452,0.007072855,1.56372341,-8.820129,8.870132,0.470664292,-1.56372341,0.005292078,-0.00532208,-0.020370751,0,0,-0.015637234
1773775643,TRUE,0.821763,1773775643,311.1174,248.85121,38.584366,91.86853,1.5642457,311.16113,248.86446,3586.1929,0.99997568,0.006916172,1.563880097,-8.838867,8.864456,0.465716568,-1.563880097,0.005303321,-0.005318674,-0.020156609,0,0,-0.015638801
1773775643,TRUE,0.821763,1773775643,311.1174,248.85121,38.584366,91.86853,1.5642457,311.148,248.86049,3573.7417,0.999976539,0.006806494,1.563989778,-8.85199,8.860489,0.462238605,-1.563989778,0.005311194,-0.005316294,-0.02000608,0,0,-0.015639898
1773775643,TRUE,0.821763,1773775643,311.1174,248.85121,38.584366,91.86853,1.5642457,311.13882,248.85771,3565.026,0.999977141,0.00672972,1.564066555,-8.861176,8.857712,0.459796738,-1.564066555,0.005316705,-0.005314627,-0.019900394,0,0,-0.015640666
1773775643,TRUE,0.821763,1773775643,311.1174,248.85121,38.584366,91.86853,1.5642457,311.1324,248.85576,3558.9248,0.999977562,0.006675977,1.564120299,-8.867615,8.855759,0.45808393,-1.564120299,0.005320569,-0.005313456,-0.019826262,0,0,-0.015641203
1773775643,TRUE,0.8419053,1773775643,310.0939,250.16682,38.536285,90.74047,1.5753086,310.82083,249.24908,3540.2876,0.999981239,0.003319518,1.567476758,-9.179169,9.249084,0.452833393,-1.567476758,0.005507501,-0.005549451,-0.019599015,0,0,-0.015674768
1773775643,TRUE,0.8419053,1773775643,310.0939,250.16682,38.536285,90.74047,1.5753086,310.60275,249.5244,3527.2415,0.999983814,0.000969997,1.569826314,-9.397247,9.524399,0.44914153,-1.569826314,0.005638349,-0.00571464,-0.019439228,0,0,-0.015698263
1773775643,TRUE,0.8419053,1773775643,310.0939,250.16682,38.536285,90.74047,1.5753086,310.4501,249.71713,3518.1094,0.999985615,-0.000674668,1.571471004,-9.549896,9.717133,0.446549138,-1.571471004,0.005729938,-0.00583028,-0.019327027,0,0,-0.01571471
1773775643,TRUE,0.8419053,1773775643,310.0939,250.16682,38.536285,90.74047,1.5753086,310.34323,249.85204,3511.7168,0.999986877,-0.001825933,1.572622282,-9.656769,9.8520355,0.444730487,-1.572622282,0.005794061,-0.005911222,-0.019248314,0,0,-0.015726223
1773775643,TRUE,0.8419053,1773775643,310.0939,250.16682,38.536285,90.74047,1.5753086,310.26843,249.94647,3507.242,0.99998776,-0.002631819,1.573428172,-9.731567,9.946472,0.443455415,-1.573428172,0.005838941,-0.005967883,-0.019193128,0,0,-0.015734282
1773775643,TRUE,0.7526379,1773775643,310.75235,250.77702,40.93455,94.033295,1.5666921,310.4136,250.19563,3609.8325,0.999988905,-0.000611013,1.571407346,-9.586395,10.195633,0.472286799,-1.571407346,0.005751838,-0.00611738,-0.020440975,0,0,-0.015714073
1773775643,TRUE,0.7526379,1773775643,310.75235,250.77702,40.93455,94.033295,1.5666921,310.51523,250.37006,3681.646,0.999989707,0.000803551,1.569992767,-9.484772,10.370056,0.491985348,-1.569992767,0.005690863,-0.006222034,-0.021293545,0,0,-0.015699928
1773775643,TRUE,0.7526379,1773775643,310.75235,250.77702,40.93455,94.033295,1.5666921,310.58636,250.49214,3731.9155,0.999990268,0.001793746,1.569002565,-9.413635,10.492142,0.505547053,-1.569002565,0.005648181,-0.006295285,-0.021880507,0,0,-0.015690026
1773775643,TRUE,0.7526379,1773775643,310.75235,250.77702,40.93455,94.033295,1.5666921,310.63617,250.5776,3767.104,0.999990661,0.002486883,1.568309426,-9.363831,10.577606,0.514931952,-1.568309426,0.005618298,-0.006346564,-0.022286693,0,0,-0.015683094
1773775643,TRUE,0.7526379,1773775643,310.75235,250.77702,40.93455,94.033295,1.5666921,310.67102,250.63744,3791.7358,0.999990936,0.002972078,1.56782423,-9.3289795,10.637436,0.521449381,-1.56782423,0.005597388,-0.006382462,-0.022568773,0,0,-0.015678242
1773775643,TRUE,0.866401,1773775643,308.06882,251.95177,40.983467,94.071304,1.5744201,309.89035,251.03174,3810.8257,0.999991685,0.000993327,1.569802992,-10.10965,11.031738,0.526471308,-1.569802992,0.00606579,-0.006619043,-0.022786126,0,0,-0.01569803
1773775643,TRUE,0.866401,1773775643,308.06882,251.95177,40.983467,94.071304,1.5744201,309.3439,251.30774,3824.1885,0.99999221,-0.000391799,1.571188129,-10.656097,11.307739,0.529971711,-1.571188129,0.006393659,-0.006784644,-0.022937627,0,0,-0.015711881
1773775643,TRUE,0.866401,1773775643,308.06882,251.95177,40.983467,94.071304,1.5744201,308.96136,251.50095,3833.5425,0.999992577,-0.001361387,1.572157723,-11.038635,11.500946,0.532414752,-1.572157723,0.006623182,-0.006900568,-0.023043364,0,0,-0.015721577
1773775643,TRUE,0.866401,1773775643,308.06882,251.95177,40.983467,94.071304,1.5744201,308.6936,251.6362,3840.0903,0.999992834,-0.002040099,1.572836438,-11.3063965,11.6362,0.534121315,-1.572836438,0.006783838,-0.00698172,-0.023117225,0,0,-0.015728364
1773775643,TRUE,0.866401,1773775643,308.06882,251.95177,40.983467,94.071304,1.5744201,308.50616,251.73087,3844.6738,0.999993014,-0.002515197,1.573311536,-11.493835,11.7308655,0.535314199,-1.573311536,0.006896302,-0.00703852,-0.023168854,0,0,-0.015733115
1773775643,TRUE,0.8830852,1773775643,307.45987,252.26588,41.53955,94.776634,1.5725129,308.19226,251.89139,3872.3652,0.999994668,-0.002275599,1.573071934,-11.807739,11.891388,0.542490909,-1.573071934,0.007084644,-0.007134833,-0.023479468,0,0,-0.015730719
1773775643,TRUE,0.8830852,1773775643,307.45987,252.26588,41.53955,94.776634,1.5725129,307.97253,252.00375,3891.749,0.999995826,-0.002107881,1.572904213,-12.027466,12.003754,0.547484101,-1.572904213,0.00721648,-0.007202253,-0.023695578,0,0,-0.015729042
1773775643,TRUE,0.8830852,1773775643,307.45987,252.26588,41.53955,94.776634,1.5725129,307.81873,252.0824,3905.3179,0.999996636,-0.001990478,1.572786809,-12.181274,12.082397,0.550964615,-1.572786809,0.007308765,-0.007249439,-0.023846218,0,0,-0.015727868
1773775643,TRUE,0.8830852,1773775643,307.45987,252.26588,41.53955,94.776634,1.5725129,307.71106,252.13745,3914.816,0.999997203,-0.001908296,1.572704625,-12.28894,12.137451,0.553393774,-1.572704625,0.007373365,-0.007282471,-0.023951354,0,0,-0.015727046
1773775643,TRUE,0.8830852,1773775643,307.45987,252.26588,41.53955,94.776634,1.5725129,307.63568,252.176,3921.4648,0.9999976,-0.001850768,1.572647097,-12.364319,12.175995,0.555090735,-1.572647097,0.007418592,-0.007305597,-0.0240248,0,0,-0.015726471
1773775643,TRUE,0.8830852,1773775643,307.45987,252.26588,41.53955,94.776634,1.5725129,307.58295,252.20297,3926.1191,0.999997878,-0.001810499,1.572606828,-12.417053,12.202972,0.556276856,-1.572606828,0.007450232,-0.007321784,-0.024076136,0,0,-0.015726068
1773775643,TRUE,0.86535877,1773775643,307.36847,252.89886,40.821968,96.15313,1.5669129,307.51862,252.41174,3925.8315,0.999996253,-0.000102321,1.570898648,-12.481384,12.411743,0.556203653,-1.570898648,0.007488831,-0.007447046,-0.024072968,0,0,-0.015708986
1773775643,TRUE,0.86535877,1773775643,307.36847,252.89886,40.821968,96.15313,1.5669129,307.47357,252.55788,3925.63,0.999995115,0.001093404,1.569702918,-12.526428,12.557877,0.556152251,-1.569702918,0.007515858,-0.007534727,-0.024070743,0,0,-0.015697029
1773775643,TRUE,0.86535877,1773775643,307.36847,252.89886,40.821968,96.15313,1.5669129,307.44202,252.66017,3925.4888,0.999994318,0.001930411,1.568865907,-12.557983,12.6601715,0.556116295,-1.568865907,0.00753479,-0.007596104,-0.024069187,0,0,-0.015688659
1773775643,TRUE,0.86535877,1773775643,307.36847,252.89886,40.821968,96.15313,1.5669129,307.41995,252.73178,3925.3901,0.999993761,0.002516316,1.568280001,-12.580048,12.731781,0.556091207,-1.568280001,0.007548029,-0.007639069,-0.024068101,0,0,-0.0156828
1773775643,TRUE,0.86535877,1773775643,307.36847,252.89886,40.821968,96.15313,1.5669129,307.4045,252.7819,3925.3208,0.99999337,0.002926449,1.567869866,-12.5954895,12.781906,0.556073501,-1.567869866,0.007557294,-0.007669144,-0.024067334,0,0,-0.015678699
1773775643,TRUE,0.8504,1773775643,308.64554,253.17503,40.671654,93.97757,1.5692387,307.77682,252.89984,3894.3916,0.999994995,0.002515814,1.568280506,-12.223175,12.899841,0.548162901,-1.568280506,0.007333905,-0.007739905,-0.023724957,0,0,-0.015682805
1773775643,TRUE,0.8504,1773775643,308.64554,253.17503,40.671654,93.97757,1.5692387,308.03745,252.9824,3872.741,0.999996133,0.002228369,1.568567953,-11.962555,12.982407,0.542587989,-1.568567953,0.007177533,-0.007789444,-0.02348367,0,0,-0.01568568
1773775643,TRUE,0.8504,1773775643,308.64554,253.17503,40.671654,93.97757,1.5692387,308.21988,253.04019,3857.5857,0.999996929,0.002027157,1.568769166,-11.780121,13.040192,0.538666982,-1.568769166,0.007068073,-0.007824115,-0.023313965,0,0,-0.015687692
1773775643,TRUE,0.8504,1773775643,308.64554,253.17503,40.671654,93.97757,1.5692387,308.34756,253.08064,3846.977,0.999997486,0.001886309,1.568910015,-11.652435,13.080643,0.535913073,-1.568910015,0.006991461,-0.007848386,-0.023194774,0,0,-0.0156891
1773775643,TRUE,0.8504,1773775643,308.64554,253.17503,40.671654,93.97757,1.5692387,308.43695,253.10896,3839.5508,0.999997876,0.001787715,1.56900861,-11.563049,13.108963,0.533980849,-1.56900861,0.00693783,-0.007865379,-0.023111146,0,0,-0.015690086
1773775643,TRUE,0.8107505,1773775643,310.41833,253.89062,41.1428,97.236565,1.5654093,309.03137,253.34346,3887.8608,0.999994161,0.0028675,1.567928818,-10.968628,13.34346,0.546484502,-1.567928818,0.006581177,-0.008006076,-0.023652314,0,0,-0.015679288
1773775643,TRUE,0.8107505,1773775643,310.41833,253.89062,41.1428,97.236565,1.5654093,309.44745,253.50761,3921.6777,0.999991559,0.003623349,1.567172963,-10.552551,13.507614,0.555144997,-1.567172963,0.006331531,-0.008104569,-0.024027148,0,0,-0.01567173
1773775643,TRUE,0.8107505,1773775643,310.41833,253.89062,41.1428,97.236565,1.5654093,309.7387,253.62251,3945.3496,0.999989739,0.004152444,1.566643864,-10.2612915,13.622513,0.561163017,-1.566643864,0.006156775,-0.008173508,-0.024287613,0,0,-0.015666439
1773775643,TRUE,0.8107505,1773775643,310.41833,253.89062,41.1428,97.236565,1.5654093,309.9426,253.70294,3961.92,0.999988464,0.00452281,1.566273495,-10.057404,13.702942,0.565354171,-1.566273495,0.006034442,-0.008221766,-0.02446901,0,0,-0.015662735
1773775643,TRUE,0.8107505,1773775643,310.41833,253.89062,41.1428,97.236565,1.5654093,310.08533,253.75925,3973.5195,0.999987572,0.004782067,1.566014237,-9.914673,13.759247,0.568277651,-1.566014237,0.005948804,-0.008255549,-0.02459554,0,0,-0.015660142
1773775643,TRUE,0.72117996,1773775643,311.4293,254.07869,40.178513,94.47023,1.5663683,310.48853,253.85507,3920.1655,0.999988359,0.004675838,1.566120469,-9.511475,13.855072,0.554759349,-1.566120469,0.005706885,-0.008313044,-0.024010457,0,0,-0.015661205
1773775643,TRUE,0.72117996,1773775643,311.4293,254.07869,40.178513,94.47023,1.5663683,310.77075,253.92215,3882.8179,0.99998891,0.004601478,1.56619483,-9.229248,13.92215,0.545186567,-1.56619483,0.005537549,-0.00835329,-0.023596139,0,0,-0.015661948
1773775643,TRUE,0.72117996,1773775643,311.4293,254.07869,40.178513,94.47023,1.5663683,310.96832,253.96912,3856.6743,0.999989296,0.004549426,1.566246884,-9.031677,13.969116,0.538430653,-1.566246884,0.005419007,-0.00838147,-0.023303737,0,0,-0.015662469
1773775643,TRUE,0.72117996,1773775643,311.4293,254.07869,40.178513,94.47023,1.5663683,311.10663,254.00198,3838.374,0.999989566,0.004512989,1.566283321,-8.893372,14.001984,0.533674271,-1.566283321,0.005336023,-0.008401191,-0.023097877,0,0,-0.015662833
1773775643,TRUE,0.72117996,1773775643,311.4293,254.07869,40.178513,94.47023,1.5663683,311.20343,254.025,3825.564,0.999989755,0.004487484,1.566308827,-8.79657,14.024994,0.530331334,-1.566308827,0.005277942,-0.008414997,-0.022953192,0,0,-0.015663088
1773775643,TRUE,0.72117996,1773775643,311.4293,254.07869,40.178513,94.47023,1.5663683,311.27118,254.0411,3816.5967,0.999989888,0.00446963,1.566326681,-8.728821,14.041107,0.527984512,-1.566326681,0.005237293,-0.008424665,-0.022851619,0,0,-0.015663267
1773775643,TRUE,0.71662027,1773775643,313.21625,254.01956,39.611927,94.11342,1.5672609,311.85468,254.03464,3790.022,0.999991046,0.004189378,1.566606935,-8.145325,14.034637,0.520997272,-1.566606935,0.004887195,-0.008420783,-0.022549205,0,0,-0.015666069
1773775643,TRUE,0.71662027,1773775643,313.21625,254.01956,39.611927,94.11342,1.5672609,312.26312,254.03012,3771.4194,0.999991858,0.003993202,1.566803113,-7.7368774,14.030121,0.516076857,-1.566803113,0.004642127,-0.008418073,-0.022336246,0,0,-0.015668031
1773775643,TRUE,0.71662027,1773775643,313.21625,254.01956,39.611927,94.11342,1.5672609,312.54907,254.02695,3758.398,0.999992425,0.003855879,1.566940438,-7.4509277,14.026947,0.512618211,-1.566940438,0.004470557,-0.008416168,-0.022186553,0,0,-0.015669404
1773775643,TRUE,0.71662027,1773775643,313.21625,254.01956,39.611927,94.11342,1.5672609,312.7492,254.02473,3749.2827,0.999992823,0.003759753,1.567036565,-7.2507935,14.0247345,0.510189965,-1.567036565,0.004350476,-0.008414841,-0.022081456,0,0,-0.015670366
1773775643,TRUE,0.71662027,1773775643,313.21625,254.01956,39.611927,94.11342,1.5672609,312.8893,254.02318,3742.9019,0.999993101,0.003692464,1.567103854,-7.1106873,14.023178,0.508486627,-1.567103854,0.004266413,-0.008413907,-0.022007734,0,0,-0.015671039
1773775643,TRUE,0.7670318,1773775643,313.59943,253.07553,41.23008,95.69743,1.5655477,313.10236,253.73889,3803.715,0.999991039,0.004159304,1.566637009,-6.897644,13.738892,0.524603703,-1.566637009,0.004138587,-0.008243335,-0.022705295,0,0,-0.01566637
1773775643,TRUE,0.7670318,1773775643,313.59943,253.07553,41.23008,95.69743,1.5655477,313.25146,253.53989,3846.2844,0.999989595,0.004486092,1.566310218,-6.748535,13.539886,0.535733023,-1.566310218,0.004049121,-0.008123932,-0.023186981,0,0,-0.015663102
1773775643,TRUE,0.7670318,1773775643,313.59943,253.07553,41.23008,95.69743,1.5655477,313.35583,253.40057,3876.083,0.999988584,0.004714844,1.566081464,-6.644165,13.400574,0.543450547,-1.566081464,0.003986499,-0.008040344,-0.023521002,0,0,-0.015660815
1773775643,TRUE,0.7670318,1773775643,313.59943,253.07553,41.23008,95.69743,1.5655477,313.4289,253.30307,3896.942,0.999987877,0.00487497,1.565921336,-6.571106,13.30307,0.548817552,-1.565921336,0.003942664,-0.007981842,-0.023753291,0,0,-0.015659213
1773775643,TRUE,0.7670318,1773775643,313.59943,253.07553,41.23008,95.69743,1.5655477,313.48004,253.2348,3911.5432,0.999987382,0.004987059,1.565809247,-6.5199585,13.234802,0.552557452,-1.565809247,0.003911975,-0.007940882,-0.023915157,0,0,-0.015658092
1773775643,TRUE,0.8326146,1773775643,313.41245,251.77007,44.094414,100.52961,1.5707246,313.45975,252.79538,4067.9187,0.999991166,0.003512457,1.567283853,-6.5402527,12.79538,0.591756959,-1.567283853,0.003924152,-0.007677228,-0.025611745,0,0,-0.015672839
1773775643,TRUE,0.8326146,1773775643,313.41245,251.77007,44.094414,100.52961,1.5707246,313.44556,252.48778,4177.3813,0.999993816,0.002480236,1.56831608,-6.5544434,12.487778,0.618310042,-1.56831608,0.003932666,-0.007492667,-0.026760985,0,0,-0.015683161
1773775643,TRUE,0.8326146,1773775643,313.41245,251.77007,44.094414,100.52961,1.5707246,313.4356,252.27246,4254.0054,0.99999567,0.001757681,1.56903864,-6.564392,12.272461,0.636486433,-1.56903864,0.003938635,-0.007363477,-0.027547675,0,0,-0.015690386
1773775643,TRUE,0.8326146,1773775643,313.41245,251.77007,44.094414,100.52961,1.5707246,313.42865,252.12173,4307.642,0.999996968,0.001251893,1.569544431,-6.57135,12.121735,0.649016107,-1.569544431,0.003942811,-0.007273041,-0.02808997,0,0,-0.015695444
1773775643,TRUE,0.8326146,1773775643,313.41245,251.77007,44.094414,100.52961,1.5707246,313.4238,252.01624,4345.1875,0.999997877,0.000897841,1.569898484,-6.5762024,12.016235,0.657694327,-1.569898484,0.003945722,-0.007209742,-0.02846557,0,0,-0.015698985
1773775643,TRUE,0.7002104,1773775643,311.97104,250.00461,43.502052,103.28585,1.566048,312.98798,251.41275,4389.575,0.999995132,0.002052974,1.568743346,-7.012024,11.41275,0.667857885,-1.568743346,0.004207214,-0.00684765,-0.028905458,0,0,-0.015687433
1773775643,TRUE,0.7002104,1773775643,311.97104,250.00461,43.502052,103.28585,1.566048,312.6829,250.99031,4420.6465,0.99999321,0.002861566,1.567934749,-7.317108,10.990311,0.674911396,-1.567934749,0.004390265,-0.006594187,-0.02921074,0,0,-0.015679347
1773775643,TRUE,0.7002104,1773775643,311.97104,250.00461,43.502052,103.28585,1.566048,312.46933,250.69461,4442.3965,0.999991865,0.003427581,1.567368731,-7.53067,10.694611,0.679819435,-1.567368731,0.004518402,-0.006416766,-0.029423164,0,0,-0.015673687
1773775643,TRUE,0.7002104,1773775643,311.97104,250.00461,43.502052,103.28585,1.566048,312.31985,250.48761,4457.6216,0.999990924,0.003823792,1.566972519,-7.6801453,10.48761,0.683240798,-1.566972519,0.004608087,-0.006292566,-0.029571243,0,0,-0.015669725
1773775643,TRUE,0.7002104,1773775643,311.97104,250.00461,43.502052,103.28585,1.566048,312.2152,250.34271,4468.279,0.999990265,0.004101139,1.566695171,-7.78479,10.342712,0.68562871,-1.566695171,0.004670874,-0.006205628,-0.029674594,0,0,-0.015666952
1773775643,TRUE,0.75420517,1773775643,312.48804,249.38046,44.258255,102.35458,1.5681771,312.29706,250.05405,4486.8057,0.999992156,0.003656563,1.567139751,-7.702942,10.054047,0.689766479,-1.567139751,0.004621766,-0.006032428,-0.02985368,0,0,-0.015671398
1773775643,TRUE,0.75420517,1773775643,312.48804,249.38046,44.258255,102.35458,1.5681771,312.35437,249.85196,4499.7744,0.99999348,0.00334536,1.567450957,-7.64563,9.851959,0.692652697,-1.567450957,0.004587378,-0.005911176,-0.029978598,0,0,-0.01567451
1773775643,TRUE,0.75420517,1773775643,312.48804,249.38046,44.258255,102.35458,1.5681771,312.39447,249.71051,4508.8525,0.999994407,0.003127518,1.567668801,-7.60553,9.71051,0.694668088,-1.567668801,0.004563318,-0.005826307,-0.03,0,0,-0.015676688
1773775643,TRUE,0.75420517,1773775643,312.48804,249.38046,44.258255,102.35458,1.5681771,312.42255,249.61148,4515.2075,0.999995056,0.002975029,1.567821292,-7.5774536,9.611481,0.696076626,-1.567821292,0.004546472,-0.005766889,-0.03,0,0,-0.015678213
1773775644,TRUE,0.75420517,1773775643,312.48804,249.38046,44.258255,102.35458,1.5681771,312.4422,249.54218,4519.656,0.99999551,0.002868286,1.567928036,-7.5578003,9.542175,0.697061258,-1.567928036,0.00453468,-0.005725306,-0.03,0,0,-0.01567928
1773775644,TRUE,0.73670906,1773775644,312.6651,247.98247,44.07653,99.62901,1.5635824,312.50906,249.07426,4481.1494,0.999989051,0.004171953,1.566624352,-7.4909363,9.074265,0.688505022,-1.566624352,0.004494562,-0.005444559,-0.029799083,0,0,-0.015666244
1773775644,TRUE,0.73670906,1773775644,312.6651,247.98247,44.07653,99.62901,1.5635824,312.55588,248.74673,4454.195,0.99998453,0.005084521,1.565711771,-7.4441223,8.746735,0.682471774,-1.565711771,0.004466474,-0.005248041,-0.029537959,0,0,-0.015657118
1773775644,TRUE,0.73670906,1773775644,312.6651,247.98247,44.07653,99.62901,1.5635824,312.58862,248.51746,4435.3267,0.999981365,0.005723318,1.565072965,-7.411377,8.517456,0.678226694,-1.565072965,0.004446826,-0.005110474,-0.029354229,0,0,-0.01565073
1773775644,TRUE,0.73670906,1773775644,312.6651,247.98247,44.07653,99.62901,1.5635824,312.61157,248.35696,4422.119,0.999979149,0.006170475,1.564625801,-7.3884277,8.356964,0.67524447,-1.564625801,0.004433057,-0.005014179,-0.029225155,0,0,-0.015646258
1773775644,TRUE,0.73670906,1773775644,312.6651,247.98247,44.07653,99.62901,1.5635824,312.62762,248.24461,4412.874,0.999977598,0.006483486,1.564312786,-7.3723755,8.244614,0.673151628,-1.564312786,0.004423426,-0.004946768,-0.029134575,0,0,-0.015643128
1773775644,TRUE,0.73670906,1773775644,312.6651,247.98247,44.07653,99.62901,1.5635824,312.63885,248.16597,4406.4023,0.999976513,0.006702593,1.564093676,-7.361145,8.16597,0.671683973,-1.564093676,0.004416687,-0.004899582,-0.029071054,0,0,-0.015640937
1773775644,TRUE,0.7886906,1773775644,313.14966,248.44711,43.56246,99.69196,1.5631359,312.7921,248.2503,4387.33,0.999974757,0.006989932,1.563806332,-7.2078857,8.250305,0.667346269,-1.563806332,0.004324732,-0.004950183,-0.028883315,0,0,-0.015638063
1773775644,TRUE,0.7886906,1773775644,313.14966,248.44711,43.56246,99.69196,1.5631359,312.89938,248.30934,4373.9795,0.999973527,0.007191069,1.563605191,-7.1006165,8.309341,0.664298672,-1.563605191,0.00426037,-0.004985605,-0.028751412,0,0,-0.015636052
1773775644,TRUE,0.7886906,1773775644,313.14966,248.44711,43.56246,99.69196,1.5631359,312.9745,248.35068,4364.634,0.999972667,0.007331865,1.563464392,-7.0255127,8.3506775,0.662159717,-1.563464392,0.004215308,-0.005010407,-0.028658836,0,0,-0.015634644
1773775644,TRUE,0.7886906,1773775644,313.14966,248.44711,43.56246,99.69196,1.5631359,313.02704,248.37961,4358.092,0.999972064,0.007430423,1.563365833,-6.9729614,8.379608,0.660659758,-1.563365833,0.004183777,-0.005027765,-0.028593917,0,0,-0.015633658
1773775644,TRUE,0.7886906,1773775644,313.14966,248.44711,43.56246,99.69196,1.5631359,313.06384,248.39986,4353.5127,0.999971643,0.007499413,1.563296842,-6.936157,8.399857,0.659608465,-1.563296842,0.004161695,-0.005039914,-0.028548416,0,0,-0.015632968
1773775644,TRUE,0.8118448,1773775644,313.671,248.48051,44.05989,100.442764,1.5631098,313.24597,248.42406,4375.108,0.999971287,0.007555538,1.563240716,-6.7540283,8.424057,0.664556612,-1.563240716,0.004052417,-0.005054434,-0.028762576,0,0,-0.015632407
1773775644,TRUE,0.8118448,1773775644,313.671,248.48051,44.05989,100.442764,1.5631098,313.37347,248.441,4390.2246,0.999971039,0.007594825,1.563201428,-6.626526,8.440994,0.668005811,-1.563201428,0.003975916,-0.005064597,-0.02891186,0,0,-0.015632014
1773775644,TRUE,0.8118448,1773775644,313.671,248.48051,44.05989,100.442764,1.5631098,313.46274,248.45285,4400.8066,0.999970865,0.007622326,1.563173926,-6.537262,8.45285,0.670413264,-1.563173926,0.003922357,-0.00507171,-0.029016057,0,0,-0.015631739
1773775644,TRUE,0.8118448,1773775644,313.671,248.48051,44.05989,100.442764,1.5631098,313.5252,248.46115,4408.214,0.999970743,0.007641577,1.563154675,-6.4747925,8.461151,0.672095009,-1.563154675,0.003884876,-0.005076691,-0.029088844,0,0,-0.015631547
1773775644,TRUE,0.8118448,1773775644,313.671,248.48051,44.05989,100.442764,1.5631098,313.56894,248.46696,4413.399,0.999970657,0.007655053,1.563141199,-6.431061,8.466965,0.673270562,-1.563141199,0.003858637,-0.005080179,-0.029139723,0,0,-0.015631412
1773775644,TRUE,0.82859534,1773775644,314.20966,248.06172,44.195156,99.956215,1.5666392,313.76117,248.3454,4414.6533,0.999976868,0.006605676,1.564190594,-6.2388306,8.345398,0.673554767,-1.564190594,0.003743299,-0.005007239,-0.029152024,0,0,-0.015641906
1773775644,TRUE,0.82859534,1773775644,314.20966,248.06172,44.195156,99.956215,1.5666392,313.89572,248.2603,4415.5312,0.999981215,0.005871112,1.564925172,-6.1042786,8.2603,0.673753572,-1.564925172,0.003662567,-0.00495618,-0.029160628,0,0,-0.015649252
1773775644,TRUE,0.82859534,1773775644,314.20966,248.06172,44.195156,99.956215,1.5666392,313.9899,248.20073,4416.146,0.999984258,0.005356917,1.565439376,-6.0101013,8.200729,0.673892791,-1.565439376,0.003606061,-0.004920438,-0.029166654,0,0,-0.015654394
1773775644,TRUE,0.82859534,1773775644,314.20966,248.06172,44.195156,99.956215,1.5666392,314.05582,248.15903,4416.576,0.999986389,0.004996981,1.565799319,-5.9441833,8.159027,0.67399019,-1.565799319,0.00356651,-0.004895417,-0.029170869,0,0,-0.015657993
1773775644,TRUE,0.82859534,1773775644,314.20966,248.06172,44.195156,99.956215,1.5666392,314.10196,248.12984,4416.8774,0.99998788,0.004745026,1.566051279,-5.898041,8.129837,0.674058418,-1.566051279,0.003538825,-0.004877903,-0.029173822,0,0,-0.015660513
1773775644,TRUE,0.83030707,1773775644,314.3439,248.0852,43.896446,99.58798,1.5622813,314.17456,248.11646,4403.2817,0.99998064,0.00587601,1.564920271,-5.8254395,8.116455,0.670975542,-1.564920271,0.003495264,-0.004869873,-0.029040393,0,0,-0.015649203
1773775644,TRUE,0.83030707,1773775644,314.3439,248.0852,43.896446,99.58798,1.5622813,314.22537,248.10709,4393.7646,0.999975572,0.006667699,1.564128564,-5.7746277,8.107086,0.668811871,-1.564128564,0.003464777,-0.004864252,-0.028946747,0,0,-0.015641286
1773775644,TRUE,0.83030707,1773775644,314.3439,248.0852,43.896446,99.58798,1.5622813,314.26093,248.10052,4387.103,0.999972025,0.007221881,1.563574369,-5.7390747,8.100525,0.667294524,-1.563574369,0.003443445,-0.004860315,-0.028881075,0,0,-0.015635744
1773775644,TRUE,0.83030707,1773775644,314.3439,248.0852,43.896446,99.58798,1.5622813,314.28583,248.09593,4382.44,0.999969541,0.007609809,1.563186433,-5.7141724,8.095932,0.666231083,-1.563186433,0.003428504,-0.004857559,-0.028835048,0,0,-0.015631864
1773775644,TRUE,0.83030707,1773775644,314.3439,248.0852,43.896446,99.58798,1.5622813,314.30325,248.09271,4379.176,0.999967803,0.007881358,1.562914878,-5.696747,8.092712,0.665485994,-1.562914878,0.003418048,-0.004855628,-0.0288028,0,0,-0.015629149
1773775644,TRUE,0.83794576,1773775644,314.41357,248.03264,43.769848,99.28175,1.5628699,314.33633,248.0747,4369.0874,0.999968038,0.007894852,1.562901387,-5.663666,8.074707,0.663179589,-1.562901387,0.0033982,-0.004844824,-0.028702977,0,0,-0.015629014
1773775644,TRUE,0.83794576,1773775644,314.41357,248.03264,43.769848,99.28175,1.5628699,314.3595,248.0621,4362.0254,0.999968202,0.007904297,1.562891943,-5.640503,8.062103,0.661561947,-1.562891943,0.003384302,-0.004837262,-0.028632964,0,0,-0.015628919
1773775644,TRUE,0.83794576,1773775644,314.41357,248.03264,43.769848,99.28175,1.5628699,314.37573,248.05325,4357.082,0.999968317,0.007910909,1.562885332,-5.6242676,8.053253,0.660428032,-1.562885332,0.003374561,-0.004831952,-0.028583887,0,0,-0.015628853
1773775644,TRUE,0.83794576,1773775644,314.41357,248.03264,43.769848,99.28175,1.5628699,314.3871,248.04706,4353.6216,0.999968398,0.007915538,1.562880704,-5.612915,8.047058,0.659633489,-1.562880704,0.003367749,-0.004828235,-0.028549499,0,0,-0.015628807
1773775644,TRUE,0.83794576,1773775644,314.41357,248.03264,43.769848,99.28175,1.5628699,314.39502,248.04272,4351.199,0.999968454,0.007918778,1.562877465,-5.6049805,8.042725,0.659076946,-1.562877465,0.003362988,-0.004825635,-0.028525411,0,0,-0.015628775
1773775644,TRUE,0.8409538,1773775644,314.02808,247.43633,44.498314,98.7128,1.5630487,314.28494,247.86081,4363.6055,0.999968914,0.007867403,1.562928842,-5.7150574,7.8608093,0.661924096,-1.562928842,0.003429035,-0.004716486,-0.028648638,0,0,-0.015629288
1773775644,TRUE,0.8409538,1773775644,314.02808,247.43633,44.498314,98.7128,1.5630487,314.2079,247.73346,4372.2896,0.999969236,0.007831441,1.562964805,-5.7921143,7.7334595,0.66391222,-1.562964805,0.003475269,-0.004640076,-0.028734686,0,0,-0.015629648
1773775644,TRUE,0.8409538,1773775644,314.02808,247.43633,44.498314,98.7128,1.5630487,314.15393,247.64432,4378.3687,0.999969462,0.007806267,1.56298998,-5.8460693,7.6443176,0.665301658,-1.56298998,0.003507642,-0.004586591,-0.028794822,0,0,-0.0156299
1773775644,TRUE,0.8409538,1773775644,314.02808,247.43633,44.498314,98.7128,1.5630487,314.11618,247.58191,4382.624,0.999969619,0.007788646,1.563007602,-5.8838196,7.581909,0.666273086,-1.563007602,0.003530292,-0.004549146,-0.028836866,0,0,-0.015630076
1773775644,TRUE,0.8409538,1773775644,314.02808,247.43633,44.498314,98.7128,1.5630487,314.08975,247.53824,4385.6025,0.99996973,0.007776311,1.563019937,-5.910248,7.5382385,0.666952488,-1.563019937,0.003546149,-0.004522943,-0.028866271,0,0,-0.015630199
1773775644,TRUE,0.8375914,1773775644,313.66858,247.30707,42.664368,96.94829,1.5635732,313.9634,247.46889,4310.793,0.999970985,0.007610324,1.563185929,-6.0365906,7.4688873,0.649747296,-1.563185929,0.003621955,-0.004481333,-0.028121616,0,0,-0.015631859
1773775644,TRUE,0.8375914,1773775644,313.66858,247.30707,42.664368,96.94829,1.5635732,313.87497,247.42035,4258.4263,0.999971864,0.007494134,1.563302122,-6.1250305,7.420349,0.637525126,-1.563302122,0.003675018,-0.00445221,-0.02759263,0,0,-0.015633021
1773775644,TRUE,0.8375914,1773775644,313.66858,247.30707,42.664368,96.94829,1.5635732,313.81305,247.38637,4221.7695,0.999972479,0.007412801,1.563383458,-6.1869507,7.386368,0.628879784,-1.563383458,0.003712171,-0.004431821,-0.027218452,0,0,-0.015633835
1773775644,TRUE,0.8375914,1773775644,313.66858,247.30707,42.664368,96.94829,1.5635732,313.7697,247.36258,4196.11,0.999972909,0.007355867,1.563440393,-6.2302856,7.3625793,0.62278334,-1.563440393,0.003738172,-0.004417548,-0.026954593,0,0,-0.015634404
1773775644,TRUE,0.8375914,1773775644,313.66858,247.30707,42.664368,96.94829,1.5635732,313.73938,247.34593,4178.148,0.99997321,0.007316014,1.563480247,-6.26062,7.345932,0.618493484,-1.563480247,0.003756372,-0.00440756,-0.026768924,0,0,-0.015634802
1773775644,TRUE,0.8375914,1773775644,313.66858,247.30707,42.664368,96.94829,1.5635732,313.71814,247.33427,4165.5747,0.999973421,0.007288117,1.563508146,-6.2818604,7.3342743,0.615479701,-1.563508146,0.003769117,-0.004400565,-0.026638485,0,0,-0.015635081
1773775644,TRUE,0.84870684,1773775644,313.47714,247.27443,42.498978,96.73129,1.5626913,313.64584,247.31631,4149.197,0.999971541,0.007533154,1.563263101,-6.3541565,7.3163147,0.611540233,-1.563263101,0.003812494,-0.004389789,-0.026467982,0,0,-0.015632631
1773775644,TRUE,0.84870684,1773775644,313.47714,247.27443,42.498978,96.73129,1.5626913,313.59525,247.30374,4137.732,0.999970225,0.00770468,1.56309157,-6.4047546,7.3037415,0.608773263,-1.56309157,0.003842853,-0.004382245,-0.026348225,0,0,-0.015630916
1773775644,TRUE,0.84870684,1773775644,313.47714,247.27443,42.498978,96.73129,1.5626913,313.5598,247.29495,4129.7065,0.999969304,0.007824748,1.562971498,-6.4401855,7.2949524,0.606831787,-1.562971498,0.003864112,-0.004376972,-0.026264196,0,0,-0.015629715
1773775644,TRUE,0.84870684,1773775644,313.47714,247.27443,42.498978,96.73129,1.5626913,313.535,247.28879,4124.089,0.999968659,0.007908796,1.562887448,-6.4649963,7.288788,0.605470546,-1.562887448,0.003878998,-0.004373273,-0.026205281,0,0,-0.015628874
1773775644,TRUE,0.84870684,1773775644,313.47714,247.27443,42.498978,96.73129,1.5626913,313.51764,247.28448,4120.1562,0.999968208,0.007967629,1.562828613,-6.482361,7.284485,0.604516541,-1.562828613,0.003889417,-0.004370691,-0.02616399,0,0,-0.015628286
1773775644,TRUE,0.84133905,1773775644,313.198,247.12979,42.09522,96.84744,1.563933,313.42175,247.23807,4107.154,0.99997068,0.007636318,1.563159934,-6.578247,7.2380676,0.601355744,-1.563159934,0.003946948,-0.004342841,-0.026027188,0,0,-0.015631599
1773775644,TRUE,0.84133905,1773775644,313.198,247.12979,42.09522,96.84744,1.563933,313.3546,247.2056,4098.052,0.99997241,0.0074044,1.563391858,-6.6453857,7.205597,0.599137128,-1.563391858,0.003987232,-0.004323358,-0.025931165,0,0,-0.015633919
1773775644,TRUE,0.84133905,1773775644,313.198,247.12979,42.09522,96.84744,1.563933,313.30762,247.18286,4091.6807,0.999973621,0.007242057,1.563554205,-6.692383,7.1828613,0.597581228,-1.563554205,0.00401543,-0.004309717,-0.025863824,0,0,-0.015635542
1773775644,TRUE,0.84133905,1773775644,313.198,247.12979,42.09522,96.84744,1.563933,313.27472,247.16693,4087.2207,0.999974469,0.007128418,1.563667848,-6.725281,7.166931,0.596490663,-1.563667848,0.004035169,-0.004300159,-0.025816624,0,0,-0.015636678
1773775644,TRUE,0.84133905,1773775644,313.198,247.12979,42.09522,96.84744,1.563933,313.2517,247.15579,4084.0986,0.999975063,0.00704887,1.563747398,-6.748291,7.155792,0.595726493,-1.563747398,0.004048975,-0.004293476,-0.02578355,0,0,-0.015637474
1773775644,TRUE,0.8510923,1773775644,312.80917,246.80177,43.07808,97.699005,1.5626396,313.11896,247.04959,4121.4746,0.999972564,0.007381201,1.563415057,-6.8810425,7.049591,0.604836467,-1.563415057,0.004128626,-0.004229755,-0.026177837,0,0,-0.015634151
1773775644,TRUE,0.8510923,1773775644,312.80917,246.80177,43.07808,97.699005,1.5626396,313.02603,246.97525,4147.6377,0.999970815,0.007613834,1.563182418,-6.9739685,6.9752502,0.611164348,-1.563182418,0.004184381,-0.00418515,-0.026451713,0,0,-0.015631824
1773775644,TRUE,0.8510923,1773775644,312.80917,246.80177,43.07808,97.699005,1.5626396,312.961,246.92322,4165.952,0.999969591,0.007776676,1.563019571,-7.0390015,6.923218,0.61557027,-1.563019571,0.004223401,-0.004153931,-0.026642405,0,0,-0.015630196
1773775644,TRUE,0.8510923,1773775644,312.80917,246.80177,43.07808,97.699005,1.5626396,312.91547,246.88678,4178.7725,0.999968734,0.007890666,1.562905578,-7.0845337,6.88678,0.618642988,-1.562905578,0.004250721,-0.004132068,-0.026775395,0,0,-0.015629056
1773775644,TRUE,0.8510923,1773775644,312.80917,246.80177,43.07808,97.699005,1.5626396,312.88358,246.86127,4187.746,0.999968134,0.007970459,1.562825783,-7.1164246,6.861267,0.620788102,-1.562825783,0.004269855,-0.004116761,-0.026868237,0,0,-0.015628258
1773775644,TRUE,0.8510923,1773775644,312.80917,246.80177,43.07808,97.699005,1.5626396,312.86127,246.84341,4194.028,0.999967714,0.008026314,1.562769926,-7.138733,6.8434143,0.622287031,-1.562769926,0.00428324,-0.004106049,-0.026933112,0,0,-0.015627699
1773775644,TRUE,0.8490087,1773775644,312.21817,246.5473,44.054024,100.34206,1.561902,312.66833,246.75458,4261.961,0.999965534,0.008286669,1.562509562,-7.331665,6.7545776,0.638354801,-1.562509562,0.004398999,-0.004052747,-0.027628539,0,0,-0.015625096
1773775644,TRUE,0.8490087,1773775644,312.21817,246.5473,44.054024,100.34206,1.561902,312.53326,246.69238,4309.5137,0.999964007,0.008468917,1.562327307,-7.466736,6.692383,0.649450513,-1.562327307,0.004480042,-0.00401543,-0.028108771,0,0,-0.015623273
1773775644,TRUE,0.8490087,1773775644,312.21817,246.5473,44.054024,100.34206,1.561902,312.43872,246.64886,4342.801,0.999962939,0.008596491,1.562199729,-7.5612793,6.6488647,0.657144921,-1.562199729,0.004536768,-0.003989319,-0.028441792,0,0,-0.015621997
1773775644,TRUE,0.8490087,1773775644,312.21817,246.5473,44.054024,100.34206,1.561902,312.37256,246.61841,4366.1016,0.999962191,0.008685793,1.562110424,-7.6274414,6.618408,0.662495959,-1.562110424,0.004576465,-0.003971045,-0.028673389,0,0,-0.015621104
1773775644,TRUE,0.8490087,1773775644,312.21817,246.5473,44.054024,100.34206,1.561902,312.32623,246.59708,4382.412,0.999961668,0.008748304,1.562047911,-7.673767,6.5970764,0.666224715,-1.562047911,0.00460426,-0.003958246,-0.028834773,0,0,-0.015620479
1773775644,TRUE,0.8490087,1773775644,312.21817,246.5473,44.054024,100.34206,1.561902,312.29382,246.58215,4393.83,0.999961301,0.008792062,1.562004151,-7.7061768,6.5821533,0.668826712,-1.562004151,0.004623707,-0.003949292,-0.028947389,0,0,-0.015620042
1773775644,TRUE,0.85516024,1773775644,311.59363,245.96088,43.483955,96.28513,1.570448,312.08374,246.39577,4331.7383,0.999972893,0.006258929,1.56453731,-7.91626,6.395767,0.654594331,-1.56453731,0.004749756,-0.00383746,-0.0283314,0,0,-0.015645373
1773775644,TRUE,0.85516024,1773775644,311.59363,245.96088,43.483955,96.28513,1.570448,311.9367,246.2653,4288.2744,0.999981007,0.004485736,1.566310536,-8.063293,6.2653046,0.64450984,-1.566310536,0.004837976,-0.003759183,-0.027894934,0,0,-0.015663105
1773775644,TRUE,0.85516024,1773775644,311.59363,245.96088,43.483955,96.28513,1.570448,311.8338,246.17398,4257.8496,0.999986686,0.003244501,1.567551794,-8.166199,6.1739807,0.6373897,-1.567551794,0.004899719,-0.003704389,-0.027586769,0,0,-0.015675518
1773775644,TRUE,0.85516024,1773775644,311.59363,245.96088,43.483955,96.28513,1.570448,311.76175,246.11005,4236.5522,0.999990662,0.002375636,1.568420673,-8.238251,6.1100464,0.632375246,-1.568420673,0.004942951,-0.003666028,-0.027369739,0,0,-0.015684207
1773775644,TRUE,0.85516024,1773775644,311.59363,245.96088,43.483955,96.28513,1.570448,311.7113,246.06529,4221.644,0.999993445,0.001767431,1.569028886,-8.288696,6.0652924,0.628850101,-1.569028886,0.004973218,-0.003639176,-0.027217168,0,0,-0.015690289
1773775644,TRUE,0.85516024,1773775644,311.59363,245.96088,43.483955,96.28513,1.570448,311.676,246.03397,4211.2085,0.999995394,0.001341688,1.569454634,-8.324005,6.033966,0.626375078,-1.569454634,0.004994403,-0.00362038,-0.027110047,0,0,-0.015694546
1773775644,TRUE,0.8572127,1773775644,311.96454,245.94603,44.477108,96.52991,1.5713314,311.76254,246.00758,4235.8574,0.999996733,0.000778665,1.57001766,-8.237457,6.0075836,0.632211184,-1.57001766,0.004942474,-0.00360455,-0.027362638,0,0,-0.015700177
1773775644,TRUE,0.8572127,1773775644,311.96454,245.94603,44.477108,96.52991,1.5713314,311.82315,245.98912,4253.1113,0.99999767,0.000384549,1.570411777,-8.176849,5.9891205,0.63627623,-1.570411777,0.00490611,-0.003593473,-0.027538577,0,0,-0.015704118
1773775644,TRUE,0.8572127,1773775644,311.96454,245.94603,44.477108,96.52991,1.5713314,311.86557,245.9762,4265.1895,0.999998326,0.000108668,1.570687659,-8.13443,5.9761963,0.639112069,-1.570687659,0.004880658,-0.003585718,-0.027661314,0,0,-0.015706877
1773775644,TRUE,0.8572127,1773775644,311.96454,245.94603,44.477108,96.52991,1.5713314,311.89526,245.96715,4273.644,0.999998785,-8.44E-05,1.570880776,-8.104736,5.967148,0.641092338,-1.570880776,0.004862842,-0.003580289,-0.027747022,0,0,-0.015708808
1773775644,TRUE,0.8572127,1773775644,311.96454,245.94603,44.477108,96.52991,1.5713314,311.91605,245.96082,4279.562,0.999999107,-0.000219631,1.571015958,-8.083954,5.9608154,0.642476078,-1.571015958,0.004850373,-0.003576489,-0.027806912,0,0,-0.01571016
1773775644,TRUE,0.816117,1773775644,309.6948,244.72556,44.028973,98.793686,1.5720549,311.24966,245.59024,4300.629,0.999999137,-0.000531302,1.57132763,-8.750336,5.5902405,0.647386728,-1.57132763,0.005250202,-0.003354145,-0.028019449,0,0,-0.015713276
1773775644,TRUE,0.816117,1773775644,309.6948,244.72556,44.028973,98.793686,1.5720549,310.7832,245.33084,4315.3755,0.999999158,-0.000749472,1.5715458,-9.216797,5.330841,0.650809748,-1.5715458,0.005530078,-0.003198505,-0.0281676,0,0,-0.015715458
1773775644,TRUE,0.816117,1773775644,309.6948,244.72556,44.028973,98.793686,1.5720549,310.45667,245.14926,4325.698,0.999999173,-0.000902191,1.571698519,-9.543335,5.1492615,0.653198983,-1.571698519,0.005726001,-0.003089557,-0.028271008,0,0,-0.015716985
1773775644,TRUE,0.816117,1773775644,309.6948,244.72556,44.028973,98.793686,1.5720549,310.2281,245.02216,4332.9243,0.999999184,-0.001009095,1.571805422,-9.771912,5.022156,0.654868102,-1.571805422,0.005863147,-0.003013294,-0.028343249,0,0,-0.015718054
1773775644,TRUE,0.816117,1773775644,309.6948,244.72556,44.028973,98.793686,1.5720549,310.06808,244.93317,4337.9824,0.999999191,-0.001083927,1.571880254,-9.931915,4.9331665,0.65603481,-1.571880254,0.00595915,-0.0029599,-0.028393745,0,0,-0.015718803
1773775644,TRUE,0.8422839,1773775644,306.21515,245.18886,46.925385,101.12204,1.566841,308.9122,245.00989,4460.1445,0.999997087,0.000427844,1.570368481,-11.087799,5.0098877,0.68380662,-1.570368481,0.00665268,-0.003005933,-0.029595733,0,0,-0.015703685
1773775644,TRUE,0.8422839,1773775644,306.21515,245.18886,46.925385,101.12204,1.566841,308.1031,245.06357,4545.658,0.999995614,0.001486084,1.569310237,-11.896912,5.063568,0.702798018,-1.569310237,0.007138148,-0.003038141,-0.03,0,0,-0.015693102
1773775644,TRUE,0.8422839,1773775644,306.21515,245.18886,46.925385,101.12204,1.566841,307.5367,245.10117,4605.5176,0.999994583,0.002226852,1.568569467,-12.463287,5.101166,0.715880493,-1.568569467,0.007477973,-0.0030607,-0.03,0,0,-0.015685695
1773775644,TRUE,0.8422839,1773775644,306.21515,245.18886,46.925385,101.12204,1.566841,307.14026,245.12747,4647.4194,0.999993862,0.002745389,1.568050928,-12.859741,5.127472,0.724937538,-1.568050928,0.007715845,-0.003076483,-0.03,0,0,-0.015680509
1773775644,TRUE,0.8422839,1773775644,306.21515,245.18886,46.925385,101.12204,1.566841,306.86273,245.1459,4676.751,0.999993356,0.003108366,1.567687951,-13.137268,5.1459045,0.731229104,-1.567687951,0.007882361,-0.003087543,-0.03,0,0,-0.01567688
1773775644,TRUE,0.86278707,1773775644,305.10797,245.9944,45.30474,102.0918,1.5651987,306.3363,245.40045,4661.2983,0.999990649,0.003855147,1.566941163,-13.663696,5.4004517,0.727919495,-1.566941163,0.008198218,-0.003240271,-0.03,0,0,-0.015669412
1773775644,TRUE,0.86278707,1773775644,305.10797,245.9944,45.30474,102.0918,1.5651987,305.9678,245.57864,4650.4814,0.999988755,0.004377894,1.566418411,-14.032196,5.578644,0.725596245,-1.566418411,0.008419318,-0.003347186,-0.03,0,0,-0.015664184
1773775644,TRUE,0.86278707,1773775644,305.10797,245.9944,45.30474,102.0918,1.5651987,305.70984,245.70337,4642.9097,0.999987428,0.004743817,1.566052485,-14.290161,5.703369,0.723966695,-1.566052485,0.008574097,-0.003422022,-0.03,0,0,-0.015660525
1773775644,TRUE,0.86278707,1773775644,305.10797,245.9944,45.30474,102.0918,1.5651987,305.5293,245.79068,4637.6094,0.9999865,0.004999963,1.565796338,-14.470703,5.79068,0.722824463,-1.565796338,0.008682422,-0.003474408,-0.03,0,0,-0.015657963
1773775644,TRUE,0.86278707,1773775644,305.10797,245.9944,45.30474,102.0918,1.5651987,305.4029,245.85179,4633.8994,0.99998585,0.005179266,1.565617034,-14.597107,5.8517914,0.722024146,-1.565617034,0.008758265,-0.003511075,-0.03,0,0,-0.01565617
1773775644,TRUE,0.843501,1773775644,304.57745,245.79321,45.60868,102.55071,1.5646803,305.15527,245.83423,4646.8906,0.999984484,0.005460271,1.565336025,-14.844727,5.8342285,0.724823784,-1.565336025,0.008906837,-0.003500537,-0.03,0,0,-0.01565336
1773775644,TRUE,0.843501,1773775644,304.57745,245.79321,45.60868,102.55071,1.5646803,304.98193,245.82193,4655.9844,0.999983528,0.005656975,1.565139319,-15.018066,5.82193,0.726778774,-1.565139319,0.00901084,-0.003493158,-0.03,0,0,-0.015651393
1773775644,TRUE,0.843501,1773775644,304.57745,245.79321,45.60868,102.55071,1.5646803,304.8606,245.81332,4662.3496,0.999982859,0.005794668,1.565001625,-15.139404,5.813324,0.728145019,-1.565001625,0.009083643,-0.003487995,-0.03,0,0,-0.015650016
1773775644,TRUE,0.843501,1773775644,304.57745,245.79321,45.60868,102.55071,1.5646803,304.77567,245.80728,4666.8057,0.99998239,0.005891053,1.564905239,-15.224335,5.8072815,0.729100316,-1.564905239,0.009134601,-0.003484369,-0.03,0,0,-0.015649052
1773775644,TRUE,0.843501,1773775644,304.57745,245.79321,45.60868,102.55071,1.5646803,304.7162,245.80307,4669.925,0.999982062,0.005958522,1.564837768,-15.283813,5.80307,0.729768355,-1.564837768,0.009170288,-0.003481842,-0.03,0,0,-0.015648378
1773775644,TRUE,0.82034624,1773775644,302.9869,245.53815,46.229973,104.66533,1.5618346,304.1974,245.7236,4720.55,0.999975397,0.006859455,1.56393681,-15.802612,5.7236023,0.740550672,-1.56393681,0.009481568,-0.003434162,-0.03,0,0,-0.015639368
1773775644,TRUE,0.82034624,1773775644,302.9869,245.53815,46.229973,104.66533,1.5618346,303.83423,245.66797,4755.9873,0.999970731,0.007490109,1.563306139,-16.165771,5.6679688,0.748029712,-1.563306139,0.009699463,-0.003400781,-0.03,0,0,-0.015633061
1773775644,TRUE,0.82034624,1773775644,302.9869,245.53815,46.229973,104.66533,1.5618346,303.58002,245.62903,4780.794,0.999967465,0.007931566,1.562864669,-16.419983,5.6290283,0.753232101,-1.562864669,0.00985199,-0.003377417,-0.03,0,0,-0.015628647
1773775644,TRUE,0.82034624,1773775644,302.9869,245.53815,46.229973,104.66533,1.5618346,303.4021,245.60178,4798.158,0.999965178,0.008240586,1.56255564,-16.5979,5.601776,0.756857614,-1.56255564,0.00995874,-0.003361066,-0.03,0,0,-0.015625556
1773775645,TRUE,0.82034624,1773775644,302.9869,245.53815,46.229973,104.66533,1.5618346,303.27753,245.58267,4810.3135,0.999963578,0.0084569,1.56233932,-16.722473,5.582672,0.759387731,-1.56233932,0.010033485,-0.003349603,-0.03,0,0,-0.015623393
1773775645,TRUE,0.8629678,1773775645,301.8982,247.21346,45.025753,100.62106,1.5687371,302.8637,246.0719,4726.3813,0.999973869,0.006537583,1.564258666,-17.136292,6.0718994,0.741785268,-1.564258666,0.010281775,-0.00364314,-0.03,0,0,-0.015642587
1773775645,TRUE,0.8629678,1773775645,301.8982,247.21346,45.025753,100.62106,1.5687371,302.57404,246.41437,4667.6284,0.999981072,0.005194061,1.565602214,-17.425964,6.4143677,0.729276595,-1.565602214,0.01045558,-0.003848621,-0.03,0,0,-0.015656022
1773775645,TRUE,0.8629678,1773775645,301.8982,247.21346,45.025753,100.62106,1.5687371,302.37128,246.65408,4626.5015,0.999986114,0.004253595,1.566542698,-17.628723,6.6540833,0.720426345,-1.566542698,0.010577234,-0.00399245,-0.03,0,0,-0.015665427
1773775645,TRUE,0.8629678,1773775645,301.8982,247.21346,45.025753,100.62106,1.5687371,302.22937,246.8219,4597.713,0.999989644,0.00359527,1.567201035,-17.77063,6.8218994,0.714184362,-1.567201035,0.010662379,-0.00409314,-0.03,0,0,-0.01567201
1773775645,TRUE,0.8629678,1773775645,301.8982,247.21346,45.025753,100.62106,1.5687371,302.13,246.93936,4577.5605,0.999992115,0.003134442,1.567661871,-17.869995,6.9393616,0.709791605,-1.567661871,0.010721997,-0.004163617,-0.03,0,0,-0.015676619
1773775645,TRUE,0.84873396,1773775645,301.76358,247.64294,44.79561,100.77722,1.5674472,302.02008,247.15042,4558.6055,0.999992798,0.00319885,1.567597465,-17.97992,7.150421,0.705642154,-1.567597465,0.010787952,-0.004290253,-0.03,0,0,-0.015675975
1773775645,TRUE,0.84873396,1773775645,301.76358,247.64294,44.79561,100.77722,1.5674472,301.9431,247.29819,4545.337,0.999993276,0.003243935,1.567552381,-18.056885,7.2981873,0.702727295,-1.567552381,0.010834131,-0.004378913,-0.03,0,0,-0.015675524
1773775645,TRUE,0.84873396,1773775645,301.76358,247.64294,44.79561,100.77722,1.5674472,301.88925,247.40161,4536.049,0.999993611,0.003275495,1.567520822,-18.110748,7.4016113,0.700681719,-1.567520822,0.010866449,-0.004440967,-0.03,0,0,-0.015675208
1773775645,TRUE,0.84873396,1773775645,301.76358,247.64294,44.79561,100.77722,1.5674472,301.85156,247.474,4529.5474,0.999993845,0.003297587,1.567498731,-18.148438,7.473999,0.69924743,-1.567498731,0.010889063,-0.0044844,-0.03,0,0,-0.015674987
1773775645,TRUE,0.84873396,1773775645,301.76358,247.64294,44.79561,100.77722,1.5674472,301.82516,247.52469,4524.996,0.999994009,0.003313051,1.567483268,-18.174835,7.5246887,0.698242178,-1.567483268,0.010904902,-0.004514813,-0.03,0,0,-0.015674833
1773775645,TRUE,0.8416218,1773775645,302.28235,246.93446,44.918945,99.63075,1.5663128,301.96234,247.34763,4510.09,0.999992791,0.003664193,1.567132124,-18.037659,7.3476257,0.694942529,-1.567132124,0.010822596,-0.004408576,-0.03,0,0,-0.015671321
1773775645,TRUE,0.8416218,1773775645,302.28235,246.93446,44.918945,99.63075,1.5663128,302.05835,247.2237,4499.6553,0.999991938,0.003909991,1.566886324,-17.94165,7.223694,0.692626219,-1.566886324,0.010764991,-0.004334217,-0.029977452,0,0,-0.015668863
1773775645,TRUE,0.8416218,1773775645,302.28235,246.93446,44.918945,99.63075,1.5663128,302.12555,247.13693,4492.351,0.999991342,0.004082051,1.566714264,-17.87445,7.1369324,0.691001617,-1.566714264,0.010724671,-0.00428216,-0.029907138,0,0,-0.015667143
1773775645,TRUE,0.8416218,1773775645,302.28235,246.93446,44.918945,99.63075,1.5663128,302.1726,247.0762,4487.2383,0.999990924,0.004202492,1.566593821,-17.827393,7.0762024,0.689862882,-1.566593821,0.010696436,-0.004245722,-0.029857853,0,0,-0.015665938
1773775645,TRUE,0.8416218,1773775645,302.28235,246.93446,44.918945,99.63075,1.5663128,302.20554,247.03369,4483.659,0.999990631,0.004286801,1.566509512,-17.794464,7.0336914,0.689064942,-1.566509512,0.010676679,-0.004220215,-0.029823317,0,0,-0.015665095
1773775645,TRUE,0.8416218,1773775645,302.28235,246.93446,44.918945,99.63075,1.5663128,302.22858,247.00394,4481.154,0.999990427,0.004345817,1.566450495,-17.771423,7.003937,0.68850598,-1.566450495,0.010662855,-0.004202362,-0.029799125,0,0,-0.015664505
1773775645,TRUE,0.7911678,1773775645,303.13736,245.7462,44.640976,101.21463,1.5611801,302.50122,246.62662,4492.3037,0.999979428,0.005926891,1.564869383,-17.49878,6.6266174,0.690991104,-1.564869383,0.010499268,-0.003975971,-0.029906683,0,0,-0.015648694
1773775645,TRUE,0.7911678,1773775645,303.13736,245.7462,44.640976,101.21463,1.5611801,302.69208,246.36249,4500.1084,0.999971729,0.007033643,1.563762601,-17.307922,6.362488,0.692726939,-1.563762601,0.010384754,-0.003817493,-0.029981812,0,0,-0.015637626
1773775645,TRUE,0.7911678,1773775645,303.13736,245.7462,44.640976,101.21463,1.5611801,302.82565,246.1776,4505.572,0.99996634,0.007808369,1.562987853,-17.174347,6.177597,0.693940204,-1.562987853,0.010304608,-0.003706558,-0.03,0,0,-0.015629879
1773775645,TRUE,0.7911678,1773775645,303.13736,245.7462,44.640976,101.21463,1.5611801,302.91916,246.04817,4509.396,0.999962567,0.008350678,1.562445531,-17.080841,6.048172,0.694788656,-1.562445531,0.010248506,-0.003628903,-0.03,0,0,-0.015624455
1773775645,TRUE,0.7911678,1773775645,303.13736,245.7462,44.640976,101.21463,1.5611801,302.98462,245.95758,4512.073,0.999959926,0.008730293,1.562065905,-17.01538,5.9575806,0.695382239,-1.562065905,0.010209229,-0.003574549,-0.03,0,0,-0.015620659
1773775645,TRUE,0.85848254,1773775645,304.8702,245.98007,44.217346,100.82889,1.5628266,303.5503,245.96432,4495.967,0.999962421,0.008502088,1.562294124,-16.449707,5.964325,0.691806191,-1.562294124,0.009869825,-0.003578595,-0.029941961,0,0,-0.015622941
1773775645,TRUE,0.85848254,1773775645,304.8702,245.98007,44.217346,100.82889,1.5628266,303.94626,245.96904,4484.6924,0.999964167,0.008342344,1.562453877,-16.053741,5.96904,0.689295332,-1.562453877,0.009632246,-0.003581424,-0.029833289,0,0,-0.015624539
1773775645,TRUE,0.85848254,1773775645,304.8702,245.98007,44.217346,100.82889,1.5628266,304.22345,245.97235,4476.8003,0.99996539,0.008230524,1.562565704,-15.77655,5.972351,0.687533984,-1.562565704,0.009465931,-0.003583411,-0.029757056,0,0,-0.015625657
1773775645,TRUE,0.85848254,1773775645,304.8702,245.98007,44.217346,100.82889,1.5628266,304.41748,245.97467,4471.276,0.999966246,0.008152249,1.562643983,-15.58252,5.9746704,0.686299234,-1.562643983,0.009349512,-0.003584802,-0.029703615,0,0,-0.01562644
1773775645,TRUE,0.85848254,1773775645,304.8702,245.98007,44.217346,100.82889,1.5628266,304.5533,245.97629,4467.4087,0.999966845,0.008097457,1.562698778,-15.446686,5.976288,0.685433995,-1.562698778,0.009268012,-0.003585773,-0.029666167,0,0,-0.015626988
1773775645,TRUE,0.8249694,1773775645,306.47684,245.80232,47.352394,102.12593,1.5661845,305.13037,245.9241,4577.958,0.999973601,0.007051757,1.563744501,-14.869629,5.924103,0.709878477,-1.563744501,0.008921778,-0.003554462,-0.03,0,0,-0.015637445
1773775645,TRUE,0.8249694,1773775645,306.47684,245.80232,47.352394,102.12593,1.5661845,305.5343,245.88757,4655.343,0.99997833,0.006319767,1.564476507,-14.465698,5.8875732,0.726641021,-1.564476507,0.00867942,-0.003532544,-0.03,0,0,-0.015644765
1773775645,TRUE,0.8249694,1773775645,306.47684,245.80232,47.352394,102.12593,1.5661845,305.81708,245.862,4709.512,0.999981641,0.005807374,1.564988912,-14.182922,5.8619995,0.738209782,-1.564988912,0.008509754,-0.0035172,-0.03,0,0,-0.015649889
1773775645,TRUE,0.8249694,1773775645,306.47684,245.80232,47.352394,102.12593,1.5661845,306.015,245.84409,4747.4307,0.999983958,0.005448698,1.565347595,-13.984985,5.8440857,0.746229034,-1.565347595,0.008390992,-0.003506452,-0.03,0,0,-0.015653476
1773775645,TRUE,0.8249694,1773775645,306.47684,245.80232,47.352394,102.12593,1.5661845,306.15356,245.83154,4773.9736,0.999985581,0.005197626,1.565598673,-13.846436,5.831543,0.751804402,-1.565598673,0.008307862,-0.003498926,-0.03,0,0,-0.015655987
1773775645,TRUE,0.8249694,1773775645,306.47684,245.80232,47.352394,102.12593,1.5661845,306.25055,245.82278,4792.5537,0.999986716,0.005021875,1.565774427,-13.749451,5.8227844,0.755688869,-1.565774427,0.008249671,-0.003493671,-0.03,0,0,-0.015657744
1773775645,TRUE,0.8401833,1773775645,311.22574,245.69951,45.137684,98.47365,1.5735917,307.7431,245.7858,4688.2495,0.999989529,0.002676699,1.568119606,-12.256897,5.785797,0.733684711,-1.568119606,0.007354138,-0.003471478,-0.03,0,0,-0.015681196
1773775645,TRUE,0.8401833,1773775645,311.22574,245.69951,45.137684,98.47365,1.5735917,308.7879,245.7599,4615.2363,0.999991498,0.001035076,1.569761243,-11.212097,5.759903,0.717988509,-1.569761243,0.006727259,-0.003455942,-0.03,0,0,-0.015697612
1773775645,TRUE,0.8401833,1773775645,311.22574,245.69951,45.137684,98.47365,1.5735917,309.51926,245.74179,4564.127,0.999992877,-0.000114061,1.570910388,-10.480743,5.741791,0.706852735,-1.570910388,0.006288447,-0.003445075,-0.03,0,0,-0.015709104
1773775645,TRUE,0.8401833,1773775645,311.22574,245.69951,45.137684,98.47365,1.5735917,310.0312,245.72911,4528.3506,0.999993842,-0.000918456,1.571714788,-9.968811,5.7291107,0.698983175,-1.571714788,0.005981287,-0.003437467,-0.03,0,0,-0.015717148
1773775645,TRUE,0.8401833,1773775645,311.22574,245.69951,45.137684,98.47365,1.5735917,310.38956,245.72023,4503.307,0.999994517,-0.001481533,1.572277867,-9.610443,5.72023,0.693437532,-1.572277867,0.005766266,-0.003432138,-0.03,0,0,-0.015722779
1773775645,TRUE,0.8449132,1773775645,313.13397,245.60991,43.510925,97.48352,1.569993,311.2129,245.68713,4424.7944,0.999996065,-0.000796081,1.57159241,-8.787109,5.687134,0.67584928,-1.57159241,0.005272266,-0.003412281,-0.029251332,0,0,-0.015715924
1773775645,TRUE,0.8449132,1773775645,313.13397,245.60991,43.510925,97.48352,1.569993,311.7892,245.66397,4369.8354,0.999997149,-0.000316264,1.571112592,-8.210785,5.663971,0.663350808,-1.571112592,0.004926471,-0.003398383,-0.028710388,0,0,-0.015711126
1773775645,TRUE,0.8449132,1773775645,313.13397,245.60991,43.510925,97.48352,1.569993,312.19263,245.64777,4331.3643,0.999997907,1.96E-05,1.570776719,-7.807373,5.647766,0.654507973,-1.570776719,0.004684424,-0.00338866,-0.028327662,0,0,-0.015707767
1773775645,TRUE,0.8449132,1773775645,313.13397,245.60991,43.510925,97.48352,1.569993,312.47504,245.63641,4304.4346,0.999998438,0.000254717,1.570541609,-7.5249634,5.6364136,0.64827123,-1.570541609,0.004514978,-0.003381848,-0.028057731,0,0,-0.015705416
1773775645,TRUE,0.8449132,1773775645,313.13397,245.60991,43.510925,97.48352,1.569993,312.67273,245.62845,4285.584,0.99999881,0.000419294,1.570377032,-7.3272705,5.6284485,0.643882263,-1.570377032,0.004396363,-0.003377069,-0.027867772,0,0,-0.01570377
1773775645,TRUE,0.8449132,1773775645,313.13397,245.60991,43.510925,97.48352,1.569993,312.8111,245.6229,4272.388,0.99999907,0.000534498,1.570261828,-7.188904,5.6228943,0.640798377,-1.570261828,0.004313342,-0.003373737,-0.027734299,0,0,-0.015702618
1773775645,TRUE,0.7940915,1773775645,315.87363,244.9592,46.048794,100.98429,1.5596421,313.72986,245.42378,4385.733,0.999980687,0.003720355,1.567075918,-6.2701416,5.4237823,0.666982163,-1.567075918,0.003762085,-0.00325427,-0.028867556,0,0,-0.015670759
1773775645,TRUE,0.7940915,1773775645,315.87363,244.9592,46.048794,100.98429,1.5596421,314.373,245.28441,4465.074,0.999967818,0.005950454,1.564845752,-5.627014,5.2844086,0.684911283,-1.564845752,0.003376209,-0.003170645,-0.029643543,0,0,-0.015648458
1773775645,TRUE,0.7940915,1773775645,315.87363,244.9592,46.048794,100.98429,1.5596421,314.82318,245.18684,4520.6133,0.99995881,0.007511523,1.563284635,-5.176819,5.186844,0.697273074,-1.563284635,0.003106091,-0.003112107,-0.03,0,0,-0.015632846
1773775645,TRUE,0.7940915,1773775645,315.87363,244.9592,46.048794,100.98429,1.5596421,315.1383,245.11855,4559.4907,0.999952505,0.008604272,1.562191858,-4.8616943,5.1185455,0.705836388,-1.562191858,0.002917017,-0.003071128,-0.03,0,0,-0.015621919
1773775645,TRUE,0.7940915,1773775645,315.87363,244.9592,46.048794,100.98429,1.5596421,315.35892,245.07074,4586.705,0.999948091,0.009369196,1.561426918,-4.641083,5.0707397,0.711787408,-1.561426918,0.00278465,-0.003042444,-0.03,0,0,-0.015614269
1773775645,TRUE,0.7763172,1773775645,321.5875,246.17941,45.14771,101.2726,1.5657798,317.22748,245.40335,4582.3613,0.999959889,0.008063387,1.562732791,-2.772522,5.403351,0.710839898,-1.562732791,0.001663513,-0.003242011,-0.03,0,0,-0.015627328
1773775645,TRUE,0.7763172,1773775645,321.5875,246.17941,45.14771,101.2726,1.5657798,318.5355,245.63617,4579.3203,0.999968147,0.007149321,1.563646899,0,5.6361694,0.710175966,-1.563646899,0,-0.003381702,-0.03,0,0,-0.015636469
1773775645,TRUE,0.7763172,1773775645,321.5875,246.17941,45.14771,101.2726,1.5657798,319.45108,245.79913,4577.192,0.999973928,0.006509475,1.564286774,0,5.7991333,0.709711174,-1.564286774,0,-0.00347948,-0.03,0,0,-0.015642868
1773775645,TRUE,0.7763172,1773775645,321.5875,246.17941,45.14771,101.2726,1.5657798,320.092,245.91321,4575.702,0.999977975,0.006061583,1.564734685,0,5.913208,0.709385632,-1.564734685,0,-0.003547925,-0.03,0,0,-0.015647347
1773775645,TRUE,0.7763172,1773775645,321.5875,246.17941,45.14771,101.2726,1.5657798,320.54065,245.99307,4574.659,0.999980808,0.005748058,1.565048222,0,5.9930725,0.709157596,-1.565048222,0,-0.003595844,-0.03,0,0,-0.015650482
1773775645,TRUE,0.7574285,1773775645,324.15997,246.67015,45.38349,99.08677,1.57069,321.62643,246.1962,4551.3325,0.999986564,0.004055528,1.566740767,0,6.1961975,0.704045533,-1.566740767,0,-0.003717719,-0.03,0,0,-0.015667408
1773775645,TRUE,0.7574285,1773775645,324.15997,246.67015,45.38349,99.08677,1.57069,322.3865,246.33838,4535.004,0.999990593,0.002870757,1.567925551,2.3865051,6.338379,0.700451335,-1.567925551,-0.001431903,-0.003803028,-0.03,0,0,-0.015679256
1773775645,TRUE,0.7574285,1773775645,324.15997,246.67015,45.38349,99.08677,1.57069,322.91855,246.4379,4523.5737,0.999993413,0.002041417,1.568754899,2.9185486,6.4378967,0.697927711,-1.568754899,-0.001751129,-0.003862738,-0.03,0,0,-0.015687549
1773775645,TRUE,0.7574285,1773775645,324.15997,246.67015,45.38349,99.08677,1.57069,323.291,246.50757,4515.5723,0.999995388,0.001460879,1.569335442,3.290985,6.5075684,0.696157329,-1.569335442,-0.001974591,-0.003904541,-0.03,0,0,-0.015693354
1773775645,TRUE,0.7574285,1773775645,324.15997,246.67015,45.38349,99.08677,1.57069,323.55167,246.55634,4509.9717,0.99999677,0.001054503,1.569741821,3.5516663,6.5563354,0.694916349,-1.569741821,-0.002131,-0.003933801,-0.03,0,0,-0.015697418
1773775645,TRUE,0.7619778,1773775645,326.76,247.40146,44.88325,97.10684,1.5700868,324.51416,246.80988,4464.5215,0.999997663,0.000950999,1.569845326,4.51416,6.8098755,0.684787474,-1.569845326,-0.002708496,-0.004085925,-0.029638185,0,0,-0.015698453
1773775645,TRUE,0.7619778,1773775645,326.76,247.40146,44.88325,97.10684,1.5700868,325.18793,246.98735,4432.706,0.999998289,0.000878546,1.569917779,5.1879272,6.9873505,0.67763567,-1.569917779,-0.003112756,-0.004192411,-0.029328649,0,0,-0.015699178
1773775645,TRUE,0.7619778,1773775645,326.76,247.40146,44.88325,97.10684,1.5700868,325.65955,247.11159,4410.4355,0.999998727,0.000827829,1.569968497,5.659546,7.1115875,0.672598909,-1.569968497,-0.003395728,-0.004266953,-0.029110653,0,0,-0.015699685
1773775645,TRUE,0.7619778,1773775645,326.76,247.40146,44.88325,97.10684,1.5700868,325.9897,247.19855,4394.846,0.999999033,0.000792328,1.570003999,5.989685,7.1985474,0.669057965,-1.570003999,-0.003593811,-0.004319129,-0.028957398,0,0,-0.01570004
1773775645,TRUE,0.7619778,1773775645,326.76,247.40146,44.88325,97.10684,1.5700868,326.2208,247.25943,4383.9336,0.999999248,0.000767476,1.57002885,6.2207947,7.25943,0.666571835,-1.57002885,-0.003732477,-0.004355658,-0.028849796,0,0,-0.015700289
1773775645,TRUE,0.7773806,1773775645,327.15375,247.86942,44.20054,97.2934,1.5692315,326.50067,247.44243,4358.88,0.999999106,0.001006678,1.569789648,6.5006714,7.4424286,0.660840581,-1.569789648,-0.003900403,-0.004465458,-0.028601743,0,0,-0.015697896
1773775645,TRUE,0.7773806,1773775645,327.15375,247.86942,44.20054,97.2934,1.5692315,326.6966,247.57053,4341.3423,0.999999007,0.00117412,1.569622207,6.696594,7.570526,0.656809038,-1.569622207,-0.004017957,-0.004542316,-0.028427254,0,0,-0.015696222
1773775645,TRUE,0.7773806,1773775645,327.15375,247.86942,44.20054,97.2934,1.5692315,326.83374,247.66019,4329.066,0.999998938,0.001291328,1.569504998,6.83374,7.660187,0.653977206,-1.569504998,-0.004100245,-0.004596112,-0.02830469,0,0,-0.01569505
1773775645,TRUE,0.7773806,1773775645,327.15375,247.86942,44.20054,97.2934,1.5692315,326.92975,247.72295,4320.4727,0.999998889,0.001373375,1.569422951,6.9297485,7.722946,0.651990266,-1.569422951,-0.004157849,-0.004633768,-0.028218694,0,0,-0.01569423
1773775645,TRUE,0.7773806,1773775645,327.15375,247.86942,44.20054,97.2934,1.5692315,326.99695,247.76689,4314.457,0.999998855,0.001430807,1.569365519,6.9969482,7.7668915,0.650596937,-1.569365519,-0.004198169,-0.004660135,-0.028158389,0,0,-0.015693655
1773775645,TRUE,0.7773806,1773775645,327.15375,247.86942,44.20054,97.2934,1.5692315,327.04398,247.79765,4310.246,0.999998831,0.00147101,1.569325316,7.043976,7.797653,0.649620425,-1.569325316,-0.004226386,-0.004678592,-0.028116125,0,0,-0.015693253
1773775645,TRUE,0.7891858,1773775645,326.53104,248.1943,44.945526,99.94889,1.5700871,326.8901,247.91666,4364.8486,0.999999106,0.001242482,1.569553844,6.890106,7.9166565,0.662208961,-1.569553844,-0.004134064,-0.004749994,-0.028660968,0,0,-0.015695538
1773775645,TRUE,0.7891858,1773775645,326.53104,248.1943,44.945526,99.94889,1.5700871,326.78238,247.99995,4403.071,0.999999299,0.001082513,1.569713813,6.782379,7.999954,0.670927641,-1.569713813,-0.004069428,-0.004799973,-0.029038319,0,0,-0.015697138
1773775645,TRUE,0.7891858,1773775645,326.53104,248.1943,44.945526,99.94889,1.5700871,326.70697,248.05826,4429.826,0.999999434,0.000970535,1.569825792,6.70697,8.058258,0.676985782,-1.569825792,-0.004024182,-0.004834955,-0.029300521,0,0,-0.015698258
1773775645,TRUE,0.7891858,1773775645,326.53104,248.1943,44.945526,99.94889,1.5700871,326.65417,248.09908,4448.5547,0.999999528,0.00089215,1.569904177,6.654175,8.099075,0.681204695,-1.569904177,-0.003992505,-0.004859446,-0.029483119,0,0,-0.015699042
1773775645,TRUE,0.7891858,1773775645,326.53104,248.1943,44.945526,99.94889,1.5700871,326.61722,248.12766,4461.665,0.999999594,0.00083728,1.569959046,6.617218,8.127655,0.684147451,-1.569959046,-0.003970331,-0.004876593,-0.029610484,0,0,-0.01569959
1773775645,TRUE,0.78404176,1773775645,326.752,248.2519,44.900345,100.094696,1.5677559,326.65765,248.16495,4471.451,0.999998329,0.001498212,1.569298114,6.657654,8.1649475,0.686338422,-1.569298114,-0.003994593,-0.004898969,-0.029705311,0,0,-0.015692981
1773775645,TRUE,0.78404176,1773775645,326.752,248.2519,44.900345,100.094696,1.5677559,326.68597,248.19104,4478.302,0.999997444,0.001960863,1.568835461,6.685974,8.19104,0.687869353,-1.568835461,-0.004011584,-0.004914624,-0.029771571,0,0,-0.015688355
1773775645,TRUE,0.78404176,1773775645,326.752,248.2519,44.900345,100.094696,1.5677559,326.70578,248.20929,4483.097,0.999996824,0.00228472,1.568511604,6.70578,8.20929,0.688939551,-1.568511604,-0.004023468,-0.004925574,-0.02981789,0,0,-0.015685116
1773775645,TRUE,0.78404176,1773775645,326.752,248.2519,44.900345,100.094696,1.5677559,326.71967,248.22208,4486.454,0.99999639,0.002511419,1.568284904,6.7196655,8.222076,0.689688069,-1.568284904,-0.0040318,-0.004933246,-0.029850287,0,0,-0.015682849
1773775645,TRUE,0.78404176,1773775645,326.752,248.2519,44.900345,100.094696,1.5677559,326.72937,248.23102,4488.8037,0.999996087,0.002670109,1.568126214,6.72937,8.231018,0.690211699,-1.568126214,-0.004037622,-0.004938611,-0.02987295,0,0,-0.015681262
1773775645,TRUE,0.8180949,1773775645,327.15543,248.06639,45.235474,98.83438,1.5679055,326.85718,248.18163,4483.4087,0.999996007,0.002736309,1.568060013,6.8571777,8.181625,0.689009042,-1.568060013,-0.004114307,-0.004908976,-0.029820898,0,0,-0.0156806
1773775645,TRUE,0.8180949,1773775645,327.15543,248.06639,45.235474,98.83438,1.5679055,326.94666,248.14706,4479.632,0.999995952,0.00278265,1.568013673,6.9466553,8.147064,0.688166272,-1.568013673,-0.004167994,-0.004888239,-0.029784422,0,0,-0.015680137
1773775645,TRUE,0.8180949,1773775645,327.15543,248.06639,45.235474,98.83438,1.5679055,327.00928,248.12286,4476.9883,0.999995913,0.002815088,1.567981235,7.0092773,8.122864,0.687576001,-1.567981235,-0.004205567,-0.004873719,-0.029758875,0,0,-0.015679812
1773775645,TRUE,0.8180949,1773775645,327.15543,248.06639,45.235474,98.83438,1.5679055,327.05313,248.10593,4475.1377,0.999995885,0.002837795,1.567958528,7.053131,8.1059265,0.687162586,-1.567958528,-0.004231879,-0.004863556,-0.029740982,0,0,-0.015679585
1773775645,TRUE,0.8180949,1773775645,327.15543,248.06639,45.235474,98.83438,1.5679055,327.08383,248.09407,4473.8423,0.999995866,0.00285369,1.567942633,7.083832,8.09407,0.686873045,-1.567942633,-0.004250299,-0.004856443,-0.02972845,0,0,-0.015679426
1773775645,TRUE,0.8204316,1773775645,327.23395,248.37529,45.288406,100.91748,1.5672121,327.12888,248.17844,4502.807,0.999995179,0.003072847,1.567723475,7.1288757,8.178436,0.693326455,-1.567723475,-0.004277326,-0.004907062,-0.03,0,0,-0.015677235
1773775645,TRUE,0.8204316,1773775645,327.23395,248.37529,45.288406,100.91748,1.5672121,327.1604,248.23749,4523.0825,0.999994699,0.003226257,1.567570064,7.1604004,8.237488,0.697819148,-1.567570064,-0.00429624,-0.004942493,-0.03,0,0,-0.015675701
1773775645,TRUE,0.8204316,1773775645,327.23395,248.37529,45.288406,100.91748,1.5672121,327.18246,248.27882,4537.2754,0.999994362,0.003333644,1.567462676,7.1824646,8.278824,0.70095215,-1.567462676,-0.004309479,-0.004967295,-0.03,0,0,-0.015674627
1773775645,TRUE,0.8204316,1773775645,327.23395,248.37529,45.288406,100.91748,1.5672121,327.1979,248.30777,4547.2104,0.999994126,0.003408815,1.567387505,7.1979065,8.30777,0.703139401,-1.567387505,-0.004318744,-0.004984662,-0.03,0,0,-0.015673875
1773775645,TRUE,0.8204316,1773775645,327.23395,248.37529,45.288406,100.91748,1.5672121,327.2087,248.32802,4554.165,0.999993961,0.003461435,1.567334885,7.2087097,8.328018,0.704667589,-1.567334885,-0.004325226,-0.004996811,-0.03,0,0,-0.015673349
1773775645,TRUE,0.8262447,1773775645,326.8323,247.60428,46.297455,102.863304,1.5640757,327.0958,248.1109,4616.6084,0.999988998,0.004439175,1.566357132,7.0957947,8.110901,0.718285804,-1.566357132,-0.004257477,-0.004866541,-0.03,0,0,-0.015663571
1773775645,TRUE,0.8262447,1773775645,326.8323,247.60428,46.297455,102.863304,1.5640757,327.01675,247.95892,4660.3184,0.999985524,0.005123593,1.565672705,7.016754,7.9589233,0.727709236,-1.565672705,-0.004210053,-0.004775354,-0.03,0,0,-0.015656727
1773775645,TRUE,0.8262447,1773775645,326.8323,247.60428,46.297455,102.863304,1.5640757,326.96143,247.85254,4690.9155,0.999983092,0.005602685,1.565193605,6.961426,7.852539,0.734253253,-1.565193605,-0.004176856,-0.004711524,-0.03,0,0,-0.015651936
1773775645,TRUE,0.8262447,1773775645,326.8323,247.60428,46.297455,102.863304,1.5640757,326.9227,247.77808,4712.3335,0.999981389,0.00593805,1.564858236,6.922699,7.778076,0.738808673,-1.564858236,-0.00415362,-0.004666846,-0.03,0,0,-0.015648582
1773775645,TRUE,0.8262447,1773775645,326.8323,247.60428,46.297455,102.863304,1.5640757,326.89557,247.72595,4727.326,0.999980197,0.006172805,1.564623478,6.895569,7.725952,0.741985209,-1.564623478,-0.004137341,-0.004635572,-0.03,0,0,-0.015646235
1773775645,TRUE,0.7689159,1773775645,326.9328,247.92334,46.330383,104.11322,1.5597103,326.90674,247.78516,4756.21,0.999967703,0.007646714,1.563149514,6.9067383,7.7851562,0.748076541,-1.563149514,-0.004144043,-0.004671094,-0.03,0,0,-0.015631495
1773775645,TRUE,0.7689159,1773775645,326.9328,247.92334,46.330383,104.11322,1.5597103,326.91455,247.8266,4776.4287,0.999958957,0.008678451,1.562117738,6.914551,7.826599,0.752318581,-1.562117738,-0.004148731,-0.00469596,-0.03,0,0,-0.015621177
1773775645,TRUE,0.7689159,1773775645,326.9328,247.92334,46.330383,104.11322,1.5597103,326.92,247.85562,4790.5815,0.999952835,0.009400666,1.561395494,6.9200134,7.8556213,0.75527725,-1.561395494,-0.004152008,-0.004713373,-0.03,0,0,-0.015613955
1773775645,TRUE,0.7689159,1773775645,326.9328,247.92334,46.330383,104.11322,1.5597103,326.92386,247.87595,4800.489,0.99994855,0.009906217,1.560889924,6.9238586,7.875946,0.757343155,-1.560889924,-0.004154315,-0.004725568,-0.03,0,0,-0.015608899
1773775645,TRUE,0.7689159,1773775645,326.9328,247.92334,46.330383,104.11322,1.5597103,326.92654,247.89017,4807.424,0.99994555,0.010260103,1.560536026,6.926544,7.890167,0.758786753,-1.560536026,-0.004155927,-0.004734101,-0.03,0,0,-0.01560536
1773775646,TRUE,0.78944707,1773775646,327.84238,248.17279,44.821327,101.14661,1.5656276,327.2013,247.97496,4725.254,0.999957878,0.00873269,1.562063491,7.201294,7.9749603,0.741546784,-1.562063491,-0.004320777,-0.004784977,-0.03,0,0,-0.015620635
1773775646,TRUE,0.78944707,1773775646,327.84238,248.17279,44.821327,101.14661,1.5656276,327.39362,248.03432,4667.7354,0.999966507,0.007663502,1.563132718,7.3936157,8.034317,0.729299476,-1.563132718,-0.00443617,-0.00482059,-0.03,0,0,-0.015631327
1773775646,TRUE,0.78944707,1773775646,327.84238,248.17279,44.821327,101.14661,1.5656276,327.52823,248.07587,4627.472,0.999972547,0.00691507,1.563881177,7.5282288,8.075867,0.72063617,-1.563881177,-0.004516937,-0.004845521,-0.03,0,0,-0.015638812
1773775646,TRUE,0.78944707,1773775646,327.84238,248.17279,44.821327,101.14661,1.5656276,327.62247,248.10495,4599.288,0.999976776,0.006391168,1.564405098,7.622467,8.10495,0.714527016,-1.564405098,-0.00457348,-0.00486297,-0.03,0,0,-0.015644051
1773775646,TRUE,0.78944707,1773775646,327.84238,248.17279,44.821327,101.14661,1.5656276,327.68845,248.1253,4579.559,0.999979736,0.006024436,1.564771842,7.688446,8.125305,0.710228117,-1.564771842,-0.004613068,-0.004875183,-0.03,0,0,-0.015647718
1773775646,TRUE,0.78944707,1773775646,327.84238,248.17279,44.821327,101.14661,1.5656276,327.73462,248.13956,4565.749,0.999981808,0.005767724,1.565028562,7.734619,8.139557,0.707208018,-1.565028562,-0.004640772,-0.004883735,-0.03,0,0,-0.015650286
1773775646,TRUE,0.80242026,1773775646,327.02734,247.92574,45.58586,103.89595,1.56073,327.52243,248.07541,4616.88,0.999972066,0.00705726,1.563738987,7.5224304,8.075409,0.718344508,-1.563738987,-0.004513458,-0.004845246,-0.03,0,0,-0.01563739
1773775646,TRUE,0.80242026,1773775646,327.02734,247.92574,45.58586,103.89595,1.56073,327.3739,248.03052,4652.672,0.999965246,0.007959935,1.562836284,7.3739014,8.030518,0.726067095,-1.562836284,-0.004424341,-0.004818311,-0.03,0,0,-0.015628363
1773775646,TRUE,0.80242026,1773775646,327.02734,247.92574,45.58586,103.89595,1.56073,327.26993,247.99908,4677.7266,0.999960473,0.008591807,1.562204391,7.269928,7.9990845,0.731437707,-1.562204391,-0.004361957,-0.004799451,-0.03,0,0,-0.015622044
1773775646,TRUE,0.80242026,1773775646,327.02734,247.92574,45.58586,103.89595,1.56073,327.19714,247.97708,4695.2646,0.999957131,0.009034118,1.561762067,7.1971436,7.9770813,0.735179875,-1.561762067,-0.004318286,-0.004786249,-0.03,0,0,-0.015617621
1773775646,TRUE,0.80242026,1773775646,327.02734,247.92574,45.58586,103.89595,1.56073,327.1462,247.96167,4707.541,0.999954792,0.009343735,1.561452441,7.1462097,7.96167,0.737791132,-1.561452441,-0.004287726,-0.004777002,-0.03,0,0,-0.015614524
1773775646,TRUE,0.823197,1773775646,327.51733,248.34103,45.747395,102.99063,1.5655999,327.25757,248.07547,4708.7446,0.999964304,0.00809953,1.562696684,7.2575684,8.07547,0.738046811,-1.562696684,-0.004354541,-0.004845282,-0.03,0,0,-0.015626967
1773775646,TRUE,0.823197,1773775646,327.51733,248.34103,45.747395,102.99063,1.5655999,327.3355,248.15515,4709.587,0.999970963,0.007228587,1.563567656,7.3355103,8.155151,0.738225622,-1.563567656,-0.004401306,-0.004893091,-0.03,0,0,-0.015635677
1773775646,TRUE,0.823197,1773775646,327.51733,248.34103,45.747395,102.99063,1.5655999,327.39008,248.2109,4710.177,0.999975623,0.006618926,1.564177336,7.3900757,8.210907,0.73835085,-1.564177336,-0.004434045,-0.004926545,-0.03,0,0,-0.015641773
1773775646,TRUE,0.823197,1773775646,327.51733,248.34103,45.747395,102.99063,1.5655999,327.42825,248.24994,4710.59,0.999978886,0.006192164,1.564604111,7.428253,8.249939,0.738438581,-1.564604111,-0.004456952,-0.004949964,-0.03,0,0,-0.015646041
1773775646,TRUE,0.823197,1773775646,327.51733,248.34103,45.747395,102.99063,1.5655999,327.45496,248.27725,4710.879,0.99998117,0.00589343,1.564902854,7.454956,8.277252,0.738499987,-1.564902854,-0.004472974,-0.004966352,-0.03,0,0,-0.015649029
1773775646,TRUE,0.823197,1773775646,327.51733,248.34103,45.747395,102.99063,1.5655999,327.47366,248.29639,4711.081,0.999982768,0.005684317,1.565111973,7.4736633,8.296387,0.738542822,-1.565111973,-0.004484198,-0.004977832,-0.03,0,0,-0.01565112
1773775646,TRUE,0.8356382,1773775646,327.69864,246.35028,46.01778,103.48074,1.5622203,327.54117,247.71255,4726.343,0.999976906,0.006551788,1.564244482,7.541168,7.712555,0.741777092,-1.564244482,-0.004524701,-0.004627533,-0.03,0,0,-0.015642445
1773775646,TRUE,0.8356382,1773775646,327.69864,246.35028,46.01778,103.48074,1.5622203,327.5884,247.30388,4737.0264,0.999972802,0.007159017,1.563637237,7.5884094,7.303879,0.744034998,-1.563637237,-0.004553046,-0.004382328,-0.03,0,0,-0.015636372
1773775646,TRUE,0.8356382,1773775646,327.69864,246.35028,46.01778,103.48074,1.5622203,327.6215,247.0178,4744.505,0.999969929,0.007584078,1.563212166,7.6214905,7.017807,0.745612515,-1.563212166,-0.004572894,-0.004210684,-0.03,0,0,-0.015632122
1773775646,TRUE,0.8356382,1773775646,327.69864,246.35028,46.01778,103.48074,1.5622203,327.64462,246.81755,4749.7397,0.999967918,0.007881621,1.562914616,7.644623,6.8175507,0.746715242,-1.562914616,-0.004586774,-0.004090531,-0.03,0,0,-0.015629146
1773775646,TRUE,0.8356382,1773775646,327.69864,246.35028,46.01778,103.48074,1.5622203,327.66083,246.67737,4753.4043,0.999966511,0.0080899,1.562706332,7.6608276,6.677368,0.747486451,-1.562706332,-0.004596497,-0.004006421,-0.03,0,0,-0.015627063
1773775646,TRUE,0.8356382,1773775646,327.69864,246.35028,46.01778,103.48074,1.5622203,327.67218,246.57924,4755.969,0.999965526,0.008235696,1.562560533,7.67218,6.579239,0.748025988,-1.562560533,-0.004603308,-0.003947543,-0.03,0,0,-0.015625605
1773775646,TRUE,0.7532425,1773775646,325.02106,246.10156,48.920498,105.15963,1.5671065,326.87686,246.43594,4872.517,0.999973826,0.006871937,1.563924318,6.8768616,6.4359436,0.772236089,-1.563924318,-0.004126117,-0.003861566,-0.03,0,0,-0.015639243
1773775646,TRUE,0.7532425,1773775646,325.02106,246.10156,48.920498,105.15963,1.5671065,326.32013,246.33563,4954.1006,0.999979636,0.005917306,1.564878969,6.3201294,6.3356323,0.788841054,-1.564878969,-0.003792078,-0.00380138,-0.03,0,0,-0.01564879
1773775646,TRUE,0.7532425,1773775646,325.02106,246.10156,48.920498,105.15963,1.5671065,325.93042,246.26541,5011.209,0.999983703,0.005249064,1.565547225,5.93042,6.2654114,0.800302676,-1.565547225,-0.003558252,-0.003759247,-0.03,0,0,-0.015655472
1773775646,TRUE,0.7532425,1773775646,325.02106,246.10156,48.920498,105.15963,1.5671065,325.65762,246.21626,5051.1846,0.99998655,0.004781295,1.566015004,5.6576233,6.216263,0.808248175,-1.566015004,-0.003394574,-0.003729758,-0.03,0,0,-0.01566015
1773775646,TRUE,0.7532425,1773775646,325.02106,246.10156,48.920498,105.15963,1.5671065,325.46664,246.18185,5079.1675,0.999988543,0.004453856,1.566342449,5.4666443,6.1818542,0.813772784,-1.566342449,-0.003279987,-0.003709113,-0.03,0,0,-0.015663424
1773775646,TRUE,0.8194516,1773775646,321.87628,246.27357,48.28336,105.57764,1.5601413,324.38953,246.20938,5084.71,0.999974951,0.006314139,1.564482113,4.3895264,6.209381,0.814863477,-1.564482113,-0.002633716,-0.003725629,-0.03,0,0,-0.015644821
1773775646,TRUE,0.8194516,1773775646,321.87628,246.27357,48.28336,105.57764,1.5601413,323.63556,246.22864,5088.59,0.999965436,0.007616338,1.563179873,3.635559,6.2286377,0.815626191,-1.563179873,-0.002181336,-0.003737183,-0.03,0,0,-0.015631799
1773775646,TRUE,0.8194516,1773775646,321.87628,246.27357,48.28336,105.57764,1.5601413,323.1078,246.24213,5091.3057,0.999958776,0.008527876,1.562268306,3.107788,6.2421265,0.816159714,-1.562268306,-0.001864673,-0.003745276,-0.03,0,0,-0.015622683
1773775646,TRUE,0.8194516,1773775646,321.87628,246.27357,48.28336,105.57764,1.5601413,322.73834,246.25156,5093.207,0.999954114,0.009165954,1.561630209,2.7383423,6.2515564,0.816533116,-1.561630209,-0.001643005,-0.003750934,-0.03,0,0,-0.015616302
1773775646,TRUE,0.8194516,1773775646,321.87628,246.27357,48.28336,105.57764,1.5601413,322.47974,246.25815,5094.538,0.999950851,0.009612608,1.561183543,2.4797363,6.258148,0.816794404,-1.561183543,-0.001487842,-0.003754889,-0.03,0,0,-0.015611835
1773775646,TRUE,0.84525466,1773775646,322.05496,246.20883,48.00036,106.279915,1.5628004,322.3523,246.24336,5096.6187,0.999956005,0.009127576,1.561668603,2.352295,6.2433624,0.81720274,-1.561668603,-0.001411377,-0.003746018,-0.03,0,0,-0.015616686
1773775646,TRUE,0.84525466,1773775646,322.05496,246.20883,48.00036,106.279915,1.5628004,322.2631,246.233,5098.075,0.999959614,0.008788053,1.562008145,2.263092,6.2330017,0.817488487,-1.562008145,-0.001357855,-0.003739801,-0.03,0,0,-0.015620081
1773775646,TRUE,0.84525466,1773775646,322.05496,246.20883,48.00036,106.279915,1.5628004,322.20065,246.22575,5099.0947,0.999962139,0.008550387,1.562245824,2.200653,6.225754,0.817688482,-1.562245824,-0.001320392,-0.003735452,-0.03,0,0,-0.015622458
1773775646,TRUE,0.84525466,1773775646,322.05496,246.20883,48.00036,106.279915,1.5628004,322.15695,246.22069,5099.8086,0.999963907,0.008384021,1.562412199,2.156952,6.220688,0.817828455,-1.562412199,-0.001294171,-0.003732413,-0.03,0,0,-0.015624122
1773775646,TRUE,0.84525466,1773775646,322.05496,246.20883,48.00036,106.279915,1.5628004,322.12634,246.21713,5100.308,0.999965145,0.008267565,1.562528662,2.1263428,6.2171326,0.817926424,-1.562528662,-0.001275806,-0.00373028,-0.03,0,0,-0.015625287
1773775646,TRUE,0.8361817,1773775646,321.92188,246.23055,49.03898,110.157425,1.5598089,322.065,246.22116,5190.818,0.999957493,0.009083472,1.561712718,2.0650024,6.221161,0.835516694,-1.561712718,-0.001239002,-0.003732697,-0.03,0,0,-0.015617127
1773775646,TRUE,0.8361817,1773775646,321.92188,246.23055,49.03898,110.157425,1.5598089,322.02206,246.22397,5254.175,0.999952137,0.009654607,1.561141557,2.0220642,6.2239685,0.847648445,-1.561141557,-0.001213239,-0.003734381,-0.03,0,0,-0.015611416
1773775646,TRUE,0.8361817,1773775646,321.92188,246.23055,49.03898,110.157425,1.5598089,321.992,246.22595,5298.525,0.999948387,0.010054402,1.560741745,0,6.225952,0.856053858,-1.560741745,0,-0.003735571,-0.03,0,0,-0.015607417
1773775646,TRUE,0.8361817,1773775646,321.92188,246.23055,49.03898,110.157425,1.5598089,321.97095,246.22733,5329.57,0.999945762,0.010334258,1.560461876,0,6.2273254,0.861896002,-1.560461876,0,-0.003736395,-0.03,0,0,-0.015604619
1773775646,TRUE,0.8361817,1773775646,321.92188,246.23055,49.03898,110.157425,1.5598089,321.95624,246.2283,5351.3013,0.999943925,0.010530157,1.560265968,0,6.228302,0.865965199,-1.560265968,0,-0.003736981,-0.03,0,0,-0.01560266
1773775646,TRUE,0.8361817,1773775646,321.92188,246.23055,49.03898,110.157425,1.5598089,321.94592,246.22897,5366.513,0.999942639,0.010667287,1.560128833,0,6.2289734,0.868803777,-1.560128833,0,-0.003737384,-0.03,0,0,-0.015601288
1773775646,TRUE,0.8450772,1773775646,321.62613,245.97472,48.765076,110.01415,1.5619037,321.84998,246.1527,5366.0137,0.999947986,0.010134849,1.560661298,0,6.1526947,0.868710768,-1.560661298,0,-0.003691617,-0.03,0,0,-0.015606613
1773775646,TRUE,0.8450772,1773775646,321.62613,245.97472,48.765076,110.01415,1.5619037,321.78284,246.0993,5365.664,0.999951728,0.009762143,1.561034023,0,6.099304,0.868645556,-1.561034023,0,-0.003659583,-0.03,0,0,-0.01561034
1773775646,TRUE,0.8450772,1773775646,321.62613,245.97472,48.765076,110.01415,1.5619037,321.73584,246.06194,5365.4194,0.999954348,0.009501248,1.561294931,0,6.0619354,0.868599945,-1.561294931,0,-0.003637161,-0.03,0,0,-0.015612949
1773775646,TRUE,0.8450772,1773775646,321.62613,245.97472,48.765076,110.01415,1.5619037,321.70294,246.03577,5365.248,0.999956182,0.009318622,1.561477566,0,6.0357666,0.868568037,-1.561477566,0,-0.00362146,-0.03,0,0,-0.015614776
1773775646,TRUE,0.8450772,1773775646,321.62613,245.97472,48.765076,110.01415,1.5619037,321.6799,246.01746,5365.1284,0.999957466,0.009190784,1.561605411,0,6.017456,0.86854573,-1.561605411,0,-0.003610474,-0.03,0,0,-0.015616054
1773775646,TRUE,0.8343836,1773775646,321.13535,245.88457,48.8303,112.27702,1.5642581,321.51654,245.9776,5400.346,0.999963814,0.008395003,1.562401217,0,5.9776,0.875088527,-1.562401217,0,-0.00358656,-0.03,0,0,-0.015624012
1773775646,TRUE,0.8343836,1773775646,321.13535,245.88457,48.8303,112.27702,1.5642581,321.40216,245.94968,5424.9985,0.999968257,0.007837957,1.562958282,0,5.9496765,0.879643106,-1.562958282,0,-0.003569806,-0.03,0,0,-0.015629583
1773775646,TRUE,0.8343836,1773775646,321.13535,245.88457,48.8303,112.27702,1.5642581,321.3221,245.93015,5442.2554,0.999971368,0.007448024,1.563348227,0,5.9301453,0.882818965,-1.563348227,0,-0.003558087,-0.03,0,0,-0.015633482
1773775646,TRUE,0.8343836,1773775646,321.13535,245.88457,48.8303,112.27702,1.5642581,321.26608,245.91647,5454.335,0.999973545,0.007175071,1.563621189,0,5.9164734,0.885036099,-1.563621189,0,-0.003549884,-0.03,0,0,-0.015636212
1773775646,TRUE,0.8343836,1773775646,321.13535,245.88457,48.8303,112.27702,1.5642581,321.22687,245.90689,5462.7905,0.999975069,0.006984004,1.563812262,0,5.906891,0.886585213,-1.563812262,0,-0.003544135,-0.03,0,0,-0.015638123
1773775646,TRUE,0.6945575,1773775646,319.6111,244.97792,50.895447,116.1673,1.5671412,320.74216,245.6282,5597.6694,0.999980545,0.005985346,1.564810936,0,5.6282043,0.910975729,-1.564810936,0,-0.003376923,-0.03,0,0,-0.015648109
1773775646,TRUE,0.6945575,1773775646,319.6111,244.97792,50.895447,116.1673,1.5671412,320.40283,245.43312,5692.085,0.999984377,0.005286285,1.565510008,0,5.4331207,0.927702082,-1.565510008,0,-0.003259873,-0.03,0,0,-0.0156551
1773775646,TRUE,0.6945575,1773775646,319.6111,244.97792,50.895447,116.1673,1.5671412,320.1653,245.29655,5758.176,0.99998706,0.004796943,1.565999359,0,5.2965546,0.939246149,-1.565999359,0,-0.003177933,-0.03,0,0,-0.015659994
1773775646,TRUE,0.6945575,1773775646,319.6111,244.97792,50.895447,116.1673,1.5671412,319.99905,245.20096,5804.439,0.999988938,0.004454403,1.566341904,0,5.2009583,0.947248438,-1.566341904,0,-0.003120575,-0.03,0,0,-0.015663419
1773775646,TRUE,0.6945575,1773775646,319.6111,244.97792,50.895447,116.1673,1.5671412,319.88266,245.13405,5836.823,0.999990253,0.004214625,1.566581686,0,5.1340485,0.95281208,-1.566581686,0,-0.003080429,-0.03,0,0,-0.015665817
1773775646,TRUE,0.6945575,1773775646,319.6111,244.97792,50.895447,116.1673,1.5671412,319.8012,245.0872,5859.492,0.999991173,0.004046781,1.566749533,0,5.087204,0.956688412,-1.566749533,0,-0.003052322,-0.03,0,0,-0.015667495
1773775646,TRUE,0.57083464,1773775646,317.55423,243.93471,52.62846,115.10481,1.5595113,319.1271,244.74146,5918.9814,0.999974718,0.006218181,1.564578068,0,4.741455,0.966789782,-1.564578068,0,-0.002844873,-0.03,0,0,-0.015645781
1773775646,TRUE,0.57083464,1773775646,317.55423,243.93471,52.62846,115.10481,1.5595113,318.65524,244.49942,5960.624,0.9999632,0.007738162,1.563058034,0,4.49942,0.973800587,-1.563058034,0,-0.002699652,-0.03,0,0,-0.01563058
1773775646,TRUE,0.57083464,1773775646,317.55423,243.93471,52.62846,115.10481,1.5595113,318.32495,244.33002,5989.7734,0.999955138,0.008802148,1.561994011,0,4.330017,0.97867906,-1.561994011,0,-0.002598011,-0.03,0,0,-0.01561994
1773775646,TRUE,0.57083464,1773775646,317.55423,243.93471,52.62846,115.10481,1.5595113,318.09375,244.21143,6010.178,0.999949494,0.009546939,1.561249196,0,4.211426,0.98207984,-1.561249196,0,-0.002526856,-0.03,0,0,-0.015612492
1773775646,TRUE,0.57083464,1773775646,317.55423,243.93471,52.62846,115.10481,1.5595113,317.9319,244.12842,6024.4614,0.999945543,0.010068292,1.560727826,-2.0681152,4.128418,0.984453524,-1.560727826,0.001240869,-0.002477051,-0.03,0,0,-0.015607278
1773775646,TRUE,0.3355271,1773775646,316.65167,242.89119,54.967075,119.169266,1.556672,317.54782,243.75726,6182.2393,0.999931956,0.011284969,1.559511069,-2.452179,3.7572632,1.010306024,-1.559511069,0.001471308,-0.002254358,-0.03,0,0,-0.015595111
1773775646,TRUE,0.3355271,1773775646,316.65167,242.89119,54.967075,119.169266,1.556672,317.279,243.49744,6292.6836,0.999922445,0.012136642,1.558659339,-2.7210083,3.4974365,1.028013043,-1.558659339,0.001632605,-0.002098462,-0.03,0,0,-0.015586593
1773775646,TRUE,0.3355271,1773775646,316.65167,242.89119,54.967075,119.169266,1.556672,317.0908,243.31555,6369.994,0.999915788,0.012732813,1.558063129,-2.9092102,3.3155518,1.040224029,-1.558063129,0.001745526,-0.001989331,-0.03,0,0,-0.015580631
1773775646,TRUE,0.3355271,1773775646,316.65167,242.89119,54.967075,119.169266,1.556672,316.95905,243.18823,6424.1113,0.999911127,0.013150133,1.557645783,-3.0409546,3.1882324,1.048683708,-1.557645783,0.001824573,-0.00191294,-0.03,0,0,-0.015576458
1773775646,TRUE,0.3355271,1773775646,316.65167,242.89119,54.967075,119.169266,1.556672,316.86682,243.09912,6461.994,0.999907865,0.013442257,1.55735364,-3.1331787,3.099121,1.054563419,-1.55735364,0.001879907,-0.001859473,-0.03,0,0,-0.015573536
1773775646,TRUE,0.3355271,1773775646,316.65167,242.89119,54.967075,119.169266,1.556672,316.80228,243.03674,6488.5117,0.999905581,0.013646744,1.557149141,-3.1977234,3.0367432,1.058658612,-1.557149141,0.001918634,-0.001822046,-0.03,0,0,-0.015571491
1773775646,TRUE,0.3355271,1773775646,316.65167,242.89119,54.967075,119.169266,1.556672,316.7571,242.99307,6507.074,0.999903983,0.013789885,1.557005992,-3.2428894,2.9930725,1.061515383,-1.557005992,0.001945734,-0.001795844,-0.03,0,0,-0.01557006
1773775646,TRUE,0.3355271,1773775646,316.65167,242.89119,54.967075,119.169266,1.556672,316.7255,242.96252,6520.0674,0.999902864,0.013890084,1.556905787,-3.2745056,2.9625244,1.063510146,-1.556905787,0.001964703,-0.001777515,-0.03,0,0,-0.015569058
1773775646,TRUE,0.3355271,1773775646,316.65167,242.89119,54.967075,119.169266,1.556672,316.70334,242.94113,6529.163,0.999902081,0.013960223,1.556835644,-3.2966614,2.9411316,1.064904199,-1.556835644,0.001977997,-0.001764679,-0.03,0,0,-0.015568356
1773775646,TRUE,0.3355271,1773775646,316.65167,242.89119,54.967075,119.169266,1.556672,316.68784,242.92615,6535.5303,0.999901532,0.01400932,1.556786544,-3.3121643,2.9261475,1.065878914,-1.556786544,0.001987299,-0.001755689,-0.03,0,0,-0.015567865
1773775646,TRUE,0.3355271,1773775646,316.65167,242.89119,54.967075,119.169266,1.556672,316.677,242.91565,6539.9873,0.999901149,0.014043688,1.556752174,-3.322998,2.9156494,1.066560666,-1.556752174,0.001993799,-0.00174939,-0.03,0,0,-0.015567522
1773775646,TRUE,0.3355271,1773775646,316.65167,242.89119,54.967075,119.169266,1.556672,316.6694,242.90833,6543.1074,0.99990088,0.014067746,1.556728115,-3.330597,2.9083252,1.067037657,-1.556728115,0.001998358,-0.001744995,-0.03,0,0,-0.015567281
1773775646,TRUE,0.3355271,1773775646,316.65167,242.89119,54.967075,119.169266,1.556672,316.6641,242.9032,6545.291,0.999900692,0.014084586,1.556711274,-3.335907,2.9031982,1.067371267,-1.556711274,0.002001544,-0.001741919,-0.03,0,0,-0.015567113
1773775646,TRUE,0.3355271,1773775646,316.65167,242.89119,54.967075,119.169266,1.556672,316.66037,242.8996,6546.8193,0.99990056,0.014096374,1.556699485,-3.3396301,2.8995972,1.067604762,-1.556699485,0.002003778,-0.001739758,-0.03,0,0,-0.015566995
1773775646,TRUE,0.3355271,1773775646,316.65167,242.89119,54.967075,119.169266,1.556672,316.65778,242.89706,6547.8896,0.999900468,0.014104626,1.556691232,-3.3422241,2.8970642,1.067768208,-1.556691232,0.002005335,-0.001738239,-0.03,0,0,-0.015566912
1773775646,TRUE,0.3355271,1773775646,316.65167,242.89119,54.967075,119.169266,1.556672,316.65594,242.8953,6548.6387,0.999900404,0.014110402,1.556685456,-3.3440552,2.8952942,1.067882621,-1.556685456,0.002006433,-0.001737177,-0.03,0,0,-0.015566855
1773775646,TRUE,0.3355271,1773775646,316.65167,242.89119,54.967075,119.169266,1.556672,316.65466,242.89407,6549.163,0.999900358,0.014114446,1.556681412,-3.345337,2.8940735,1.067962685,-1.556681412,0.002007202,-0.001736444,-0.03,0,0,-0.015566814
1773775646,TRUE,0.3355271,1773775646,316.65167,242.89119,54.967075,119.169266,1.556672,316.65378,242.89322,6549.5303,0.999900327,0.014117276,1.556678582,-3.346222,2.893219,1.068018735,-1.556678582,0.002007733,-0.001735932,-0.03,0,0,-0.015566786
1773775646,TRUE,0.3355271,1773775646,316.65167,242.89119,54.967075,119.169266,1.556672,316.65314,242.89261,6549.787,0.999900305,0.014119257,1.5566766,-3.3468628,2.8926086,1.068057985,-1.5566766,0.002008118,-0.001735565,-0.03,0,0,-0.015566766
1773775646,TRUE,0.3355271,1773775646,316.65167,242.89119,54.967075,119.169266,1.556672,316.6527,242.89218,6549.967,0.999900289,0.014120644,1.556675213,-3.34729,2.8921814,1.068085434,-1.556675213,0.002008374,-0.001735309,-0.03,0,0,-0.015566752
1773775646,TRUE,0.35802418,1773775646,320.5385,235.65059,60.582394,142.29474,1.5569353,317.81845,240.7197,7171.1436,0.999901384,0.014042623,1.556753242,-2.181549,0,1.158690586,-1.556753242,0.00130893,0,-0.03,0,0,-0.015567532
1773775646,TRUE,0.35802418,1773775646,320.5385,235.65059,60.582394,142.29474,1.5569353,318.63446,239.19897,7605.967,0.99990215,0.013988008,1.556807863,0,0,1.217558483,-1.556807863,0,0,-0.03,0,0,-0.015568079
1773775646,TRUE,0.35802418,1773775646,320.5385,235.65059,60.582394,142.29474,1.5569353,319.2057,238.13446,7910.3438,0.999902686,0.013949777,1.556846097,0,0,1.256796698,-1.556846097,0,0,-0.03,0,0,-0.015568461
1773775646,TRUE,0.35802418,1773775646,320.5385,235.65059,60.582394,142.29474,1.5569353,319.60553,237.38931,8123.407,0.999903062,0.013923016,1.556872861,0,-2.6106873,1.283375091,-1.556872861,0,0.001566412,-0.03,0,0,-0.015568729
1773775646,TRUE,0.35802418,1773775646,320.5385,235.65059,60.582394,142.29474,1.5569353,319.88544,236.8677,8272.552,0.999903324,0.013904283,1.556891596,0,-3.1322937,1.30156843,-1.556891596,0,0.001879376,-0.03,0,0,-0.015568916
1773775646,TRUE,0.36486408,1773775646,322.2782,231.12689,68.85771,139.01434,1.5414225,320.60327,235.14546,8662.449,0.999802913,0.018543883,1.552250915,0,-4.854538,1.347622937,-1.552250915,0,0.002912723,-0.03,0,0,-0.015522509
1773775646,TRUE,0.36486408,1773775646,322.2782,231.12689,68.85771,139.01434,1.5414225,321.10574,233.9399,8935.377,0.999732625,0.021791603,1.549002347,0,-6.0601044,1.378643762,-1.549002347,0,0.003636063,-0.03,0,0,-0.015490023
1773775646,TRUE,0.36486408,1773775646,322.2782,231.12689,68.85771,139.01434,1.5414225,321.4575,233.096,9126.427,0.999683423,0.024065007,1.546728347,0,-6.904007,1.399799645,-1.546728347,0,0.004142405,-0.03,0,0,-0.015467283
1773775646,TRUE,0.36486408,1773775646,322.2782,231.12689,68.85771,139.01434,1.5414225,321.7037,232.50526,9260.162,0.999648982,0.02565639,1.545136561,0,-7.4947357,1.414346956,-1.545136561,0,0.004496842,-0.03,0,0,-0.015451366
1773775646,TRUE,0.36486408,1773775646,322.2782,231.12689,68.85771,139.01434,1.5414225,321.87607,232.09175,9353.776,0.999624874,0.026770358,1.544022322,0,-7.908249,1.424405547,-1.544022322,0,0.00474495,-0.03,0,0,-0.015440223
1773775646,TRUE,0.63551474,1773775646,319.99966,227.33792,67.56192,146.33803,1.5554895,321.31314,230.66559,9513.707,0.999702268,0.023331107,1.547462507,0,-9.334412,1.441359005,-1.547462507,0,0.005600647,-0.03,0,0,-0.015474625
1773775646,TRUE,0.63551474,1773775646,319.99966,227.33792,67.56192,146.33803,1.5554895,320.9191,229.6673,9625.658,0.999756443,0.020923632,1.549870653,0,-10.332703,1.453057697,-1.549870653,0,0.006199622,-0.03,0,0,-0.015498707
1773775646,TRUE,0.63551474,1773775646,319.99966,227.33792,67.56192,146.33803,1.5554895,320.64328,228.96848,9704.023,0.999794366,0.019238399,1.551556345,0,-11.031525,1.461165994,-1.551556345,0,0.006618915,-0.03,0,0,-0.015515563
1773775646,TRUE,0.63551474,1773775646,319.99966,227.33792,67.56192,146.33803,1.5554895,320.4502,228.47931,9758.88,0.999820912,0.018058736,1.55273632,0,-11.520691,1.466803014,-1.55273632,0,0.006912415,-0.03,0,0,-0.015527363
1773775646,TRUE,0.63551474,1773775646,319.99966,227.33792,67.56192,146.33803,1.5554895,320.31503,228.1369,9797.279,0.999839495,0.017232972,1.553562295,0,-11.863098,1.470730116,-1.553562295,0,0.007117859,-0.03,0,0,-0.015535623
1773775647,TRUE,0.7231012,1773775647,321.20663,223.76219,69.13421,152.46315,1.560559,320.58252,226.8245,10020.221,0.999871926,0.015134214,1.55566133,0,-13.175507,1.493230607,-1.55566133,0,0.007905304,-0.03,0,0,-0.015556613
1773775647,TRUE,0.7231012,1773775647,321.20663,223.76219,69.13421,152.46315,1.560559,320.76974,225.9058,10176.28,0.999894628,0.013665084,1.557130653,0,-14.0941925,1.508684986,-1.557130653,0,0.008456516,-0.03,0,0,-0.015571307
1773775647,TRUE,0.7231012,1773775647,321.20663,223.76219,69.13421,152.46315,1.560559,320.90082,225.26273,10285.521,0.999910519,0.012636693,1.558159176,0,-14.737274,1.519362667,-1.558159176,0,0.008842365,-0.03,0,0,-0.015581592
1773775647,TRUE,0.7231012,1773775647,321.20663,223.76219,69.13421,152.46315,1.560559,320.99255,224.81256,10361.99,0.999921643,0.011916819,1.558879138,0,-15.187439,1.526769729,-1.558879138,0,0.009112464,-0.03,0,0,-0.015588791
1773775647,TRUE,0.7231012,1773775647,321.20663,223.76219,69.13421,152.46315,1.560559,321.05676,224.49745,10415.519,0.99992943,0.011412908,1.559383109,0,-15.502548,1.531922282,-1.559383109,0,0.009301529,-0.03,0,0,-0.015593831
1773775647,TRUE,0.7231012,1773775647,321.20663,223.76219,69.13421,152.46315,1.560559,321.1017,224.27687,10452.988,0.999934881,0.011060169,1.559735888,0,-15.723129,1.535513337,-1.559735888,0,0.009433878,-0.03,0,0,-0.015597359
1773775647,TRUE,0.519975,1773775647,324.6876,220.34982,69.3304,157.20334,1.5601752,322.1775,223.09875,10586.783,0.999937496,0.010928403,1.559867676,2.1774902,-16.901245,1.548231744,-1.559867676,-0.001306494,0.010140748,-0.03,0,0,-0.015598677
1773775647,TRUE,0.519975,1773775647,324.6876,220.34982,69.3304,157.20334,1.5601752,322.93054,222.27408,10680.439,0.999939326,0.010836166,1.559959928,2.930542,-17.725922,1.557039452,-1.559959928,-0.001758325,0.010635554,-0.03,0,0,-0.015599599
1773775647,TRUE,0.519975,1773775647,324.6876,220.34982,69.3304,157.20334,1.5601752,323.45764,221.69681,10745.999,0.999940607,0.0107716,1.560024504,3.4576416,-18.303192,1.563158893,-1.560024504,-0.002074585,0.010981916,-0.03,0,0,-0.015600245
1773775647,TRUE,0.519975,1773775647,324.6876,220.34982,69.3304,157.20334,1.5601752,323.82663,221.29271,10791.891,0.999941504,0.010726404,1.560069707,3.8266296,-18.70729,1.567420468,-1.560069707,-0.002295978,0.011224375,-0.03,0,0,-0.015600697
1773775647,TRUE,0.519975,1773775647,324.6876,220.34982,69.3304,157.20334,1.5601752,324.0849,221.00984,10824.015,0.999942131,0.010694767,1.560101349,4.0849,-18.990158,1.570392683,-1.560101349,-0.00245094,0.011394096,-0.03,0,0,-0.015601013
1773775647,TRUE,0.59469044,1773775647,325.51135,219.2816,65.85652,156.70128,1.564256,324.51282,220.49138,10672.75,0.999953076,0.009448435,1.56134773,4.5128174,-19.508621,1.556319227,-1.56134773,-0.002707691,0.011705173,-0.03,0,0,-0.015613477
1773775647,TRUE,0.59469044,1773775647,325.51135,219.2816,65.85652,156.70128,1.564256,324.81238,220.12845,10566.865,0.999960736,0.008576003,1.562220198,4.812378,-19.871552,1.546348638,-1.562220198,-0.002887427,0.011922931,-0.03,0,0,-0.015622202
1773775647,TRUE,0.59469044,1773775647,325.51135,219.2816,65.85652,156.70128,1.564256,325.0221,219.87439,10492.746,0.999966099,0.0079653,1.562830925,5.0220947,-20.12561,1.539309558,-1.562830925,-0.003013257,0.012075366,-0.03,0,0,-0.015628309
1773775647,TRUE,0.59469044,1773775647,325.51135,219.2816,65.85652,156.70128,1.564256,325.16888,219.69655,10440.863,0.999969853,0.007537808,1.563258434,5.1688843,-20.303452,1.534352739,-1.563258434,-0.003101331,0.012182072,-0.03,0,0,-0.015632584
1773775647,TRUE,0.59469044,1773775647,325.51135,219.2816,65.85652,156.70128,1.564256,325.2716,219.57207,10404.545,0.999972481,0.007238564,1.56355769,5.2716064,-20.427933,1.530868206,-1.56355769,-0.003162964,0.01225676,-0.03,0,0,-0.015635577
1773775647,TRUE,0.7107807,1773775647,323.53516,218.24292,64.67999,153.69232,1.5571319,324.75067,219.17331,10265.427,0.999952729,0.009166199,1.561629951,4.7506714,-20.82669,1.5174071,-1.561629951,-0.002850403,0.012496015,-0.03,0,0,-0.0156163
1773775647,TRUE,0.7107807,1773775647,323.53516,218.24292,64.67999,153.69232,1.5571319,324.38602,218.8942,10168.045,0.999938903,0.010515544,1.560280528,4.386017,-21.105804,1.507875442,-1.560280528,-0.00263161,0.012663484,-0.03,0,0,-0.015602805
1773775647,TRUE,0.7107807,1773775647,323.53516,218.24292,64.67999,153.69232,1.5571319,324.13077,218.69882,10099.877,0.999929225,0.011460085,1.559335932,4.130768,-21.301178,1.501148723,-1.559335932,-0.002478461,0.012780707,-0.03,0,0,-0.015593359
1773775647,TRUE,0.7107807,1773775647,323.53516,218.24292,64.67999,153.69232,1.5571319,323.9521,218.56204,10052.159,0.999922451,0.012121264,1.558674716,3.9520874,-21.437958,1.496412877,-1.558674716,-0.002371253,0.012862776,-0.03,0,0,-0.015586747
1773775647,TRUE,0.7107807,1773775647,323.53516,218.24292,64.67999,153.69232,1.5571319,323.82703,218.46631,10018.757,0.999917708,0.01258409,1.558211866,3.8270264,-21.533691,1.493084485,-1.558211866,-0.002296216,0.012920216,-0.03,0,0,-0.015582119
1773775647,TRUE,0.7107807,1773775647,323.53516,218.24292,64.67999,153.69232,1.5571319,323.73947,218.39929,9995.375,0.999914389,0.012908067,1.557887871,3.7394714,-21.600708,1.490747927,-1.557887871,-0.002243683,0.012960426,-0.03,0,0,-0.015578879
1773775647,TRUE,0.7107807,1773775647,323.53516,218.24292,64.67999,153.69232,1.5571319,323.6782,218.35239,9979.008,0.999912065,0.013134852,1.557661076,3.6781921,-21.647614,1.48910906,-1.557661076,-0.002206915,0.012988568,-0.03,0,0,-0.015576611
1773775647,TRUE,0.7107807,1773775647,323.53516,218.24292,64.67999,153.69232,1.5571319,323.63528,218.31955,9967.551,0.999910438,0.013293601,1.557502319,3.6352844,-21.68045,1.487960285,-1.557502319,-0.002181171,0.013008271,-0.03,0,0,-0.015575023
1773775647,TRUE,0.7107807,1773775647,323.53516,218.24292,64.67999,153.69232,1.5571319,323.60526,218.29657,9959.531,0.9999093,0.013404725,1.557391189,3.6052551,-21.70343,1.487155443,-1.557391189,-0.002163153,0.013022059,-0.03,0,0,-0.015573912
1773775647,TRUE,0.7107807,1773775647,323.53516,218.24292,64.67999,153.69232,1.5571319,323.58423,218.28049,9953.918,0.999908503,0.013482512,1.557313398,3.5842285,-21.719513,1.486591636,-1.557313398,-0.002150537,0.013031708,-0.03,0,0,-0.015573134
1773775647,TRUE,0.7107807,1773775647,323.53516,218.24292,64.67999,153.69232,1.5571319,323.56952,218.26923,9949.988,0.999907945,0.013536963,1.557258945,3.569519,-21.730774,1.486196781,-1.557258945,-0.002141712,0.013038465,-0.03,0,0,-0.015572589
1773775647,TRUE,0.7107807,1773775647,323.53516,218.24292,64.67999,153.69232,1.5571319,323.5592,218.26132,9947.237,0.999907554,0.013575079,1.557220827,3.559204,-21.738678,1.485920258,-1.557220827,-0.002135523,0.013043207,-0.03,0,0,-0.015572208
1773775647,TRUE,0.7107807,1773775647,323.53516,218.24292,64.67999,153.69232,1.5571319,323.552,218.2558,9945.312,0.999907281,0.01360176,1.557194145,3.552002,-21.744202,1.485726657,-1.557194145,-0.002131201,0.013046522,-0.03,0,0,-0.015571941
1773775647,TRUE,0.7107807,1773775647,323.53516,218.24292,64.67999,153.69232,1.5571319,323.54697,218.25192,9943.963,0.99990709,0.013620436,1.557175467,3.5469666,-21.748077,1.485591092,-1.557175467,-0.00212818,0.013048847,-0.03,0,0,-0.015571755
1773775647,TRUE,0.7107807,1773775647,323.53516,218.24292,64.67999,153.69232,1.5571319,323.54343,218.2492,9943.02,0.999906956,0.01363351,1.557162393,3.5434265,-21.750793,1.485496208,-1.557162393,-0.002126056,0.013050477,-0.03,0,0,-0.015571624
1773775647,TRUE,0.7107807,1773775647,323.53516,218.24292,64.67999,153.69232,1.5571319,323.54095,218.24731,9942.359,0.999906862,0.013642661,1.557153241,3.5409546,-21.752686,1.485429816,-1.557153241,-0.002124573,0.013051612,-0.03,0,0,-0.015571532
1773775647,TRUE,0.7107807,1773775647,323.53516,218.24292,64.67999,153.69232,1.5571319,323.5392,218.246,9941.896,0.999906796,0.013649068,1.557146835,3.539215,-21.753998,1.485383284,-1.557146835,-0.002123529,0.013052399,-0.03,0,0,-0.015571468
1773775647,TRUE,0.7107807,1773775647,323.53516,218.24292,64.67999,153.69232,1.5571319,323.538,218.24509,9941.573,0.99990675,0.013653552,1.55714235,3.5379944,-21.754913,1.485350679,-1.55714235,-0.002122797,0.013052949,-0.03,0,0,-0.015571424
1773775647,TRUE,0.7107807,1773775647,323.53516,218.24292,64.67999,153.69232,1.5571319,323.53714,218.24445,9941.347,0.999906718,0.013656691,1.557139211,3.53714,-21.755554,1.485327898,-1.557139211,-0.002122284,0.013053333,-0.03,0,0,-0.015571392
1773775647,TRUE,0.7107807,1773775647,323.53516,218.24292,64.67999,153.69232,1.5571319,323.53656,218.24399,9941.1875,0.999906696,0.013658888,1.557137014,3.53656,-21.756012,1.485311918,-1.557137014,-0.002121936,0.013053608,-0.03,0,0,-0.01557137
1773775647,FALSE,0.7107807,1773775647,323.53516,218.24292,64.67999,153.69232,1.5571319,,,,,,,,,,,0,0,0,0,0,0
1773775647,FALSE,0.7107807,1773775647,323.53516,218.24292,64.67999,153.69232,1.5571319,,,,,,,,,,,0,0,0,0,0,0
1773775647,FALSE,0.7107807,1773775647,323.53516,218.24292,64.67999,153.69232,1.5571319,,,,,,,,,,,0,0,0,0,0,0
1773775647,FALSE,0.7107807,1773775647,323.53516,218.24292,64.67999,153.69232,1.5571319,,,,,,,,,,,0,0,0,0,0,0
1773775647,FALSE,0.7107807,1773775647,323.53516,218.24292,64.67999,153.69232,1.5571319,,,,,,,,,,,0,0,0,0,0,0
1773775647,FALSE,0.7107807,1773775647,323.53516,218.24292,64.67999,153.69232,1.5571319,,,,,,,,,,,0,0,0,0,0,0
1773775647,FALSE,0.7107807,1773775647,323.53516,218.24292,64.67999,153.69232,1.5571319,,,,,,,,,,,0,0,0,0,0,0
1773775647,FALSE,0.7107807,1773775647,323.53516,218.24292,64.67999,153.69232,1.5571319,,,,,,,,,,,0,0,0,0,0,0
1773775647,FALSE,0.7107807,1773775647,323.53516,218.24292,64.67999,153.69232,1.5571319,,,,,,,,,,,0,0,0,0,0,0
1773775647,FALSE,0.7107807,1773775647,323.53516,218.24292,64.67999,153.69232,1.5571319,,,,,,,,,,,0,0,0,0,0,0
1773775647,FALSE,0.7107807,1773775647,323.53516,218.24292,64.67999,153.69232,1.5571319,,,,,,,,,,,0,0,0,0,0,0
1773775647,FALSE,0.7107807,1773775647,323.53516,218.24292,64.67999,153.69232,1.5571319,,,,,,,,,,,0,0,0,0,0,0
1773775647,FALSE,0.7107807,1773775647,323.53516,218.24292,64.67999,153.69232,1.5571319,,,,,,,,,,,0,0,0,0,0,0
1773775647,FALSE,0.7107807,1773775647,323.53516,218.24292,64.67999,153.69232,1.5571319,,,,,,,,,,,0,0,0,0,0,0
1773775647,FALSE,0.7107807,1773775647,323.53516,218.24292,64.67999,153.69232,1.5571319,,,,,,,,,,,0,0,0,0,0,0
1773775647,FALSE,0.7107807,1773775647,323.53516,218.24292,64.67999,153.69232,1.5571319,,,,,,,,,,,0,0,0,0,0,0
1773775647,FALSE,0.7107807,1773775647,323.53516,218.24292,64.67999,153.69232,1.5571319,,,,,,,,,,,0,0,0,0,0,0
1773775647,FALSE,0.7107807,1773775647,323.53516,218.24292,64.67999,153.69232,1.5571319,,,,,,,,,,,0,0,0,0,0,0
1773775647,FALSE,0.7107807,1773775647,323.53516,218.24292,64.67999,153.69232,1.5571319,,,,,,,,,,,0,0,0,0,0,0
1773775647,FALSE,0.7107807,1773775647,323.53516,218.24292,64.67999,153.69232,1.5571319,,,,,,,,,,,0,0,0,0,0,0
1773775647,FALSE,0.7107807,1773775647,323.53516,218.24292,64.67999,153.69232,1.5571319,,,,,,,,,,,0,0,0,0,0,0
1773775647,FALSE,0.7107807,1773775647,323.53516,218.24292,64.67999,153.69232,1.5571319,,,,,,,,,,,0,0,0,0,0,0
1773775647,FALSE,0.7107807,1773775647,323.53516,218.24292,64.67999,153.69232,1.5571319,,,,,,,,,,,0,0,0,0,0,0
1773775647,FALSE,0.7107807,1773775647,323.53516,218.24292,64.67999,153.69232,1.5571319,,,,,,,,,,,0,0,0,0,0,0
1773775647,FALSE,0.7107807,1773775647,323.53516,218.24292,64.67999,153.69232,1.5571319,,,,,,,,,,,0,0,0,0,0,0
1773775647,FALSE,0.7107807,1773775647,323.53516,218.24292,64.67999,153.69232,1.5571319,,,,,,,,,,,0,0,0,0,0,0
1773775647,FALSE,0.7107807,1773775647,323.53516,218.24292,64.67999,153.69232,1.5571319,,,,,,,,,,,0,0,0,0,0,0
1773775647,FALSE,0.7107807,1773775647,323.53516,218.24292,64.67999,153.69232,1.5571319,,,,,,,,,,,0,0,0,0,0,0
1773775647,FALSE,0.7107807,1773775647,323.53516,218.24292,64.67999,153.69232,1.5571319,,,,,,,,,,,0,0,0,0,0,0
1773775647,FALSE,0.7107807,1773775647,323.53516,218.24292,64.67999,153.69232,1.5571319,,,,,,,,,,,0,0,0,0,0,0
1773775647,FALSE,0.7107807,1773775647,323.53516,218.24292,64.67999,153.69232,1.5571319,,,,,,,,,,,0,0,0,0,0,0
1773775647,FALSE,0.7107807,1773775647,323.53516,218.24292,64.67999,153.69232,1.5571319,,,,,,,,,,,0,0,0,0,0,0
1773775647,FALSE,0.7107807,1773775647,323.53516,218.24292,64.67999,153.69232,1.5571319,,,,,,,,,,,0,0,0,0,0,0
1773775647,FALSE,0.7107807,1773775647,323.53516,218.24292,64.67999,153.69232,1.5571319,,,,,,,,,,,0,0,0,0,0,0
1773775647,FALSE,0.7107807,1773775647,323.53516,218.24292,64.67999,153.69232,1.5571319,,,,,,,,,,,0,0,0,0,0,0
1773775647,FALSE,0.7107807,1773775647,323.53516,218.24292,64.67999,153.69232,1.5571319,,,,,,,,,,,0,0,0,0,0,0
1773775647,FALSE,0.7107807,1773775647,323.53516,218.24292,64.67999,153.69232,1.5571319,,,,,,,,,,,0,0,0,0,0,0
1773775647,FALSE,0.7107807,1773775647,323.53516,218.24292,64.67999,153.69232,1.5571319,,,,,,,,,,,0,0,0,0,0,0
1773775647,FALSE,0.7107807,1773775647,323.53516,218.24292,64.67999,153.69232,1.5571319,,,,,,,,,,,0,0,0,0,0,0
1773775647,FALSE,0.7107807,1773775647,323.53516,218.24292,64.67999,153.69232,1.5571319,,,,,,,,,,,0,0,0,0,0,0
1773775647,FALSE,0.7107807,1773775647,323.53516,218.24292,64.67999,153.69232,1.5571319,,,,,,,,,,,0,0,0,0,0,0
1773775647,FALSE,0.7107807,1773775647,323.53516,218.24292,64.67999,153.69232,1.5571319,,,,,,,,,,,0,0,0,0,0,0
1773775647,FALSE,0.7107807,1773775647,323.53516,218.24292,64.67999,153.69232,1.5571319,,,,,,,,,,,0,0,0,0,0,0
1773775647,FALSE,0.7107807,1773775647,323.53516,218.24292,64.67999,153.69232,1.5571319,,,,,,,,,,,0,0,0,0,0,0
1773775647,FALSE,0.7107807,1773775647,323.53516,218.24292,64.67999,153.69232,1.5571319,,,,,,,,,,,0,0,0,0,0,0
1773775647,FALSE,0.7107807,1773775647,323.53516,218.24292,64.67999,153.69232,1.5571319,,,,,,,,,,,0,0,0,0,0,0
1773775647,FALSE,0.7107807,1773775647,323.53516,218.24292,64.67999,153.69232,1.5571319,,,,,,,,,,,0,0,0,0,0,0
1773775647,FALSE,0.7107807,1773775647,323.53516,218.24292,64.67999,153.69232,1.5571319,,,,,,,,,,,0,0,0,0,0,0
1773775647,FALSE,0.7107807,1773775647,323.53516,218.24292,64.67999,153.69232,1.5571319,,,,,,,,,,,0,0,0,0,0,0
1773775647,FALSE,0.7107807,1773775647,323.53516,218.24292,64.67999,153.69232,1.5571319,,,,,,,,,,,0,0,0,0,0,0
1773775647,FALSE,0.7107807,1773775647,323.53516,218.24292,64.67999,153.69232,1.5571319,,,,,,,,,,,0,0,0,0,0,0
1773775647,FALSE,0.7107807,1773775647,323.53516,218.24292,64.67999,153.69232,1.5571319,,,,,,,,,,,0,0,0,0,0,0
1773775647,FALSE,0.7107807,1773775647,323.53516,218.24292,64.67999,153.69232,1.5571319,,,,,,,,,,,0,0,0,0,0,0
1773775647,FALSE,0.7107807,1773775647,323.53516,218.24292,64.67999,153.69232,1.5571319,,,,,,,,,,,0,0,0,0,0,0
1773775647,FALSE,0.7107807,1773775647,323.53516,218.24292,64.67999,153.69232,1.5571319,,,,,,,,,,,0,0,0,0,0,0
1773775647,FALSE,0.7107807,1773775647,323.53516,218.24292,64.67999,153.69232,1.5571319,,,,,,,,,,,0,0,0,0,0,0
1773775647,FALSE,0.7107807,1773775647,323.53516,218.24292,64.67999,153.69232,1.5571319,,,,,,,,,,,0,0,0,0,0,0
1773775647,FALSE,0.7107807,1773775647,323.53516,218.24292,64.67999,153.69232,1.5571319,,,,,,,,,,,0,0,0,0,0,0
1773775647,FALSE,0.7107807,1773775647,323.53516,218.24292,64.67999,153.69232,1.5571319,,,,,,,,,,,0,0,0,0,0,0
1773775647,FALSE,0.7107807,1773775647,323.53516,218.24292,64.67999,153.69232,1.5571319,,,,,,,,,,,0,0,0,0,0,0
1773775647,FALSE,0.7107807,1773775647,323.53516,218.24292,64.67999,153.69232,1.5571319,,,,,,,,,,,0,0,0,0,0,0
1773775647,FALSE,0.7107807,1773775647,323.53516,218.24292,64.67999,153.69232,1.5571319,,,,,,,,,,,0,0,0,0,0,0
1773775647,FALSE,0.7107807,1773775647,323.53516,218.24292,64.67999,153.69232,1.5571319,,,,,,,,,,,0,0,0,0,0,0
1773775647,FALSE,0.7107807,1773775647,323.53516,218.24292,64.67999,153.69232,1.5571319,,,,,,,,,,,0,0,0,0,0,0
1773775648,FALSE,0.7107807,1773775647,323.53516,218.24292,64.67999,153.69232,1.5571319,,,,,,,,,,,0,0,0,0,0,0
1773775648,FALSE,0.7107807,1773775647,323.53516,218.24292,64.67999,153.69232,1.5571319,,,,,,,,,,,0,0,0,0,0,0
1773775648,FALSE,0.7107807,1773775647,323.53516,218.24292,64.67999,153.69232,1.5571319,,,,,,,,,,,0,0,0,0,0,0
1773775648,FALSE,0.7107807,1773775647,323.53516,218.24292,64.67999,153.69232,1.5571319,,,,,,,,,,,0,0,0,0,0,0
1773775648,FALSE,0.7107807,1773775647,323.53516,218.24292,64.67999,153.69232,1.5571319,,,,,,,,,,,0,0,0,0,0,0
1773775648,FALSE,0.7107807,1773775647,323.53516,218.24292,64.67999,153.69232,1.5571319,,,,,,,,,,,0,0,0,0,0,0
1773775648,FALSE,0.7107807,1773775647,323.53516,218.24292,64.67999,153.69232,1.5571319,,,,,,,,,,,0,0,0,0,0,0
1773775648,FALSE,0.7107807,1773775647,323.53516,218.24292,64.67999,153.69232,1.5571319,,,,,,,,,,,0,0,0,0,0,0
1773775648,FALSE,0.7107807,1773775647,323.53516,218.24292,64.67999,153.69232,1.5571319,,,,,,,,,,,0,0,0,0,0,0
1773775648,FALSE,0.7107807,1773775647,323.53516,218.24292,64.67999,153.69232,1.5571319,,,,,,,,,,,0,0,0,0,0,0
1773775648,FALSE,0.7107807,1773775647,323.53516,218.24292,64.67999,153.69232,1.5571319,,,,,,,,,,,0,0,0,0,0,0
1773775648,FALSE,0.7107807,1773775647,323.53516,218.24292,64.67999,153.69232,1.5571319,,,,,,,,,,,0,0,0,0,0,0
1773775648,FALSE,0.7107807,1773775647,323.53516,218.24292,64.67999,153.69232,1.5571319,,,,,,,,,,,0,0,0,0,0,0
1773775648,FALSE,0.7107807,1773775647,323.53516,218.24292,64.67999,153.69232,1.5571319,,,,,,,,,,,0,0,0,0,0,0
1773775648,FALSE,0.7107807,1773775647,323.53516,218.24292,64.67999,153.69232,1.5571319,,,,,,,,,,,0,0,0,0,0,0
1773775648,TRUE,0.32675987,1773775648,322.05698,217.7405,53.62146,125.54233,1.5651793,323.09268,218.09293,8978.36,0.999929954,0.011246306,1.559549707,3.092682,-21.907074,1.383442687,-1.559549707,-0.001855609,0.013144245,-0.03,0,0,-0.015595497
1773775648,TRUE,0.32675987,1773775648,322.05698,217.7405,53.62146,125.54233,1.5651793,322.78198,217.98718,8304.381,0.999946235,0.009557499,1.561238605,2.7819824,-22.012817,1.305408643,-1.561238605,-0.00166919,0.013207691,-0.03,0,0,-0.015612386
1773775648,TRUE,0.32675987,1773775648,322.05698,217.7405,53.62146,125.54233,1.5651793,322.56448,217.91318,7832.595,0.999957632,0.008375334,1.562420834,2.5644836,-22.086823,1.246919318,-1.562420834,-0.00153869,0.013252094,-0.03,0,0,-0.015624208
1773775648,TRUE,0.32675987,1773775648,322.05698,217.7405,53.62146,125.54233,1.5651793,322.41223,217.86136,7502.345,0.99996561,0.007547819,1.563248392,2.4122314,-22.138641,1.203841093,-1.563248392,-0.001447339,0.013283186,-0.03,0,0,-0.015632484
1773775648,TRUE,0.32675987,1773775648,322.05698,217.7405,53.62146,125.54233,1.5651793,322.30566,217.8251,7271.1704,0.999971194,0.006968558,1.563827681,2.305664,-22.174896,1.172542742,-1.563827681,-0.001383399,0.013304939,-0.03,0,0,-0.015638277
1773775648,TRUE,0.4794137,1773775648,322.4113,218.49219,53.55712,125.64681,1.567398,322.33734,218.02524,7108.604,0.999978104,0.005897501,1.564898765,2.3373413,-21.974762,1.149931288,-1.564898765,-0.001402405,0.013184858,-0.03,0,0,-0.015648988
1773775648,TRUE,0.4794137,1773775648,322.4113,218.49219,53.55712,125.64681,1.567398,322.35953,218.16531,6994.8076,0.99998294,0.005147761,1.565648523,2.3595276,-21.834686,1.133793557,-1.565648523,-0.001415717,0.013100812,-0.03,0,0,-0.015656485
1773775648,TRUE,0.4794137,1773775648,322.4113,218.49219,53.55712,125.64681,1.567398,322.37506,218.26337,6915.15,0.999986326,0.004622943,1.566173353,2.375061,-21.736633,1.122340077,-1.566173353,-0.001425037,0.013041981,-0.03,0,0,-0.015661734
1773775648,TRUE,0.4794137,1773775648,322.4113,218.49219,53.55712,125.64681,1.567398,322.38593,218.332,6859.3896,0.999988696,0.004255571,1.566540734,2.3859253,-21.668,1.114243937,-1.566540734,-0.001431555,0.0130008,-0.03,0,0,-0.015665407
1773775648,TRUE,0.4794137,1773775648,322.4113,218.49219,53.55712,125.64681,1.567398,322.39355,218.38007,6820.3574,0.999990355,0.00399841,1.5667979,2.3935547,-21.619934,1.108537352,-1.5667979,-0.001436133,0.012971961,-0.03,0,0,-0.015667979
1773775648,TRUE,0.4164165,1773775648,321.5116,220.66127,53.200996,125.97015,1.5654469,322.12897,219.06442,6784.7715,0.999988956,0.004403721,1.566392585,2.1289673,-20.935577,1.103306049,-1.566392585,-0.00127738,0.012561347,-0.03,0,0,-0.015663926
1773775648,TRUE,0.4164165,1773775648,321.5116,220.66127,53.200996,125.97015,1.5654469,321.94376,219.54349,6759.8613,0.999987977,0.004687439,1.566108866,0,-20.456512,1.099627833,-1.566108866,0,0.012273908,-0.03,0,0,-0.015661089
1773775648,TRUE,0.4164165,1773775648,321.5116,220.66127,53.200996,125.97015,1.5654469,321.81412,219.87881,6742.4243,0.999987291,0.004886042,1.565910262,0,-20.121185,1.097044969,-1.565910262,0,0.012072712,-0.03,0,0,-0.015659103
1773775648,TRUE,0.4164165,1773775648,321.5116,220.66127,53.200996,125.97015,1.5654469,321.72336,220.11356,6730.2183,0.999986811,0.005025063,1.565771239,0,-19.886444,1.095233042,-1.565771239,0,0.011931867,-0.03,0,0,-0.015657712
1773775648,TRUE,0.4164165,1773775648,321.5116,220.66127,53.200996,125.97015,1.5654469,321.65982,220.27786,6721.6743,0.999986475,0.005122379,1.565673924,0,-19.722137,1.093962745,-1.565673924,0,0.011833283,-0.03,0,0,-0.015656739
1773775648,TRUE,0.4950792,1773775648,321.9211,220.58885,53.660606,125.45289,1.5627767,321.73822,220.37115,6724.7354,0.999980886,0.005991532,1.564804752,0,-19.628845,1.094417987,-1.564804752,0,0.011777308,-0.03,0,0,-0.015648048
1773775648,TRUE,0.4950792,1773775648,321.9211,220.58885,53.660606,125.45289,1.5627767,321.7931,220.43646,6726.878,0.999976973,0.006599939,1.564196331,0,-19.563538,1.094736605,-1.564196331,0,0.011738123,-0.03,0,0,-0.015641963
1773775648,TRUE,0.4950792,1773775648,321.9211,220.58885,53.660606,125.45289,1.5627767,321.83148,220.48218,6728.378,0.999974234,0.007025824,1.563770437,0,-19.517822,1.09495957,-1.563770437,0,0.011710694,-0.03,0,0,-0.015637704
1773775648,TRUE,0.4950792,1773775648,321.9211,220.58885,53.660606,125.45289,1.5627767,321.85837,220.51419,6729.4277,0.999972317,0.007323944,1.563472311,0,-19.48581,1.095115575,-1.563472311,0,0.011691486,-0.03,0,0,-0.015634723
1773775648,TRUE,0.4950792,1773775648,321.9211,220.58885,53.660606,125.45289,1.5627767,321.8772,220.53659,6730.1626,0.999970974,0.007532627,1.563263623,0,-19.46341,1.095224749,-1.563263623,0,0.011678047,-0.03,0,0,-0.015632636
1773775648,TRUE,0.61343986,1773775648,322.43622,220.98814,52.47529,122.53079,1.5658106,322.04492,220.67206,6640.0654,0.999975953,0.006768563,1.564027705,2.0449219,-19.327942,1.081747237,-1.564027705,-0.001226953,0.011596765,-0.03,0,0,-0.015640277
1773775648,TRUE,0.61343986,1773775648,322.43622,220.98814,52.47529,122.53079,1.5658106,322.16232,220.76689,6576.9976,0.999979439,0.006233717,1.564562562,2.162323,-19.233109,1.072203747,-1.564562562,-0.001297394,0.011539865,-0.03,0,0,-0.015645626
1773775648,TRUE,0.61343986,1773775648,322.43622,220.98814,52.47529,122.53079,1.5658106,322.2445,220.83327,6532.85,0.999981878,0.005859326,1.564936962,2.2445068,-19.166733,1.065468736,-1.564936962,-0.001346704,0.01150004,-0.03,0,0,-0.01564937
1773775648,TRUE,0.61343986,1773775648,322.43622,220.98814,52.47529,122.53079,1.5658106,322.30203,220.87973,6501.947,0.999983586,0.005597251,1.565199042,2.3020325,-19.12027,1.060727093,-1.565199042,-0.00138122,0.011472163,-0.03,0,0,-0.01565199
1773775648,TRUE,0.61343986,1773775648,322.43622,220.98814,52.47529,122.53079,1.5658106,322.3423,220.91226,6480.3145,0.999984782,0.0054138,1.565382498,2.3422852,-19.087738,1.057394464,-1.565382498,-0.001405371,0.011452643,-0.03,0,0,-0.015653825
1773775648,TRUE,0.61343986,1773775648,322.43622,220.98814,52.47529,122.53079,1.5658106,322.37048,220.93503,6465.172,0.999985619,0.005285383,1.565510917,2.3704834,-19.064972,1.055055048,-1.565510917,-0.00142229,0.011438984,-0.03,0,0,-0.015655109
1773775648,TRUE,0.436087,1773775648,322.0847,222.63322,52.43631,122.936615,1.560417,322.28473,221.44449,6459.523,0.999973774,0.006813494,1.56398276,2.284729,-18.555511,1.054180893,-1.56398276,-0.001370837,0.011133308,-0.03,0,0,-0.015639828
1773775648,TRUE,0.436087,1773775648,322.0847,222.63322,52.43631,122.936615,1.560417,322.22473,221.80112,6455.569,0.999965482,0.007883171,1.562913047,2.2247314,-18.198883,1.053568545,-1.562913047,-0.001334839,0.010919331,-0.03,0,0,-0.01562913
1773775648,TRUE,0.436087,1773775648,322.0847,222.63322,52.43631,122.936615,1.560417,322.18274,222.05075,6452.801,0.999959678,0.008631945,1.562164248,2.1827393,-17.94925,1.053139729,-1.562164248,-0.001309644,0.01076955,-0.03,0,0,-0.015621642
1773775648,TRUE,0.436087,1773775648,322.0847,222.63322,52.43631,122.936615,1.560417,322.15332,222.2255,6450.8633,0.999955616,0.009156087,1.56164009,2.1533203,-17.774506,1.05283944,-1.56164009,-0.001291992,0.010664704,-0.03,0,0,-0.015616401
1773775648,TRUE,0.436087,1773775648,322.0847,222.63322,52.43631,122.936615,1.560417,322.13275,222.34781,6449.507,0.999952772,0.009522986,1.561273179,2.1327515,-17.652191,1.052629101,-1.561273179,-0.001279651,0.010591315,-0.03,0,0,-0.015612732
1773775648,TRUE,0.5464056,1773775648,322.03928,222.52893,51.73491,120.833725,1.5626068,322.1047,222.40215,6390.0513,0.99995688,0.009122917,1.561673269,2.1047058,-17.597855,1.043367722,-1.561673269,-0.001262824,0.010558713,-0.03,0,0,-0.015616733
1773775648,TRUE,0.5464056,1773775648,322.03928,222.52893,51.73491,120.833725,1.5626068,322.08508,222.44019,6348.432,0.999959756,0.008842869,1.561953332,2.085083,-17.559814,1.036833323,-1.561953332,-0.00125105,0.010535889,-0.03,0,0,-0.015619533
1773775648,TRUE,0.5464056,1773775648,322.03928,222.52893,51.73491,120.833725,1.5626068,322.07135,222.46681,6319.299,0.999961769,0.008646836,1.562149376,2.07135,-17.533188,1.032233731,-1.562149376,-0.00124281,0.010519913,-0.03,0,0,-0.015621494
1773775648,TRUE,0.5464056,1773775648,322.03928,222.52893,51.73491,120.833725,1.5626068,322.0617,222.48544,6298.906,0.999963178,0.008509612,1.562286607,2.0617065,-17.514557,1.029001364,-1.562286607,-0.001237024,0.010508735,-0.03,0,0,-0.015622866
1773775648,TRUE,0.5464056,1773775648,322.03928,222.52893,51.73491,120.833725,1.5626068,322.055,222.49849,6284.6304,0.999964164,0.008413556,1.562382668,2.0549927,-17.50151,1.026732501,-1.562382668,-0.001232996,0.010500907,-0.03,0,0,-0.015623827
1773775648,TRUE,0.43116543,1773775648,321.57632,223.22606,52.920837,122.64563,1.5643303,321.91138,222.71677,6346.394,0.999968644,0.007829272,1.56296697,0,-17.283234,1.036512198,-1.56296697,0,0.010369941,-0.03,0,0,-0.01562967
1773775648,TRUE,0.43116543,1773775648,321.57632,223.22606,52.920837,122.64563,1.5643303,321.81085,222.86955,6389.6284,0.999971779,0.007420273,1.563375981,0,-17.130447,1.043301538,-1.563375981,0,0.010278269,-0.03,0,0,-0.01563376
1773775648,TRUE,0.43116543,1773775648,321.57632,223.22606,52.920837,122.64563,1.5643303,321.74048,222.9765,6419.8926,0.999973974,0.007133974,1.563662289,0,-17.023499,1.048026855,-1.563662289,0,0.0102141,-0.03,0,0,-0.015636623
1773775648,TRUE,0.43116543,1773775648,321.57632,223.22606,52.920837,122.64563,1.5643303,321.69122,223.05136,6441.0776,0.999975511,0.006933564,1.563862704,0,-16.948639,1.051321309,-1.563862704,0,0.010169184,-0.03,0,0,-0.015638627
1773775648,TRUE,0.43116543,1773775648,321.57632,223.22606,52.920837,122.64563,1.5643303,321.65674,223.10378,6455.907,0.999976586,0.006793278,1.564002995,0,-16.896225,1.053621002,-1.564002995,0,0.010137736,-0.03,0,0,-0.01564003
1773775648,TRUE,0.43116543,1773775648,321.57632,223.22606,52.920837,122.64563,1.5643303,321.63263,223.14046,6466.2876,0.999977339,0.006695077,1.564101198,0,-16.859543,1.055227613,-1.564101198,0,0.010115726,-0.03,0,0,-0.015641012
1773775648,TRUE,0.4171326,1773775648,323.70715,225.01903,54.874367,122.74572,1.5707189,322.255,223.70404,6547.0796,0.999984136,0.004709787,1.5660865,2.255005,-16.29596,1.067644519,-1.5660865,-0.001353003,0.009777576,-0.03,0,0,-0.015660865
1773775648,TRUE,0.4171326,1773775648,323.70715,225.01903,54.874367,122.74572,1.5707189,322.69067,224.09854,6603.634,0.999988895,0.003320083,1.567476219,2.6906738,-15.901459,1.076245518,-1.567476219,-0.001614404,0.009540875,-0.03,0,0,-0.015674762
1773775648,TRUE,0.4171326,1773775648,323.70715,225.01903,54.874367,122.74572,1.5707189,322.9956,224.3747,6643.2217,0.999992225,0.002347291,1.568449022,2.9956055,-15.625305,1.082222453,-1.568449022,-0.001797363,0.009375184,-0.03,0,0,-0.01568449
1773775648,TRUE,0.4171326,1773775648,323.70715,225.01903,54.874367,122.74572,1.5707189,323.20908,224.568,6670.933,0.999994557,0.001666336,1.569129983,3.209076,-15.432007,1.086385169,-1.569129983,-0.001925446,0.009259204,-0.03,0,0,-0.0156913
1773775648,TRUE,0.4171326,1773775648,323.70715,225.01903,54.874367,122.74572,1.5707189,323.35852,224.70331,6690.3315,0.999996189,0.001189668,1.569606655,3.3585205,-15.296692,1.089288835,-1.569606655,-0.002015112,0.009178015,-0.03,0,0,-0.015696067
1773775648,TRUE,0.2662422,1773775648,324.22217,224.68495,54.76999,122.44553,1.56841,323.6176,224.6978,6695.1343,0.999996478,0.001548653,1.569247669,3.6176147,-15.3022,1.090006442,-1.569247669,-0.002170569,0.009181321,-0.03,0,0,-0.015692477
1773775648,TRUE,0.2662422,1773775648,324.22217,224.68495,54.76999,122.44553,1.56841,323.79898,224.69394,6698.496,0.99999668,0.001799943,1.56899638,3.7989807,-15.306061,1.090508436,-1.56899638,-0.002279389,0.009183637,-0.03,0,0,-0.015689964
1773775648,TRUE,0.2662422,1773775648,324.22217,224.68495,54.76999,122.44553,1.56841,323.92593,224.69124,6700.8496,0.999996822,0.001975846,1.568820477,3.9259338,-15.308762,1.090859779,-1.568820477,-0.00235556,0.009185257,-0.03,0,0,-0.015688205
1773775648,TRUE,0.2662422,1773775648,324.22217,224.68495,54.76999,122.44553,1.56841,324.0148,224.68935,6702.497,0.999996921,0.002098978,1.568697346,4.014801,-15.310654,1.091105629,-1.568697346,-0.002408881,0.009186393,-0.03,0,0,-0.015686973
1773775648,TRUE,0.2662422,1773775648,324.22217,224.68495,54.76999,122.44553,1.56841,324.07703,224.68803,6703.6504,0.999996991,0.00218517,1.568611154,4.0770264,-15.311966,1.091277688,-1.568611154,-0.002446216,0.00918718,-0.03,0,0,-0.015686112
1773775648,TRUE,0.2662422,1773775648,324.22217,224.68495,54.76999,122.44553,1.56841,324.12057,224.6871,6704.4575,0.999997039,0.002245505,1.568550819,4.120575,-15.312897,1.091398008,-1.568550819,-0.002472345,0.009187738,-0.03,0,0,-0.015685508
1773775648,TRUE,0.2662422,1773775648,324.22217,224.68495,54.76999,122.44553,1.56841,324.15106,224.68646,6705.0225,0.999997073,0.002287739,1.568508585,4.151062,-15.313538,1.091482295,-1.568508585,-0.002490637,0.009188123,-0.03,0,0,-0.015685086
1773775648,TRUE,0.2662422,1773775648,324.22217,224.68495,54.76999,122.44553,1.56841,324.1724,224.686,6705.418,0.999997097,0.002317303,1.568479021,4.172394,-15.313995,1.091541284,-1.568479021,-0.002503436,0.009188398,-0.03,0,0,-0.01568479
1773775648,TRUE,0.2662422,1773775648,324.22217,224.68495,54.76999,122.44553,1.56841,324.18732,224.68568,6705.695,0.999997114,0.002337998,1.568458327,4.187317,-15.314316,1.091582582,-1.568458327,-0.00251239,0.00918859,-0.03,0,0,-0.015684583
1773775648,TRUE,0.2662422,1773775648,324.22217,224.68495,54.76999,122.44553,1.56841,324.19778,224.68547,6705.8887,0.999997126,0.002352484,1.56844384,4.1977844,-15.314529,1.091611474,-1.56844384,-0.002518671,0.009188718,-0.03,0,0,-0.015684438
1773775648,TRUE,0.32649684,1773775648,321.2978,223.24821,52.720543,123.08102,1.5629437,323.3278,224.2543,6640.7915,0.999988738,0.004002504,1.566793799,3.3277893,-15.745697,1.081856587,-1.566793799,-0.001996674,0.009447419,-0.03,0,0,-0.015667938
1773775648,TRUE,0.32649684,1773775648,321.2978,223.24821,52.720543,123.08102,1.5629437,322.7188,223.95248,6595.2236,0.999982867,0.005157517,1.565638767,2.718811,-16.047516,1.074971117,-1.565638767,-0.001631287,0.00962851,-0.03,0,0,-0.015656388
1773775648,TRUE,0.32649684,1773775648,321.2978,223.24821,52.720543,123.08102,1.5629437,322.2925,223.74121,6563.3257,0.999978758,0.005966027,1.564830244,2.292511,-16.25879,1.070122916,-1.564830244,-0.001375507,0.009755274,-0.03,0,0,-0.015648302
1773775648,TRUE,0.32649684,1773775648,321.2978,223.24821,52.720543,123.08102,1.5629437,321.99408,223.59332,6540.9976,0.999975881,0.006531984,1.564264279,0,-16.406677,1.066715093,-1.564264279,0,0.009844007,-0.03,0,0,-0.015642643
1773775648,TRUE,0.32649684,1773775648,321.2978,223.24821,52.720543,123.08102,1.5629437,321.78522,223.48978,6525.3677,0.999973867,0.006928153,1.563868103,0,-16.510223,1.06432273,-1.563868103,0,0.009906135,-0.03,0,0,-0.015638681
1773775648,TRUE,0.32649684,1773775648,321.2978,223.24821,52.720543,123.08102,1.5629437,321.63898,223.4173,6514.427,0.999972457,0.007205472,1.563590781,0,-16.582703,1.062644672,-1.563590781,0,0.009949622,-0.03,0,0,-0.015635908
1773775648,TRUE,0.32649684,1773775648,321.2978,223.24821,52.720543,123.08102,1.5629437,321.53662,223.36658,6506.768,0.999971471,0.007399595,1.563396656,0,-16.633423,1.061468288,-1.563396656,0,0.009980055,-0.03,0,0,-0.015633967
1773775648,TRUE,0.32649684,1773775648,321.2978,223.24821,52.720543,123.08102,1.5629437,321.46497,223.33105,6501.407,0.99997078,0.007535481,1.563260768,0,-16.668945,1.060644052,-1.563260768,0,0.010001368,-0.03,0,0,-0.015632608
1773775648,TRUE,0.32649684,1773775648,321.2978,223.24821,52.720543,123.08102,1.5629437,321.4148,223.30621,6497.6543,0.999970296,0.007630602,1.563165647,0,-16.693787,1.060066708,-1.563165647,0,0.010016273,-0.03,0,0,-0.015631656
1773775648,TRUE,0.32649684,1773775648,321.2978,223.24821,52.720543,123.08102,1.5629437,321.3797,223.28882,6495.0273,0.999969958,0.007697186,1.563099062,0,-16.711182,1.059662319,-1.563099062,0,0.010026709,-0.03,0,0,-0.015630991
1773775648,TRUE,0.32649684,1773775648,321.2978,223.24821,52.720543,123.08102,1.5629437,321.35513,223.27664,6493.1885,0.999969721,0.007743795,1.563052452,0,-16.723358,1.059379108,-1.563052452,0,0.010034015,-0.03,0,0,-0.015630525
1773775648,TRUE,0.32649684,1773775648,321.2978,223.24821,52.720543,123.08102,1.5629437,321.33795,223.2681,6491.9014,0.999969555,0.007776421,1.563019826,0,-16.731903,1.059180887,-1.563019826,0,0.010039142,-0.03,0,0,-0.015630198
1773775648,TRUE,0.32649684,1773775648,321.2978,223.24821,52.720543,123.08102,1.5629437,321.32593,223.26212,6491.0005,0.999969439,0.00779926,1.562996987,0,-16.737885,1.059042075,-1.562996987,0,0.010042732,-0.03,0,0,-0.01562997
1773775648,TRUE,0.32649684,1773775648,321.2978,223.24821,52.720543,123.08102,1.5629437,321.3175,223.25793,6490.3696,0.999969358,0.007815246,1.562981,0,-16.742065,1.058944921,-1.562981,0,0.01004524,-0.03,0,0,-0.01562981
1773775648,TRUE,0.32649684,1773775648,321.2978,223.24821,52.720543,123.08102,1.5629437,321.31158,223.255,6489.928,0.999969301,0.007826437,1.562969809,0,-16.744995,1.058876949,-1.562969809,0,0.010046997,-0.03,0,0,-0.015629698
1773775648,TRUE,0.32649684,1773775648,321.2978,223.24821,52.720543,123.08102,1.5629437,321.30743,223.25296,6489.619,0.999969261,0.007834271,1.562961975,0,-16.74704,1.058829315,-1.562961975,0,0.010048225,-0.03,0,0,-0.01562962
1773775648,TRUE,0.32649684,1773775648,321.2978,223.24821,52.720543,123.08102,1.5629437,321.30457,223.25153,6489.403,0.999969233,0.007839754,1.562956492,0,-16.748474,1.058795988,-1.562956492,0,0.010049085,-0.03,0,0,-0.015629565
1773775648,TRUE,0.32649684,1773775648,321.2978,223.24821,52.720543,123.08102,1.5629437,321.30255,223.25052,6489.2515,0.999969214,0.007843593,1.562952653,0,-16.749481,1.058772666,-1.562952653,0,0.01004969,-0.03,0,0,-0.015629527
1773775648,TRUE,0.32649684,1773775648,321.2978,223.24821,52.720543,123.08102,1.5629437,321.30115,223.24982,6489.1455,0.9999692,0.00784628,1.562949966,0,-16.750183,1.05875629,-1.562949966,0,0.010050111,-0.03,0,0,-0.0156295
1773775648,TRUE,0.32649684,1773775648,321.2978,223.24821,52.720543,123.08102,1.5629437,321.30014,223.24933,6489.0713,0.999969191,0.00784816,1.562948086,0,-16.750671,1.058744877,-1.562948086,0,0.010050403,-0.03,0,0,-0.015629481
1773775648,FALSE,0.32649684,1773775648,321.2978,223.24821,52.720543,123.08102,1.5629437,,,,,,,,,,,0,0,0,0,0,0
1773775648,FALSE,0.32649684,1773775648,321.2978,223.24821,52.720543,123.08102,1.5629437,,,,,,,,,,,0,0,0,0,0,0
1773775648,FALSE,0.32649684,1773775648,321.2978,223.24821,52.720543,123.08102,1.5629437,,,,,,,,,,,0,0,0,0,0,0
1773775648,FALSE,0.32649684,1773775648,321.2978,223.24821,52.720543,123.08102,1.5629437,,,,,,,,,,,0,0,0,0,0,0
1773775648,FALSE,0.32649684,1773775648,321.2978,223.24821,52.720543,123.08102,1.5629437,,,,,,,,,,,0,0,0,0,0,0
1773775648,TRUE,0.44329607,1773775648,320.88782,223.4457,52.278114,121.55885,1.5653765,321.17645,223.30823,6448.81,0.999974027,0.007119646,1.563676616,0,-16.691772,1.052521085,-1.563676616,0,0.010015064,-0.03,0,0,-0.015636766
1773775648,TRUE,0.44329607,1773775648,320.88782,223.4457,52.278114,121.55885,1.5653765,321.08987,223.34946,6420.6274,0.999977413,0.006609686,1.564186587,0,-16.650543,1.048141292,-1.564186587,0,0.009990326,-0.03,0,0,-0.015641866
1773775648,TRUE,0.44329607,1773775648,320.88782,223.4457,52.278114,121.55885,1.5653765,321.02927,223.37833,6400.8994,0.999979783,0.006252715,1.564543567,0,-16.621674,1.045063992,-1.564543567,0,0.009973004,-0.03,0,0,-0.015645436
1773775649,TRUE,0.44329607,1773775648,320.88782,223.4457,52.278114,121.55885,1.5653765,320.98685,223.39853,6387.09,0.999981442,0.006002834,1.564793453,0,-16.60147,1.042904175,-1.564793453,0,0.009960883,-0.03,0,0,-0.015647935
1773775649,TRUE,0.44329607,1773775648,320.88782,223.4457,52.278114,121.55885,1.5653765,320.95715,223.41269,6377.4233,0.999982603,0.005827918,1.564968373,0,-16.58731,1.041389556,-1.564968373,0,0.009952387,-0.03,0,0,-0.015649684
1773775649,TRUE,0.33360985,1773775649,323.05328,224.68965,54.52548,121.350746,1.573082,321.586,223.79578,6449.2085,0.999987039,0.00339385,1.567402446,0,-16.204224,1.052582833,-1.567402446,0,0.009722535,-0.03,0,0,-0.015674024
1773775649,TRUE,0.33360985,1773775649,323.05328,224.68965,54.52548,121.350746,1.573082,322.02618,224.06393,6499.458,0.999990143,0.001690003,1.569106309,2.026184,-15.936066,1.060344192,-1.569106309,-0.001215711,0.00956164,-0.03,0,0,-0.015691063
1773775649,TRUE,0.33360985,1773775649,323.05328,224.68965,54.52548,121.350746,1.573082,322.33432,224.25165,6534.633,0.999992317,0.000497309,1.570299014,2.33432,-15.748352,1.065741604,-1.570299014,-0.001400592,0.009449012,-0.03,0,0,-0.01570299
1773775649,TRUE,0.33360985,1773775649,323.05328,224.68965,54.52548,121.350746,1.573082,322.55002,224.38306,6559.255,0.999993838,-0.000337576,1.571133905,2.5500183,-15.616943,1.069502419,-1.571133905,-0.001530011,0.009370167,-0.03,0,0,-0.015711339
1773775649,TRUE,0.33360985,1773775649,323.05328,224.68965,54.52548,121.350746,1.573082,322.701,224.47504,6576.4907,0.999994903,-0.000921995,1.571718327,2.7009888,-15.524963,1.072126714,-1.571718327,-0.001620593,0.009314979,-0.03,0,0,-0.015717183
1773775649,TRUE,0.33360985,1773775649,323.05328,224.68965,54.52548,121.350746,1.573082,322.80667,224.53943,6588.5557,0.999995649,-0.001331089,1.572127421,2.8066711,-15.460571,1.073959614,-1.572127421,-0.001684003,0.009276344,-0.03,0,0,-0.015721274
1773775649,TRUE,0.3369161,1773775649,321.27484,223.74487,52.61338,121.90861,1.5673695,322.3471,224.30106,6536.1963,0.999995192,9.63E-05,1.570700031,2.347107,-15.698944,1.065980816,-1.570700031,-0.001408264,0.009419367,-0.03,0,0,-0.015707
1773775649,TRUE,0.3369161,1773775649,321.27484,223.74487,52.61338,121.90861,1.5673695,322.02542,224.13422,6499.545,0.999994873,0.001095464,1.569700857,2.0254211,-15.865784,1.060357569,-1.569700857,-0.001215253,0.009519471,-0.03,0,0,-0.015697009
1773775649,TRUE,0.3369161,1773775649,321.27484,223.74487,52.61338,121.90861,1.5673695,321.80023,224.01743,6473.8887,0.99999465,0.001794883,1.569001436,0,-15.982574,1.056402404,-1.569001436,0,0.009589545,-0.03,0,0,-0.015690014
1773775649,TRUE,0.3369161,1773775649,321.27484,223.74487,52.61338,121.90861,1.5673695,321.6426,223.93567,6455.9297,0.999994493,0.002284476,1.568511843,0,-16.064331,1.053624493,-1.568511843,0,0.009638599,-0.03,0,0,-0.015685118
1773775649,TRUE,0.3369161,1773775649,321.27484,223.74487,52.61338,121.90861,1.5673695,321.5323,223.87842,6443.3584,0.999994384,0.002627191,1.568169127,0,-16.121582,1.051675362,-1.568169127,0,0.00967295,-0.03,0,0,-0.015681691
1773775649,TRUE,0.34163782,1773775649,322.98373,224.84329,55.01355,121.090225,1.5692866,321.9677,224.16788,6508.8315,0.999995727,0.002291956,1.568504365,0,-15.832123,1.061785374,-1.568504365,0,0.009499274,-0.03,0,0,-0.015685044
1773775649,TRUE,0.34163782,1773775649,322.98373,224.84329,55.01355,121.090225,1.5692866,322.27252,224.3705,6554.663,0.999996667,0.002057292,1.568739031,2.272522,-15.629501,1.06880212,-1.568739031,-0.001363513,0.009377701,-0.03,0,0,-0.01568739
1773775649,TRUE,0.34163782,1773775649,322.98373,224.84329,55.01355,121.090225,1.5692866,322.4859,224.51233,6586.745,0.999997325,0.001893026,1.568903298,2.4859009,-15.487671,1.073684743,-1.568903298,-0.001491541,0.009292603,-0.03,0,0,-0.015689033
1773775649,TRUE,0.34163782,1773775649,322.98373,224.84329,55.01355,121.090225,1.5692866,322.63525,224.61162,6609.2026,0.999997786,0.001778041,1.569018284,2.635254,-15.388382,1.077088425,-1.569018284,-0.001581152,0.00923303,-0.03,0,0,-0.015690183
1773775649,TRUE,0.34163782,1773775649,322.98373,224.84329,55.01355,121.090225,1.5692866,322.7398,224.68112,6624.923,0.999998108,0.001697551,1.569098774,2.7398071,-15.318878,1.079464168,-1.569098774,-0.001643884,0.009191328,-0.03,0,0,-0.015690988
1773775649,TRUE,0.34163782,1773775649,322.98373,224.84329,55.01355,121.090225,1.5692866,322.813,224.72977,6635.927,0.999998334,0.001641208,1.569155117,2.8129883,-15.270233,1.081123805,-1.569155117,-0.001687793,0.00916214,-0.03,0,0,-0.015691551
1773775649,TRUE,0.34163782,1773775649,322.98373,224.84329,55.01355,121.090225,1.5692866,322.8642,224.76382,6643.6294,0.999998492,0.001601768,1.569194558,2.8641968,-15.236176,1.082283849,-1.569194558,-0.001718518,0.009141706,-0.03,0,0,-0.015691946
1773775649,TRUE,0.34163782,1773775649,322.98373,224.84329,55.01355,121.090225,1.5692866,322.90005,224.78766,6649.0215,0.999998602,0.00157416,1.569222166,2.900055,-15.212341,1.083095128,-1.569222166,-0.001740033,0.009127406,-0.03,0,0,-0.015692222
1773775649,TRUE,0.34163782,1773775649,322.98373,224.84329,55.01355,121.090225,1.5692866,322.92517,224.80435,6652.796,0.99999868,0.001554834,1.569241492,2.925171,-15.195648,1.08366264,-1.569241492,-0.001755103,0.009117389,-0.03,0,0,-0.015692415
1773775649,TRUE,0.34163782,1773775649,322.98373,224.84329,55.01355,121.090225,1.5692866,322.94275,224.81602,6655.438,0.999998734,0.001541307,1.56925502,2.942749,-15.183975,1.084059699,-1.56925502,-0.00176565,0.009110386,-0.03,0,0,-0.01569255
1773775649,TRUE,0.34163782,1773775649,322.98373,224.84329,55.01355,121.090225,1.5692866,322.95505,224.8242,6657.2876,0.999998772,0.001531837,1.569264489,2.9550476,-15.1757965,1.084337539,-1.569264489,-0.001773029,0.009105478,-0.03,0,0,-0.015692645
1773775649,TRUE,0.34163782,1773775649,322.98373,224.84329,55.01355,121.090225,1.5692866,322.96365,224.82993,6658.582,0.999998798,0.001525208,1.569271118,2.9636536,-15.170074,1.084531964,-1.569271118,-0.001778192,0.009102046,-0.03,0,0,-0.015692711
1773775649,TRUE,0.34163782,1773775649,322.98373,224.84329,55.01355,121.090225,1.5692866,322.96967,224.83394,6659.4883,0.999998817,0.001520568,1.569275758,2.9696655,-15.166061,1.084668088,-1.569275758,-0.001781799,0.009099637,-0.03,0,0,-0.015692758
1773775649,TRUE,0.34163782,1773775649,322.98373,224.84329,55.01355,121.090225,1.5692866,322.97388,224.83675,6660.1226,0.99999883,0.00151732,1.569279006,2.973877,-15.163254,1.08476334,-1.569279006,-0.001784326,0.009097952,-0.03,0,0,-0.01569279
1773775649,TRUE,0.34163782,1773775649,322.98373,224.84329,55.01355,121.090225,1.5692866,322.97684,224.83871,6660.567,0.999998839,0.001515047,1.56928128,2.9768372,-15.161285,1.084830058,-1.56928128,-0.001786102,0.009096772,-0.03,0,0,-0.015692813
1773775649,TRUE,0.34163782,1773775649,322.98373,224.84329,55.01355,121.090225,1.5692866,322.9789,224.84009,6660.878,0.999998845,0.001513455,1.569282871,2.9789124,-15.159912,1.084876711,-1.569282871,-0.001787348,0.009095947,-0.03,0,0,-0.015692829
1773775649,TRUE,0.34163782,1773775649,322.98373,224.84329,55.01355,121.090225,1.5692866,322.98035,224.84105,6661.095,0.99999885,0.001512341,1.569283985,2.9803467,-15.158951,1.084909342,-1.569283985,-0.001788208,0.009095371,-0.03,0,0,-0.01569284
1773775649,TRUE,0.34163782,1773775649,322.98373,224.84329,55.01355,121.090225,1.5692866,322.98138,224.84172,6661.2476,0.999998853,0.001511561,1.569284765,2.9813843,-15.158279,1.084932223,-1.569284765,-0.001788831,0.009094968,-0.03,0,0,-0.015692848
1773775649,TRUE,0.34163782,1773775649,322.98373,224.84329,55.01355,121.090225,1.5692866,322.9821,224.8422,6661.354,0.999998855,0.001511015,1.569285311,2.9820862,-15.157806,1.084948176,-1.569285311,-0.001789252,0.009094684,-0.03,0,0,-0.015692853
1773775649,TRUE,0.34163782,1773775649,322.98373,224.84329,55.01355,121.090225,1.5692866,322.9826,224.84251,6661.4287,0.999998857,0.001510633,1.569285693,2.982605,-15.157486,1.084959455,-1.569285693,-0.001789563,0.009094492,-0.03,0,0,-0.015692857
1773775649,FALSE,0.34163782,1773775649,322.98373,224.84329,55.01355,121.090225,1.5692866,,,,,,,,,,,0,0,0,0,0,0
1773775649,FALSE,0.34163782,1773775649,322.98373,224.84329,55.01355,121.090225,1.5692866,,,,,,,,,,,0,0,0,0,0,0
1773775649,FALSE,0.34163782,1773775649,322.98373,224.84329,55.01355,121.090225,1.5692866,,,,,,,,,,,0,0,0,0,0,0
1773775649,FALSE,0.34163782,1773775649,322.98373,224.84329,55.01355,121.090225,1.5692866,,,,,,,,,,,0,0,0,0,0,0
1773775649,FALSE,0.34163782,1773775649,322.98373,224.84329,55.01355,121.090225,1.5692866,,,,,,,,,,,0,0,0,0,0,0
1773775649,FALSE,0.34163782,1773775649,322.98373,224.84329,55.01355,121.090225,1.5692866,,,,,,,,,,,0,0,0,0,0,0
1773775649,FALSE,0.34163782,1773775649,322.98373,224.84329,55.01355,121.090225,1.5692866,,,,,,,,,,,0,0,0,0,0,0
1773775649,FALSE,0.34163782,1773775649,322.98373,224.84329,55.01355,121.090225,1.5692866,,,,,,,,,,,0,0,0,0,0,0
1773775649,FALSE,0.34163782,1773775649,322.98373,224.84329,55.01355,121.090225,1.5692866,,,,,,,,,,,0,0,0,0,0,0
1773775649,FALSE,0.34163782,1773775649,322.98373,224.84329,55.01355,121.090225,1.5692866,,,,,,,,,,,0,0,0,0,0,0
1773775649,FALSE,0.34163782,1773775649,322.98373,224.84329,55.01355,121.090225,1.5692866,,,,,,,,,,,0,0,0,0,0,0
1773775649,FALSE,0.34163782,1773775649,322.98373,224.84329,55.01355,121.090225,1.5692866,,,,,,,,,,,0,0,0,0,0,0
1773775649,FALSE,0.34163782,1773775649,322.98373,224.84329,55.01355,121.090225,1.5692866,,,,,,,,,,,0,0,0,0,0,0
1773775649,FALSE,0.34163782,1773775649,322.98373,224.84329,55.01355,121.090225,1.5692866,,,,,,,,,,,0,0,0,0,0,0
1773775649,FALSE,0.34163782,1773775649,322.98373,224.84329,55.01355,121.090225,1.5692866,,,,,,,,,,,0,0,0,0,0,0
1773775649,FALSE,0.34163782,1773775649,322.98373,224.84329,55.01355,121.090225,1.5692866,,,,,,,,,,,0,0,0,0,0,0
1773775649,FALSE,0.34163782,1773775649,322.98373,224.84329,55.01355,121.090225,1.5692866,,,,,,,,,,,0,0,0,0,0,0
1773775649,FALSE,0.34163782,1773775649,322.98373,224.84329,55.01355,121.090225,1.5692866,,,,,,,,,,,0,0,0,0,0,0
1773775649,FALSE,0.34163782,1773775649,322.98373,224.84329,55.01355,121.090225,1.5692866,,,,,,,,,,,0,0,0,0,0,0
1773775649,FALSE,0.34163782,1773775649,322.98373,224.84329,55.01355,121.090225,1.5692866,,,,,,,,,,,0,0,0,0,0,0
1773775649,FALSE,0.34163782,1773775649,322.98373,224.84329,55.01355,121.090225,1.5692866,,,,,,,,,,,0,0,0,0,0,0
1773775649,FALSE,0.34163782,1773775649,322.98373,224.84329,55.01355,121.090225,1.5692866,,,,,,,,,,,0,0,0,0,0,0
1773775649,FALSE,0.34163782,1773775649,322.98373,224.84329,55.01355,121.090225,1.5692866,,,,,,,,,,,0,0,0,0,0,0
1773775649,FALSE,0.34163782,1773775649,322.98373,224.84329,55.01355,121.090225,1.5692866,,,,,,,,,,,0,0,0,0,0,0
1773775649,FALSE,0.34163782,1773775649,322.98373,224.84329,55.01355,121.090225,1.5692866,,,,,,,,,,,0,0,0,0,0,0
1773775649,FALSE,0.34163782,1773775649,322.98373,224.84329,55.01355,121.090225,1.5692866,,,,,,,,,,,0,0,0,0,0,0
1773775649,FALSE,0.34163782,1773775649,322.98373,224.84329,55.01355,121.090225,1.5692866,,,,,,,,,,,0,0,0,0,0,0
1773775649,FALSE,0.34163782,1773775649,322.98373,224.84329,55.01355,121.090225,1.5692866,,,,,,,,,,,0,0,0,0,0,0
1773775649,FALSE,0.34163782,1773775649,322.98373,224.84329,55.01355,121.090225,1.5692866,,,,,,,,,,,0,0,0,0,0,0
1773775649,FALSE,0.34163782,1773775649,322.98373,224.84329,55.01355,121.090225,1.5692866,,,,,,,,,,,0,0,0,0,0,0
1773775649,FALSE,0.34163782,1773775649,322.98373,224.84329,55.01355,121.090225,1.5692866,,,,,,,,,,,0,0,0,0,0,0
1773775649,FALSE,0.34163782,1773775649,322.98373,224.84329,55.01355,121.090225,1.5692866,,,,,,,,,,,0,0,0,0,0,0
1773775649,FALSE,0.34163782,1773775649,322.98373,224.84329,55.01355,121.090225,1.5692866,,,,,,,,,,,0,0,0,0,0,0
1773775649,FALSE,0.34163782,1773775649,322.98373,224.84329,55.01355,121.090225,1.5692866,,,,,,,,,,,0,0,0,0,0,0
1773775649,FALSE,0.34163782,1773775649,322.98373,224.84329,55.01355,121.090225,1.5692866,,,,,,,,,,,0,0,0,0,0,0
1773775649,FALSE,0.34163782,1773775649,322.98373,224.84329,55.01355,121.090225,1.5692866,,,,,,,,,,,0,0,0,0,0,0
1773775649,FALSE,0.34163782,1773775649,322.98373,224.84329,55.01355,121.090225,1.5692866,,,,,,,,,,,0,0,0,0,0,0
1773775649,FALSE,0.34163782,1773775649,322.98373,224.84329,55.01355,121.090225,1.5692866,,,,,,,,,,,0,0,0,0,0,0
1773775649,FALSE,0.34163782,1773775649,322.98373,224.84329,55.01355,121.090225,1.5692866,,,,,,,,,,,0,0,0,0,0,0
1773775649,FALSE,0.34163782,1773775649,322.98373,224.84329,55.01355,121.090225,1.5692866,,,,,,,,,,,0,0,0,0,0,0
1773775649,FALSE,0.34163782,1773775649,322.98373,224.84329,55.01355,121.090225,1.5692866,,,,,,,,,,,0,0,0,0,0,0
1773775649,FALSE,0.34163782,1773775649,322.98373,224.84329,55.01355,121.090225,1.5692866,,,,,,,,,,,0,0,0,0,0,0
1773775649,FALSE,0.34163782,1773775649,322.98373,224.84329,55.01355,121.090225,1.5692866,,,,,,,,,,,0,0,0,0,0,0
1773775649,FALSE,0.34163782,1773775649,322.98373,224.84329,55.01355,121.090225,1.5692866,,,,,,,,,,,0,0,0,0,0,0
1773775649,FALSE,0.34163782,1773775649,322.98373,224.84329,55.01355,121.090225,1.5692866,,,,,,,,,,,0,0,0,0,0,0
1773775649,FALSE,0.34163782,1773775649,322.98373,224.84329,55.01355,121.090225,1.5692866,,,,,,,,,,,0,0,0,0,0,0
1773775649,FALSE,0.34163782,1773775649,322.98373,224.84329,55.01355,121.090225,1.5692866,,,,,,,,,,,0,0,0,0,0,0
1773775649,FALSE,0.34163782,1773775649,322.98373,224.84329,55.01355,121.090225,1.5692866,,,,,,,,,,,0,0,0,0,0,0
1773775649,FALSE,0.34163782,1773775649,322.98373,224.84329,55.01355,121.090225,1.5692866,,,,,,,,,,,0,0,0,0,0,0
1773775649,FALSE,0.34163782,1773775649,322.98373,224.84329,55.01355,121.090225,1.5692866,,,,,,,,,,,0,0,0,0,0,0
1773775649,FALSE,0.34163782,1773775649,322.98373,224.84329,55.01355,121.090225,1.5692866,,,,,,,,,,,0,0,0,0,0,0
1773775649,FALSE,0.34163782,1773775649,322.98373,224.84329,55.01355,121.090225,1.5692866,,,,,,,,,,,0,0,0,0,0,0
1773775649,FALSE,0.34163782,1773775649,322.98373,224.84329,55.01355,121.090225,1.5692866,,,,,,,,,,,0,0,0,0,0,0
1773775649,FALSE,0.34163782,1773775649,322.98373,224.84329,55.01355,121.090225,1.5692866,,,,,,,,,,,0,0,0,0,0,0
1773775649,TRUE,0.31519207,1773775649,322.83505,229.4757,56.942398,124.590935,1.5661092,322.93832,226.23247,6791.352,0.999995904,0.002463582,1.56833274,2.938324,-13.767532,1.104275512,-1.56833274,-0.001762994,0.00826052,-0.03,0,0,-0.015683327
1773775649,TRUE,0.31519207,1773775649,322.83505,229.4757,56.942398,124.590935,1.5661092,322.90735,227.20544,6882.2983,0.999993838,0.003130646,1.567665672,2.9073486,-12.794556,1.117578056,-1.567665672,-0.001744409,0.007676734,-0.03,0,0,-0.015676657
1773775649,TRUE,0.31519207,1773775649,322.83505,229.4757,56.942398,124.590935,1.5661092,322.88565,227.88652,6945.961,0.999992391,0.003597591,1.567198724,2.8856506,-12.11348,1.126785733,-1.567198724,-0.001731391,0.007268088,-0.03,0,0,-0.015671987
1773775649,TRUE,0.31519207,1773775649,322.83505,229.4757,56.942398,124.590935,1.5661092,322.87048,228.36328,6990.5244,0.999991378,0.003924452,1.566871861,2.8704834,-11.636719,1.133181023,-1.566871861,-0.00172229,0.006982032,-0.03,0,0,-0.015668719
1773775649,TRUE,0.31519207,1773775649,322.83505,229.4757,56.942398,124.590935,1.5661092,322.85986,228.697,7021.719,0.999990669,0.004153255,1.566643056,2.8598633,-11.302994,1.137633499,-1.566643056,-0.001715918,0.006781797,-0.03,0,0,-0.015666431
1773775649,TRUE,0.49164936,1773775649,322.09384,232.55794,57.43977,125.82856,1.5740081,322.63007,229.85529,7083.4727,0.999991921,0.001943746,1.568852567,2.630066,-10.144714,1.146389713,-1.568852567,-0.00157804,0.006086829,-0.03,0,0,-0.015688526
1773775649,TRUE,0.49164936,1773775649,322.09384,232.55794,57.43977,125.82856,1.5740081,322.4692,230.66608,7126.6997,0.999992798,0.00039709,1.570399234,2.4692078,-9.333923,1.152473671,-1.570399234,-0.001481525,0.005600354,-0.03,0,0,-0.015703992
1773775649,TRUE,0.49164936,1773775649,322.09384,232.55794,57.43977,125.82856,1.5740081,322.3566,231.23364,7156.959,0.999993411,-0.000685569,1.571481901,2.356598,-8.766357,1.156710636,-1.571481901,-0.001413959,0.005259815,-0.03,0,0,-0.015714819
1773775649,TRUE,0.49164936,1773775649,322.09384,232.55794,57.43977,125.82856,1.5740081,322.27777,231.63092,7178.14,0.99999384,-0.001443431,1.572239766,2.277771,-8.36908,1.159665785,-1.572239766,-0.001366663,0.005021448,-0.03,0,0,-0.015722398
1773775649,TRUE,0.49164936,1773775649,322.09384,232.55794,57.43977,125.82856,1.5740081,322.2226,231.90903,7192.9673,0.999994141,-0.001973934,1.57277027,2.2225952,-8.090973,1.161729213,-1.57277027,-0.001333557,0.004854584,-0.03,0,0,-0.015727703
1773775649,TRUE,0.49164936,1773775649,322.09384,232.55794,57.43977,125.82856,1.5740081,322.18396,232.1037,7203.346,0.999994351,-0.002345286,1.573141622,2.18396,-7.8963013,1.16317109,-1.573141622,-0.001310376,0.004737781,-0.03,0,0,-0.015731416
1773775649,TRUE,0.59622276,1773775649,321.61557,232.50417,55.724915,124.506744,1.5747741,322.01343,232.22383,7123.781,0.999993672,-0.002835043,1.57363138,2.0134277,-7.776169,1.152064,-1.57363138,-0.001208057,0.004665702,-0.03,0,0,-0.015736314
1773775649,TRUE,0.59622276,1773775649,321.61557,232.50417,55.724915,124.506744,1.5747741,321.89407,232.30794,7068.085,0.999993197,-0.003177873,1.573974211,0,-7.6920624,1.144215013,-1.573974211,0,0.004615238,-0.03,0,0,-0.015739742
1773775650,TRUE,0.59622276,1773775649,321.61557,232.50417,55.724915,124.506744,1.5747741,321.81052,232.3668,7029.0977,0.999992865,-0.003417854,1.574214191,0,-7.633194,1.138683803,-1.574214191,0,0.004579917,-0.03,0,0,-0.015742142
1773775650,TRUE,0.59622276,1773775649,321.61557,232.50417,55.724915,124.506744,1.5747741,321.75204,232.40802,7001.8066,0.999992632,-0.00358584,1.574382178,0,-7.59198,1.134793634,-1.574382178,0,0.004555188,-0.03,0,0,-0.015743822
1773775650,TRUE,0.59622276,1773775649,321.61557,232.50417,55.724915,124.506744,1.5747741,321.7111,232.43686,6982.703,0.999992469,-0.003703431,1.574499769,0,-7.563141,1.132061514,-1.574499769,0,0.004537885,-0.03,0,0,-0.015744998
1773775650,TRUE,0.6576247,1773775650,322.00302,233.22714,56.03859,123.55234,1.5745665,321.79868,232.67395,6965.002,0.999992596,-0.003723446,1.574519783,0,-7.32605,1.129523347,-1.574519783,0,0.00439563,-0.03,0,0,-0.015745198
1773775650,TRUE,0.6576247,1773775650,322.00302,233.22714,56.03859,123.55234,1.5745665,321.86,232.8399,6952.6113,0.999992685,-0.003737456,1.574533793,0,-7.160095,1.127742744,-1.574533793,0,0.004296057,-0.03,0,0,-0.015745338
1773775650,TRUE,0.6576247,1773775650,322.00302,233.22714,56.03859,123.55234,1.5745665,321.9029,232.95609,6943.9375,0.999992747,-0.003747264,1.5745436,0,-7.043915,1.126494401,-1.5745436,0,0.004226349,-0.03,0,0,-0.015745436
1773775650,TRUE,0.6576247,1773775650,322.00302,233.22714,56.03859,123.55234,1.5745665,321.93292,233.03741,6937.866,0.999992791,-0.003754129,1.574550465,0,-6.9625854,1.125619742,-1.574550465,0,0.004177551,-0.03,0,0,-0.015745505
1773775650,TRUE,0.6576247,1773775650,322.00302,233.22714,56.03859,123.55234,1.5745665,321.95395,233.09433,6933.616,0.999992822,-0.003758935,1.574555271,0,-6.90567,1.1250069,-1.574555271,0,0.004143402,-0.03,0,0,-0.015745553
1773775650,TRUE,0.4332802,1773775650,321.6803,232.93651,56.206856,123.58388,1.5750978,321.87186,233.047,6937.4097,0.9999922,-0.003921692,1.574718029,0,-6.953003,1.12555391,-1.574718029,0,0.004171802,-0.03,0,0,-0.01574718
1773775650,TRUE,0.4332802,1773775650,321.6803,232.93651,56.206856,123.58388,1.5750978,321.8144,233.01385,6940.065,0.999991764,-0.004035622,1.57483196,0,-6.986145,1.125936538,-1.57483196,0,0.004191687,-0.03,0,0,-0.01574832
1773775650,TRUE,0.4332802,1773775650,321.6803,232.93651,56.206856,123.58388,1.5750978,321.77417,232.99066,6941.924,0.99999146,-0.004115373,1.574911712,0,-7.0093384,1.126204376,-1.574911712,0,0.004205603,-0.03,0,0,-0.015749117
1773775650,TRUE,0.4332802,1773775650,321.6803,232.93651,56.206856,123.58388,1.5750978,321.746,232.97443,6943.225,0.999991246,-0.004171199,1.574967538,0,-7.0255737,1.126391835,-1.574967538,0,0.004215344,-0.03,0,0,-0.015749675
1773775650,TRUE,0.4332802,1773775650,321.6803,232.93651,56.206856,123.58388,1.5750978,321.7263,232.96304,6944.1357,0.999991097,-0.004210277,1.575006617,0,-7.036957,1.126522997,-1.575006617,0,0.004222174,-0.03,0,0,-0.015750066
1773775650,TRUE,0.6939242,1773775650,322.42493,233.4895,55.629417,124.46751,1.5744201,321.93588,233.12097,6938.1113,0.999991798,-0.004034322,1.57483066,0,-6.8790283,1.125655015,-1.57483066,0,0.004127417,-0.03,0,0,-0.015748307
1773775650,TRUE,0.6939242,1773775650,322.42493,233.4895,55.629417,124.46751,1.5744201,322.0826,233.23154,6933.8945,0.999992289,-0.003911153,1.57470749,2.082611,-6.768463,1.125047072,-1.57470749,-0.001249567,0.004061078,-0.03,0,0,-0.015747075
1773775650,TRUE,0.6939242,1773775650,322.42493,233.4895,55.629417,124.46751,1.5744201,322.1853,233.30893,6930.9424,0.999992633,-0.003824935,1.574621272,2.1853027,-6.6910706,1.124621206,-1.574621272,-0.001311182,0.004014642,-0.03,0,0,-0.015746213
1773775650,TRUE,0.6939242,1773775650,322.42493,233.4895,55.629417,124.46751,1.5744201,322.2572,233.3631,6928.876,0.999992873,-0.003764583,1.574560918,2.2572021,-6.636902,1.124323047,-1.574560918,-0.001354321,0.003982141,-0.03,0,0,-0.015745609
1773775650,TRUE,0.6939242,1773775650,322.42493,233.4895,55.629417,124.46751,1.5744201,322.30753,233.40103,6927.4297,0.999993041,-0.003722336,1.574518671,2.3075256,-6.5989685,1.124114282,-1.574518671,-0.001384515,0.003959382,-0.03,0,0,-0.015745187
1773775650,TRUE,0.60984117,1773775650,322.68433,231.6029,55.340607,123.93316,1.5695328,322.42056,232.8616,6906.7617,0.999994889,-0.002226563,1.573022897,2.4205627,-7.138397,1.121126307,-1.573022897,-0.001452338,0.004283038,-0.03,0,0,-0.015730229
1773775650,TRUE,0.60984117,1773775650,322.68433,231.6029,55.340607,123.93316,1.5695328,322.4997,232.48398,6892.294,0.999996183,-0.001179522,1.571975852,2.4996948,-7.5160217,1.119029376,-1.571975852,-0.001499817,0.004509613,-0.03,0,0,-0.015719759
1773775650,TRUE,0.60984117,1773775650,322.68433,231.6029,55.340607,123.93316,1.5695328,322.55508,232.21967,6882.1665,0.999997089,-0.000446593,1.571242921,2.5550842,-7.7803345,1.117558951,-1.571242921,-0.001533051,0.004668201,-0.03,0,0,-0.015712429
1773775650,TRUE,0.60984117,1773775650,322.68433,231.6029,55.340607,123.93316,1.5695328,322.59387,232.03464,6875.0776,0.999997723,6.65E-05,1.570729869,2.593872,-7.9653625,1.116528365,-1.570729869,-0.001556323,0.004779218,-0.03,0,0,-0.015707299
1773775650,TRUE,0.60984117,1773775650,322.68433,231.6029,55.340607,123.93316,1.5695328,322.621,231.90512,6870.115,0.999998166,0.000425593,1.570370734,2.6210022,-8.094879,1.115806346,-1.570370734,-0.001572601,0.004856928,-0.03,0,0,-0.015703707
1773775650,TRUE,0.60984117,1773775650,322.68433,231.6029,55.340607,123.93316,1.5695328,322.64,231.81445,6866.6416,0.999998477,0.000676987,1.570119339,2.6400146,-8.185547,1.11530056,-1.570119339,-0.001584009,0.004911328,-0.03,0,0,-0.015701193
1773775650,TRUE,0.6028031,1773775650,321.5927,232.5585,55.229843,123.42775,1.5768439,322.32584,232.03766,6851.718,0.999993448,-0.001340357,1.572136692,2.3258362,-7.9623413,1.113124867,-1.572136692,-0.001395502,0.004777405,-0.03,0,0,-0.015721367
1773775650,TRUE,0.6028031,1773775650,321.5927,232.5585,55.229843,123.42775,1.5768439,322.1059,232.19391,6841.2705,0.999989928,-0.002752498,1.573548846,2.105896,-7.8060913,1.111598895,-1.573548846,-0.001263538,0.004683655,-0.03,0,0,-0.015735488
1773775650,TRUE,0.6028031,1773775650,321.5927,232.5585,55.229843,123.42775,1.5768439,321.95193,232.30328,6833.958,0.999987464,-0.003740997,1.574537353,0,-7.6967163,1.110529477,-1.574537353,0,0.00461803,-0.03,0,0,-0.015745374
1773775650,TRUE,0.6028031,1773775650,321.5927,232.5585,55.229843,123.42775,1.5768439,321.84418,232.37985,6828.839,0.999985739,-0.004432946,1.575229307,0,-7.6201477,1.109780085,-1.575229307,0,0.004572089,-0.03,0,0,-0.015752293
1773775650,TRUE,0.6028031,1773775650,321.5927,232.5585,55.229843,123.42775,1.5768439,321.76874,232.43344,6825.256,0.999984531,-0.004917311,1.575713674,0,-7.566559,1.109255279,-1.575713674,0,0.004539935,-0.03,0,0,-0.015757137
1773775650,TRUE,0.7207638,1773775650,321.96832,232.52612,55.92182,123.17752,1.5752493,321.8286,232.46124,6844.173,0.999986197,-0.004778009,1.575574366,0,-7.5387573,1.112023049,-1.575574366,0,0.004523255,-0.03,0,0,-0.015755744
1773775650,TRUE,0.7207638,1773775650,321.96832,232.52612,55.92182,123.17752,1.5752493,321.87054,232.48071,6857.4146,0.999987364,-0.004680498,1.57547685,0,-7.519287,1.113955893,-1.57547685,0,0.004511572,-0.03,0,0,-0.015754769
1773775650,TRUE,0.7207638,1773775650,321.96832,232.52612,55.92182,123.17752,1.5752493,321.89987,232.49434,6866.6836,0.99998818,-0.004612241,1.575408589,0,-7.505661,1.115306656,-1.575408589,0,0.004503397,-0.03,0,0,-0.015754086
1773775650,TRUE,0.7207638,1773775650,321.96832,232.52612,55.92182,123.17752,1.5752493,321.9204,232.50388,6873.172,0.999988752,-0.00456446,1.575360807,0,-7.4961243,1.11625113,-1.575360807,0,0.004497675,-0.03,0,0,-0.015753608
1773775650,TRUE,0.7207638,1773775650,321.96832,232.52612,55.92182,123.17752,1.5752493,321.93478,232.51056,6877.714,0.999989152,-0.004531014,1.575327359,0,-7.489441,1.116911731,-1.575327359,0,0.004493665,-0.03,0,0,-0.015753274
1773775650,TRUE,0.82247174,1773775650,322.81403,232.25934,57.093895,125.86339,1.5689265,322.19855,232.43518,6970.209,0.999991882,-0.002610748,1.57340709,2.1985474,-7.5648193,1.130270645,-1.57340709,-0.001319128,0.004538892,-0.03,0,0,-0.015734071
1773775650,TRUE,0.82247174,1773775650,322.81403,232.25934,57.093895,125.86339,1.5689265,322.3832,232.38242,7034.9556,0.999993793,-0.001266562,1.572062896,2.3832092,-7.617584,1.13951683,-1.572062896,-0.001429926,0.004570551,-0.03,0,0,-0.015720629
1773775650,TRUE,0.82247174,1773775650,322.81403,232.25934,57.093895,125.86339,1.5689265,322.51245,232.34549,7080.2783,0.999995131,-0.000325632,1.57112196,2.5124512,-7.6545105,1.145938658,-1.57112196,-0.001507471,0.004592706,-0.03,0,0,-0.01571122
1773775650,TRUE,0.82247174,1773775650,322.81403,232.25934,57.093895,125.86339,1.5689265,322.60294,232.31964,7112.0044,0.999996067,0.000333019,1.570463306,2.6029358,-7.680359,1.150409525,-1.570463306,-0.001561762,0.004608216,-0.03,0,0,-0.015704633
1773775650,TRUE,0.82247174,1773775650,322.81403,232.25934,57.093895,125.86339,1.5689265,322.66626,232.30154,7134.2124,0.999996722,0.000794075,1.570002249,2.6662598,-7.698456,1.153527318,-1.570002249,-0.001599756,0.004619074,-0.03,0,0,-0.015700022
1773775650,TRUE,0.7060974,1773775650,323.2482,232.61594,55.968185,123.82211,1.5727543,322.84085,232.39587,7072.9785,0.999997131,-3.15E-05,1.570827855,2.8408508,-7.604126,1.144907103,-1.570827855,-0.001704511,0.004562476,-0.03,0,0,-0.015708279
1773775650,TRUE,0.7060974,1773775650,323.2482,232.61594,55.968185,123.82211,1.5727543,322.96304,232.46188,7030.1147,0.999997416,-0.00060945,1.571405779,2.9630432,-7.5381165,1.138828478,-1.571405779,-0.001777826,0.00452287,-0.03,0,0,-0.015714058
1773775650,TRUE,0.7060974,1773775650,323.2482,232.61594,55.968185,123.82211,1.5727543,323.04858,232.50809,7000.11,0.999997616,-0.001013996,1.571810325,3.048584,-7.491913,1.134551318,-1.571810325,-0.001829151,0.004495148,-0.03,0,0,-0.015718103
1773775650,TRUE,0.7060974,1773775650,323.2482,232.61594,55.968185,123.82211,1.5727543,323.10846,232.54044,6979.1064,0.999997756,-0.001297178,1.572093507,3.1084595,-7.459564,1.131546352,-1.572093507,-0.001865076,0.004475739,-0.03,0,0,-0.015720935
1773775650,TRUE,0.7060974,1773775650,323.2482,232.61594,55.968185,123.82211,1.5727543,323.1504,232.56308,6964.4043,0.999997855,-0.001495405,1.572291734,3.1503906,-7.43692,1.129437506,-1.572291734,-0.001890234,0.004462152,-0.03,0,0,-0.015722917
1773775650,TRUE,0.5698674,1773775650,322.88602,232.06155,54.19793,121.30371,1.5715362,323.07108,232.41263,6847.4062,0.999998416,-0.001268741,1.572065069,3.0710754,-7.587372,1.112495383,-1.572065069,-0.001842645,0.004552424,-0.03,0,0,-0.015720651
1773775650,TRUE,0.5698674,1773775650,322.88602,232.06155,54.19793,121.30371,1.5715362,323.01556,232.30731,6765.5073,0.999998809,-0.001110075,1.571906403,3.015564,-7.692688,1.100462691,-1.571906403,-0.001809339,0.004615613,-0.03,0,0,-0.015719064
1773775650,TRUE,0.5698674,1773775650,322.88602,232.06155,54.19793,121.30371,1.5715362,322.97668,232.23358,6708.178,0.999999084,-0.00099901,1.571795337,2.9766846,-7.7664185,1.091952829,-1.571795337,-0.001786011,0.004659851,-0.03,0,0,-0.015717953
1773775650,TRUE,0.5698674,1773775650,322.88602,232.06155,54.19793,121.30371,1.5715362,322.9495,232.18198,6668.048,0.999999277,-0.000921264,1.571717591,2.9494934,-7.8180237,1.085952574,-1.571717591,-0.001769696,0.004690814,-0.03,0,0,-0.015717176
1773775650,TRUE,0.5698674,1773775650,322.88602,232.06155,54.19793,121.30371,1.5715362,322.93045,232.14584,6639.9565,0.999999412,-0.000866842,1.571663169,2.9304504,-7.8541565,1.081730829,-1.571663169,-0.00175827,0.004712494,-0.03,0,0,-0.015716632
1773775650,TRUE,0.6268345,1773775650,322.83896,232.65326,55.042595,122.080246,1.5714968,322.903,232.29807,6663.854,0.999999515,-0.000816944,1.571613271,2.9030151,-7.701935,1.085323463,-1.571613271,-0.001741809,0.004621161,-0.03,0,0,-0.015716133
1773775650,TRUE,0.6268345,1773775650,322.83896,232.65326,55.042595,122.080246,1.5714968,322.8838,232.40463,6680.582,0.999999587,-0.000782016,1.571578343,2.883789,-7.5953674,1.087830545,-1.571578343,-0.001730274,0.004557221,-0.03,0,0,-0.015715783
1773775650,TRUE,0.6268345,1773775650,322.83896,232.65326,55.042595,122.080246,1.5714968,322.87033,232.47922,6692.2915,0.999999637,-0.000757567,1.571553894,2.8703308,-7.5207825,1.089581745,-1.571553894,-0.001722199,0.00451247,-0.03,0,0,-0.015715539
1773775650,TRUE,0.6268345,1773775650,322.83896,232.65326,55.042595,122.080246,1.5714968,322.86093,232.53143,6700.4883,0.999999672,-0.000740452,1.571536779,2.8609314,-7.468567,1.090805876,-1.571536779,-0.001716559,0.004481141,-0.03,0,0,-0.015715368
1773775650,TRUE,0.6268345,1773775650,322.83896,232.65326,55.042595,122.080246,1.5714968,322.85434,232.568,6706.226,0.999999697,-0.000728472,1.571524798,2.8543396,-7.432007,1.091661812,-1.571524798,-0.001712604,0.004459204,-0.03,0,0,-0.015715248
1773775650,TRUE,0.5610975,1773775650,322.5713,232.42863,54.23059,122.0659,1.570982,322.7694,232.52618,6680.2705,0.999999783,-0.000565626,1.571361953,2.7694092,-7.473816,1.08778395,-1.571361953,-0.001661646,0.00448429,-0.03,0,0,-0.01571362
1773775650,TRUE,0.5610975,1773775650,322.5713,232.42863,54.23059,122.0659,1.570982,322.70996,232.49692,6662.1016,0.999999843,-0.000451634,1.571247961,2.709961,-7.5030823,1.085060398,-1.571247961,-0.001625977,0.004501849,-0.03,0,0,-0.01571248
1773775650,TRUE,0.5610975,1773775650,322.5713,232.42863,54.23059,122.0659,1.570982,322.66837,232.47643,6649.383,0.999999885,-0.000371839,1.571168166,2.6683655,-7.523575,1.083149448,-1.571168166,-0.001601019,0.004514145,-0.03,0,0,-0.015711682
1773775650,TRUE,0.5610975,1773775650,322.5713,232.42863,54.23059,122.0659,1.570982,322.63925,232.46208,6640.4795,0.999999914,-0.000315983,1.57111231,2.6392517,-7.537918,1.081809632,-1.57111231,-0.001583551,0.004522751,-0.03,0,0,-0.015711123
1773775650,TRUE,0.5610975,1773775650,322.5713,232.42863,54.23059,122.0659,1.570982,322.61887,232.45204,6634.247,0.999999935,-0.000276884,1.571073211,2.618866,-7.5479584,1.080870634,-1.571073211,-0.00157132,0.004528775,-0.03,0,0,-0.015710732
1773775650,TRUE,0.5610975,1773775650,322.5713,232.42863,54.23059,122.0659,1.570982,322.6046,232.44502,6629.885,0.999999949,-0.000249515,1.571045841,2.6046143,-7.5549774,1.0802129,-1.571045841,-0.001562769,0.004532987,-0.03,0,0,-0.015710458
1773775650,TRUE,0.69942665,1773775650,321.59024,233.81201,55.41244,123.025246,1.5757618,322.3003,232.85513,6686.0586,0.999996266,-0.001664295,1.572460626,2.300293,-7.144867,1.088650021,-1.572460626,-0.001380176,0.00428692,-0.03,0,0,-0.015724606
1773775650,TRUE,0.69942665,1773775650,321.59024,233.81201,55.41244,123.025246,1.5757618,322.08728,233.14221,6725.38,0.999993688,-0.002654641,1.573450978,2.0872803,-6.857788,1.094513831,-1.573450978,-0.001252368,0.004114673,-0.03,0,0,-0.01573451
1773775650,TRUE,0.69942665,1773775650,321.59024,233.81201,55.41244,123.025246,1.5757618,321.93817,233.34314,6752.9043,0.999991883,-0.003347883,1.574144224,0,-6.6568604,1.098598142,-1.574144224,0,0.003994117,-0.03,0,0,-0.015741442
1773775650,TRUE,0.69942665,1773775650,321.59024,233.81201,55.41244,123.025246,1.5757618,321.8338,233.4838,6772.172,0.99999062,-0.003833152,1.574629496,0,-6.516205,1.101447275,-1.574629496,0,0.003909723,-0.03,0,0,-0.015746295
1773775650,TRUE,0.69942665,1773775650,321.59024,233.81201,55.41244,123.025246,1.5757618,321.76074,233.58228,6785.659,0.999989735,-0.004172841,1.574969186,0,-6.4177246,1.103436873,-1.574969186,0,0.003850635,-0.03,0,0,-0.015749692
1773775650,TRUE,0.6000767,1773775650,322.26465,232.63292,53.856926,121.43268,1.5725706,321.91193,233.29745,6711.959,0.999992343,-0.003453259,1.574249599,0,-6.702545,1.092516297,-1.574249599,0,0.004021527,-0.03,0,0,-0.015742496
1773775650,TRUE,0.6000767,1773775650,322.26465,232.63292,53.856926,121.43268,1.5725706,322.01776,233.09808,6660.368,0.999994168,-0.002949552,1.573745887,2.0177612,-6.9019165,1.084800164,-1.573745887,-0.001210657,0.00414115,-0.03,0,0,-0.015737459
1773775650,TRUE,0.6000767,1773775650,322.26465,232.63292,53.856926,121.43268,1.5725706,322.09183,232.95853,6624.255,0.999995445,-0.002596957,1.573393289,2.0918274,-7.0414734,1.079363307,-1.573393289,-0.001255097,0.004224884,-0.03,0,0,-0.015733933
1773775650,TRUE,0.6000767,1773775650,322.26465,232.63292,53.856926,121.43268,1.5725706,322.14368,232.86084,6598.9756,0.999996339,-0.00235014,1.573146471,2.1436768,-7.13916,1.075539842,-1.573146471,-0.001286206,0.004283496,-0.03,0,0,-0.015731465
1773775650,TRUE,0.6000767,1773775650,322.26465,232.63292,53.856926,121.43268,1.5725706,322.17996,232.79245,6581.2803,0.999996965,-0.002177368,1.572973698,2.1799622,-7.20755,1.072854699,-1.572973698,-0.001307977,0.00432453,-0.03,0,0,-0.015729737
1773775650,TRUE,0.5720174,1773775650,322.72507,232.27998,53.568924,120.438286,1.5716568,322.3435,232.6387,6542.421,0.999997765,-0.001782307,1.572578636,2.3435059,-7.3612976,1.066932663,-1.572578636,-0.001406104,0.004416779,-0.03,0,0,-0.015725786
1773775650,TRUE,0.5720174,1773775650,322.72507,232.27998,53.568924,120.438286,1.5716568,322.45798,232.5311,6515.219,0.999998324,-0.001505764,1.572302092,2.4579773,-7.4689026,1.062766262,-1.572302092,-0.001474786,0.004481342,-0.03,0,0,-0.015723021
1773775650,TRUE,0.5720174,1773775650,322.72507,232.27998,53.568924,120.438286,1.5716568,322.53812,232.45575,6496.178,0.999998716,-0.001312183,1.572108511,2.5381165,-7.5442505,1.059839461,-1.572108511,-0.00152287,0.00452655,-0.03,0,0,-0.015721085
1773775650,TRUE,0.5720174,1773775650,322.72507,232.27998,53.568924,120.438286,1.5716568,322.5942,232.40302,6482.8496,0.99999899,-0.001176677,1.571973005,2.5942078,-7.596985,1.057785615,-1.571973005,-0.001556525,0.004558191,-0.03,0,0,-0.01571973
1773775650,TRUE,0.5720174,1773775650,322.72507,232.27998,53.568924,120.438286,1.5716568,322.63348,232.36612,6473.5195,0.999999182,-0.001081823,1.57187815,2.633484,-7.6338806,1.056345368,-1.57187815,-0.00158009,0.004580329,-0.03,0,0,-0.015718782
1773775650,TRUE,0.62552744,1773775650,322.02786,232.66467,54.606934,121.168594,1.5716352,322.45178,232.45569,6516.457,0.999999322,-0.001008952,1.571805279,2.4517822,-7.5443115,1.06295628,-1.571805279,-0.001471069,0.004526587,-0.03,0,0,-0.015718053
1773775650,TRUE,0.62552744,1773775650,322.02786,232.66467,54.606934,121.168594,1.5716352,322.32462,232.51839,6546.5137,0.99999942,-0.000957942,1.571754269,2.3246155,-7.481613,1.067558116,-1.571754269,-0.001394769,0.004488968,-0.03,0,0,-0.015717543
1773775650,TRUE,0.62552744,1773775650,322.02786,232.66467,54.606934,121.168594,1.5716352,322.2356,232.56227,6567.553,0.999999488,-0.000922235,1.571718562,2.2355957,-7.437729,1.070766807,-1.571718562,-0.001341358,0.004462638,-0.03,0,0,-0.015717186
1773775650,TRUE,0.62552744,1773775650,322.02786,232.66467,54.606934,121.168594,1.5716352,322.17328,232.593,6582.281,0.999999536,-0.000897241,1.571693568,2.1732788,-7.4069977,1.073006772,-1.571693568,-0.001303967,0.004444199,-0.03,0,0,-0.015716936
1773775650,TRUE,0.62552744,1773775650,322.02786,232.66467,54.606934,121.168594,1.5716352,322.12964,232.6145,6592.5903,0.99999957,-0.000879744,1.571676071,2.1296387,-7.385498,1.074571816,-1.571676071,-0.001277783,0.004431299,-0.03,0,0,-0.015716761
1773775650,TRUE,0.7243726,1773775650,321.62808,232.91026,54.949783,121.41644,1.5712291,321.97916,232.70325,6616.3555,0.999999671,-0.000745653,1.57154198,0,-7.296753,1.078170099,-1.57154198,0,0.004378052,-0.03,0,0,-0.01571542
1773775650,TRUE,0.7243726,1773775650,321.62808,232.91026,54.949783,121.41644,1.5712291,321.87384,232.76535,6632.991,0.999999741,-0.000651789,1.571448116,0,-7.2346497,1.080681321,-1.571448116,0,0.00434079,-0.03,0,0,-0.015714481
1773775650,TRUE,0.7243726,1773775650,321.62808,232.91026,54.949783,121.41644,1.5712291,321.8001,232.80884,6644.6357,0.999999791,-0.000586084,1.571382411,0,-7.191162,1.082435302,-1.571382411,0,0.004314697,-0.03,0,0,-0.015713824
1773775650,TRUE,0.7243726,1773775650,321.62808,232.91026,54.949783,121.41644,1.5712291,321.7485,232.83926,6652.787,0.999999826,-0.000540091,1.571336418,0,-7.160736,1.08366135,-1.571336418,0,0.004296442,-0.03,0,0,-0.015713364
1773775650,TRUE,0.7243726,1773775650,321.62808,232.91026,54.949783,121.41644,1.5712291,321.71237,232.86057,6658.493,0.99999985,-0.000507896,1.571304223,0,-7.139435,1.084518665,-1.571304223,0,0.004283661,-0.03,0,0,-0.015713042
1773775650,TRUE,0.7243726,1773775650,321.62808,232.91026,54.949783,121.41644,1.5712291,321.68707,232.87549,6662.4873,0.999999867,-0.000485359,1.571281686,0,-7.1245117,1.085118317,-1.571281686,0,0.004274707,-0.03,0,0,-0.015712817
1773775650,TRUE,0.6851631,1773775650,321.04907,233.0093,54.382286,119.85126,1.5720115,321.49567,232.91562,6619.0767,0.999999685,-0.000704294,1.571500621,0,-7.084381,1.078581345,-1.571500621,0,0.004250629,-0.03,0,0,-0.015715006
1773775650,TRUE,0.6851631,1773775650,321.04907,233.0093,54.382286,119.85126,1.5720115,321.3617,232.94373,6588.689,0.999999558,-0.000857549,1.571653876,0,-7.0562744,1.073979815,-1.571653876,0,0.004233765,-0.03,0,0,-0.015716539
1773775650,TRUE,0.6851631,1773775650,321.04907,233.0093,54.382286,119.85126,1.5720115,321.2679,232.96341,6567.4175,0.999999469,-0.000964828,1.571761155,0,-7.0365906,1.070746132,-1.571761155,0,0.004221954,-0.03,0,0,-0.015717612
1773775650,TRUE,0.6851631,1773775650,321.04907,233.0093,54.382286,119.85126,1.5720115,321.20227,232.97717,6552.528,0.999999407,-0.001039922,1.571836249,0,-7.022827,1.068476357,-1.571836249,0,0.004213696,-0.03,0,0,-0.015718362
1773775650,TRUE,0.6851631,1773775650,321.04907,233.0093,54.382286,119.85126,1.5720115,321.1563,232.98682,6542.105,0.999999363,-0.001092489,1.571888816,0,-7.0131836,1.066884427,-1.571888816,0,0.004207911,-0.03,0,0,-0.015718888
1773775650,TRUE,0.6980658,1773775650,320.86563,233.18118,54.415604,120.09947,1.5715126,321.06912,233.04514,6540.059,0.999999477,-0.000979618,1.571775945,0,-6.9548645,1.066571662,-1.571775945,0,0.004172919,-0.03,0,0,-0.015717759
1773775650,TRUE,0.6980658,1773775650,320.86563,233.18118,54.415604,120.09947,1.5715126,321.0081,233.08595,6538.627,0.999999557,-0.000900609,1.571696936,0,-6.9140472,1.066352619,-1.571696936,0,0.004148428,-0.03,0,0,-0.015716969
1773775650,TRUE,0.6980658,1773775650,320.86563,233.18118,54.415604,120.09947,1.5715126,320.96536,233.11453,6537.624,0.999999613,-0.000845302,1.571641629,0,-6.8854675,1.066199202,-1.571641629,0,0.004131281,-0.03,0,0,-0.015716416
1773775650,TRUE,0.6980658,1773775650,320.86563,233.18118,54.415604,120.09947,1.5715126,320.93546,233.13454,6536.9224,0.999999652,-0.000806587,1.571602914,0,-6.8654633,1.066091903,-1.571602914,0,0.004119278,-0.03,0,0,-0.015716029
1773775650,TRUE,0.6980658,1773775650,320.86563,233.18118,54.415604,120.09947,1.5715126,320.91452,233.14853,6536.431,0.99999968,-0.000779487,1.571575814,0,-6.851471,1.066016779,-1.571575814,0,0.004110883,-0.03,0,0,-0.015715758
1773775650,TRUE,0.70443165,1773775650,320.35904,233.10318,54.4997,120.37529,1.5717747,320.7479,233.13492,6543.627,0.999999632,-0.000839159,1.571635486,0,-6.865082,1.067117051,-1.571635486,0,0.004119049,-0.03,0,0,-0.015716355
1773775650,TRUE,0.70443165,1773775650,320.35904,233.10318,54.4997,120.37529,1.5717747,320.63126,233.1254,6548.6636,0.999999599,-0.00088093,1.571677257,0,-6.8746033,1.067886472,-1.571677257,0,0.004124762,-0.03,0,0,-0.015716773
1773775650,TRUE,0.70443165,1773775650,320.35904,233.10318,54.4997,120.37529,1.5717747,320.5496,233.11873,6552.1895,0.999999576,-0.000910169,1.571706496,0,-6.8812714,1.068424674,-1.571706496,0,0.004128763,-0.03,0,0,-0.015717065
1773775650,TRUE,0.70443165,1773775650,320.35904,233.10318,54.4997,120.37529,1.5717747,320.49243,233.11406,6554.6577,0.999999559,-0.000930637,1.571726964,0,-6.8859406,1.068801301,-1.571726964,0,0.004131564,-0.03,0,0,-0.01571727
1773775651,TRUE,0.70443165,1773775650,320.35904,233.10318,54.4997,120.37529,1.5717747,320.45242,233.1108,6556.3853,0.999999548,-0.000944964,1.571741291,0,-6.889206,1.06906483,-1.571741291,0,0.004133524,-0.03,0,0,-0.015717413
1773775651,TRUE,0.63442326,1773775651,320.32938,232.99768,54.59243,121.13922,1.5686872,320.41553,233.07686,6573.455,0.999999016,-2.87E-05,1.570825064,0,-6.9231415,1.071665044,-1.570825064,0,0.004153885,-0.03,0,0,-0.015708251
1773775651,TRUE,0.63442326,1773775651,320.32938,232.99768,54.59243,121.13922,1.5686872,320.38968,233.0531,6585.404,0.999998644,0.000612621,1.570183705,0,-6.9468994,1.073481106,-1.570183705,0,0.00416814,-0.03,0,0,-0.015701837
1773775651,TRUE,0.63442326,1773775651,320.32938,232.99768,54.59243,121.13922,1.5686872,320.37158,233.03647,6593.768,0.999998384,0.001061572,1.569734753,0,-6.9635315,1.074750406,-1.569734753,0,0.004178119,-0.03,0,0,-0.015697348
1773775651,TRUE,0.63442326,1773775651,320.32938,232.99768,54.59243,121.13922,1.5686872,320.35892,233.02483,6599.623,0.999998201,0.001375838,1.569420487,0,-6.975174,1.075638,-1.569420487,0,0.004185105,-0.03,0,0,-0.015694205
1773775651,TRUE,0.63442326,1773775651,320.32938,232.99768,54.59243,121.13922,1.5686872,320.35004,233.01668,6603.721,0.999998074,0.001595824,1.569200501,0,-6.983322,1.076258765,-1.569200501,0,0.004189993,-0.03,0,0,-0.015692005
1773775651,TRUE,0.59464854,1773775651,319.9415,232.84839,53.563686,119.692406,1.5716677,320.22748,232.9662,6545.955,0.999998538,0.000855674,1.569940652,0,-7.033798,1.067472772,-1.569940652,0,0.004220279,-0.03,0,0,-0.015699407
1773775651,TRUE,0.59464854,1773775651,319.9415,232.84839,53.563686,119.692406,1.5716677,320.14166,232.93086,6505.5186,0.999998862,0.000337568,1.570458758,0,-7.0691376,1.061276255,-1.570458758,0,0.004241483,-0.03,0,0,-0.015704588
1773775651,TRUE,0.59464854,1773775651,319.9415,232.84839,53.563686,119.692406,1.5716677,320.0816,232.90613,6477.213,0.99999909,-2.51E-05,1.570821432,0,-7.093872,1.05691575,-1.570821432,0,0.004256323,-0.03,0,0,-0.015708214
1773775651,TRUE,0.59464854,1773775651,319.9415,232.84839,53.563686,119.692406,1.5716677,320.03955,232.88881,6457.399,0.999999249,-0.000278977,1.571075304,0,-7.111191,1.053851994,-1.571075304,0,0.004266715,-0.03,0,0,-0.015710753
1773775651,TRUE,0.59464854,1773775651,319.9415,232.84839,53.563686,119.692406,1.5716677,320.01013,232.8767,6443.5293,0.99999936,-0.000456687,1.571253014,0,-7.1233063,1.051701849,-1.571253014,0,0.004273984,-0.03,0,0,-0.01571253
1773775651,TRUE,0.33287963,1773775651,320.52112,232.72609,52.975914,119.89957,1.5690881,320.16345,232.83151,6416.007,0.999999115,0.000192786,1.57060354,0,-7.1684875,1.04742135,-1.57060354,0,0.004301093,-0.03,0,0,-0.015706035
1773775651,TRUE,0.33287963,1773775651,320.52112,232.72609,52.975914,119.89957,1.5690881,320.27075,232.7999,6396.741,0.999998943,0.000647418,1.570148908,0,-7.2001038,1.044414154,-1.570148908,0,0.004320062,-0.03,0,0,-0.015701489
1773775651,TRUE,0.33287963,1773775651,320.52112,232.72609,52.975914,119.89957,1.5690881,320.3459,232.77777,6383.2554,0.999998822,0.00096566,1.569830666,0,-7.222229,1.04230363,-1.569830666,0,0.004333338,-0.03,0,0,-0.015698307
1773775651,TRUE,0.33287963,1773775651,320.52112,232.72609,52.975914,119.89957,1.5690881,320.39844,232.76227,6373.8154,0.999998738,0.001188429,1.569607897,0,-7.237732,1.040823718,-1.569607897,0,0.004342639,-0.03,0,0,-0.015696079
1773775651,TRUE,0.33287963,1773775651,320.52112,232.72609,52.975914,119.89957,1.5690881,320.43524,232.7514,6367.2075,0.999998679,0.001344368,1.569451958,0,-7.248596,1.039786416,-1.569451958,0,0.004349158,-0.03,0,0,-0.01569452
1773775651,TRUE,0.27878886,1773775651,320.35864,233.02475,52.946407,119.4202,1.567606,320.41226,232.8334,6353.9067,0.999997548,0.001898162,1.568898162,0,-7.1665955,1.037695318,-1.568898162,0,0.004299957,-0.03,0,0,-0.015688982
1773775651,TRUE,0.27878886,1773775651,320.35864,233.02475,52.946407,119.4202,1.567606,320.39618,232.89081,6344.596,0.999996757,0.002285818,1.568510505,0,-7.109192,1.036228867,-1.568510505,0,0.004265515,-0.03,0,0,-0.015685105
1773775651,TRUE,0.27878886,1773775651,320.35864,233.02475,52.946407,119.4202,1.567606,320.38492,232.93098,6338.0786,0.999996203,0.002557178,1.568239145,0,-7.0690155,1.035201095,-1.568239145,0,0.00424141,-0.03,0,0,-0.015682391
1773775651,TRUE,0.27878886,1773775651,320.35864,233.02475,52.946407,119.4202,1.567606,320.37704,232.9591,6333.516,0.999995815,0.002747129,1.568049193,0,-7.0408936,1.034481009,-1.568049193,0,0.004224537,-0.03,0,0,-0.015680492
1773775651,TRUE,0.27878886,1773775651,320.35864,233.02475,52.946407,119.4202,1.567606,320.37152,232.97879,6330.3228,0.999995544,0.002880095,1.567916227,0,-7.0212097,1.0339767,-1.567916227,0,0.004212726,-0.03,0,0,-0.015679162
1773775651,TRUE,0.33348054,1773775651,320.19608,232.6748,52.646828,119.18183,1.567921,320.31888,232.88759,6313.59,0.999995641,0.002878651,1.567917672,0,-7.1124115,1.031329867,-1.567917672,0,0.004267447,-0.03,0,0,-0.015679177
1773775651,TRUE,0.33348054,1773775651,320.19608,232.6748,52.646828,119.18183,1.567921,320.28204,232.82376,6301.8765,0.999995708,0.00287764,1.567918683,0,-7.176239,1.029472847,-1.567918683,0,0.004305744,-0.03,0,0,-0.015679187
1773775651,TRUE,0.33348054,1773775651,320.19608,232.6748,52.646828,119.18183,1.567921,320.25626,232.77907,6293.6772,0.999995756,0.002876932,1.567919391,0,-7.220932,1.028170981,-1.567919391,0,0.004332559,-0.03,0,0,-0.015679194
1773775651,TRUE,0.33348054,1773775651,320.19608,232.6748,52.646828,119.18183,1.567921,320.23822,232.74779,6287.938,0.999995789,0.002876436,1.567919886,0,-7.2522125,1.027258656,-1.567919886,0,0.004351328,-0.03,0,0,-0.015679199
1773775651,TRUE,0.33348054,1773775651,320.19608,232.6748,52.646828,119.18183,1.567921,320.2256,232.72589,6283.9204,0.999995812,0.00287609,1.567920233,0,-7.274109,1.026619516,-1.567920233,0,0.004364465,-0.03,0,0,-0.015679202
1773775651,TRUE,0.44132423,1773775651,320.02063,232.48773,54.536774,119.56403,1.567854,320.16412,232.65445,6354.935,0.99999577,0.002895945,1.567900377,0,-7.3455505,1.037857139,-1.567900377,0,0.00440733,-0.03,0,0,-0.015679004
1773775651,TRUE,0.44132423,1773775651,320.02063,232.48773,54.536774,119.56403,1.567854,320.1211,232.60443,6404.6455,0.99999574,0.002909845,1.567886478,0,-7.395569,1.045649055,-1.567886478,0,0.004437341,-0.03,0,0,-0.015678865
1773775651,TRUE,0.44132423,1773775651,320.02063,232.48773,54.536774,119.56403,1.567854,320.09094,232.56943,6439.443,0.99999572,0.002919574,1.567876749,0,-7.4305725,1.051067479,-1.567876749,0,0.004458344,-0.03,0,0,-0.015678767
1773775651,TRUE,0.44132423,1773775651,320.02063,232.48773,54.536774,119.56403,1.567854,320.06985,232.54492,6463.801,0.999995705,0.002926384,1.567869938,0,-7.455078,1.054842933,-1.567869938,0,0.004473047,-0.03,0,0,-0.015678699
1773775651,TRUE,0.44132423,1773775651,320.02063,232.48773,54.536774,119.56403,1.567854,320.05508,232.52777,6480.8516,0.999995695,0.002931152,1.567865171,0,-7.472229,1.057477361,-1.567865171,0,0.004483338,-0.03,0,0,-0.015678652
1773775651,TRUE,0.48104703,1773775651,320.21622,232.54381,53.569023,120.21882,1.5692413,320.10342,232.5326,6468.5977,0.999996624,0.002518319,1.568278005,0,-7.467407,1.055584767,-1.568278005,0,0.004480444,-0.03,0,0,-0.01568278
1773775651,TRUE,0.48104703,1773775651,320.21622,232.54381,53.569023,120.21882,1.5692413,320.13727,232.53595,6460.0195,0.999997274,0.002229335,1.568566989,0,-7.4640503,1.054257742,-1.568566989,0,0.00447843,-0.03,0,0,-0.01568567
1773775651,TRUE,0.48104703,1773775651,320.21622,232.54381,53.569023,120.21882,1.5692413,320.16095,232.5383,6454.015,0.999997729,0.002027047,1.568769278,0,-7.4617004,1.053327842,-1.568769278,0,0.00447702,-0.03,0,0,-0.015687693
1773775651,TRUE,0.48104703,1773775651,320.21622,232.54381,53.569023,120.21882,1.5692413,320.17752,232.53995,6449.812,0.999998048,0.001885445,1.56891088,0,-7.4600525,1.052676447,-1.56891088,0,0.004476032,-0.03,0,0,-0.015689109
1773775651,TRUE,0.48104703,1773775651,320.21622,232.54381,53.569023,120.21882,1.5692413,320.18915,232.5411,6446.8696,0.999998271,0.001786324,1.569010002,0,-7.458893,1.05222011,-1.569010002,0,0.004475336,-0.03,0,0,-0.0156901
1773775651,TRUE,0.48104703,1773775651,320.21622,232.54381,53.569023,120.21882,1.5692413,320.19727,232.54193,6444.81,0.999998427,0.001716939,1.569079387,0,-7.458069,1.051900642,-1.569079387,0,0.004474842,-0.03,0,0,-0.015690794
1773775651,TRUE,0.5534498,1773775651,320.29596,232.61722,53.394257,120.27685,1.5717857,320.22687,232.56451,6437.995,0.999998752,0.000905049,1.569891277,0,-7.435486,1.050842595,-1.569891277,0,0.004461292,-0.03,0,0,-0.015698913
1773775651,TRUE,0.5534498,1773775651,320.29596,232.61722,53.394257,120.27685,1.5717857,320.2476,232.58032,6433.2246,0.999998979,0.000336726,1.570459601,0,-7.4196777,1.050101321,-1.570459601,0,0.004451807,-0.03,0,0,-0.015704596
1773775651,TRUE,0.5534498,1773775651,320.29596,232.61722,53.394257,120.27685,1.5717857,320.2621,232.5914,6429.8853,0.999999139,-6.11E-05,1.570857427,0,-7.4086,1.049582127,-1.570857427,0,0.00444516,-0.03,0,0,-0.015708574
1773775651,TRUE,0.5534498,1773775651,320.29596,232.61722,53.394257,120.27685,1.5717857,320.27225,232.59915,6427.5474,0.99999925,-0.000339579,1.571135906,0,-7.4008484,1.049218481,-1.571135906,0,0.004440509,-0.03,0,0,-0.015711359
1773775651,TRUE,0.5534498,1773775651,320.29596,232.61722,53.394257,120.27685,1.5717857,320.27936,232.60457,6425.911,0.999999328,-0.000534514,1.571330841,0,-7.3954315,1.048963867,-1.571330841,0,0.004437259,-0.03,0,0,-0.015713308
1773775651,TRUE,0.61787343,1773775651,320.5366,232.56009,54.524567,121.12787,1.571479,320.3565,232.59122,6479.471,0.99999946,-0.00057895,1.571375277,0,-7.408783,1.05726435,-1.571375277,0,0.00444527,-0.03,0,0,-0.015713753
1773775651,TRUE,0.61787343,1773775651,320.5366,232.56009,54.524567,121.12787,1.571479,320.41052,232.58188,6516.9634,0.999999552,-0.000610056,1.571406383,0,-7.4181213,1.06303394,-1.571406383,0,0.004450873,-0.03,0,0,-0.015714064
1773775651,TRUE,0.61787343,1773775651,320.5366,232.56009,54.524567,121.12787,1.571479,320.44836,232.57535,6543.208,0.999999617,-0.00063183,1.571428157,0,-7.424652,1.067052995,-1.571428157,0,0.004454792,-0.03,0,0,-0.015714282
1773775651,TRUE,0.61787343,1773775651,320.5366,232.56009,54.524567,121.12787,1.571479,320.47485,232.57077,6561.579,0.999999662,-0.000647072,1.571443399,0,-7.4292297,1.06985672,-1.571443399,0,0.004457538,-0.03,0,0,-0.015714434
1773775651,TRUE,0.61787343,1773775651,320.5366,232.56009,54.524567,121.12787,1.571479,320.49338,232.56757,6574.439,0.999999693,-0.000657741,1.571454068,0,-7.432434,1.071814686,-1.571454068,0,0.004459461,-0.03,0,0,-0.015714541
1773775651,TRUE,0.5720428,1773775651,320.51044,232.64229,54.83442,122.21045,1.5708737,320.4985,232.58997,6612.5093,0.999999784,-0.000483642,1.571279969,0,-7.410034,1.077588666,-1.571279969,0,0.004446021,-0.03,0,0,-0.0157128
1773775651,TRUE,0.5720428,1773775651,320.51044,232.64229,54.83442,122.21045,1.5708737,320.50208,232.60565,6639.158,0.999999848,-0.000361773,1.571158099,0,-7.394348,1.081610634,-1.571158099,0,0.004436609,-0.03,0,0,-0.015711581
1773775651,TRUE,0.5720428,1773775651,320.51044,232.64229,54.83442,122.21045,1.5708737,320.50458,232.61664,6657.8125,0.999999893,-0.000276464,1.571072791,0,-7.383362,1.084416378,-1.571072791,0,0.004430017,-0.03,0,0,-0.015710728
1773775651,TRUE,0.5720428,1773775651,320.51044,232.64229,54.83442,122.21045,1.5708737,320.50635,232.62433,6670.8706,0.999999924,-0.000216748,1.571013075,0,-7.3756714,1.086375837,-1.571013075,0,0.004425403,-0.03,0,0,-0.015710131
1773775651,TRUE,0.5720428,1773775651,320.51044,232.64229,54.83442,122.21045,1.5708737,320.50757,232.6297,6680.011,0.999999946,-0.000174947,1.570971274,0,-7.3703003,1.087745146,-1.570971274,0,0.00442218,-0.03,0,0,-0.015709713
1773775651,TRUE,0.5916744,1773775651,320.29425,233.05829,55.412117,120.330154,1.571852,320.44357,232.75827,6676.3325,0.999999795,-0.000439155,1.571235482,0,-7.2417297,1.087194255,-1.571235482,0,0.004345038,-0.03,0,0,-0.015712355
1773775651,TRUE,0.5916744,1773775651,320.29425,233.05829,55.412117,120.330154,1.571852,320.39877,232.84827,6673.7573,0.999999689,-0.000624101,1.571420428,0,-7.1517334,1.086808491,-1.571420428,0,0.00429104,-0.03,0,0,-0.015714204
1773775651,TRUE,0.5916744,1773775651,320.29425,233.05829,55.412117,120.330154,1.571852,320.36743,232.91129,6671.9546,0.999999615,-0.000753563,1.57154989,0,-7.0887146,1.086538335,-1.57154989,0,0.004253229,-0.03,0,0,-0.015715499
1773775651,TRUE,0.5916744,1773775651,320.29425,233.05829,55.412117,120.330154,1.571852,320.3455,232.95538,6670.693,0.999999564,-0.000844187,1.571640514,0,-7.0446167,1.086349207,-1.571640514,0,0.00422677,-0.03,0,0,-0.015716405
1773775651,TRUE,0.5916744,1773775651,320.29425,233.05829,55.412117,120.330154,1.571852,320.3301,232.98627,6669.8096,0.999999527,-0.000907623,1.57170395,0,-7.013733,1.086216772,-1.57170395,0,0.00420824,-0.03,0,0,-0.01571704
1773775651,TRUE,0.3884897,1773775651,320.73773,232.85254,54.390667,120.314354,1.5684954,320.4524,232.94614,6632.06,0.999998875,5.49E-05,1.570741383,0,-7.0538635,1.080540931,-1.570741383,0,0.004232318,-0.03,0,0,-0.015707414
1773775651,TRUE,0.3884897,1773775651,320.73773,232.85254,54.390667,120.314354,1.5684954,320.538,232.91806,6605.6353,0.999998418,0.00072874,1.570067586,0,-7.0819397,1.07654853,-1.570067586,0,0.004249164,-0.03,0,0,-0.015700676
1773775651,TRUE,0.3884897,1773775651,320.73773,232.85254,54.390667,120.314354,1.5684954,320.5979,232.8984,6587.138,0.999998099,0.001200397,1.569595928,0,-7.101593,1.073744465,-1.569595928,0,0.004260956,-0.03,0,0,-0.015695959
1773775651,TRUE,0.3884897,1773775651,320.73773,232.85254,54.390667,120.314354,1.5684954,320.63986,232.88464,6574.19,0.999997875,0.001530558,1.569265767,0,-7.1153564,1.071776808,-1.569265767,0,0.004269214,-0.03,0,0,-0.015692658
1773775651,TRUE,0.3884897,1773775651,320.73773,232.85254,54.390667,120.314354,1.5684954,320.66922,232.875,6565.1265,0.999997718,0.00176167,1.569034655,0,-7.125,1.070397215,-1.569034655,0,0.004275,-0.03,0,0,-0.015690347
1773775651,TRUE,0.53103495,1773775651,320.41302,232.90627,54.76455,120.64124,1.5707396,320.59235,232.88437,6577.6475,0.999998402,0.001250179,1.569546146,0,-7.115631,1.072302559,-1.569546146,0,0.004269379,-0.03,0,0,-0.015695461
1773775651,TRUE,0.53103495,1773775651,320.41302,232.90627,54.76455,120.64124,1.5707396,320.53854,232.89093,6586.412,0.999998881,0.000892135,1.569904191,0,-7.10907,1.073634224,-1.569904191,0,0.004265442,-0.03,0,0,-0.015699042
1773775651,TRUE,0.53103495,1773775651,320.41302,232.90627,54.76455,120.64124,1.5707396,320.5009,232.89554,6592.5474,0.999999216,0.000641505,1.570154822,0,-7.1044617,1.074565222,-1.570154822,0,0.004262677,-0.03,0,0,-0.015701548
1773775651,TRUE,0.53103495,1773775651,320.41302,232.90627,54.76455,120.64124,1.5707396,320.47452,232.89874,6596.8423,0.999999451,0.000466063,1.570330263,0,-7.1012573,1.075216511,-1.570330263,0,0.004260755,-0.03,0,0,-0.015703303
1773775651,TRUE,0.53103495,1773775651,320.41302,232.90627,54.76455,120.64124,1.5707396,320.45605,232.901,6599.8486,0.999999615,0.000343254,1.570453072,0,-7.098999,1.075672153,-1.570453072,0,0.0042594,-0.03,0,0,-0.015704531
1773775651,TRUE,0.46833053,1773775651,320.59622,233.22412,55.072437,119.81241,1.5696127,320.4981,232.99794,6599.4023,0.99999952,0.000595353,1.570200973,0,-7.00206,1.075604495,-1.570200973,0,0.004201236,-0.03,0,0,-0.01570201
1773775651,TRUE,0.46833053,1773775651,320.59622,233.22412,55.072437,119.81241,1.5696127,320.52756,233.0658,6599.09,0.999999454,0.000771823,1.570024504,0,-6.934204,1.075557164,-1.570024504,0,0.004160523,-0.03,0,0,-0.015700245
1773775651,TRUE,0.46833053,1773775651,320.59622,233.22412,55.072437,119.81241,1.5696127,320.54816,233.1133,6598.871,0.999999408,0.000895352,1.569900975,0,-6.8867035,1.075524064,-1.569900975,0,0.004132022,-0.03,0,0,-0.01569901
1773775651,TRUE,0.46833053,1773775651,320.59622,233.22412,55.072437,119.81241,1.5696127,320.5626,233.14655,6598.718,0.999999375,0.000981822,1.569814505,0,-6.8534546,1.075500804,-1.569814505,0,0.004112073,-0.03,0,0,-0.015698145
1773775651,TRUE,0.46833053,1773775651,320.59622,233.22412,55.072437,119.81241,1.5696127,320.5727,233.16982,6598.611,0.999999353,0.001042351,1.569753976,0,-6.830185,1.075484619,-1.569753976,0,0.004098111,-0.03,0,0,-0.01569754
1773775651,TRUE,0.47139743,1773775651,320.24945,233.25339,55.97499,120.736176,1.5698597,320.4757,233.19489,6646.4893,0.999999415,0.001010621,1.569785706,0,-6.8051147,1.082714239,-1.569785706,0,0.004083069,-0.03,0,0,-0.015697857
1773775651,TRUE,0.47139743,1773775651,320.24945,233.25339,55.97499,120.736176,1.5698597,320.40784,233.21243,6680.0044,0.999999459,0.000988409,1.569807917,0,-6.787567,1.087744101,-1.569807917,0,0.00407254,-0.03,0,0,-0.015698079
1773775651,TRUE,0.47139743,1773775651,320.24945,233.25339,55.97499,120.736176,1.5698597,320.36032,233.22473,6703.465,0.99999949,0.000972862,1.569823465,0,-6.7752686,1.091249988,-1.569823465,0,0.004065161,-0.03,0,0,-0.015698235
1773775651,TRUE,0.47139743,1773775651,320.24945,233.25339,55.97499,120.736176,1.5698597,320.32706,233.23334,6719.887,0.999999511,0.000961978,1.569834348,0,-6.7666626,1.093696832,-1.569834348,0,0.004059998,-0.03,0,0,-0.015698343
1773775651,TRUE,0.47139743,1773775651,320.24945,233.25339,55.97499,120.736176,1.5698597,320.30377,233.23935,6731.383,0.999999526,0.00095436,1.569841967,0,-6.7606506,1.095406067,-1.569841967,0,0.00405639,-0.03,0,0,-0.01569842
1773775651,TRUE,0.47139743,1773775651,320.24945,233.25339,55.97499,120.736176,1.5698597,320.28748,233.24356,6739.4297,0.999999537,0.000949027,1.5698473,0,-6.756439,1.096600716,-1.5698473,0,0.004053864,-0.03,0,0,-0.015698473
1773775651,TRUE,0.44725704,1773775651,320.3858,233.24437,55.06975,119.55156,1.5711247,320.317,233.2438,6692.703,0.99999966,0.000565815,1.570230512,0,-6.756195,1.089643252,-1.570230512,0,0.004053717,-0.03,0,0,-0.015702305
1773775651,TRUE,0.44725704,1773775651,320.3858,233.24437,55.06975,119.55156,1.5711247,320.33765,233.24397,6659.9946,0.999999746,0.000297567,1.57049876,0,-6.756027,1.08474408,-1.57049876,0,0.004053616,-0.03,0,0,-0.015704988
1773775651,TRUE,0.44725704,1773775651,320.3858,233.24437,55.06975,119.55156,1.5711247,320.35208,233.2441,6637.0986,0.999999806,0.000109793,1.570686534,0,-6.755905,1.081300339,-1.570686534,0,0.004053543,-0.03,0,0,-0.015706865
1773775651,TRUE,0.44725704,1773775651,320.3858,233.24437,55.06975,119.55156,1.5711247,320.3622,233.24417,6621.0713,0.999999848,-2.16E-05,1.570817976,0,-6.755829,1.078882596,-1.570817976,0,0.004053498,-0.03,0,0,-0.01570818
1773775651,TRUE,0.44725704,1773775651,320.3858,233.24437,55.06975,119.55156,1.5711247,320.3693,233.24423,6609.8525,0.999999877,-0.000113658,1.570909985,0,-6.755768,1.077186756,-1.570909985,0,0.004053461,-0.03,0,0,-0.0157091
1773775651,TRUE,0.44725704,1773775651,320.3858,233.24437,55.06975,119.55156,1.5711247,320.37424,233.24428,6601.999,0.999999898,-0.000178064,1.570974391,0,-6.755722,1.075997938,-1.570974391,0,0.004053433,-0.03,0,0,-0.015709744
1773775651,TRUE,0.4606579,1773775651,320.1762,233.08229,54.656303,119.45108,1.5703466,320.31482,233.19568,6580.026,0.999999898,1.03E-05,1.570786052,0,-6.8043213,1.072664107,-1.570786052,0,0.004082593,-0.03,0,0,-0.015707861
1773775651,TRUE,0.4606579,1773775651,320.1762,233.08229,54.656303,119.45108,1.5703466,320.27322,233.16165,6564.6445,0.999999898,0.000142112,1.570654215,0,-6.8383484,1.070323803,-1.570654215,0,0.004103009,-0.03,0,0,-0.015706542
1773775651,TRUE,0.4606579,1773775651,320.1762,233.08229,54.656303,119.45108,1.5703466,320.2441,233.13785,6553.8774,0.999999899,0.000234398,1.570561928,0,-6.862152,1.068682325,-1.570561928,0,0.004117291,-0.03,0,0,-0.015705619
1773775651,TRUE,0.4606579,1773775651,320.1762,233.08229,54.656303,119.45108,1.5703466,320.22372,233.12119,6546.341,0.999999899,0.000298999,1.570497328,0,-6.8788147,1.067531718,-1.570497328,0,0.004127289,-0.03,0,0,-0.015704973
1773775651,TRUE,0.4606579,1773775651,320.1762,233.08229,54.656303,119.45108,1.5703466,320.20947,233.10953,6541.065,0.999999899,0.000344219,1.570452108,0,-6.8904724,1.066725431,-1.570452108,0,0.004134284,-0.03,0,0,-0.015704521
1773775651,TRUE,0.4150917,1773775651,320.09436,233.10867,54.64081,118.99584,1.5699753,320.17493,233.10927,6529.3545,0.999999828,0.000487274,1.570309052,0,-6.890732,1.064933543,-1.570309052,0,0.004134439,-0.03,0,0,-0.015703091
1773775651,TRUE,0.4150917,1773775651,320.09436,233.10867,54.64081,118.99584,1.5699753,320.15076,233.10909,6521.1567,0.999999778,0.000587413,1.570208914,0,-6.890915,1.063677226,-1.570208914,0,0.004134549,-0.03,0,0,-0.015702089
1773775651,TRUE,0.4150917,1773775651,320.09436,233.10867,54.64081,118.99584,1.5699753,320.13385,233.10896,6515.4185,0.999999744,0.00065751,1.570138817,0,-6.891037,1.062796905,-1.570138817,0,0.004134622,-0.03,0,0,-0.015701388
1773775651,TRUE,0.4150917,1773775651,320.09436,233.10867,54.64081,118.99584,1.5699753,320.122,233.10887,6511.402,0.99999972,0.000706578,1.570089749,0,-6.8911285,1.062180169,-1.570089749,0,0.004134677,-0.03,0,0,-0.015700897
1773775651,TRUE,0.4150917,1773775651,320.09436,233.10867,54.64081,118.99584,1.5699753,320.1137,233.10881,6508.5903,0.999999703,0.000740925,1.570055401,0,-6.8911896,1.061748352,-1.570055401,0,0.004134714,-0.03,0,0,-0.015700554
1773775651,TRUE,0.26231092,1773775651,320.90756,232.83604,53.147133,118.088936,1.5666493,320.35187,233.02698,6438.84,0.999997212,0.001762747,1.569033577,0,-6.9730225,1.050973798,-1.569033577,0,0.004183814,-0.03,0,0,-0.015690336
1773775651,TRUE,0.26231092,1773775651,320.90756,232.83604,53.147133,118.088936,1.5666493,320.5186,232.9697,6390.0146,0.999995469,0.002478022,1.568318299,0,-7.030304,1.04336201,-1.568318299,0,0.004218183,-0.03,0,0,-0.015683183
1773775651,TRUE,0.26231092,1773775651,320.90756,232.83604,53.147133,118.088936,1.5666493,320.63528,232.9296,6355.837,0.999994249,0.002978715,1.567817604,0,-7.070404,1.037999007,-1.567817604,0,0.004242243,-0.03,0,0,-0.015678176
1773775651,TRUE,0.26231092,1773775651,320.90756,232.83604,53.147133,118.088936,1.5666493,320.71698,232.90154,6331.9126,0.999993394,0.003329199,1.567467118,0,-7.098465,1.034227785,-1.567467118,0,0.004259079,-0.03,0,0,-0.015674671
1773775651,TRUE,0.26231092,1773775651,320.90756,232.83604,53.147133,118.088936,1.5666493,320.77414,232.88188,6315.1655,0.999992796,0.003574539,1.567221778,0,-7.1181183,1.031579408,-1.567221778,0,0.004270871,-0.03,0,0,-0.015672218
1773775651,TRUE,0.5705984,1773775651,319.50323,232.93954,52.44324,117.902466,1.5698991,320.39288,232.89919,6275.5723,0.999994837,0.00277135,1.568024969,0,-7.100815,1.025290153,-1.568024969,0,0.004260489,-0.03,0,0,-0.01568025
1773775652,TRUE,0.5705984,1773775651,319.50323,232.93954,52.44324,117.902466,1.5698991,320.12598,232.9113,6247.8564,0.999996265,0.002209119,1.568587203,0,-7.0886993,1.020863832,-1.568587203,0,0.00425322,-0.03,0,0,-0.015685872
1773775652,TRUE,0.5705984,1773775651,319.50323,232.93954,52.44324,117.902466,1.5698991,319.93915,232.91977,6228.456,0.999997265,0.001815556,1.568980767,0,-7.0802307,1.01775395,-1.568980767,0,0.004248139,-0.03,0,0,-0.015689808
1773775652,TRUE,0.5705984,1773775651,319.50323,232.93954,52.44324,117.902466,1.5698991,319.80838,232.9257,6214.875,0.999997965,0.001540063,1.569256262,0,-7.074295,1.015571056,-1.569256262,0,0.004244577,-0.03,0,0,-0.015692563
1773775652,TRUE,0.5705984,1773775651,319.50323,232.93954,52.44324,117.902466,1.5698991,319.71683,232.92986,6205.369,0.999998454,0.001347217,1.569449108,0,-7.0701447,1.01404038,-1.569449108,0,0.004242087,-0.03,0,0,-0.015694491
1773775652,TRUE,0.3978692,1773775652,320.144,233.05444,53.043236,119.43147,1.5721188,319.84497,232.96724,6244.268,0.999998656,0.000546323,1.570250004,0,-7.0327606,1.020289351,-1.570250004,0,0.004219656,-0.03,0,0,-0.0157025
1773775652,TRUE,0.3978692,1773775652,320.144,233.05444,53.043236,119.43147,1.5721188,319.9347,232.99341,6271.4976,0.999998797,-1.43E-05,1.570810631,0,-7.006592,1.024640597,-1.570810631,0,0.004203955,-0.03,0,0,-0.015708106
1773775652,TRUE,0.3978692,1773775652,320.144,233.05444,53.043236,119.43147,1.5721188,319.9975,233.01172,6290.558,0.999998895,-0.000406742,1.571203069,0,-6.9882812,1.027675252,-1.571203069,0,0.004192969,-0.03,0,0,-0.015712031
1773775652,TRUE,0.3978692,1773775652,320.144,233.05444,53.043236,119.43147,1.5721188,320.04144,233.02454,6303.9004,0.999998964,-0.000681449,1.571477777,0,-6.975464,1.029794027,-1.571477777,0,0.004185278,-0.03,0,0,-0.015714778
1773775652,TRUE,0.3978692,1773775652,320.144,233.05444,53.043236,119.43147,1.5721188,320.0722,233.03351,6313.2397,0.999999013,-0.000873744,1.571670071,0,-6.9664917,1.031274443,-1.571670071,0,0.004179895,-0.03,0,0,-0.015716701
1773775652,TRUE,0.3978692,1773775652,320.144,233.05444,53.043236,119.43147,1.5721188,320.09375,233.0398,6319.7773,0.999999047,-0.00100835,1.571804678,0,-6.960205,1.032309398,-1.571804678,0,0.004176123,-0.03,0,0,-0.015718047
1773775652,TRUE,0.63996613,1773775652,319.10114,233.06413,54.987545,120.22904,1.5694375,319.79596,233.04709,6407.1743,0.999999056,-0.000298199,1.571094526,0,-6.9529114,1.046043822,-1.571094526,0,0.004171747,-0.03,0,0,-0.015710945
1773775652,TRUE,0.63996613,1773775652,319.10114,233.06413,54.987545,120.22904,1.5694375,319.58752,233.05222,6468.352,0.999999062,0.000198908,1.570597419,0,-6.9477844,1.055546767,-1.570597419,0,0.004168671,-0.03,0,0,-0.015705974
1773775652,TRUE,0.63996613,1773775652,319.10114,233.06413,54.987545,120.22904,1.5694375,319.4416,233.05579,6511.1763,0.999999066,0.000546882,1.570249444,0,-6.944214,1.062145552,-1.570249444,0,0.004166529,-0.03,0,0,-0.015702494
1773775652,TRUE,0.63996613,1773775652,319.10114,233.06413,54.987545,120.22904,1.5694375,319.33948,233.05829,6541.1533,0.99999907,0.000790464,1.570005862,0,-6.9417114,1.066738969,-1.570005862,0,0.004165027,-0.03,0,0,-0.015700059
1773775652,TRUE,0.63996613,1773775652,319.10114,233.06413,54.987545,120.22904,1.5694375,319.26797,233.06003,6562.137,0.999999072,0.000960972,1.569835354,0,-6.939972,1.06994178,-1.569835354,0,0.004163983,-0.03,0,0,-0.015698354
1773775652,TRUE,0.50347346,1773775652,319.7647,232.66605,53.861946,119.227905,1.568784,319.417,232.94183,6520.0503,0.999998743,0.001276378,1.569519948,0,-7.0581665,1.063507512,-1.569519948,0,0.0042349,-0.03,0,0,-0.015695199
1773775652,TRUE,0.50347346,1773775652,319.7647,232.66605,53.861946,119.227905,1.568784,319.5213,232.8591,6490.5894,0.999998513,0.001497163,1.569299163,0,-7.1408997,1.05897874,-1.569299163,0,0.00428454,-0.03,0,0,-0.015692992
1773775652,TRUE,0.50347346,1773775652,319.7647,232.66605,53.861946,119.227905,1.568784,319.5943,232.8012,6469.967,0.999998351,0.001651712,1.569144613,0,-7.198807,1.055796393,-1.569144613,0,0.004319284,-0.03,0,0,-0.015691446
1773775652,TRUE,0.50347346,1773775652,319.7647,232.66605,53.861946,119.227905,1.568784,319.64542,232.76065,6455.531,0.999998239,0.001759897,1.569036429,0,-7.2393494,1.053562643,-1.569036429,0,0.00434361,-0.03,0,0,-0.015690364
1773775652,TRUE,0.50347346,1773775652,319.7647,232.66605,53.861946,119.227905,1.568784,319.6812,232.73227,6445.426,0.99999816,0.001835626,1.5689607,0,-7.2677307,1.051996152,-1.5689607,0,0.004360639,-0.03,0,0,-0.015689607
1773775652,TRUE,0.39944142,1773775652,319.6629,232.76901,53.39581,119.68795,1.5690317,319.67572,232.74329,6429.0483,0.999998245,0.001814321,1.568982004,0,-7.256714,1.049451995,-1.568982004,0,0.004354029,-0.03,0,0,-0.01568982
1773775652,TRUE,0.39944142,1773775652,319.6629,232.76901,53.39581,119.68795,1.5690317,319.67188,232.751,6417.5845,0.999998304,0.001799408,1.568996918,0,-7.248993,1.047667242,-1.568996918,0,0.004349396,-0.03,0,0,-0.015689969
1773775652,TRUE,0.39944142,1773775652,319.6629,232.76901,53.39581,119.68795,1.5690317,319.6692,232.75641,6409.5596,0.999998346,0.001788969,1.569007357,0,-7.2435913,1.046415993,-1.569007357,0,0.004346155,-0.03,0,0,-0.015690074
1773775652,TRUE,0.39944142,1773775652,319.6629,232.76901,53.39581,119.68795,1.5690317,319.6673,232.7602,6403.942,0.999998375,0.001781661,1.569014665,0,-7.239807,1.045539194,-1.569014665,0,0.004343885,-0.03,0,0,-0.015690147
1773775652,TRUE,0.39944142,1773775652,319.6629,232.76901,53.39581,119.68795,1.5690317,319.666,232.76283,6400.01,0.999998395,0.001776546,1.56901978,0,-7.2371674,1.044924968,-1.56901978,0,0.004342301,-0.03,0,0,-0.015690198
1773775652,TRUE,0.3536503,1773775652,319.9134,232.16019,51.512146,118.73143,1.5663768,319.7402,232.58203,6314.8403,0.999995947,0.002569434,1.568226888,0,-7.4179688,1.031527907,-1.568226888,0,0.004450781,-0.03,0,0,-0.015682269
1773775652,TRUE,0.3536503,1773775652,319.9134,232.16019,51.512146,118.73143,1.5663768,319.79218,232.45547,6255.2217,0.999994233,0.003124456,1.567671863,0,-7.544525,1.022042006,-1.567671863,0,0.004526715,-0.03,0,0,-0.015676719
1773775652,TRUE,0.3536503,1773775652,319.9134,232.16019,51.512146,118.73143,1.5663768,319.82855,232.36688,6213.489,0.999993033,0.003512971,1.567283345,0,-7.6331177,1.015347978,-1.567283345,0,0.004579871,-0.03,0,0,-0.015672833
1773775652,TRUE,0.3536503,1773775652,319.9134,232.16019,51.512146,118.73143,1.5663768,319.854,232.30487,6184.2754,0.999992194,0.003784932,1.567011383,0,-7.6951294,1.01063524,-1.567011383,0,0.004617078,-0.03,0,0,-0.015670114
1773775652,TRUE,0.3536503,1773775652,319.9134,232.16019,51.512146,118.73143,1.5663768,319.87183,232.26146,6163.826,0.999991606,0.003975305,1.56682101,0,-7.7385406,1.007323129,-1.56682101,0,0.004643125,-0.03,0,0,-0.01566821
1773775652,TRUE,0.5279334,1773775652,319.13388,232.75058,52.242157,118.27901,1.5681217,319.65045,232.4082,6168.4233,0.999993051,0.003585109,1.567211208,0,-7.591797,1.008068687,-1.567211208,0,0.004555078,-0.03,0,0,-0.015672112
1773775652,TRUE,0.5279334,1773775652,319.13388,232.75058,52.242157,118.27901,1.5681217,319.49548,232.51093,6171.6416,0.999994063,0.003311972,1.567484347,0,-7.4890747,1.008590316,-1.567484347,0,0.004493445,-0.03,0,0,-0.015674843
1773775652,TRUE,0.5279334,1773775652,319.13388,232.75058,52.242157,118.27901,1.5681217,319.387,232.58282,6173.894,0.999994771,0.003120776,1.567675545,0,-7.4171753,1.008955217,-1.567675545,0,0.004450305,-0.03,0,0,-0.015676755
1773775652,TRUE,0.5279334,1773775652,319.13388,232.75058,52.242157,118.27901,1.5681217,319.31107,232.63315,6175.4707,0.999995266,0.002986939,1.567809383,0,-7.366852,1.009210577,-1.567809383,0,0.004420111,-0.03,0,0,-0.015678094
1773775652,TRUE,0.5279334,1773775652,319.13388,232.75058,52.242157,118.27901,1.5681217,319.2579,232.66838,6176.5747,0.999995613,0.002893253,1.56790307,0,-7.3316193,1.009389325,-1.56790307,0,0.004398972,-0.03,0,0,-0.015679031
1773775652,TRUE,0.5279334,1773775652,319.13388,232.75058,52.242157,118.27901,1.5681217,319.2207,232.69304,6177.347,0.999995856,0.002827672,1.56796865,0,-7.306961,1.009514351,-1.56796865,0,0.004384177,-0.03,0,0,-0.015679687
1773775652,TRUE,0.4036954,1773775652,318.8009,232.80165,52.656296,118.126236,1.5819876,319.09476,232.72563,6190.17,0.999978313,-0.001377947,1.572174303,0,-7.2743683,1.011587994,-1.572174303,0,0.004364621,-0.03,0,0,-0.015721743
1773775652,TRUE,0.4036954,1773775652,318.8009,232.80165,52.656296,118.126236,1.5819876,319.0066,232.74844,6199.1455,0.999966032,-0.004321881,1.575118327,0,-7.2515564,1.013036894,-1.575118327,0,0.004350934,-0.03,0,0,-0.015751183
1773775652,TRUE,0.4036954,1773775652,318.8009,232.80165,52.656296,118.126236,1.5819876,318.9449,232.7644,6205.4287,0.999957436,-0.006382634,1.577179146,0,-7.2355957,1.01404998,-1.577179146,0,0.004341358,-0.03,0,0,-0.015771791
1773775652,TRUE,0.4036954,1773775652,318.8009,232.80165,52.656296,118.126236,1.5819876,318.90167,232.77557,6209.8267,0.999951419,-0.007825162,1.578621709,0,-7.2244263,1.014758392,-1.578621709,0,0.004334656,-0.03,0,0,-0.015786217
1773775652,TRUE,0.4036954,1773775652,318.8009,232.80165,52.656296,118.126236,1.5819876,318.87146,232.7834,6212.9053,0.999947207,-0.008834931,1.579631494,0,-7.2165985,1.015254086,-1.579631494,0,0.004329959,-0.03,0,0,-0.015796315
1773775652,TRUE,0.46268737,1773775652,319.5944,233.01056,53.362034,120.08777,1.5706996,319.08835,232.85155,6271.472,0.999963043,-0.006155425,1.576951902,0,-7.1484528,1.024636575,-1.576951902,0,0.004289072,-0.03,0,0,-0.015769519
1773775652,TRUE,0.46268737,1773775652,319.5944,233.01056,53.362034,120.08777,1.5706996,319.24017,232.89925,6312.4688,0.999974129,-0.004279771,1.575076183,0,-7.100754,1.031152278,-1.575076183,0,0.004260453,-0.03,0,0,-0.015750762
1773775652,TRUE,0.46268737,1773775652,319.5944,233.01056,53.362034,120.08777,1.5706996,319.34644,232.93263,6341.1665,0.999981889,-0.002966814,1.573763186,0,-7.0673676,1.0356882,-1.573763186,0,0.004240421,-0.03,0,0,-0.015737632
1773775652,TRUE,0.46268737,1773775652,319.5944,233.01056,53.362034,120.08777,1.5706996,319.4208,232.95601,6361.255,0.999987321,-0.002047743,1.572844093,0,-7.043991,1.038851139,-1.572844093,0,0.004226395,-0.03,0,0,-0.015728441
1773775652,TRUE,0.46268737,1773775652,319.5944,233.01056,53.362034,120.08777,1.5706996,319.47287,232.97237,6375.317,0.999991123,-0.001404394,1.572200732,0,-7.0276337,1.0410592,-1.572200732,0,0.00421658,-0.03,0,0,-0.015722007
1773775652,TRUE,0.56605315,1773775652,319.23126,232.88377,54.28396,120.28053,1.570773,319.4004,232.9458,6421.5127,0.999993786,-0.000976079,1.571772412,0,-7.054199,1.048279117,-1.571772412,0,0.00423252,-0.03,0,0,-0.015717724
1773775652,TRUE,0.56605315,1773775652,319.23126,232.88377,54.28396,120.28053,1.570773,319.34967,232.92719,6453.8496,0.99999565,-0.000676259,1.571472589,0,-7.072815,1.05330223,-1.571472589,0,0.004243689,-0.03,0,0,-0.015714726
1773775652,TRUE,0.56605315,1773775652,319.23126,232.88377,54.28396,120.28053,1.570773,319.31415,232.91415,6476.486,0.999996955,-0.000466385,1.571262713,0,-7.085846,1.056803473,-1.571262713,0,0.004251508,-0.03,0,0,-0.015712627
1773775652,TRUE,0.56605315,1773775652,319.23126,232.88377,54.28396,120.28053,1.570773,319.28928,232.90503,6492.331,0.999997868,-0.000319473,1.571115801,0,-7.0949707,1.059247102,-1.571115801,0,0.004256983,-0.03,0,0,-0.015711158
1773775652,TRUE,0.56605315,1773775652,319.23126,232.88377,54.28396,120.28053,1.570773,319.27185,232.89865,6503.423,0.999998508,-0.000216635,1.571012962,0,-7.101349,1.060954056,-1.571012962,0,0.00426081,-0.03,0,0,-0.01571013
1773775652,TRUE,0.66443336,1773775652,319.1849,232.61823,53.78888,119.93669,1.5688289,319.2458,232.81451,6487.7744,0.999998375,0.000438571,1.570357755,0,-7.185486,1.058544958,-1.570357755,0,0.004311292,-0.03,0,0,-0.015703578
1773775652,TRUE,0.66443336,1773775652,319.1849,232.61823,53.78888,119.93669,1.5688289,319.22754,232.75562,6476.8203,0.999998282,0.000897215,1.56989911,0,-7.244385,1.056855097,-1.56989911,0,0.004346631,-0.03,0,0,-0.015698991
1773775652,TRUE,0.66443336,1773775652,319.1849,232.61823,53.78888,119.93669,1.5688289,319.21475,232.71439,6469.1523,0.999998217,0.001218266,1.569578059,0,-7.285614,1.055670551,-1.569578059,0,0.004371369,-0.03,0,0,-0.015695781
1773775652,TRUE,0.66443336,1773775652,319.1849,232.61823,53.78888,119.93669,1.5688289,319.2058,232.68555,6463.785,0.999998171,0.001443002,1.569353323,0,-7.314453,1.054840525,-1.569353323,0,0.004388672,-0.03,0,0,-0.015693533
1773775652,TRUE,0.66443336,1773775652,319.1849,232.61823,53.78888,119.93669,1.5688289,319.19952,232.66534,6460.0273,0.999998139,0.001600317,1.569196008,0,-7.334656,1.054258988,-1.569196008,0,0.004400794,-0.03,0,0,-0.01569196
1773775652,TRUE,0.5965758,1773775652,319.33026,232.93166,53.89961,119.66964,1.569904,319.23874,232.74524,6457.0635,0.999998578,0.001387929,1.569408397,0,-7.2547607,1.053800048,-1.569408397,0,0.004352856,-0.03,0,0,-0.015694084
1773775652,TRUE,0.5965758,1773775652,319.33026,232.93166,53.89961,119.66964,1.569904,319.2662,232.80116,6454.9883,0.999998885,0.001239257,1.569557069,0,-7.1988373,1.053478673,-1.569557069,0,0.004319303,-0.03,0,0,-0.015695571
1773775652,TRUE,0.5965758,1773775652,319.33026,232.93166,53.89961,119.66964,1.569904,319.28543,232.84032,6453.536,0.9999991,0.001135187,1.569661139,0,-7.159683,1.053253666,-1.569661139,0,0.00429581,-0.03,0,0,-0.015696611
1773775652,TRUE,0.5965758,1773775652,319.33026,232.93166,53.89961,119.66964,1.569904,319.2989,232.86772,6452.5195,0.999999251,0.001062338,1.569733988,0,-7.1322784,1.053096147,-1.569733988,0,0.004279367,-0.03,0,0,-0.01569734
1773775652,TRUE,0.5965758,1773775652,319.33026,232.93166,53.89961,119.66964,1.569904,319.3083,232.8869,6451.8076,0.999999356,0.001011344,1.569784983,0,-7.113098,1.052985769,-1.569784983,0,0.004267859,-0.03,0,0,-0.01569785
1773775652,TRUE,0.5670838,1773775652,319.79605,233.06755,54.467834,119.5598,1.5707655,319.45462,232.9411,6469.914,0.999999549,0.00071719,1.570079137,0,-7.058899,1.055788264,-1.570079137,0,0.004235339,-0.03,0,0,-0.015700791
1773775652,TRUE,0.5670838,1773775652,319.79605,233.06755,54.467834,119.5598,1.5707655,319.55704,232.97903,6482.589,0.999999684,0.000511282,1.570285044,0,-7.0209656,1.057745381,-1.570285044,0,0.00421258,-0.03,0,0,-0.01570285
1773775652,TRUE,0.5670838,1773775652,319.79605,233.06755,54.467834,119.5598,1.5707655,319.62875,233.00558,6491.461,0.999999779,0.000367147,1.57042918,0,-6.9944153,1.059113013,-1.57042918,0,0.004196649,-0.03,0,0,-0.015704292
1773775652,TRUE,0.5670838,1773775652,319.79605,233.06755,54.467834,119.5598,1.5707655,319.67896,233.02417,6497.672,0.999999845,0.000266252,1.570530074,0,-6.97583,1.060069351,-1.570530074,0,0.004185498,-0.03,0,0,-0.015705301
1773775652,TRUE,0.5670838,1773775652,319.79605,233.06755,54.467834,119.5598,1.5707655,319.71408,233.03717,6502.0195,0.999999891,0.000195626,1.570600701,0,-6.9628296,1.060738236,-1.570600701,0,0.004177698,-0.03,0,0,-0.015706007
1773775652,TRUE,0.53060657,1773775652,319.4769,233.13054,53.69123,118.46196,1.5693303,319.6429,233.06519,6459.5244,0.999999602,0.000576736,1.570219591,0,-6.9348145,1.054181142,-1.570219591,0,0.004160889,-0.03,0,0,-0.015702196
1773775652,TRUE,0.53060657,1773775652,319.4769,233.13054,53.69123,118.46196,1.5693303,319.5931,233.0848,6429.778,0.999999399,0.000843513,1.569952814,0,-6.915207,1.049565434,-1.569952814,0,0.004149125,-0.03,0,0,-0.015699528
1773775652,TRUE,0.53060657,1773775652,319.4769,233.13054,53.69123,118.46196,1.5693303,319.55826,233.09851,6408.955,0.999999257,0.001030256,1.56976607,0,-6.9014893,1.046321707,-1.56976607,0,0.004140894,-0.03,0,0,-0.015697661
1773775652,TRUE,0.53060657,1773775652,319.4769,233.13054,53.69123,118.46196,1.5693303,319.53384,233.10812,6394.3794,0.999999157,0.001160977,1.569635349,0,-6.891876,1.044044846,-1.569635349,0,0.004135126,-0.03,0,0,-0.015696353
1773775652,TRUE,0.53060657,1773775652,319.4769,233.13054,53.69123,118.46196,1.5693303,319.51675,233.11485,6384.1763,0.999999088,0.001252481,1.569543845,0,-6.885147,1.042447895,-1.569543845,0,0.004131089,-0.03,0,0,-0.015695438
1773775652,TRUE,0.53060657,1773775652,319.4769,233.13054,53.69123,118.46196,1.5693303,319.5048,233.11955,6377.034,0.999999039,0.001316534,1.569479792,0,-6.8804474,1.041328543,-1.569479792,0,0.004128269,-0.03,0,0,-0.015694798
1773775652,TRUE,0.5458639,1773775652,319.94492,232.68161,53.126907,118.19892,1.5683067,319.63684,232.98817,6347.7866,0.999998398,0.001668466,1.56912786,0,-7.0118256,1.036731619,-1.56912786,0,0.004207096,-0.03,0,0,-0.015691279
1773775652,TRUE,0.5458639,1773775652,319.94492,232.68161,53.126907,118.19892,1.5683067,319.72925,232.89621,6327.3135,0.999997949,0.001914818,1.568881507,0,-7.1037903,1.033501145,-1.568881507,0,0.004262275,-0.03,0,0,-0.015688815
1773775652,TRUE,0.5458639,1773775652,319.94492,232.68161,53.126907,118.19892,1.5683067,319.79395,232.83183,6312.982,0.999997634,0.002087265,1.56870906,0,-7.168167,1.031233553,-1.56870906,0,0.0043009,-0.03,0,0,-0.015687091
1773775652,TRUE,0.5458639,1773775652,319.94492,232.68161,53.126907,118.19892,1.5683067,319.83923,232.78677,6302.95,0.999997414,0.002207977,1.568588348,0,-7.2132263,1.029643242,-1.568588348,0,0.004327936,-0.03,0,0,-0.015685883
1773775652,TRUE,0.5458639,1773775652,319.94492,232.68161,53.126907,118.19892,1.5683067,319.87094,232.75523,6295.9277,0.99999726,0.002292476,1.568503849,0,-7.244766,1.028528466,-1.568503849,0,0.00434686,-0.03,0,0,-0.015685038
1773775652,TRUE,0.6627203,1773775652,318.9997,234.78949,54.730247,118.95994,1.5756927,319.60956,233.36551,6360.3613,0.999994486,0.000135841,1.570660485,0,-6.634491,1.038710658,-1.570660485,0,0.003980695,-0.03,0,0,-0.015706605
1773775652,TRUE,0.6627203,1773775652,318.9997,234.78949,54.730247,118.95994,1.5756927,319.4266,233.7927,6405.465,0.999992544,-0.001373804,1.57217014,0,-6.207306,1.045776919,-1.57217014,0,0.003724384,-0.03,0,0,-0.015721701
1773775652,TRUE,0.6627203,1773775652,318.9997,234.78949,54.730247,118.95994,1.5756927,319.29852,234.09174,6437.037,0.999991185,-0.002430555,1.573226898,0,-5.908264,1.050693784,-1.573226898,0,0.003544959,-0.03,0,0,-0.015732269
1773775652,TRUE,0.6627203,1773775652,318.9997,234.78949,54.730247,118.95994,1.5756927,319.20886,234.30106,6459.1377,0.999990233,-0.00317028,1.573966628,0,-5.698944,1.054121237,-1.573966628,0,0.003419367,-0.03,0,0,-0.015739666
1773775652,TRUE,0.6627203,1773775652,318.9997,234.78949,54.730247,118.95994,1.5756927,319.14612,234.4476,6474.6084,0.999989567,-0.003688089,1.574484437,0,-5.5523987,1.056513566,-1.574484437,0,0.003331439,-0.03,0,0,-0.015744844
1773775652,TRUE,0.56298965,1773775652,319.1111,232.89961,54.405617,119.227165,1.568249,319.13562,233.9832,6478.214,0.999991724,-0.001817461,1.572613801,0,-6.0168,1.057070266,-1.572613801,0,0.00361008,-0.03,0,0,-0.015726138
1773775652,TRUE,0.56298965,1773775652,319.1111,232.89961,54.405617,119.227165,1.568249,319.12827,233.65813,6480.738,0.999993233,-0.000508022,1.571304352,0,-6.341873,1.057459805,-1.571304352,0,0.003805124,-0.03,0,0,-0.015713044
1773775652,TRUE,0.56298965,1773775652,319.1111,232.89961,54.405617,119.227165,1.568249,319.1231,233.43057,6482.505,0.99999429,0.000408586,1.570387739,0,-6.5694275,1.057732466,-1.570387739,0,0.003941657,-0.03,0,0,-0.015703877
1773775652,TRUE,0.56298965,1773775652,319.1111,232.89961,54.405617,119.227165,1.568249,319.1195,233.27129,6483.7417,0.99999503,0.001050211,1.569746111,0,-6.728714,1.057923194,-1.569746111,0,0.004037228,-0.03,0,0,-0.015697461
1773775652,TRUE,0.56298965,1773775652,319.1111,232.89961,54.405617,119.227165,1.568249,319.117,233.15979,6484.6074,0.999995547,0.001499349,1.569296972,0,-6.84021,1.058056698,-1.569296972,0,0.004104126,-0.03,0,0,-0.01569297
1773775652,TRUE,0.56298965,1773775652,319.1111,232.89961,54.405617,119.227165,1.568249,319.11523,233.08174,6485.2134,0.99999591,0.001813745,1.568982576,0,-6.9182587,1.058150132,-1.568982576,0,0.004150956,-0.03,0,0,-0.015689826
1773775652,TRUE,0.43220636,1773775652,319.1168,232.75693,53.513268,119.894485,1.5664142,319.1157,232.98428,6464.433,0.999994256,0.002584244,1.568212073,0,-7.0157166,1.054940735,-1.568212073,0,0.00420943,-0.03,0,0,-0.015682121
1773775652,TRUE,0.43220636,1773775652,319.1168,232.75693,53.513268,119.894485,1.5664142,319.11603,232.91608,6449.8867,0.999993099,0.003123594,1.567672722,0,-7.0839233,1.052688013,-1.567672722,0,0.004250354,-0.03,0,0,-0.015676727
1773775652,TRUE,0.43220636,1773775652,319.1168,232.75693,53.513268,119.894485,1.5664142,319.11624,232.86832,6439.704,0.999992289,0.003501138,1.567295176,0,-7.1316833,1.051108066,-1.567295176,0,0.00427901,-0.03,0,0,-0.015672952
1773775652,TRUE,0.43220636,1773775652,319.1168,232.75693,53.513268,119.894485,1.5664142,319.1164,232.8349,6432.5767,0.999991722,0.00376542,1.567030894,0,-7.1651,1.050000624,-1.567030894,0,0.00429906,-0.03,0,0,-0.015670309
1773775652,TRUE,0.43220636,1773775652,319.1168,232.75693,53.513268,119.894485,1.5664142,319.11652,232.8115,6427.5874,0.999991325,0.003950416,1.566845897,0,-7.188507,1.04922466,-1.566845897,0,0.004313104,-0.03,0,0,-0.015668459
1773775652,TRUE,0.43220636,1773775652,319.1168,232.75693,53.513268,119.894485,1.5664142,319.1166,232.79514,6424.0947,0.999991047,0.004079914,1.566716399,0,-7.2048645,1.048681201,-1.566716399,0,0.004322919,-0.03,0,0,-0.015667164
1773775652,TRUE,0.68350965,1773775652,318.5773,234.93295,56.20582,118.848526,1.5772929,318.95483,233.43648,6500.86,0.999987402,0.000906976,1.56988934,0,-6.5635223,1.060559932,-1.56988934,0,0.003938114,-0.03,0,0,-0.015698893
1773775652,TRUE,0.68350965,1773775652,318.5773,234.93295,56.20582,118.848526,1.5772929,318.84158,233.88542,6554.5957,0.999984851,-0.001314081,1.572110427,0,-6.1145782,1.068791885,-1.572110427,0,0.003668747,-0.03,0,0,-0.015721104
1773775652,TRUE,0.68350965,1773775652,318.5773,234.93295,56.20582,118.848526,1.5772929,318.7623,234.19968,6592.2104,0.999983065,-0.002868821,1.573665188,0,-5.8003235,1.074514179,-1.573665188,0,0.003480194,-0.03,0,0,-0.015736652
1773775652,TRUE,0.68350965,1773775652,318.5773,234.93295,56.20582,118.848526,1.5772929,318.7068,234.41966,6618.541,0.999981814,-0.003957138,1.574753517,0,-5.5803375,1.078500423,-1.574753517,0,0.003348203,-0.03,0,0,-0.015747535
1773775652,TRUE,0.68350965,1773775652,318.5773,234.93295,56.20582,118.848526,1.5772929,318.66794,234.57365,6636.972,0.999980939,-0.004718961,1.575515343,0,-5.426346,1.081281337,-1.575515343,0,0.003255808,-0.03,0,0,-0.015755153
1773775652,TRUE,0.724774,1773775652,318.31186,234.9577,55.687416,120.26124,1.5768849,318.5611,234.68887,6654.9917,0.999981097,-0.005129823,1.575926202,0,-5.3111267,1.083992606,-1.575926202,0,0.003186676,-0.03,0,0,-0.015759262
1773775653,TRUE,0.724774,1773775652,318.31186,234.9577,55.687416,120.26124,1.5768849,318.48633,234.76953,6667.6055,0.999981207,-0.005417427,1.576213802,0,-5.2304688,1.085886252,-1.576213802,0,0.003138281,-0.03,0,0,-0.015762138
1773775653,TRUE,0.724774,1773775652,318.31186,234.9577,55.687416,120.26124,1.5768849,318.434,234.82599,6676.435,0.999981285,-0.005618749,1.576415122,0,-5.174011,1.087209608,-1.576415122,0,0.003104407,-0.03,0,0,-0.015764151
1773775653,TRUE,0.724774,1773775652,318.31186,234.9577,55.687416,120.26124,1.5768849,318.39734,234.86551,6682.6157,0.999981339,-0.005759675,1.576556045,0,-5.134491,1.088134885,-1.576556045,0,0.003080695,-0.03,0,0,-0.01576556
1773775653,TRUE,0.724774,1773775652,318.31186,234.9577,55.687416,120.26124,1.5768849,318.3717,234.89316,6686.9424,0.999981377,-0.005858323,1.576654692,0,-5.106842,1.088782134,-1.576654692,0,0.003064105,-0.03,0,0,-0.015766547
1773775653,TRUE,0.66888493,1773775653,318.40744,235.13428,55.94,119.63011,1.5762615,318.38242,234.96548,6688.492,0.999982483,-0.005740376,1.57653674,0,-5.0345154,1.089013892,-1.57653674,0,0.003020709,-0.03,0,0,-0.015765367
1773775653,TRUE,0.66888493,1773775653,318.40744,235.13428,55.94,119.63011,1.5762615,318.38992,235.01611,6689.577,0.999983258,-0.005657813,1.576454174,0,-4.9838867,1.089176123,-1.576454174,0,0.002990332,-0.03,0,0,-0.015764542
1773775653,TRUE,0.66888493,1773775653,318.40744,235.13428,55.94,119.63011,1.5762615,318.39517,235.05156,6690.337,0.9999838,-0.005600019,1.576396378,0,-4.9484406,1.089289637,-1.576396378,0,0.002969065,-0.03,0,0,-0.015763964
1773775653,TRUE,0.66888493,1773775653,318.40744,235.13428,55.94,119.63011,1.5762615,318.39886,235.07637,6690.868,0.99998418,-0.005559563,1.576355921,0,-4.9236298,1.089369049,-1.576355921,0,0.002954178,-0.03,0,0,-0.015763559
1773775653,TRUE,0.66888493,1773775653,318.40744,235.13428,55.94,119.63011,1.5762615,318.40143,235.09373,6691.24,0.999984446,-0.005531244,1.576327601,0,-4.9062653,1.089424714,-1.576327601,0,0.002943759,-0.03,0,0,-0.015763276
1773775653,TRUE,0.66888493,1773775653,318.40744,235.13428,55.94,119.63011,1.5762615,318.40323,235.1059,6691.501,0.999984632,-0.005511421,1.576307777,0,-4.894104,1.089463613,-1.576307777,0,0.002936463,-0.03,0,0,-0.015763078
1773775653,TRUE,0.5876771,1773775653,318.33426,234.9712,55.35846,119.88216,1.5764573,318.38254,235.06549,6674.9985,0.999984435,-0.005556266,1.576352622,0,-4.9345093,1.086994397,-1.576352622,0,0.002960706,-0.03,0,0,-0.015763526
1773775653,TRUE,0.5876771,1773775653,318.33426,234.9712,55.35846,119.88216,1.5764573,318.36804,235.0372,6663.447,0.999984298,-0.005587658,1.576384014,0,-4.962799,1.085262335,-1.576384014,0,0.00297768,-0.03,0,0,-0.01576384
1773775653,TRUE,0.5876771,1773775653,318.33426,234.9712,55.35846,119.88216,1.5764573,318.3579,235.0174,6655.3604,0.999984202,-0.005609632,1.576405989,0,-4.982605,1.084048007,-1.576405989,0,0.002989563,-0.03,0,0,-0.01576406
1773775653,TRUE,0.5876771,1773775653,318.33426,234.9712,55.35846,119.88216,1.5764573,318.35083,235.00354,6649.6997,0.999984134,-0.005625014,1.576421371,0,-4.99646,1.083197148,-1.576421371,0,0.002997876,-0.03,0,0,-0.015764214
1773775653,TRUE,0.5876771,1773775653,318.33426,234.9712,55.35846,119.88216,1.5764573,318.34586,234.99384,6645.7373,0.999984087,-0.005635781,1.576432138,0,-5.0061646,1.082601107,-1.576432138,0,0.003003699,-0.03,0,0,-0.015764321
1773775653,TRUE,0.68723416,1773775653,318.7548,233.34125,54.965878,119.78415,1.5681502,318.46854,234.49806,6627.2285,0.999987811,-0.003151199,1.573947553,0,-5.501938,1.079812124,-1.573947553,0,0.003301163,-0.03,0,0,-0.015739476
1773775653,TRUE,0.68723416,1773775653,318.7548,233.34125,54.965878,119.78415,1.5681502,318.5544,234.15102,6614.2725,0.999990417,-0.001411991,1.57220833,0,-5.848984,1.077855246,-1.57220833,0,0.00350939,-0.03,0,0,-0.015722083
1773775653,TRUE,0.68723416,1773775653,318.7548,233.34125,54.965878,119.78415,1.5681502,318.61453,233.9081,6605.203,0.999992242,-0.000194545,1.570990873,0,-6.0919037,1.076483125,-1.570990873,0,0.003655142,-0.03,0,0,-0.015709909
1773775653,TRUE,0.68723416,1773775653,318.7548,233.34125,54.965878,119.78415,1.5681502,318.65662,233.73805,6598.8545,0.999993519,0.000657667,1.570138656,0,-6.2619476,1.075521543,-1.570138656,0,0.003757169,-0.03,0,0,-0.015701387
1773775653,TRUE,0.68723416,1773775653,318.7548,233.34125,54.965878,119.78415,1.5681502,318.68607,233.61902,6594.4106,0.999994413,0.001254215,1.569542105,0,-6.3809814,1.074847828,-1.569542105,0,0.003828589,-0.03,0,0,-0.015695421
1773775653,TRUE,0.5056975,1773775653,318.90375,233.4976,54.443794,119.425415,1.5692768,318.75137,233.5826,6566.679,0.999995743,0.001333805,1.569462516,0,-6.417404,1.070633681,-1.569462516,0,0.003850443,-0.03,0,0,-0.015694625
1773775653,TRUE,0.5056975,1773775653,318.90375,233.4976,54.443794,119.425415,1.5692768,318.7971,233.5571,6547.267,0.999996674,0.001389519,1.569406804,0,-6.4429016,1.067673127,-1.569406804,0,0.003865741,-0.03,0,0,-0.015694068
1773775653,TRUE,0.5056975,1773775653,318.90375,233.4976,54.443794,119.425415,1.5692768,318.8291,233.53925,6533.6787,0.999997325,0.001428518,1.569367806,0,-6.4607544,1.065595569,-1.569367806,0,0.003876453,-0.03,0,0,-0.015693678
1773775653,TRUE,0.5056975,1773775653,318.90375,233.4976,54.443794,119.425415,1.5692768,318.8515,233.52675,6524.167,0.999997781,0.001455818,1.569340507,0,-6.4732513,1.064138731,-1.569340507,0,0.003883951,-0.03,0,0,-0.015693405
1773775653,TRUE,0.5056975,1773775653,318.90375,233.4976,54.443794,119.425415,1.5692768,318.8672,233.518,6517.509,0.999998101,0.001474927,1.569321398,0,-6.4819946,1.063117688,-1.569321398,0,0.003889197,-0.03,0,0,-0.015693214
1773775653,TRUE,0.50246704,1773775653,318.56448,233.95926,55.49452,120.38157,1.5686898,318.77637,233.65039,6566.411,0.999998005,0.0016644,1.569131925,0,-6.3496094,1.070592898,-1.569131925,0,0.003809766,-0.03,0,0,-0.015691319
1773775653,TRUE,0.50246704,1773775653,318.56448,233.95926,55.49452,120.38157,1.5686898,318.7128,233.74304,6600.643,0.999997938,0.00179703,1.568999295,0,-6.256958,1.075792495,-1.568999295,0,0.003754175,-0.03,0,0,-0.015689993
1773775653,TRUE,0.50246704,1773775653,318.56448,233.95926,55.49452,120.38157,1.5686898,318.6683,233.80792,6624.6055,0.999997891,0.001889872,1.568906453,0,-6.1920776,1.079416291,-1.568906453,0,0.003715247,-0.03,0,0,-0.015689065
1773775653,TRUE,0.50246704,1773775653,318.56448,233.95926,55.49452,120.38157,1.5686898,318.63715,233.85333,6641.379,0.999997858,0.001954861,1.568841464,0,-6.1466675,1.081945076,-1.568841464,0,0.003688001,-0.03,0,0,-0.015688415
1773775653,TRUE,0.50246704,1773775653,318.56448,233.95926,55.49452,120.38157,1.5686898,318.61536,233.8851,6653.1206,0.999997835,0.002000353,1.568795972,0,-6.1148987,1.083711444,-1.568795972,0,0.00366894,-0.03,0,0,-0.01568796
1773775653,TRUE,0.50246704,1773775653,318.56448,233.95926,55.49452,120.38157,1.5686898,318.6001,233.90735,6661.34,0.999997819,0.002032198,1.568764127,0,-6.0926514,1.084946081,-1.568764127,0,0.003655591,-0.03,0,0,-0.015687641
1773775653,TRUE,0.39650327,1773775653,318.18512,233.94577,53.710155,119.12216,1.5658469,318.4756,233.91887,6582.359,0.999994799,0.002907355,1.567888965,0,-6.081131,1.073018594,-1.567888965,0,0.003648679,-0.03,0,0,-0.01567889
1773775653,TRUE,0.39650327,1773775653,318.18512,233.94577,53.710155,119.12216,1.5658469,318.38843,233.92694,6527.0723,0.999992685,0.003519964,1.567276351,0,-6.073059,1.064583907,-1.567276351,0,0.003643836,-0.03,0,0,-0.015672764
1773775653,TRUE,0.39650327,1773775653,318.18512,233.94577,53.710155,119.12216,1.5658469,318.32745,233.93259,6488.3716,0.999991205,0.003948791,1.566847522,0,-6.0674133,1.058637024,-1.566847522,0,0.003640448,-0.03,0,0,-0.015668475
1773775653,TRUE,0.39650327,1773775653,318.18512,233.94577,53.710155,119.12216,1.5658469,318.28473,233.93654,6461.281,0.999990169,0.00424897,1.566547341,0,-6.0634613,1.054453037,-1.566547341,0,0.003638077,-0.03,0,0,-0.015665473
1773775653,TRUE,0.39650327,1773775653,318.18512,233.94577,53.710155,119.12216,1.5658469,318.25482,233.9393,6442.3174,0.999989444,0.004459095,1.566337215,0,-6.0606995,1.051513763,-1.566337215,0,0.00363642,-0.03,0,0,-0.015663372
1773775653,TRUE,0.6059093,1773775653,318.20367,234.51793,55.657944,120.08089,1.5670238,318.23947,234.11288,6514.6587,0.999990476,0.004253135,1.566543177,0,-5.8871155,1.062680261,-1.566543177,0,0.00353227,-0.03,0,0,-0.015665432
1773775653,TRUE,0.6059093,1773775653,318.20367,234.51793,55.657944,120.08089,1.5670238,318.22873,234.2344,6565.298,0.999991198,0.004108964,1.56668735,0,-5.7655945,1.070423292,-1.56668735,0,0.003459357,-0.03,0,0,-0.015666873
1773775653,TRUE,0.6059093,1773775653,318.20367,234.51793,55.657944,120.08089,1.5670238,318.2212,234.31946,6600.745,0.999991704,0.004008044,1.566788271,0,-5.680542,1.075807944,-1.566788271,0,0.003408325,-0.03,0,0,-0.015667883
1773775653,TRUE,0.6059093,1773775653,318.20367,234.51793,55.657944,120.08089,1.5670238,318.21594,234.379,6625.558,0.999992058,0.0039374,1.566858916,0,-5.621002,1.079560079,-1.566858916,0,0.003372602,-0.03,0,0,-0.015668589
1773775653,TRUE,0.6059093,1773775653,318.20367,234.51793,55.657944,120.08089,1.5670238,318.21228,234.42068,6642.9272,0.999992306,0.003887949,1.566908367,0,-5.579315,1.082178181,-1.566908367,0,0.003347589,-0.03,0,0,-0.015669084
1773775653,TRUE,0.5800745,1773775653,318.6897,234.95944,55.01407,118.718864,1.5668412,318.3555,234.58232,6609.411,0.999992268,0.003908086,1.566888231,0,-5.417679,1.077120012,-1.566888231,0,0.003250608,-0.03,0,0,-0.015668882
1773775653,TRUE,0.5800745,1773775653,318.6897,234.95944,55.01407,118.718864,1.5668412,318.45575,234.69547,6585.95,0.999992241,0.003922182,1.566874135,0,-5.304535,1.073564065,-1.566874135,0,0.003182721,-0.03,0,0,-0.015668741
1773775653,TRUE,0.5800745,1773775653,318.6897,234.95944,55.01407,118.718864,1.5668412,318.52594,234.77466,6569.5273,0.999992222,0.003932049,1.566864268,0,-5.225342,1.071067317,-1.566864268,0,0.003135205,-0.03,0,0,-0.015668643
1773775653,TRUE,0.5800745,1773775653,318.6897,234.95944,55.01407,118.718864,1.5668412,318.57507,234.8301,6558.0312,0.999992209,0.003938956,1.566857361,0,-5.1699066,1.069315852,-1.566857361,0,0.003101944,-0.03,0,0,-0.015668574
1773775653,TRUE,0.5800745,1773775653,318.6897,234.95944,55.01407,118.718864,1.5668412,318.60947,234.8689,6549.984,0.9999922,0.00394379,1.566852526,0,-5.1311035,1.068088056,-1.566852526,0,0.003078662,-0.03,0,0,-0.015668525
1773775653,TRUE,0.5800745,1773775653,318.6897,234.95944,55.01407,118.718864,1.5668412,318.63354,234.89606,6544.351,0.999992194,0.003947175,1.566849142,0,-5.103943,1.067227684,-1.566849142,0,0.003062366,-0.03,0,0,-0.015668491
1773775653,TRUE,0.6820377,1773775653,317.08505,236.5053,56.00678,119.78427,1.5756063,318.169,235.37881,6593.665,0.999991065,0.001320022,1.569476294,0,-4.6211853,1.074734779,-1.569476294,0,0.002772711,-0.03,0,0,-0.015694763
1773775653,TRUE,0.6820377,1773775653,317.08505,236.5053,56.00678,119.78427,1.5756063,317.8438,235.71677,6628.1846,0.999990275,-0.000518985,1.571315317,-2.156189,-4.2832336,1.079956422,-1.571315317,0.001293714,0.00256994,-0.03,0,0,-0.015713153
1773775653,TRUE,0.6820377,1773775653,317.08505,236.5053,56.00678,119.78427,1.5756063,317.61618,235.95334,6652.3486,0.999989722,-0.00180629,1.572602633,-2.3838196,-4.0466614,1.08359544,-1.572602633,0.001430292,0.002427997,-0.03,0,0,-0.015726026
1773775653,TRUE,0.6820377,1773775653,317.08505,236.5053,56.00678,119.78427,1.5756063,317.45685,236.11893,6669.2637,0.999989335,-0.002707403,1.573503752,-2.5431519,-3.881073,1.086134937,-1.573503752,0.001525891,0.002328644,-0.03,0,0,-0.015735038
1773775653,TRUE,0.6820377,1773775653,317.08505,236.5053,56.00678,119.78427,1.5756063,317.3453,236.23483,6681.1035,0.999989064,-0.003338182,1.574134533,-2.6546936,-3.7651672,1.087908627,-1.574134533,0.001592816,0.002259101,-0.03,0,0,-0.015741345
1773775653,TRUE,0.7082313,1773775653,317.53952,236.35529,55.585075,120.00319,1.5760831,317.40356,236.27097,6677.8887,0.999988152,-0.003922741,1.574719095,-2.5964355,-3.7290344,1.087427346,-1.574719095,0.001557862,0.002237421,-0.03,0,0,-0.015747191
1773775653,TRUE,0.7082313,1773775653,317.53952,236.35529,55.585075,120.00319,1.5760831,317.44434,236.29626,6675.6377,0.999987514,-0.004331933,1.575128287,-2.555664,-3.7037354,1.08709015,-1.575128287,0.001533399,0.002222241,-0.03,0,0,-0.015751283
1773775653,TRUE,0.7082313,1773775653,317.53952,236.35529,55.585075,120.00319,1.5760831,317.4729,236.31396,6674.0625,0.999987068,-0.004618367,1.57541472,-2.5270996,-3.6860352,1.086854167,-1.57541472,0.00151626,0.002211621,-0.03,0,0,-0.015754147
1773775653,TRUE,0.7082313,1773775653,317.53952,236.35529,55.585075,120.00319,1.5760831,317.4929,236.32635,6672.96,0.999986755,-0.004818871,1.575615224,-2.5071106,-3.673645,1.086688985,-1.575615224,0.001504266,0.002204187,-0.03,0,0,-0.015756152
1773775653,TRUE,0.7082313,1773775653,317.53952,236.35529,55.585075,120.00319,1.5760831,317.5069,236.33504,6672.1875,0.999986536,-0.004959223,1.575755576,-2.493103,-3.6649628,1.086573245,-1.575755576,0.001495862,0.002198978,-0.03,0,0,-0.015757556
1773775653,TRUE,0.72703415,1773775653,317.56735,236.50513,56.19611,119.70729,1.5764172,317.52502,236.38606,6688.6562,0.999985836,-0.005157712,1.575954066,-2.4749756,-3.6139374,1.089038445,-1.575954066,0.001484986,0.002168363,-0.03,0,0,-0.015759541
1773775653,TRUE,0.72703415,1773775653,317.56735,236.50513,56.19611,119.70729,1.5764172,317.53772,236.42178,6700.1846,0.999985346,-0.005296654,1.576093008,-2.4622803,-3.5782166,1.090760541,-1.576093008,0.001477368,0.00214693,-0.03,0,0,-0.01576093
1773775653,TRUE,0.72703415,1773775653,317.56735,236.50513,56.19611,119.70729,1.5764172,317.5466,236.44678,6708.254,0.999985003,-0.005393913,1.576190268,-2.4533997,-3.5532227,1.091964109,-1.576190268,0.00147204,0.002131934,-0.03,0,0,-0.015761903
1773775653,TRUE,0.72703415,1773775653,317.56735,236.50513,56.19611,119.70729,1.5764172,317.55283,236.46428,6713.9033,0.999984763,-0.005461994,1.57625835,-2.447174,-3.5357208,1.092805946,-1.57625835,0.001468305,0.002121433,-0.03,0,0,-0.015762584
1773775653,TRUE,0.72703415,1773775653,317.56735,236.50513,56.19611,119.70729,1.5764172,317.5572,236.47653,6717.8574,0.999984595,-0.005509651,1.576306007,-2.44281,-3.523468,1.093394739,-1.576306007,0.001465686,0.002114081,-0.03,0,0,-0.01576306
1773775653,TRUE,0.72703415,1773775653,317.56735,236.50513,56.19611,119.70729,1.5764172,317.56024,236.4851,6720.625,0.999984477,-0.005543011,1.576339367,-2.4397583,-3.5148926,1.093806559,-1.576339367,0.001463855,0.002108936,-0.03,0,0,-0.015763394
1773775653,TRUE,0.64961076,1773775653,317.56464,236.2203,55.82756,118.453705,1.5776128,317.56155,236.40567,6688.332,0.999982165,-0.005925021,1.576721385,-2.438446,-3.5943298,1.088989981,-1.576721385,0.001463068,0.002156598,-0.03,0,0,-0.015767214
1773775653,TRUE,0.64961076,1773775653,317.56464,236.2203,55.82756,118.453705,1.5776128,317.5625,236.35007,6665.727,0.999980546,-0.006192428,1.576988797,-2.4375,-3.6499329,1.085604494,-1.576988797,0.0014625,0.00218996,-0.03,0,0,-0.015769888
1773775653,TRUE,0.64961076,1773775653,317.56464,236.2203,55.82756,118.453705,1.5776128,317.56314,236.31113,6649.9033,0.999979412,-0.006379613,1.577175985,-2.4368591,-3.6888733,1.083227735,-1.577175985,0.001462116,0.002213324,-0.03,0,0,-0.01577176
1773775653,TRUE,0.64961076,1773775653,317.56464,236.2203,55.82756,118.453705,1.5776128,317.5636,236.28387,6638.8267,0.999978619,-0.006510643,1.577307017,-2.4364014,-3.7161255,1.081560677,-1.577307017,0.001461841,0.002229675,-0.03,0,0,-0.01577307
1773775653,TRUE,0.64961076,1773775653,317.56464,236.2203,55.82756,118.453705,1.5776128,317.5639,236.2648,6631.073,0.999978064,-0.006602363,1.577398739,-2.4360962,-3.735199,1.080392104,-1.577398739,0.001461658,0.00224112,-0.03,0,0,-0.015773987
1773775653,TRUE,0.51775414,1773775653,318.41336,234.34377,55.257355,119.05063,1.5684915,317.81873,235.68849,6615.278,0.999983848,-0.003930195,1.574726565,-2.1812744,-4.311508,1.078007209,-1.574726565,0.001308765,0.002586905,-0.03,0,0,-0.015747266
1773775653,TRUE,0.51775414,1773775653,318.41336,234.34377,55.257355,119.05063,1.5684915,317.9971,235.28508,6604.221,0.999987897,-0.002059676,1.572856025,-2.0028992,-4.71492,1.076334424,-1.572856025,0.00120174,0.002828952,-0.03,0,0,-0.01572856
1773775653,TRUE,0.51775414,1773775653,318.41336,234.34377,55.257355,119.05063,1.5684915,318.12198,235.00269,6596.4814,0.999990731,-0.000750314,1.571546647,0,-4.9973145,1.07516184,-1.571546647,0,0.002998389,-0.03,0,0,-0.015715466
1773775653,TRUE,0.51775414,1773775653,318.41336,234.34377,55.257355,119.05063,1.5684915,318.20938,234.80501,6591.064,0.999992715,0.00016624,1.570630085,0,-5.194992,1.074340188,-1.570630085,0,0.003116995,-0.03,0,0,-0.015706301
1773775653,TRUE,0.51775414,1773775653,318.41336,234.34377,55.257355,119.05063,1.5684915,318.27057,234.66664,6587.2715,0.999994103,0.000807828,1.569988494,0,-5.333359,1.07376467,-1.569988494,0,0.003200016,-0.03,0,0,-0.015699885
1773775653,TRUE,0.5904825,1773775653,317.90598,234.60272,54.290367,118.21331,1.5681636,318.1612,234.64746,6536.4434,0.999994833,0.001355287,1.569441034,0,-5.352539,1.066018668,-1.569441034,0,0.003211524,-0.03,0,0,-0.01569441
1773775653,TRUE,0.5904825,1773775653,317.90598,234.60272,54.290367,118.21331,1.5681636,318.08463,234.63403,6500.864,0.999995343,0.001738508,1.569057813,0,-5.365967,1.06056051,-1.569057813,0,0.00321958,-0.03,0,0,-0.015690578
1773775653,TRUE,0.5904825,1773775653,317.90598,234.60272,54.290367,118.21331,1.5681636,318.03104,234.62463,6475.958,0.999995701,0.002006763,1.568789558,0,-5.375366,1.056722012,-1.568789558,0,0.00322522,-0.03,0,0,-0.015687896
1773775653,TRUE,0.5904825,1773775653,317.90598,234.60272,54.290367,118.21331,1.5681636,317.99353,234.61807,6458.524,0.999995951,0.002194541,1.568601781,-2.0064697,-5.3819275,1.054026262,-1.568601781,0.001203882,0.003229157,-0.03,0,0,-0.015686018
1773775653,TRUE,0.5904825,1773775653,317.90598,234.60272,54.290367,118.21331,1.5681636,317.9673,234.61346,6446.3203,0.999996126,0.002325986,1.568470336,-2.0327148,-5.3865356,1.052134945,-1.568470336,0.001219629,0.003231922,-0.03,0,0,-0.015684703
1773775653,TRUE,0.6713555,1773775653,316.4676,236.10663,55.00905,118.12695,1.5767733,317.5174,235.0614,6461.84,0.99999193,-0.000164887,1.570961215,-2.482605,-4.9385986,1.0545395,-1.570961215,0.001489563,0.002963159,-0.03,0,0,-0.015709612
1773775653,TRUE,0.6713555,1773775653,316.4676,236.10663,55.00905,118.12695,1.5767733,317.20245,235.37497,6472.703,0.999988992,-0.001908498,1.572704843,-2.7975464,-4.6250305,1.056219263,-1.572704843,0.001678528,0.002775018,-0.03,0,0,-0.015727048
1773775653,TRUE,0.6713555,1773775653,316.4676,236.10663,55.00905,118.12695,1.5767733,316.982,235.59448,6480.3076,0.999986936,-0.003129026,1.573925383,-3.0180054,-4.4055176,1.057393388,-1.573925383,0.001810803,0.002643311,-0.03,0,0,-0.015739254
1773775653,TRUE,0.6713555,1773775653,316.4676,236.10663,55.00905,118.12695,1.5767733,316.82767,235.74814,6485.631,0.999985497,-0.003983395,1.574779758,-3.1723328,-4.2518616,1.058214513,-1.574779758,0.0019034,0.002551117,-0.03,0,0,-0.015747798
1773775653,TRUE,0.6713555,1773775653,316.4676,236.10663,55.00905,118.12695,1.5767733,316.71964,235.85568,6489.357,0.999984489,-0.004581454,1.575377819,-3.280365,-4.1443176,1.058788875,-1.575377819,0.001968219,0.002486591,-0.03,0,0,-0.015753778
1773775653,TRUE,0.6316449,1773775653,316.1595,236.07681,55.131145,118.71787,1.5761485,316.55157,235.92201,6506.0654,0.999984845,-0.004812665,1.575609027,-3.4484253,-4.0779877,1.061360315,-1.575609027,0.002069055,0.002446793,-0.03,0,0,-0.01575609
1773775653,TRUE,0.6316449,1773775653,316.1595,236.07681,55.131145,118.71787,1.5761485,316.43396,235.96844,6517.761,0.999985095,-0.004974513,1.575770873,-3.56604,-4.031555,1.063156389,-1.575770873,0.002139624,0.002418933,-0.03,0,0,-0.015757709
1773775653,TRUE,0.6316449,1773775653,316.1595,236.07681,55.131145,118.71787,1.5761485,316.35162,236.00095,6525.948,0.99998527,-0.005087806,1.575884164,-3.6483765,-3.999054,1.064411715,-1.575884164,0.002189026,0.002399433,-0.03,0,0,-0.015758842
1773775653,TRUE,0.6316449,1773775653,316.1595,236.07681,55.131145,118.71787,1.5761485,316.29398,236.0237,6531.679,0.999985392,-0.005167112,1.575963468,-3.7060242,-3.976303,1.065289466,-1.575963468,0.002223615,0.002385782,-0.03,0,0,-0.015759635
1773775653,TRUE,0.6316449,1773775653,316.1595,236.07681,55.131145,118.71787,1.5761485,316.25363,236.03963,6535.691,0.999985477,-0.005222625,1.576018981,-3.7463684,-3.960373,1.065903467,-1.576018981,0.002247821,0.002376224,-0.03,0,0,-0.01576019
1773775653,TRUE,0.6276914,1773775653,317.49225,234.48232,54.567673,117.66214,1.5662777,316.6252,235.57243,6501.1484,0.999986772,-0.002300267,1.57309662,-3.3747864,-4.4275665,1.060604263,-1.57309662,0.002024872,0.00265654,-0.03,0,0,-0.015730966
1773775653,TRUE,0.6276914,1773775653,317.49225,234.48232,54.567673,117.66214,1.5662777,316.8853,235.24539,6476.9688,0.999987677,-0.000254616,1.571050946,-3.114685,-4.754608,1.05687805,-1.571050946,0.001868811,0.002852765,-0.03,0,0,-0.015710509
1773775653,TRUE,0.6276914,1773775653,317.49225,234.48232,54.567673,117.66214,1.5662777,317.06738,235.01646,6460.043,0.999988312,0.001177339,1.569618974,-2.9326172,-4.983536,1.054261397,-1.569618974,0.00175957,0.002990122,-0.03,0,0,-0.01569619
1773775653,TRUE,0.6276914,1773775653,317.49225,234.48232,54.567673,117.66214,1.5662777,317.19482,234.85622,6448.195,0.999988755,0.002179708,1.568616597,-2.8051758,-5.1437836,1.052425625,-1.568616597,0.001683106,0.00308627,-0.03,0,0,-0.015686166
1773775653,TRUE,0.6276914,1773775653,317.49225,234.48232,54.567673,117.66214,1.5662777,317.28406,234.74405,6439.9014,0.999989066,0.002881366,1.567914937,-2.7159424,-5.255951,1.051138651,-1.567914937,0.001629566,0.003153571,-0.03,0,0,-0.015679149
1773775653,TRUE,0.6276914,1773775653,317.49225,234.48232,54.567673,117.66214,1.5662777,317.3465,234.66553,6434.0957,0.999989284,0.003372527,1.567423776,-2.6535034,-5.3344727,1.050236708,-1.567423776,0.001592102,0.003200684,-0.03,0,0,-0.015674238
1773775653,TRUE,0.6032751,1773775653,316.5546,236.05688,53.516476,115.28428,1.5817239,317.10895,235.08295,6354.749,0.999974587,-0.000917446,1.571713796,-2.8910522,-4.917053,1.037827834,-1.571713796,0.001734632,0.002950232,-0.03,0,0,-0.015717138
1773775653,TRUE,0.6032751,1773775653,316.5546,236.05688,53.516476,115.28428,1.5817239,316.94263,235.37512,6299.207,0.999964299,-0.003920428,1.574716874,-3.057373,-4.624878,1.029049162,-1.574716874,0.001834424,0.002774927,-0.03,0,0,-0.015747169
1773775653,TRUE,0.6032751,1773775653,316.5546,236.05688,53.516476,115.28428,1.5817239,316.82623,235.57965,6260.327,0.999957098,-0.006022515,1.576819027,-3.173767,-4.420349,1.022857861,-1.576819027,0.00190426,0.00265221,-0.03,0,0,-0.01576819
1773775653,TRUE,0.6032751,1773775653,316.5546,236.05688,53.516476,115.28428,1.5817239,316.74475,235.72281,6233.1113,0.999952057,-0.007493975,1.578290521,-3.255249,-4.277191,1.018501073,-1.578290521,0.001953149,0.002566315,-0.03,0,0,-0.015782905
1773775653,TRUE,0.6032751,1773775653,316.5546,236.05688,53.516476,115.28428,1.5817239,316.6877,235.82303,6214.0605,0.999948528,-0.008523998,1.579320557,-3.3122864,-4.1769714,1.015439962,-1.579320557,0.001987372,0.002506183,-0.03,0,0,-0.015793206
1773775653,TRUE,0.81084645,1773775653,315.87415,236.92459,56.08412,118.94229,1.5743594,316.44363,236.15349,6351.0747,0.999962065,-0.007035723,1.577832201,-3.556366,-3.8465118,1.037249499,-1.577832201,0.00213382,0.002307907,-0.03,0,0,-0.015778322
1773775654,TRUE,0.81084645,1773775653,315.87415,236.92459,56.08412,118.94229,1.5743594,316.2728,236.38481,6446.985,0.999971541,-0.005993931,1.576790357,-3.7272034,-3.6151886,1.052238008,-1.576790357,0.002236322,0.002169113,-0.03,0,0,-0.015767904
1773775654,TRUE,0.81084645,1773775653,315.87415,236.92459,56.08412,118.94229,1.5743594,316.1532,236.54674,6514.1216,0.999978175,-0.005264677,1.57606107,-3.8468018,-3.4532623,1.062597795,-1.57606107,0.002308081,0.002071958,-0.03,0,0,-0.015760611
1773775654,TRUE,0.81084645,1773775653,315.87415,236.92459,56.08412,118.94229,1.5743594,316.0695,236.6601,6561.1177,0.999982818,-0.004754198,1.575550571,-3.9305115,-3.3399048,1.069786377,-1.575550571,0.002358307,0.002003943,-0.03,0,0,-0.015755506
1773775654,TRUE,0.81084645,1773775653,315.87415,236.92459,56.08412,118.94229,1.5743594,316.0109,236.73944,6594.0146,0.999986068,-0.004396864,1.575193223,-3.9891052,-3.260559,1.074787765,-1.575193223,0.002393463,0.001956336,-0.03,0,0,-0.015751932
1773775654,TRUE,0.8160961,1773775654,315.9956,237.28981,56.320312,118.555115,1.5771357,316.00632,236.90454,6618.9287,0.99998422,-0.004979598,1.575775963,-3.9936829,-3.095459,1.078558966,-1.575775963,0.00239621,0.001857276,-0.03,0,0,-0.01575776
1773775654,TRUE,0.8160961,1773775654,315.9956,237.28981,56.320312,118.555115,1.5771357,316.0031,237.02011,6636.368,0.999982926,-0.005387513,1.576183879,-3.9968872,-2.979889,1.081190282,-1.576183879,0.002398132,0.001787933,-0.03,0,0,-0.015761839
1773775654,TRUE,0.8160961,1773775654,315.9956,237.28981,56.320312,118.555115,1.5771357,316.00085,237.10101,6648.576,0.99998202,-0.005673053,1.576469421,-3.9991455,-2.8989868,1.083028132,-1.576469421,0.002399487,0.001739392,-0.03,0,0,-0.015764694
1773775654,TRUE,0.8160961,1773775654,315.9956,237.28981,56.320312,118.555115,1.5771357,315.99927,237.15765,6657.122,0.999981386,-0.005872931,1.576669299,-4.0007324,-2.8423462,1.084312709,-1.576669299,0.00240044,0.001705408,-0.03,0,0,-0.015766693
1773775654,TRUE,0.8160961,1773775654,315.9956,237.28981,56.320312,118.555115,1.5771357,315.99817,237.1973,6663.1035,0.999980942,-0.006012845,1.576809214,-4.001831,-2.8027039,1.085210787,-1.576809214,0.002401099,0.001681622,-0.03,0,0,-0.015768092
1773775654,TRUE,0.8160961,1773775654,315.9956,237.28981,56.320312,118.555115,1.5771357,315.9974,237.22504,6667.291,0.999980631,-0.006110786,1.576907155,-4.002594,-2.7749634,1.085839083,-1.576907155,0.002401557,0.001664978,-0.03,0,0,-0.015769072
1773775654,TRUE,0.7609195,1773775654,315.6125,237.3716,56.972237,117.57306,1.5771751,315.88193,237.26901,6676.6235,0.999980339,-0.006191181,1.57698755,-4.1180725,-2.7309875,1.087237823,-1.57698755,0.002470844,0.001638593,-0.03,0,0,-0.015769876
1773775654,TRUE,0.7609195,1773775654,315.6125,237.3716,56.972237,117.57306,1.5771751,315.8011,237.29977,6683.1562,0.999980134,-0.006247458,1.577043827,-4.1989136,-2.7002258,1.088215834,-1.577043827,0.002519348,0.001620136,-0.03,0,0,-0.015770438
1773775654,TRUE,0.7609195,1773775654,315.6125,237.3716,56.972237,117.57306,1.5771751,315.7445,237.32132,6687.7295,0.99997999,-0.006286852,1.577083221,-4.255493,-2.6786804,1.088899866,-1.577083221,0.002553296,0.001607208,-0.03,0,0,-0.015770832
1773775654,TRUE,0.7609195,1773775654,315.6125,237.3716,56.972237,117.57306,1.5771751,315.7049,237.3364,6690.9307,0.99997989,-0.006314427,1.577110797,-4.295105,-2.6636047,1.089378433,-1.577110797,0.002577063,0.001598163,-0.03,0,0,-0.015771108
1773775654,TRUE,0.7609195,1773775654,315.6125,237.3716,56.972237,117.57306,1.5771751,315.6772,237.34695,6693.1714,0.999979819,-0.00633373,1.5771301,-4.322815,-2.6530457,1.089713255,-1.5771301,0.002593689,0.001591828,-0.03,0,0,-0.015771301
1773775654,TRUE,0.64405787,1773775654,315.28638,237.32741,57.886482,118.67714,1.5756083,315.55994,237.3411,6746.16,0.9999824,-0.005877184,1.576673546,-4.4400635,-2.658905,1.097598894,-1.576673546,0.002664038,0.001595343,-0.03,0,0,-0.015766735
1773775654,TRUE,0.64405787,1773775654,315.28638,237.32741,57.886482,118.67714,1.5756083,315.47787,237.33699,6783.253,0.999984207,-0.005557601,1.576353958,-4.5221252,-2.6630096,1.103082169,-1.576353958,0.002713275,0.001597806,-0.03,0,0,-0.01576354
1773775654,TRUE,0.64405787,1773775654,315.28638,237.32741,57.886482,118.67714,1.5756083,315.4204,237.33412,6809.218,0.999985472,-0.005333893,1.576130247,-4.57959,-2.6658783,1.10690269,-1.576130247,0.002747754,0.001599527,-0.03,0,0,-0.015761302
1773775654,TRUE,0.64405787,1773775654,315.28638,237.32741,57.886482,118.67714,1.5756083,315.3802,237.3321,6827.3926,0.999986357,-0.005177298,1.575973649,-4.619812,-2.6678925,1.109568262,-1.575973649,0.002771887,0.001600736,-0.03,0,0,-0.015759736
1773775654,TRUE,0.64405787,1773775654,315.28638,237.32741,57.886482,118.67714,1.5756083,315.35205,237.3307,6840.115,0.999986977,-0.005067681,1.57586403,-4.647949,-2.6692963,1.111429983,-1.57586403,0.00278877,0.001601578,-0.03,0,0,-0.01575864
1773775654,TRUE,0.8471983,1773775654,315.0345,237.66399,57.58448,120.05535,1.5748906,315.25677,237.4307,6862.078,0.999988369,-0.004775659,1.575572005,-4.743225,-2.5693054,1.114635765,-1.575572005,0.002845935,0.001541583,-0.03,0,0,-0.01575572
1773775654,TRUE,0.8471983,1773775654,315.0345,237.66399,57.58448,120.05535,1.5748906,315.19006,237.50067,6877.452,0.999989344,-0.004571244,1.575367588,-4.8099365,-2.4993286,1.116873729,-1.575367588,0.002885962,0.001499597,-0.03,0,0,-0.015753676
1773775654,TRUE,0.8471983,1773775654,315.0345,237.66399,57.58448,120.05535,1.5748906,315.14337,237.54968,6888.214,0.999990026,-0.004428153,1.575224495,-4.8566284,-2.4503174,1.118437258,-1.575224495,0.002913977,0.001470191,-0.03,0,0,-0.015752245
1773775654,TRUE,0.8471983,1773775654,315.0345,237.66399,57.58448,120.05535,1.5748906,315.11072,237.58398,6895.747,0.999990504,-0.00432799,1.575124331,-4.889282,-2.4160156,1.119530323,-1.575124331,0.00293357,0.001449609,-0.03,0,0,-0.015751243
1773775654,TRUE,0.8471983,1773775654,315.0345,237.66399,57.58448,120.05535,1.5748906,315.08783,237.608,6901.0205,0.999990838,-0.004257876,1.575054216,-4.9121704,-2.3919983,1.120294766,-1.575054216,0.002947302,0.001435199,-0.03,0,0,-0.015750542
1773775654,TRUE,0.8471983,1773775654,315.0345,237.66399,57.58448,120.05535,1.5748906,315.07184,237.62479,6904.712,0.999991072,-0.004208795,1.575005135,-4.9281616,-2.3752136,1.120829513,-1.575005135,0.002956897,0.001425128,-0.03,0,0,-0.015750051
1773775654,TRUE,0.7810604,1773775654,314.75455,237.37038,56.24952,117.90924,1.5747961,314.97665,237.54846,6823,0.999991351,-0.00414608,1.574942419,-5.023346,-2.451538,1.108924658,-1.574942419,0.003014008,0.001470923,-0.03,0,0,-0.015749424
1773775654,TRUE,0.7810604,1773775654,314.75455,237.37038,56.24952,117.90924,1.5747961,314.91003,237.49503,6765.802,0.999991546,-0.004102179,1.574898517,-5.089966,-2.5049744,1.10050624,-1.574898517,0.00305398,0.001502985,-0.03,0,0,-0.015748985
1773775654,TRUE,0.7810604,1773775654,314.75455,237.37038,56.24952,117.90924,1.5747961,314.8634,237.45764,6725.7627,0.999991682,-0.004071448,1.574867786,-5.1365967,-2.5423584,1.094570806,-1.574867786,0.003081958,0.001525415,-0.03,0,0,-0.015748678
1773775654,TRUE,0.7810604,1773775654,314.75455,237.37038,56.24952,117.90924,1.5747961,314.83075,237.43146,6697.7354,0.999991778,-0.004049937,1.574846275,-5.1692505,-2.5685425,1.0903949,-1.574846275,0.003101551,0.001541126,-0.03,0,0,-0.015748463
1773775654,TRUE,0.7810604,1773775654,314.75455,237.37038,56.24952,117.90924,1.5747961,314.8079,237.41312,6678.116,0.999991845,-0.004034879,1.574831216,-5.192108,-2.5868835,1.087461421,-1.574831216,0.003115265,0.00155213,-0.03,0,0,-0.015748312
1773775654,TRUE,0.77167094,1773775654,315.5579,237.55423,54.557297,116.41866,1.5751507,315.0329,237.45544,6580.1274,0.999991447,-0.004130731,1.57492707,-4.967102,-2.5445557,1.072679522,-1.57492707,0.002980261,0.001526734,-0.03,0,0,-0.015749271
1773775654,TRUE,0.77167094,1773775654,315.5579,237.55423,54.557297,116.41866,1.5751507,315.1904,237.48508,6511.5356,0.999991169,-0.004197828,1.574994167,-4.809601,-2.514923,1.062200775,-1.574994167,0.002885761,0.001508954,-0.03,0,0,-0.015749942
1773775654,TRUE,0.77167094,1773775654,315.5579,237.55423,54.557297,116.41866,1.5751507,315.30066,237.50583,6463.521,0.999990974,-0.004244796,1.575041136,-4.699341,-2.4941711,1.054799674,-1.575041136,0.002819605,0.001496503,-0.03,0,0,-0.015750411
1773775654,TRUE,0.77167094,1773775654,315.5579,237.55423,54.557297,116.41866,1.5751507,315.37784,237.52036,6429.911,0.999990838,-0.004277674,1.575074013,-4.622162,-2.4796448,1.049586134,-1.575074013,0.002773297,0.001487787,-0.03,0,0,-0.01575074
1773775654,TRUE,0.77167094,1773775654,315.5579,237.55423,54.557297,116.41866,1.5751507,315.43185,237.53052,6406.384,0.999990742,-0.004300688,1.575097028,-4.5681458,-2.4694824,1.045920432,-1.575097028,0.002740888,0.00148169,-0.03,0,0,-0.01575097
1773775654,TRUE,0.80515015,1773775654,315.2271,238.38438,54.073452,115.064026,1.573705,315.37042,237.78668,6351.0415,0.999992251,-0.00388307,1.574679407,-4.6295776,-2.2133179,1.03724426,-1.574679407,0.002777747,0.001327991,-0.03,0,0,-0.015746794
1773775654,TRUE,0.80515015,1773775654,315.2271,238.38438,54.073452,115.064026,1.573705,315.32742,237.96599,6312.302,0.999993306,-0.003590737,1.574387072,-4.672577,-2.0340118,1.031125837,-1.574387072,0.002803546,0.001220407,-0.03,0,0,-0.015743871
1773775654,TRUE,0.80515015,1773775654,315.2271,238.38438,54.073452,115.064026,1.573705,315.29733,238.0915,6285.184,0.999994045,-0.003386104,1.574182438,-4.702667,0,1.02682054,-1.574182438,0.002821601,0,-0.03,0,0,-0.015741824
1773775654,TRUE,0.80515015,1773775654,315.2271,238.38438,54.073452,115.064026,1.573705,315.27628,238.17937,6266.2017,0.999994563,-0.003242861,1.574039194,-4.7237244,0,1.023795791,-1.574039194,0.002834235,0,-0.03,0,0,-0.015740392
1773775654,TRUE,0.80515015,1773775654,315.2271,238.38438,54.073452,115.064026,1.573705,315.26154,238.24088,6252.914,0.999994925,-0.003142591,1.573938923,-4.7384644,0,1.02167301,-1.573938923,0.002843079,0,-0.03,0,0,-0.015739389
1773775654,TRUE,0.7978481,1773775654,314.1462,238.23055,54.926453,117.763336,1.5731449,314.92694,238.2378,6317.536,0.99999562,-0.002904389,1.57370072,-5.073059,0,1.031954706,-1.57370072,0.003043836,0,-0.03,0,0,-0.015737007
1773775654,TRUE,0.7978481,1773775654,314.1462,238.23055,54.926453,117.763336,1.5731449,314.69272,238.23563,6362.772,0.999996107,-0.002737647,1.573533978,-5.3072815,0,1.039089532,-1.573533978,0.003184369,0,-0.03,0,0,-0.01573534
1773775654,TRUE,0.7978481,1773775654,314.1462,238.23055,54.926453,117.763336,1.5731449,314.52875,238.2341,6394.437,0.999996447,-0.002620928,1.573417258,-5.4712524,0,1.044053827,-1.573417258,0.003282752,0,-0.03,0,0,-0.015734173
1773775654,TRUE,0.7978481,1773775654,314.1462,238.23055,54.926453,117.763336,1.5731449,314.414,238.23303,6416.6025,0.999996686,-0.002539225,1.573335555,-5.5859985,0,1.047514194,-1.573335555,0.003351599,0,-0.03,0,0,-0.015733356
1773775654,TRUE,0.7978481,1773775654,314.1462,238.23055,54.926453,117.763336,1.5731449,314.33368,238.2323,6432.118,0.999996853,-0.002482033,1.573278362,-5.666321,0,1.049929371,-1.573278362,0.003399793,0,-0.03,0,0,-0.015732784
1773775654,TRUE,0.8141624,1773775654,314.49695,238.1891,54.151085,117.03177,1.5759704,314.38266,238.21933,6403.7017,0.999993781,-0.003289641,1.574085977,-5.61734,0,1.045501648,-1.574085977,0.003370404,0,-0.03,0,0,-0.01574086
1773775654,TRUE,0.8141624,1773775654,314.49695,238.1891,54.151085,117.03177,1.5759704,314.41693,238.21027,6383.8105,0.999991631,-0.003854967,1.574651307,-5.583069,0,1.042390645,-1.574651307,0.003349842,0,-0.03,0,0,-0.015746513
1773775654,TRUE,0.8141624,1773775654,314.49695,238.1891,54.151085,117.03177,1.5759704,314.44092,238.20392,6369.8867,0.999990126,-0.004250696,1.575047039,-5.559082,0,1.040207094,-1.575047039,0.003335449,0,-0.03,0,0,-0.01575047
1773775654,TRUE,0.8141624,1773775654,314.49695,238.1891,54.151085,117.03177,1.5759704,314.45773,238.19946,6360.1396,0.999989073,-0.004527705,1.575324051,-5.542267,0,1.038675809,-1.575324051,0.00332536,0,-0.03,0,0,-0.015753241
1773775654,TRUE,0.8141624,1773775654,314.49695,238.1891,54.151085,117.03177,1.5759704,314.46948,238.19635,6353.317,0.999988335,-0.004721612,1.575517959,-5.5305176,0,1.037602487,-1.575517959,0.003318311,0,-0.03,0,0,-0.01575518
1773775654,TRUE,0.84485507,1773775654,314.5302,238.55481,54.736572,118.407845,1.573238,314.4877,238.3039,6391.694,0.99999094,-0.004037634,1.574833976,-5.5122986,0,1.043624772,-1.574833976,0.003307379,0,-0.03,0,0,-0.01574834
1773775654,TRUE,0.84485507,1773775654,314.5302,238.55481,54.736572,118.407845,1.573238,314.50046,238.37918,6418.5576,0.999992764,-0.00355885,1.574355187,-5.499542,0,1.047818846,-1.574355187,0.003299726,0,-0.03,0,0,-0.015743552
1773775654,TRUE,0.84485507,1773775654,314.5302,238.55481,54.736572,118.407845,1.573238,314.5094,238.43185,6437.3623,0.999994041,-0.003223701,1.574020035,-5.4906006,0,1.050744308,-1.574020035,0.003294361,0,-0.03,0,0,-0.0157402
1773775654,TRUE,0.84485507,1773775654,314.5302,238.55481,54.736572,118.407845,1.573238,314.51562,238.46875,6450.5254,0.999994934,-0.002989096,1.573785429,-5.484375,0,1.052787026,-1.573785429,0.003290625,0,-0.03,0,0,-0.015737854
1773775654,TRUE,0.84485507,1773775654,314.5302,238.55481,54.736572,118.407845,1.573238,314.52002,238.49457,6459.7397,0.99999556,-0.002824873,1.573621205,-5.4799805,0,1.054214458,-1.573621205,0.003287989,0,-0.03,0,0,-0.015736212
1773775654,TRUE,0.852882,1773775654,316.34952,238.34897,55.830894,116.949234,1.5717192,315.06888,238.4509,6480.632,0.999996764,-0.002254264,1.573050594,-4.931122,0,1.057443491,-1.573050594,0.002958673,0,-0.03,0,0,-0.015730506
1773775654,TRUE,0.852882,1773775654,316.34952,238.34897,55.830894,116.949234,1.5717192,315.45306,238.42032,6495.257,0.999997607,-0.001854838,1.572651167,-4.546936,0,1.059697601,-1.572651167,0.002728162,0,-0.03,0,0,-0.015726512
1773775654,TRUE,0.852882,1773775654,316.34952,238.34897,55.830894,116.949234,1.5717192,315.722,238.39893,6505.494,0.999998197,-0.001575239,1.572371567,-4.278015,0,1.061272543,-1.572371567,0.002566809,0,-0.03,0,0,-0.015723716
1773775654,TRUE,0.852882,1773775654,316.34952,238.34897,55.830894,116.949234,1.5717192,315.91025,238.38394,6512.66,0.99999861,-0.00137952,1.572175848,-4.089752,0,1.062373429,-1.572175848,0.002453852,0,-0.03,0,0,-0.015721758
1773775654,TRUE,0.852882,1773775654,316.34952,238.34897,55.830894,116.949234,1.5717192,316.04205,238.37344,6517.676,0.999998899,-0.001242517,1.572038844,-3.9579468,0,1.063143296,-1.572038844,0.002374768,0,-0.03,0,0,-0.015720388
1773775654,TRUE,0.85032403,1773775654,316.55093,238.35666,56.88173,117.40764,1.5721041,316.1947,238.36841,6565.878,0.999998973,-0.001262093,1.57205842,-3.8052979,0,1.070511654,-1.57205842,0.002283179,0,-0.03,0,0,-0.015720584
1773775654,TRUE,0.85032403,1773775654,316.55093,238.35666,56.88173,117.40764,1.5721041,316.30157,238.36488,6599.619,0.999999025,-0.001275796,1.572072123,-3.6984253,0,1.075637349,-1.572072123,0.002219055,0,-0.03,0,0,-0.015720721
1773775654,TRUE,0.85032403,1773775654,316.55093,238.35666,56.88173,117.40764,1.5721041,316.3764,238.36243,6623.2383,0.999999061,-0.001285388,1.572081715,-3.6235962,0,1.079209848,-1.572081715,0.002174158,0,-0.03,0,0,-0.015720817
1773775654,TRUE,0.85032403,1773775654,316.55093,238.35666,56.88173,117.40764,1.5721041,316.42877,238.3607,6639.7715,0.999999086,-0.001292102,1.572088429,-3.571228,0,1.081703025,-1.572088429,0.002142737,0,-0.03,0,0,-0.015720884
1773775654,TRUE,0.85032403,1773775654,316.55093,238.35666,56.88173,117.40764,1.5721041,316.46542,238.3595,6651.3447,0.999999104,-0.001296802,1.57209313,-3.5345764,0,1.083444485,-1.57209313,0.002120746,0,-0.03,0,0,-0.015720931
1773775654,TRUE,0.85032403,1773775654,316.55093,238.35666,56.88173,117.40764,1.5721041,316.4911,238.35864,6659.4463,0.999999116,-0.001300092,1.57209642,-3.5089111,0,1.084661802,-1.57209642,0.002105347,0,-0.03,0,0,-0.015720964
1773775654,TRUE,0.8496407,1773775654,314.6011,238.39122,54.24933,118.57859,1.5723953,315.9241,238.36841,6591.455,0.999998998,-0.001389764,1.572186091,-4.075897,0,1.074399545,-1.572186091,0.002445539,0,-0.03,0,0,-0.015721861
1773775654,TRUE,0.8496407,1773775654,314.6011,238.39122,54.24933,118.57859,1.5723953,315.5272,238.37524,6543.8613,0.999998915,-0.001452534,1.572248861,-4.472809,0,1.067152809,-1.572248861,0.002683685,0,-0.03,0,0,-0.015722489
1773775654,TRUE,0.8496407,1773775654,314.6011,238.39122,54.24933,118.57859,1.5723953,315.24936,238.38004,6510.5454,0.999998857,-0.001496473,1.5722928,-4.750641,0,1.062048698,-1.5722928,0.002850385,0,-0.03,0,0,-0.015722928
1773775654,TRUE,0.8496407,1773775654,314.6011,238.39122,54.24933,118.57859,1.5723953,315.05487,238.38339,6487.2246,0.999998816,-0.00152723,1.572323558,-4.9451294,0,1.058460248,-1.572323558,0.002967078,0,-0.03,0,0,-0.015723236
1773775654,TRUE,0.8496407,1773775654,314.6011,238.39122,54.24933,118.57859,1.5723953,314.91873,238.38574,6470.9,0.999998788,-0.00154876,1.572345088,-5.0812683,0,1.055940632,-1.572345088,0.003048761,0,-0.03,0,0,-0.015723451
1773775654,TRUE,0.8688771,1773775654,314.82965,238.66951,55.39308,119.72689,1.571828,314.89203,238.47086,6519.242,0.999998992,-0.001393636,1.572189964,-5.107971,0,1.063383542,-1.572189964,0.003064783,0,-0.03,0,0,-0.0157219
1773775654,TRUE,0.8688771,1773775654,314.82965,238.66951,55.39308,119.72689,1.571828,314.87332,238.53046,6553.082,0.999999135,-0.00128505,1.572081377,-5.1266785,0,1.068560879,-1.572081377,0.003076007,0,-0.03,0,0,-0.015720814
1773775654,TRUE,0.8688771,1773775654,314.82965,238.66951,55.39308,119.72689,1.571828,314.86023,238.57217,6576.7695,0.999999235,-0.001209039,1.572005366,-5.1397705,0,1.072169148,-1.572005366,0.003083862,0,-0.03,0,0,-0.015720054
1773775654,TRUE,0.8688771,1773775654,314.82965,238.66951,55.39308,119.72689,1.571828,314.85107,238.60138,6593.3516,0.999999305,-0.001155832,1.571952159,-5.148926,0,1.074687244,-1.571952159,0.003089356,0,-0.03,0,0,-0.015719522
1773775654,TRUE,0.8688771,1773775654,314.82965,238.66951,55.39308,119.72689,1.571828,314.84467,238.62183,6604.959,0.999999354,-0.001118586,1.571914913,-5.1553345,0,1.076446155,-1.571914913,0.003093201,0,-0.03,0,0,-0.015719149
1773775654,TRUE,0.85617566,1773775654,314.51312,237.8592,54.428802,118.593414,1.5716821,314.7452,238.39304,6559.9404,0.99999943,-0.001048741,1.571845068,-5.2547913,0,1.06960698,-1.571845068,0.003152875,0,-0.03,0,0,-0.015718451
1773775654,TRUE,0.85617566,1773775654,314.51312,237.8592,54.428802,118.593414,1.5716821,314.6756,238.23288,6528.4272,0.999999483,-0.000999849,1.571796176,-5.324402,0,1.0647915,-1.571796176,0.003194641,0,-0.03,0,0,-0.015717962
1773775654,TRUE,0.85617566,1773775654,314.51312,237.8592,54.428802,118.593414,1.5716821,314.62686,238.12079,6506.368,0.999999521,-0.000965625,1.571761952,-5.3731384,0,1.061406838,-1.571761952,0.003223883,0,-0.03,0,0,-0.01571762
1773775654,TRUE,0.85617566,1773775654,314.51312,237.8592,54.428802,118.593414,1.5716821,314.59274,238.04233,6490.927,0.999999547,-0.000941668,1.571737995,-5.407257,0,1.059030748,-1.571737995,0.003244354,0,-0.03,0,0,-0.01571738
1773775654,TRUE,0.85617566,1773775654,314.51312,237.8592,54.428802,118.593414,1.5716821,314.56885,237.9874,6480.1177,0.999999565,-0.000924898,1.571721225,-5.4311523,-2.0126038,1.05736407,-1.571721225,0.003258692,0.001207562,-0.03,0,0,-0.015717212
1773775654,TRUE,0.87178427,1773775654,314.51965,238.29007,54.489784,118.10626,1.5731921,314.55408,238.07819,6466.758,0.999998835,-0.001366166,1.572162493,-5.445923,0,1.055300315,-1.572162493,0.003267554,0,-0.03,0,0,-0.015721625
1773775654,TRUE,0.87178427,1773775654,314.51965,238.29007,54.489784,118.10626,1.5731921,314.54376,238.14175,6457.4062,0.999998323,-0.001675053,1.572471381,-5.456238,0,1.053853157,-1.572471381,0.003273743,0,-0.03,0,0,-0.015724714
1773775654,TRUE,0.87178427,1773775654,314.51965,238.29007,54.489784,118.10626,1.5731921,314.53653,238.18625,6450.8594,0.999997965,-0.001891274,1.572687603,-5.4634705,0,1.052838774,-1.572687603,0.003278083,0,-0.03,0,0,-0.015726876
1773775654,TRUE,0.87178427,1773775654,314.51965,238.29007,54.489784,118.10626,1.5731921,314.53146,238.2174,6446.2773,0.999997715,-0.002042629,1.572838958,-5.4685364,0,1.052128285,-1.572838958,0.003281122,0,-0.03,0,0,-0.01572839
1773775654,TRUE,0.87178427,1773775654,314.51965,238.29007,54.489784,118.10626,1.5731921,314.52792,238.2392,6443.0693,0.999997539,-0.002148578,1.572944906,-5.4720764,0,1.051630467,-1.572944906,0.003283246,0,-0.03,0,0,-0.015729449
1773775654,TRUE,0.8544863,1773775654,314.45367,238.32547,54.515503,118.03912,1.5733004,314.50565,238.26508,6440.637,0.999997337,-0.002255214,1.573051543,-5.4943542,0,1.051252899,-1.573051543,0.003296613,0,-0.03,0,0,-0.015730515
1773775654,TRUE,0.8544863,1773775654,314.45367,238.32547,54.515503,118.03912,1.5733004,314.49005,238.2832,6438.9346,0.999997195,-0.002329859,1.573126189,-5.5099487,0,1.050988551,-1.573126189,0.003305969,0,-0.03,0,0,-0.015731262
1773775654,TRUE,0.8544863,1773775654,314.45367,238.32547,54.515503,118.03912,1.5733004,314.47913,238.29587,6437.7427,0.999997096,-0.002382111,1.573178441,-5.520874,0,1.050803415,-1.573178441,0.003312525,0,-0.03,0,0,-0.015731784
1773775654,TRUE,0.8544863,1773775654,314.45367,238.32547,54.515503,118.03912,1.5733004,314.4715,238.30475,6436.9087,0.999997027,-0.002418688,1.573215017,-5.5285034,0,1.050673858,-1.573215017,0.003317102,0,-0.03,0,0,-0.01573215
1773775654,TRUE,0.8544863,1773775654,314.45367,238.32547,54.515503,118.03912,1.5733004,314.46616,238.31097,6436.3247,0.999996978,-0.002444291,1.57324062,-5.533844,0,1.050583141,-1.57324062,0.003320307,0,-0.03,0,0,-0.015732406
1773775654,TRUE,0.8515937,1773775654,316.37665,238.52657,56.547253,117.06792,1.5720006,315.0393,238.37564,6491.388,0.999997667,-0.002072292,1.572868621,-4.9606934,0,1.059101852,-1.572868621,0.002976416,0,-0.03,0,0,-0.015728686
1773775654,TRUE,0.8515937,1773775654,316.37665,238.52657,56.547253,117.06792,1.5720006,315.4405,238.42093,6529.9326,0.99999815,-0.001811893,1.572608222,-4.5595093,0,1.065022063,-1.572608222,0.002735706,0,-0.03,0,0,-0.015726082
1773775654,TRUE,0.8515937,1773775654,316.37665,238.52657,56.547253,117.06792,1.5720006,315.7213,238.45264,6556.9136,0.999998487,-0.001629614,1.572425942,-4.2786865,0,1.069145455,-1.572425942,0.002567212,0,-0.03,0,0,-0.015724259
1773775654,TRUE,0.8515937,1773775654,316.37665,238.52657,56.547253,117.06792,1.5720006,315.9179,238.47482,6575.8003,0.999998723,-0.001502019,1.572298346,-4.0820923,0,1.072021763,-1.572298346,0.002449255,0,-0.03,0,0,-0.015722983
1773775654,TRUE,0.8515937,1773775654,316.37665,238.52657,56.547253,117.06792,1.5720006,316.05554,238.49036,6589.021,0.999998889,-0.001412702,1.572209029,-3.944458,0,1.074030235,-1.572209029,0.002366675,0,-0.03,0,0,-0.01572209
1773775654,TRUE,0.8469564,1773775654,314.63773,238.80347,54.223618,117.72552,1.5743029,315.6302,238.58429,6527.3657,0.999997378,-0.002040865,1.572837194,-4.369812,0,1.064628882,-1.572837194,0.002621887,0,-0.03,0,0,-0.015728372
1773775654,TRUE,0.8469564,1773775654,314.63773,238.80347,54.223618,117.72552,1.5743029,315.33246,238.65005,6484.207,0.99999632,-0.002480578,1.573276909,-4.6675415,0,1.057994956,-1.573276909,0.002800525,0,-0.03,0,0,-0.015732769
1773775654,TRUE,0.8469564,1773775654,314.63773,238.80347,54.223618,117.72552,1.5743029,315.12402,238.69608,6453.996,0.99999558,-0.002788378,1.57358471,-4.8759766,0,1.053324932,-1.57358471,0.002925586,0,-0.03,0,0,-0.015735847
1773775655,TRUE,0.8469564,1773775654,314.63773,238.80347,54.223618,117.72552,1.5743029,314.97812,238.7283,6432.8486,0.999995061,-0.003003838,1.573800171,-5.021881,0,1.050042923,-1.573800171,0.003013129,0,-0.03,0,0,-0.015738002
1773775655,TRUE,0.8469564,1773775654,314.63773,238.80347,54.223618,117.72552,1.5743029,314.876,238.75085,6418.0454,0.999994698,-0.00315466,1.573950993,-5.123993,0,1.047739075,-1.573950993,0.003074396,0,-0.03,0,0,-0.01573951
1773775655,TRUE,0.8469564,1773775654,314.63773,238.80347,54.223618,117.72552,1.5743029,314.80453,238.76663,6407.683,0.999994445,-0.003260235,1.574056569,-5.195465,0,1.046123225,-1.574056569,0.003117279,0,-0.03,0,0,-0.015740566
1773775655,TRUE,0.8253922,1773775655,316.8014,238.21512,55.823555,116.9828,1.5709991,315.4036,238.60118,6444.497,0.999996105,-0.00234301,1.573139342,-4.596405,0,1.051852009,-1.573139342,0.002757843,0,-0.03,0,0,-0.015731393
1773775655,TRUE,0.8253922,1773775655,316.8014,238.21512,55.823555,116.9828,1.5709991,315.82294,238.48537,6470.2666,0.999997267,-0.001700953,1.572497283,-4.177063,0,1.055842761,-1.572497283,0.002506238,0,-0.03,0,0,-0.015724973
1773775655,TRUE,0.8253922,1773775655,316.8014,238.21512,55.823555,116.9828,1.5709991,316.11646,238.4043,6488.3057,0.999998081,-0.001251513,1.572047841,-3.883545,0,1.05862685,-1.572047841,0.002330127,0,-0.03,0,0,-0.015720478
1773775655,TRUE,0.8253922,1773775655,316.8014,238.21512,55.823555,116.9828,1.5709991,316.32193,238.34755,6500.9326,0.999998651,-0.000936904,1.571733232,-3.67807,0,1.060571077,-1.571733232,0.002206842,0,-0.03,0,0,-0.015717332
1773775655,TRUE,0.8253922,1773775655,316.8014,238.21512,55.823555,116.9828,1.5709991,316.46576,238.30782,6509.7715,0.999999049,-0.000716679,1.571513006,-3.5342407,0,1.061929824,-1.571513006,0.002120544,0,-0.03,0,0,-0.01571513
1773775655,TRUE,0.82848144,1773775655,316.84332,238.3225,56.869392,115.99675,1.572418,316.57904,238.31223,6535.8394,0.99999894,-0.000988169,1.571784497,-3.4209595,0,1.065926212,-1.571784497,0.002052576,0,-0.03,0,0,-0.015717845
1773775655,TRUE,0.82848144,1773775655,316.84332,238.3225,56.869392,115.99675,1.572418,316.65833,238.3153,6554.087,0.999998864,-0.001178213,1.57197454,-3.3416748,0,1.068714261,-1.57197454,0.002005005,0,-0.03,0,0,-0.015719745
1773775655,TRUE,0.82848144,1773775655,316.84332,238.3225,56.869392,115.99675,1.572418,316.71384,238.31746,6566.8604,0.99999881,-0.001311243,1.57210757,-3.2861633,0,1.070661305,-1.57210757,0.001971698,0,-0.03,0,0,-0.015721076
1773775655,TRUE,0.82848144,1773775655,316.84332,238.3225,56.869392,115.99675,1.572418,316.7527,238.31897,6575.802,0.999998773,-0.001404364,1.572200692,-3.2473145,0,1.072021926,-1.572200692,0.001948389,0,-0.03,0,0,-0.015722007
1773775655,TRUE,0.82848144,1773775655,316.84332,238.3225,56.869392,115.99675,1.572418,316.77988,238.32002,6582.0605,0.999998746,-0.001469549,1.572265877,-3.2201233,0,1.072973261,-1.572265877,0.001932074,0,-0.03,0,0,-0.015722659
1773775655,TRUE,0.8718164,1773775655,315.0354,237.54951,53.862488,118.059975,1.5724648,316.25653,238.08887,6515.1436,0.999998705,-0.001529233,1.572325561,-3.7434692,0,1.062754648,-1.572325561,0.002246082,0,-0.03,0,0,-0.015723256
1773775655,TRUE,0.8718164,1773775655,315.0354,237.54951,53.862488,118.059975,1.5724648,315.8902,237.92706,6468.302,0.999998676,-0.001571012,1.57236734,-4.1098022,-2.072937,1.055539051,-1.57236734,0.002465881,0.001243762,-0.03,0,0,-0.015723673
1773775655,TRUE,0.8718164,1773775655,315.0354,237.54951,53.862488,118.059975,1.5724648,315.63376,237.81378,6435.512,0.999998655,-0.001600257,1.572396585,-4.3662415,-2.1862183,1.050456891,-1.572396585,0.002619745,0.001311731,-0.03,0,0,-0.015723966
1773775655,TRUE,0.8718164,1773775655,315.0354,237.54951,53.862488,118.059975,1.5724648,315.45425,237.7345,6412.5596,0.999998641,-0.001620729,1.572417057,-4.545746,-2.265503,1.046883941,-1.572417057,0.002727448,0.001359302,-0.03,0,0,-0.015724171
1773775655,TRUE,0.8718164,1773775655,315.0354,237.54951,53.862488,118.059975,1.5724648,315.3286,237.67899,6396.4927,0.999998631,-0.001635059,1.572431387,-4.6713867,-2.3210144,1.044375224,-1.572431387,0.002802832,0.001392609,-0.03,0,0,-0.015724314
1773775655,TRUE,0.8649453,1773775655,315.24683,237.48047,55.23231,118.38489,1.572701,315.30408,237.61943,6439.1465,0.999998498,-0.001715936,1.572512264,-4.695923,-2.3805695,1.051021473,-1.572512264,0.002817554,0.001428342,-0.03,0,0,-0.015725123
1773775655,TRUE,0.8649453,1773775655,315.24683,237.48047,55.23231,118.38489,1.572701,315.2869,237.57774,6469.004,0.999998404,-0.00177255,1.572568878,-4.7131042,-2.4222565,1.055647571,-1.572568878,0.002827863,0.001453354,-0.03,0,0,-0.015725689
1773775655,TRUE,0.8649453,1773775655,315.24683,237.48047,55.23231,118.38489,1.572701,315.27487,237.54855,6489.9043,0.999998339,-0.00181218,1.572608508,-4.725128,-2.4514465,1.058873227,-1.572608508,0.002835077,0.001470868,-0.03,0,0,-0.015726085
1773775655,TRUE,0.8649453,1773775655,315.24683,237.48047,55.23231,118.38489,1.572701,315.26648,237.52812,6504.534,0.999998293,-0.001839921,1.572636249,-4.7335205,-2.471878,1.061124946,-1.572636249,0.002840112,0.001483127,-0.03,0,0,-0.015726362
1773775655,TRUE,0.8649453,1773775655,315.24683,237.48047,55.23231,118.38489,1.572701,315.2606,237.51382,6514.7754,0.999998261,-0.001859339,1.572655667,-4.7394104,-2.4861755,1.062698137,-1.572655667,0.002843646,0.001491705,-0.03,0,0,-0.015726557
1773775655,TRUE,0.85840374,1773775655,315.1815,236.80016,53.190804,117.18422,1.5730282,315.23685,237.29971,6430.28,0.999998035,-0.001971101,1.572767429,-4.763153,-2.7002869,1.049643473,-1.572767429,0.002857892,0.001620172,-0.03,0,0,-0.015727674
1773775655,TRUE,0.85840374,1773775655,315.1815,236.80016,53.190804,117.18422,1.5730282,315.22025,237.14984,6371.133,0.999997878,-0.002049334,1.572845662,-4.7797546,-2.8501587,1.04040271,-1.572845662,0.002867853,0.001710095,-0.03,0,0,-0.015728457
1773775655,TRUE,0.85840374,1773775655,315.1815,236.80016,53.190804,117.18422,1.5730282,315.20862,237.04492,6329.73,0.999997767,-0.002104097,1.572900426,-4.791382,-2.9550781,1.033883014,-1.572900426,0.002874829,0.001773047,-0.03,0,0,-0.015729004
1773775655,TRUE,0.85840374,1773775655,315.1815,236.80016,53.190804,117.18422,1.5730282,315.20047,236.9715,6300.748,0.99999769,-0.002142432,1.57293876,-4.79953,-3.0285034,1.029293821,-1.57293876,0.002879718,0.001817102,-0.03,0,0,-0.015729388
1773775655,TRUE,0.85840374,1773775655,315.1815,236.80016,53.190804,117.18422,1.5730282,315.19476,236.9201,6280.4604,0.999997636,-0.002169266,1.572965594,-4.805237,-3.079895,1.026068756,-1.572965594,0.002883142,0.001847937,-0.03,0,0,-0.015729656
1773775655,TRUE,0.8330615,1773775655,315.85587,237.24402,53.3387,117.267105,1.5744823,315.3931,237.01727,6272.7847,0.999996307,-0.002624282,1.573420612,-4.606903,-2.982727,1.024845784,-1.573420612,0.002764142,0.001789636,-0.03,0,0,-0.015734206
1773775655,TRUE,0.8330615,1773775655,315.85587,237.24402,53.3387,117.267105,1.5744823,315.53192,237.0853,6267.4116,0.999995377,-0.002942793,1.573739125,-4.4680786,-2.9147034,1.023988906,-1.573739125,0.002680847,0.001748822,-0.03,0,0,-0.015737391
1773775655,TRUE,0.8330615,1773775655,315.85587,237.24402,53.3387,117.267105,1.5744823,315.6291,237.1329,6263.6504,0.999994726,-0.003165751,1.573962084,-4.3709106,-2.867096,1.023388543,-1.573962084,0.002622546,0.001720258,-0.03,0,0,-0.015739621
1773775655,TRUE,0.8330615,1773775655,315.85587,237.24402,53.3387,117.267105,1.5744823,315.6971,237.16623,6261.0176,0.99999427,-0.003321822,1.574118155,-4.302887,-2.8337708,1.022968186,-1.574118155,0.002581732,0.001700263,-0.03,0,0,-0.015741182
1773775655,TRUE,0.8330615,1773775655,315.85587,237.24402,53.3387,117.267105,1.5744823,315.74475,237.18958,6259.175,0.999993951,-0.003431071,1.574227405,-4.255249,-2.8104248,1.022673788,-1.574227405,0.00255315,0.001686255,-0.03,0,0,-0.015742274
1773775655,TRUE,0.8330615,1773775655,315.85587,237.24402,53.3387,117.267105,1.5744823,315.77808,237.2059,6257.885,0.999993728,-0.003507546,1.57430388,-4.221924,-2.794098,1.022467641,-1.57430388,0.002533154,0.001676459,-0.03,0,0,-0.015743039
1773775655,TRUE,0.84965616,1773775655,315.4133,237.07289,54.287613,118.43819,1.5726856,315.66864,237.166,6309.437,0.999995074,-0.003022064,1.573818396,-4.33136,-2.8339996,1.03067189,-1.573818396,0.002598816,0.0017004,-0.03,0,0,-0.015738184
1773775655,TRUE,0.84965616,1773775655,315.4133,237.07289,54.287613,118.43819,1.5726856,315.59204,237.13808,6345.524,0.999996016,-0.002682226,1.573478557,-4.407959,-2.8619232,1.03637511,-1.573478557,0.002644775,0.001717154,-0.03,0,0,-0.015734786
1773775655,TRUE,0.84965616,1773775655,315.4133,237.07289,54.287613,118.43819,1.5726856,315.53842,237.11853,6370.7847,0.999996676,-0.00244434,1.57324067,-4.4615784,-2.8814697,1.040348123,-1.57324067,0.002676947,0.001728882,-0.03,0,0,-0.015732407
1773775655,TRUE,0.84965616,1773775655,315.4133,237.07289,54.287613,118.43819,1.5726856,315.5009,237.10484,6388.4673,0.999997138,-0.002277819,1.573074148,-4.499115,-2.8951569,1.043119846,-1.573074148,0.002699469,0.001737094,-0.03,0,0,-0.015730741
1773775655,TRUE,0.84965616,1773775655,315.4133,237.07289,54.287613,118.43819,1.5726856,315.4746,237.09526,6400.845,0.999997461,-0.002161255,1.572957584,-4.5253906,-2.9047394,1.045055524,-1.572957584,0.002715234,0.001742844,-0.03,0,0,-0.015729576
1773775655,TRUE,0.85492,1773775655,315.44763,237.48242,53.87745,117.71984,1.5736207,315.46652,237.2114,6383.325,0.999997026,-0.002360182,1.573156512,-4.533478,-2.7886047,1.04231456,-1.573156512,0.002720087,0.001673163,-0.03,0,0,-0.015731565
1773775655,TRUE,0.85492,1773775655,315.44763,237.48242,53.87745,117.71984,1.5736207,315.46088,237.2927,6371.061,0.999996722,-0.002499432,1.573295761,-4.5391235,-2.707306,1.040391422,-1.573295761,0.002723474,0.001624384,-0.03,0,0,-0.015732958
1773775655,TRUE,0.85492,1773775655,315.44763,237.48242,53.87745,117.71984,1.5736207,315.4569,237.34961,6362.476,0.999996509,-0.002596906,1.573393236,-4.543091,-2.6503906,1.039043056,-1.573393236,0.002725855,0.001590235,-0.03,0,0,-0.015733932
1773775655,TRUE,0.85492,1773775655,315.44763,237.48242,53.87745,117.71984,1.5736207,315.45413,237.38947,6356.467,0.99999636,-0.002665138,1.573461468,-4.545868,-2.6105347,1.038098133,-1.573461468,0.002727521,0.001566321,-0.03,0,0,-0.015734615
1773775655,TRUE,0.85492,1773775655,315.44763,237.48242,53.87745,117.71984,1.5736207,315.45218,237.41736,6352.2603,0.999996255,-0.002712901,1.573509231,-4.547821,-2.5826416,1.037436147,-1.573509231,0.002728693,0.001549585,-0.03,0,0,-0.015735092
1773775655,TRUE,0.8489065,1773775655,315.58536,237.03397,53.700184,117.78952,1.5723143,315.49213,237.30234,6344.1777,0.999997033,-0.002354411,1.57315074,-4.5078735,-2.6976624,1.03616297,-1.57315074,0.002704724,0.001618598,-0.03,0,0,-0.015731507
1773775655,TRUE,0.8489065,1773775655,315.58536,237.03397,53.700184,117.78952,1.5723143,315.52008,237.22183,6338.52,0.999997577,-0.002103468,1.572899797,-4.4799194,-2.7781677,1.035270781,-1.572899797,0.002687952,0.001666901,-0.03,0,0,-0.015728998
1773775655,TRUE,0.8489065,1773775655,315.58536,237.03397,53.700184,117.78952,1.5723143,315.53967,237.16547,6334.5596,0.999997959,-0.001927808,1.572724137,-4.460327,-2.8345337,1.034645724,-1.572724137,0.002676196,0.00170072,-0.03,0,0,-0.015727241
1773775655,TRUE,0.8489065,1773775655,315.58536,237.03397,53.700184,117.78952,1.5723143,315.55338,237.126,6331.787,0.999998225,-0.001804846,1.572601174,-4.4466248,-2.873993,1.034207951,-1.572601174,0.002667975,0.001724396,-0.03,0,0,-0.015726012
1773775655,TRUE,0.8489065,1773775655,315.58536,237.03397,53.700184,117.78952,1.5723143,315.563,237.09839,6329.8467,0.999998412,-0.001718773,1.572515101,-4.4370117,-2.9016113,1.033901413,-1.572515101,0.002662207,0.001740967,-0.03,0,0,-0.015725151
1773775655,TRUE,0.8229405,1773775655,315.14407,236.85942,53.601402,117.03171,1.5743072,315.43732,237.0267,6312.8115,0.99999704,-0.002256402,1.573052731,-4.562683,-2.973297,1.031206604,-1.573052731,0.00273761,0.001783978,-0.03,0,0,-0.015730527
1773775655,TRUE,0.8229405,1773775655,315.14407,236.85942,53.601402,117.03171,1.5743072,315.34937,236.97652,6300.8867,0.999996079,-0.002632742,1.573429073,-4.650635,-3.0234833,1.029315796,-1.573429073,0.002790381,0.00181409,-0.03,0,0,-0.015734291
1773775655,TRUE,0.8229405,1773775655,315.14407,236.85942,53.601402,117.03171,1.5743072,315.28778,236.94139,6292.5396,0.999995406,-0.00289618,1.573692512,-4.712219,-3.058609,1.027990186,-1.573692512,0.002827332,0.001835166,-0.03,0,0,-0.015736925
1773775655,TRUE,0.8229405,1773775655,315.14407,236.85942,53.601402,117.03171,1.5743072,315.2447,236.91681,6286.697,0.999994935,-0.003080587,1.57387692,-4.75531,-3.083191,1.02706122,-1.57387692,0.002853186,0.001849915,-0.03,0,0,-0.015738769
1773775655,TRUE,0.8229405,1773775655,315.14407,236.85942,53.601402,117.03171,1.5743072,315.2145,236.8996,6282.6064,0.999994606,-0.003209672,1.574006005,-4.785492,-3.1004028,1.026410337,-1.574006005,0.002871295,0.001860242,-0.03,0,0,-0.01574006
1773775655,TRUE,0.8229405,1773775655,315.14407,236.85942,53.601402,117.03171,1.5743072,315.19336,236.88754,6279.743,0.999994375,-0.003300031,1.574096364,-4.8066406,-3.1124573,1.0259545,-1.574096364,0.002883985,0.001867474,-0.03,0,0,-0.015740964
1773775655,TRUE,0.8547025,1773775655,315.40762,237.34705,53.737843,117.2686,1.5742633,315.25763,237.02539,6286.3486,0.99999426,-0.003350122,1.574146455,-4.7423706,-2.9746094,1.027005815,-1.574146455,0.002845423,0.001784766,-0.03,0,0,-0.015741465
1773775655,TRUE,0.8547025,1773775655,315.40762,237.34705,53.737843,117.2686,1.5742633,315.30264,237.12189,6290.9727,0.999994179,-0.003385185,1.574181519,-4.697357,-2.8781128,1.027741113,-1.574181519,0.002818415,0.001726868,-0.03,0,0,-0.015741815
1773775655,TRUE,0.8547025,1773775655,315.40762,237.34705,53.737843,117.2686,1.5742633,315.33414,237.18944,6294.209,0.999994122,-0.00340973,1.574206064,-4.665863,-2.8105621,1.028255482,-1.574206064,0.002799518,0.001686337,-0.03,0,0,-0.015742061
1773775655,TRUE,0.8547025,1773775655,315.40762,237.34705,53.737843,117.2686,1.5742633,315.35617,237.23672,6296.4746,0.999994082,-0.003426911,1.574223245,-4.6438293,-2.7632751,1.028615324,-1.574223245,0.002786298,0.001657965,-0.03,0,0,-0.015742232
1773775655,TRUE,0.8547025,1773775655,315.40762,237.34705,53.737843,117.2686,1.5742633,315.3716,237.26982,6298.0605,0.999994055,-0.003438938,1.574235272,-4.6283875,-2.7301788,1.028867162,-1.574235272,0.002777033,0.001638107,-0.03,0,0,-0.015742353
1773775655,TRUE,0.8680229,1773775655,315.0656,237.40836,53.814793,118.14639,1.5726382,315.27982,237.31137,6316.0493,0.999995329,-0.002959804,1.573756136,-4.7201843,-2.6886292,1.031719364,-1.573756136,0.002832111,0.001613178,-0.03,0,0,-0.015737561
1773775655,TRUE,0.8680229,1773775655,315.0656,237.40836,53.814793,118.14639,1.5726382,315.21555,237.34045,6328.6416,0.999996222,-0.002624411,1.573420742,-4.7844543,-2.659546,1.033711051,-1.573420742,0.002870673,0.001595728,-0.03,0,0,-0.015734207
1773775655,TRUE,0.8680229,1773775655,315.0656,237.40836,53.814793,118.14639,1.5726382,315.17056,237.36084,6337.456,0.999996846,-0.002389636,1.573185965,-4.8294373,-2.6391602,1.035102867,-1.573185965,0.002897663,0.001583496,-0.03,0,0,-0.01573186
1773775655,TRUE,0.8680229,1773775655,315.0656,237.40836,53.814793,118.14639,1.5726382,315.13907,237.37509,6343.6265,0.999997284,-0.002225293,1.573021622,-4.8609314,-2.6249084,1.036076004,-1.573021622,0.002916559,0.001574945,-0.03,0,0,-0.015730216
1773775655,TRUE,0.8680229,1773775655,315.0656,237.40836,53.814793,118.14639,1.5726382,315.11703,237.38507,6347.946,0.99999759,-0.002110253,1.572906582,-4.882965,-2.6149292,1.036756729,-1.572906582,0.002929779,0.001568958,-0.03,0,0,-0.015729066
1773775655,TRUE,0.86008316,1773775655,314.1091,237.32884,54.499924,117.61551,1.5727661,314.81467,237.3682,6366.5728,0.999997731,-0.002068098,1.572864427,-5.1853333,-2.6318054,1.039686698,-1.572864427,0.0031112,0.001579083,-0.03,0,0,-0.015728644
1773775655,TRUE,0.86008316,1773775655,314.1091,237.32884,54.499924,117.61551,1.5727661,314.603,237.35638,6379.612,0.99999783,-0.00203859,1.572834918,-5.397003,-2.6436157,1.041732674,-1.572834918,0.003238202,0.00158617,-0.03,0,0,-0.015728349
1773775655,TRUE,0.86008316,1773775655,314.1091,237.32884,54.499924,117.61551,1.5727661,314.45483,237.34811,6388.739,0.999997899,-0.002017934,1.572814263,-5.545166,-2.651886,1.043162353,-1.572814263,0.0033271,0.001591132,-0.03,0,0,-0.015728143
1773775655,TRUE,0.86008316,1773775655,314.1091,237.32884,54.499924,117.61551,1.5727661,314.3511,237.34233,6395.128,0.999997947,-0.002003475,1.572799803,-5.6488953,-2.657669,1.044161838,-1.572799803,0.003389337,0.001594602,-0.03,0,0,-0.015727998
1773775655,TRUE,0.86008316,1773775655,314.1091,237.32884,54.499924,117.61551,1.5727661,314.2785,237.33829,6399.6,0.999997981,-0.001993354,1.572789682,-5.7214966,-2.6617126,1.0448609,-1.572789682,0.003432898,0.001597028,-0.03,0,0,-0.015727897
1773775655,TRUE,0.827723,1773775655,313.5374,237.69545,54.76823,116.106346,1.5729445,314.05618,237.44543,6387.402,0.999997894,-0.002039806,1.572836134,-5.943817,-2.5545654,1.042952992,-1.572836134,0.003566291,0.001532739,-0.03,0,0,-0.015728361
1773775655,TRUE,0.827723,1773775655,313.5374,237.69545,54.76823,116.106346,1.5729445,313.90054,237.52045,6378.863,0.999997834,-0.002072322,1.57286865,-6.099457,-2.4795532,1.041615313,-1.57286865,0.003659674,0.001487732,-0.03,0,0,-0.015728687
1773775655,TRUE,0.827723,1773775655,313.5374,237.69545,54.76823,116.106346,1.5729445,313.7916,237.57295,6372.8857,0.999997792,-0.002095083,1.572891412,-6.2084045,-2.4270477,1.040677788,-1.572891412,0.003725043,0.001456229,-0.03,0,0,-0.015728914
1773775655,TRUE,0.827723,1773775655,313.5374,237.69545,54.76823,116.106346,1.5729445,313.71533,237.60971,6368.7017,0.999997762,-0.002111016,1.572907345,-6.284668,-2.3902893,1.040021047,-1.572907345,0.003770801,0.001434174,-0.03,0,0,-0.015729073
1773775655,TRUE,0.827723,1773775655,313.5374,237.69545,54.76823,116.106346,1.5729445,313.66196,237.63544,6365.773,0.999997741,-0.00212217,1.572918498,-6.338043,-2.364563,1.039561089,-1.572918498,0.003802826,0.001418738,-0.03,0,0,-0.015729185
1773775655,TRUE,0.827723,1773775655,313.5374,237.69545,54.76823,116.106346,1.5729445,313.6246,237.65344,6363.7227,0.999997727,-0.002129977,1.572926305,-6.3753967,-2.3465576,1.039238983,-1.572926305,0.003825238,0.001407935,-0.03,0,0,-0.015729263
1773775655,TRUE,0.821366,1773775655,314.50687,238.20857,54.39008,115.33518,1.5740083,313.88928,237.81998,6336.533,0.999996861,-0.002454588,1.573250917,-6.110718,-2.1800232,1.034957285,-1.573250917,0.003666431,0.001308014,-0.03,0,0,-0.015732509
1773775655,TRUE,0.821366,1773775655,314.50687,238.20857,54.39008,115.33518,1.5740083,314.07455,237.93655,6317.5,0.999996255,-0.002681815,1.573478146,-5.9254456,-2.063446,1.031949014,-1.573478146,0.003555268,0.001238068,-0.03,0,0,-0.015734781
1773775655,TRUE,0.821366,1773775655,314.50687,238.20857,54.39008,115.33518,1.5740083,314.20425,238.01816,6304.177,0.999995831,-0.002840875,1.573637206,-5.795746,0,1.02983787,-1.573637206,0.003477448,0,-0.03,0,0,-0.015736372
1773775655,TRUE,0.821366,1773775655,314.50687,238.20857,54.39008,115.33518,1.5740083,314.29504,238.07529,6294.8506,0.999995534,-0.002952216,1.573748548,-5.704956,0,1.02835737,-1.573748548,0.003422974,0,-0.03,0,0,-0.015737485
1773775655,TRUE,0.821366,1773775655,314.50687,238.20857,54.39008,115.33518,1.5740083,314.35858,238.11526,6288.3223,0.999995326,-0.003030155,1.573826487,-5.6414185,0,1.027319765,-1.573826487,0.003384851,0,-0.03,0,0,-0.015738265
1773775655,TRUE,0.82972354,1773775655,314.63654,238.72852,53.69204,114.50837,1.5750307,314.44196,238.29924,6246.282,0.999994039,-0.003391412,1.574187746,-5.5580444,0,1.020611861,-1.574187746,0.003334827,0,-0.03,0,0,-0.015741877
1773775655,TRUE,0.82972354,1773775655,314.63654,238.72852,53.69204,114.50837,1.5750307,314.5003,238.42802,6216.854,0.999993138,-0.003644292,1.574440628,-5.499695,0,1.015889393,-1.574440628,0.003299817,0,-0.03,0,0,-0.015744406
1773775655,TRUE,0.82972354,1773775655,314.63654,238.72852,53.69204,114.50837,1.5750307,314.54117,238.51817,6196.2544,0.999992507,-0.003821308,1.574617645,-5.458832,0,1.012570415,-1.574617645,0.003275299,0,-0.03,0,0,-0.015746176
1773775655,TRUE,0.82972354,1773775655,314.63654,238.72852,53.69204,114.50837,1.5750307,314.56976,238.58128,6181.8345,0.999992065,-0.003945219,1.574741557,-5.430237,0,1.010240481,-1.574741557,0.003258142,0,-0.03,0,0,-0.015747416
1773775655,TRUE,0.82972354,1773775655,314.63654,238.72852,53.69204,114.50837,1.5750307,314.58978,238.62546,6171.7407,0.999991756,-0.004031957,1.574828295,-5.4102173,0,1.008606404,-1.574828295,0.00324613,0,-0.03,0,0,-0.015748283
1773775655,TRUE,0.8707708,1773775655,313.29263,238.58934,54.606483,116.81888,1.5725065,314.20062,238.61462,6233.939,0.999993791,-0.003335436,1.574131771,-5.7993774,0,1.018633833,-1.574131771,0.003479627,0,-0.03,0,0,-0.015741318
1773775655,TRUE,0.8707708,1773775655,313.29263,238.58934,54.606483,116.81888,1.5725065,313.92822,238.60703,6277.478,0.999995215,-0.002847871,1.573644203,-6.0717773,0,1.025593785,-1.573644203,0.003643067,0,-0.03,0,0,-0.015736442
1773775655,TRUE,0.8707708,1773775655,313.29263,238.58934,54.606483,116.81888,1.5725065,313.73755,238.60172,6307.955,0.999996212,-0.002506575,1.573302906,-6.262451,0,1.030437012,-1.573302906,0.003757471,0,-0.03,0,0,-0.015733029
1773775655,TRUE,0.8707708,1773775655,313.29263,238.58934,54.606483,116.81888,1.5725065,313.60406,238.59799,6329.289,0.999996909,-0.002267669,1.573063998,-6.395935,0,1.033813317,-1.573063998,0.003837561,0,-0.03,0,0,-0.01573064
1773775655,TRUE,0.8707708,1773775655,313.29263,238.58934,54.606483,116.81888,1.5725065,313.51062,238.5954,6344.223,0.999997398,-0.002100434,1.572896763,-6.48938,0,1.036170076,-1.572896763,0.003893628,0,-0.03,0,0,-0.015728968
1773775655,TRUE,0.8630209,1773775655,313.5812,238.3826,55.111813,116.897575,1.5750577,313.5318,238.53156,6373.6875,0.999995455,-0.002748725,1.573545058,-6.4682007,0,1.040803594,-1.573545058,0.003880921,0,-0.03,0,0,-0.015735451
1773775655,TRUE,0.8630209,1773775655,313.5812,238.3826,55.111813,116.897575,1.5750577,313.54663,238.48688,6394.3125,0.999994094,-0.003202529,1.573998864,-6.453369,0,1.044034355,-1.573998864,0.003872022,0,-0.03,0,0,-0.015739989
1773775655,TRUE,0.8630209,1773775655,313.5812,238.3826,55.111813,116.897575,1.5750577,313.557,238.4556,6408.75,0.999993142,-0.003520192,1.574316528,-6.442993,0,1.046289718,-1.574316528,0.003865796,0,-0.03,0,0,-0.015743165
1773775655,TRUE,0.8630209,1773775655,313.5812,238.3826,55.111813,116.897575,1.5750577,313.56427,238.4337,6418.8564,0.999992475,-0.003742556,1.574538894,-6.43573,0,1.047865417,-1.574538894,0.003861438,0,-0.03,0,0,-0.015745389
1773775655,TRUE,0.8630209,1773775655,313.5812,238.3826,55.111813,116.897575,1.5750577,313.56934,238.41838,6425.9307,0.999992009,-0.003898211,1.574694549,-6.430664,0,1.048966873,-1.574694549,0.003858399,0,-0.03,0,0,-0.015746945
1773775655,TRUE,0.87386,1773775655,313.68533,238.04716,54.408997,117.3678,1.5729498,313.60413,238.30702,6413.9106,0.999993711,-0.003374779,1.574171114,-6.395874,0,1.047094571,-1.574171114,0.003837525,0,-0.03,0,0,-0.015741711
1773775655,TRUE,0.87386,1773775655,313.68533,238.04716,54.408997,117.3678,1.5729498,313.62848,238.22906,6405.4966,0.999994902,-0.003008377,1.57380471,-6.371521,0,1.045781862,-1.57380471,0.003822913,0,-0.03,0,0,-0.015738047
1773775655,TRUE,0.87386,1773775655,313.68533,238.04716,54.408997,117.3678,1.5729498,313.64554,238.1745,6399.607,0.999995736,-0.002751896,1.573548227,-6.3544617,0,1.04486199,-1.573548227,0.003812677,0,-0.03,0,0,-0.015735482
1773775655,TRUE,0.87386,1773775655,313.68533,238.04716,54.408997,117.3678,1.5729498,313.65747,238.1363,6395.484,0.999996319,-0.002572358,1.573368689,-6.3425293,0,1.044217559,-1.573368689,0.003805518,0,-0.03,0,0,-0.015733687
1773775656,TRUE,0.87386,1773775655,313.68533,238.04716,54.408997,117.3678,1.5729498,313.66583,238.10957,6392.598,0.999996728,-0.002446683,1.573243012,-6.3341675,0,1.043766244,-1.573243012,0.003800501,0,-0.03,0,0,-0.01573243
1773775656,TRUE,0.8446171,1773775656,313.19022,238.0375,53.912918,116.00652,1.574752,313.52316,238.08795,6351.0938,0.999995363,-0.002899369,1.573695701,-6.476837,0,1.037252456,-1.573695701,0.003886103,0,-0.03,0,0,-0.015736957
1773775656,TRUE,0.8446171,1773775656,313.19022,238.0375,53.912918,116.00652,1.574752,313.42328,238.07281,6322.0405,0.999994407,-0.003216249,1.574012583,-6.576721,0,1.032667445,-1.574012583,0.003946033,0,-0.03,0,0,-0.015740126
1773775656,TRUE,0.8446171,1773775656,313.19022,238.0375,53.912918,116.00652,1.574752,313.35336,238.06223,6301.703,0.999993738,-0.003438065,1.5742344,-6.646637,0,1.029445339,-1.5742344,0.003987982,0,-0.03,0,0,-0.015742344
1773775656,TRUE,0.8446171,1773775656,313.19022,238.0375,53.912918,116.00652,1.574752,313.3044,238.05481,6287.467,0.999993269,-0.003593336,1.574389672,-6.695587,0,1.027183715,-1.574389672,0.004017353,0,-0.03,0,0,-0.015743897
1773775656,TRUE,0.8446171,1773775656,313.19022,238.0375,53.912918,116.00652,1.574752,313.27014,238.04962,6277.5015,0.999992941,-0.003702026,1.574498362,-6.7298584,0,1.025597461,-1.574498362,0.004037915,0,-0.03,0,0,-0.015744984
1773775656,TRUE,0.8446171,1773775656,313.19022,238.0375,53.912918,116.00652,1.574752,313.24615,238.04599,6270.526,0.999992712,-0.003778109,1.574574446,-6.753845,0,1.024485695,-1.574574446,0.004052308,0,-0.03,0,0,-0.015745744
1773775656,TRUE,0.8500811,1773775656,315.06116,238.49191,56.539276,116.28908,1.5740291,313.79065,238.17976,6361.8384,0.999993331,-0.003614503,1.574410838,-6.2093506,0,1.038942842,-1.574410838,0.00372561,0,-0.03,0,0,-0.015744108
1773775656,TRUE,0.8500811,1773775656,315.06116,238.49191,56.539276,116.28908,1.5740291,314.1718,238.2734,6425.757,0.999993764,-0.003499979,1.574296313,-5.828186,0,1.048939897,-1.574296313,0.003496912,0,-0.03,0,0,-0.015742963
1773775656,TRUE,0.8500811,1773775656,315.06116,238.49191,56.539276,116.28908,1.5740291,314.43863,238.33896,6470.5,0.999994067,-0.003419812,1.574216146,-5.561371,0,1.055878842,-1.574216146,0.003336823,0,-0.03,0,0,-0.015742161
1773775656,TRUE,0.8500811,1773775656,315.06116,238.49191,56.539276,116.28908,1.5740291,314.6254,238.38484,6501.8203,0.999994279,-0.003363695,1.574160028,-5.3746033,0,1.060707613,-1.574160028,0.003224762,0,-0.03,0,0,-0.0157416
1773775656,TRUE,0.8500811,1773775656,315.06116,238.49191,56.539276,116.28908,1.5740291,314.75613,238.41696,6523.744,0.999994428,-0.003324413,1.574120746,-5.243866,0,1.064073907,-1.574120746,0.00314632,0,-0.03,0,0,-0.015741207
1773775656,TRUE,0.8578612,1773775656,312.89456,238.39027,53.39936,115.85814,1.5747366,314.19766,238.40897,6422.646,0.999993771,-0.003509167,1.574305501,-5.8023376,0,1.048455613,-1.574305501,0.003481403,0,-0.03,0,0,-0.015743055
1773775656,TRUE,0.8578612,1773775656,312.89456,238.39027,53.39936,115.85814,1.5747366,313.80673,238.40335,6351.8774,0.999993311,-0.003638494,1.574434829,-6.193268,0,1.037375906,-1.574434829,0.003715961,0,-0.03,0,0,-0.015744348
1773775656,TRUE,0.8578612,1773775656,312.89456,238.39027,53.39936,115.85814,1.5747366,313.53308,238.39941,6302.3394,0.999992989,-0.003729023,1.574525359,-6.466919,0,1.029546339,-1.574525359,0.003880152,0,-0.03,0,0,-0.015745254
1773775656,TRUE,0.8578612,1773775656,312.89456,238.39027,53.39936,115.85814,1.5747366,313.34152,238.39667,6267.663,0.999992763,-0.003792394,1.57458873,-6.658478,0,1.02402898,-1.57458873,0.003995087,0,-0.03,0,0,-0.015745887
1773775656,TRUE,0.8578612,1773775656,312.89456,238.39027,53.39936,115.85814,1.5747366,313.20743,238.39474,6243.3896,0.999992605,-0.003836753,1.574633089,-6.792572,0,1.020148645,-1.574633089,0.004075544,0,-0.03,0,0,-0.015746331
1773775656,TRUE,0.8578612,1773775656,312.89456,238.39027,53.39936,115.85814,1.5747366,313.11356,238.3934,6226.398,0.999992495,-0.003867805,1.574664141,-6.886444,0,1.017423449,-1.574664141,0.004131867,0,-0.03,0,0,-0.015746641
1773775656,TRUE,0.87449735,1773775656,313.13602,238.64949,54.317814,117.360855,1.574057,313.1203,238.47023,6270.914,0.999993152,-0.003685658,1.574481994,-6.8796997,0,1.024547573,-1.574481994,0.00412782,0,-0.03,0,0,-0.01574482
1773775656,TRUE,0.87449735,1773775656,313.13602,238.64949,54.317814,117.360855,1.574057,313.125,238.524,6302.075,0.999993611,-0.003558156,1.57435449,-6.875,0,1.029504442,-1.57435449,0.004125,0,-0.03,0,0,-0.015743545
1773775656,TRUE,0.87449735,1773775656,313.13602,238.64949,54.317814,117.360855,1.574057,313.1283,238.56165,6323.888,0.999993933,-0.003468904,1.574265238,-6.871704,0,1.032959679,-1.574265238,0.004123023,0,-0.03,0,0,-0.015742652
1773775656,TRUE,0.87449735,1773775656,313.13602,238.64949,54.317814,117.360855,1.574057,313.1306,238.588,6339.157,0.999994158,-0.003406428,1.574202762,-6.869385,0,1.035371279,-1.574202762,0.004121631,0,-0.03,0,0,-0.015742028
1773775656,TRUE,0.87449735,1773775656,313.13602,238.64949,54.317814,117.360855,1.574057,313.13223,238.60645,6349.8457,0.999994316,-0.003362695,1.574159028,-6.8677673,0,1.03705597,-1.574159028,0.004120661,0,-0.03,0,0,-0.01574159
1773775656,TRUE,0.8558845,1773775656,314.61365,239.18617,55.6819,115.3074,1.5755011,313.57666,238.78036,6371.0527,0.999992701,-0.003765308,1.574561645,-6.42334,0,1.040390159,-1.574561645,0.003854004,0,-0.03,0,0,-0.015745616
1773775656,TRUE,0.8558845,1773775656,314.61365,239.18617,55.6819,115.3074,1.5755011,313.88776,238.9021,6385.8975,0.999991571,-0.004047138,1.574843477,-6.1122437,0,1.042717452,-1.574843477,0.003667346,0,-0.03,0,0,-0.015748435
1773775656,TRUE,0.8558845,1773775656,314.61365,239.18617,55.6819,115.3074,1.5755011,314.10553,238.9873,6396.2886,0.999990779,-0.004244419,1.575040759,-5.89447,0,1.044343341,-1.575040759,0.003536682,0,-0.03,0,0,-0.015750408
1773775656,TRUE,0.8558845,1773775656,314.61365,239.18617,55.6819,115.3074,1.5755011,314.25797,239.04697,6403.5625,0.999990225,-0.004382515,1.575178857,-5.742035,0,1.045479942,-1.575178857,0.003445221,0,-0.03,0,0,-0.015751789
1773775656,TRUE,0.8558845,1773775656,314.61365,239.18617,55.6819,115.3074,1.5755011,314.3647,239.08871,6408.6543,0.999989837,-0.004479183,1.575275525,-5.635315,0,1.046274728,-1.575275525,0.003381189,0,-0.03,0,0,-0.015752755
1773775656,TRUE,0.8431646,1773775656,314.74844,238.7622,55.606113,115.50906,1.5751779,314.47983,238.99075,6412.9614,0.999990006,-0.004449898,1.57524624,-5.520172,0,1.046946624,-1.57524624,0.003312104,0,-0.03,0,0,-0.015752462
1773775656,TRUE,0.8431646,1773775656,314.74844,238.7622,55.606113,115.50906,1.5751779,314.56042,238.92218,6415.976,0.999990125,-0.004429399,1.57522574,-5.439575,0,1.047416582,-1.57522574,0.003263745,0,-0.03,0,0,-0.015752257
1773775656,TRUE,0.8431646,1773775656,314.74844,238.7622,55.606113,115.50906,1.5751779,314.61682,238.87419,6418.0864,0.999990208,-0.004415049,1.575211391,-5.3831787,0,1.04774543,-1.575211391,0.003229908,0,-0.03,0,0,-0.015752114
1773775656,TRUE,0.8431646,1773775656,314.74844,238.7622,55.606113,115.50906,1.5751779,314.6563,238.84059,6419.564,0.999990266,-0.004405005,1.575201346,-5.343689,0,1.047975609,-1.575201346,0.003206214,0,-0.03,0,0,-0.015752013
1773775656,TRUE,0.8431646,1773775656,314.74844,238.7622,55.606113,115.50906,1.5751779,314.68396,238.81708,6420.598,0.999990306,-0.004397973,1.575194314,-5.31604,0,1.048136695,-1.575194314,0.003189624,0,-0.03,0,0,-0.015751943
1773775656,TRUE,0.8431646,1773775656,314.74844,238.7622,55.606113,115.50906,1.5751779,314.7033,238.80061,6421.322,0.999990335,-0.004393051,1.575189392,-5.296692,0,1.048249448,-1.575189392,0.003178015,0,-0.03,0,0,-0.015751894
1773775656,TRUE,0.8615183,1773775656,314.91943,239.27197,56.170433,116.32907,1.5754594,314.76813,238.94202,6455.2017,0.999989973,-0.004474041,1.575270383,-5.2318726,0,1.05351168,-1.575270383,0.003139124,0,-0.03,0,0,-0.015752704
1773775656,TRUE,0.8615183,1773775656,314.91943,239.27197,56.170433,116.32907,1.5754594,314.81354,239.04102,6478.9175,0.999989719,-0.004530734,1.575327076,-5.1864624,0,1.057178868,-1.575327076,0.003111878,0,-0.03,0,0,-0.015753271
1773775656,TRUE,0.8615183,1773775656,314.91943,239.27197,56.170433,116.32907,1.5754594,314.8453,239.11029,6495.5186,0.999989542,-0.004570419,1.575366762,-5.1546936,0,1.059737922,-1.575366762,0.003092816,0,-0.03,0,0,-0.015753668
1773775656,TRUE,0.8615183,1773775656,314.91943,239.27197,56.170433,116.32907,1.5754594,314.86755,239.15878,6507.139,0.999989418,-0.004598199,1.575394542,-5.1324463,0,1.061525363,-1.575394542,0.003079468,0,-0.03,0,0,-0.015753945
1773775656,TRUE,0.8615183,1773775656,314.91943,239.27197,56.170433,116.32907,1.5754594,314.88312,239.19275,6515.274,0.999989331,-0.004617644,1.575413987,-5.1168823,0,1.062774665,-1.575413987,0.00307013,0,-0.03,0,0,-0.01575414
1773775656,TRUE,0.85428476,1773775656,314.57837,239.24718,55.705406,116.22768,1.5753347,314.7917,239.20908,6503.045,0.999989442,-0.004593849,1.575390192,-5.208313,0,1.060895958,-1.575390192,0.003124988,0,-0.03,0,0,-0.015753902
1773775656,TRUE,0.85428476,1773775656,314.57837,239.24718,55.705406,116.22768,1.5753347,314.7277,239.2205,6494.4844,0.99998952,-0.004577192,1.575373535,-5.2723083,0,1.059578694,-1.575373535,0.003163385,0,-0.03,0,0,-0.015753735
1773775656,TRUE,0.85428476,1773775656,314.57837,239.24718,55.705406,116.22768,1.5753347,314.6829,239.2285,6488.492,0.999989575,-0.004565532,1.575361875,-5.317108,0,1.058655634,-1.575361875,0.003190265,0,-0.03,0,0,-0.015753619
1773775656,TRUE,0.85428476,1773775656,314.57837,239.24718,55.705406,116.22768,1.5753347,314.65152,239.2341,6484.2974,0.999989613,-0.00455737,1.575353713,-5.34848,0,1.058008943,-1.575353713,0.003209088,0,-0.03,0,0,-0.015753537
1773775656,TRUE,0.85428476,1773775656,314.57837,239.24718,55.705406,116.22768,1.5753347,314.62958,239.23802,6481.3613,0.999989639,-0.004551657,1.575347999,-5.3704224,0,1.057556027,-1.575347999,0.003222254,0,-0.03,0,0,-0.01575348
1773775656,TRUE,0.8493041,1773775656,314.3513,239.41095,54.782547,114.790726,1.5767151,314.54608,239.2899,6423.511,0.999987493,-0.004961785,1.575758133,-5.4539185,0,1.048590304,-1.575758133,0.003272351,0,-0.03,0,0,-0.015757581
1773775656,TRUE,0.8493041,1773775656,314.3513,239.41095,54.782547,114.790726,1.5767151,314.48764,239.32622,6383.0166,0.99998599,-0.005248875,1.576045227,-5.5123596,0,1.042266216,-1.576045227,0.003307416,0,-0.03,0,0,-0.015760452
1773775656,TRUE,0.8493041,1773775656,314.3513,239.41095,54.782547,114.790726,1.5767151,314.44672,239.35164,6354.67,0.999984938,-0.005449837,1.576246192,-5.5532837,0,1.037815419,-1.576246192,0.00333197,0,-0.03,0,0,-0.015762462
1773775656,TRUE,0.8493041,1773775656,314.3513,239.41095,54.782547,114.790726,1.5767151,314.4181,239.36943,6334.8276,0.999984202,-0.005590511,1.576386868,-5.581909,0,1.034688084,-1.576386868,0.003349146,0,-0.03,0,0,-0.015763869
1773775656,TRUE,0.8493041,1773775656,314.3513,239.41095,54.782547,114.790726,1.5767151,314.39807,239.38188,6320.938,0.999983687,-0.005688983,1.576485341,-5.6019287,0,1.032493065,-1.576485341,0.003361157,0,-0.03,0,0,-0.015764853
1773775656,TRUE,0.7793643,1773775656,314.2435,239.44757,54.06411,114.20859,1.5742623,314.35168,239.4016,6277.032,0.999986779,-0.005022066,1.575818417,-5.6483154,0,1.025522738,-1.575818417,0.00338899,0,-0.03,0,0,-0.015758184
1773775656,TRUE,0.7793643,1773775656,314.2435,239.44757,54.06411,114.20859,1.5742623,314.3192,239.41539,6246.298,0.999988943,-0.004555225,1.57535157,-5.680786,0,1.020614352,-1.57535157,0.003408472,0,-0.03,0,0,-0.015753516
1773775656,TRUE,0.7793643,1773775656,314.2435,239.44757,54.06411,114.20859,1.5742623,314.2965,239.42505,6224.784,0.999990458,-0.004228436,1.575024778,-5.703491,0,1.017164229,-1.575024778,0.003422095,0,-0.03,0,0,-0.015750248
1773775656,TRUE,0.7793643,1773775656,314.2435,239.44757,54.06411,114.20859,1.5742623,314.2806,239.43181,6209.7246,0.999991519,-0.003999683,1.574796023,-5.719391,0,1.014741972,-1.574796023,0.003431635,0,-0.03,0,0,-0.01574796
1773775656,TRUE,0.7793643,1773775656,314.2435,239.44757,54.06411,114.20859,1.5742623,314.26947,239.43654,6199.1826,0.999992261,-0.003839557,1.574635894,-5.73053,0,1.013042867,-1.574635894,0.003438318,0,-0.03,0,0,-0.015746359
1773775656,TRUE,0.7793643,1773775656,314.2435,239.44757,54.06411,114.20859,1.5742623,314.2617,239.43985,6191.8037,0.999992781,-0.003727468,1.574523804,-5.738312,0,1.01185187,-1.574523804,0.003442987,0,-0.03,0,0,-0.015745238
1773775656,TRUE,0.81126124,1773775656,313.63187,239.83064,53.573586,113.87248,1.574234,314.07275,239.5571,6164.4297,0.999993174,-0.00364053,1.574436866,-5.927246,0,1.007421077,-1.574436866,0.003556348,0,-0.03,0,0,-0.015744369
1773775656,TRUE,0.81126124,1773775656,313.63187,239.83064,53.573586,113.87248,1.574234,313.9405,239.63916,6145.2676,0.999993449,-0.003579674,1.574376009,-6.0595093,0,1.004307729,-1.574376009,0.003635706,0,-0.03,0,0,-0.01574376
1773775656,TRUE,0.81126124,1773775656,313.63187,239.83064,53.573586,113.87248,1.574234,313.8479,239.6966,6131.8545,0.999993642,-0.003537074,1.574333409,-6.1520996,0,1.002122648,-1.574333409,0.00369126,0,-0.03,0,0,-0.015743334
1773775656,TRUE,0.81126124,1773775656,313.63187,239.83064,53.573586,113.87248,1.574234,313.78308,239.73682,6122.465,0.999993777,-0.003507254,1.574303589,-6.216919,0,1.000590167,-1.574303589,0.003730152,0,-0.03,0,0,-0.015743036
1773775656,TRUE,0.81126124,1773775656,313.63187,239.83064,53.573586,113.87248,1.574234,313.7377,239.76495,6115.8926,0.999993871,-0.003486381,1.574282715,-6.2622986,0,0.999516136,-1.574282715,0.003757379,0,-0.03,0,0,-0.015742827
1773775656,TRUE,0.74897027,1773775656,313.29474,239.89941,53.774914,113.15091,1.5748978,313.60483,239.8053,6106.529,0.999993186,-0.003670895,1.57446723,-6.395172,0,0.997983958,-1.57446723,0.003837104,0,-0.03,0,0,-0.015744672
1773775656,TRUE,0.74897027,1773775656,313.29474,239.89941,53.774914,113.15091,1.5748978,313.5118,239.83353,6099.9746,0.999992707,-0.003800055,1.574596391,-6.4881897,0,0.996910026,-1.574596391,0.003892914,0,-0.03,0,0,-0.015745964
1773775656,TRUE,0.74897027,1773775656,313.29474,239.89941,53.774914,113.15091,1.5748978,313.4467,239.8533,6095.386,0.999992372,-0.003890467,1.574686803,-6.553314,0,0.996157596,-1.574686803,0.003931989,0,-0.03,0,0,-0.015746868
1773775656,TRUE,0.74897027,1773775656,313.29474,239.89941,53.774914,113.15091,1.5748978,313.4011,239.86713,6092.175,0.999992137,-0.003953755,1.574750092,-6.5989075,0,0.995630584,-1.574750092,0.003959345,0,-0.03,0,0,-0.015747501
1773775656,TRUE,0.74897027,1773775656,313.29474,239.89941,53.774914,113.15091,1.5748978,313.3692,239.8768,6089.927,0.999991973,-0.003998057,1.574794394,-6.6307983,0,0.995261493,-1.574794394,0.003978479,0,-0.03,0,0,-0.015747944
1773775656,TRUE,0.78316545,1773775656,312.98914,239.26248,53.56076,113.19784,1.5753556,313.2552,239.6925,6081.8374,0.999991263,-0.004166432,1.574962771,-6.744812,0,0.993932288,-1.574962771,0.004046888,0,-0.03,0,0,-0.015749628
1773775656,TRUE,0.78316545,1773775656,312.98914,239.26248,53.56076,113.19784,1.5753556,313.17535,239.56349,6076.175,0.999990766,-0.004284294,1.575080634,-6.824646,0,0.993000802,-1.575080634,0.004094788,0,-0.03,0,0,-0.015750806
1773775656,TRUE,0.78316545,1773775656,312.98914,239.26248,53.56076,113.19784,1.5753556,313.1195,239.47319,6072.211,0.999990418,-0.004366798,1.575163139,-6.880493,0,0.992348218,-1.575163139,0.004128296,0,-0.03,0,0,-0.015751631
1773775656,TRUE,0.78316545,1773775656,312.98914,239.26248,53.56076,113.19784,1.5753556,313.08038,239.40997,6069.436,0.999990174,-0.00442455,1.575220892,-6.9196167,0,0.991891085,-1.575220892,0.00415177,0,-0.03,0,0,-0.015752209
1773775656,TRUE,0.78316545,1773775656,312.98914,239.26248,53.56076,113.19784,1.5753556,313.053,239.36572,6067.4937,0.999990004,-0.004464977,1.575261319,-6.946991,0,0.991571029,-1.575261319,0.004168195,0,-0.03,0,0,-0.015752613
1773775656,TRUE,0.7958227,1773775656,313.23193,239.63126,53.887917,114.10752,1.5746895,313.1067,239.44537,6091.9507,0.999990729,-0.004293435,1.575089776,-6.8933105,0,0.99559376,-1.575089776,0.004135986,0,-0.03,0,0,-0.015750898
1773775656,TRUE,0.7958227,1773775656,313.23193,239.63126,53.887917,114.10752,1.5746895,313.14426,239.50113,6109.0703,0.999991237,-0.004173356,1.574969695,-6.8557434,0,0.998400013,-1.574969695,0.004113447,0,-0.03,0,0,-0.015749697
1773775656,TRUE,0.7958227,1773775656,313.23193,239.63126,53.887917,114.10752,1.5746895,313.17056,239.54016,6121.054,0.999991592,-0.0040893,1.574885639,-6.8294373,0,1.000359776,-1.574885639,0.004097662,0,-0.03,0,0,-0.015748856
1773775656,TRUE,0.7958227,1773775656,313.23193,239.63126,53.887917,114.10752,1.5746895,313.18896,239.5675,6129.443,0.999991841,-0.004030462,1.574826799,-6.811035,0,1.001729329,-1.574826799,0.004086621,0,-0.03,0,0,-0.015748268
1773775656,TRUE,0.7958227,1773775656,313.23193,239.63126,53.887917,114.10752,1.5746895,313.20184,239.58664,6135.315,0.999992015,-0.003989274,1.574785612,-6.7981567,0,1.002686839,-1.574785612,0.004078894,0,-0.03,0,0,-0.015747856
1773775656,TRUE,0.7958227,1773775656,313.23193,239.63126,53.887917,114.10752,1.5746895,313.21088,239.60004,6139.4253,0.999992137,-0.003960443,1.574756781,-6.7891235,0,1.003356578,-1.574756781,0.004073474,0,-0.03,0,0,-0.015747568
1773775656,TRUE,0.8147541,1773775656,313.58224,240.08374,53.692024,114.75888,1.5749594,313.32227,239.74515,6146.089,0.999991896,-0.004021228,1.574817566,-6.6777344,0,1.004441339,-1.574817566,0.004006641,0,-0.03,0,0,-0.015748176
1773775656,TRUE,0.8147541,1773775656,313.58224,240.08374,53.692024,114.75888,1.5749594,313.40027,239.84671,6150.7534,0.999991728,-0.004063777,1.574860115,-6.5997314,0,1.005200042,-1.574860115,0.003959839,0,-0.03,0,0,-0.015748601
1773775656,TRUE,0.8147541,1773775656,313.58224,240.08374,53.692024,114.75888,1.5749594,313.45486,239.91782,6154.0186,0.99999161,-0.004093561,1.5748899,-6.5451355,0,1.005730757,-1.5748899,0.003927081,0,-0.03,0,0,-0.015748899
1773775656,TRUE,0.8147541,1773775656,313.58224,240.08374,53.692024,114.75888,1.5749594,313.49307,239.96759,6156.304,0.999991527,-0.004114411,1.574910749,-6.5069275,0,1.006102107,-1.574910749,0.003904157,0,-0.03,0,0,-0.015749107
1773775656,TRUE,0.8147541,1773775656,313.58224,240.08374,53.692024,114.75888,1.5749594,313.51984,240.00244,6157.9043,0.999991469,-0.004129005,1.574925344,-6.4801636,0,1.006361944,-1.574925344,0.003888098,0,-0.03,0,0,-0.015749253
1773775656,TRUE,0.7750167,1773775656,313.77664,239.78983,54.00772,113.81004,1.5742853,313.59686,239.93866,6154.519,0.999992203,-0.003936984,1.574733321,-6.403137,0,1.005812031,-1.574733321,0.003841883,0,-0.03,0,0,-0.015747333
1773775656,TRUE,0.7750167,1773775656,313.77664,239.78983,54.00772,113.81004,1.5742853,313.65082,239.89401,6152.1494,0.999992716,-0.003802569,1.574598905,-6.349182,0,1.005426965,-1.574598905,0.00380951,0,-0.03,0,0,-0.015745989
1773775656,TRUE,0.7750167,1773775656,313.77664,239.78983,54.00772,113.81004,1.5742853,313.68857,239.86276,6150.4907,0.999993075,-0.003708479,1.574504814,-6.311432,0,1.005157286,-1.574504814,0.003786859,0,-0.03,0,0,-0.015745048
1773775656,TRUE,0.7750167,1773775656,313.77664,239.78983,54.00772,113.81004,1.5742853,313.715,239.84088,6149.3296,0.999993327,-0.003642616,1.574438951,-6.2850037,0,1.004968529,-1.574438951,0.003771002,0,-0.03,0,0,-0.01574439
1773775656,TRUE,0.7750167,1773775656,313.77664,239.78983,54.00772,113.81004,1.5742853,313.7335,239.82556,6148.517,0.999993503,-0.003596511,1.574392846,-6.26651,0,1.004836387,-1.574392846,0.003759906,0,-0.03,0,0,-0.015743928
1773775656,TRUE,0.8023568,1773775656,314.10657,239.61546,54.955994,114.575966,1.5780622,313.8454,239.76253,6192.953,0.999987533,-0.004697294,1.575493645,-6.154602,0,1.012037512,-1.575493645,0.003692761,0,-0.03,0,0,-0.015754936
1773775656,TRUE,0.8023568,1773775656,314.10657,239.61546,54.955994,114.575966,1.5780622,313.92374,239.71841,6224.0576,0.999983354,-0.005467841,1.576264205,-6.0762634,0,1.017047485,-1.576264205,0.003645758,0,-0.03,0,0,-0.015762642
1773775656,TRUE,0.8023568,1773775656,314.10657,239.61546,54.955994,114.575966,1.5780622,313.97858,239.68753,6245.831,0.999980429,-0.006007225,1.576803597,-6.0214233,0,1.020539685,-1.576803597,0.003612854,0,-0.03,0,0,-0.015768036
1773775656,TRUE,0.8023568,1773775656,314.10657,239.61546,54.955994,114.575966,1.5780622,314.01697,239.66591,6261.0723,0.999978382,-0.006384793,1.577181171,-5.983032,0,1.022976929,-1.577181171,0.003589819,0,-0.03,0,0,-0.015771812
1773775656,TRUE,0.8023568,1773775656,314.10657,239.61546,54.955994,114.575966,1.5780622,314.04385,239.65077,6271.741,0.999976948,-0.006649091,1.577445473,-5.9561462,0,1.024679447,-1.577445473,0.003573688,0,-0.03,0,0,-0.015774455
1773775656,TRUE,0.79610044,1773775656,314.13928,239.88196,54.7024,113.873695,1.5774686,314.07248,239.72012,6258.9683,0.999977186,-0.006656041,1.577452421,-5.9275208,0,1.022640777,-1.577452421,0.003556513,0,-0.03,0,0,-0.015774524
1773775656,TRUE,0.79610044,1773775656,314.13928,239.88196,54.7024,113.873695,1.5774686,314.09253,239.76868,6250.0273,0.999977352,-0.006660906,1.577457285,-5.9074707,0,1.021211316,-1.577457285,0.003544483,0,-0.03,0,0,-0.015774573
1773775656,TRUE,0.79610044,1773775656,314.13928,239.88196,54.7024,113.873695,1.5774686,314.10657,239.80267,6243.7686,0.999977469,-0.006664311,1.57746069,-5.8934326,0,1.020209331,-1.57746069,0.00353606,0,-0.03,0,0,-0.015774607
1773775656,TRUE,0.79610044,1773775656,314.13928,239.88196,54.7024,113.873695,1.5774686,314.1164,239.82645,6239.387,0.99997755,-0.006666695,1.577463073,-5.883606,0,1.019507437,-1.577463073,0.003530164,0,-0.03,0,0,-0.015774631
1773775656,TRUE,0.79610044,1773775656,314.13928,239.88196,54.7024,113.873695,1.5774686,314.12326,239.84311,6236.3203,0.999977607,-0.006668364,1.577464741,-5.8767395,0,1.019015741,-1.577464741,0.003526044,0,-0.03,0,0,-0.015774647
1773775656,TRUE,0.80919117,1773775656,314.3437,239.85599,54.415245,114.42848,1.5756739,314.1894,239.84697,6233.4204,0.999980756,-0.006131132,1.5769275,-5.810608,0,1.018550666,-1.5769275,0.003486365,0,-0.03,0,0,-0.015769275
1773775656,TRUE,0.80919117,1773775656,314.3437,239.85599,54.415245,114.42848,1.5756739,314.2357,239.84969,6231.39,0.999982961,-0.00575507,1.576551431,-5.7643127,0,1.018224907,-1.576551431,0.003458588,0,-0.03,0,0,-0.015765514
1773775656,TRUE,0.80919117,1773775656,314.3437,239.85599,54.415245,114.42848,1.5756739,314.2681,239.85158,6229.969,0.999984504,-0.005491826,1.576288183,-5.731903,0,1.017996822,-1.576288183,0.003439142,0,-0.03,0,0,-0.015762882
1773775656,TRUE,0.80919117,1773775656,314.3437,239.85599,54.415245,114.42848,1.5756739,314.29077,239.8529,6228.9746,0.999985584,-0.005307556,1.57610391,-5.7092285,0,1.017837182,-1.57610391,0.003425537,0,-0.03,0,0,-0.015761039
1773775657,TRUE,0.80919117,1773775656,314.3437,239.85599,54.415245,114.42848,1.5756739,314.30664,239.85384,6228.2783,0.99998634,-0.005178567,1.575974918,-5.6933594,0,1.017725342,-1.575974918,0.003416016,0,-0.03,0,0,-0.015759749
1773775657,TRUE,0.80919117,1773775656,314.3437,239.85599,54.415245,114.42848,1.5756739,314.31775,239.85449,6227.791,0.999986869,-0.005088274,1.575884624,-5.682251,0,1.017647098,-1.575884624,0.003409351,0,-0.03,0,0,-0.015758846
1773775657,TRUE,0.76231265,1773775657,312.59137,240.01328,52.251785,113.17595,1.5695931,313.79984,239.90213,6133.5474,0.999990591,-0.003200816,1.573997162,-6.200165,0,1.002398746,-1.573997162,0.003720099,0,-0.03,0,0,-0.015739972
1773775657,TRUE,0.76231265,1773775657,312.59137,240.01328,52.251785,113.17595,1.5695931,313.4373,239.93547,6067.5767,0.999993197,-0.001879595,1.572675932,-6.5627136,0,0.991584739,-1.572675932,0.003937629,0,-0.03,0,0,-0.015726759
1773775657,TRUE,0.76231265,1773775657,312.59137,240.01328,52.251785,113.17595,1.5695931,313.1835,239.95882,6021.3975,0.999995021,-0.00095474,1.571751071,-6.816498,0,0.983944817,-1.571751071,0.004089899,0,-0.03,0,0,-0.015717511
1773775657,TRUE,0.76231265,1773775657,312.59137,240.01328,52.251785,113.17595,1.5695931,313.00586,239.97516,5989.072,0.999996297,-0.000307341,1.571103669,-6.9941406,0,0.978561857,-1.571103669,0.004196485,0,-0.03,0,0,-0.015711037
1773775657,TRUE,0.76231265,1773775657,312.59137,240.01328,52.251785,113.17595,1.5695931,312.8815,239.98659,5966.444,0.999997191,0.000145837,1.570650489,-7.1184998,0,0.974776478,-1.570650489,0.0042711,0,-0.03,0,0,-0.015706505
1773775657,TRUE,0.8418362,1773775657,313.98306,239.97874,53.930237,114.096924,1.5771929,313.21198,239.98425,6022.493,0.999991896,-0.001816874,1.572613213,-6.788025,0,0.984126802,-1.572613213,0.004072815,0,-0.03,0,0,-0.015726132
1773775657,TRUE,0.8418362,1773775657,313.98306,239.97874,53.930237,114.096924,1.5771929,313.4433,239.9826,6061.7275,0.99998819,-0.003190771,1.573987125,-6.5567017,0,0.990620252,-1.573987125,0.003934021,0,-0.03,0,0,-0.015739871
1773775657,TRUE,0.8418362,1773775657,313.98306,239.97874,53.930237,114.096924,1.5771929,313.60522,239.98145,6089.1914,0.999985596,-0.004152499,1.574948862,-6.3947754,0,0.995140753,-1.574948862,0.003836865,0,-0.03,0,0,-0.015749489
1773775657,TRUE,0.8418362,1773775657,313.98306,239.97874,53.930237,114.096924,1.5771929,313.71857,239.98065,6108.4165,0.999983779,-0.004825709,1.575622077,-6.281433,0,0.998293006,-1.575622077,0.00376886,0,-0.03,0,0,-0.015756221
1773775657,TRUE,0.8418362,1773775657,313.98306,239.97874,53.930237,114.096924,1.5771929,313.7979,239.98007,6121.874,0.999982508,-0.005296956,1.576093326,-6.2020874,0,1.000493739,-1.576093326,0.003721253,0,-0.03,0,0,-0.015760933
1773775657,TRUE,0.7554517,1773775657,314.4604,240.72409,54.597427,112.585335,1.5787784,313.99664,240.20328,6129.3726,0.999978199,-0.006102462,1.576898846,-6.003357,0,1.001717859,-1.576898846,0.003602014,0,-0.03,0,0,-0.015768988
1773775657,TRUE,0.7554517,1773775657,314.4604,240.72409,54.597427,112.585335,1.5787784,314.13577,240.35953,6134.6216,0.999975182,-0.006666316,1.577462709,-5.8642273,0,1.002573817,-1.577462709,0.003518537,0,-0.03,0,0,-0.015774627
1773775657,TRUE,0.7554517,1773775657,314.4604,240.72409,54.597427,112.585335,1.5787784,314.23315,240.4689,6138.296,0.999973071,-0.007061013,1.577857413,-5.7668457,0,1.003172639,-1.577857413,0.003460108,0,-0.03,0,0,-0.015778574
1773775657,TRUE,0.7554517,1773775657,314.4604,240.72409,54.597427,112.585335,1.5787784,314.30133,240.54547,6140.868,0.999971592,-0.007337302,1.578133705,-5.6986694,0,1.003591523,-1.578133705,0.003419202,0,-0.03,0,0,-0.015781337
1773775657,TRUE,0.7554517,1773775657,314.4604,240.72409,54.597427,112.585335,1.5787784,314.34906,240.59906,6142.6685,0.999970558,-0.007530704,1.57832711,-5.65094,0,1.00388469,-1.57832711,0.003390564,0,-0.03,0,0,-0.015783271
1773775657,TRUE,0.7282947,1773775657,312.57468,240.81642,52.34186,112.59515,1.5713829,313.81674,240.66428,6067.9,0.999979339,-0.005447458,1.576243844,-6.183258,0,0.991637985,-1.576243844,0.003709955,0,-0.03,0,0,-0.015762438
1773775657,TRUE,0.7282947,1773775657,312.57468,240.81642,52.34186,112.59515,1.5713829,313.44412,240.70993,6015.562,0.999985486,-0.003989187,1.57478555,-6.5558777,0,0.982975249,-1.57478555,0.003933527,0,-0.03,0,0,-0.015747856
1773775657,TRUE,0.7282947,1773775657,312.57468,240.81642,52.34186,112.59515,1.5713829,313.1833,240.74188,5978.926,0.999989788,-0.002968397,1.573764745,-6.8167114,0,0.976866345,-1.573764745,0.004090027,0,-0.03,0,0,-0.015737647
1773775657,TRUE,0.7282947,1773775657,312.57468,240.81642,52.34186,112.59515,1.5713829,313.0007,240.76425,5953.2803,0.9999928,-0.002253844,1.573050183,-6.999298,0,0.972567843,-1.573050183,0.004199579,0,-0.03,0,0,-0.015730502
1773775657,TRUE,0.7282947,1773775657,312.57468,240.81642,52.34186,112.59515,1.5713829,312.8729,240.7799,5935.328,0.999994909,-0.001753657,1.572549991,-7.1271057,0,0.969547725,-1.572549991,0.004276264,0,-0.03,0,0,-0.0157255
1773775657,TRUE,0.7282947,1773775657,312.57468,240.81642,52.34186,112.59515,1.5713829,312.78342,240.79086,5922.7617,0.999996384,-0.001403526,1.572199857,-7.2165833,0,0.967428265,-1.572199857,0.00432995,0,-0.03,0,0,-0.015721999
1773775657,TRUE,0.7544768,1773775657,314.60587,240.77098,55.82215,112.35143,1.5786303,313.33014,240.78491,6027.443,0.999988263,-0.003332644,1.574128998,-6.669861,0,0.984948261,-1.574128998,0.004001917,0,-0.03,0,0,-0.01574129
1773775657,TRUE,0.7544768,1773775657,314.60587,240.77098,55.82215,112.35143,1.5786303,313.71286,240.78073,6100.7197,0.999982579,-0.004683027,1.575479402,-6.28714,0,0.997032224,-1.575479402,0.003772284,0,-0.03,0,0,-0.015754794
1773775657,TRUE,0.7544768,1773775657,314.60587,240.77098,55.82215,112.35143,1.5786303,313.98077,240.7778,6152.0137,0.999978599,-0.005628296,1.576424683,-6.019226,0,1.005404894,-1.576424683,0.003611536,0,-0.03,0,0,-0.015764247
1773775657,TRUE,0.7544768,1773775657,314.60587,240.77098,55.82215,112.35143,1.5786303,314.1683,240.77576,6187.9194,0.999975814,-0.006289983,1.577086379,-5.8316956,0,1.011224313,-1.577086379,0.003499018,0,-0.03,0,0,-0.015770864
1773775657,TRUE,0.7544768,1773775657,314.60587,240.77098,55.82215,112.35143,1.5786303,314.29956,240.77432,6213.053,0.999973864,-0.006753165,1.577549565,-5.7004395,0,1.015277841,-1.577549565,0.003420264,0,-0.03,0,0,-0.015775496
1773775657,TRUE,0.8156467,1773775657,314.56406,240.85146,54.370514,113.46984,1.5760252,314.3789,240.79745,6199.9614,0.999977604,-0.006295884,1.577092269,-5.6210938,0,1.013168477,-1.577092269,0.003372656,0,-0.03,0,0,-0.015770923
1773775657,TRUE,0.8156467,1773775657,314.56406,240.85146,54.370514,113.46984,1.5760252,314.43445,240.81366,6190.7974,0.999980221,-0.005975788,1.576772162,-5.5655518,0,1.011689339,-1.576772162,0.003339331,0,-0.03,0,0,-0.015767722
1773775657,TRUE,0.8156467,1773775657,314.56406,240.85146,54.370514,113.46984,1.5760252,314.47333,240.82501,6184.3823,0.999982054,-0.005751721,1.576548087,-5.5266724,0,1.010652597,-1.576548087,0.003316004,0,-0.03,0,0,-0.015765481
1773775657,TRUE,0.8156467,1773775657,314.56406,240.85146,54.370514,113.46984,1.5760252,314.50055,240.83295,6179.8916,0.999983336,-0.005594874,1.576391235,-5.4994507,0,1.009926158,-1.576391235,0.003299671,0,-0.03,0,0,-0.015763912
1773775657,TRUE,0.8156467,1773775657,314.56406,240.85146,54.370514,113.46984,1.5760252,314.5196,240.8385,6176.748,0.999984234,-0.005485081,1.576281439,-5.4804077,0,1.00941739,-1.576281439,0.003288245,0,-0.03,0,0,-0.015762814
1773775657,TRUE,0.8156467,1773775657,314.56406,240.85146,54.370514,113.46984,1.5760252,314.53293,240.84238,6174.548,0.999984863,-0.005408226,1.576204581,-5.4670715,0,1.009061089,-1.576204581,0.003280243,0,-0.03,0,0,-0.015762046
1773775657,TRUE,0.738714,1773775657,314.4807,241.50287,54.90167,111.717995,1.5780677,314.51727,241.04053,6162.235,0.999981473,-0.005967139,1.576763505,-5.482727,0,1.007064935,-1.576763505,0.003289637,0,-0.03,0,0,-0.015767635
1773775657,TRUE,0.738714,1773775657,314.4807,241.50287,54.90167,111.717995,1.5780677,314.50632,241.17923,6153.6157,0.9999791,-0.006358378,1.577154752,-5.493683,0,1.005665261,-1.577154752,0.00329621,0,-0.03,0,0,-0.015771548
1773775657,TRUE,0.738714,1773775657,314.4807,241.50287,54.90167,111.717995,1.5780677,314.49863,241.27632,6147.582,0.999977439,-0.006632245,1.577428625,-5.5013733,0,1.004684235,-1.577428625,0.003300824,0,-0.03,0,0,-0.015774286
1773775657,TRUE,0.738714,1773775657,314.4807,241.50287,54.90167,111.717995,1.5780677,314.49326,241.34428,6143.3584,0.999976277,-0.006823953,1.577620335,-5.5067444,0,1.00399704,-1.577620335,0.003304047,0,-0.03,0,0,-0.015776203
1773775657,TRUE,0.738714,1773775657,314.4807,241.50287,54.90167,111.717995,1.5780677,314.4895,241.39186,6140.402,0.999975463,-0.006958148,1.577754533,-5.510498,0,1.003515661,-1.577754533,0.003306299,0,-0.03,0,0,-0.015777545
1773775657,TRUE,0.82733506,1773775657,314.3513,240.91183,54.99086,114.1116,1.5761142,314.44806,241.24786,6180.81,0.999978582,-0.006466051,1.577262426,-5.551941,0,1.010074736,-1.577262426,0.003331165,0,-0.03,0,0,-0.015772624
1773775657,TRUE,0.82733506,1773775657,314.3513,240.91183,54.99086,114.1116,1.5761142,314.419,241.14706,6209.0957,0.999980766,-0.006121584,1.576917952,-5.5809937,0,1.014640675,-1.576917952,0.003348596,0,-0.03,0,0,-0.01576918
1773775657,TRUE,0.82733506,1773775657,314.3513,240.91183,54.99086,114.1116,1.5761142,314.39868,241.0765,6228.8955,0.999982294,-0.005880456,1.576676819,-5.6013184,0,1.017824431,-1.576676819,0.003360791,0,-0.03,0,0,-0.015766768
1773775657,TRUE,0.82733506,1773775657,314.3513,240.91183,54.99086,114.1116,1.5761142,314.38446,241.0271,6242.7554,0.999983364,-0.005711667,1.576508027,-5.6155396,0,1.020047121,-1.576508027,0.003369324,0,-0.03,0,0,-0.01576508
1773775657,TRUE,0.82733506,1773775657,314.3513,240.91183,54.99086,114.1116,1.5761142,314.3745,240.99252,6252.4575,0.999984113,-0.005593515,1.576389872,-5.6254883,0,1.021600053,-1.576389872,0.003375293,0,-0.03,0,0,-0.015763899
1773775657,TRUE,0.795865,1773775657,314.13037,241.05327,54.42317,113.781845,1.577177,314.30127,241.01074,6234.4307,0.999982772,-0.005829664,1.576626025,-5.6987305,0,1.018712688,-1.576626025,0.003419238,0,-0.03,0,0,-0.01576626
1773775657,TRUE,0.795865,1773775657,314.13037,241.05327,54.42317,113.781845,1.577177,314.25,241.0235,6221.8125,0.999981833,-0.005994968,1.576791332,-5.75,0,1.016686733,-1.576791332,0.00345,0,-0.03,0,0,-0.015767913
1773775657,TRUE,0.795865,1773775657,314.13037,241.05327,54.42317,113.781845,1.577177,314.2141,241.03244,6212.9795,0.999981176,-0.006110681,1.576907047,-5.7858887,0,1.015266007,-1.576907047,0.003471533,0,-0.03,0,0,-0.01576907
1773775657,TRUE,0.795865,1773775657,314.13037,241.05327,54.42317,113.781845,1.577177,314.189,241.0387,6206.796,0.999980716,-0.00619168,1.576988047,-5.8110046,0,1.014270235,-1.576988047,0.003486603,0,-0.03,0,0,-0.01576988
1773775657,TRUE,0.795865,1773775657,314.13037,241.05327,54.42317,113.781845,1.577177,314.17142,241.04306,6202.468,0.999980394,-0.006248379,1.577044747,-5.828583,0,1.013572639,-1.577044747,0.00349715,0,-0.03,0,0,-0.015770447
1773775657,TRUE,0.78824735,1773775657,313.94525,240.8149,55.20883,113.88097,1.5772876,314.10358,240.97461,6227.898,0.999979956,-0.00632122,1.577117589,-5.8964233,0,1.017664333,-1.577117589,0.003537854,0,-0.03,0,0,-0.015771176
1773775657,TRUE,0.78824735,1773775657,313.94525,240.8149,55.20883,113.88097,1.5772876,314.0561,240.9267,6245.6987,0.999979649,-0.006372209,1.577168579,-5.9439087,0,1.020518461,-1.577168579,0.003566345,0,-0.03,0,0,-0.015771686
1773775657,TRUE,0.78824735,1773775657,313.94525,240.8149,55.20883,113.88097,1.5772876,314.02283,240.89316,6258.1597,0.999979434,-0.006407901,1.577204272,-5.977173,0,1.022511635,-1.577204272,0.003586304,0,-0.03,0,0,-0.015772043
1773775657,TRUE,0.78824735,1773775657,313.94525,240.8149,55.20883,113.88097,1.5772876,313.99957,240.86969,6266.8823,0.999979283,-0.006432885,1.577229257,-6.0004272,0,1.023904471,-1.577229257,0.003600257,0,-0.03,0,0,-0.015772293
1773775657,TRUE,0.78824735,1773775657,313.94525,240.8149,55.20883,113.88097,1.5772876,313.98328,240.85324,6272.988,0.999979178,-0.006450374,1.577246746,-6.0167236,0,1.024878209,-1.577246746,0.003610034,0,-0.03,0,0,-0.015772467
1773775657,TRUE,0.78504294,1773775657,313.80585,240.83784,54.639893,113.682434,1.576415,313.93005,240.84862,6254.5703,0.999980689,-0.006200838,1.576997205,-6.0699463,0,1.021937843,-1.576997205,0.003641968,0,-0.03,0,0,-0.015769972
1773775657,TRUE,0.78504294,1773775657,313.80585,240.83784,54.639893,113.682434,1.576415,313.8928,240.84538,6241.678,0.999981747,-0.006026163,1.576822526,-6.1072083,0,1.019874568,-1.576822526,0.003664325,0,-0.03,0,0,-0.015768225
1773775657,TRUE,0.78504294,1773775657,313.80585,240.83784,54.639893,113.682434,1.576415,313.8667,240.84312,6232.654,0.999982488,-0.00590389,1.576700251,-6.133301,0,1.018427626,-1.576700251,0.003679981,0,-0.03,0,0,-0.015767003
1773775657,TRUE,0.78504294,1773775657,313.80585,240.83784,54.639893,113.682434,1.576415,313.84845,240.84154,6226.3364,0.999983006,-0.005818299,1.576614659,-6.1515503,0,1.017413537,-1.576614659,0.00369093,0,-0.03,0,0,-0.015766147
1773775657,TRUE,0.78504294,1773775657,313.80585,240.83784,54.639893,113.682434,1.576415,313.83566,240.84044,6221.9146,0.999983369,-0.005758385,1.576554744,-6.164337,0,1.016703122,-1.576554744,0.003698603,0,-0.03,0,0,-0.015765547
1773775657,TRUE,0.6757673,1773775657,312.65613,240.28107,53.583626,112.28255,1.5692534,313.4818,240.67262,6160.292,0.999988001,-0.003568005,1.57436436,-6.5181885,0,1.006749613,-1.57436436,0.003910913,0,-0.03,0,0,-0.015743644
1773775657,TRUE,0.6757673,1773775657,312.65613,240.28107,53.583626,112.28255,1.5692534,313.23413,240.55516,6117.156,0.999991244,-0.002034739,1.572831081,-6.765869,0,0.999722682,-1.572831081,0.004059522,0,-0.03,0,0,-0.015728311
1773775657,TRUE,0.6757673,1773775657,312.65613,240.28107,53.583626,112.28255,1.5692534,313.06073,240.47293,6086.9604,0.999993514,-0.000961453,1.571757786,-6.93927,0,0.994774302,-1.571757786,0.004163562,0,-0.03,0,0,-0.015717578
1773775657,TRUE,0.6757673,1773775657,312.65613,240.28107,53.583626,112.28255,1.5692534,312.93933,240.41537,6065.8237,0.999995102,-0.000210153,1.57100648,-7.060669,0,0.991295818,-1.57100648,0.004236402,0,-0.03,0,0,-0.015710065
1773775657,TRUE,0.6757673,1773775657,312.65613,240.28107,53.583626,112.28255,1.5692534,312.85437,240.37508,6051.0283,0.999996215,0.000315758,1.570480568,-7.14563,0,0.988853642,-1.570480568,0.004287378,0,-0.03,0,0,-0.015704806
1773775657,TRUE,0.7389654,1773775657,312.2685,240.50583,53.228157,113.025795,1.5694809,312.67862,240.4143,6040.5664,0.999997091,0.000615659,1.570180666,-7.3213806,0,0.987123265,-1.570180666,0.004392829,0,-0.03,0,0,-0.015701807
1773775657,TRUE,0.7389654,1773775657,312.2685,240.50583,53.228157,113.025795,1.5694809,312.55557,240.44176,6033.243,0.999997704,0.000825591,1.569970734,-7.4444275,0,0.985910136,-1.569970734,0.004466657,0,-0.03,0,0,-0.015699707
1773775657,TRUE,0.7389654,1773775657,312.2685,240.50583,53.228157,113.025795,1.5694809,312.46945,240.46098,6028.1167,0.999998133,0.000972543,1.569823783,-7.530548,0,0.985060088,-1.569823783,0.004518329,0,-0.03,0,0,-0.015698238
1773775657,TRUE,0.7389654,1773775657,312.2685,240.50583,53.228157,113.025795,1.5694809,312.40915,240.47444,6024.5283,0.999998434,0.001075409,1.569720917,-7.590851,0,0.98446466,-1.569720917,0.004554511,0,-0.03,0,0,-0.015697209
1773775657,TRUE,0.7389654,1773775657,312.2685,240.50583,53.228157,113.025795,1.5694809,312.36694,240.48386,6022.0166,0.999998644,0.001147415,1.56964891,-7.6330566,0,0.984047666,-1.56964891,0.004579834,0,-0.03,0,0,-0.015696489
1773775657,TRUE,0.80339533,1773775657,313.88904,241.02843,53.735687,113.01453,1.5775261,312.82358,240.64723,6037.2856,0.999992257,-0.001215724,1.572012059,-7.176422,0,0.986579912,-1.572012059,0.004305854,0,-0.03,0,0,-0.015720121
1773775657,TRUE,0.80339533,1773775657,313.88904,241.02843,53.735687,113.01453,1.5775261,313.14322,240.7616,6047.974,0.999987787,-0.002869921,1.573666275,-6.856781,0,0.988348766,-1.573666275,0.004114069,0,-0.03,0,0,-0.015736663
1773775657,TRUE,0.80339533,1773775657,313.88904,241.02843,53.735687,113.01453,1.5775261,313.36697,240.84164,6055.456,0.999984657,-0.004027859,1.574824226,-6.633026,0,0.989585175,-1.574824226,0.003979816,0,-0.03,0,0,-0.015748242
1773775657,TRUE,0.80339533,1773775657,313.88904,241.02843,53.735687,113.01453,1.5775261,313.5236,240.89767,6060.6934,0.999982467,-0.004838416,1.57563479,-6.47641,0,0.990449629,-1.57563479,0.003885846,0,-0.03,0,0,-0.015756348
1773775657,TRUE,0.80339533,1773775657,313.88904,241.02843,53.735687,113.01453,1.5775261,313.63324,240.9369,6064.3594,0.999980933,-0.005405806,1.576202183,-6.3667603,0,0.991054338,-1.576202183,0.003820056,0,-0.03,0,0,-0.015762022
1773775657,TRUE,0.79013747,1773775657,313.58487,240.99559,54.286217,114.13663,1.5762125,313.6187,240.95453,6103.865,0.999982253,-0.005408916,1.576205286,-6.3812866,0,0.997547683,-1.576205286,0.003828772,0,-0.03,0,0,-0.015762053
1773775657,TRUE,0.79013747,1773775657,313.58487,240.99559,54.286217,114.13663,1.5762125,313.60855,240.96686,6131.5195,0.999983177,-0.005411093,1.576207458,-6.391449,0,1.002068032,-1.576207458,0.00383487,0,-0.03,0,0,-0.015762075
1773775657,TRUE,0.79013747,1773775657,313.58487,240.99559,54.286217,114.13663,1.5762125,313.60144,240.9755,6150.8774,0.999983824,-0.005412616,1.576208978,-6.3985596,0,1.005220197,-1.576208978,0.003839136,0,-0.03,0,0,-0.01576209
1773775657,TRUE,0.79013747,1773775657,313.58487,240.99559,54.286217,114.13663,1.5762125,313.59647,240.98154,6164.428,0.999984276,-0.005413683,1.576210042,-6.403534,0,1.007420816,-1.576210042,0.003842121,0,-0.03,0,0,-0.0157621
1773775657,TRUE,0.79013747,1773775657,313.58487,240.99559,54.286217,114.13663,1.5762125,313.593,240.98575,6173.9136,0.999984593,-0.00541443,1.576210787,-6.407013,0,1.008958346,-1.576210787,0.003844208,0,-0.03,0,0,-0.015762108
1773775657,TRUE,0.79013747,1773775657,313.58487,240.99559,54.286217,114.13663,1.5762125,313.59055,240.98871,6180.553,0.999984815,-0.005414952,1.576211309,-6.4094543,0,1.01003323,-1.576211309,0.003845673,0,-0.03,0,0,-0.015762113
1773775657,TRUE,0.5213819,1773775657,309.89673,241.42719,53.761703,118.22011,1.5685862,312.48242,241.12025,6233.1016,0.999988638,-0.003127438,1.57392379,-7.517578,0,1.018499523,-1.57392379,0.004510547,0,-0.03,0,0,-0.015739238
1773775657,TRUE,0.5213819,1773775657,309.89673,241.42719,53.761703,118.22011,1.5685862,311.70673,241.21234,6269.8853,0.999991314,-0.001526178,1.572322517,-8.293274,0,1.024383498,-1.572322517,0.004975965,0,-0.03,0,0,-0.015723225
1773775657,TRUE,0.5213819,1773775657,309.89673,241.42719,53.761703,118.22011,1.5685862,311.16373,241.2768,6295.634,0.999993187,-0.000405296,1.571201626,-8.836273,0,1.028481752,-1.571201626,0.005301764,0,-0.03,0,0,-0.015712016
1773775657,TRUE,0.5213819,1773775657,309.89673,241.42719,53.761703,118.22011,1.5685862,310.78363,241.32191,6313.6577,0.999994498,0.000379321,1.570417004,-9.21637,0,1.031340577,-1.570417004,0.005529822,0,-0.03,0,0,-0.01570417
1773775657,TRUE,0.5213819,1773775657,309.89673,241.42719,53.761703,118.22011,1.5685862,310.51758,241.3535,6326.275,0.999995416,0.000928553,1.56986777,-9.482422,0,1.033337005,-1.56986777,0.005689453,0,-0.03,0,0,-0.015698678
1773775657,TRUE,0.42688635,1773775657,309.70438,241.3039,54.575577,119.19175,1.5647749,310.27362,241.33862,6379.8804,0.999991353,0.002456413,1.568339898,-9.726379,0,1.041774819,-1.568339898,0.005835828,0,-0.03,0,0,-0.015683399
1773775657,TRUE,0.42688635,1773775657,309.70438,241.3039,54.575577,119.19175,1.5647749,310.10284,241.3282,6417.404,0.999988508,0.003525915,1.567270386,-9.897156,0,1.04763906,-1.567270386,0.005938294,0,-0.03,0,0,-0.015672704
1773775657,TRUE,0.42688635,1773775657,309.70438,241.3039,54.575577,119.19175,1.5647749,309.9833,241.3209,6443.6704,0.999986517,0.004274566,1.566521729,-10.016693,0,1.051723754,-1.566521729,0.006010016,0,-0.03,0,0,-0.015665217
1773775657,TRUE,0.42688635,1773775657,309.70438,241.3039,54.575577,119.19175,1.5647749,309.89963,241.31581,6462.057,0.999985123,0.004798622,1.56599767,-10.100372,0,1.054573136,-1.56599767,0.006060224,0,-0.03,0,0,-0.015659977
1773775657,TRUE,0.42688635,1773775657,309.70438,241.3039,54.575577,119.19175,1.5647749,309.84106,241.31224,6474.9277,0.999984148,0.005165461,1.565630829,-10.158936,0,1.056562884,-1.565630829,0.006095361,0,-0.03,0,0,-0.015656308
1773775657,TRUE,0.43383923,1773775657,308.80975,241.53331,55.50001,118.60013,1.5653158,309.53168,241.37857,6507.1416,0.999984398,0.00525996,1.565536333,-10.468323,0,1.061525692,-1.565536333,0.006280994,0,-0.03,0,0,-0.015655363
1773775657,TRUE,0.43383923,1773775657,308.80975,241.53331,55.50001,118.60013,1.5653158,309.3151,241.42499,6529.6914,0.999984573,0.005326109,1.565470186,-10.684906,0,1.06498516,-1.565470186,0.006410944,0,-0.03,0,0,-0.015654702
1773775657,TRUE,0.43383923,1773775657,308.80975,241.53331,55.50001,118.60013,1.5653158,309.1635,241.45749,6545.4766,0.999984696,0.005372413,1.565423883,-10.836487,0,1.067399637,-1.565423883,0.006501893,0,-0.03,0,0,-0.015654239
1773775657,TRUE,0.43383923,1773775657,308.80975,241.53331,55.50001,118.60013,1.5653158,309.05737,241.48022,6556.5264,0.999984782,0.005404826,1.565391471,-10.942627,0,1.069086358,-1.565391471,0.006565576,0,-0.03,0,0,-0.015653915
1773775657,TRUE,0.43383923,1773775657,308.80975,241.53331,55.50001,118.60013,1.5653158,308.9831,241.49615,6564.2607,0.999984842,0.005427515,1.565368782,-11.016907,0,1.070265348,-1.565368782,0.006610144,0,-0.03,0,0,-0.015653688
1773775657,TRUE,0.43383923,1773775657,308.80975,241.53331,55.50001,118.60013,1.5653158,308.9311,241.5073,6569.675,0.999984884,0.005443398,1.5653529,-11.068909,0,1.071089782,-1.5653529,0.006641346,0,-0.03,0,0,-0.015653529
1773775657,TRUE,0.732126,1773775657,308.5871,242.22432,53.906227,119.12825,1.559849,308.82788,241.7224,6525.299,0.999971442,0.007094504,1.563701739,-11.172119,0,1.064312203,-1.563701739,0.006703272,0,-0.03,0,0,-0.015637017
1773775657,TRUE,0.732126,1773775657,308.5871,242.22432,53.906227,119.12825,1.559849,308.75565,241.87297,6494.2354,0.999962033,0.008250278,1.562545923,-11.244354,0,1.05954035,-1.562545923,0.006746613,0,-0.03,0,0,-0.015625459
1773775657,TRUE,0.732126,1773775657,308.5871,242.22432,53.906227,119.12825,1.559849,308.70508,241.97838,6472.491,0.999955447,0.00905932,1.561736851,-11.294922,0,1.056186511,-1.561736851,0.006776954,0,-0.03,0,0,-0.015617369
1773775657,TRUE,0.732126,1773775657,308.5871,242.22432,53.906227,119.12825,1.559849,308.66968,242.05215,6457.27,0.999950837,0.009625649,1.561170502,-11.330322,2.0521545,1.053832047,-1.561170502,0.006798194,-0.001231293,-0.03,0,0,-0.015611705
1773775658,TRUE,0.732126,1773775657,308.5871,242.22432,53.906227,119.12825,1.559849,308.6449,242.1038,6446.615,0.999947609,0.01002208,1.560774058,-11.355103,2.1038055,1.052180651,-1.560774058,0.006813062,-0.001262283,-0.03,0,0,-0.015607741
1773775658,TRUE,0.64525896,1773775658,307.91617,242.68704,54.626465,120.80884,1.5627825,308.42627,242.27878,6492.4385,0.999953693,0.00941957,1.561376599,-11.57373,2.278778,1.059263635,-1.561376599,0.006944239,-0.001367267,-0.03,0,0,-0.015613766
1773775658,TRUE,0.64525896,1773775658,307.91617,242.68704,54.626465,120.80884,1.5627825,308.27325,242.40125,6524.515,0.999957952,0.008997814,1.561798378,-11.726746,2.401245,1.064192116,-1.561798378,0.007036048,-0.001440747,-0.03,0,0,-0.015617984
1773775658,TRUE,0.64525896,1773775658,307.91617,242.68704,54.626465,120.80884,1.5627825,308.16614,242.48697,6546.9688,0.999960933,0.008702584,1.562093622,-11.833862,2.486969,1.067627632,-1.562093622,0.007100318,-0.001492181,-0.03,0,0,-0.015620936
1773775658,TRUE,0.64525896,1773775658,307.91617,242.68704,54.626465,120.80884,1.5627825,308.09116,242.547,6562.686,0.99996302,0.008495923,1.562300294,-11.908844,2.546997,1.070025441,-1.562300294,0.007145307,-0.001528198,-0.03,0,0,-0.015623003
1773775658,TRUE,0.64525896,1773775658,307.91617,242.68704,54.626465,120.80884,1.5627825,308.03867,242.58902,6573.6885,0.999964481,0.008351261,1.562444963,-11.961334,2.5890198,1.071700559,-1.562444963,0.007176801,-0.001553412,-0.03,0,0,-0.01562445
1773775658,TRUE,0.7451869,1773775658,307.66214,243.24327,54.381233,120.31976,1.5625136,307.92572,242.78531,6564.5234,0.999964846,0.008330675,1.562465551,-12.07428,2.7853088,1.070305327,-1.562465551,0.007244568,-0.001671185,-0.03,0,0,-0.015624656
1773775658,TRUE,0.7451869,1773775658,307.66214,243.24327,54.381233,120.31976,1.5625136,307.84665,242.9227,6558.108,0.999965102,0.008316265,1.562479963,-12.153351,2.922699,1.069327554,-1.562479963,0.007292011,-0.00175362,-0.03,0,0,-0.0156248
1773775658,TRUE,0.7451869,1773775658,307.66214,243.24327,54.381233,120.31976,1.5625136,307.7913,243.01886,6553.6167,0.999965281,0.008306178,1.562490051,-12.20871,3.0188599,1.068642527,-1.562490051,0.007325226,-0.001811316,-0.03,0,0,-0.015624901
1773775658,TRUE,0.7451869,1773775658,307.66214,243.24327,54.381233,120.31976,1.5625136,307.75256,243.08618,6550.473,0.999965406,0.008299118,1.562497113,-12.247437,3.0861816,1.068162697,-1.562497113,0.007348463,-0.001851709,-0.03,0,0,-0.015624971
1773775658,TRUE,0.7451869,1773775658,307.66214,243.24327,54.381233,120.31976,1.5625136,307.72543,243.1333,6548.2725,0.999965494,0.008294175,1.562502056,-12.274567,3.1333008,1.067826727,-1.562502056,0.00736474,-0.001879981,-0.03,0,0,-0.015625021
1773775658,TRUE,0.8130129,1773775658,308.422,242.87352,52.012657,112.20253,1.5671419,307.93442,243.05537,6334.576,0.999973842,0.006902251,1.563894005,-12.065582,3.0553741,1.03464835,-1.563894005,0.00723935,-0.001833225,-0.03,0,0,-0.01563894
1773775658,TRUE,0.8130129,1773775658,308.422,242.87352,52.012657,112.20253,1.5671419,308.0807,243.00082,6184.989,0.999979686,0.005927904,1.564868372,-11.919312,3.000824,1.010750653,-1.564868372,0.007151587,-0.001800495,-0.03,0,0,-0.015648684
1773775658,TRUE,0.8130129,1773775658,308.422,242.87352,52.012657,112.20253,1.5671419,308.18307,242.96263,6080.278,0.999983777,0.005245861,1.565550429,-11.816925,2.9626312,0.993675821,-1.565550429,0.007090156,-0.001777579,-0.03,0,0,-0.015655504
1773775658,TRUE,0.8130129,1773775658,308.422,242.87352,52.012657,112.20253,1.5671419,308.25476,242.9359,6006.98,0.999986641,0.004768431,1.566027868,-11.745239,2.9358978,0.981547589,-1.566027868,0.007047144,-0.001761539,-0.03,0,0,-0.015660279
1773775658,TRUE,0.8130129,1773775658,308.422,242.87352,52.012657,112.20253,1.5671419,308.30493,242.91719,5955.6714,0.999988645,0.00443423,1.566362075,-11.695068,2.9171906,0.972969375,-1.566362075,0.007017042,-0.001750314,-0.03,0,0,-0.015663621
1773775658,TRUE,0.80851084,1773775658,309.75882,242.46237,52.1989,111.744385,1.577686,308.7411,242.78076,5918.8496,0.999984932,0.00103709,1.569759222,-11.258911,2.7807617,0.966767567,-1.569759222,0.006755347,-0.001668457,-0.03,0,0,-0.015697592
1773775658,TRUE,0.80851084,1773775658,309.75882,242.46237,52.1989,111.744385,1.577686,309.04642,242.68524,5893.075,0.999982332,-0.001340908,1.572137258,-10.953583,2.6852417,0.962403394,-1.572137258,0.00657215,-0.001611145,-0.03,0,0,-0.015721373
1773775658,TRUE,0.80851084,1773775658,309.75882,242.46237,52.1989,111.744385,1.577686,309.26013,242.61838,5875.032,0.999980513,-0.003005507,1.573801883,-10.739868,2.6183777,0.959337027,-1.573801883,0.006443921,-0.001571027,-0.03,0,0,-0.015738019
1773775658,TRUE,0.80851084,1773775658,309.75882,242.46237,52.1989,111.744385,1.577686,309.40973,242.57156,5862.4023,0.999979239,-0.004170726,1.574967115,-10.590271,2.5715637,0.957184898,-1.574967115,0.006354163,-0.001542938,-0.03,0,0,-0.015749671
1773775658,TRUE,0.80851084,1773775658,309.75882,242.46237,52.1989,111.744385,1.577686,309.51447,242.53882,5853.5615,0.999978347,-0.00498638,1.575782773,-10.485535,2.5388184,0.95567572,-1.575782773,0.006291321,-0.001523291,-0.03,0,0,-0.015757828
1773775658,TRUE,0.7963363,1773775658,308.83676,243.15895,52.55275,110.66083,1.5716853,309.31116,242.72485,5842.1523,0.999984724,-0.003757162,1.574553528,-10.688843,2.7248535,0.9537247,-1.574553528,0.006413306,-0.001634912,-0.03,0,0,-0.015745535
1773775658,TRUE,0.7963363,1773775658,308.83676,243.15895,52.55275,110.66083,1.5716853,309.16882,242.85507,5834.166,0.999989189,-0.00289671,1.57369306,-10.831177,2.855072,0.952356745,-1.57369306,0.006498707,-0.001713043,-0.03,0,0,-0.015736931
1773775658,TRUE,0.7963363,1773775658,308.83676,243.15895,52.55275,110.66083,1.5716853,309.0692,242.94623,5828.5757,0.999992313,-0.002294393,1.573090733,-10.930786,2.946228,0.951398126,-1.573090733,0.006558472,-0.001767737,-0.03,0,0,-0.015730907
1773775658,TRUE,0.7963363,1773775658,308.83676,243.15895,52.55275,110.66083,1.5716853,308.99948,243.01004,5824.662,0.999994501,-0.001872771,1.572669106,-11.000519,3.0100403,0.950726472,-1.572669106,0.006600312,-0.001806024,-0.03,0,0,-0.015726691
1773775658,TRUE,0.7963363,1773775658,308.83676,243.15895,52.55275,110.66083,1.5716853,308.95068,243.05472,5821.923,0.999996032,-0.001577636,1.572373968,-11.049316,3.054718,0.95025599,-1.572373968,0.00662959,-0.001832831,-0.03,0,0,-0.01572374
1773775658,TRUE,0.768598,1773775658,305.9265,243.69649,54.15013,120.01512,1.5711884,308.04343,243.24725,6024.996,0.999997199,-0.001221982,1.572018312,-11.9565735,3.2472534,0.984542247,-1.572018312,0.007173944,-0.001948352,-0.03,0,0,-0.015720183
1773775658,TRUE,0.768598,1773775658,305.9265,243.69649,54.15013,120.01512,1.5711884,307.40836,243.38202,6167.1475,0.999998017,-0.000973024,1.571769353,-12.591644,3.382019,1.007861856,-1.571769353,0.007554987,-0.002029212,-0.03,0,0,-0.015717694
1773775658,TRUE,0.768598,1773775658,305.9265,243.69649,54.15013,120.01512,1.5711884,306.9638,243.47636,6266.6533,0.999998588,-0.000798754,1.571595082,-13.036194,3.4763641,1.023867903,-1.571595082,0.007821716,-0.002085819,-0.03,0,0,-0.015715951
1773775658,TRUE,0.768598,1773775658,305.9265,243.69649,54.15013,120.01512,1.5711884,306.65262,243.5424,6336.3076,0.999998989,-0.000676765,1.571473092,-13.347382,3.5424042,1.034921627,-1.571473092,0.00800843,-0.002125443,-0.03,0,0,-0.015714731
1773775658,TRUE,0.768598,1773775658,305.9265,243.69649,54.15013,120.01512,1.5711884,306.43478,243.58862,6385.0654,0.999999269,-0.000591372,1.571387699,-13.565216,3.588623,1.042587179,-1.571387699,0.00813913,-0.002153174,-0.03,0,0,-0.015713877
1773775658,TRUE,0.768598,1773775658,305.9265,243.69649,54.15013,120.01512,1.5711884,306.2823,243.62099,6419.1963,0.999999465,-0.000531597,1.571327924,-13.717712,3.620987,1.047918341,-1.571327924,0.008230628,-0.002172592,-0.03,0,0,-0.015713279
1773775658,TRUE,0.76038957,1773775658,305.60474,244.15692,53.7735,119.713234,1.5737722,306.07904,243.78177,6424.657,0.999998297,-0.001264876,1.572061205,-13.920959,3.7817688,1.048768749,-1.572061205,0.008352576,-0.002269061,-0.03,0,0,-0.015720612
1773775658,TRUE,0.76038957,1773775658,305.60474,244.15692,53.7735,119.713234,1.5737722,305.93677,243.89432,6428.4795,0.99999748,-0.001778172,1.572574501,-14.063232,3.8943176,1.049363505,-1.572574501,0.00843794,-0.002336591,-0.03,0,0,-0.015725745
1773775658,TRUE,0.76038957,1773775658,305.60474,244.15692,53.7735,119.713234,1.5737722,305.83716,243.97308,6431.1553,0.999996907,-0.002137478,1.572933809,-14.162842,3.9730835,1.04977959,-1.572933809,0.008497706,-0.00238385,-0.03,0,0,-0.015729338
1773775658,TRUE,0.76038957,1773775658,305.60474,244.15692,53.7735,119.713234,1.5737722,305.76746,244.02823,6433.0283,0.999996507,-0.002388993,1.573185324,-14.232544,4.0282288,1.050070871,-1.573185324,0.008539527,-0.002416937,-0.03,0,0,-0.015731853
1773775658,TRUE,0.76038957,1773775658,305.60474,244.15692,53.7735,119.713234,1.5737722,305.71863,244.06683,6434.3394,0.999996226,-0.002565053,1.573361384,-14.281372,4.0668335,1.050274576,-1.573361384,0.008568823,-0.0024401,-0.03,0,0,-0.015733614
1773775658,TRUE,0.7617474,1773775658,305.2348,244.36856,52.859497,118.88211,1.5766065,305.5735,244.15735,6389.252,0.999992295,-0.003538583,1.574334922,-14.426514,4.1573486,1.043242657,-1.574334922,0.008655909,-0.002494409,-0.03,0,0,-0.015743349
1773775658,TRUE,0.7617474,1773775658,305.2348,244.36856,52.859497,118.88211,1.5766065,305.4719,244.2207,6357.6904,0.999989543,-0.004220054,1.5750164,-14.528107,4.220703,1.038290616,-1.5750164,0.008716865,-0.002532422,-0.03,0,0,-0.015750164
1773775658,TRUE,0.7617474,1773775658,305.2348,244.36856,52.859497,118.88211,1.5766065,305.40076,244.26505,6335.5977,0.999987616,-0.004697084,1.575493434,-14.599243,4.265045,1.034809564,-1.575493434,0.008759546,-0.002559027,-0.03,0,0,-0.015754934
1773775658,TRUE,0.7617474,1773775658,305.2348,244.36856,52.859497,118.88211,1.5766065,305.35098,244.29611,6320.133,0.999986268,-0.005031004,1.575827358,-14.649017,4.296112,1.032365699,-1.575827358,0.008789411,-0.002577667,-0.03,0,0,-0.015758274
1773775658,TRUE,0.7617474,1773775658,305.2348,244.36856,52.859497,118.88211,1.5766065,305.31613,244.31784,6309.3076,0.999985324,-0.005264749,1.576061104,-14.683868,4.3178406,1.03065139,-1.576061104,0.008810322,-0.002590705,-0.03,0,0,-0.015760611
1773775658,TRUE,0.7543913,1773775658,308.86847,243.30652,53.22786,110.68527,1.5809026,306.38184,244.01445,6183.977,0.999974406,-0.006717147,1.577513545,-13.618164,4.01445,1.010587076,-1.577513545,0.008170899,-0.00240867,-0.03,0,0,-0.015775135
1773775658,TRUE,0.7543913,1773775658,308.86847,243.30652,53.22786,110.68527,1.5809026,307.12784,243.80208,6096.2456,0.999966764,-0.007733826,1.578530256,-12.872162,3.8020782,0.996298549,-1.578530256,0.007723298,-0.002281247,-0.03,0,0,-0.015785303
1773775658,TRUE,0.7543913,1773775658,308.86847,243.30652,53.22786,110.68527,1.5809026,307.65002,243.65341,6034.834,0.999961415,-0.008445502,1.579241954,-12.349976,3.6534119,0.986173761,-1.579241954,0.007409986,-0.002192047,-0.03,0,0,-0.01579242
1773775658,TRUE,0.7543913,1773775658,308.86847,243.30652,53.22786,110.68527,1.5809026,308.01556,243.54935,5991.8457,0.99995767,-0.008943675,1.579740141,-11.984436,3.549347,0.979024943,-1.579740141,0.007190662,-0.002129608,-0.03,0,0,-0.015797401
1773775658,TRUE,0.7543913,1773775658,308.86847,243.30652,53.22786,110.68527,1.5809026,308.27142,243.4765,5961.754,0.999955049,-0.009292395,1.580088873,-11.728577,3.4765015,0.973990188,-1.580088873,0.007037147,-0.002085901,-0.03,0,0,-0.015800889
1773775658,TRUE,0.61396307,1773775658,310.08035,245.17088,48.583775,111.05769,1.5804435,308.8141,243.98482,5791.908,0.999954574,-0.009398784,1.580195261,-11.185913,3.9848175,0.945087249,-1.580195261,0.006711548,-0.002390891,-0.03,0,0,-0.015801953
1773775658,TRUE,0.61396307,1773775658,310.08035,245.17088,48.583775,111.05769,1.5804435,309.19397,244.34064,5673.0166,0.999954242,-0.009473257,1.580269733,-10.80603,4.340637,0.924346405,-1.580269733,0.006483619,-0.002604382,-0.03,0,0,-0.015802697
1773775658,TRUE,0.61396307,1773775658,310.08035,245.17088,48.583775,111.05769,1.5804435,309.4599,244.5897,5589.792,0.999954009,-0.009525387,1.580321864,-10.5401,4.5897064,0.909567475,-1.580321864,0.00632406,-0.002753824,-0.03,0,0,-0.015803219
1773775658,TRUE,0.61396307,1773775658,310.08035,245.17088,48.583775,111.05769,1.5804435,309.64606,244.76407,5531.535,0.999953846,-0.009561878,1.580358355,-10.353943,4.7640686,0.899090817,-1.580358355,0.006212366,-0.002858441,-0.03,0,0,-0.015803584
1773775658,TRUE,0.61396307,1773775658,310.08035,245.17088,48.583775,111.05769,1.5804435,309.77637,244.88611,5490.755,0.999953732,-0.009587422,1.580383899,-10.223633,4.8861084,0.891691198,-1.580383899,0.00613418,-0.002931665,-0.03,0,0,-0.015803839
1773775658,TRUE,0.48594725,1773775658,310.7871,245.11507,46.665787,109.38724,1.5821029,310.0796,244.9548,5374.921,0.999948437,-0.010103094,1.580899598,-9.92041,4.9548035,0.870369336,-1.580899598,0.005952247,-0.002972882,-0.03,0,0,-0.015808996
1773775658,TRUE,0.48594725,1773775658,310.7871,245.11507,46.665787,109.38724,1.5821029,310.29184,245.00287,5293.837,0.99994473,-0.010464064,1.581260587,-9.70816,5.0028687,0.855168711,-1.581260587,0.005824897,-0.003001721,-0.03,0,0,-0.015812606
1773775658,TRUE,0.48594725,1773775658,310.7871,245.11507,46.665787,109.38724,1.5821029,310.44043,245.03653,5237.078,0.999942136,-0.010716743,1.581513279,-9.55957,5.0365295,0.844389151,-1.581513279,0.005735742,-0.003021918,-0.03,0,0,-0.015815133
1773775658,TRUE,0.48594725,1773775658,310.7871,245.11507,46.665787,109.38724,1.5821029,310.54443,245.06009,5197.347,0.999940319,-0.010893618,1.581690164,-9.455566,5.060089,0.83677375,-1.581690164,0.00567334,-0.003036054,-0.03,0,0,-0.015816902
1773775658,TRUE,0.48594725,1773775658,310.7871,245.11507,46.665787,109.38724,1.5821029,310.61725,245.07657,5169.5356,0.999939048,-0.011017431,1.581813983,-9.382751,5.0765686,0.831408324,-1.581813983,0.005629651,-0.003045941,-0.03,0,0,-0.01581814
1773775658,TRUE,0.48594725,1773775658,310.7871,245.11507,46.665787,109.38724,1.5821029,310.6682,245.0881,5150.0674,0.999938158,-0.0111041,1.581900657,-9.331787,5.0881042,0.827635187,-1.581900657,0.005599073,-0.003052863,-0.03,0,0,-0.015819007
1773775658,TRUE,0.6196156,1773775658,310.99002,245.66309,48.582413,112.73709,1.5816656,310.76477,245.2606,5248.159,0.99993899,-0.011033598,1.58183015,-9.2352295,5.260605,0.846502861,-1.58183015,0.005541138,-0.003156363,-0.03,0,0,-0.015818302
1773775658,TRUE,0.6196156,1773775658,310.99002,245.66309,48.582413,112.73709,1.5816656,310.83234,245.38135,5316.823,0.999939572,-0.010984247,1.581780796,-9.167664,5.3813477,0.859501445,-1.581780796,0.005500598,-0.003228809,-0.03,0,0,-0.015817808
1773775658,TRUE,0.6196156,1773775658,310.99002,245.66309,48.582413,112.73709,1.5816656,310.87964,245.46587,5364.888,0.999939979,-0.010949701,1.581746248,-9.120361,5.465866,0.868501015,-1.581746248,0.005472217,-0.00327952,-0.03,0,0,-0.015817462
1773775658,TRUE,0.6196156,1773775658,310.99002,245.66309,48.582413,112.73709,1.5816656,310.91275,245.52504,5398.5337,0.999940264,-0.010925519,1.581722064,-9.08725,5.5250397,0.874752768,-1.581722064,0.00545235,-0.003315024,-0.03,0,0,-0.015817221
1773775658,TRUE,0.6196156,1773775658,310.99002,245.66309,48.582413,112.73709,1.5816656,310.9359,245.56645,5422.086,0.999940464,-0.010908592,1.581705135,-9.064087,5.566452,0.879106084,-1.581705135,0.005438453,-0.003339871,-0.03,0,0,-0.015817051
1773775658,TRUE,0.741559,1773775658,310.94846,246.20615,49.26805,114.064735,1.5804898,310.93967,245.75836,5481.3843,0.99994423,-0.010543997,1.581340521,-9.060333,5.758362,0.889983156,-1.581340521,0.0054362,-0.003455017,-0.03,0,0,-0.015813405
1773775658,TRUE,0.741559,1773775658,310.94846,246.20615,49.26805,114.064735,1.5804898,310.9423,245.8927,5522.893,0.999946867,-0.010288781,1.581085291,-9.057709,5.8927,0.897527251,-1.581085291,0.005434625,-0.00353562,-0.03,0,0,-0.015810853
1773775658,TRUE,0.741559,1773775658,310.94846,246.20615,49.26805,114.064735,1.5804898,310.94415,245.98674,5551.949,0.999948713,-0.010110129,1.58090663,-9.055847,5.98674,0.902774544,-1.58090663,0.005433509,-0.003592044,-0.03,0,0,-0.015809066
1773775658,TRUE,0.741559,1773775658,310.94846,246.20615,49.26805,114.064735,1.5804898,310.94543,246.05257,5572.2886,0.999950005,-0.009985073,1.580781568,-9.054565,6.0525665,0.906431267,-1.580781568,0.005432739,-0.00363154,-0.03,0,0,-0.015807816
1773775658,TRUE,0.741559,1773775658,310.94846,246.20615,49.26805,114.064735,1.5804898,310.94635,246.09865,5586.5264,0.999950909,-0.009897534,1.580694024,-9.05365,6.098648,0.908983175,-1.580694024,0.00543219,-0.003659189,-0.03,0,0,-0.01580694
1773775658,TRUE,0.7823057,1773775658,310.57645,246.39294,49.460052,113.07442,1.5767235,310.8354,246.18695,5588.368,0.999960367,-0.008706402,1.579502854,-9.164612,6.1869507,0.909312726,-1.579502854,0.005498767,-0.003712171,-0.03,0,0,-0.015795029
1773775658,TRUE,0.7823057,1773775658,310.57645,246.39294,49.460052,113.07442,1.5767235,310.7577,246.24875,5589.6577,0.999966987,-0.00787261,1.578669034,-9.24231,6.248749,0.909543472,-1.578669034,0.005545386,-0.00374925,-0.03,0,0,-0.01578669
1773775658,TRUE,0.7823057,1773775658,310.57645,246.39294,49.460052,113.07442,1.5767235,310.7033,246.29199,5590.5605,0.999971621,-0.007288956,1.57808536,-9.296692,6.291992,0.909704953,-1.57808536,0.005578016,-0.003775196,-0.03,0,0,-0.015780854
1773775658,TRUE,0.7823057,1773775658,310.57645,246.39294,49.460052,113.07442,1.5767235,310.66525,246.32227,5591.1924,0.999974865,-0.006880397,1.577676789,-9.334747,6.3222656,0.909818032,-1.577676789,0.005600849,-0.00379336,-0.03,0,0,-0.015776768
1773775658,TRUE,0.7823057,1773775658,310.57645,246.39294,49.460052,113.07442,1.5767235,310.6386,246.34348,5591.635,0.999977136,-0.006594407,1.577390789,-9.361389,6.3434753,0.909897122,-1.577390789,0.005616834,-0.003806085,-0.03,0,0,-0.015773908
1773775658,TRUE,0.4567834,1773775658,307.6734,245.37912,58.138695,99.14824,1.5610564,309.74905,246.05417,5643.449,0.999969765,-0.001694145,1.572490522,-10.250946,6.0541687,0.919120853,-1.572490522,0.006150568,-0.003632502,-0.03,0,0,-0.015724905
1773775658,TRUE,0.4567834,1773775658,307.6734,245.37912,58.138695,99.14824,1.5610564,309.12637,245.85165,5679.719,0.999964606,0.001736037,1.56906023,-10.873627,5.851654,0.925527195,-1.56906023,0.006524176,-0.003510993,-0.03,0,0,-0.015690602
1773775658,TRUE,0.4567834,1773775658,307.6734,245.37912,58.138695,99.14824,1.5610564,308.6905,245.7099,5705.1084,0.999960994,0.004137165,1.566659024,-11.309509,5.7099,0.929987396,-1.566659024,0.006785706,-0.00342594,-0.03,0,0,-0.01566659
1773775658,TRUE,0.4567834,1773775658,307.6734,245.37912,58.138695,99.14824,1.5610564,308.38538,245.61067,5722.881,0.999958466,0.005817955,1.564978196,-11.614624,5.610672,0.93309778,-1.564978196,0.006968775,-0.003366403,-0.03,0,0,-0.015649782
1773775658,TRUE,0.4567834,1773775658,307.6734,245.37912,58.138695,99.14824,1.5610564,308.17178,245.54121,5735.3213,0.999956696,0.006994508,1.56380163,-11.828217,5.541214,0.935269195,-1.56380163,0.00709693,-0.003324729,-0.03,0,0,-0.015638016
1773775658,TRUE,0.71940076,1773775658,310.66898,245.9879,48.37629,112.488556,1.5810505,308.92096,245.67522,5647.259,0.999953915,0.001819953,1.568976292,-11.079041,5.6752167,0.919795725,-1.568976292,0.006647425,-0.00340513,-0.03,0,0,-0.015689763
1773775658,TRUE,0.71940076,1773775658,310.66898,245.9879,48.37629,112.488556,1.5810505,309.44537,245.76903,5585.6147,0.999951969,-0.001802236,1.572598647,-10.554626,5.7690277,0.908819944,-1.572598647,0.006332776,-0.003461417,-0.03,0,0,-0.015725986
1773775658,TRUE,0.71940076,1773775658,310.66898,245.9879,48.37629,112.488556,1.5810505,309.81244,245.83469,5542.464,0.999950606,-0.004337768,1.575134281,-10.187561,5.8346863,0.901064622,-1.575134281,0.006112537,-0.003500812,-0.03,0,0,-0.015751343
1773775658,TRUE,0.71940076,1773775658,310.66898,245.9879,48.37629,112.488556,1.5810505,310.0694,245.88065,5512.2583,0.999949652,-0.00611264,1.576909198,-9.930603,5.8806458,0.895599799,-1.576909198,0.005958362,-0.003528388,-0.03,0,0,-0.015769092
1773775658,TRUE,0.71940076,1773775658,310.66898,245.9879,48.37629,112.488556,1.5810505,310.24927,245.91283,5491.1143,0.999948984,-0.007355051,1.57815162,-9.750732,5.9128265,0.891756586,-1.57815162,0.00585044,-0.003547696,-0.03,0,0,-0.015781516
1773775658,TRUE,0.7877746,1773775658,309.74017,246.80984,54.76014,116.215454,1.5742662,310.09656,246.18193,5752.9727,0.999962483,-0.006189494,1.576985974,-9.903442,6.1819305,0.938342136,-1.576985974,0.005942066,-0.003709158,-0.03,0,0,-0.01576986
1773775658,TRUE,0.7877746,1773775658,309.74017,246.80984,54.76014,116.215454,1.5742662,309.98962,246.3703,5936.2734,0.999971932,-0.005373604,1.57617003,-10.010376,6.3703003,0.969707034,-1.57617003,0.006006226,-0.00382218,-0.03,0,0,-0.0157617
1773775658,TRUE,0.7877746,1773775658,309.74017,246.80984,54.76014,116.215454,1.5742662,309.9148,246.50217,6064.5835,0.999978546,-0.004802481,1.575598874,-10.085205,6.5021667,0.991091329,-1.575598874,0.006051123,-0.0039013,-0.03,0,0,-0.015755989
1773775658,TRUE,0.7877746,1773775658,309.74017,246.80984,54.76014,116.215454,1.5742662,309.86243,246.59447,6154.401,0.999983177,-0.004402695,1.575199068,-10.137573,6.594467,1.005792847,-1.575199068,0.006082544,-0.003956681,-0.03,0,0,-0.015751991
1773775658,TRUE,0.7877746,1773775658,309.74017,246.80984,54.76014,116.215454,1.5742662,309.82574,246.65907,6217.273,0.999986418,-0.004122845,1.574919205,-10.174255,6.659073,1.015956812,-1.574919205,0.006104554,-0.003995444,-0.03,0,0,-0.015749192
1773775658,TRUE,0.7877746,1773775658,309.74017,246.80984,54.76014,116.215454,1.5742662,309.80008,246.7043,6261.283,0.999988686,-0.00392695,1.574723301,-10.199921,6.7043,1.023010616,-1.574723301,0.006119953,-0.00402258,-0.03,0,0,-0.015747233
1773775658,TRUE,0.70803696,1773775658,309.6525,245.45712,54.83191,114.529175,1.5775055,309.7558,246.33014,6266.854,0.999985329,-0.004761593,1.575557953,-10.244202,6.330139,1.023899932,-1.575557953,0.006146521,-0.003798084,-0.03,0,0,-0.01575558
1773775658,TRUE,0.70803696,1773775658,309.6525,245.45712,54.83191,114.529175,1.5775055,309.7248,246.06824,6270.754,0.999982978,-0.005345843,1.576142209,-10.2752075,6.0682373,1.024521984,-1.576142209,0.006165125,-0.003640943,-0.03,0,0,-0.015761422
1773775658,TRUE,0.70803696,1773775658,309.6525,245.45712,54.83191,114.529175,1.5775055,309.70312,245.88489,6273.484,0.999981333,-0.005754817,1.576551188,-10.296875,5.8848877,1.024957258,-1.576551188,0.006178125,-0.003530933,-0.03,0,0,-0.015765512
1773775658,TRUE,0.70803696,1773775658,309.6525,245.45712,54.83191,114.529175,1.5775055,309.68793,245.75656,6275.3945,0.999980181,-0.0060411,1.576837473,-10.312073,5.7565613,1.025261761,-1.576837473,0.006187244,-0.003453937,-0.03,0,0,-0.015768375
1773775658,TRUE,0.70803696,1773775658,309.6525,245.45712,54.83191,114.529175,1.5775055,309.6773,245.66672,6276.732,0.999979375,-0.006241498,1.577037872,-10.322693,5.6667175,1.025474857,-1.577037872,0.006193616,-0.003400031,-0.03,0,0,-0.015770379
1773775658,TRUE,0.7829905,1773775658,310.70648,243.63689,54.548447,110.7927,1.5803362,309.98605,245.05777,6206.783,0.999971911,-0.007230971,1.578027375,-10.013947,5.05777,1.01426816,-1.578027375,0.006008368,-0.003034662,-0.03,0,0,-0.015780274
1773775658,TRUE,0.7829905,1773775658,310.70648,243.63689,54.548447,110.7927,1.5803362,310.20218,244.6315,6157.8193,0.999966686,-0.007923602,1.578720027,-9.797821,4.6315002,1.006348174,-1.578720027,0.005878693,-0.0027789,-0.03,0,0,-0.0157872
1773775658,TRUE,0.7829905,1773775658,310.70648,243.63689,54.548447,110.7927,1.5803362,310.35345,244.33313,6123.545,0.999963029,-0.008408444,1.579204883,-9.646545,4.33313,1.000766606,-1.579204883,0.005787928,-0.002599878,-0.03,0,0,-0.015792049
1773775658,TRUE,0.7829905,1773775658,310.70648,243.63689,54.548447,110.7927,1.5803362,310.45935,244.12427,6099.5527,0.999960469,-0.008747833,1.579544283,-9.540649,4.1242676,0.996840871,-1.579544283,0.00572439,-0.002474561,-0.03,0,0,-0.015795443
1773775658,TRUE,0.7829905,1773775658,310.70648,243.63689,54.548447,110.7927,1.5803362,310.5335,243.97806,6082.758,0.999958677,-0.008985406,1.579781862,-9.466492,3.9780579,0.994083614,-1.579781862,0.005679895,-0.002386835,-0.03,0,0,-0.015797819
1773775658,TRUE,0.7829905,1773775658,310.70648,243.63689,54.548447,110.7927,1.5803362,310.5854,243.8757,6071.001,0.999957423,-0.009151707,1.579948167,-9.414612,3.875702,0.992148894,-1.579948167,0.005648768,-0.002325421,-0.03,0,0,-0.015799482
1773775659,TRUE,0.82299316,1773775658,310.4805,243.87721,54.737934,111.998535,1.5810446,310.55392,243.87616,6088.871,0.999954442,-0.009480609,1.580277084,-9.446075,3.8761597,0.995088134,-1.580277084,0.005667646,-0.002325696,-0.03,0,0,-0.015802771
1773775659,TRUE,0.82299316,1773775658,310.4805,243.87721,54.737934,111.998535,1.5810446,310.5319,243.87646,6101.38,0.999952356,-0.009710841,1.580507325,-9.468109,3.8764648,0.997140421,-1.580507325,0.005680866,-0.002325879,-0.03,0,0,-0.015805073
1773775659,TRUE,0.82299316,1773775658,310.4805,243.87721,54.737934,111.998535,1.5810446,310.51648,243.87668,6110.136,0.999950895,-0.009872003,1.580668494,-9.4835205,3.8766785,0.998574467,-1.580668494,0.005690113,-0.002326007,-0.03,0,0,-0.015806685
1773775659,TRUE,0.82299316,1773775658,310.4805,243.87721,54.737934,111.998535,1.5810446,310.50568,243.87683,6116.2656,0.999949873,-0.009984817,1.580781312,-9.494324,3.876831,0.999577121,-1.580781312,0.005696595,-0.002326099,-0.03,0,0,-0.015807813
1773775659,TRUE,0.82299316,1773775658,310.4805,243.87721,54.737934,111.998535,1.5810446,310.4981,243.87695,6120.556,0.999949157,-0.010063786,1.580860285,-9.501892,3.8769531,1.000278408,-1.580860285,0.005701135,-0.002326172,-0.03,0,0,-0.015808603
1773775659,TRUE,0.76313883,1773775659,309.90146,244.1002,54.286247,109.9819,1.583563,310.31912,243.94394,6075.5405,0.999939962,-0.010874539,1.58167109,-9.680878,3.9439392,0.992896396,-1.58167109,0.005808527,-0.002366364,-0.03,0,0,-0.015816711
1773775659,TRUE,0.76313883,1773775659,309.90146,244.1002,54.286247,109.9819,1.583563,310.19385,243.99081,6044.03,0.999933526,-0.011442067,1.582238655,-9.806152,3.9908142,0.987696424,-1.582238655,0.005883692,-0.002394489,-0.03,0,0,-0.015822387
1773775659,TRUE,0.76313883,1773775659,309.90146,244.1002,54.286247,109.9819,1.583563,310.10614,244.02362,6021.972,0.99992902,-0.011839336,1.58263595,-9.89386,4.0236206,0.984040269,-1.58263595,0.005936316,-0.002414173,-0.03,0,0,-0.015826359
1773775659,TRUE,0.76313883,1773775659,309.90146,244.1002,54.286247,109.9819,1.583563,310.04474,244.0466,6006.5317,0.999925867,-0.012117424,1.582914056,-9.955261,4.0466003,0.981472895,-1.582914056,0.005973157,-0.00242796,-0.03,0,0,-0.015829141
1773775659,TRUE,0.76313883,1773775659,309.90146,244.1002,54.286247,109.9819,1.583563,310.00177,244.06268,5995.7236,0.999923659,-0.012312086,1.58310873,-9.99823,4.062683,0.979671955,-1.58310873,0.005998938,-0.00243761,-0.03,0,0,-0.015831087
1773775659,TRUE,0.80941767,1773775659,310.0124,244.03319,53.1908,111.04607,1.5823188,310.00494,244.05383,5968.995,0.999926646,-0.01207512,1.582871746,-9.995056,4.053833,0.975204008,-1.582871746,0.005997034,-0.0024323,-0.03,0,0,-0.015828717
1773775659,TRUE,0.80941767,1773775659,310.0124,244.03319,53.1908,111.04607,1.5823188,310.0072,244.04764,5950.285,0.999928738,-0.011909245,1.582705857,-9.992798,4.047638,0.972064597,-1.582705857,0.005995679,-0.002428583,-0.03,0,0,-0.015827059
1773775659,TRUE,0.80941767,1773775659,310.0124,244.03319,53.1908,111.04607,1.5823188,310.00876,244.0433,5937.1885,0.999930201,-0.011793131,1.582589735,-9.991241,4.0433044,0.969861166,-1.582589735,0.005994745,-0.002425983,-0.03,0,0,-0.015825897
1773775659,TRUE,0.80941767,1773775659,310.0124,244.03319,53.1908,111.04607,1.5823188,310.00986,244.04027,5928.0205,0.999931226,-0.011711852,1.582508449,-9.990143,4.040268,0.968315789,-1.582508449,0.005994086,-0.002424161,-0.03,0,0,-0.015825084
1773775659,TRUE,0.80941767,1773775659,310.0124,244.03319,53.1908,111.04607,1.5823188,310.01062,244.03815,5921.603,0.999931944,-0.011654957,1.582451549,-9.98938,4.038147,0.967232612,-1.582451549,0.005993628,-0.002422888,-0.03,0,0,-0.015824515
1773775659,TRUE,0.82029307,1773775659,308.69272,243.77826,54.39572,112.43194,1.5820024,309.61523,243.96019,5979.867,0.999933524,-0.011520222,1.582316805,-10.384766,3.9601898,0.977023775,-1.582316805,0.00623086,-0.002376114,-0.03,0,0,-0.015823168
1773775659,TRUE,0.82029307,1773775659,308.69272,243.77826,54.39572,112.43194,1.5820024,309.3385,243.90561,6020.652,0.999934631,-0.011425907,1.582222484,-10.661499,3.9056091,0.983821009,-1.582222484,0.0063969,-0.002343366,-0.03,0,0,-0.015822225
1773775659,TRUE,0.82029307,1773775659,308.69272,243.77826,54.39572,112.43194,1.5820024,309.14478,243.8674,6049.201,0.999935405,-0.011359887,1.582156459,-10.855225,3.8674011,0.988551687,-1.582156459,0.006513135,-0.002320441,-0.03,0,0,-0.015821565
1773775659,TRUE,0.82029307,1773775659,308.69272,243.77826,54.39572,112.43194,1.5820024,309.00916,243.84067,6069.186,0.999935947,-0.011313673,1.582110242,-10.990845,3.8406677,0.991849967,-1.582110242,0.006594507,-0.002304401,-0.03,0,0,-0.015821102
1773775659,TRUE,0.82029307,1773775659,308.69272,243.77826,54.39572,112.43194,1.5820024,308.91425,243.82195,6083.1753,0.999936327,-0.011281323,1.58207789,-11.085754,3.8219452,0.994152254,-1.58207789,0.006651453,-0.002293167,-0.03,0,0,-0.015820779
1773775659,TRUE,0.82326585,1773775659,309.27496,243.52126,54.135986,112.88966,1.579925,309.02246,243.73174,6091.6406,0.999942929,-0.010635472,1.581432005,-10.977539,3.7317352,0.995542839,-1.581432005,0.006586524,-0.002239041,-0.03,0,0,-0.01581432
1773775659,TRUE,0.82326585,1773775659,309.27496,243.52126,54.135986,112.88966,1.579925,309.0982,243.6686,6097.5664,0.999947551,-0.010183377,1.580979886,-10.901794,3.6685944,0.996515179,-1.580979886,0.006541077,-0.002201157,-0.03,0,0,-0.015809799
1773775659,TRUE,0.82326585,1773775659,309.27496,243.52126,54.135986,112.88966,1.579925,309.15125,243.62439,6101.7144,0.999950786,-0.00986691,1.580663402,-10.848755,3.6243896,0.997195219,-1.580663402,0.006509253,-0.002174634,-0.03,0,0,-0.015806634
1773775659,TRUE,0.82326585,1773775659,309.27496,243.52126,54.135986,112.88966,1.579925,309.18835,243.59344,6104.618,0.99995305,-0.009645383,1.580441864,-10.8116455,3.5934448,0.997671034,-1.580441864,0.006486988,-0.002156067,-0.03,0,0,-0.015804419
1773775659,TRUE,0.82326585,1773775659,309.27496,243.52126,54.135986,112.88966,1.579925,309.21432,243.5718,6106.6504,0.999954636,-0.009490315,1.580286787,-10.785675,3.5717926,0.99800382,-1.580286787,0.006471405,-0.002143076,-0.03,0,0,-0.015802868
1773775659,TRUE,0.82274085,1773775659,308.72223,243.46245,53.92836,113.3266,1.5783696,309.0667,243.539,6108.1104,0.999959642,-0.008915186,1.579711636,-10.933289,3.5390015,0.998242925,-1.579711636,0.006559974,-0.002123401,-0.03,0,0,-0.015797116
1773775659,TRUE,0.82274085,1773775659,308.72223,243.46245,53.92836,113.3266,1.5783696,308.96338,243.51602,6109.133,0.999963146,-0.008512595,1.57930903,-11.036621,3.5160217,0.998410291,-1.57930903,0.006621973,-0.002109613,-0.03,0,0,-0.01579309
1773775659,TRUE,0.82274085,1773775659,308.72223,243.46245,53.92836,113.3266,1.5783696,308.89105,243.49994,6109.8486,0.999965599,-0.008230782,1.579027206,-11.108948,3.499939,0.998527475,-1.579027206,0.006665369,-0.002099963,-0.03,0,0,-0.015790272
1773775659,TRUE,0.82274085,1773775659,308.72223,243.46245,53.92836,113.3266,1.5783696,308.8404,243.48868,6110.3496,0.999967316,-0.008033513,1.57882993,-11.159607,3.488678,0.998609425,-1.57882993,0.006695765,-0.002093207,-0.03,0,0,-0.015788299
1773775659,TRUE,0.82274085,1773775659,308.72223,243.46245,53.92836,113.3266,1.5783696,308.80493,243.4808,6110.7,0.999968518,-0.007895425,1.578691836,-11.195068,3.4808044,0.998666777,-1.578691836,0.006717041,-0.002088483,-0.03,0,0,-0.015786918
1773775659,TRUE,0.86742204,1773775659,309.30356,243.78351,54.237816,114.76488,1.5783569,308.95453,243.57161,6144.869,0.999969389,-0.007794936,1.578591344,-11.045471,3.5716095,1.004242927,-1.578591344,0.006627283,-0.002142966,-0.03,0,0,-0.015785913
1773775659,TRUE,0.86742204,1773775659,309.30356,243.78351,54.237816,114.76488,1.5783569,309.05923,243.63518,6168.787,0.999969998,-0.007724594,1.578520999,-10.940765,3.6351776,1.008127674,-1.578520999,0.00656446,-0.002181107,-0.03,0,0,-0.01578521
1773775659,TRUE,0.86742204,1773775659,309.30356,243.78351,54.237816,114.76488,1.5783569,309.13254,243.67967,6185.53,0.999970424,-0.007675355,1.578471758,-10.867462,3.6796722,1.010838115,-1.578471758,0.006520478,-0.002207804,-0.03,0,0,-0.015784718
1773775659,TRUE,0.86742204,1773775659,309.30356,243.78351,54.237816,114.76488,1.5783569,309.18384,243.71083,6197.2495,0.999970723,-0.007640887,1.578437289,-10.816162,3.7108307,1.012730984,-1.578437289,0.006489697,-0.002226498,-0.03,0,0,-0.015784373
1773775659,TRUE,0.86742204,1773775659,309.30356,243.78351,54.237816,114.76488,1.5783569,309.21976,243.73264,6205.4536,0.999970932,-0.00761676,1.578413161,-10.780243,3.7326355,1.014053959,-1.578413161,0.006468146,-0.002239581,-0.03,0,0,-0.015784132
1773775659,TRUE,0.86742204,1773775659,309.30356,243.78351,54.237816,114.76488,1.5783569,309.2449,243.7479,6211.1963,0.999971078,-0.007599871,1.578396271,-10.755096,3.7478943,1.014978923,-1.578396271,0.006453058,-0.002248737,-0.03,0,0,-0.015783963
1773775659,TRUE,0.8476369,1773775659,309.3926,243.9717,52.911392,112.15813,1.5790231,309.2892,243.81503,6128.1704,0.999969603,-0.007787921,1.578584327,-10.710785,3.815033,1.001521708,-1.578584327,0.006426471,-0.00228902,-0.03,0,0,-0.015785843
1773775659,TRUE,0.8476369,1773775659,309.3926,243.9717,52.911392,112.15813,1.5790231,309.32022,243.86203,6070.0522,0.99996857,-0.007919555,1.578715966,-10.679779,3.86203,0.991992678,-1.578715966,0.006407868,-0.002317218,-0.03,0,0,-0.01578716
1773775659,TRUE,0.8476369,1773775659,309.3926,243.9717,52.911392,112.15813,1.5790231,309.34195,243.89493,6029.3696,0.999967847,-0.0080117,1.578808113,-10.658051,3.894928,0.985267861,-1.578808113,0.006394831,-0.002336957,-0.03,0,0,-0.015788081
1773775659,TRUE,0.8476369,1773775659,309.3926,243.9717,52.911392,112.15813,1.5790231,309.35715,243.91795,6000.8916,0.999967341,-0.008076201,1.578872616,-10.642853,3.9179535,0.980533481,-1.578872616,0.006385712,-0.002350772,-0.03,0,0,-0.015788726
1773775659,TRUE,0.8476369,1773775659,309.3926,243.9717,52.911392,112.15813,1.5790231,309.3678,243.93408,5980.957,0.999966987,-0.008121352,1.578917768,-10.632202,3.934082,0.977206036,-1.578917768,0.006379322,-0.002360449,-0.03,0,0,-0.015789178
1773775659,TRUE,0.8416607,1773775659,309.2491,244.72527,51.41358,110.58351,1.5784599,309.33218,244.17145,5892.3184,0.999968081,-0.007983983,1.578780395,-10.667816,4.1714478,0.962274977,-1.578780395,0.00640069,-0.002502869,-0.03,0,0,-0.015787804
1773775659,TRUE,0.8416607,1773775659,309.2491,244.72527,51.41358,110.58351,1.5784599,309.30725,244.33759,5830.271,0.999968847,-0.007887825,1.578684234,-10.692749,4.3375854,0.951688956,-1.578684234,0.00641565,-0.002602551,-0.03,0,0,-0.015786842
1773775659,TRUE,0.8416607,1773775659,309.2491,244.72527,51.41358,110.58351,1.5784599,309.2898,244.45389,5786.838,0.999969384,-0.007820515,1.578616922,-10.710205,4.453888,0.94421141,-1.578616922,0.006426123,-0.002672333,-0.03,0,0,-0.015786169
1773775659,TRUE,0.8416607,1773775659,309.2491,244.72527,51.41358,110.58351,1.5784599,309.2776,244.53531,5756.4346,0.999969759,-0.007773398,1.578569803,-10.722412,4.535309,0.938943752,-1.578569803,0.006433447,-0.002721185,-0.03,0,0,-0.015785698
1773775659,TRUE,0.8416607,1773775659,309.2491,244.72527,51.41358,110.58351,1.5784599,309.26904,244.59229,5735.1523,0.999970022,-0.007740415,1.57853682,-10.730957,4.592285,0.935239718,-1.57853682,0.006438575,-0.002755371,-0.03,0,0,-0.015785368
1773775659,TRUE,0.8535346,1773775659,309.3863,244.8878,52.73436,112.72743,1.5793754,309.3042,244.68094,5797.9893,0.999967975,-0.007991977,1.57878839,-10.695801,4.6809387,0.946136632,-1.57878839,0.006417481,-0.002808563,-0.03,0,0,-0.015787884
1773775659,TRUE,0.8535346,1773775659,309.3863,244.8878,52.73436,112.72743,1.5793754,309.32883,244.74301,5841.975,0.999966543,-0.00816807,1.578964489,-10.671173,4.7430115,0.953694384,-1.578964489,0.006402704,-0.002845807,-0.03,0,0,-0.015789645
1773775659,TRUE,0.8535346,1773775659,309.3863,244.8878,52.73436,112.72743,1.5793754,309.34607,244.78644,5872.765,0.99996554,-0.008291335,1.579087758,-10.653931,4.786438,0.958951002,-1.579087758,0.006392359,-0.002871863,-0.03,0,0,-0.015790878
1773775659,TRUE,0.8535346,1773775659,309.3863,244.8878,52.73436,112.72743,1.5793754,309.35815,244.81686,5894.3184,0.999964838,-0.008377621,1.579174046,-10.641846,4.816864,0.96261438,-1.579174046,0.006385108,-0.002890119,-0.03,0,0,-0.01579174
1773775659,TRUE,0.8535346,1773775659,309.3863,244.8878,52.73436,112.72743,1.5793754,309.36658,244.83813,5909.406,0.999964347,-0.008438021,1.579234448,-10.633423,4.838135,0.965170719,-1.579234448,0.006380054,-0.002902881,-0.03,0,0,-0.015792344
1773775659,TRUE,0.8535346,1773775659,309.3863,244.8878,52.73436,112.72743,1.5793754,309.3725,244.85303,5919.967,0.999964003,-0.008480301,1.57927673,-10.627502,4.8530273,0.96695624,-1.57927673,0.006376502,-0.002911817,-0.03,0,0,-0.015792767
1773775659,TRUE,0.8605007,1773775659,309.70496,244.74396,51.978912,111.83607,1.576963,309.47223,244.8203,5887.9116,0.999969098,-0.007786185,1.578582595,-10.527771,4.8202972,0.961526829,-1.578582595,0.006316663,-0.002892179,-0.03,0,0,-0.015785826
1773775659,TRUE,0.8605007,1773775659,309.70496,244.74396,51.978912,111.83607,1.576963,309.54205,244.7974,5865.473,0.999972664,-0.007300304,1.578096701,-10.457947,4.797394,0.957708588,-1.578096701,0.006274768,-0.002878436,-0.03,0,0,-0.015780967
1773775659,TRUE,0.8605007,1773775659,309.70496,244.74396,51.978912,111.83607,1.576963,309.5909,244.78136,5849.766,0.999975161,-0.006960188,1.577756575,-10.409088,4.781357,0.955027118,-1.577756575,0.006245453,-0.002868814,-0.03,0,0,-0.015777566
1773775659,TRUE,0.8605007,1773775659,309.70496,244.74396,51.978912,111.83607,1.576963,309.62512,244.77014,5838.7715,0.999976909,-0.006722106,1.577518487,-10.374878,4.7701416,0.953145884,-1.577518487,0.006224927,-0.002862085,-0.03,0,0,-0.015775185
1773775659,TRUE,0.8605007,1773775659,309.70496,244.74396,51.978912,111.83607,1.576963,309.64908,244.76228,5831.075,0.999978132,-0.006555449,1.577351825,-10.350922,4.7622833,0.951826839,-1.577351825,0.006210554,-0.00285737,-0.03,0,0,-0.015773518
1773775659,TRUE,0.8308079,1773775659,308.8061,245.40298,51.9067,111.87581,1.5792363,309.39618,244.9545,5823.884,0.999974008,-0.007120767,1.577917158,-10.603821,4.9544983,0.950592769,-1.577917158,0.006362293,-0.002972699,-0.03,0,0,-0.015779172
1773775659,TRUE,0.8308079,1773775659,308.8061,245.40298,51.9067,111.87581,1.5792363,309.21915,245.08904,5818.8496,0.99997112,-0.007516489,1.578312892,-10.780853,5.089035,0.949728013,-1.578312892,0.006468512,-0.003053421,-0.03,0,0,-0.015783129
1773775659,TRUE,0.8308079,1773775659,308.8061,245.40298,51.9067,111.87581,1.5792363,309.0952,245.18321,5815.3257,0.999969099,-0.007793495,1.578589905,-10.904785,5.1832123,0.949122239,-1.578589905,0.006542871,-0.003109928,-0.03,0,0,-0.015785899
1773775659,TRUE,0.8308079,1773775659,308.8061,245.40298,51.9067,111.87581,1.5792363,309.00848,245.24915,5812.8594,0.999967685,-0.007987399,1.578783814,-10.991516,5.2491455,0.948697997,-1.578783814,0.00659491,-0.003149488,-0.03,0,0,-0.015787838
1773775659,TRUE,0.8308079,1773775659,308.8061,245.40298,51.9067,111.87581,1.5792363,308.94775,245.29529,5811.133,0.999966695,-0.008123132,1.578919551,-11.052246,5.295288,0.948400939,-1.578919551,0.006631348,-0.003177173,-0.03,0,0,-0.015789196
1773775659,TRUE,0.7339144,1773775659,307.46356,247.79123,53.0931,122.424484,1.5709237,308.5025,246.04407,6017.7617,0.999976684,-0.0057244,1.576520798,-11.497498,6.0440674,0.983340787,-1.576520798,0.006898499,-0.003626441,-0.03,0,0,-0.015765208
1773775659,TRUE,0.7339144,1773775659,307.46356,247.79123,53.0931,122.424484,1.5709237,308.19083,246.56822,6162.402,0.999983676,-0.004045288,1.574841659,-11.809174,6.568222,1.00709202,-1.574841659,0.007085505,-0.003940933,-0.03,0,0,-0.015748417
1773775659,TRUE,0.7339144,1773775659,307.46356,247.79123,53.0931,122.424484,1.5709237,307.97266,246.93512,6263.65,0.999988571,-0.002869909,1.573666261,-12.027344,6.9351196,1.023388543,-1.573666261,0.007216407,-0.004161072,-0.03,0,0,-0.015736663
1773775659,TRUE,0.7339144,1773775659,307.46356,247.79123,53.0931,122.424484,1.5709237,307.81995,247.19196,6334.5234,0.999991997,-0.002047144,1.572843485,-12.180054,7.1919556,1.034640047,-1.572843485,0.007308032,-0.004315174,-0.03,0,0,-0.015728435
1773775659,TRUE,0.7339144,1773775659,307.46356,247.79123,53.0931,122.424484,1.5709237,307.713,247.37173,6384.1353,0.999994396,-0.001471209,1.572267543,-12.286987,7.3717346,1.042441506,-1.572267543,0.007372193,-0.004423041,-0.03,0,0,-0.015722675
1773775659,TRUE,0.7339144,1773775659,307.46356,247.79123,53.0931,122.424484,1.5709237,307.63818,247.49759,6418.8633,0.999996074,-0.001068054,1.571864384,-12.361816,7.497589,1.047866504,-1.571864384,0.00741709,-0.004498554,-0.03,0,0,-0.015718644
1773775659,TRUE,0.7544867,1773775659,307.95627,246.21532,49.241005,110.920906,1.5731311,307.7336,247.11292,6131.761,0.999996434,-0.001448064,1.572244395,-12.266388,7.112915,1.002107419,-1.572244395,0.007359833,-0.004267749,-0.03,0,0,-0.015722444
1773775659,TRUE,0.7544867,1773775659,307.95627,246.21532,49.241005,110.920906,1.5731311,307.8004,246.84363,5930.79,0.999996686,-0.001714072,1.572510403,-12.199585,6.843628,0.968782829,-1.572510403,0.007319751,-0.004106177,-0.03,0,0,-0.015725104
1773775659,TRUE,0.7544867,1773775659,307.95627,246.21532,49.241005,110.920906,1.5731311,307.84717,246.65515,5790.11,0.999996863,-0.001900277,1.572696607,-12.152832,6.6551514,0.944776696,-1.572696607,0.0072917,-0.003993091,-0.03,0,0,-0.015726966
1773775659,TRUE,0.7544867,1773775659,307.95627,246.21532,49.241005,110.920906,1.5731311,307.87988,246.5232,5691.634,0.999996986,-0.00203062,1.572826951,-12.120117,6.5231934,0.927622784,-1.572826951,0.007272071,-0.003913916,-0.03,0,0,-0.01572827
1773775659,TRUE,0.7544867,1773775659,307.95627,246.21532,49.241005,110.920906,1.5731311,307.9028,246.43085,5622.7007,0.999997073,-0.002121861,1.572918191,-12.0971985,6.430847,0.915437497,-1.572918191,0.007258319,-0.003858509,-0.03,0,0,-0.015729182
1773775659,TRUE,0.7701941,1773775659,307.03284,246.53596,49.503284,113.13982,1.5723644,307.6418,246.46237,5616.128,0.999997582,-0.001955739,1.572752068,-12.358185,6.462372,0.914267851,-1.572752068,0.007414911,-0.003877423,-0.03,0,0,-0.015727521
1773775659,TRUE,0.7701941,1773775659,307.03284,246.53596,49.503284,113.13982,1.5723644,307.45914,246.48444,5611.5273,0.999997939,-0.001839454,1.572635783,-12.540863,6.484436,0.913448371,-1.572635783,0.007524518,-0.003890662,-0.03,0,0,-0.015726358
1773775659,TRUE,0.7701941,1773775659,307.03284,246.53596,49.503284,113.13982,1.5723644,307.33124,246.49991,5608.3066,0.999998188,-0.001758055,1.572554383,-12.668762,6.4999084,0.912874277,-1.572554383,0.007601258,-0.003899945,-0.03,0,0,-0.015725544
1773775659,TRUE,0.7701941,1773775659,307.03284,246.53596,49.503284,113.13982,1.5723644,307.24173,246.51071,5606.0527,0.999998363,-0.001701075,1.572497403,-12.75827,6.5107117,0.912472282,-1.572497403,0.007654963,-0.003906427,-0.03,0,0,-0.015724974
1773775659,TRUE,0.7701941,1773775659,307.03284,246.53596,49.503284,113.13982,1.5723644,307.17908,246.51828,5604.4746,0.999998485,-0.001661189,1.572457517,-12.820923,6.51828,0.91219079,-1.572457517,0.007692554,-0.003910968,-0.03,0,0,-0.015724575
1773775659,TRUE,0.7807735,1773775659,307.0327,246.5907,49.42232,111.62078,1.5724205,307.13516,246.54001,5578.0996,0.999998544,-0.001650077,1.572446405,-12.864838,6.5400085,0.907473594,-1.572446405,0.007718903,-0.003924005,-0.03,0,0,-0.015724464
1773775659,TRUE,0.7807735,1773775659,307.0327,246.5907,49.42232,111.62078,1.5724205,307.10443,246.5552,5559.637,0.999998585,-0.001642299,1.572438627,-12.895569,6.5552063,0.904158314,-1.572438627,0.007737342,-0.003933124,-0.03,0,0,-0.015724386
1773775659,TRUE,0.7807735,1773775659,307.0327,246.5907,49.42232,111.62078,1.5724205,307.08292,246.56586,5546.714,0.999998614,-0.001636855,1.572433182,-12.917084,6.565857,0.90183113,-1.572433182,0.00775025,-0.003939515,-0.03,0,0,-0.015724332
1773775659,TRUE,0.7807735,1773775659,307.0327,246.5907,49.42232,111.62078,1.5724205,307.06787,246.5733,5537.667,0.999998634,-0.001633043,1.572429371,-12.932129,6.573303,0.900198775,-1.572429371,0.007759278,-0.003943982,-0.03,0,0,-0.015724294
1773775659,TRUE,0.7807735,1773775659,307.0327,246.5907,49.42232,111.62078,1.5724205,307.0573,246.57852,5531.3345,0.999998648,-0.001630375,1.572426703,-12.942688,6.5785217,0.89905453,-1.572426703,0.007765613,-0.003947113,-0.03,0,0,-0.015724267
1773775659,TRUE,0.783774,1773775659,306.1981,247.06715,48.74279,111.62623,1.5724508,306.79953,246.72511,5504.226,0.999998643,-0.001637592,1.572433919,-13.20047,6.725113,0.894141629,-1.572433919,0.007920282,-0.004035068,-0.03,0,0,-0.015724339
1773775659,TRUE,0.783774,1773775659,306.1981,247.06715,48.74279,111.62623,1.5724508,306.6191,246.82773,5485.2505,0.99999864,-0.001642643,1.572438971,-13.38089,6.8277283,0.89068815,-1.572438971,0.008028534,-0.004096637,-0.03,0,0,-0.01572439
1773775659,TRUE,0.783774,1773775659,306.1981,247.06715,48.74279,111.62623,1.5724508,306.4928,246.89955,5471.9673,0.999998637,-0.001646179,1.572442506,-13.507202,6.8995514,0.888263659,-1.572442506,0.008104322,-0.004139731,-0.03,0,0,-0.015724425
1773775659,TRUE,0.783774,1773775659,306.1981,247.06715,48.74279,111.62623,1.5724508,306.4044,246.94983,5462.669,0.999998635,-0.001648654,1.572444982,-13.595612,6.949829,0.886562912,-1.572444982,0.008157367,-0.004169898,-0.03,0,0,-0.01572445
1773775659,TRUE,0.783774,1773775659,306.1981,247.06715,48.74279,111.62623,1.5724508,306.3425,246.98503,5456.16,0.999998634,-0.001650387,1.572446714,-13.657501,6.985031,0.885370685,-1.572446714,0.008194502,-0.004191019,-0.03,0,0,-0.015724467
1773775659,TRUE,0.7868279,1773775659,306.83777,246.84229,48.93908,111.90709,1.575114,306.4911,246.94221,5462.301,0.999996248,-0.002450572,1.573246903,-13.508911,6.942215,0.886495513,-1.573246903,0.008105347,-0.004165329,-0.03,0,0,-0.015732469
1773775659,TRUE,0.7868279,1773775659,306.83777,246.84229,48.93908,111.90709,1.575114,306.5951,246.91223,5466.5996,0.999994577,-0.003010702,1.573807036,-13.404907,6.9122314,0.8872822,-1.573807036,0.008042945,-0.004147339,-0.03,0,0,-0.01573807
1773775659,TRUE,0.7868279,1773775659,306.83777,246.84229,48.93908,111.90709,1.575114,306.6679,246.89125,5469.6084,0.999993408,-0.003402793,1.574199129,-13.332092,6.8912506,0.887832414,-1.574199129,0.007999255,-0.004134751,-0.03,0,0,-0.015741991
1773775659,TRUE,0.7868279,1773775659,306.83777,246.84229,48.93908,111.90709,1.575114,306.71887,246.87656,5471.715,0.999992589,-0.003677256,1.574473594,-13.281128,6.8765564,0.888217463,-1.574473594,0.007968677,-0.004125934,-0.03,0,0,-0.015744736
1773775659,TRUE,0.7868279,1773775659,306.83777,246.84229,48.93908,111.90709,1.575114,306.75452,246.86627,5473.1895,0.999992016,-0.003869381,1.574665719,-13.245483,6.866272,0.888486958,-1.574665719,0.00794729,-0.004119763,-0.03,0,0,-0.015746657
1773775659,TRUE,0.7868279,1773775659,306.83777,246.84229,48.93908,111.90709,1.575114,306.77948,246.85907,5474.2217,0.999991615,-0.004003868,1.574800207,-13.22052,6.85907,0.888675502,-1.574800207,0.007932313,-0.004115442,-0.03,0,0,-0.015748002
1773775659,TRUE,0.8212084,1773775659,305.83658,246.5997,49.994057,113.24835,1.5800132,306.4966,246.78125,5530.4785,0.999981388,-0.005567717,1.57636409,-13.503387,6.78125,0.898899762,-1.57636409,0.008102033,-0.00406875,-0.03,0,0,-0.015763641
1773775659,TRUE,0.8212084,1773775659,305.83658,246.5997,49.994057,113.24835,1.5800132,306.29858,246.72678,5569.8584,0.999974229,-0.006662412,1.577458812,-13.701416,6.726776,0.905995069,-1.577458812,0.00822085,-0.004036066,-0.03,0,0,-0.015774588
1773775659,TRUE,0.8212084,1773775659,305.83658,246.5997,49.994057,113.24835,1.5800132,306.15997,246.68866,5597.4243,0.999969218,-0.007428698,1.578225117,-13.840027,6.6886597,0.910932009,-1.578225117,0.008304017,-0.004013196,-0.03,0,0,-0.015782251
1773775659,TRUE,0.8212084,1773775659,305.83658,246.5997,49.994057,113.24835,1.5800132,306.06296,246.66196,5616.7207,0.99996571,-0.007965098,1.57876153,-13.937042,6.661957,0.91437344,-1.57876153,0.008362226,-0.003997174,-0.03,0,0,-0.015787615
1773775659,TRUE,0.8212084,1773775659,305.83658,246.5997,49.994057,113.24835,1.5800132,305.99506,246.64328,5630.2275,0.999963255,-0.008340578,1.579137018,-14.004944,6.64328,0.916775272,-1.579137018,0.008402967,-0.003985968,-0.03,0,0,-0.01579137
1773775659,TRUE,0.84422696,1773775659,305.73773,246.87915,49.560524,114.37236,1.5783256,305.91785,246.71405,5641.6655,0.999965775,-0.008097174,1.578893601,-14.082153,6.7140503,0.918804792,-1.578893601,0.008449293,-0.00402843,-0.03,0,0,-0.015788936
1773775660,TRUE,0.84422696,1773775659,305.73773,246.87915,49.560524,114.37236,1.5783256,305.8638,246.76358,5649.672,0.999967539,-0.007926791,1.578723209,-14.1362,6.7635803,0.920222905,-1.578723209,0.00848172,-0.004058148,-0.03,0,0,-0.015787232
1773775660,TRUE,0.84422696,1773775659,305.73773,246.87915,49.560524,114.37236,1.5783256,305.826,246.79825,5655.2764,0.999968774,-0.007807523,1.578603935,-14.174011,6.7982483,0.921214427,-1.578603935,0.008504408,-0.004078949,-0.03,0,0,-0.015786039
1773775660,TRUE,0.84422696,1773775659,305.73773,246.87915,49.560524,114.37236,1.5783256,305.7995,246.82253,5659.1997,0.999969638,-0.007724036,1.578520443,-14.2005005,6.822525,0.921907899,-1.578520443,0.008520301,-0.004093515,-0.03,0,0,-0.015785204
1773775660,TRUE,0.84422696,1773775659,305.73773,246.87915,49.560524,114.37236,1.5783256,305.78098,246.83952,5661.946,0.999970243,-0.007665594,1.578461999,-14.219025,6.8395233,0.922393043,-1.578461999,0.008531415,-0.004103714,-0.03,0,0,-0.01578462
1773775660,TRUE,0.84422696,1773775659,305.73773,246.87915,49.560524,114.37236,1.5783256,305.768,246.85141,5663.868,0.999970667,-0.007624685,1.578421088,-14.231995,6.85141,0.922732513,-1.578421088,0.008539197,-0.004110846,-0.03,0,0,-0.015784211
1773775660,TRUE,0.79775506,1773775660,306.0538,247.08563,49.173107,113.46123,1.572232,305.85376,246.92169,5638.4805,0.999979157,-0.005767984,1.576564367,-14.14624,6.921692,0.918240048,-1.576564367,0.008487744,-0.004153016,-0.03,0,0,-0.015765644
1773775660,TRUE,0.79775506,1773775660,306.0538,247.08563,49.173107,113.46123,1.572232,305.91376,246.97089,5620.709,0.999985101,-0.004468293,1.575264657,-14.086243,6.970886,0.915083224,-1.575264657,0.008451746,-0.004182532,-0.03,0,0,-0.015752647
1773775660,TRUE,0.79775506,1773775660,306.0538,247.08563,49.173107,113.46123,1.572232,305.95578,247.00531,5608.2686,0.999989262,-0.003558509,1.574354859,-14.04422,7.00531,0.912867483,-1.574354859,0.008426532,-0.004203186,-0.03,0,0,-0.015743549
1773775660,TRUE,0.79775506,1773775660,306.0538,247.08563,49.173107,113.46123,1.572232,305.98517,247.02942,5599.5605,0.999992174,-0.002921661,1.573718002,-14.014832,7.029419,0.911313538,-1.573718002,0.008408899,-0.004217652,-0.03,0,0,-0.01573718
1773775660,TRUE,0.79775506,1773775660,306.0538,247.08563,49.173107,113.46123,1.572232,306.00577,247.0463,5593.465,0.999994213,-0.002475867,1.573272203,-13.994232,7.046295,0.910224357,-1.573272203,0.00839654,-0.004227778,-0.03,0,0,-0.015732722
1773775660,TRUE,0.79775506,1773775660,306.0538,247.08563,49.173107,113.46123,1.572232,306.0202,247.0581,5589.1978,0.99999564,-0.002163811,1.572960144,-13.979797,7.0581055,0.909461185,-1.572960144,0.008387879,-0.004234863,-0.03,0,0,-0.015729601
1773775660,TRUE,0.79489064,1773775660,305.75378,247.19595,48.534103,112.85557,1.572865,305.94028,247.09946,5555.6416,0.999996306,-0.002135272,1.572931603,-14.059723,7.099457,0.903439379,-1.572931603,0.008435834,-0.004259674,-0.03,0,0,-0.015729316
1773775660,TRUE,0.79489064,1773775660,305.75378,247.19595,48.534103,112.85557,1.572865,305.88434,247.12842,5532.1523,0.999996772,-0.002115295,1.572911625,-14.115662,7.128418,0.899202386,-1.572911625,0.008469397,-0.004277051,-0.03,0,0,-0.015729116
1773775660,TRUE,0.79489064,1773775660,305.75378,247.19595,48.534103,112.85557,1.572865,305.84515,247.14868,5515.71,0.999997099,-0.002101311,1.57289764,-14.154846,7.1486816,0.896225831,-1.57289764,0.008492908,-0.004289209,-0.03,0,0,-0.015728976
1773775660,TRUE,0.79489064,1773775660,305.75378,247.19595,48.534103,112.85557,1.572865,305.81775,247.16287,5504.2,0.999997327,-0.002091522,1.572887851,-14.182251,7.1628723,0.894136948,-1.572887851,0.008509351,-0.004297724,-0.03,0,0,-0.015728879
1773775660,TRUE,0.79489064,1773775660,305.75378,247.19595,48.534103,112.85557,1.572865,305.79855,247.17279,5496.1436,0.999997487,-0.00208467,1.572880999,-14.201447,7.1727905,0.89267215,-1.572880999,0.008520869,-0.004303675,-0.03,0,0,-0.01572881
1773775660,TRUE,0.79489064,1773775660,305.75378,247.19595,48.534103,112.85557,1.572865,305.78513,247.17975,5490.504,0.999997599,-0.002079873,1.572876202,-14.214874,7.1797485,0.891645454,-1.572876202,0.008528925,-0.004307849,-0.03,0,0,-0.015728762
1773775660,TRUE,0.81970805,1773775660,305.54312,247.47253,49.854256,114.57886,1.5725131,305.71252,247.26758,5557.026,0.999997877,-0.001970944,1.572767272,-14.287476,7.267578,0.903688482,-1.572767272,0.008572485,-0.004360547,-0.03,0,0,-0.015727673
1773775660,TRUE,0.81970805,1773775660,305.54312,247.47253,49.854256,114.57886,1.5725131,305.6617,247.32906,5603.5913,0.999998072,-0.001894693,1.572691022,-14.338287,7.329056,0.912033158,-1.572691022,0.008602973,-0.004397434,-0.03,0,0,-0.01572691
1773775660,TRUE,0.81970805,1773775660,305.54312,247.47253,49.854256,114.57886,1.5725131,305.62613,247.3721,5636.187,0.999998208,-0.001841318,1.572637646,-14.373871,7.372101,0.917833254,-1.572637646,0.008624323,-0.004423261,-0.03,0,0,-0.015726376
1773775660,TRUE,0.81970805,1773775660,305.54312,247.47253,49.854256,114.57886,1.5725131,305.60123,247.40222,5659.004,0.999998304,-0.001803955,1.572600283,-14.398773,7.4022217,0.921873284,-1.572600283,0.008639264,-0.004441333,-0.03,0,0,-0.015726003
1773775660,TRUE,0.81970805,1773775660,305.54312,247.47253,49.854256,114.57886,1.5725131,305.5838,247.42331,5674.976,0.99999837,-0.001777802,1.572574129,-14.416199,7.4233093,0.924691833,-1.572574129,0.00864972,-0.004453986,-0.03,0,0,-0.015725741
1773775660,TRUE,0.7920235,1773775660,305.5475,247.13313,48.331104,111.97751,1.5716687,305.5729,247.33627,5596.082,0.999998745,-0.001506186,1.572302514,-14.4270935,7.336273,0.910692184,-1.572302514,0.008656257,-0.004401764,-0.03,0,0,-0.015723025
1773775660,TRUE,0.7920235,1773775660,305.5475,247.13313,48.331104,111.97751,1.5716687,305.56528,247.27533,5540.8564,0.999999007,-0.001316056,1.572112383,-14.434723,7.2753296,0.900774475,-1.572112383,0.008660834,-0.004365198,-0.03,0,0,-0.015721124
1773775660,TRUE,0.7920235,1773775660,305.5475,247.13313,48.331104,111.97751,1.5716687,305.55994,247.23267,5502.198,0.999999191,-0.001182964,1.571979291,-14.440063,7.232666,0.893773096,-1.571979291,0.008664038,-0.0043396,-0.03,0,0,-0.015719793
1773775660,TRUE,0.7920235,1773775660,305.5475,247.13313,48.331104,111.97751,1.5716687,305.5562,247.20282,5475.1377,0.99999932,-0.0010898,1.571886127,-14.443787,7.20282,0.888842838,-1.571886127,0.008666272,-0.004321692,-0.03,0,0,-0.015718861
1773775660,TRUE,0.7920235,1773775660,305.5475,247.13313,48.331104,111.97751,1.5716687,305.5536,247.18192,5456.1953,0.99999941,-0.001024585,1.571820912,-14.446411,7.1819153,0.885377177,-1.571820912,0.008667847,-0.00430915,-0.03,0,0,-0.015718209
1773775660,TRUE,0.7829083,1773775660,305.3274,247.10242,49.054314,114.51409,1.5732335,305.48572,247.15808,5504.5596,0.999998696,-0.001448356,1.572244684,-14.514282,7.158081,0.894202176,-1.572244684,0.00870857,-0.004294849,-0.03,0,0,-0.015722447
1773775660,TRUE,0.7829083,1773775660,305.3274,247.10242,49.054314,114.51409,1.5732335,305.43823,247.14139,5538.415,0.999998196,-0.001744996,1.572541324,-14.561768,7.141388,0.900333768,-1.572541324,0.008737061,-0.004284833,-0.03,0,0,-0.015725413
1773775660,TRUE,0.7829083,1773775660,305.3274,247.10242,49.054314,114.51409,1.5732335,305.40497,247.1297,5562.1133,0.999997846,-0.001952644,1.572748973,-14.595032,7.1296997,0.904603515,-1.572748973,0.008757019,-0.00427782,-0.03,0,0,-0.01572749
1773775660,TRUE,0.7829083,1773775660,305.3274,247.10242,49.054314,114.51409,1.5732335,305.3817,247.12152,5578.702,0.999997601,-0.002097998,1.572894326,-14.618286,7.121521,0.907581634,-1.572894326,0.008770973,-0.004272913,-0.03,0,0,-0.015728943
1773775660,TRUE,0.7829083,1773775660,305.3274,247.10242,49.054314,114.51409,1.5732335,305.36542,247.11578,5590.3145,0.99999743,-0.002199745,1.572996074,-14.6345825,7.1157837,0.909660985,-1.572996074,0.00878075,-0.004269471,-0.03,0,0,-0.015729961
1773775660,TRUE,0.7829083,1773775660,305.3274,247.10242,49.054314,114.51409,1.5732335,305.354,247.11179,5598.4434,0.99999731,-0.002270968,1.573067297,-14.645996,7.111786,0.911114068,-1.573067297,0.008787598,-0.004267072,-0.03,0,0,-0.015730673
1773775660,TRUE,0.7993793,1773775660,305.37518,247.21295,49.006454,112.890656,1.571193,305.36035,247.14212,5578.6216,0.999998093,-0.001708674,1.572505002,-14.639648,7.1421204,0.907567203,-1.572505002,0.008783789,-0.004285272,-0.03,0,0,-0.01572505
1773775660,TRUE,0.7993793,1773775660,305.37518,247.21295,49.006454,112.890656,1.571193,305.3648,247.16336,5564.7466,0.999998642,-0.001315068,1.572111395,-14.635193,7.1633606,0.905076873,-1.572111395,0.008781116,-0.004298016,-0.03,0,0,-0.015721114
1773775660,TRUE,0.7993793,1773775660,305.37518,247.21295,49.006454,112.890656,1.571193,305.36792,247.17822,5555.0337,0.999999026,-0.001039543,1.571835871,-14.63208,7.1782227,0.903329924,-1.571835871,0.008779248,-0.004306934,-0.03,0,0,-0.015718359
1773775660,TRUE,0.7993793,1773775660,305.37518,247.21295,49.006454,112.890656,1.571193,305.3701,247.18863,5548.235,0.999999294,-0.000846676,1.571643003,-14.629913,7.188629,0.9021053,-1.571643003,0.008777948,-0.004313178,-0.03,0,0,-0.01571643
1773775660,TRUE,0.7993793,1773775660,305.37518,247.21295,49.006454,112.890656,1.571193,305.3716,247.19592,5543.4756,0.999999482,-0.000711669,1.571507996,-14.628387,7.195923,0.901247131,-1.571507996,0.008777033,-0.004317554,-0.03,0,0,-0.01571508
1773775660,TRUE,0.8303477,1773775660,305.38864,247.03601,49.236046,113.18306,1.5784228,305.3767,247.14795,5552.239,0.999990913,-0.002786084,1.573582429,-14.623291,7.147949,0.902826645,-1.573582429,0.008773975,-0.00428877,-0.03,0,0,-0.015735824
1773775660,TRUE,0.8303477,1773775660,305.38864,247.03601,49.236046,113.18306,1.5784228,305.38028,247.11436,5558.373,0.999984915,-0.004238174,1.575034539,-14.61972,7.1143646,0.90393086,-1.575034539,0.008771833,-0.004268619,-0.03,0,0,-0.015750345
1773775660,TRUE,0.8303477,1773775660,305.38864,247.03601,49.236046,113.18306,1.5784228,305.38278,247.09087,5562.667,0.999980716,-0.005254637,1.576051017,-14.617218,7.090866,0.904703086,-1.576051017,0.008770331,-0.00425452,-0.03,0,0,-0.01576051
1773775660,TRUE,0.8303477,1773775660,305.38864,247.03601,49.236046,113.18306,1.5784228,305.38452,247.07442,5565.673,0.999977777,-0.005966161,1.57676255,-14.6154785,7.074417,0.905243319,-1.57676255,0.008769288,-0.00424465,-0.03,0,0,-0.015767625
1773775660,TRUE,0.8303477,1773775660,305.38864,247.03601,49.236046,113.18306,1.5784228,305.38574,247.0629,5567.777,0.999975719,-0.006464228,1.577260622,-14.614258,7.0628967,0.905621241,-1.577260622,0.008768555,-0.004237738,-0.03,0,0,-0.015772606
1773775660,TRUE,0.78747106,1773775660,305.00192,247.0969,49.084427,112.976974,1.5735947,305.2706,247.0731,5561.067,0.999981829,-0.005364467,1.57616084,-14.729401,7.073105,0.904415441,-1.57616084,0.008837641,-0.004243863,-0.03,0,0,-0.015761608
1773775660,TRUE,0.78747106,1773775660,305.00192,247.0969,49.084427,112.976974,1.5735947,305.19,247.08025,5556.37,0.999986106,-0.004594635,1.575390993,-14.809998,7.080246,0.903570458,-1.575390993,0.008885999,-0.004248148,-0.03,0,0,-0.01575391
1773775660,TRUE,0.78747106,1773775660,305.00192,247.0969,49.084427,112.976974,1.5735947,305.13358,247.08525,5553.082,0.999989099,-0.004055752,1.574852101,-14.866425,7.085251,0.902978486,-1.574852101,0.008919856,-0.004251151,-0.03,0,0,-0.015748521
1773775660,TRUE,0.78747106,1773775660,305.00192,247.0969,49.084427,112.976974,1.5735947,305.0941,247.08875,5550.781,0.999991195,-0.003678534,1.574474877,-14.905914,7.088745,0.902564081,-1.574474877,0.008943549,-0.004253247,-0.03,0,0,-0.015744749
1773775660,TRUE,0.78747106,1773775660,305.00192,247.0969,49.084427,112.976974,1.5735947,305.06644,247.09119,5549.1694,0.999992662,-0.003414482,1.57421082,-14.933563,7.0911865,0.902273692,-1.57421082,0.008960138,-0.004254712,-0.03,0,0,-0.015742108
1773775660,TRUE,0.7604657,1773775660,305.34595,247.13474,48.24673,111.26902,1.5734907,305.1503,247.10425,5494.9287,0.999993774,-0.00319846,1.573994796,-14.849701,7.104248,0.892451053,-1.573994796,0.008909821,-0.004262549,-0.03,0,0,-0.015739948
1773775660,TRUE,0.7604657,1773775660,305.34595,247.13474,48.24673,111.26902,1.5734907,305.20898,247.1134,5456.96,0.999994553,-0.003047244,1.573843578,-14.791016,7.1134033,0.885517333,-1.573843578,0.00887461,-0.004268042,-0.03,0,0,-0.015738436
1773775660,TRUE,0.7604657,1773775660,305.34595,247.13474,48.24673,111.26902,1.5734907,305.25006,247.11981,5430.382,0.999995098,-0.002941394,1.573737726,-14.749939,7.119812,0.880634855,-1.573737726,0.008849964,-0.004271887,-0.03,0,0,-0.015737377
1773775660,TRUE,0.7604657,1773775660,305.34595,247.13474,48.24673,111.26902,1.5734907,305.2788,247.1243,5411.7773,0.99999548,-0.002867298,1.57366363,-14.721191,7.124298,0.87720296,-1.57366363,0.008832715,-0.004274579,-0.03,0,0,-0.015736636
1773775660,TRUE,0.7604657,1773775660,305.34595,247.13474,48.24673,111.26902,1.5734907,305.29895,247.12743,5398.7544,0.999995747,-0.002815431,1.573611763,-14.70105,7.127426,0.874793725,-1.573611763,0.008820631,-0.004276456,-0.03,0,0,-0.015736118
1773775660,TRUE,0.7604657,1773775660,305.34595,247.13474,48.24673,111.26902,1.5734907,305.31305,247.12962,5389.638,0.999995934,-0.002779125,1.573575456,-14.686951,7.1296234,0.873103652,-1.573575456,0.008812171,-0.004277774,-0.03,0,0,-0.015735755
1773775660,TRUE,0.7988966,1773775660,304.70428,247.6007,50.040024,113.36125,1.5720102,305.13043,247.27095,5474.5264,0.999996933,-0.002309537,1.573105867,-14.869568,7.2709503,0.888731186,-1.573105867,0.008921742,-0.004362571,-0.03,0,0,-0.015731059
1773775660,TRUE,0.7988966,1773775660,304.70428,247.6007,50.040024,113.36125,1.5720102,305.00256,247.36987,5533.948,0.999997632,-0.001980826,1.572777154,-14.997437,7.369873,0.899526932,-1.572777154,0.008998462,-0.004421924,-0.03,0,0,-0.015727772
1773775660,TRUE,0.7988966,1773775660,304.70428,247.6007,50.040024,113.36125,1.5720102,304.9131,247.43912,5575.5435,0.999998121,-0.001750728,1.572547056,-15.086914,7.4391174,0.907015231,-1.572547056,0.009052149,-0.004463471,-0.03,0,0,-0.015725471
1773775660,TRUE,0.7988966,1773775660,304.70428,247.6007,50.040024,113.36125,1.5720102,304.85046,247.4876,5604.66,0.999998464,-0.001589659,1.572385987,-15.149536,7.4875946,0.912223826,-1.572385987,0.009089722,-0.004492557,-0.03,0,0,-0.01572386
1773775660,TRUE,0.7988966,1773775660,304.70428,247.6007,50.040024,113.36125,1.5720102,304.8066,247.52153,5625.042,0.999998704,-0.001476911,1.572273239,-15.19339,7.52153,0.915853854,-1.572273239,0.009116034,-0.004512918,-0.03,0,0,-0.015722732
1773775660,TRUE,0.8057604,1773775660,304.9356,247.41449,49.764496,112.30514,1.5714806,304.8453,247.48943,5614.172,0.999999022,-0.001239129,1.572035457,-15.154694,7.4894257,0.913919568,-1.572035457,0.009092816,-0.004493656,-0.03,0,0,-0.015720355
1773775660,TRUE,0.8057604,1773775660,304.9356,247.41449,49.764496,112.30514,1.5714806,304.87238,247.46695,5606.563,0.999999245,-0.001072682,1.571869009,-15.1276245,7.4669495,0.912563319,-1.571869009,0.009076575,-0.00448017,-0.03,0,0,-0.01571869
1773775660,TRUE,0.8057604,1773775660,304.9356,247.41449,49.764496,112.30514,1.5714806,304.89136,247.45122,5601.237,0.999999402,-0.000956169,1.571752496,-15.108643,7.4512177,0.911612907,-1.571752496,0.009065186,-0.004470731,-0.03,0,0,-0.015717525
1773775660,TRUE,0.8057604,1773775660,304.9356,247.41449,49.764496,112.30514,1.5714806,304.90463,247.4402,5597.5083,0.999999511,-0.00087461,1.571670937,-15.095367,7.440201,0.910946966,-1.571670937,0.009057221,-0.004464121,-0.03,0,0,-0.015716709
1773775660,TRUE,0.8057604,1773775660,304.9356,247.41449,49.764496,112.30514,1.5714806,304.91394,247.4325,5594.8984,0.999999587,-0.000817518,1.571613845,-15.08606,7.432495,0.9104806,-1.571613845,0.009051636,-0.004459497,-0.03,0,0,-0.015716138
1773775660,TRUE,0.7911399,1773775660,304.9285,247.65947,50.96917,114.75671,1.5746051,304.9183,247.50058,5671.1455,0.999997535,-0.001714894,1.572511224,-15.081696,7.50058,0.924016567,-1.572511224,0.009049018,-0.004500348,-0.03,0,0,-0.015725112
1773775660,TRUE,0.7911399,1773775660,304.9285,247.65947,50.96917,114.75671,1.5746051,304.92136,247.54825,5724.518,0.999996099,-0.002343057,1.573139389,-15.078644,7.5482483,0.933383762,-1.573139389,0.009047187,-0.004528949,-0.03,0,0,-0.015731394
1773775660,TRUE,0.7911399,1773775660,304.9285,247.65947,50.96917,114.75671,1.5746051,304.9235,247.5816,5761.879,0.999995093,-0.002782772,1.573579105,-15.076508,7.581604,0.939889044,-1.573579105,0.009045905,-0.004548963,-0.03,0,0,-0.015735791
1773775660,TRUE,0.7911399,1773775660,304.9285,247.65947,50.96917,114.75671,1.5746051,304.925,247.60495,5788.0312,0.999994389,-0.003090571,1.573886906,-15.075012,7.60495,0.944417646,-1.573886906,0.009045008,-0.00456297,-0.03,0,0,-0.015738869
1773775660,TRUE,0.7911399,1773775660,304.9285,247.65947,50.96917,114.75671,1.5746051,304.92606,247.6213,5806.338,0.999993896,-0.003306031,1.574102366,-15.073944,7.6213074,0.947575509,-1.574102366,0.009044367,-0.004572785,-0.03,0,0,-0.015741024
1773775660,TRUE,0.80304843,1773775660,305.34464,247.46706,50.61945,113.52681,1.57447,305.05164,247.57504,5788.436,0.999993703,-0.003416334,1.574212669,-14.948364,7.5750427,0.944487556,-1.574212669,0.008969019,-0.004545026,-0.03,0,0,-0.015742127
1773775660,TRUE,0.80304843,1773775660,305.34464,247.46706,50.61945,113.52681,1.57447,305.13953,247.54263,5775.905,0.999993568,-0.003493547,1.574289882,-14.860474,7.542633,0.942320386,-1.574289882,0.008916285,-0.00452558,-0.03,0,0,-0.015742899
1773775660,TRUE,0.80304843,1773775660,305.34464,247.46706,50.61945,113.52681,1.57447,305.20105,247.51996,5767.133,0.999993473,-0.003547595,1.57434393,-14.79895,7.5199585,0.940800501,-1.57434393,0.008879371,-0.004511975,-0.03,0,0,-0.015743439
1773775660,TRUE,0.80304843,1773775660,305.34464,247.46706,50.61945,113.52681,1.57447,305.24414,247.50409,5760.992,0.999993407,-0.003585429,1.574381764,-14.755859,7.5040894,0.93973516,-1.574381764,0.008853516,-0.004502454,-0.03,0,0,-0.015743818
1773775660,TRUE,0.80304843,1773775660,305.34464,247.46706,50.61945,113.52681,1.57447,305.2743,247.49298,5756.694,0.99999336,-0.003611913,1.574408248,-14.725708,7.492981,0.938988782,-1.574408248,0.008835426,-0.004495789,-0.03,0,0,-0.015744082
1773775660,TRUE,0.80453473,1773775660,305.3161,247.20717,49.697933,112.70715,1.571754,305.28683,247.40724,5710.079,0.999995215,-0.002815634,1.573611967,-14.713165,7.407242,0.930858295,-1.573611967,0.0088279,-0.004444345,-0.03,0,0,-0.01573612
1773775660,TRUE,0.80453473,1773775660,305.3161,247.20717,49.697933,112.70715,1.571754,305.2956,247.34723,5677.449,0.999996513,-0.00225824,1.57305457,-14.704407,7.347229,0.925127514,-1.57305457,0.008822644,-0.004408338,-0.03,0,0,-0.015730546
1773775660,TRUE,0.80453473,1773775660,305.3161,247.20717,49.697933,112.70715,1.571754,305.30176,247.3052,5654.6084,0.999997421,-0.001868063,1.572664393,-14.698242,7.3052063,0.921096271,-1.572664393,0.008818946,-0.004383124,-0.03,0,0,-0.015726644
1773775660,TRUE,0.80453473,1773775660,305.3161,247.20717,49.697933,112.70715,1.571754,305.30606,247.2758,5638.6196,0.999998057,-0.00159494,1.572391268,-14.693939,7.2758026,0.9182647,-1.572391268,0.008816364,-0.004365482,-0.03,0,0,-0.015723913
1773775660,TRUE,0.80453473,1773775660,305.3161,247.20717,49.697933,112.70715,1.571754,305.30908,247.25522,5627.4277,0.999998503,-0.001403753,1.572200081,-14.690918,7.2552185,0.916277857,-1.572200081,0.008814551,-0.004353131,-0.03,0,0,-0.015722001
1773775660,TRUE,0.80453473,1773775660,305.3161,247.20717,49.697933,112.70715,1.571754,305.3112,247.2408,5619.5933,0.999998814,-0.001269923,1.572066251,-14.688812,7.240799,0.914884695,-1.572066251,0.008813288,-0.00434448,-0.03,0,0,-0.015720663
1773775660,TRUE,0.8161263,1773775660,305.6985,247.70642,50.281204,113.72416,1.57354,305.42737,247.3805,5649.172,0.999998041,-0.001712039,1.572508367,-14.572632,7.380493,0.920134368,-1.572508367,0.00874358,-0.004428296,-0.03,0,0,-0.015725084
1773775660,TRUE,0.8161263,1773775660,305.6985,247.70642,50.281204,113.72416,1.57354,305.5087,247.47827,5669.8765,0.999997499,-0.00202152,1.572817849,-14.4913025,7.4782715,0.923792734,-1.572817849,0.008694782,-0.004486963,-0.03,0,0,-0.015728178
1773775660,TRUE,0.8161263,1773775660,305.6985,247.70642,50.281204,113.72416,1.57354,305.5656,247.54672,5684.37,0.99999712,-0.002238156,1.573034486,-14.434387,7.5467224,0.926345716,-1.573034486,0.008660633,-0.004528034,-0.03,0,0,-0.015730345
1773775660,TRUE,0.8161263,1773775660,305.6985,247.70642,50.281204,113.72416,1.57354,305.60547,247.59464,5694.5156,0.999996855,-0.002389802,1.573186132,-14.394531,7.594635,0.928129009,-1.573186132,0.00863672,-0.004556781,-0.03,0,0,-0.015731861
1773775660,TRUE,0.8161263,1773775660,305.6985,247.70642,50.281204,113.72416,1.57354,305.63336,247.62817,5701.617,0.999996669,-0.002495954,1.573292284,-14.366638,7.628174,0.929375283,-1.573292284,0.008619984,-0.004576905,-0.03,0,0,-0.015732923
1773775660,TRUE,0.7989395,1773775660,305.29358,247.20995,49.51745,113.69713,1.573502,305.53143,247.50272,5680.13,0.999996571,-0.002558852,1.573355182,-14.468567,7.502716,0.925599572,-1.573355182,0.008681141,-0.00450163,-0.03,0,0,-0.015733552
1773775660,TRUE,0.7989395,1773775660,305.29358,247.20995,49.51745,113.69713,1.573502,305.46008,247.41489,5665.0884,0.999996501,-0.002602881,1.573399211,-14.539917,7.4148865,0.922947963,-1.573399211,0.008723951,-0.004448932,-0.03,0,0,-0.015733992
1773775660,TRUE,0.7989395,1773775660,305.29358,247.20995,49.51745,113.69713,1.573502,305.41013,247.3534,5654.5596,0.999996453,-0.002633701,1.573430031,-14.589874,7.3533936,0.921087634,-1.573430031,0.008753925,-0.004412036,-0.03,0,0,-0.0157343
1773775660,TRUE,0.7989395,1773775660,305.29358,247.20995,49.51745,113.69713,1.573502,305.37515,247.31036,5647.1895,0.999996419,-0.002655275,1.573451605,-14.624847,7.310364,0.91978337,-1.573451605,0.008774909,-0.004386218,-0.03,0,0,-0.015734516
1773775660,TRUE,0.7989395,1773775660,305.29358,247.20995,49.51745,113.69713,1.573502,305.35068,247.28024,5642.0303,0.999996395,-0.002670377,1.573466707,-14.6493225,7.280243,0.918869382,-1.573466707,0.008789594,-0.004368146,-0.03,0,0,-0.015734667
1773775660,TRUE,0.7733267,1773775660,305.51587,246.8676,48.815918,111.58272,1.5719068,305.40024,247.15643,5583.525,0.999997292,-0.002202407,1.572998736,-14.599762,7.156433,0.908445728,-1.572998736,0.008759857,-0.00429386,-0.03,0,0,-0.015729987
1773775660,TRUE,0.7733267,1773775660,305.51587,246.8676,48.815918,111.58272,1.5719068,305.43494,247.0698,5542.5713,0.999997919,-0.001874828,1.572671157,-14.565063,7.0697937,0.901083988,-1.572671157,0.008739038,-0.004241876,-0.03,0,0,-0.015726712
1773775660,TRUE,0.7733267,1773775660,305.51587,246.8676,48.815918,111.58272,1.5719068,305.45923,247.00912,5513.904,0.999998358,-0.001645523,1.572441851,-14.5407715,7.0091248,0.895898264,-1.572441851,0.008724463,-0.004205475,-0.03,0,0,-0.015724419
1773775660,TRUE,0.7733267,1773775660,305.51587,246.8676,48.815918,111.58272,1.5719068,305.47623,246.96667,5493.8364,0.999998666,-0.00148501,1.572281337,-14.523773,6.966675,0.892252278,-1.572281337,0.008714264,-0.004180005,-0.03,0,0,-0.015722813
1773775660,TRUE,0.7733267,1773775660,305.51587,246.8676,48.815918,111.58272,1.5719068,305.48813,246.93695,5479.7896,0.999998881,-0.00137265,1.572168978,-14.511871,6.9369507,0.889692126,-1.572168978,0.008707123,-0.004162171,-0.03,0,0,-0.01572169
1773775660,TRUE,0.7733267,1773775660,305.51587,246.8676,48.815918,111.58272,1.5719068,305.49646,246.91614,5469.9565,0.999999032,-0.001293999,1.572090326,-14.50354,6.9161377,0.887896092,-1.572090326,0.008702125,-0.004149683,-0.03,0,0,-0.015720903
1773775660,TRUE,0.76613796,1773775660,304.87402,247.44423,49.529083,113.45268,1.5720016,305.30972,247.07455,5514.732,0.999999104,-0.001267374,1.572063701,-14.690277,7.0745544,0.896048437,-1.572063701,0.008814166,-0.004244733,-0.03,0,0,-0.015720637
1773775660,TRUE,0.76613796,1773775660,304.87402,247.44423,49.529083,113.45268,1.5720016,305.17902,247.18546,5546.0747,0.999999155,-0.001248736,1.572045064,-14.820984,7.1854553,0.901715886,-1.572045064,0.008892591,-0.004311273,-0.03,0,0,-0.015720451
1773775660,TRUE,0.76613796,1773775660,304.87402,247.44423,49.529083,113.45268,1.5720016,305.08752,247.26309,5568.0146,0.999999191,-0.00123569,1.572032017,-14.912476,7.263092,0.905664037,-1.572032017,0.008947486,-0.004357855,-0.03,0,0,-0.01572032
1773775660,TRUE,0.76613796,1773775660,304.87402,247.44423,49.529083,113.45268,1.5720016,305.02347,247.31744,5583.3726,0.999999216,-0.001226558,1.572022885,-14.976532,7.317444,0.90841843,-1.572022885,0.00898592,-0.004390467,-0.03,0,0,-0.015720229
1773775661,TRUE,0.76613796,1773775660,304.87402,247.44423,49.529083,113.45268,1.5720016,304.97864,247.35547,5594.123,0.999999233,-0.001220165,1.572016493,-15.021362,7.3554688,0.910341982,-1.572016493,0.009012817,-0.004413282,-0.03,0,0,-0.015720165
1773775661,TRUE,0.7086749,1773775661,304.73257,246.931,48.6993,111.77579,1.5709149,304.90482,247.22812,5548.9067,0.999999461,-0.000889677,1.571686004,-15.095184,7.228119,0.902226398,-1.571686004,0.009057111,-0.004336872,-0.03,0,0,-0.01571686
1773775661,TRUE,0.7086749,1773775661,304.73257,246.931,48.6993,111.77579,1.5709149,304.85315,247.13898,5517.2554,0.999999621,-0.000658335,1.571454662,-15.146851,7.138977,0.896505919,-1.571454662,0.009088111,-0.004283386,-0.03,0,0,-0.015714547
1773775661,TRUE,0.7086749,1773775661,304.73257,246.931,48.6993,111.77579,1.5709149,304.817,247.07658,5495.0996,0.999999732,-0.000496396,1.571292723,-15.183014,7.076584,0.892482111,-1.571292723,0.009109809,-0.00424595,-0.03,0,0,-0.015712927
1773775661,TRUE,0.7086749,1773775661,304.73257,246.931,48.6993,111.77579,1.5709149,304.79166,247.03291,5479.5903,0.999999811,-0.000383039,1.571179365,-15.2083435,7.032913,0.889655791,-1.571179365,0.009125006,-0.004219748,-0.03,0,0,-0.015711794
1773775661,TRUE,0.7086749,1773775661,304.73257,246.931,48.6993,111.77579,1.5709149,304.77393,247.00233,5468.734,0.999999865,-0.000303688,1.571100015,-15.226074,7.0023346,0.887672563,-1.571100015,0.009135645,-0.004201401,-0.03,0,0,-0.015711
1773775661,TRUE,0.78141856,1773775661,304.01053,247.47812,49.147316,113.253494,1.5797875,304.54492,247.14507,5497.9453,0.99998778,-0.002909895,1.573706249,-15.455078,7.1450653,0.892999896,-1.573706249,0.009273048,-0.004287039,-0.03,0,0,-0.015737062
1773775661,TRUE,0.78141856,1773775661,304.01053,247.47812,49.147316,113.253494,1.5797875,304.3846,247.24498,5518.3936,0.99997932,-0.00473424,1.575530629,-15.615387,7.24498,0.896712214,-1.575530629,0.009369233,-0.004346988,-0.03,0,0,-0.015755306
1773775661,TRUE,0.78141856,1773775661,304.01053,247.47812,49.147316,113.253494,1.5797875,304.2724,247.31493,5532.707,0.999973398,-0.006011282,1.576807696,-15.7276,7.314926,0.89930269,-1.576807696,0.009436561,-0.004388956,-0.03,0,0,-0.015768077
1773775661,TRUE,0.78141856,1773775661,304.01053,247.47812,49.147316,113.253494,1.5797875,304.19385,247.36389,5542.7266,0.999969252,-0.006905211,1.57770164,-15.806152,7.3638916,0.901111971,-1.57770164,0.009483692,-0.004418335,-0.03,0,0,-0.015777016
1773775661,TRUE,0.78141856,1773775661,304.01053,247.47812,49.147316,113.253494,1.5797875,304.13885,247.39816,5549.74,0.999966351,-0.007530961,1.578327399,-15.861145,7.398163,0.90237659,-1.578327399,0.009516687,-0.004438898,-0.03,0,0,-0.015783274
1773775661,TRUE,0.78141856,1773775661,304.01053,247.47812,49.147316,113.253494,1.5797875,304.10037,247.42215,5554.65,0.999964319,-0.007968986,1.578765428,-15.899628,7.4221497,0.903260844,-1.578765428,0.009539777,-0.00445329,-0.03,0,0,-0.015787654
1773775661,TRUE,0.79307485,1773775661,304.38895,247.20541,49.49537,113.78696,1.5711286,304.18695,247.35712,5577.833,0.999975007,-0.005677974,1.576474382,-15.813049,7.3571167,0.907425775,-1.576474382,0.00948783,-0.00441427,-0.03,0,0,-0.015764744
1773775661,TRUE,0.79307485,1773775661,304.38895,247.20541,49.49537,113.78696,1.5711286,304.24756,247.31161,5594.0615,0.999982488,-0.004074266,1.574870642,-15.752441,7.311615,0.910331045,-1.574870642,0.009451466,-0.004386969,-0.03,0,0,-0.015748706
1773775661,TRUE,0.79307485,1773775661,304.38895,247.20541,49.49537,113.78696,1.5711286,304.28998,247.27975,5605.4214,0.999987725,-0.00295167,1.573748025,-15.710022,7.2797546,0.912359695,-1.573748025,0.009426014,-0.004367853,-0.03,0,0,-0.01573748
1773775661,TRUE,0.79307485,1773775661,304.38895,247.20541,49.49537,113.78696,1.5711286,304.31967,247.25745,5613.373,0.999991391,-0.002165853,1.572962195,-15.680328,7.2574463,0.913777219,-1.572962195,0.009408197,-0.004354468,-0.03,0,0,-0.015729622
1773775661,TRUE,0.79307485,1773775661,304.38895,247.20541,49.49537,113.78696,1.5711286,304.34045,247.24185,5618.9395,0.999993957,-0.001615781,1.572412116,-15.659546,7.241852,0.914768368,-1.572412116,0.009395728,-0.004345111,-0.03,0,0,-0.015724121
1773775661,TRUE,0.75774944,1773775661,304.79657,246.86868,48.875538,112.60874,1.5702413,304.4773,247.1299,5584.4014,0.999995724,-0.000964548,1.571760879,-15.522705,7.129898,0.908602677,-1.571760879,0.009313623,-0.004277939,-0.03,0,0,-0.015717609
1773775661,TRUE,0.75774944,1773775661,304.79657,246.86868,48.875538,112.60874,1.5702413,304.5731,247.05153,5560.2246,0.99999696,-0.000508685,1.571305014,-15.42691,7.051529,0.904263914,-1.571305014,0.009256147,-0.004230917,-0.03,0,0,-0.01571305
1773775661,TRUE,0.75774944,1773775661,304.79657,246.86868,48.875538,112.60874,1.5702413,304.64014,246.99667,5543.3013,0.999997826,-0.000189581,1.570985909,-15.359863,6.9966736,0.901215666,-1.570985909,0.009215918,-0.004198005,-0.03,0,0,-0.015709859
1773775661,TRUE,0.75774944,1773775661,304.79657,246.86868,48.875538,112.60874,1.5702413,304.68707,246.95828,5531.4546,0.999998432,3.38E-05,1.570762535,-15.312927,6.9582825,0.899076263,-1.570762535,0.009187757,-0.00417497,-0.03,0,0,-0.015707625
1773775661,TRUE,0.75774944,1773775661,304.79657,246.86868,48.875538,112.60874,1.5702413,304.7199,246.9314,5523.162,0.999998856,0.000190152,1.570606174,-15.28009,6.9313965,0.897575934,-1.570606174,0.009168055,-0.004158838,-0.03,0,0,-0.015706062
1773775661,TRUE,0.78793937,1773775661,304.7199,247.0494,49.444748,112.99652,1.5704014,304.7199,246.9668,5542.339,0.999999176,0.000251576,1.570544751,-15.28009,6.966797,0.90104206,-1.570544751,0.009168055,-0.004180078,-0.03,0,0,-0.015705448
1773775661,TRUE,0.78793937,1773775661,304.7199,247.0494,49.444748,112.99652,1.5704014,304.7199,246.99158,5555.7627,0.9999994,0.000294572,1.570501755,-15.28009,6.991577,0.903461114,-1.570501755,0.009168055,-0.004194947,-0.03,0,0,-0.015705018
1773775661,TRUE,0.78793937,1773775661,304.7199,247.0494,49.444748,112.99652,1.5704014,304.7199,247.00893,5565.159,0.999999556,0.000324669,1.570471657,-15.28009,7.0089264,0.905151034,-1.570471657,0.009168055,-0.004205356,-0.03,0,0,-0.015704717
1773775661,TRUE,0.78793937,1773775661,304.7199,247.0494,49.444748,112.99652,1.5704014,304.7199,247.02107,5571.737,0.999999666,0.000345738,1.570450589,-15.28009,7.0210724,0.906332253,-1.570450589,0.009168055,-0.004212644,-0.03,0,0,-0.015704506
1773775661,TRUE,0.78793937,1773775661,304.7199,247.0494,49.444748,112.99652,1.5704014,304.7199,247.02957,5576.3413,0.999999743,0.000360485,1.570435841,-15.28009,7.0295715,0.907158353,-1.570435841,0.009168055,-0.004217743,-0.03,0,0,-0.015704358
1773775661,TRUE,0.78793937,1773775661,304.7199,247.0494,49.444748,112.99652,1.5704014,304.7199,247.03552,5579.5645,0.999999797,0.000370809,1.570425518,-15.28009,7.0355225,0.907736122,-1.570425518,0.009168055,-0.004221314,-0.03,0,0,-0.015704255
1773775661,TRUE,0.80305845,1773775661,304.86365,247.41951,49.660984,113.51546,1.5738493,304.76303,247.15073,5596.882,0.99999846,-0.000656331,1.571452658,-15.236969,7.1507263,0.910835069,-1.571452658,0.009142182,-0.004290436,-0.03,0,0,-0.015714527
1773775661,TRUE,0.80305845,1773775661,304.86365,247.41951,49.660984,113.51546,1.5738493,304.7932,247.23135,5609.004,0.999997524,-0.001375328,1.572171657,-15.206787,7.2313538,0.912998576,-1.572171657,0.009124072,-0.004338813,-0.03,0,0,-0.015721717
1773775661,TRUE,0.80305845,1773775661,304.86365,247.41951,49.660984,113.51546,1.5738493,304.81433,247.28781,5617.4893,0.999996868,-0.001878626,1.572674957,-15.185669,7.2878113,0.914510259,-1.572674957,0.009111402,-0.004372687,-0.03,0,0,-0.01572675
1773775661,TRUE,0.80305845,1773775661,304.86365,247.41951,49.660984,113.51546,1.5738493,304.82913,247.32733,5623.429,0.99999641,-0.002230935,1.573027266,-15.170868,7.3273315,0.915567108,-1.573027266,0.009102521,-0.004396399,-0.03,0,0,-0.015730273
1773775661,TRUE,0.80305845,1773775661,304.86365,247.41951,49.660984,113.51546,1.5738493,304.83948,247.35498,5627.587,0.999996089,-0.002477551,1.573273883,-15.160522,7.3549805,0.916306181,-1.573273883,0.009096314,-0.004412989,-0.03,0,0,-0.015732739
1773775661,TRUE,0.8087853,1773775661,304.36206,247.39223,50.352726,113.85804,1.5716995,304.69626,247.36615,5659.2295,0.99999714,-0.002005238,1.572801568,-15.303741,7.36615,0.921913209,-1.572801568,0.009182246,-0.00441969,-0.03,0,0,-0.015728016
1773775661,TRUE,0.8087853,1773775661,304.36206,247.39223,50.352726,113.85804,1.5716995,304.596,247.37396,5681.3794,0.999997875,-0.001674618,1.572470947,-15.403992,7.3739624,0.925819506,-1.572470947,0.009242396,-0.004424378,-0.03,0,0,-0.015724709
1773775661,TRUE,0.8087853,1773775661,304.36206,247.39223,50.352726,113.85804,1.5716995,304.52582,247.37946,5696.8843,0.99999839,-0.001443185,1.572239513,-15.474182,7.3794556,0.928544826,-1.572239513,0.009284509,-0.004427674,-0.03,0,0,-0.015722395
1773775661,TRUE,0.8087853,1773775661,304.36206,247.39223,50.352726,113.85804,1.5716995,304.47668,247.3833,5707.738,0.999998751,-0.001281181,1.572077509,-15.523315,7.383301,0.930448234,-1.572077509,0.009313989,-0.004429981,-0.03,0,0,-0.015720775
1773775661,TRUE,0.8087853,1773775661,304.36206,247.39223,50.352726,113.85804,1.5716995,304.44232,247.38599,5715.3354,0.999999003,-0.001167779,1.571964106,-15.557678,7.3859863,0.931778392,-1.571964106,0.009334607,-0.004431592,-0.03,0,0,-0.015719641
1773775661,TRUE,0.8234192,1773775661,303.98032,247.65387,49.100967,113.02369,1.5791218,304.3037,247.46634,5665.6064,0.999988905,-0.003315067,1.574111418,-15.696289,7.466339,0.923039378,-1.574111418,0.009417774,-0.004479804,-0.03,0,0,-0.015741114
1773775661,TRUE,0.8234192,1773775661,303.98032,247.65387,49.100967,113.02369,1.5791218,304.2067,247.52261,5630.7964,0.999981837,-0.004818168,1.575614545,-15.793304,7.5226135,0.916876307,-1.575614545,0.009475983,-0.004513568,-0.03,0,0,-0.015756145
1773775661,TRUE,0.8234192,1773775661,303.98032,247.65387,49.100967,113.02369,1.5791218,304.1388,247.56198,5606.429,0.999976889,-0.005870339,1.576666734,-15.861206,7.561981,0.912539484,-1.576666734,0.009516724,-0.004537189,-0.03,0,0,-0.015766667
1773775661,TRUE,0.8234192,1773775661,303.98032,247.65387,49.100967,113.02369,1.5791218,304.09125,247.58954,5589.372,0.999973425,-0.006606859,1.577403265,-15.908752,7.5895386,0.909492392,-1.577403265,0.009545252,-0.004553723,-0.03,0,0,-0.015774033
1773775661,TRUE,0.8234192,1773775661,303.98032,247.65387,49.100967,113.02369,1.5791218,304.05798,247.60883,5577.432,0.999971,-0.007122423,1.577918836,-15.942017,7.6088257,0.907353899,-1.577918836,0.00956521,-0.004565296,-0.03,0,0,-0.015779188
1773775661,TRUE,0.7842667,1773775661,304.96222,247.15312,49.135708,111.434074,1.5718304,304.32925,247.4721,5546.8203,0.99997954,-0.005295915,1.576092301,-15.670746,7.472107,0.901850287,-1.576092301,0.009402448,-0.004483264,-0.03,0,0,-0.015760923
1773775661,TRUE,0.7842667,1773775661,304.96222,247.15312,49.135708,111.434074,1.5718304,304.51913,247.3764,5525.3916,0.999985518,-0.00401736,1.574813724,-15.4808655,7.376404,0.897979589,-1.574813724,0.00928852,-0.004425842,-0.03,0,0,-0.015748137
1773775661,TRUE,0.7842667,1773775661,304.96222,247.15312,49.135708,111.434074,1.5718304,304.65207,247.30942,5510.3916,0.999989702,-0.003122372,1.57391872,-15.347931,7.3094177,0.89526112,-1.57391872,0.009208759,-0.004385651,-0.03,0,0,-0.015739187
1773775661,TRUE,0.7842667,1773775661,304.96222,247.15312,49.135708,111.434074,1.5718304,304.74512,247.26254,5499.8916,0.999992631,-0.00249588,1.57329222,-15.254883,7.2625427,0.893353784,-1.57329222,0.00915293,-0.004357526,-0.03,0,0,-0.015732922
1773775661,TRUE,0.7842667,1773775661,304.96222,247.15312,49.135708,111.434074,1.5718304,304.81024,247.2297,5492.542,0.999994681,-0.002057335,1.57285367,-15.189758,7.229706,0.892016628,-1.57285367,0.009113856,-0.004337824,-0.03,0,0,-0.015728537
1773775661,TRUE,0.7842667,1773775661,304.96222,247.15312,49.135708,111.434074,1.5718304,304.85583,247.20673,5487.397,0.999996116,-0.001750354,1.572546686,-15.144165,7.206726,0.891079436,-1.572546686,0.009086499,-0.004324036,-0.03,0,0,-0.015725467
1773775661,TRUE,0.79019344,1773775661,304.82388,247.24416,49.347473,112.608406,1.5730612,304.84625,247.21796,5508.26,0.999996512,-0.001904718,1.572701049,-15.153748,7.2179565,0.894874195,-1.572701049,0.009092249,-0.004330774,-0.03,0,0,-0.01572701
1773775661,TRUE,0.79019344,1773775661,304.82388,247.24416,49.347473,112.608406,1.5730612,304.83954,247.22581,5522.864,0.999996789,-0.002012772,1.572809103,-15.160461,7.225815,0.897522003,-1.572809103,0.009096277,-0.004335489,-0.03,0,0,-0.015728091
1773775661,TRUE,0.79019344,1773775661,304.82388,247.24416,49.347473,112.608406,1.5730612,304.83484,247.23132,5533.087,0.999996983,-0.00208841,1.57288474,-15.165161,7.2313232,0.899371268,-1.57288474,0.009099097,-0.004338794,-0.03,0,0,-0.015728847
1773775661,TRUE,0.79019344,1773775661,304.82388,247.24416,49.347473,112.608406,1.5730612,304.83154,247.23517,5540.243,0.999997119,-0.002141357,1.572937687,-15.168457,7.2351685,0.900663857,-1.572937687,0.009101074,-0.004341101,-0.03,0,0,-0.015729377
1773775661,TRUE,0.79019344,1773775661,304.82388,247.24416,49.347473,112.608406,1.5730612,304.82925,247.23787,5545.2524,0.999997213,-0.002178419,1.572974749,-15.170746,7.2378693,0.901567627,-1.572974749,0.009102448,-0.004342722,-0.03,0,0,-0.015729747
1773775661,TRUE,0.7861212,1773775661,304.75064,247.55678,50.02041,112.90378,1.5742118,304.80566,247.33356,5575.925,0.9999963,-0.002549544,1.573345875,-15.194336,7.333557,0.907083666,-1.573345875,0.009116602,-0.004400135,-0.03,0,0,-0.015733459
1773775661,TRUE,0.7861212,1773775661,304.75064,247.55678,50.02041,112.90378,1.5742118,304.78915,247.40051,5597.3955,0.99999566,-0.002809332,1.573605663,-15.210846,7.4005127,0.910926831,-1.573605663,0.009126508,-0.004440308,-0.03,0,0,-0.015736057
1773775661,TRUE,0.7861212,1773775661,304.75064,247.55678,50.02041,112.90378,1.5742118,304.7776,247.44739,5612.425,0.999995212,-0.002991183,1.573787515,-15.222412,7.4473877,0.913608266,-1.573787515,0.009133448,-0.004468433,-0.03,0,0,-0.015737875
1773775661,TRUE,0.7861212,1773775661,304.75064,247.55678,50.02041,112.90378,1.5742118,304.7695,247.4802,5622.9453,0.999994899,-0.003118479,1.573914811,-15.230499,7.480194,0.915481021,-1.573914811,0.0091383,-0.004488117,-0.03,0,0,-0.015739148
1773775661,TRUE,0.7861212,1773775661,304.75064,247.55678,50.02041,112.90378,1.5742118,304.76385,247.50317,5630.3096,0.999994679,-0.003207586,1.574003919,-15.236145,7.503174,0.916789856,-1.574003919,0.009141687,-0.004501904,-0.03,0,0,-0.015740039
1773775661,TRUE,0.7760636,1773775661,304.67233,247.33748,48.769077,113.557625,1.5736166,304.7364,247.45346,5602.647,0.999995082,-0.003091398,1.57388773,-15.263611,7.4534607,0.911864581,-1.57388773,0.009158167,-0.004472076,-0.03,0,0,-0.015738877
1773775661,TRUE,0.7760636,1773775661,304.67233,247.33748,48.769077,113.557625,1.5736166,304.71716,247.41867,5583.283,0.999995364,-0.003010067,1.573806398,-15.282837,7.4186707,0.908402474,-1.573806398,0.009169702,-0.004451203,-0.03,0,0,-0.015738064
1773775661,TRUE,0.7760636,1773775661,304.67233,247.33748,48.769077,113.557625,1.5736166,304.70374,247.39432,5569.7285,0.999995562,-0.002953135,1.573749466,-15.296265,7.3943176,0.905971751,-1.573749466,0.009177759,-0.004436591,-0.03,0,0,-0.015737495
1773775661,TRUE,0.7760636,1773775661,304.67233,247.33748,48.769077,113.557625,1.5736166,304.69434,247.37727,5560.24,0.9999957,-0.002913282,1.573709613,-15.305664,7.3772736,0.904266713,-1.573709613,0.009183398,-0.004426364,-0.03,0,0,-0.015737096
1773775661,TRUE,0.7760636,1773775661,304.67233,247.33748,48.769077,113.557625,1.5736166,304.68774,247.36534,5553.5986,0.999995797,-0.002885386,1.573681717,-15.312256,7.365341,0.903071552,-1.573681717,0.009187354,-0.004419205,-0.03,0,0,-0.015736817
1773775661,TRUE,0.77487665,1773775661,304.69147,247.10738,48.51252,112.094055,1.5735443,304.68884,247.28795,5518.9087,0.999995925,-0.00284415,1.573640481,-15.311157,7.2879486,0.896805572,-1.573640481,0.009186694,-0.00437277,-0.03,0,0,-0.015736405
1773775661,TRUE,0.77487665,1773775661,304.69147,247.10738,48.51252,112.094055,1.5735443,304.68964,247.23378,5494.6255,0.999996015,-0.002815285,1.573611616,-15.310364,7.23378,0.892395869,-1.573611616,0.009186219,-0.004340268,-0.03,0,0,-0.015736116
1773775661,TRUE,0.77487665,1773775661,304.69147,247.10738,48.51252,112.094055,1.5735443,304.6902,247.19586,5477.6274,0.999996078,-0.00279508,1.57359141,-15.309814,7.195862,0.889297456,-1.57359141,0.009185889,-0.004317517,-0.03,0,0,-0.015735914
1773775661,TRUE,0.77487665,1773775661,304.69147,247.10738,48.51252,112.094055,1.5735443,304.69055,247.16931,5465.7285,0.999996122,-0.002780936,1.573577266,-15.309448,7.1693115,0.88712285,-1.573577266,0.009185669,-0.004301587,-0.03,0,0,-0.015735773
1773775661,TRUE,0.77487665,1773775661,304.69147,247.10738,48.51252,112.094055,1.5735443,304.69083,247.15073,5457.3994,0.999996153,-0.002771035,1.573567366,-15.309174,7.1507263,0.885597778,-1.573567366,0.009185504,-0.004290436,-0.03,0,0,-0.015735674
1773775661,TRUE,0.80767655,1773775661,305.03235,247.37964,49.515057,113.23518,1.5736629,304.79327,247.2194,5502.2334,0.999996074,-0.002799689,1.573596019,-15.206726,7.219406,0.893779533,-1.573596019,0.009124036,-0.004331644,-0.03,0,0,-0.01573596
1773775661,TRUE,0.80767655,1773775661,305.03235,247.37964,49.515057,113.23518,1.5736629,304.865,247.26749,5533.617,0.999996019,-0.002819746,1.573616076,-15.13501,7.2674866,0.899467191,-1.573616076,0.009081006,-0.004360492,-0.03,0,0,-0.015736161
1773775661,TRUE,0.80767655,1773775661,305.03235,247.37964,49.515057,113.23518,1.5736629,304.9152,247.30113,5555.586,0.999995981,-0.002833786,1.573630117,-15.084808,7.301132,0.903429332,-1.573630117,0.009050885,-0.00438068,-0.03,0,0,-0.015736301
1773775661,TRUE,0.80767655,1773775661,305.03235,247.37964,49.515057,113.23518,1.5736629,304.95032,247.32469,5570.9644,0.999995954,-0.002843614,1.573639945,-15.049683,7.324692,0.906193636,-1.573639945,0.00902981,-0.004394815,-0.03,0,0,-0.015736399
1773775661,TRUE,0.80767655,1773775661,305.03235,247.37964,49.515057,113.23518,1.5736629,304.9749,247.34119,5581.729,0.999995935,-0.002850494,1.573646824,-15.025085,7.3411865,0.908124064,-1.573646824,0.009015052,-0.004404712,-0.03,0,0,-0.015736468
1773775661,TRUE,0.80767655,1773775661,305.03235,247.37964,49.515057,113.23518,1.5736629,304.99213,247.35272,5589.264,0.999995922,-0.00285531,1.57365164,-15.007874,7.352722,0.909473092,-1.57365164,0.009004724,-0.004411634,-0.03,0,0,-0.015736516
1773775661,TRUE,0.81043994,1773775661,304.29462,247.37193,49.107224,113.03906,1.571964,304.7829,247.35849,5577.7954,0.999996941,-0.002349026,1.573145356,-15.217102,7.35849,0.90741904,-1.573145356,0.009130262,-0.004415094,-0.03,0,0,-0.015731454
1773775661,TRUE,0.81043994,1773775661,304.29462,247.37193,49.107224,113.03906,1.571964,304.6364,247.36252,5569.767,0.999997654,-0.001994628,1.572790957,-15.363586,7.3625183,0.905978689,-1.572790957,0.009218153,-0.004417511,-0.03,0,0,-0.01572791
1773775661,TRUE,0.81043994,1773775661,304.29462,247.37193,49.107224,113.03906,1.571964,304.53387,247.36536,5564.1475,0.999998153,-0.001746549,1.572542877,-15.4661255,7.3653564,0.904969236,-1.572542877,0.009279676,-0.004419214,-0.03,0,0,-0.015725429
1773775661,TRUE,0.81043994,1773775661,304.29462,247.37193,49.107224,113.03906,1.571964,304.4621,247.36734,5560.2134,0.999998503,-0.001572894,1.572369222,-15.537903,7.36734,0.904261887,-1.572369222,0.009322742,-0.004420404,-0.03,0,0,-0.015723692
1773775661,TRUE,0.81043994,1773775661,304.29462,247.37193,49.107224,113.03906,1.571964,304.41187,247.36871,5557.46,0.999998747,-0.001451335,1.572247663,-15.588135,7.3687134,0.903766609,-1.572247663,0.009352881,-0.004421228,-0.03,0,0,-0.015722477
1773775661,TRUE,0.83224183,1773775661,304.07184,247.29526,49.244007,113.96201,1.5779202,304.30988,247.34668,5573.8057,0.999991511,-0.003153078,1.573949421,-15.6901245,7.3466797,0.906703505,-1.573949421,0.009414075,-0.004408008,-0.03,0,0,-0.015739494
1773775661,TRUE,0.83224183,1773775661,304.07184,247.29526,49.244007,113.96201,1.5779202,304.23846,247.33125,5585.248,0.999986445,-0.004344298,1.575140656,-15.761536,7.331253,0.908754317,-1.575140656,0.009456922,-0.004398752,-0.03,0,0,-0.015751407
1773775661,TRUE,0.83224183,1773775661,304.07184,247.29526,49.244007,113.96201,1.5779202,304.18848,247.32047,5593.258,0.999982899,-0.005178152,1.575974521,-15.811523,7.320465,0.91018732,-1.575974521,0.009486915,-0.004392279,-0.03,0,0,-0.015759745
1773775661,TRUE,0.83224183,1773775661,304.07184,247.29526,49.244007,113.96201,1.5779202,304.1535,247.31291,5598.8643,0.999980417,-0.00576185,1.576558226,-15.846497,7.312912,0.911189221,-1.576558226,0.009507898,-0.004387748,-0.03,0,0,-0.015765582
1773775661,TRUE,0.83224183,1773775661,304.07184,247.29526,49.244007,113.96201,1.5779202,304.12903,247.30762,5602.789,0.99997868,-0.006170438,1.576966818,-15.870972,7.307617,0.911889965,-1.576966818,0.009522583,-0.00438457,-0.03,0,0,-0.015769668
1773775661,TRUE,0.8225044,1773775661,303.68796,247.51732,49.319958,113.41348,1.5794417,303.9967,247.37051,5600.017,0.999973864,-0.006912876,1.577709274,-16.003296,7.370514,0.911395097,-1.577709274,0.009601978,-0.004422308,-0.03,0,0,-0.015777093
1773775661,TRUE,0.8225044,1773775661,303.68796,247.51732,49.319958,113.41348,1.5794417,303.90408,247.41455,5598.0767,0.999970494,-0.007432583,1.578228992,-16.095917,7.414551,0.911048496,-1.578228992,0.009657551,-0.004448731,-0.03,0,0,-0.01578229
1773775661,TRUE,0.8225044,1773775661,303.68796,247.51732,49.319958,113.41348,1.5794417,303.83923,247.44537,5596.7183,0.999968135,-0.007796378,1.578592795,-16.160767,7.4453735,0.910805823,-1.578592795,0.00969646,-0.004467224,-0.03,0,0,-0.015785928
1773775661,TRUE,0.8225044,1773775661,303.68796,247.51732,49.319958,113.41348,1.5794417,303.79385,247.46695,5595.767,0.999966483,-0.008051034,1.578847457,-16.206146,7.4669495,0.910635888,-1.578847457,0.009723689,-0.00448017,-0.03,0,0,-0.015788475
1773775661,TRUE,0.8225044,1773775661,303.68796,247.51732,49.319958,113.41348,1.5794417,303.7621,247.48206,5595.1016,0.999965327,-0.008229294,1.57902572,-16.237915,7.4820557,0.910516955,-1.57902572,0.00974275,-0.004489234,-0.03,0,0,-0.015790257
1773775661,TRUE,0.8463217,1773775661,303.90375,247.4455,49.229435,113.48053,1.5787182,303.80457,247.4711,5592.546,0.999966315,-0.008137038,1.578933459,-16.195435,7.4711,0.910060081,-1.578933459,0.009717261,-0.00448266,-0.03,0,0,-0.015789335
1773775661,TRUE,0.8463217,1773775661,303.90375,247.4455,49.229435,113.48053,1.5787182,303.83432,247.46341,5590.757,0.999967007,-0.008072459,1.578868877,-16.16568,7.4634094,0.909740087,-1.578868877,0.009699408,-0.004478046,-0.03,0,0,-0.015788689
1773775661,TRUE,0.8463217,1773775661,303.90375,247.4455,49.229435,113.48053,1.5787182,303.85516,247.45804,5589.505,0.999967492,-0.008027254,1.57882367,-16.144836,7.4580383,0.909516108,-1.57882367,0.009686902,-0.004474823,-0.03,0,0,-0.015788237
1773775661,TRUE,0.8463217,1773775661,303.90375,247.4455,49.229435,113.48053,1.5787182,303.86975,247.45428,5588.628,0.999967831,-0.007995611,1.578792024,-16.130249,7.4542847,0.909359206,-1.578792024,0.00967815,-0.004472571,-0.03,0,0,-0.01578792
1773775661,TRUE,0.8463217,1773775661,303.90375,247.4455,49.229435,113.48053,1.5787182,303.87994,247.45166,5588.0146,0.999968068,-0.00797346,1.578769873,-16.120056,7.45166,0.909249533,-1.578769873,0.009672035,-0.004470996,-0.03,0,0,-0.015787699
1773775661,TRUE,0.8463217,1773775661,303.90375,247.4455,49.229435,113.48053,1.5787182,303.8871,247.4498,5587.585,0.999968235,-0.007957955,1.578754367,-16.112915,7.4497986,0.909172601,-1.578754367,0.00966775,-0.004469879,-0.03,0,0,-0.015787544
1773775661,TRUE,0.8061372,1773775661,304.0916,247.24997,49.50169,113.5419,1.5803047,303.94846,247.38986,5597.4644,0.999964203,-0.00842305,1.579219479,-16.051544,7.389862,0.910939104,-1.579219479,0.009630927,-0.004433917,-0.03,0,0,-0.015792195
1773775661,TRUE,0.8061372,1773775661,304.0916,247.24997,49.50169,113.5419,1.5803047,303.9914,247.3479,5604.38,0.999961381,-0.008748617,1.579545058,-16.008606,7.3479004,0.91217384,-1.579545058,0.009605164,-0.00440874,-0.03,0,0,-0.015795451
1773775661,TRUE,0.8061372,1773775661,304.0916,247.24997,49.50169,113.5419,1.5803047,304.02145,247.31851,5609.2207,0.999959405,-0.008976513,1.579772963,-15.978546,7.318512,0.91303723,-1.579772963,0.009587128,-0.004391107,-0.03,0,0,-0.01579773
1773775661,TRUE,0.8061372,1773775661,304.0916,247.24997,49.50169,113.5419,1.5803047,304.0425,247.29794,5612.6094,0.999958022,-0.009136041,1.579932497,-15.957489,7.297943,0.91364116,-1.579932497,0.009574494,-0.004378766,-0.03,0,0,-0.015799325
1773775662,TRUE,0.8061372,1773775661,304.0916,247.24997,49.50169,113.5419,1.5803047,304.05725,247.28354,5614.9814,0.999957054,-0.00924771,1.58004417,-15.942749,7.283539,0.914063713,-1.58004417,0.00956565,-0.004370124,-0.03,0,0,-0.015800442
1773775662,TRUE,0.81816334,1773775662,304.41782,247.11433,48.872055,112.02532,1.5790443,304.1654,247.23279,5572.9595,0.999959733,-0.008947774,1.579744222,-15.834595,7.232788,0.90655165,-1.579744222,0.009500757,-0.004339673,-0.03,0,0,-0.015797442
1773775662,TRUE,0.81816334,1773775662,304.41782,247.11433,48.872055,112.02532,1.5790443,304.24115,247.19724,5543.544,0.999961609,-0.008737818,1.579534258,-15.75885,7.197235,0.901259426,-1.579534258,0.00945531,-0.004318341,-0.03,0,0,-0.015795343
1773775662,TRUE,0.81816334,1773775662,304.41782,247.11433,48.872055,112.02532,1.5790443,304.29413,247.17236,5522.953,0.999962922,-0.008590849,1.579387283,-15.705872,7.1723633,0.897538134,-1.579387283,0.009423523,-0.004303418,-0.03,0,0,-0.015793873
1773775662,TRUE,0.81816334,1773775662,304.41782,247.11433,48.872055,112.02532,1.5790443,304.33124,247.15494,5508.5396,0.999963841,-0.008487971,1.579284401,-15.668762,7.1549377,0.894924956,-1.579284401,0.009401258,-0.004292963,-0.03,0,0,-0.015792844
1773775662,TRUE,0.81816334,1773775662,304.41782,247.11433,48.872055,112.02532,1.5790443,304.3572,247.14276,5498.45,0.999964484,-0.008415956,1.579212383,-15.642792,7.142761,0.893091747,-1.579212383,0.009385675,-0.004285657,-0.03,0,0,-0.015792124
1773775662,TRUE,0.81816334,1773775662,304.41782,247.11433,48.872055,112.02532,1.5790443,304.3754,247.13422,5491.3877,0.999964935,-0.008365546,1.579161971,-15.624603,7.1342163,0.89180643,-1.579161971,0.009374762,-0.00428053,-0.03,0,0,-0.01579162
1773775662,TRUE,0.80719805,1773775662,304.7982,247.23016,49.612415,112.19143,1.5707535,304.50223,247.163,5513.798,0.999975454,-0.005843021,1.576639424,-15.497772,7.1629944,0.89587909,-1.576639424,0.009298664,-0.004297797,-0.03,0,0,-0.015766394
1773775662,TRUE,0.80719805,1773775662,304.7982,247.23016,49.612415,112.19143,1.5707535,304.591,247.18315,5529.485,0.999982817,-0.004077253,1.574873627,-15.408997,7.1831512,0.898720124,-1.574873627,0.009245398,-0.004309891,-0.03,0,0,-0.015748736
1773775662,TRUE,0.80719805,1773775662,304.7982,247.23016,49.612415,112.19143,1.5707535,304.65317,247.19725,5540.466,0.999987972,-0.002841216,1.573637569,-15.346832,7.1972504,0.900704057,-1.573637569,0.0092081,-0.004318351,-0.03,0,0,-0.015736376
1773775662,TRUE,0.80719805,1773775662,304.7982,247.23016,49.612415,112.19143,1.5707535,304.6967,247.20712,5548.1523,0.99999158,-0.001975989,1.57277233,-15.303314,7.207123,0.902090403,-1.57277233,0.009181989,-0.004324274,-0.03,0,0,-0.015727723
1773775662,TRUE,0.80719805,1773775662,304.7982,247.23016,49.612415,112.19143,1.5707535,304.72714,247.21404,5553.533,0.999994106,-0.001370331,1.572166665,-15.272858,7.214035,0.903059762,-1.572166665,0.009163715,-0.004328421,-0.03,0,0,-0.015721667
1773775662,TRUE,0.7994894,1773775662,304.7685,247.02464,49.037483,110.964745,1.5688184,304.73953,247.15723,5519.903,0.999995287,-0.000365869,1.571162198,-15.260468,7.1572266,0.896985652,-1.571162198,0.009156281,-0.004294336,-0.03,0,0,-0.015711622
1773775662,TRUE,0.7994894,1773775662,304.7685,247.02464,49.037483,110.964745,1.5688184,304.74823,247.11746,5496.3613,0.999996114,0.000337254,1.570459071,-15.25177,7.117462,0.892711696,-1.570459071,0.009151062,-0.004270478,-0.03,0,0,-0.015704591
1773775662,TRUE,0.7994894,1773775662,304.7685,247.02464,49.037483,110.964745,1.5688184,304.7543,247.08963,5479.8823,0.999996693,0.000829441,1.569966884,-15.245697,7.08963,0.88970907,-1.569966884,0.009147419,-0.004253778,-0.03,0,0,-0.015699669
1773775662,TRUE,0.7994894,1773775662,304.7685,247.02464,49.037483,110.964745,1.5688184,304.75854,247.07013,5468.347,0.999997098,0.001173971,1.569622353,-15.241455,7.0701294,0.887601805,-1.569622353,0.009144873,-0.004242078,-0.03,0,0,-0.015696224
1773775662,TRUE,0.7994894,1773775662,304.7685,247.02464,49.037483,110.964745,1.5688184,304.76154,247.05649,5460.2725,0.999997382,0.001415142,1.569381182,-15.238464,7.056488,0.886124151,-1.569381182,0.009143079,-0.004233893,-0.03,0,0,-0.015693812
1773775662,TRUE,0.7990426,1773775662,304.27582,247.19797,48.523315,112.29137,1.5784438,304.6158,247.09894,5456.8154,0.999989395,-0.00130361,1.572099949,-15.384186,7.098938,0.885490778,-1.572099949,0.009230512,-0.004259363,-0.03,0,0,-0.015720999
1773775662,TRUE,0.7990426,1773775662,304.27582,247.19797,48.523315,112.29137,1.5784438,304.5138,247.12865,5454.3955,0.999983804,-0.003206736,1.574003104,-15.486206,7.128647,0.885047218,-1.574003104,0.009291724,-0.004277188,-0.03,0,0,-0.015740031
1773775662,TRUE,0.7990426,1773775662,304.27582,247.19797,48.523315,112.29137,1.5784438,304.44238,247.14944,5452.7017,0.99997989,-0.004538924,1.575335311,-15.557617,7.1494446,0.884736638,-1.575335311,0.009334571,-0.004289667,-0.03,0,0,-0.015753353
1773775662,TRUE,0.7990426,1773775662,304.27582,247.19797,48.523315,112.29137,1.5784438,304.3924,247.164,5451.516,0.999977151,-0.005471456,1.576267854,-15.607605,7.1640015,0.884519194,-1.576267854,0.009364563,-0.004298401,-0.03,0,0,-0.015762679
1773775662,TRUE,0.7990426,1773775662,304.27582,247.19797,48.523315,112.29137,1.5784438,304.35742,247.1742,5450.686,0.999975233,-0.006124229,1.576920631,-15.642578,7.1741943,0.884366887,-1.576920631,0.009385548,-0.004304517,-0.03,0,0,-0.015769206
1773775662,TRUE,0.79342717,1773775662,305.02188,247.27177,49.063015,112.27992,1.5734956,304.55676,247.20346,5468.1177,0.99998157,-0.005096749,1.575893126,-15.443237,7.2034607,0.887559897,-1.575893126,0.009265943,-0.004322077,-0.03,0,0,-0.015758931
1773775662,TRUE,0.79342717,1773775662,305.02188,247.27177,49.063015,112.27992,1.5734956,304.6963,247.22395,5480.32,0.999986006,-0.004377513,1.575173873,-15.303711,7.2239532,0.889788885,-1.575173873,0.009182227,-0.004334372,-0.03,0,0,-0.015751739
1773775662,TRUE,0.79342717,1773775662,305.02188,247.27177,49.063015,112.27992,1.5734956,304.79398,247.2383,5488.8613,0.999989111,-0.003874048,1.574670398,-15.206024,7.2382965,0.891346303,-1.574670398,0.009123615,-0.004342978,-0.03,0,0,-0.015746704
1773775662,TRUE,0.79342717,1773775662,305.02188,247.27177,49.063015,112.27992,1.5734956,304.86234,247.24834,5494.8403,0.999991285,-0.003521623,1.574317966,-15.137665,7.248337,0.892434938,-1.574317966,0.0090826,-0.004349002,-0.03,0,0,-0.01574318
1773775662,TRUE,0.79342717,1773775662,305.02188,247.27177,49.063015,112.27992,1.5734956,304.9102,247.25537,5499.026,0.999992807,-0.003274925,1.574071263,-15.089813,7.255371,0.893196375,-1.574071263,0.009053889,-0.004353223,-0.03,0,0,-0.015740713
1773775662,TRUE,0.7924886,1773775662,304.49237,247.2031,49.125328,112.19443,1.5715649,304.78485,247.23969,5502.7944,0.999994876,-0.002523023,1.573319357,-15.215149,7.239685,0.893881456,-1.573319357,0.00912909,-0.004343811,-0.03,0,0,-0.015733194
1773775662,TRUE,0.7924886,1773775662,304.49237,247.2031,49.125328,112.19443,1.5715649,304.6971,247.22871,5505.4326,0.999996325,-0.001996692,1.572793023,-15.302887,7.228714,0.894360792,-1.572793023,0.009181732,-0.004337228,-0.03,0,0,-0.01572793
1773775662,TRUE,0.7924886,1773775662,304.49237,247.2031,49.125328,112.19443,1.5715649,304.63568,247.22104,5507.2793,0.999997339,-0.00162826,1.57242459,-15.364319,7.221039,0.894696171,-1.57242459,0.009218592,-0.004332623,-0.03,0,0,-0.015724246
1773775662,TRUE,0.7924886,1773775662,304.49237,247.2031,49.125328,112.19443,1.5715649,304.5927,247.21565,5508.572,0.999998048,-0.001370358,1.572166686,-15.407288,7.2156525,0.894930801,-1.572166686,0.009244373,-0.004329392,-0.03,0,0,-0.015721667
1773775662,TRUE,0.7924886,1773775662,304.49237,247.2031,49.125328,112.19443,1.5715649,304.56262,247.21188,5509.4766,0.999998545,-0.001189826,1.571986154,-15.437378,7.2118835,0.895095049,-1.571986154,0.009262427,-0.004327131,-0.03,0,0,-0.015719862
1773775662,TRUE,0.8102278,1773775662,304.49557,247.42323,49.708107,112.99885,1.572379,304.5425,247.27528,5541.721,0.999998606,-0.001307678,1.572104006,-15.457489,7.275284,0.900930599,-1.572104006,0.009274494,-0.00436517,-0.03,0,0,-0.01572104
1773775662,TRUE,0.8102278,1773775662,304.49557,247.42323,49.708107,112.99885,1.572379,304.52844,247.31967,5564.2925,0.999998648,-0.001390174,1.572186502,-15.471558,7.3196716,0.904995278,-1.572186502,0.009282935,-0.004391803,-0.03,0,0,-0.015721865
1773775662,TRUE,0.8102278,1773775662,304.49557,247.42323,49.708107,112.99885,1.572379,304.5186,247.35074,5580.0923,0.999998678,-0.001447922,1.572244249,-15.481415,7.3507385,0.907830765,-1.572244249,0.009288849,-0.004410443,-0.03,0,0,-0.015722442
1773775662,TRUE,0.8102278,1773775662,304.49557,247.42323,49.708107,112.99885,1.572379,304.5117,247.37248,5591.1523,0.999998699,-0.001488345,1.572284672,-15.488312,7.3724823,0.909810833,-1.572284672,0.009292987,-0.00442349,-0.03,0,0,-0.015722847
1773775662,TRUE,0.8102278,1773775662,304.49557,247.42323,49.708107,112.99885,1.572379,304.50684,247.38771,5598.8945,0.999998714,-0.001516641,1.572312969,-15.493164,7.3877106,0.911194589,-1.572312969,0.009295899,-0.004432627,-0.03,0,0,-0.01572313
1773775662,TRUE,0.8102278,1773775662,304.49557,247.42323,49.708107,112.99885,1.572379,304.50348,247.39838,5604.314,0.999998724,-0.001536448,1.572332776,-15.496521,7.3983765,0.912162061,-1.572332776,0.009297913,-0.004439026,-0.03,0,0,-0.015723328
1773775662,TRUE,0.79454243,1773775662,304.6612,247.12119,48.91742,111.710236,1.5730377,304.55078,247.31522,5562.3926,0.999998353,-0.001747938,1.572544266,-15.449219,7.315216,0.904653785,-1.572544266,0.009269532,-0.00438913,-0.03,0,0,-0.015725443
1773775662,TRUE,0.79454243,1773775662,304.6612,247.12119,48.91742,111.710236,1.5730377,304.58392,247.25702,5533.048,0.999998094,-0.001895981,1.572692309,-15.416077,7.257019,0.899364284,-1.572692309,0.009249646,-0.004354212,-0.03,0,0,-0.015726923
1773775662,TRUE,0.79454243,1773775662,304.6612,247.12119,48.91742,111.710236,1.5730377,304.60712,247.21628,5512.507,0.999997912,-0.001999611,1.57279594,-15.392883,7.216278,0.895644877,-1.57279594,0.00923573,-0.004329767,-0.03,0,0,-0.015727959
1773775662,TRUE,0.79454243,1773775662,304.6612,247.12119,48.91742,111.710236,1.5730377,304.62335,247.18774,5498.128,0.999997785,-0.002072152,1.572868481,-15.376648,7.187744,0.893033084,-1.572868481,0.009225989,-0.004312647,-0.03,0,0,-0.015728685
1773775662,TRUE,0.79454243,1773775662,304.6612,247.12119,48.91742,111.710236,1.5730377,304.6347,247.16779,5488.0625,0.999997696,-0.002122931,1.57291926,-15.365295,7.1677856,0.891200704,-1.57291926,0.009219178,-0.004300672,-0.03,0,0,-0.015729193
1773775662,TRUE,0.7898985,1773775662,304.79117,246.81976,48.42199,110.87645,1.5706675,304.68164,247.06337,5452.3013,0.999998385,-0.001447405,1.572243733,-15.318359,7.0633698,0.884663211,-1.572243733,0.009191016,-0.004238022,-0.03,0,0,-0.015722437
1773775662,TRUE,0.7898985,1773775662,304.79117,246.81976,48.42199,110.87645,1.5706675,304.7145,246.99028,5427.2686,0.999998867,-0.000974537,1.571770865,-15.285492,6.99028,0.880061382,-1.571770865,0.009171296,-0.004194168,-0.03,0,0,-0.015717709
1773775662,TRUE,0.7898985,1773775662,304.79117,246.81976,48.42199,110.87645,1.5706675,304.73752,246.93912,5409.7456,0.999999204,-0.00064353,1.571439857,-15.262482,6.9391174,0.876827535,-1.571439857,0.009157489,-0.004163471,-0.03,0,0,-0.015714399
1773775662,TRUE,0.7898985,1773775662,304.79117,246.81976,48.42199,110.87645,1.5706675,304.7536,246.9033,5397.4795,0.99999944,-0.000411824,1.571208151,-15.246399,6.903305,0.874557504,-1.571208151,0.00914784,-0.004141983,-0.03,0,0,-0.015712082
1773775662,TRUE,0.7898985,1773775662,304.79117,246.81976,48.42199,110.87645,1.5706675,304.76486,246.87823,5388.893,0.999999606,-0.000249631,1.571045957,-15.235138,6.878235,0.87296543,-1.571045957,0.009141083,-0.004126941,-0.03,0,0,-0.01571046
1773775662,TRUE,0.78372806,1773775662,304.85483,247.2327,48.822327,111.02931,1.5725012,304.79187,246.98457,5398.438,0.999999288,-0.000686198,1.571482525,-15.20813,6.9845734,0.874735073,-1.571482525,0.009124879,-0.004190744,-0.03,0,0,-0.015714825
1773775662,TRUE,0.78372806,1773775662,304.85483,247.2327,48.822327,111.02931,1.5725012,304.81076,247.05902,5405.119,0.999999066,-0.000991795,1.571788122,-15.1892395,7.059021,0.875971912,-1.571788122,0.009113545,-0.004235413,-0.03,0,0,-0.015717881
1773775662,TRUE,0.78372806,1773775662,304.85483,247.2327,48.822327,111.02931,1.5725012,304.82397,247.11113,5409.796,0.99999891,-0.001205713,1.57200204,-15.176025,7.1111298,0.876836761,-1.57200204,0.009105615,-0.004266678,-0.03,0,0,-0.01572002
1773775662,TRUE,0.78372806,1773775662,304.85483,247.2327,48.822327,111.02931,1.5725012,304.83325,247.1476,5413.0703,0.999998801,-0.001355456,1.572151783,-15.166748,7.1475983,0.877441928,-1.572151783,0.009100049,-0.004288559,-0.03,0,0,-0.015721518
1773775662,TRUE,0.78372806,1773775662,304.85483,247.2327,48.822327,111.02931,1.5725012,304.83972,247.17313,5415.3623,0.999998725,-0.001460275,1.572256603,-15.160278,7.173126,0.877865189,-1.572256603,0.009096167,-0.004303876,-0.03,0,0,-0.015722566
1773775662,TRUE,0.8073657,1773775662,304.94952,247.48961,49.69512,112.087166,1.5735183,304.87268,247.26807,5461.8096,0.999997996,-0.001838777,1.572635105,-15.127319,7.2680664,0.886405609,-1.572635105,0.009076392,-0.00436084,-0.03,0,0,-0.015726351
1773775662,TRUE,0.8073657,1773775662,304.94952,247.48961,49.69512,112.087166,1.5735183,304.89575,247.33453,5494.3223,0.999997486,-0.002103727,1.572900056,-15.104248,7.3345337,0.892340682,-1.572900056,0.009062549,-0.00440072,-0.03,0,0,-0.015729001
1773775662,TRUE,0.8073657,1773775662,304.94952,247.48961,49.69512,112.087166,1.5735183,304.91187,247.38106,5517.0815,0.999997129,-0.002289193,1.573085522,-15.088135,7.3810577,0.896474499,-1.573085522,0.009052881,-0.004428635,-0.03,0,0,-0.015730855
1773775662,TRUE,0.8073657,1773775662,304.94952,247.48961,49.69512,112.087166,1.5735183,304.92316,247.41362,5533.0127,0.999996879,-0.002419019,1.573215349,-15.076843,7.41362,0.899357882,-1.573215349,0.009046107,-0.004448172,-0.03,0,0,-0.015732153
1773775662,TRUE,0.8073657,1773775662,304.94952,247.48961,49.69512,112.087166,1.5735183,304.9311,247.43642,5544.1646,0.999996704,-0.002509897,1.573306227,-15.068909,7.4364166,0.901371334,-1.573306227,0.009041346,-0.00446185,-0.03,0,0,-0.015733062
1773775662,TRUE,0.79367125,1773775662,304.05737,247.22598,49.047863,112.81412,1.5802251,304.66898,247.37329,5540.9023,0.999984357,-0.004585521,1.575381887,-15.331024,7.373291,0.900782805,-1.575381887,0.009198615,-0.004423975,-0.03,0,0,-0.015753819
1773775662,TRUE,0.79367125,1773775662,304.05737,247.22598,49.047863,112.81412,1.5802251,304.4855,247.3291,5538.619,0.999975715,-0.006038458,1.576834858,-15.514496,7.3291016,0.900370687,-1.576834858,0.009308698,-0.004397461,-0.03,0,0,-0.015768349
1773775662,TRUE,0.79367125,1773775662,304.05737,247.22598,49.047863,112.81412,1.5802251,304.35706,247.29817,5537.021,0.999969665,-0.007055514,1.577851937,-15.642944,7.298172,0.900082083,-1.577851937,0.009385767,-0.004378903,-0.03,0,0,-0.015778519
1773775662,TRUE,0.79367125,1773775662,304.05737,247.22598,49.047863,112.81412,1.5802251,304.26715,247.27652,5535.9023,0.999965431,-0.007767453,1.578563892,-15.732849,7.27652,0.899879973,-1.578563892,0.00943971,-0.004365912,-0.03,0,0,-0.015785639
1773775662,TRUE,0.79367125,1773775662,304.05737,247.22598,49.047863,112.81412,1.5802251,304.20422,247.26137,5535.119,0.999962466,-0.00826581,1.579062259,-15.795776,7.261368,0.899738519,-1.579062259,0.009477466,-0.004356821,-0.03,0,0,-0.015790623
1773775662,TRUE,0.79367125,1773775662,304.05737,247.22598,49.047863,112.81412,1.5802251,304.16016,247.25076,5534.571,0.999960391,-0.00861466,1.579411115,-15.839844,7.250763,0.899639422,-1.579411115,0.009503907,-0.004350458,-0.03,0,0,-0.015794111
1773775662,TRUE,0.77421564,1773775662,304.01154,247.13164,49.17914,113.210335,1.5796428,304.11557,247.21503,5544.4756,0.999960535,-0.008684161,1.579480612,-15.88443,7.215027,0.901427477,-1.579480612,0.009530659,-0.004329016,-0.03,0,0,-0.015794806
1773775662,TRUE,0.77421564,1773775662,304.01154,247.13164,49.17914,113.210335,1.5796428,304.08435,247.19002,5551.409,0.999960636,-0.008732812,1.57952926,-15.915649,7.1900177,0.902677197,-1.57952926,0.009549391,-0.004314011,-0.03,0,0,-0.015795293
1773775662,TRUE,0.77421564,1773775662,304.01154,247.13164,49.17914,113.210335,1.5796428,304.0625,247.1725,5556.2627,0.999960706,-0.008766867,1.579563314,-15.9375,7.1725006,0.90355114,-1.579563314,0.009562501,-0.004303501,-0.03,0,0,-0.015795633
1773775662,TRUE,0.77421564,1773775662,304.01154,247.13164,49.17914,113.210335,1.5796428,304.0472,247.16025,5559.66,0.999960755,-0.008790706,1.579587152,-15.952789,7.160248,0.904162465,-1.579587152,0.009571674,-0.004296149,-0.03,0,0,-0.015795872
1773775662,TRUE,0.77421564,1773775662,304.01154,247.13164,49.17914,113.210335,1.5796428,304.0365,247.15167,5562.038,0.99996079,-0.008807394,1.579603838,-15.963501,7.1516724,0.904590007,-1.579603838,0.009578101,-0.004291004,-0.03,0,0,-0.015796038
1773775662,TRUE,0.8011216,1773775662,303.55597,247.41054,49.569786,112.97389,1.5796424,303.89233,247.22934,5573.454,0.999960815,-0.008818967,1.579615411,-16.107666,7.2293396,0.906640435,-1.579615411,0.0096646,-0.004337604,-0.03,0,0,-0.015796154
1773775662,TRUE,0.8011216,1773775662,303.55597,247.41054,49.569786,112.97389,1.5796424,303.7914,247.28369,5581.4453,0.999960833,-0.008827069,1.579623512,-16.208588,7.2836914,0.908073199,-1.579623512,0.009725153,-0.004370215,-0.03,0,0,-0.015796235
1773775662,TRUE,0.8011216,1773775662,303.55597,247.41054,49.569786,112.97389,1.5796424,303.7208,247.32175,5587.039,0.999960845,-0.00883274,1.579629183,-16.279205,7.321747,0.909074914,-1.579629183,0.009767524,-0.004393048,-0.03,0,0,-0.015796292
1773775662,TRUE,0.8011216,1773775662,303.55597,247.41054,49.569786,112.97389,1.5796424,303.67136,247.34839,5590.955,0.999960854,-0.00883671,1.579633153,-16.328644,7.3483887,0.909775605,-1.579633153,0.009797187,-0.004409033,-0.03,0,0,-0.015796332
1773775662,TRUE,0.8011216,1773775662,303.55597,247.41054,49.569786,112.97389,1.5796424,303.63675,247.36703,5593.6963,0.99996086,-0.008839489,1.579635931,-16.36325,7.367035,0.910265709,-1.579635931,0.009817951,-0.004420221,-0.03,0,0,-0.015796359
1773775662,TRUE,0.80660903,1773775662,303.48843,247.56706,49.64521,113.88046,1.5789394,303.59225,247.42703,5611.6733,0.999962655,-0.008630549,1.579426983,-16.407745,7.4270325,0.913474384,-1.579426983,0.009844648,-0.00445622,-0.03,0,0,-0.01579427
1773775662,TRUE,0.80660903,1773775662,303.48843,247.56706,49.64521,113.88046,1.5789394,303.5611,247.46902,5624.2573,0.999963912,-0.00848429,1.57928072,-16.438904,7.4690247,0.915714356,-1.57928072,0.009863343,-0.004481415,-0.03,0,0,-0.015792807
1773775662,TRUE,0.80660903,1773775662,303.48843,247.56706,49.64521,113.88046,1.5789394,303.5393,247.49844,5633.066,0.999964792,-0.00838191,1.579178335,-16.460693,7.4984436,0.917279299,-1.579178335,0.009876416,-0.004499066,-0.03,0,0,-0.015791783
1773775662,TRUE,0.80660903,1773775662,303.48843,247.56706,49.64521,113.88046,1.5789394,303.52405,247.51901,5639.232,0.999965408,-0.008310243,1.579106666,-16.475952,7.5190125,0.918373294,-1.579106666,0.009885572,-0.004511408,-0.03,0,0,-0.015791067
1773775662,TRUE,0.80660903,1773775662,303.48843,247.56706,49.64521,113.88046,1.5789394,303.51337,247.53342,5643.5483,0.999965839,-0.008260076,1.579056498,-16.486633,7.5334167,0.919138446,-1.579056498,0.00989198,-0.00452005,-0.03,0,0,-0.015790565
1773775662,TRUE,0.7845021,1773775662,303.61908,247.24014,48.556297,111.725136,1.5798255,303.54507,247.44543,5577.9717,0.999963858,-0.008490775,1.579287204,-16.454926,7.4454346,0.907450695,-1.579287204,0.009872956,-0.004467261,-0.03,0,0,-0.015792872
1773775662,TRUE,0.7845021,1773775662,303.61908,247.24014,48.556297,111.725136,1.5798255,303.56726,247.38385,5532.068,0.999962472,-0.008652264,1.579448699,-16.43274,7.38385,0.899187155,-1.579448699,0.009859644,-0.00443031,-0.03,0,0,-0.015794487
1773775662,TRUE,0.7845021,1773775662,303.61908,247.24014,48.556297,111.725136,1.5798255,303.58282,247.34073,5499.9355,0.999961502,-0.008765306,1.579561746,-16.417175,7.3407288,0.893361786,-1.579561746,0.009850306,-0.004404437,-0.03,0,0,-0.015795617
1773775662,TRUE,0.7845021,1773775662,303.61908,247.24014,48.556297,111.725136,1.5798255,303.5937,247.31055,5477.4424,0.999960822,-0.008844435,1.579640878,-16.406311,7.310547,0.889263751,-1.579640878,0.009843787,-0.004386328,-0.03,0,0,-0.015796409
1773775662,TRUE,0.7845021,1773775662,303.61908,247.24014,48.556297,111.725136,1.5798255,303.60132,247.28943,5461.6973,0.999960347,-0.008899826,1.579696271,-16.398682,7.2894287,0.886385072,-1.579696271,0.00983921,-0.004373658,-0.03,0,0,-0.015796963
1773775662,TRUE,0.8070793,1773775662,303.73444,247.23409,48.90798,111.72432,1.5795555,303.64124,247.27283,5462.451,0.999960734,-0.0088576,1.579654043,-16.358765,7.272827,0.886523024,-1.579654043,0.009815259,-0.004363697,-0.03,0,0,-0.01579654
1773775662,TRUE,0.8070793,1773775662,303.73444,247.23409,48.90798,111.72432,1.5795555,303.6692,247.2612,5462.979,0.999961006,-0.008828042,1.579624484,-16.33081,7.2612,0.886619696,-1.579624484,0.009798487,-0.00435672,-0.03,0,0,-0.015796245
1773775662,TRUE,0.8070793,1773775662,303.73444,247.23409,48.90798,111.72432,1.5795555,303.68878,247.25307,5463.3486,0.999961195,-0.008807351,1.579603792,-16.311218,7.253067,0.886687381,-1.579603792,0.009786732,-0.00435184,-0.03,0,0,-0.015796038
1773775662,TRUE,0.8070793,1773775662,303.73444,247.23409,48.90798,111.72432,1.5795555,303.70245,247.24738,5463.6074,0.999961328,-0.008792868,1.579589308,-16.297546,7.2473755,0.886734728,-1.579589308,0.009778529,-0.004348426,-0.03,0,0,-0.015795893
1773775662,TRUE,0.8070793,1773775662,303.73444,247.23409,48.90798,111.72432,1.5795555,303.71204,247.2434,5463.7886,0.999961421,-0.008782729,1.579579169,-16.287964,7.243393,0.88676783,-1.579579169,0.009772779,-0.004346036,-0.03,0,0,-0.015795792
1773775662,TRUE,0.8093957,1773775662,304.79373,247.07854,49.73622,111.84573,1.5720007,304.03656,247.19394,5493.4873,0.999972777,-0.006509235,1.577305647,-15.96344,7.193939,0.892188682,-1.577305647,0.009578064,-0.004316364,-0.03,0,0,-0.015773056
1773775662,TRUE,0.8093957,1773775662,304.79373,247.07854,49.73622,111.84573,1.5720007,304.26373,247.15932,5514.2764,0.999980727,-0.004917789,1.575714171,-15.736267,7.159317,0.895965908,-1.575714171,0.00944176,-0.00429559,-0.03,0,0,-0.015757142
1773775662,TRUE,0.8093957,1773775662,304.79373,247.07854,49.73622,111.84573,1.5720007,304.42273,247.13509,5528.8286,0.999986291,-0.003803777,1.574600137,-15.5772705,7.135086,0.898601415,-1.574600137,0.009346363,-0.004281052,-0.03,0,0,-0.015746001
1773775662,TRUE,0.8093957,1773775662,304.79373,247.07854,49.73622,111.84573,1.5720007,304.53403,247.11812,5539.015,0.999990186,-0.003023968,1.573820315,-15.465973,7.1181183,0.900442195,-1.573820315,0.009279585,-0.004270871,-0.03,0,0,-0.015738203
1773775662,TRUE,0.8093957,1773775662,304.79373,247.07854,49.73622,111.84573,1.5720007,304.61194,247.10625,5546.146,0.999992913,-0.002478102,1.573274441,-15.388062,7.106247,0.901728756,-1.573274441,0.009232838,-0.004263748,-0.03,0,0,-0.015732744
1773775662,TRUE,0.8118244,1773775662,304.58643,247.10393,49.502937,110.98247,1.5709302,304.60428,247.10555,5530.4897,0.999995036,-0.001774846,1.57257118,-15.395721,7.105545,0.8989018,-1.57257118,0.009237433,-0.004263328,-0.03,0,0,-0.015725712
1773775662,TRUE,0.8118244,1773775662,304.58643,247.10393,49.502937,110.98247,1.5709302,304.59894,247.10506,5519.5303,0.999996523,-0.001282567,1.572078898,-15.401062,7.105057,0.896918175,-1.572078898,0.009240638,-0.004263034,-0.03,0,0,-0.015720789
1773775662,TRUE,0.8118244,1773775662,304.58643,247.10393,49.502937,110.98247,1.5709302,304.59518,247.10472,5511.8584,0.999997563,-0.000937972,1.5717343,-15.404816,7.104721,0.895527263,-1.5717343,0.00924289,-0.004262833,-0.03,0,0,-0.015717343
1773775662,TRUE,0.8118244,1773775662,304.58643,247.10393,49.502937,110.98247,1.5709302,304.59256,247.10448,5506.4883,0.999998292,-0.000696755,1.571493083,-15.40744,7.104477,0.894552521,-1.571493083,0.009244464,-0.004262686,-0.03,0,0,-0.015714931
1773775662,TRUE,0.8118244,1773775662,304.58643,247.10393,49.502937,110.98247,1.5709302,304.5907,247.10431,5502.7295,0.999998801,-0.000527903,1.571324231,-15.409302,7.104309,0.893869655,-1.571324231,0.009245582,-0.004262586,-0.03,0,0,-0.015713242
1773775662,TRUE,0.8118244,1773775662,304.58643,247.10393,49.502937,110.98247,1.5709302,304.58942,247.10419,5500.098,0.999999158,-0.000409707,1.571206034,-15.4105835,7.104187,0.893391352,-1.571206034,0.00924635,-0.004262513,-0.03,0,0,-0.01571206
1773775663,TRUE,0.7665202,1773775662,304.39417,246.9446,49.675026,110.15815,1.5695264,304.53082,247.0563,5491.701,0.999999169,9.42E-05,1.570702154,-15.469177,7.056305,0.891863504,-1.570702154,0.009281507,-0.004233783,-0.03,0,0,-0.015707022
1773775663,TRUE,0.7665202,1773775662,304.39417,246.9446,49.675026,110.15815,1.5695264,304.4898,247.0228,5485.823,0.999999176,0.000446889,1.570349438,-15.510193,7.0227966,0.890792639,-1.570349438,0.009306116,-0.004213678,-0.03,0,0,-0.015703494
1773775663,TRUE,0.7665202,1773775662,304.39417,246.9446,49.675026,110.15815,1.5695264,304.46112,246.99933,5481.709,0.999999182,0.00069379,1.570102536,-15.538879,6.9993286,0.89004239,-1.570102536,0.009323328,-0.004199598,-0.03,0,0,-0.015701025
1773775663,TRUE,0.7665202,1773775662,304.39417,246.9446,49.675026,110.15815,1.5695264,304.44104,246.98291,5478.829,0.999999185,0.000866621,1.569929706,-15.55896,6.98291,0.889516802,-1.569929706,0.009335376,-0.004189747,-0.03,0,0,-0.015699297
1773775663,TRUE,0.7665202,1773775662,304.39417,246.9446,49.675026,110.15815,1.5695264,304.42697,246.9714,5476.813,0.999999188,0.000987602,1.569808724,-15.573029,6.971405,0.889148814,-1.569808724,0.009343818,-0.004182843,-0.03,0,0,-0.015698087
1773775663,TRUE,0.7081986,1773775663,300.67007,245.11993,51.82106,112.17139,1.5695852,303.2999,246.41595,5577.621,0.999999211,0.001054658,1.569741668,-16.700104,6.4159546,0.907387769,-1.569741668,0.010020062,-0.003849573,-0.03,0,0,-0.015697417
1773775663,TRUE,0.7081986,1773775663,300.67007,245.11993,51.82106,112.17139,1.5695852,302.51096,246.02715,5648.187,0.999999228,0.001101598,1.569694729,-17.489044,6.0271454,0.919960025,-1.569694729,0.010493427,-0.003616287,-0.03,0,0,-0.015696947
1773775663,TRUE,0.7081986,1773775663,300.67007,245.11993,51.82106,112.17139,1.5695852,301.95868,245.75497,5697.583,0.99999924,0.001134455,1.569661871,-18.04132,5.7549744,0.928667474,-1.569661871,0.010824793,-0.003452985,-0.03,0,0,-0.015696619
1773775663,TRUE,0.7081986,1773775663,300.67007,245.11993,51.82106,112.17139,1.5695852,301.5721,245.56445,5732.16,0.999999248,0.001157455,1.569638871,-18.427887,5.564453,0.934717888,-1.569638871,0.011056732,-0.003338672,-0.03,0,0,-0.015696389
1773775663,TRUE,0.7081986,1773775663,300.67007,245.11993,51.82106,112.17139,1.5695852,301.3015,245.43109,5756.3643,0.999999253,0.001173555,1.569622771,-18.698486,5.4310913,0.938931539,-1.569622771,0.011219093,-0.003258655,-0.03,0,0,-0.015696228
1773775663,TRUE,0.7081986,1773775663,300.67007,245.11993,51.82106,112.17139,1.5695852,301.1121,245.33774,5773.307,0.999999257,0.001184825,1.569611501,-18.887909,5.337738,0.941870473,-1.569611501,0.011332746,-0.003202643,-0.03,0,0,-0.015696115
1773775663,TRUE,0.65888214,1773775663,298.91864,242.05186,52.556335,107.00873,1.5793052,300.45404,244.35199,5728.511,0.99998862,-0.001723245,1.57251959,-19.54596,4.3519897,0.934081121,-1.57251959,0.011727576,-0.002611194,-0.03,0,0,-0.015725196
1773775663,TRUE,0.65888214,1773775663,298.91864,242.05186,52.556335,107.00873,1.5793052,299.9934,243.66196,5697.154,0.999981174,-0.003758894,1.574555274,-20.006592,3.6619568,0.928592116,-1.574555274,0.012003955,-0.002197174,-0.03,0,0,-0.015745553
1773775663,TRUE,0.65888214,1773775663,298.91864,242.05186,52.556335,107.00873,1.5793052,299.67096,243.17892,5675.2036,0.999975962,-0.005183849,1.575980254,-20.32904,3.1789246,0.924731835,-1.575980254,0.012197425,-0.001907355,-0.03,0,0,-0.015759803
1773775663,TRUE,0.65888214,1773775663,298.91864,242.05186,52.556335,107.00873,1.5793052,299.44525,242.84082,5659.839,0.999972313,-0.006181317,1.576977736,-20.554749,2.8408203,0.922020839,-1.576977736,0.01233285,-0.001704492,-0.03,0,0,-0.015769777
1773775663,TRUE,0.65888214,1773775663,298.91864,242.05186,52.556335,107.00873,1.5793052,299.2873,242.60413,5649.0835,0.999969759,-0.006879545,1.577675971,-20.712708,2.604126,0.920118788,-1.577675971,0.012427625,-0.001562476,-0.03,0,0,-0.01577676
1773775663,TRUE,0.3847067,1773775663,296.93372,238.83618,45.7687,100.510574,1.582131,298.5812,241.47375,5334.4297,0.99995956,-0.008216019,1.579012493,-21.418793,0,0.862807413,-1.579012493,0.012851276,0,-0.03,0,0,-0.015790125
1773775663,TRUE,0.3847067,1773775663,296.93372,238.83618,45.7687,100.510574,1.582131,298.08694,240.6825,5114.1724,0.999952421,-0.009151551,1.579948057,-21.913055,0,0.820641015,-1.579948057,0.013147834,0,-0.03,0,0,-0.015799481
1773775663,TRUE,0.3847067,1773775663,296.93372,238.83618,45.7687,100.510574,1.582131,297.74097,240.1286,4959.992,0.999947424,-0.009806423,1.580602951,-22.259033,0,0.7900296,-1.580602951,0.013355421,0,-0.03,0,0,-0.01580603
1773775663,TRUE,0.3847067,1773775663,296.93372,238.83618,45.7687,100.510574,1.582131,297.49878,239.74088,4852.066,0.999943925,-0.010264834,1.581061376,-22.50122,0,0.768029985,-1.581061376,0.013500733,0,-0.03,0,0,-0.015810614
1773775663,TRUE,0.3847067,1773775663,296.93372,238.83618,45.7687,100.510574,1.582131,297.32925,239.46945,4776.5176,0.999941477,-0.010585721,1.581382272,-22.670746,0,0.752337233,-1.581382272,0.013602448,0,-0.03,0,0,-0.015813823
1773775663,TRUE,0.3847067,1773775663,296.93372,238.83618,45.7687,100.510574,1.582131,297.2106,239.27948,4723.634,0.999939763,-0.010810342,1.581606899,-22.789398,0,0.741203836,-1.581606899,0.01367364,0,-0.03,0,0,-0.015816069
1773775663,TRUE,0.3847067,1773775663,296.93372,238.83618,45.7687,100.510574,1.582131,297.12753,239.14648,4686.615,0.999938563,-0.010967577,1.581764138,-22.872467,0,0.733336078,-1.581764138,0.013723481,0,-0.03,0,0,-0.015817641
1773775663,TRUE,0.3847067,1773775663,296.93372,238.83618,45.7687,100.510574,1.582131,297.0694,239.0534,4660.702,0.999937723,-0.011077642,1.581874205,-22.930603,0,0.727791571,-1.581874205,0.013758362,0,-0.03,0,0,-0.015818742
1773775663,TRUE,0.3847067,1773775663,296.93372,238.83618,45.7687,100.510574,1.582131,297.0287,238.98825,4642.563,0.999937135,-0.011154687,1.581951252,-22.971313,0,0.72389202,-1.581951252,0.013782789,0,-0.03,0,0,-0.015819513
1773775663,TRUE,0.3847067,1773775663,296.93372,238.83618,45.7687,100.510574,1.582131,297.00018,238.94263,4629.865,0.999936723,-0.011208618,1.582005185,-22.999817,0,0.721153177,-1.582005185,0.013799891,0,-0.03,0,0,-0.015820052
1773775663,TRUE,0.3847067,1773775663,296.93372,238.83618,45.7687,100.510574,1.582131,296.98026,238.9107,4620.977,0.999936435,-0.01124637,1.582042938,-23.019745,0,0.719231631,-1.582042938,0.013811847,0,-0.03,0,0,-0.015820429
1773775663,TRUE,0.3847067,1773775663,296.93372,238.83618,45.7687,100.510574,1.582131,296.96628,238.88834,4614.7554,0.999936234,-0.011272797,1.582069365,-23.033722,0,0.717884312,-1.582069365,0.013820234,0,-0.03,0,0,-0.015820694
1773775663,TRUE,0.3847067,1773775663,296.93372,238.83618,45.7687,100.510574,1.582131,296.9565,238.87268,4610.4004,0.999936092,-0.011291295,1.582087864,-23.043488,0,0.71694012,-1.582087864,0.013826094,0,-0.03,0,0,-0.015820879
1773775663,TRUE,0.3847067,1773775663,296.93372,238.83618,45.7687,100.510574,1.582131,296.94968,238.86172,4607.3516,0.999935994,-0.011304244,1.582100813,-23.050323,0,0.716278597,-1.582100813,0.013830195,0,-0.03,0,0,-0.015821008
1773775663,TRUE,0.3847067,1773775663,296.93372,238.83618,45.7687,100.510574,1.582131,296.9449,238.85406,4605.218,0.999935924,-0.011313309,1.582109878,-23.055115,0,0.715815351,-1.582109878,0.013833069,0,-0.03,0,0,-0.015821099
1773775663,TRUE,0.3847067,1773775663,296.93372,238.83618,45.7687,100.510574,1.582131,296.94153,238.8487,4603.7236,0.999935876,-0.011319654,1.582116223,-23.058472,0,0.715490858,-1.582116223,0.013835084,0,-0.03,0,0,-0.015821162
1773775663,TRUE,0.3847067,1773775663,296.93372,238.83618,45.7687,100.510574,1.582131,296.93918,238.84494,4602.6777,0.999935842,-0.011324095,1.582120664,-23.060822,0,0.715263744,-1.582120664,0.013836494,0,-0.03,0,0,-0.015821207
1773775663,TRUE,0.3847067,1773775663,296.93372,238.83618,45.7687,100.510574,1.582131,296.93753,238.84232,4601.946,0.999935818,-0.011327204,1.582123774,-23.06247,0,0.715104686,-1.582123774,0.013837483,0,-0.03,0,0,-0.015821238
1773775663,TRUE,0.3847067,1773775663,296.93372,238.83618,45.7687,100.510574,1.582131,296.93637,238.84048,4601.4336,0.999935802,-0.011329381,1.58212595,-23.06363,0,0.714993308,-1.58212595,0.013838179,0,-0.03,0,0,-0.015821259
1773775663,TRUE,0.3847067,1773775663,296.93372,238.83618,45.7687,100.510574,1.582131,296.93558,238.8392,4601.075,0.99993579,-0.011330904,1.582127473,-23.064423,0,0.71491551,-1.582127473,0.013838654,0,-0.03,0,0,-0.015821275
1773775663,FALSE,0.3847067,1773775663,296.93372,238.83618,45.7687,100.510574,1.582131,,,,,,,,,,,0,0,0,0,0,0
1773775663,FALSE,0.3847067,1773775663,296.93372,238.83618,45.7687,100.510574,1.582131,,,,,,,,,,,0,0,0,0,0,0
1773775663,FALSE,0.3847067,1773775663,296.93372,238.83618,45.7687,100.510574,1.582131,,,,,,,,,,,0,0,0,0,0,0
1773775663,FALSE,0.3847067,1773775663,296.93372,238.83618,45.7687,100.510574,1.582131,,,,,,,,,,,0,0,0,0,0,0
1773775663,FALSE,0.3847067,1773775663,296.93372,238.83618,45.7687,100.510574,1.582131,,,,,,,,,,,0,0,0,0,0,0
1773775663,FALSE,0.3847067,1773775663,296.93372,238.83618,45.7687,100.510574,1.582131,,,,,,,,,,,0,0,0,0,0,0
1773775663,FALSE,0.3847067,1773775663,296.93372,238.83618,45.7687,100.510574,1.582131,,,,,,,,,,,0,0,0,0,0,0
1773775663,FALSE,0.3847067,1773775663,296.93372,238.83618,45.7687,100.510574,1.582131,,,,,,,,,,,0,0,0,0,0,0
1773775663,FALSE,0.3847067,1773775663,296.93372,238.83618,45.7687,100.510574,1.582131,,,,,,,,,,,0,0,0,0,0,0
1773775663,FALSE,0.3847067,1773775663,296.93372,238.83618,45.7687,100.510574,1.582131,,,,,,,,,,,0,0,0,0,0,0
1773775663,FALSE,0.3847067,1773775663,296.93372,238.83618,45.7687,100.510574,1.582131,,,,,,,,,,,0,0,0,0,0,0
1773775663,FALSE,0.3847067,1773775663,296.93372,238.83618,45.7687,100.510574,1.582131,,,,,,,,,,,0,0,0,0,0,0
1773775663,FALSE,0.3847067,1773775663,296.93372,238.83618,45.7687,100.510574,1.582131,,,,,,,,,,,0,0,0,0,0,0
1773775663,FALSE,0.3847067,1773775663,296.93372,238.83618,45.7687,100.510574,1.582131,,,,,,,,,,,0,0,0,0,0,0
1773775663,FALSE,0.3847067,1773775663,296.93372,238.83618,45.7687,100.510574,1.582131,,,,,,,,,,,0,0,0,0,0,0
1773775663,FALSE,0.3847067,1773775663,296.93372,238.83618,45.7687,100.510574,1.582131,,,,,,,,,,,0,0,0,0,0,0
1773775663,FALSE,0.3847067,1773775663,296.93372,238.83618,45.7687,100.510574,1.582131,,,,,,,,,,,0,0,0,0,0,0
1773775663,FALSE,0.3847067,1773775663,296.93372,238.83618,45.7687,100.510574,1.582131,,,,,,,,,,,0,0,0,0,0,0
1773775663,FALSE,0.3847067,1773775663,296.93372,238.83618,45.7687,100.510574,1.582131,,,,,,,,,,,0,0,0,0,0,0
1773775663,FALSE,0.3847067,1773775663,296.93372,238.83618,45.7687,100.510574,1.582131,,,,,,,,,,,0,0,0,0,0,0
1773775663,FALSE,0.3847067,1773775663,296.93372,238.83618,45.7687,100.510574,1.582131,,,,,,,,,,,0,0,0,0,0,0
1773775663,FALSE,0.3847067,1773775663,296.93372,238.83618,45.7687,100.510574,1.582131,,,,,,,,,,,0,0,0,0,0,0
1773775663,FALSE,0.3847067,1773775663,296.93372,238.83618,45.7687,100.510574,1.582131,,,,,,,,,,,0,0,0,0,0,0
1773775663,FALSE,0.3847067,1773775663,296.93372,238.83618,45.7687,100.510574,1.582131,,,,,,,,,,,0,0,0,0,0,0
1773775663,FALSE,0.3847067,1773775663,296.93372,238.83618,45.7687,100.510574,1.582131,,,,,,,,,,,0,0,0,0,0,0
1773775663,FALSE,0.3847067,1773775663,296.93372,238.83618,45.7687,100.510574,1.582131,,,,,,,,,,,0,0,0,0,0,0
1773775663,FALSE,0.3847067,1773775663,296.93372,238.83618,45.7687,100.510574,1.582131,,,,,,,,,,,0,0,0,0,0,0
1773775663,FALSE,0.3847067,1773775663,296.93372,238.83618,45.7687,100.510574,1.582131,,,,,,,,,,,0,0,0,0,0,0
1773775663,FALSE,0.3847067,1773775663,296.93372,238.83618,45.7687,100.510574,1.582131,,,,,,,,,,,0,0,0,0,0,0
1773775663,FALSE,0.3847067,1773775663,296.93372,238.83618,45.7687,100.510574,1.582131,,,,,,,,,,,0,0,0,0,0,0
1773775663,FALSE,0.3847067,1773775663,296.93372,238.83618,45.7687,100.510574,1.582131,,,,,,,,,,,0,0,0,0,0,0
1773775663,FALSE,0.3847067,1773775663,296.93372,238.83618,45.7687,100.510574,1.582131,,,,,,,,,,,0,0,0,0,0,0
1773775663,FALSE,0.3847067,1773775663,296.93372,238.83618,45.7687,100.510574,1.582131,,,,,,,,,,,0,0,0,0,0,0
1773775663,FALSE,0.3847067,1773775663,296.93372,238.83618,45.7687,100.510574,1.582131,,,,,,,,,,,0,0,0,0,0,0
1773775663,FALSE,0.3847067,1773775663,296.93372,238.83618,45.7687,100.510574,1.582131,,,,,,,,,,,0,0,0,0,0,0
1773775663,FALSE,0.3847067,1773775663,296.93372,238.83618,45.7687,100.510574,1.582131,,,,,,,,,,,0,0,0,0,0,0
1773775663,FALSE,0.3847067,1773775663,296.93372,238.83618,45.7687,100.510574,1.582131,,,,,,,,,,,0,0,0,0,0,0
1773775663,FALSE,0.3847067,1773775663,296.93372,238.83618,45.7687,100.510574,1.582131,,,,,,,,,,,0,0,0,0,0,0
1773775663,FALSE,0.3847067,1773775663,296.93372,238.83618,45.7687,100.510574,1.582131,,,,,,,,,,,0,0,0,0,0,0
1773775663,FALSE,0.3847067,1773775663,296.93372,238.83618,45.7687,100.510574,1.582131,,,,,,,,,,,0,0,0,0,0,0
1773775663,FALSE,0.3847067,1773775663,296.93372,238.83618,45.7687,100.510574,1.582131,,,,,,,,,,,0,0,0,0,0,0
1773775663,FALSE,0.3847067,1773775663,296.93372,238.83618,45.7687,100.510574,1.582131,,,,,,,,,,,0,0,0,0,0,0
1773775663,FALSE,0.3847067,1773775663,296.93372,238.83618,45.7687,100.510574,1.582131,,,,,,,,,,,0,0,0,0,0,0
1773775663,FALSE,0.3847067,1773775663,296.93372,238.83618,45.7687,100.510574,1.582131,,,,,,,,,,,0,0,0,0,0,0
1773775663,FALSE,0.3847067,1773775663,296.93372,238.83618,45.7687,100.510574,1.582131,,,,,,,,,,,0,0,0,0,0,0
1773775663,FALSE,0.3847067,1773775663,296.93372,238.83618,45.7687,100.510574,1.582131,,,,,,,,,,,0,0,0,0,0,0
1773775663,FALSE,0.3847067,1773775663,296.93372,238.83618,45.7687,100.510574,1.582131,,,,,,,,,,,0,0,0,0,0,0
1773775663,FALSE,0.3847067,1773775663,296.93372,238.83618,45.7687,100.510574,1.582131,,,,,,,,,,,0,0,0,0,0,0
1773775663,FALSE,0.3847067,1773775663,296.93372,238.83618,45.7687,100.510574,1.582131,,,,,,,,,,,0,0,0,0,0,0
1773775663,FALSE,0.3847067,1773775663,296.93372,238.83618,45.7687,100.510574,1.582131,,,,,,,,,,,0,0,0,0,0,0
1773775663,FALSE,0.3847067,1773775663,296.93372,238.83618,45.7687,100.510574,1.582131,,,,,,,,,,,0,0,0,0,0,0
1773775663,FALSE,0.3847067,1773775663,296.93372,238.83618,45.7687,100.510574,1.582131,,,,,,,,,,,0,0,0,0,0,0
1773775663,FALSE,0.3847067,1773775663,296.93372,238.83618,45.7687,100.510574,1.582131,,,,,,,,,,,0,0,0,0,0,0
1773775663,FALSE,0.3847067,1773775663,296.93372,238.83618,45.7687,100.510574,1.582131,,,,,,,,,,,0,0,0,0,0,0
1773775663,FALSE,0.3847067,1773775663,296.93372,238.83618,45.7687,100.510574,1.582131,,,,,,,,,,,0,0,0,0,0,0
1773775663,FALSE,0.3847067,1773775663,296.93372,238.83618,45.7687,100.510574,1.582131,,,,,,,,,,,0,0,0,0,0,0
1773775663,FALSE,0.3847067,1773775663,296.93372,238.83618,45.7687,100.510574,1.582131,,,,,,,,,,,0,0,0,0,0,0
1773775663,FALSE,0.3847067,1773775663,296.93372,238.83618,45.7687,100.510574,1.582131,,,,,,,,,,,0,0,0,0,0,0
1773775663,FALSE,0.3847067,1773775663,296.93372,238.83618,45.7687,100.510574,1.582131,,,,,,,,,,,0,0,0,0,0,0
1773775663,FALSE,0.3847067,1773775663,296.93372,238.83618,45.7687,100.510574,1.582131,,,,,,,,,,,0,0,0,0,0,0
1773775663,FALSE,0.3847067,1773775663,296.93372,238.83618,45.7687,100.510574,1.582131,,,,,,,,,,,0,0,0,0,0,0
1773775663,FALSE,0.3847067,1773775663,296.93372,238.83618,45.7687,100.510574,1.582131,,,,,,,,,,,0,0,0,0,0,0
1773775663,FALSE,0.3847067,1773775663,296.93372,238.83618,45.7687,100.510574,1.582131,,,,,,,,,,,0,0,0,0,0,0
1773775663,FALSE,0.3847067,1773775663,296.93372,238.83618,45.7687,100.510574,1.582131,,,,,,,,,,,0,0,0,0,0,0
1773775664,FALSE,0.3847067,1773775663,296.93372,238.83618,45.7687,100.510574,1.582131,,,,,,,,,,,0,0,0,0,0,0
1773775664,FALSE,0.3847067,1773775663,296.93372,238.83618,45.7687,100.510574,1.582131,,,,,,,,,,,0,0,0,0,0,0
1773775664,FALSE,0.3847067,1773775663,296.93372,238.83618,45.7687,100.510574,1.582131,,,,,,,,,,,0,0,0,0,0,0
1773775664,FALSE,0.3847067,1773775663,296.93372,238.83618,45.7687,100.510574,1.582131,,,,,,,,,,,0,0,0,0,0,0
1773775664,FALSE,0.3847067,1773775663,296.93372,238.83618,45.7687,100.510574,1.582131,,,,,,,,,,,0,0,0,0,0,0
1773775664,FALSE,0.3847067,1773775663,296.93372,238.83618,45.7687,100.510574,1.582131,,,,,,,,,,,0,0,0,0,0,0
1773775664,FALSE,0.3847067,1773775663,296.93372,238.83618,45.7687,100.510574,1.582131,,,,,,,,,,,0,0,0,0,0,0
1773775664,FALSE,0.3847067,1773775663,296.93372,238.83618,45.7687,100.510574,1.582131,,,,,,,,,,,0,0,0,0,0,0
1773775664,FALSE,0.3847067,1773775663,296.93372,238.83618,45.7687,100.510574,1.582131,,,,,,,,,,,0,0,0,0,0,0
1773775664,FALSE,0.3847067,1773775663,296.93372,238.83618,45.7687,100.510574,1.582131,,,,,,,,,,,0,0,0,0,0,0
1773775664,FALSE,0.3847067,1773775663,296.93372,238.83618,45.7687,100.510574,1.582131,,,,,,,,,,,0,0,0,0,0,0
1773775664,FALSE,0.3847067,1773775663,296.93372,238.83618,45.7687,100.510574,1.582131,,,,,,,,,,,0,0,0,0,0,0
1773775664,FALSE,0.3847067,1773775663,296.93372,238.83618,45.7687,100.510574,1.582131,,,,,,,,,,,0,0,0,0,0,0
1773775664,FALSE,0.3847067,1773775663,296.93372,238.83618,45.7687,100.510574,1.582131,,,,,,,,,,,0,0,0,0,0,0
1773775664,FALSE,0.3847067,1773775663,296.93372,238.83618,45.7687,100.510574,1.582131,,,,,,,,,,,0,0,0,0,0,0
1773775664,FALSE,0.3847067,1773775663,296.93372,238.83618,45.7687,100.510574,1.582131,,,,,,,,,,,0,0,0,0,0,0
1773775664,FALSE,0.3847067,1773775663,296.93372,238.83618,45.7687,100.510574,1.582131,,,,,,,,,,,0,0,0,0,0,0
1773775664,FALSE,0.3847067,1773775663,296.93372,238.83618,45.7687,100.510574,1.582131,,,,,,,,,,,0,0,0,0,0,0
1773775664,FALSE,0.3847067,1773775663,296.93372,238.83618,45.7687,100.510574,1.582131,,,,,,,,,,,0,0,0,0,0,0
1773775664,FALSE,0.3847067,1773775663,296.93372,238.83618,45.7687,100.510574,1.582131,,,,,,,,,,,0,0,0,0,0,0
1773775664,FALSE,0.3847067,1773775663,296.93372,238.83618,45.7687,100.510574,1.582131,,,,,,,,,,,0,0,0,0,0,0
1773775664,FALSE,0.3847067,1773775663,296.93372,238.83618,45.7687,100.510574,1.582131,,,,,,,,,,,0,0,0,0,0,0
1773775664,FALSE,0.3847067,1773775663,296.93372,238.83618,45.7687,100.510574,1.582131,,,,,,,,,,,0,0,0,0,0,0
1773775664,FALSE,0.3847067,1773775663,296.93372,238.83618,45.7687,100.510574,1.582131,,,,,,,,,,,0,0,0,0,0,0
1773775664,FALSE,0.3847067,1773775663,296.93372,238.83618,45.7687,100.510574,1.582131,,,,,,,,,,,0,0,0,0,0,0
1773775664,FALSE,0.3847067,1773775663,296.93372,238.83618,45.7687,100.510574,1.582131,,,,,,,,,,,0,0,0,0,0,0
1773775664,FALSE,0.3847067,1773775663,296.93372,238.83618,45.7687,100.510574,1.582131,,,,,,,,,,,0,0,0,0,0,0
1773775664,FALSE,0.3847067,1773775663,296.93372,238.83618,45.7687,100.510574,1.582131,,,,,,,,,,,0,0,0,0,0,0
1773775664,FALSE,0.3847067,1773775663,296.93372,238.83618,45.7687,100.510574,1.582131,,,,,,,,,,,0,0,0,0,0,0
1773775664,FALSE,0.3847067,1773775663,296.93372,238.83618,45.7687,100.510574,1.582131,,,,,,,,,,,0,0,0,0,0,0
1773775664,FALSE,0.3847067,1773775663,296.93372,238.83618,45.7687,100.510574,1.582131,,,,,,,,,,,0,0,0,0,0,0
1773775664,FALSE,0.3847067,1773775663,296.93372,238.83618,45.7687,100.510574,1.582131,,,,,,,,,,,0,0,0,0,0,0
1773775664,FALSE,0.3847067,1773775663,296.93372,238.83618,45.7687,100.510574,1.582131,,,,,,,,,,,0,0,0,0,0,0
1773775664,FALSE,0.3847067,1773775663,296.93372,238.83618,45.7687,100.510574,1.582131,,,,,,,,,,,0,0,0,0,0,0
1773775664,FALSE,0.3847067,1773775663,296.93372,238.83618,45.7687,100.510574,1.582131,,,,,,,,,,,0,0,0,0,0,0
1773775664,FALSE,0.3847067,1773775663,296.93372,238.83618,45.7687,100.510574,1.582131,,,,,,,,,,,0,0,0,0,0,0
1773775664,FALSE,0.3847067,1773775663,296.93372,238.83618,45.7687,100.510574,1.582131,,,,,,,,,,,0,0,0,0,0,0
1773775664,FALSE,0.3847067,1773775663,296.93372,238.83618,45.7687,100.510574,1.582131,,,,,,,,,,,0,0,0,0,0,0
1773775664,FALSE,0.3847067,1773775663,296.93372,238.83618,45.7687,100.510574,1.582131,,,,,,,,,,,0,0,0,0,0,0
1773775664,FALSE,0.3847067,1773775663,296.93372,238.83618,45.7687,100.510574,1.582131,,,,,,,,,,,0,0,0,0,0,0
1773775664,FALSE,0.3847067,1773775663,296.93372,238.83618,45.7687,100.510574,1.582131,,,,,,,,,,,0,0,0,0,0,0
1773775664,FALSE,0.3847067,1773775663,296.93372,238.83618,45.7687,100.510574,1.582131,,,,,,,,,,,0,0,0,0,0,0
1773775664,FALSE,0.3847067,1773775663,296.93372,238.83618,45.7687,100.510574,1.582131,,,,,,,,,,,0,0,0,0,0,0
1773775664,FALSE,0.3847067,1773775663,296.93372,238.83618,45.7687,100.510574,1.582131,,,,,,,,,,,0,0,0,0,0,0
1773775664,FALSE,0.3847067,1773775663,296.93372,238.83618,45.7687,100.510574,1.582131,,,,,,,,,,,0,0,0,0,0,0
1773775664,FALSE,0.3847067,1773775663,296.93372,238.83618,45.7687,100.510574,1.582131,,,,,,,,,,,0,0,0,0,0,0
1773775664,FALSE,0.3847067,1773775663,296.93372,238.83618,45.7687,100.510574,1.582131,,,,,,,,,,,0,0,0,0,0,0
1773775664,FALSE,0.3847067,1773775663,296.93372,238.83618,45.7687,100.510574,1.582131,,,,,,,,,,,0,0,0,0,0,0
1773775664,FALSE,0.3847067,1773775663,296.93372,238.83618,45.7687,100.510574,1.582131,,,,,,,,,,,0,0,0,0,0,0
1773775664,FALSE,0.3847067,1773775663,296.93372,238.83618,45.7687,100.510574,1.582131,,,,,,,,,,,0,0,0,0,0,0
1773775664,FALSE,0.3847067,1773775663,296.93372,238.83618,45.7687,100.510574,1.582131,,,,,,,,,,,0,0,0,0,0,0
1773775664,FALSE,0.3847067,1773775663,296.93372,238.83618,45.7687,100.510574,1.582131,,,,,,,,,,,0,0,0,0,0,0
1773775664,FALSE,0.3847067,1773775663,296.93372,238.83618,45.7687,100.510574,1.582131,,,,,,,,,,,0,0,0,0,0,0
1773775664,FALSE,0.3847067,1773775663,296.93372,238.83618,45.7687,100.510574,1.582131,,,,,,,,,,,0,0,0,0,0,0
1773775664,FALSE,0.3847067,1773775663,296.93372,238.83618,45.7687,100.510574,1.582131,,,,,,,,,,,0,0,0,0,0,0
1773775664,FALSE,0.3847067,1773775663,296.93372,238.83618,45.7687,100.510574,1.582131,,,,,,,,,,,0,0,0,0,0,0
1773775664,FALSE,0.3847067,1773775663,296.93372,238.83618,45.7687,100.510574,1.582131,,,,,,,,,,,0,0,0,0,0,0
1773775664,FALSE,0.3847067,1773775663,296.93372,238.83618,45.7687,100.510574,1.582131,,,,,,,,,,,0,0,0,0,0,0
1773775664,FALSE,0.3847067,1773775663,296.93372,238.83618,45.7687,100.510574,1.582131,,,,,,,,,,,0,0,0,0,0,0
1773775664,FALSE,0.3847067,1773775663,296.93372,238.83618,45.7687,100.510574,1.582131,,,,,,,,,,,0,0,0,0,0,0
1773775664,FALSE,0.3847067,1773775663,296.93372,238.83618,45.7687,100.510574,1.582131,,,,,,,,,,,0,0,0,0,0,0
1773775664,FALSE,0.3847067,1773775663,296.93372,238.83618,45.7687,100.510574,1.582131,,,,,,,,,,,0,0,0,0,0,0
1773775664,FALSE,0.3847067,1773775663,296.93372,238.83618,45.7687,100.510574,1.582131,,,,,,,,,,,0,0,0,0,0,0
1773775664,FALSE,0.3847067,1773775663,296.93372,238.83618,45.7687,100.510574,1.582131,,,,,,,,,,,0,0,0,0,0,0
1773775664,FALSE,0.3847067,1773775663,296.93372,238.83618,45.7687,100.510574,1.582131,,,,,,,,,,,0,0,0,0,0,0
1773775664,FALSE,0.3847067,1773775663,296.93372,238.83618,45.7687,100.510574,1.582131,,,,,,,,,,,0,0,0,0,0,0
1773775664,FALSE,0.3847067,1773775663,296.93372,238.83618,45.7687,100.510574,1.582131,,,,,,,,,,,0,0,0,0,0,0
1773775664,FALSE,0.3847067,1773775663,296.93372,238.83618,45.7687,100.510574,1.582131,,,,,,,,,,,0,0,0,0,0,0
1773775664,FALSE,0.3847067,1773775663,296.93372,238.83618,45.7687,100.510574,1.582131,,,,,,,,,,,0,0,0,0,0,0
1773775664,FALSE,0.3847067,1773775663,296.93372,238.83618,45.7687,100.510574,1.582131,,,,,,,,,,,0,0,0,0,0,0
1773775664,FALSE,0.3847067,1773775663,296.93372,238.83618,45.7687,100.510574,1.582131,,,,,,,,,,,0,0,0,0,0,0
1773775664,FALSE,0.3847067,1773775663,296.93372,238.83618,45.7687,100.510574,1.582131,,,,,,,,,,,0,0,0,0,0,0
1773775664,FALSE,0.3847067,1773775663,296.93372,238.83618,45.7687,100.510574,1.582131,,,,,,,,,,,0,0,0,0,0,0
1773775664,FALSE,0.3847067,1773775663,296.93372,238.83618,45.7687,100.510574,1.582131,,,,,,,,,,,0,0,0,0,0,0
1773775664,FALSE,0.3847067,1773775663,296.93372,238.83618,45.7687,100.510574,1.582131,,,,,,,,,,,0,0,0,0,0,0
1773775664,FALSE,0.3847067,1773775663,296.93372,238.83618,45.7687,100.510574,1.582131,,,,,,,,,,,0,0,0,0,0,0
1773775664,FALSE,0.3847067,1773775663,296.93372,238.83618,45.7687,100.510574,1.582131,,,,,,,,,,,0,0,0,0,0,0
1773775664,FALSE,0.3847067,1773775663,296.93372,238.83618,45.7687,100.510574,1.582131,,,,,,,,,,,0,0,0,0,0,0
1773775664,FALSE,0.3847067,1773775663,296.93372,238.83618,45.7687,100.510574,1.582131,,,,,,,,,,,0,0,0,0,0,0
1773775664,FALSE,0.3847067,1773775663,296.93372,238.83618,45.7687,100.510574,1.582131,,,,,,,,,,,0,0,0,0,0,0
1773775664,FALSE,0.3847067,1773775663,296.93372,238.83618,45.7687,100.510574,1.582131,,,,,,,,,,,0,0,0,0,0,0
1773775664,FALSE,0.3847067,1773775663,296.93372,238.83618,45.7687,100.510574,1.582131,,,,,,,,,,,0,0,0,0,0,0
1773775664,FALSE,0.3847067,1773775663,296.93372,238.83618,45.7687,100.510574,1.582131,,,,,,,,,,,0,0,0,0,0,0
1773775664,FALSE,0.3847067,1773775663,296.93372,238.83618,45.7687,100.510574,1.582131,,,,,,,,,,,0,0,0,0,0,0
1773775664,FALSE,0.3847067,1773775663,296.93372,238.83618,45.7687,100.510574,1.582131,,,,,,,,,,,0,0,0,0,0,0
1773775664,FALSE,0.3847067,1773775663,296.93372,238.83618,45.7687,100.510574,1.582131,,,,,,,,,,,0,0,0,0,0,0
1773775664,FALSE,0.3847067,1773775663,296.93372,238.83618,45.7687,100.510574,1.582131,,,,,,,,,,,0,0,0,0,0,0
1773775664,FALSE,0.3847067,1773775663,296.93372,238.83618,45.7687,100.510574,1.582131,,,,,,,,,,,0,0,0,0,0,0
1773775664,FALSE,0.3847067,1773775663,296.93372,238.83618,45.7687,100.510574,1.582131,,,,,,,,,,,0,0,0,0,0,0
1773775664,FALSE,0.3847067,1773775663,296.93372,238.83618,45.7687,100.510574,1.582131,,,,,,,,,,,0,0,0,0,0,0
1773775664,FALSE,0.3847067,1773775663,296.93372,238.83618,45.7687,100.510574,1.582131,,,,,,,,,,,0,0,0,0,0,0
1773775664,FALSE,0.3847067,1773775663,296.93372,238.83618,45.7687,100.510574,1.582131,,,,,,,,,,,0,0,0,0,0,0
1773775664,FALSE,0.3847067,1773775663,296.93372,238.83618,45.7687,100.510574,1.582131,,,,,,,,,,,0,0,0,0,0,0
1773775664,FALSE,0.3847067,1773775663,296.93372,238.83618,45.7687,100.510574,1.582131,,,,,,,,,,,0,0,0,0,0,0
1773775664,FALSE,0.3847067,1773775663,296.93372,238.83618,45.7687,100.510574,1.582131,,,,,,,,,,,0,0,0,0,0,0
1773775664,FALSE,0.3847067,1773775663,296.93372,238.83618,45.7687,100.510574,1.582131,,,,,,,,,,,0,0,0,0,0,0
1773775664,FALSE,0.3847067,1773775663,296.93372,238.83618,45.7687,100.510574,1.582131,,,,,,,,,,,0,0,0,0,0,0
1773775664,FALSE,0.3847067,1773775663,296.93372,238.83618,45.7687,100.510574,1.582131,,,,,,,,,,,0,0,0,0,0,0
1773775664,FALSE,0.3847067,1773775663,296.93372,238.83618,45.7687,100.510574,1.582131,,,,,,,,,,,0,0,0,0,0,0
1773775664,FALSE,0.3847067,1773775663,296.93372,238.83618,45.7687,100.510574,1.582131,,,,,,,,,,,0,0,0,0,0,0
1773775665,FALSE,0.3847067,1773775663,296.93372,238.83618,45.7687,100.510574,1.582131,,,,,,,,,,,0,0,0,0,0,0
1773775665,FALSE,0.3847067,1773775663,296.93372,238.83618,45.7687,100.510574,1.582131,,,,,,,,,,,0,0,0,0,0,0
1773775665,FALSE,0.3847067,1773775663,296.93372,238.83618,45.7687,100.510574,1.582131,,,,,,,,,,,0,0,0,0,0,0
1773775665,FALSE,0.3847067,1773775663,296.93372,238.83618,45.7687,100.510574,1.582131,,,,,,,,,,,0,0,0,0,0,0
1773775665,FALSE,0.3847067,1773775663,296.93372,238.83618,45.7687,100.510574,1.582131,,,,,,,,,,,0,0,0,0,0,0
1773775665,FALSE,0.3847067,1773775663,296.93372,238.83618,45.7687,100.510574,1.582131,,,,,,,,,,,0,0,0,0,0,0
1773775665,FALSE,0.3847067,1773775663,296.93372,238.83618,45.7687,100.510574,1.582131,,,,,,,,,,,0,0,0,0,0,0
1773775665,FALSE,0.3847067,1773775663,296.93372,238.83618,45.7687,100.510574,1.582131,,,,,,,,,,,0,0,0,0,0,0
1773775665,FALSE,0.3847067,1773775663,296.93372,238.83618,45.7687,100.510574,1.582131,,,,,,,,,,,0,0,0,0,0,0
1773775665,FALSE,0.3847067,1773775663,296.93372,238.83618,45.7687,100.510574,1.582131,,,,,,,,,,,0,0,0,0,0,0
1773775665,FALSE,0.3847067,1773775663,296.93372,238.83618,45.7687,100.510574,1.582131,,,,,,,,,,,0,0,0,0,0,0
1773775665,FALSE,0.3847067,1773775663,296.93372,238.83618,45.7687,100.510574,1.582131,,,,,,,,,,,0,0,0,0,0,0
1773775665,FALSE,0.3847067,1773775663,296.93372,238.83618,45.7687,100.510574,1.582131,,,,,,,,,,,0,0,0,0,0,0
1773775665,FALSE,0.3847067,1773775663,296.93372,238.83618,45.7687,100.510574,1.582131,,,,,,,,,,,0,0,0,0,0,0
1773775665,FALSE,0.3847067,1773775663,296.93372,238.83618,45.7687,100.510574,1.582131,,,,,,,,,,,0,0,0,0,0,0
1773775665,FALSE,0.3847067,1773775663,296.93372,238.83618,45.7687,100.510574,1.582131,,,,,,,,,,,0,0,0,0,0,0
1773775665,FALSE,0.3847067,1773775663,296.93372,238.83618,45.7687,100.510574,1.582131,,,,,,,,,,,0,0,0,0,0,0
1773775665,FALSE,0.3847067,1773775663,296.93372,238.83618,45.7687,100.510574,1.582131,,,,,,,,,,,0,0,0,0,0,0
1773775665,FALSE,0.3847067,1773775663,296.93372,238.83618,45.7687,100.510574,1.582131,,,,,,,,,,,0,0,0,0,0,0
1773775665,FALSE,0.3847067,1773775663,296.93372,238.83618,45.7687,100.510574,1.582131,,,,,,,,,,,0,0,0,0,0,0
1773775665,FALSE,0.3847067,1773775663,296.93372,238.83618,45.7687,100.510574,1.582131,,,,,,,,,,,0,0,0,0,0,0
1773775665,FALSE,0.3847067,1773775663,296.93372,238.83618,45.7687,100.510574,1.582131,,,,,,,,,,,0,0,0,0,0,0
1773775665,FALSE,0.3847067,1773775663,296.93372,238.83618,45.7687,100.510574,1.582131,,,,,,,,,,,0,0,0,0,0,0
1773775665,FALSE,0.3847067,1773775663,296.93372,238.83618,45.7687,100.510574,1.582131,,,,,,,,,,,0,0,0,0,0,0
1773775665,FALSE,0.3847067,1773775663,296.93372,238.83618,45.7687,100.510574,1.582131,,,,,,,,,,,0,0,0,0,0,0
1773775665,FALSE,0.3847067,1773775663,296.93372,238.83618,45.7687,100.510574,1.582131,,,,,,,,,,,0,0,0,0,0,0
1773775665,FALSE,0.3847067,1773775663,296.93372,238.83618,45.7687,100.510574,1.582131,,,,,,,,,,,0,0,0,0,0,0
1773775665,FALSE,0.3847067,1773775663,296.93372,238.83618,45.7687,100.510574,1.582131,,,,,,,,,,,0,0,0,0,0,0
1773775665,FALSE,0.3847067,1773775663,296.93372,238.83618,45.7687,100.510574,1.582131,,,,,,,,,,,0,0,0,0,0,0
1773775665,FALSE,0.3847067,1773775663,296.93372,238.83618,45.7687,100.510574,1.582131,,,,,,,,,,,0,0,0,0,0,0
1773775665,FALSE,0.3847067,1773775663,296.93372,238.83618,45.7687,100.510574,1.582131,,,,,,,,,,,0,0,0,0,0,0
1773775665,FALSE,0.3847067,1773775663,296.93372,238.83618,45.7687,100.510574,1.582131,,,,,,,,,,,0,0,0,0,0,0
1773775665,FALSE,0.3847067,1773775663,296.93372,238.83618,45.7687,100.510574,1.582131,,,,,,,,,,,0,0,0,0,0,0
1773775665,FALSE,0.3847067,1773775663,296.93372,238.83618,45.7687,100.510574,1.582131,,,,,,,,,,,0,0,0,0,0,0
1773775665,FALSE,0.3847067,1773775663,296.93372,238.83618,45.7687,100.510574,1.582131,,,,,,,,,,,0,0,0,0,0,0
1773775665,FALSE,0.3847067,1773775663,296.93372,238.83618,45.7687,100.510574,1.582131,,,,,,,,,,,0,0,0,0,0,0
1773775665,FALSE,0.3847067,1773775663,296.93372,238.83618,45.7687,100.510574,1.582131,,,,,,,,,,,0,0,0,0,0,0
1773775665,FALSE,0.3847067,1773775663,296.93372,238.83618,45.7687,100.510574,1.582131,,,,,,,,,,,0,0,0,0,0,0
1773775665,FALSE,0.3847067,1773775663,296.93372,238.83618,45.7687,100.510574,1.582131,,,,,,,,,,,0,0,0,0,0,0
1773775665,FALSE,0.3847067,1773775663,296.93372,238.83618,45.7687,100.510574,1.582131,,,,,,,,,,,0,0,0,0,0,0
1773775665,FALSE,0.3847067,1773775663,296.93372,238.83618,45.7687,100.510574,1.582131,,,,,,,,,,,0,0,0,0,0,0
1773775665,FALSE,0.3847067,1773775663,296.93372,238.83618,45.7687,100.510574,1.582131,,,,,,,,,,,0,0,0,0,0,0
1773775665,FALSE,0.3847067,1773775663,296.93372,238.83618,45.7687,100.510574,1.582131,,,,,,,,,,,0,0,0,0,0,0
1773775665,FALSE,0.3847067,1773775663,296.93372,238.83618,45.7687,100.510574,1.582131,,,,,,,,,,,0,0,0,0,0,0
1773775665,FALSE,0.3847067,1773775663,296.93372,238.83618,45.7687,100.510574,1.582131,,,,,,,,,,,0,0,0,0,0,0
1773775665,FALSE,0.3847067,1773775663,296.93372,238.83618,45.7687,100.510574,1.582131,,,,,,,,,,,0,0,0,0,0,0
1773775665,FALSE,0.3847067,1773775663,296.93372,238.83618,45.7687,100.510574,1.582131,,,,,,,,,,,0,0,0,0,0,0
1773775665,FALSE,0.3847067,1773775663,296.93372,238.83618,45.7687,100.510574,1.582131,,,,,,,,,,,0,0,0,0,0,0
1773775665,FALSE,0.3847067,1773775663,296.93372,238.83618,45.7687,100.510574,1.582131,,,,,,,,,,,0,0,0,0,0,0
1773775665,FALSE,0.3847067,1773775663,296.93372,238.83618,45.7687,100.510574,1.582131,,,,,,,,,,,0,0,0,0,0,0
1773775665,FALSE,0.3847067,1773775663,296.93372,238.83618,45.7687,100.510574,1.582131,,,,,,,,,,,0,0,0,0,0,0
1773775665,FALSE,0.3847067,1773775663,296.93372,238.83618,45.7687,100.510574,1.582131,,,,,,,,,,,0,0,0,0,0,0
1773775665,FALSE,0.3847067,1773775663,296.93372,238.83618,45.7687,100.510574,1.582131,,,,,,,,,,,0,0,0,0,0,0
1773775665,FALSE,0.3847067,1773775663,296.93372,238.83618,45.7687,100.510574,1.582131,,,,,,,,,,,0,0,0,0,0,0
1773775665,FALSE,0.3847067,1773775663,296.93372,238.83618,45.7687,100.510574,1.582131,,,,,,,,,,,0,0,0,0,0,0
1773775665,FALSE,0.3847067,1773775663,296.93372,238.83618,45.7687,100.510574,1.582131,,,,,,,,,,,0,0,0,0,0,0
1773775665,FALSE,0.3847067,1773775663,296.93372,238.83618,45.7687,100.510574,1.582131,,,,,,,,,,,0,0,0,0,0,0
1773775665,FALSE,0.3847067,1773775663,296.93372,238.83618,45.7687,100.510574,1.582131,,,,,,,,,,,0,0,0,0,0,0
1773775665,FALSE,0.3847067,1773775663,296.93372,238.83618,45.7687,100.510574,1.582131,,,,,,,,,,,0,0,0,0,0,0
1773775665,FALSE,0.3847067,1773775663,296.93372,238.83618,45.7687,100.510574,1.582131,,,,,,,,,,,0,0,0,0,0,0
1773775665,FALSE,0.3847067,1773775663,296.93372,238.83618,45.7687,100.510574,1.582131,,,,,,,,,,,0,0,0,0,0,0
1773775665,FALSE,0.3847067,1773775663,296.93372,238.83618,45.7687,100.510574,1.582131,,,,,,,,,,,0,0,0,0,0,0
1773775665,FALSE,0.3847067,1773775663,296.93372,238.83618,45.7687,100.510574,1.582131,,,,,,,,,,,0,0,0,0,0,0
1773775665,FALSE,0.3847067,1773775663,296.93372,238.83618,45.7687,100.510574,1.582131,,,,,,,,,,,0,0,0,0,0,0
1773775665,FALSE,0.3847067,1773775663,296.93372,238.83618,45.7687,100.510574,1.582131,,,,,,,,,,,0,0,0,0,0,0
1773775665,FALSE,0.3847067,1773775663,296.93372,238.83618,45.7687,100.510574,1.582131,,,,,,,,,,,0,0,0,0,0,0
1773775665,FALSE,0.3847067,1773775663,296.93372,238.83618,45.7687,100.510574,1.582131,,,,,,,,,,,0,0,0,0,0,0
1773775665,FALSE,0.3847067,1773775663,296.93372,238.83618,45.7687,100.510574,1.582131,,,,,,,,,,,0,0,0,0,0,0
1773775665,FALSE,0.3847067,1773775663,296.93372,238.83618,45.7687,100.510574,1.582131,,,,,,,,,,,0,0,0,0,0,0
1773775665,FALSE,0.3847067,1773775663,296.93372,238.83618,45.7687,100.510574,1.582131,,,,,,,,,,,0,0,0,0,0,0
1773775665,FALSE,0.3847067,1773775663,296.93372,238.83618,45.7687,100.510574,1.582131,,,,,,,,,,,0,0,0,0,0,0
1773775665,FALSE,0.3847067,1773775663,296.93372,238.83618,45.7687,100.510574,1.582131,,,,,,,,,,,0,0,0,0,0,0
1773775665,FALSE,0.3847067,1773775663,296.93372,238.83618,45.7687,100.510574,1.582131,,,,,,,,,,,0,0,0,0,0,0
1773775665,FALSE,0.3847067,1773775663,296.93372,238.83618,45.7687,100.510574,1.582131,,,,,,,,,,,0,0,0,0,0,0
1773775665,FALSE,0.3847067,1773775663,296.93372,238.83618,45.7687,100.510574,1.582131,,,,,,,,,,,0,0,0,0,0,0
1773775665,FALSE,0.3847067,1773775663,296.93372,238.83618,45.7687,100.510574,1.582131,,,,,,,,,,,0,0,0,0,0,0
1773775665,FALSE,0.3847067,1773775663,296.93372,238.83618,45.7687,100.510574,1.582131,,,,,,,,,,,0,0,0,0,0,0
1773775665,FALSE,0.3847067,1773775663,296.93372,238.83618,45.7687,100.510574,1.582131,,,,,,,,,,,0,0,0,0,0,0
1773775665,FALSE,0.3847067,1773775663,296.93372,238.83618,45.7687,100.510574,1.582131,,,,,,,,,,,0,0,0,0,0,0
1773775665,FALSE,0.3847067,1773775663,296.93372,238.83618,45.7687,100.510574,1.582131,,,,,,,,,,,0,0,0,0,0,0
1773775665,FALSE,0.3847067,1773775663,296.93372,238.83618,45.7687,100.510574,1.582131,,,,,,,,,,,0,0,0,0,0,0
1773775665,FALSE,0.3847067,1773775663,296.93372,238.83618,45.7687,100.510574,1.582131,,,,,,,,,,,0,0,0,0,0,0
1773775665,FALSE,0.3847067,1773775663,296.93372,238.83618,45.7687,100.510574,1.582131,,,,,,,,,,,0,0,0,0,0,0
1773775665,FALSE,0.3847067,1773775663,296.93372,238.83618,45.7687,100.510574,1.582131,,,,,,,,,,,0,0,0,0,0,0
1773775665,FALSE,0.3847067,1773775663,296.93372,238.83618,45.7687,100.510574,1.582131,,,,,,,,,,,0,0,0,0,0,0
1773775665,FALSE,0.3847067,1773775663,296.93372,238.83618,45.7687,100.510574,1.582131,,,,,,,,,,,0,0,0,0,0,0
1773775665,FALSE,0.3847067,1773775663,296.93372,238.83618,45.7687,100.510574,1.582131,,,,,,,,,,,0,0,0,0,0,0
1773775665,FALSE,0.3847067,1773775663,296.93372,238.83618,45.7687,100.510574,1.582131,,,,,,,,,,,0,0,0,0,0,0
1773775665,FALSE,0.3847067,1773775663,296.93372,238.83618,45.7687,100.510574,1.582131,,,,,,,,,,,0,0,0,0,0,0
1773775665,FALSE,0.3847067,1773775663,296.93372,238.83618,45.7687,100.510574,1.582131,,,,,,,,,,,0,0,0,0,0,0
1773775665,FALSE,0.3847067,1773775663,296.93372,238.83618,45.7687,100.510574,1.582131,,,,,,,,,,,0,0,0,0,0,0
1773775665,FALSE,0.3847067,1773775663,296.93372,238.83618,45.7687,100.510574,1.582131,,,,,,,,,,,0,0,0,0,0,0
1773775665,FALSE,0.3847067,1773775663,296.93372,238.83618,45.7687,100.510574,1.582131,,,,,,,,,,,0,0,0,0,0,0
1773775665,FALSE,0.3847067,1773775663,296.93372,238.83618,45.7687,100.510574,1.582131,,,,,,,,,,,0,0,0,0,0,0
1773775665,FALSE,0.3847067,1773775663,296.93372,238.83618,45.7687,100.510574,1.582131,,,,,,,,,,,0,0,0,0,0,0
1773775665,FALSE,0.3847067,1773775663,296.93372,238.83618,45.7687,100.510574,1.582131,,,,,,,,,,,0,0,0,0,0,0
1773775665,FALSE,0.3847067,1773775663,296.93372,238.83618,45.7687,100.510574,1.582131,,,,,,,,,,,0,0,0,0,0,0
1773775665,FALSE,0.3847067,1773775663,296.93372,238.83618,45.7687,100.510574,1.582131,,,,,,,,,,,0,0,0,0,0,0
1773775665,FALSE,0.3847067,1773775663,296.93372,238.83618,45.7687,100.510574,1.582131,,,,,,,,,,,0,0,0,0,0,0
1773775665,FALSE,0.3847067,1773775663,296.93372,238.83618,45.7687,100.510574,1.582131,,,,,,,,,,,0,0,0,0,0,0
1773775666,FALSE,0.3847067,1773775663,296.93372,238.83618,45.7687,100.510574,1.582131,,,,,,,,,,,0,0,0,0,0,0
1773775666,FALSE,0.3847067,1773775663,296.93372,238.83618,45.7687,100.510574,1.582131,,,,,,,,,,,0,0,0,0,0,0
1773775666,FALSE,0.3847067,1773775663,296.93372,238.83618,45.7687,100.510574,1.582131,,,,,,,,,,,0,0,0,0,0,0
1773775666,FALSE,0.3847067,1773775663,296.93372,238.83618,45.7687,100.510574,1.582131,,,,,,,,,,,0,0,0,0,0,0
1773775666,FALSE,0.3847067,1773775663,296.93372,238.83618,45.7687,100.510574,1.582131,,,,,,,,,,,0,0,0,0,0,0
1773775666,FALSE,0.3847067,1773775663,296.93372,238.83618,45.7687,100.510574,1.582131,,,,,,,,,,,0,0,0,0,0,0
1773775666,FALSE,0.3847067,1773775663,296.93372,238.83618,45.7687,100.510574,1.582131,,,,,,,,,,,0,0,0,0,0,0
1773775666,FALSE,0.3847067,1773775663,296.93372,238.83618,45.7687,100.510574,1.582131,,,,,,,,,,,0,0,0,0,0,0
1773775666,FALSE,0.3847067,1773775663,296.93372,238.83618,45.7687,100.510574,1.582131,,,,,,,,,,,0,0,0,0,0,0
1773775666,FALSE,0.3847067,1773775663,296.93372,238.83618,45.7687,100.510574,1.582131,,,,,,,,,,,0,0,0,0,0,0
1773775666,FALSE,0.3847067,1773775663,296.93372,238.83618,45.7687,100.510574,1.582131,,,,,,,,,,,0,0,0,0,0,0
1773775666,FALSE,0.3847067,1773775663,296.93372,238.83618,45.7687,100.510574,1.582131,,,,,,,,,,,0,0,0,0,0,0
1773775666,FALSE,0.3847067,1773775663,296.93372,238.83618,45.7687,100.510574,1.582131,,,,,,,,,,,0,0,0,0,0,0
1773775666,FALSE,0.3847067,1773775663,296.93372,238.83618,45.7687,100.510574,1.582131,,,,,,,,,,,0,0,0,0,0,0
1773775666,FALSE,0.3847067,1773775663,296.93372,238.83618,45.7687,100.510574,1.582131,,,,,,,,,,,0,0,0,0,0,0
1773775666,FALSE,0.3847067,1773775663,296.93372,238.83618,45.7687,100.510574,1.582131,,,,,,,,,,,0,0,0,0,0,0
1773775666,FALSE,0.3847067,1773775663,296.93372,238.83618,45.7687,100.510574,1.582131,,,,,,,,,,,0,0,0,0,0,0
1773775666,FALSE,0.3847067,1773775663,296.93372,238.83618,45.7687,100.510574,1.582131,,,,,,,,,,,0,0,0,0,0,0
1773775666,FALSE,0.3847067,1773775663,296.93372,238.83618,45.7687,100.510574,1.582131,,,,,,,,,,,0,0,0,0,0,0
1773775666,FALSE,0.3847067,1773775663,296.93372,238.83618,45.7687,100.510574,1.582131,,,,,,,,,,,0,0,0,0,0,0
1773775666,FALSE,0.3847067,1773775663,296.93372,238.83618,45.7687,100.510574,1.582131,,,,,,,,,,,0,0,0,0,0,0
1773775666,FALSE,0.3847067,1773775663,296.93372,238.83618,45.7687,100.510574,1.582131,,,,,,,,,,,0,0,0,0,0,0
1773775666,FALSE,0.3847067,1773775663,296.93372,238.83618,45.7687,100.510574,1.582131,,,,,,,,,,,0,0,0,0,0,0
1773775666,FALSE,0.3847067,1773775663,296.93372,238.83618,45.7687,100.510574,1.582131,,,,,,,,,,,0,0,0,0,0,0
1773775666,FALSE,0.3847067,1773775663,296.93372,238.83618,45.7687,100.510574,1.582131,,,,,,,,,,,0,0,0,0,0,0
1773775666,FALSE,0.3847067,1773775663,296.93372,238.83618,45.7687,100.510574,1.582131,,,,,,,,,,,0,0,0,0,0,0
1773775666,FALSE,0.3847067,1773775663,296.93372,238.83618,45.7687,100.510574,1.582131,,,,,,,,,,,0,0,0,0,0,0
1773775666,FALSE,0.3847067,1773775663,296.93372,238.83618,45.7687,100.510574,1.582131,,,,,,,,,,,0,0,0,0,0,0
1773775666,FALSE,0.3847067,1773775663,296.93372,238.83618,45.7687,100.510574,1.582131,,,,,,,,,,,0,0,0,0,0,0
1773775666,FALSE,0.3847067,1773775663,296.93372,238.83618,45.7687,100.510574,1.582131,,,,,,,,,,,0,0,0,0,0,0
1773775666,FALSE,0.3847067,1773775663,296.93372,238.83618,45.7687,100.510574,1.582131,,,,,,,,,,,0,0,0,0,0,0
1773775666,FALSE,0.3847067,1773775663,296.93372,238.83618,45.7687,100.510574,1.582131,,,,,,,,,,,0,0,0,0,0,0
1773775666,FALSE,0.3847067,1773775663,296.93372,238.83618,45.7687,100.510574,1.582131,,,,,,,,,,,0,0,0,0,0,0
1773775666,FALSE,0.3847067,1773775663,296.93372,238.83618,45.7687,100.510574,1.582131,,,,,,,,,,,0,0,0,0,0,0
1773775666,FALSE,0.3847067,1773775663,296.93372,238.83618,45.7687,100.510574,1.582131,,,,,,,,,,,0,0,0,0,0,0
1773775666,FALSE,0.3847067,1773775663,296.93372,238.83618,45.7687,100.510574,1.582131,,,,,,,,,,,0,0,0,0,0,0
1773775666,FALSE,0.3847067,1773775663,296.93372,238.83618,45.7687,100.510574,1.582131,,,,,,,,,,,0,0,0,0,0,0
1773775666,FALSE,0.3847067,1773775663,296.93372,238.83618,45.7687,100.510574,1.582131,,,,,,,,,,,0,0,0,0,0,0
1773775666,FALSE,0.3847067,1773775663,296.93372,238.83618,45.7687,100.510574,1.582131,,,,,,,,,,,0,0,0,0,0,0
1773775666,FALSE,0.3847067,1773775663,296.93372,238.83618,45.7687,100.510574,1.582131,,,,,,,,,,,0,0,0,0,0,0
1773775666,FALSE,0.3847067,1773775663,296.93372,238.83618,45.7687,100.510574,1.582131,,,,,,,,,,,0,0,0,0,0,0
1773775666,FALSE,0.3847067,1773775663,296.93372,238.83618,45.7687,100.510574,1.582131,,,,,,,,,,,0,0,0,0,0,0
1773775666,FALSE,0.3847067,1773775663,296.93372,238.83618,45.7687,100.510574,1.582131,,,,,,,,,,,0,0,0,0,0,0
1773775666,FALSE,0.3847067,1773775663,296.93372,238.83618,45.7687,100.510574,1.582131,,,,,,,,,,,0,0,0,0,0,0
1773775666,FALSE,0.3847067,1773775663,296.93372,238.83618,45.7687,100.510574,1.582131,,,,,,,,,,,0,0,0,0,0,0
1773775666,FALSE,0.3847067,1773775663,296.93372,238.83618,45.7687,100.510574,1.582131,,,,,,,,,,,0,0,0,0,0,0
1773775666,FALSE,0.3847067,1773775663,296.93372,238.83618,45.7687,100.510574,1.582131,,,,,,,,,,,0,0,0,0,0,0
1773775666,FALSE,0.3847067,1773775663,296.93372,238.83618,45.7687,100.510574,1.582131,,,,,,,,,,,0,0,0,0,0,0
1773775666,FALSE,0.3847067,1773775663,296.93372,238.83618,45.7687,100.510574,1.582131,,,,,,,,,,,0,0,0,0,0,0
1773775666,FALSE,0.3847067,1773775663,296.93372,238.83618,45.7687,100.510574,1.582131,,,,,,,,,,,0,0,0,0,0,0
1773775666,FALSE,0.3847067,1773775663,296.93372,238.83618,45.7687,100.510574,1.582131,,,,,,,,,,,0,0,0,0,0,0
1773775666,FALSE,0.3847067,1773775663,296.93372,238.83618,45.7687,100.510574,1.582131,,,,,,,,,,,0,0,0,0,0,0
1773775666,FALSE,0.3847067,1773775663,296.93372,238.83618,45.7687,100.510574,1.582131,,,,,,,,,,,0,0,0,0,0,0
1773775666,FALSE,0.3847067,1773775663,296.93372,238.83618,45.7687,100.510574,1.582131,,,,,,,,,,,0,0,0,0,0,0
1773775666,FALSE,0.3847067,1773775663,296.93372,238.83618,45.7687,100.510574,1.582131,,,,,,,,,,,0,0,0,0,0,0
1773775666,FALSE,0.3847067,1773775663,296.93372,238.83618,45.7687,100.510574,1.582131,,,,,,,,,,,0,0,0,0,0,0
1773775666,FALSE,0.3847067,1773775663,296.93372,238.83618,45.7687,100.510574,1.582131,,,,,,,,,,,0,0,0,0,0,0
1773775666,FALSE,0.3847067,1773775663,296.93372,238.83618,45.7687,100.510574,1.582131,,,,,,,,,,,0,0,0,0,0,0
1773775666,FALSE,0.3847067,1773775663,296.93372,238.83618,45.7687,100.510574,1.582131,,,,,,,,,,,0,0,0,0,0,0
1773775666,FALSE,0.3847067,1773775663,296.93372,238.83618,45.7687,100.510574,1.582131,,,,,,,,,,,0,0,0,0,0,0
1773775666,FALSE,0.3847067,1773775663,296.93372,238.83618,45.7687,100.510574,1.582131,,,,,,,,,,,0,0,0,0,0,0
1773775666,FALSE,0.3847067,1773775663,296.93372,238.83618,45.7687,100.510574,1.582131,,,,,,,,,,,0,0,0,0,0,0
1773775666,FALSE,0.3847067,1773775663,296.93372,238.83618,45.7687,100.510574,1.582131,,,,,,,,,,,0,0,0,0,0,0
1773775666,FALSE,0.3847067,1773775663,296.93372,238.83618,45.7687,100.510574,1.582131,,,,,,,,,,,0,0,0,0,0,0
1773775666,FALSE,0.3847067,1773775663,296.93372,238.83618,45.7687,100.510574,1.582131,,,,,,,,,,,0,0,0,0,0,0
1773775666,FALSE,0.3847067,1773775663,296.93372,238.83618,45.7687,100.510574,1.582131,,,,,,,,,,,0,0,0,0,0,0
1773775666,FALSE,0.3847067,1773775663,296.93372,238.83618,45.7687,100.510574,1.582131,,,,,,,,,,,0,0,0,0,0,0
1773775666,FALSE,0.3847067,1773775663,296.93372,238.83618,45.7687,100.510574,1.582131,,,,,,,,,,,0,0,0,0,0,0
1773775666,FALSE,0.3847067,1773775663,296.93372,238.83618,45.7687,100.510574,1.582131,,,,,,,,,,,0,0,0,0,0,0
1773775666,FALSE,0.3847067,1773775663,296.93372,238.83618,45.7687,100.510574,1.582131,,,,,,,,,,,0,0,0,0,0,0
1773775666,FALSE,0.3847067,1773775663,296.93372,238.83618,45.7687,100.510574,1.582131,,,,,,,,,,,0,0,0,0,0,0
1773775666,FALSE,0.3847067,1773775663,296.93372,238.83618,45.7687,100.510574,1.582131,,,,,,,,,,,0,0,0,0,0,0
1773775666,FALSE,0.3847067,1773775663,296.93372,238.83618,45.7687,100.510574,1.582131,,,,,,,,,,,0,0,0,0,0,0
1773775666,FALSE,0.3847067,1773775663,296.93372,238.83618,45.7687,100.510574,1.582131,,,,,,,,,,,0,0,0,0,0,0
1773775666,FALSE,0.3847067,1773775663,296.93372,238.83618,45.7687,100.510574,1.582131,,,,,,,,,,,0,0,0,0,0,0
1773775666,FALSE,0.3847067,1773775663,296.93372,238.83618,45.7687,100.510574,1.582131,,,,,,,,,,,0,0,0,0,0,0
1773775666,FALSE,0.3847067,1773775663,296.93372,238.83618,45.7687,100.510574,1.582131,,,,,,,,,,,0,0,0,0,0,0
1773775666,FALSE,0.3847067,1773775663,296.93372,238.83618,45.7687,100.510574,1.582131,,,,,,,,,,,0,0,0,0,0,0
1773775666,FALSE,0.3847067,1773775663,296.93372,238.83618,45.7687,100.510574,1.582131,,,,,,,,,,,0,0,0,0,0,0
1773775666,FALSE,0.3847067,1773775663,296.93372,238.83618,45.7687,100.510574,1.582131,,,,,,,,,,,0,0,0,0,0,0
1773775666,FALSE,0.3847067,1773775663,296.93372,238.83618,45.7687,100.510574,1.582131,,,,,,,,,,,0,0,0,0,0,0
1773775666,FALSE,0.3847067,1773775663,296.93372,238.83618,45.7687,100.510574,1.582131,,,,,,,,,,,0,0,0,0,0,0
1773775666,FALSE,0.3847067,1773775663,296.93372,238.83618,45.7687,100.510574,1.582131,,,,,,,,,,,0,0,0,0,0,0
1773775666,FALSE,0.3847067,1773775663,296.93372,238.83618,45.7687,100.510574,1.582131,,,,,,,,,,,0,0,0,0,0,0
1773775666,FALSE,0.3847067,1773775663,296.93372,238.83618,45.7687,100.510574,1.582131,,,,,,,,,,,0,0,0,0,0,0
1773775666,FALSE,0.3847067,1773775663,296.93372,238.83618,45.7687,100.510574,1.582131,,,,,,,,,,,0,0,0,0,0,0
1773775666,FALSE,0.3847067,1773775663,296.93372,238.83618,45.7687,100.510574,1.582131,,,,,,,,,,,0,0,0,0,0,0
1773775666,FALSE,0.3847067,1773775663,296.93372,238.83618,45.7687,100.510574,1.582131,,,,,,,,,,,0,0,0,0,0,0
1773775666,FALSE,0.3847067,1773775663,296.93372,238.83618,45.7687,100.510574,1.582131,,,,,,,,,,,0,0,0,0,0,0
1773775666,FALSE,0.3847067,1773775663,296.93372,238.83618,45.7687,100.510574,1.582131,,,,,,,,,,,0,0,0,0,0,0
1773775666,FALSE,0.3847067,1773775663,296.93372,238.83618,45.7687,100.510574,1.582131,,,,,,,,,,,0,0,0,0,0,0
1773775666,FALSE,0.3847067,1773775663,296.93372,238.83618,45.7687,100.510574,1.582131,,,,,,,,,,,0,0,0,0,0,0
1773775666,FALSE,0.3847067,1773775663,296.93372,238.83618,45.7687,100.510574,1.582131,,,,,,,,,,,0,0,0,0,0,0
1773775666,FALSE,0.3847067,1773775663,296.93372,238.83618,45.7687,100.510574,1.582131,,,,,,,,,,,0,0,0,0,0,0
1773775666,FALSE,0.3847067,1773775663,296.93372,238.83618,45.7687,100.510574,1.582131,,,,,,,,,,,0,0,0,0,0,0
1773775666,FALSE,0.3847067,1773775663,296.93372,238.83618,45.7687,100.510574,1.582131,,,,,,,,,,,0,0,0,0,0,0
1773775666,FALSE,0.3847067,1773775663,296.93372,238.83618,45.7687,100.510574,1.582131,,,,,,,,,,,0,0,0,0,0,0
1773775666,FALSE,0.3847067,1773775663,296.93372,238.83618,45.7687,100.510574,1.582131,,,,,,,,,,,0,0,0,0,0,0
1773775666,FALSE,0.3847067,1773775663,296.93372,238.83618,45.7687,100.510574,1.582131,,,,,,,,,,,0,0,0,0,0,0
1773775666,FALSE,0.3847067,1773775663,296.93372,238.83618,45.7687,100.510574,1.582131,,,,,,,,,,,0,0,0,0,0,0
1773775667,FALSE,0.3847067,1773775663,296.93372,238.83618,45.7687,100.510574,1.582131,,,,,,,,,,,0,0,0,0,0,0
1773775667,FALSE,0.3847067,1773775663,296.93372,238.83618,45.7687,100.510574,1.582131,,,,,,,,,,,0,0,0,0,0,0
1773775667,FALSE,0.3847067,1773775663,296.93372,238.83618,45.7687,100.510574,1.582131,,,,,,,,,,,0,0,0,0,0,0
1773775667,FALSE,0.3847067,1773775663,296.93372,238.83618,45.7687,100.510574,1.582131,,,,,,,,,,,0,0,0,0,0,0
1773775667,FALSE,0.3847067,1773775663,296.93372,238.83618,45.7687,100.510574,1.582131,,,,,,,,,,,0,0,0,0,0,0
1773775667,FALSE,0.3847067,1773775663,296.93372,238.83618,45.7687,100.510574,1.582131,,,,,,,,,,,0,0,0,0,0,0
1773775667,FALSE,0.3847067,1773775663,296.93372,238.83618,45.7687,100.510574,1.582131,,,,,,,,,,,0,0,0,0,0,0
1773775667,FALSE,0.3847067,1773775663,296.93372,238.83618,45.7687,100.510574,1.582131,,,,,,,,,,,0,0,0,0,0,0
1773775667,FALSE,0.3847067,1773775663,296.93372,238.83618,45.7687,100.510574,1.582131,,,,,,,,,,,0,0,0,0,0,0
1773775667,FALSE,0.3847067,1773775663,296.93372,238.83618,45.7687,100.510574,1.582131,,,,,,,,,,,0,0,0,0,0,0
1773775667,FALSE,0.3847067,1773775663,296.93372,238.83618,45.7687,100.510574,1.582131,,,,,,,,,,,0,0,0,0,0,0
1773775667,FALSE,0.3847067,1773775663,296.93372,238.83618,45.7687,100.510574,1.582131,,,,,,,,,,,0,0,0,0,0,0
1773775667,FALSE,0.3847067,1773775663,296.93372,238.83618,45.7687,100.510574,1.582131,,,,,,,,,,,0,0,0,0,0,0
1773775667,FALSE,0.3847067,1773775663,296.93372,238.83618,45.7687,100.510574,1.582131,,,,,,,,,,,0,0,0,0,0,0
1773775667,FALSE,0.3847067,1773775663,296.93372,238.83618,45.7687,100.510574,1.582131,,,,,,,,,,,0,0,0,0,0,0
1773775667,FALSE,0.3847067,1773775663,296.93372,238.83618,45.7687,100.510574,1.582131,,,,,,,,,,,0,0,0,0,0,0
1773775667,FALSE,0.3847067,1773775663,296.93372,238.83618,45.7687,100.510574,1.582131,,,,,,,,,,,0,0,0,0,0,0
1773775667,FALSE,0.3847067,1773775663,296.93372,238.83618,45.7687,100.510574,1.582131,,,,,,,,,,,0,0,0,0,0,0
1773775667,FALSE,0.3847067,1773775663,296.93372,238.83618,45.7687,100.510574,1.582131,,,,,,,,,,,0,0,0,0,0,0
1773775667,FALSE,0.3847067,1773775663,296.93372,238.83618,45.7687,100.510574,1.582131,,,,,,,,,,,0,0,0,0,0,0
1773775667,FALSE,0.3847067,1773775663,296.93372,238.83618,45.7687,100.510574,1.582131,,,,,,,,,,,0,0,0,0,0,0
1773775667,FALSE,0.3847067,1773775663,296.93372,238.83618,45.7687,100.510574,1.582131,,,,,,,,,,,0,0,0,0,0,0
1773775667,FALSE,0.3847067,1773775663,296.93372,238.83618,45.7687,100.510574,1.582131,,,,,,,,,,,0,0,0,0,0,0
1773775667,FALSE,0.3847067,1773775663,296.93372,238.83618,45.7687,100.510574,1.582131,,,,,,,,,,,0,0,0,0,0,0
1773775667,FALSE,0.3847067,1773775663,296.93372,238.83618,45.7687,100.510574,1.582131,,,,,,,,,,,0,0,0,0,0,0
1773775667,FALSE,0.3847067,1773775663,296.93372,238.83618,45.7687,100.510574,1.582131,,,,,,,,,,,0,0,0,0,0,0
1773775667,FALSE,0.3847067,1773775663,296.93372,238.83618,45.7687,100.510574,1.582131,,,,,,,,,,,0,0,0,0,0,0
1773775667,FALSE,0.3847067,1773775663,296.93372,238.83618,45.7687,100.510574,1.582131,,,,,,,,,,,0,0,0,0,0,0
1773775667,FALSE,0.3847067,1773775663,296.93372,238.83618,45.7687,100.510574,1.582131,,,,,,,,,,,0,0,0,0,0,0
1773775667,FALSE,0.3847067,1773775663,296.93372,238.83618,45.7687,100.510574,1.582131,,,,,,,,,,,0,0,0,0,0,0
1773775667,FALSE,0.3847067,1773775663,296.93372,238.83618,45.7687,100.510574,1.582131,,,,,,,,,,,0,0,0,0,0,0
1773775667,FALSE,0.3847067,1773775663,296.93372,238.83618,45.7687,100.510574,1.582131,,,,,,,,,,,0,0,0,0,0,0
1773775667,FALSE,0.3847067,1773775663,296.93372,238.83618,45.7687,100.510574,1.582131,,,,,,,,,,,0,0,0,0,0,0
1773775667,FALSE,0.3847067,1773775663,296.93372,238.83618,45.7687,100.510574,1.582131,,,,,,,,,,,0,0,0,0,0,0
1773775667,FALSE,0.3847067,1773775663,296.93372,238.83618,45.7687,100.510574,1.582131,,,,,,,,,,,0,0,0,0,0,0
1773775667,FALSE,0.3847067,1773775663,296.93372,238.83618,45.7687,100.510574,1.582131,,,,,,,,,,,0,0,0,0,0,0
1773775667,FALSE,0.3847067,1773775663,296.93372,238.83618,45.7687,100.510574,1.582131,,,,,,,,,,,0,0,0,0,0,0
1773775667,FALSE,0.3847067,1773775663,296.93372,238.83618,45.7687,100.510574,1.582131,,,,,,,,,,,0,0,0,0,0,0
1773775667,FALSE,0.3847067,1773775663,296.93372,238.83618,45.7687,100.510574,1.582131,,,,,,,,,,,0,0,0,0,0,0
1773775667,FALSE,0.3847067,1773775663,296.93372,238.83618,45.7687,100.510574,1.582131,,,,,,,,,,,0,0,0,0,0,0
1773775667,FALSE,0.3847067,1773775663,296.93372,238.83618,45.7687,100.510574,1.582131,,,,,,,,,,,0,0,0,0,0,0
