time,det_valid,det_conf,det_t,det_u,det_v,det_w,det_h,det_theta,u_filtered,v_filtered,area_filtered,sin_filtered,cos_filtered,theta_filtered,e_u,e_v,e_area,e_theta,vx,vy,vz,wx,wy,wz
1773802969.9291523,False,,,,,,,,,,,,,,,,,,0.0,0.0,0.0,0.0,0.0,0.0
1773802969.943438,False,,,,,,,,,,,,,,,,,,0.0,0.0,0.0,0.0,0.0,0.0
1773802969.9499316,False,,,,,,,,,,,,,,,,,,0.0,0.0,0.0,0.0,0.0,0.0
1773802969.9597476,False,,,,,,,,,,,,,,,,,,0.0,0.0,0.0,0.0,0.0,0.0
1773802969.9701586,False,,,,,,,,,,,,,,,,,,0.0,0.0,0.0,0.0,0.0,0.0
1773802969.9795768,False,,,,,,,,,,,,,,,,,,0.0,0.0,0.0,0.0,0.0,0.0
1773802969.9896057,False,,,,,,,,,,,,,,,,,,0.0,0.0,0.0,0.0,0.0,0.0
1773802969.999573,False,,,,,,,,,,,,,,,,,,0.0,0.0,0.0,0.0,0.0,0.0
1773802970.0094948,False,,,,,,,,,,,,,,,,,,0.0,0.0,0.0,0.0,0.0,0.0
1773802970.0198817,False,,,,,,,,,,,,,,,,,,0.0,0.0,0.0,0.0,0.0,0.0
1773802970.0300078,False,,,,,,,,,,,,,,,,,,0.0,0.0,0.0,0.0,0.0,0.0
1773802970.039443,False,,,,,,,,,,,,,,,,,,0.0,0.0,0.0,0.0,0.0,0.0
1773802970.0498297,False,,,,,,,,,,,,,,,,,,0.0,0.0,0.0,0.0,0.0,0.0
1773802970.0598254,False,,,,,,,,,,,,,,,,,,0.0,0.0,0.0,0.0,0.0,0.0
1773802970.0693817,False,,,,,,,,,,,,,,,,,,0.0,0.0,0.0,0.0,0.0,0.0
1773802970.0799356,False,,,,,,,,,,,,,,,,,,0.0,0.0,0.0,0.0,0.0,0.0
1773802970.0895593,False,,,,,,,,,,,,,,,,,,0.0,0.0,0.0,0.0,0.0,0.0
1773802970.0998664,False,,,,,,,,,,,,,,,,,,0.0,0.0,0.0,0.0,0.0,0.0
1773802970.1096663,False,,,,,,,,,,,,,,,,,,0.0,0.0,0.0,0.0,0.0,0.0
1773802970.1198442,False,,,,,,,,,,,,,,,,,,0.0,0.0,0.0,0.0,0.0,0.0
1773802970.1299632,False,,,,,,,,,,,,,,,,,,0.0,0.0,0.0,0.0,0.0,0.0
1773802970.1400702,False,,,,,,,,,,,,,,,,,,0.0,0.0,0.0,0.0,0.0,0.0
1773802970.1498048,False,,,,,,,,,,,,,,,,,,0.0,0.0,0.0,0.0,0.0,0.0
1773802970.1596835,False,,,,,,,,,,,,,,,,,,0.0,0.0,0.0,0.0,0.0,0.0
1773802970.1695802,False,,,,,,,,,,,,,,,,,,0.0,0.0,0.0,0.0,0.0,0.0
1773802970.1800122,False,,,,,,,,,,,,,,,,,,0.0,0.0,0.0,0.0,0.0,0.0
1773802970.189792,False,,,,,,,,,,,,,,,,,,0.0,0.0,0.0,0.0,0.0,0.0
1773802970.2000127,False,,,,,,,,,,,,,,,,,,0.0,0.0,0.0,0.0,0.0,0.0
1773802970.209759,False,,,,,,,,,,,,,,,,,,0.0,0.0,0.0,0.0,0.0,0.0
1773802970.2194936,False,,,,,,,,,,,,,,,,,,0.0,0.0,0.0,0.0,0.0,0.0
1773802970.2298293,False,,,,,,,,,,,,,,,,,,0.0,0.0,0.0,0.0,0.0,0.0
1773802970.240135,False,,,,,,,,,,,,,,,,,,0.0,0.0,0.0,0.0,0.0,0.0
1773802970.2497373,False,,,,,,,,,,,,,,,,,,0.0,0.0,0.0,0.0,0.0,0.0
1773802970.2597394,False,,,,,,,,,,,,,,,,,,0.0,0.0,0.0,0.0,0.0,0.0
1773802970.269643,False,,,,,,,,,,,,,,,,,,0.0,0.0,0.0,0.0,0.0,0.0
1773802970.2795913,False,,,,,,,,,,,,,,,,,,0.0,0.0,0.0,0.0,0.0,0.0
1773802970.2898524,False,,,,,,,,,,,,,,,,,,0.0,0.0,0.0,0.0,0.0,0.0
1773802970.300095,False,,,,,,,,,,,,,,,,,,0.0,0.0,0.0,0.0,0.0,0.0
1773802970.3096323,False,,,,,,,,,,,,,,,,,,0.0,0.0,0.0,0.0,0.0,0.0
1773802970.3195736,False,,,,,,,,,,,,,,,,,,0.0,0.0,0.0,0.0,0.0,0.0
1773802970.3297307,False,,,,,,,,,,,,,,,,,,0.0,0.0,0.0,0.0,0.0,0.0
1773802970.3397205,False,,,,,,,,,,,,,,,,,,0.0,0.0,0.0,0.0,0.0,0.0
1773802970.3499568,False,,,,,,,,,,,,,,,,,,0.0,0.0,0.0,0.0,0.0,0.0
1773802970.359456,False,,,,,,,,,,,,,,,,,,0.0,0.0,0.0,0.0,0.0,0.0
1773802970.3694525,False,,,,,,,,,,,,,,,,,,0.0,0.0,0.0,0.0,0.0,0.0
1773802970.379966,False,,,,,,,,,,,,,,,,,,0.0,0.0,0.0,0.0,0.0,0.0
1773802970.389754,False,,,,,,,,,,,,,,,,,,0.0,0.0,0.0,0.0,0.0,0.0
1773802970.3997376,False,,,,,,,,,,,,,,,,,,0.0,0.0,0.0,0.0,0.0,0.0
1773802970.409428,False,,,,,,,,,,,,,,,,,,0.0,0.0,0.0,0.0,0.0,0.0
1773802970.4198263,False,,,,,,,,,,,,,,,,,,0.0,0.0,0.0,0.0,0.0,0.0
1773802970.4298973,False,,,,,,,,,,,,,,,,,,0.0,0.0,0.0,0.0,0.0,0.0
1773802970.4398005,False,,,,,,,,,,,,,,,,,,0.0,0.0,0.0,0.0,0.0,0.0
1773802970.4496977,False,,,,,,,,,,,,,,,,,,0.0,0.0,0.0,0.0,0.0,0.0
1773802970.459605,False,,,,,,,,,,,,,,,,,,0.0,0.0,0.0,0.0,0.0,0.0
1773802970.4697912,False,,,,,,,,,,,,,,,,,,0.0,0.0,0.0,0.0,0.0,0.0
1773802970.479806,False,,,,,,,,,,,,,,,,,,0.0,0.0,0.0,0.0,0.0,0.0
1773802970.4900794,False,,,,,,,,,,,,,,,,,,0.0,0.0,0.0,0.0,0.0,0.0
1773802970.4994612,False,,,,,,,,,,,,,,,,,,0.0,0.0,0.0,0.0,0.0,0.0
1773802970.509606,False,,,,,,,,,,,,,,,,,,0.0,0.0,0.0,0.0,0.0,0.0
1773802970.5199401,False,,,,,,,,,,,,,,,,,,0.0,0.0,0.0,0.0,0.0,0.0
1773802970.5294898,False,,,,,,,,,,,,,,,,,,0.0,0.0,0.0,0.0,0.0,0.0
1773802970.539637,False,,,,,,,,,,,,,,,,,,0.0,0.0,0.0,0.0,0.0,0.0
1773802970.5496628,False,,,,,,,,,,,,,,,,,,0.0,0.0,0.0,0.0,0.0,0.0
1773802970.5597107,False,,,,,,,,,,,,,,,,,,0.0,0.0,0.0,0.0,0.0,0.0
1773802970.5698369,False,,,,,,,,,,,,,,,,,,0.0,0.0,0.0,0.0,0.0,0.0
1773802970.5799358,False,,,,,,,,,,,,,,,,,,0.0,0.0,0.0,0.0,0.0,0.0
1773802970.5897045,False,,,,,,,,,,,,,,,,,,0.0,0.0,0.0,0.0,0.0,0.0
1773802970.6002388,False,,,,,,,,,,,,,,,,,,0.0,0.0,0.0,0.0,0.0,0.0
1773802970.60939,False,,,,,,,,,,,,,,,,,,0.0,0.0,0.0,0.0,0.0,0.0
1773802970.6194956,False,,,,,,,,,,,,,,,,,,0.0,0.0,0.0,0.0,0.0,0.0
1773802970.6298761,False,,,,,,,,,,,,,,,,,,0.0,0.0,0.0,0.0,0.0,0.0
1773802970.6399255,False,,,,,,,,,,,,,,,,,,0.0,0.0,0.0,0.0,0.0,0.0
1773802970.6499302,False,,,,,,,,,,,,,,,,,,0.0,0.0,0.0,0.0,0.0,0.0
1773802970.6598256,False,,,,,,,,,,,,,,,,,,0.0,0.0,0.0,0.0,0.0,0.0
1773802970.6697354,False,,,,,,,,,,,,,,,,,,0.0,0.0,0.0,0.0,0.0,0.0
1773802973.2074134,False,,,,,,,,,,,,,,,,,,0.0,0.0,0.0,0.0,0.0,0.0
1773802973.2074134,False,,,,,,,,,,,,,,,,,,0.0,0.0,0.0,0.0,0.0,0.0
1773802973.2175565,False,,,,,,,,,,,,,,,,,,0.0,0.0,0.0,0.0,0.0,0.0
1773802973.228094,False,,,,,,,,,,,,,,,,,,0.0,0.0,0.0,0.0,0.0,0.0
1773802973.2377455,False,,,,,,,,,,,,,,,,,,0.0,0.0,0.0,0.0,0.0,0.0
1773802973.2482858,False,,,,,,,,,,,,,,,,,,0.0,0.0,0.0,0.0,0.0,0.0
1773802973.2580028,False,,,,,,,,,,,,,,,,,,0.0,0.0,0.0,0.0,0.0,0.0
1773802973.268026,False,,,,,,,,,,,,,,,,,,0.0,0.0,0.0,0.0,0.0,0.0
1773802973.2780604,False,,,,,,,,,,,,,,,,,,0.0,0.0,0.0,0.0,0.0,0.0
1773802973.2880979,False,,,,,,,,,,,,,,,,,,0.0,0.0,0.0,0.0,0.0,0.0
1773802973.2981017,False,,,,,,,,,,,,,,,,,,0.0,0.0,0.0,0.0,0.0,0.0
1773802973.308141,False,,,,,,,,,,,,,,,,,,0.0,0.0,0.0,0.0,0.0,0.0
1773802973.3176613,False,,,,,,,,,,,,,,,,,,0.0,0.0,0.0,0.0,0.0,0.0
1773802973.327697,False,,,,,,,,,,,,,,,,,,0.0,0.0,0.0,0.0,0.0,0.0
1773802973.3377345,False,,,,,,,,,,,,,,,,,,0.0,0.0,0.0,0.0,0.0,0.0
1773802973.3477666,False,,,,,,,,,,,,,,,,,,0.0,0.0,0.0,0.0,0.0,0.0
1773802973.3577914,False,,,,,,,,,,,,,,,,,,0.0,0.0,0.0,0.0,0.0,0.0
1773802973.3680625,False,,,,,,,,,,,,,,,,,,0.0,0.0,0.0,0.0,0.0,0.0
1773802973.378082,False,,,,,,,,,,,,,,,,,,0.0,0.0,0.0,0.0,0.0,0.0
1773802973.3881636,False,,,,,,,,,,,,,,,,,,0.0,0.0,0.0,0.0,0.0,0.0
1773802973.3977942,False,,,,,,,,,,,,,,,,,,0.0,0.0,0.0,0.0,0.0,0.0
1773802973.4078295,False,,,,,,,,,,,,,,,,,,0.0,0.0,0.0,0.0,0.0,0.0
1773802973.417849,False,,,,,,,,,,,,,,,,,,0.0,0.0,0.0,0.0,0.0,0.0
1773802973.4278615,False,,,,,,,,,,,,,,,,,,0.0,0.0,0.0,0.0,0.0,0.0
1773802973.4378784,False,,,,,,,,,,,,,,,,,,0.0,0.0,0.0,0.0,0.0,0.0
1773802973.4478877,False,,,,,,,,,,,,,,,,,,0.0,0.0,0.0,0.0,0.0,0.0
1773802973.4579039,False,,,,,,,,,,,,,,,,,,0.0,0.0,0.0,0.0,0.0,0.0
1773802973.467916,False,,,,,,,,,,,,,,,,,,0.0,0.0,0.0,0.0,0.0,0.0
1773802973.4779623,False,,,,,,,,,,,,,,,,,,0.0,0.0,0.0,0.0,0.0,0.0
1773802973.48797,False,,,,,,,,,,,,,,,,,,0.0,0.0,0.0,0.0,0.0,0.0
1773802973.4979997,False,,,,,,,,,,,,,,,,,,0.0,0.0,0.0,0.0,0.0,0.0
1773802973.5080373,False,,,,,,,,,,,,,,,,,,0.0,0.0,0.0,0.0,0.0,0.0
1773802973.5177746,False,,,,,,,,,,,,,,,,,,0.0,0.0,0.0,0.0,0.0,0.0
1773802973.528296,False,,,,,,,,,,,,,,,,,,0.0,0.0,0.0,0.0,0.0,0.0
1773802973.5378077,False,,,,,,,,,,,,,,,,,,0.0,0.0,0.0,0.0,0.0,0.0
1773802973.5478308,False,,,,,,,,,,,,,,,,,,0.0,0.0,0.0,0.0,0.0,0.0
1773802973.5578506,False,,,,,,,,,,,,,,,,,,0.0,0.0,0.0,0.0,0.0,0.0
1773802973.5678732,False,,,,,,,,,,,,,,,,,,0.0,0.0,0.0,0.0,0.0,0.0
1773802973.5779312,False,,,,,,,,,,,,,,,,,,0.0,0.0,0.0,0.0,0.0,0.0
1773802973.5880728,False,,,,,,,,,,,,,,,,,,0.0,0.0,0.0,0.0,0.0,0.0
1773802973.5980859,False,,,,,,,,,,,,,,,,,,0.0,0.0,0.0,0.0,0.0,0.0
1773802973.6081083,False,,,,,,,,,,,,,,,,,,0.0,0.0,0.0,0.0,0.0,0.0
1773802973.6176357,False,,,,,,,,,,,,,,,,,,0.0,0.0,0.0,0.0,0.0,0.0
1773802973.6281524,False,,,,,,,,,,,,,,,,,,0.0,0.0,0.0,0.0,0.0,0.0
1773802973.6381595,False,,,,,,,,,,,,,,,,,,0.0,0.0,0.0,0.0,0.0,0.0
1773802973.6481764,False,,,,,,,,,,,,,,,,,,0.0,0.0,0.0,0.0,0.0,0.0
1773802973.6578174,False,,,,,,,,,,,,,,,,,,0.0,0.0,0.0,0.0,0.0,0.0
1773802973.6679354,False,,,,,,,,,,,,,,,,,,0.0,0.0,0.0,0.0,0.0,0.0
1773802973.6779594,False,,,,,,,,,,,,,,,,,,0.0,0.0,0.0,0.0,0.0,0.0
1773802973.6879835,False,,,,,,,,,,,,,,,,,,0.0,0.0,0.0,0.0,0.0,0.0
1773802973.6980197,False,,,,,,,,,,,,,,,,,,0.0,0.0,0.0,0.0,0.0,0.0
1773802973.7080371,False,,,,,,,,,,,,,,,,,,0.0,0.0,0.0,0.0,0.0,0.0
1773802973.718055,False,,,,,,,,,,,,,,,,,,0.0,0.0,0.0,0.0,0.0,0.0
1773802973.7280257,False,,,,,,,,,,,,,,,,,,0.0,0.0,0.0,0.0,0.0,0.0
1773802973.737691,False,,,,,,,,,,,,,,,,,,0.0,0.0,0.0,0.0,0.0,0.0
1773802973.747987,False,,,,,,,,,,,,,,,,,,0.0,0.0,0.0,0.0,0.0,0.0
1773802973.757728,False,,,,,,,,,,,,,,,,,,0.0,0.0,0.0,0.0,0.0,0.0
1773802973.767734,False,,,,,,,,,,,,,,,,,,0.0,0.0,0.0,0.0,0.0,0.0
1773802973.7779307,False,,,,,,,,,,,,,,,,,,0.0,0.0,0.0,0.0,0.0,0.0
1773802973.7879462,False,,,,,,,,,,,,,,,,,,0.0,0.0,0.0,0.0,0.0,0.0
1773802973.7980566,False,,,,,,,,,,,,,,,,,,0.0,0.0,0.0,0.0,0.0,0.0
1773802973.808188,False,,,,,,,,,,,,,,,,,,0.0,0.0,0.0,0.0,0.0,0.0
1773802973.817874,False,,,,,,,,,,,,,,,,,,0.0,0.0,0.0,0.0,0.0,0.0
1773802973.827893,False,,,,,,,,,,,,,,,,,,0.0,0.0,0.0,0.0,0.0,0.0
1773802973.8379161,False,,,,,,,,,,,,,,,,,,0.0,0.0,0.0,0.0,0.0,0.0
1773802973.8477743,False,,,,,,,,,,,,,,,,,,0.0,0.0,0.0,0.0,0.0,0.0
1773802973.858314,False,,,,,,,,,,,,,,,,,,0.0,0.0,0.0,0.0,0.0,0.0
1773802973.867973,False,,,,,,,,,,,,,,,,,,0.0,0.0,0.0,0.0,0.0,0.0
1773802973.8780444,False,,,,,,,,,,,,,,,,,,0.0,0.0,0.0,0.0,0.0,0.0
1773802973.88808,False,,,,,,,,,,,,,,,,,,0.0,0.0,0.0,0.0,0.0,0.0
1773802973.8980987,False,,,,,,,,,,,,,,,,,,0.0,0.0,0.0,0.0,0.0,0.0
1773802973.908126,False,,,,,,,,,,,,,,,,,,0.0,0.0,0.0,0.0,0.0,0.0
1773802973.9181511,False,,,,,,,,,,,,,,,,,,0.0,0.0,0.0,0.0,0.0,0.0
1773802973.9358249,False,,,,,,,,,,,,,,,,,,0.0,0.0,0.0,0.0,0.0,0.0
1773802973.9378283,False,,,,,,,,,,,,,,,,,,0.0,0.0,0.0,0.0,0.0,0.0
1773802973.9478474,False,,,,,,,,,,,,,,,,,,0.0,0.0,0.0,0.0,0.0,0.0
1773802973.9578857,False,,,,,,,,,,,,,,,,,,0.0,0.0,0.0,0.0,0.0,0.0
1773802973.9679267,False,,,,,,,,,,,,,,,,,,0.0,0.0,0.0,0.0,0.0,0.0
1773802973.9781163,False,,,,,,,,,,,,,,,,,,0.0,0.0,0.0,0.0,0.0,0.0
1773802973.9877667,False,,,,,,,,,,,,,,,,,,0.0,0.0,0.0,0.0,0.0,0.0
1773802973.9980488,False,,,,,,,,,,,,,,,,,,0.0,0.0,0.0,0.0,0.0,0.0
1773802974.008074,False,,,,,,,,,,,,,,,,,,0.0,0.0,0.0,0.0,0.0,0.0
1773802974.0181153,False,,,,,,,,,,,,,,,,,,0.0,0.0,0.0,0.0,0.0,0.0
1773802974.027644,False,,,,,,,,,,,,,,,,,,0.0,0.0,0.0,0.0,0.0,0.0
1773802974.0378556,False,,,,,,,,,,,,,,,,,,0.0,0.0,0.0,0.0,0.0,0.0
1773802974.0478776,False,,,,,,,,,,,,,,,,,,0.0,0.0,0.0,0.0,0.0,0.0
1773802974.0583973,False,,,,,,,,,,,,,,,,,,0.0,0.0,0.0,0.0,0.0,0.0
1773802974.0680265,False,,,,,,,,,,,,,,,,,,0.0,0.0,0.0,0.0,0.0,0.0
1773802974.078062,False,,,,,,,,,,,,,,,,,,0.0,0.0,0.0,0.0,0.0,0.0
1773802974.0885365,False,,,,,,,,,,,,,,,,,,0.0,0.0,0.0,0.0,0.0,0.0
1773802974.0980487,False,,,,,,,,,,,,,,,,,,0.0,0.0,0.0,0.0,0.0,0.0
1773802974.1082613,False,,,,,,,,,,,,,,,,,,0.0,0.0,0.0,0.0,0.0,0.0
1773802974.1177745,False,,,,,,,,,,,,,,,,,,0.0,0.0,0.0,0.0,0.0,0.0
1773802974.127855,False,,,,,,,,,,,,,,,,,,0.0,0.0,0.0,0.0,0.0,0.0
1773802974.1379328,False,,,,,,,,,,,,,,,,,,0.0,0.0,0.0,0.0,0.0,0.0
1773802974.148077,False,,,,,,,,,,,,,,,,,,0.0,0.0,0.0,0.0,0.0,0.0
1773802974.1582372,False,,,,,,,,,,,,,,,,,,0.0,0.0,0.0,0.0,0.0,0.0
1773802974.1677527,False,,,,,,,,,,,,,,,,,,0.0,0.0,0.0,0.0,0.0,0.0
1773802974.1778722,False,,,,,,,,,,,,,,,,,,0.0,0.0,0.0,0.0,0.0,0.0
1773802974.18766,False,,,,,,,,,,,,,,,,,,0.0,0.0,0.0,0.0,0.0,0.0
1773802974.197936,False,,,,,,,,,,,,,,,,,,0.0,0.0,0.0,0.0,0.0,0.0
1773802974.2082767,False,,,,,,,,,,,,,,,,,,0.0,0.0,0.0,0.0,0.0,0.0
1773802974.2177968,False,,,,,,,,,,,,,,,,,,0.0,0.0,0.0,0.0,0.0,0.0
1773802974.2279053,False,,,,,,,,,,,,,,,,,,0.0,0.0,0.0,0.0,0.0,0.0
1773802974.237908,False,,,,,,,,,,,,,,,,,,0.0,0.0,0.0,0.0,0.0,0.0
1773802974.2480347,False,,,,,,,,,,,,,,,,,,0.0,0.0,0.0,0.0,0.0,0.0
1773802974.2578588,False,,,,,,,,,,,,,,,,,,0.0,0.0,0.0,0.0,0.0,0.0
1773802974.267894,False,,,,,,,,,,,,,,,,,,0.0,0.0,0.0,0.0,0.0,0.0
1773802974.2779894,False,,,,,,,,,,,,,,,,,,0.0,0.0,0.0,0.0,0.0,0.0
1773802974.28806,False,,,,,,,,,,,,,,,,,,0.0,0.0,0.0,0.0,0.0,0.0
1773802974.2981982,False,,,,,,,,,,,,,,,,,,0.0,0.0,0.0,0.0,0.0,0.0
1773802974.3082106,False,,,,,,,,,,,,,,,,,,0.0,0.0,0.0,0.0,0.0,0.0
1773802974.318141,False,,,,,,,,,,,,,,,,,,0.0,0.0,0.0,0.0,0.0,0.0
1773802974.3281791,False,,,,,,,,,,,,,,,,,,0.0,0.0,0.0,0.0,0.0,0.0
1773802974.337896,False,,,,,,,,,,,,,,,,,,0.0,0.0,0.0,0.0,0.0,0.0
1773802974.347926,False,,,,,,,,,,,,,,,,,,0.0,0.0,0.0,0.0,0.0,0.0
1773802974.358112,False,,,,,,,,,,,,,,,,,,0.0,0.0,0.0,0.0,0.0,0.0
1773802974.3684452,False,,,,,,,,,,,,,,,,,,0.0,0.0,0.0,0.0,0.0,0.0
1773802974.3779948,False,,,,,,,,,,,,,,,,,,0.0,0.0,0.0,0.0,0.0,0.0
1773802974.3877923,False,,,,,,,,,,,,,,,,,,0.0,0.0,0.0,0.0,0.0,0.0
1773802974.3978727,False,,,,,,,,,,,,,,,,,,0.0,0.0,0.0,0.0,0.0,0.0
1773802974.4081504,False,,,,,,,,,,,,,,,,,,0.0,0.0,0.0,0.0,0.0,0.0
1773802974.4177554,False,,,,,,,,,,,,,,,,,,0.0,0.0,0.0,0.0,0.0,0.0
1773802974.4279213,False,,,,,,,,,,,,,,,,,,0.0,0.0,0.0,0.0,0.0,0.0
1773802974.438401,False,,,,,,,,,,,,,,,,,,0.0,0.0,0.0,0.0,0.0,0.0
1773802974.448232,False,,,,,,,,,,,,,,,,,,0.0,0.0,0.0,0.0,0.0,0.0
1773802974.4582705,False,,,,,,,,,,,,,,,,,,0.0,0.0,0.0,0.0,0.0,0.0
1773802974.4682176,False,,,,,,,,,,,,,,,,,,0.0,0.0,0.0,0.0,0.0,0.0
1773802974.4783263,False,,,,,,,,,,,,,,,,,,0.0,0.0,0.0,0.0,0.0,0.0
1773802974.4878426,False,,,,,,,,,,,,,,,,,,0.0,0.0,0.0,0.0,0.0,0.0
1773802974.4983845,False,,,,,,,,,,,,,,,,,,0.0,0.0,0.0,0.0,0.0,0.0
1773802974.5080495,False,,,,,,,,,,,,,,,,,,0.0,0.0,0.0,0.0,0.0,0.0
1773802974.5181327,False,,,,,,,,,,,,,,,,,,0.0,0.0,0.0,0.0,0.0,0.0
1773802974.5281787,False,,,,,,,,,,,,,,,,,,0.0,0.0,0.0,0.0,0.0,0.0
1773802974.538227,False,,,,,,,,,,,,,,,,,,0.0,0.0,0.0,0.0,0.0,0.0
1773802974.5479093,False,,,,,,,,,,,,,,,,,,0.0,0.0,0.0,0.0,0.0,0.0
1773802974.5579607,False,,,,,,,,,,,,,,,,,,0.0,0.0,0.0,0.0,0.0,0.0
1773802974.5680127,False,,,,,,,,,,,,,,,,,,0.0,0.0,0.0,0.0,0.0,0.0
1773802974.5781267,False,,,,,,,,,,,,,,,,,,0.0,0.0,0.0,0.0,0.0,0.0
1773802974.5884333,False,,,,,,,,,,,,,,,,,,0.0,0.0,0.0,0.0,0.0,0.0
1773802974.5986528,False,,,,,,,,,,,,,,,,,,0.0,0.0,0.0,0.0,0.0,0.0
1773802974.6079843,False,,,,,,,,,,,,,,,,,,0.0,0.0,0.0,0.0,0.0,0.0
1773802974.6180327,False,,,,,,,,,,,,,,,,,,0.0,0.0,0.0,0.0,0.0,0.0
1773802974.6282718,False,,,,,,,,,,,,,,,,,,0.0,0.0,0.0,0.0,0.0,0.0
1773802974.637815,False,,,,,,,,,,,,,,,,,,0.0,0.0,0.0,0.0,0.0,0.0
1773802974.648017,False,,,,,,,,,,,,,,,,,,0.0,0.0,0.0,0.0,0.0,0.0
1773802974.6581,False,,,,,,,,,,,,,,,,,,0.0,0.0,0.0,0.0,0.0,0.0
1773802974.667786,False,,,,,,,,,,,,,,,,,,0.0,0.0,0.0,0.0,0.0,0.0
1773802974.6779087,False,,,,,,,,,,,,,,,,,,0.0,0.0,0.0,0.0,0.0,0.0
1773802974.687957,False,,,,,,,,,,,,,,,,,,0.0,0.0,0.0,0.0,0.0,0.0
1773802974.6980116,False,,,,,,,,,,,,,,,,,,0.0,0.0,0.0,0.0,0.0,0.0
1773802974.7081983,False,,,,,,,,,,,,,,,,,,0.0,0.0,0.0,0.0,0.0,0.0
1773802974.7179637,False,,,,,,,,,,,,,,,,,,0.0,0.0,0.0,0.0,0.0,0.0
1773802974.7282588,False,,,,,,,,,,,,,,,,,,0.0,0.0,0.0,0.0,0.0,0.0
1773802974.7380009,False,,,,,,,,,,,,,,,,,,0.0,0.0,0.0,0.0,0.0,0.0
1773802974.7480361,False,,,,,,,,,,,,,,,,,,0.0,0.0,0.0,0.0,0.0,0.0
1773802974.757844,False,,,,,,,,,,,,,,,,,,0.0,0.0,0.0,0.0,0.0,0.0
1773802974.768096,False,,,,,,,,,,,,,,,,,,0.0,0.0,0.0,0.0,0.0,0.0
1773802974.7778704,False,,,,,,,,,,,,,,,,,,0.0,0.0,0.0,0.0,0.0,0.0
1773802974.7881782,False,,,,,,,,,,,,,,,,,,0.0,0.0,0.0,0.0,0.0,0.0
1773802974.7983513,False,,,,,,,,,,,,,,,,,,0.0,0.0,0.0,0.0,0.0,0.0
1773802974.8080437,False,,,,,,,,,,,,,,,,,,0.0,0.0,0.0,0.0,0.0,0.0
1773802974.8176918,False,,,,,,,,,,,,,,,,,,0.0,0.0,0.0,0.0,0.0,0.0
1773802974.8282194,False,,,,,,,,,,,,,,,,,,0.0,0.0,0.0,0.0,0.0,0.0
1773802974.8379414,False,,,,,,,,,,,,,,,,,,0.0,0.0,0.0,0.0,0.0,0.0
1773802974.8479757,False,,,,,,,,,,,,,,,,,,0.0,0.0,0.0,0.0,0.0,0.0
1773802974.8583057,False,,,,,,,,,,,,,,,,,,0.0,0.0,0.0,0.0,0.0,0.0
1773802974.8682404,False,,,,,,,,,,,,,,,,,,0.0,0.0,0.0,0.0,0.0,0.0
1773802974.8779721,False,,,,,,,,,,,,,,,,,,0.0,0.0,0.0,0.0,0.0,0.0
1773802974.8881528,False,,,,,,,,,,,,,,,,,,0.0,0.0,0.0,0.0,0.0,0.0
1773802974.8982232,False,,,,,,,,,,,,,,,,,,0.0,0.0,0.0,0.0,0.0,0.0
1773802974.9078581,False,,,,,,,,,,,,,,,,,,0.0,0.0,0.0,0.0,0.0,0.0
1773802974.9178998,False,,,,,,,,,,,,,,,,,,0.0,0.0,0.0,0.0,0.0,0.0
1773802974.9279606,False,,,,,,,,,,,,,,,,,,0.0,0.0,0.0,0.0,0.0,0.0
1773802974.9380069,False,,,,,,,,,,,,,,,,,,0.0,0.0,0.0,0.0,0.0,0.0
1773802974.948138,False,,,,,,,,,,,,,,,,,,0.0,0.0,0.0,0.0,0.0,0.0
1773802974.9582453,False,,,,,,,,,,,,,,,,,,0.0,0.0,0.0,0.0,0.0,0.0
1773802974.9681995,False,,,,,,,,,,,,,,,,,,0.0,0.0,0.0,0.0,0.0,0.0
1773802974.977987,False,,,,,,,,,,,,,,,,,,0.0,0.0,0.0,0.0,0.0,0.0
1773802974.9880269,False,,,,,,,,,,,,,,,,,,0.0,0.0,0.0,0.0,0.0,0.0
1773802974.998282,False,,,,,,,,,,,,,,,,,,0.0,0.0,0.0,0.0,0.0,0.0
1773802975.0083513,False,,,,,,,,,,,,,,,,,,0.0,0.0,0.0,0.0,0.0,0.0
1773802975.0180523,False,,,,,,,,,,,,,,,,,,0.0,0.0,0.0,0.0,0.0,0.0
1773802975.028083,False,,,,,,,,,,,,,,,,,,0.0,0.0,0.0,0.0,0.0,0.0
1773802975.0378013,False,,,,,,,,,,,,,,,,,,0.0,0.0,0.0,0.0,0.0,0.0
1773802975.0478995,False,,,,,,,,,,,,,,,,,,0.0,0.0,0.0,0.0,0.0,0.0
1773802975.0577993,False,,,,,,,,,,,,,,,,,,0.0,0.0,0.0,0.0,0.0,0.0
1773802975.0678678,False,,,,,,,,,,,,,,,,,,0.0,0.0,0.0,0.0,0.0,0.0
1773802975.0781214,False,,,,,,,,,,,,,,,,,,0.0,0.0,0.0,0.0,0.0,0.0
1773802975.087638,False,,,,,,,,,,,,,,,,,,0.0,0.0,0.0,0.0,0.0,0.0
1773802975.0984738,False,,,,,,,,,,,,,,,,,,0.0,0.0,0.0,0.0,0.0,0.0
1773802975.10799,False,,,,,,,,,,,,,,,,,,0.0,0.0,0.0,0.0,0.0,0.0
1773802975.1178796,False,,,,,,,,,,,,,,,,,,0.0,0.0,0.0,0.0,0.0,0.0
1773802975.127863,False,,,,,,,,,,,,,,,,,,0.0,0.0,0.0,0.0,0.0,0.0
1773802975.1381574,False,,,,,,,,,,,,,,,,,,0.0,0.0,0.0,0.0,0.0,0.0
1773802975.148224,False,,,,,,,,,,,,,,,,,,0.0,0.0,0.0,0.0,0.0,0.0
1773802975.1581266,False,,,,,,,,,,,,,,,,,,0.0,0.0,0.0,0.0,0.0,0.0
1773802975.1679482,False,,,,,,,,,,,,,,,,,,0.0,0.0,0.0,0.0,0.0,0.0
1773802975.1779454,False,,,,,,,,,,,,,,,,,,0.0,0.0,0.0,0.0,0.0,0.0
1773802975.1879902,False,,,,,,,,,,,,,,,,,,0.0,0.0,0.0,0.0,0.0,0.0
1773802975.1981847,False,,,,,,,,,,,,,,,,,,0.0,0.0,0.0,0.0,0.0,0.0
1773802975.2082675,False,,,,,,,,,,,,,,,,,,0.0,0.0,0.0,0.0,0.0,0.0
1773802975.2177813,False,,,,,,,,,,,,,,,,,,0.0,0.0,0.0,0.0,0.0,0.0
1773802975.2279203,False,,,,,,,,,,,,,,,,,,0.0,0.0,0.0,0.0,0.0,0.0
1773802975.237943,False,,,,,,,,,,,,,,,,,,0.0,0.0,0.0,0.0,0.0,0.0
1773802975.2481327,False,,,,,,,,,,,,,,,,,,0.0,0.0,0.0,0.0,0.0,0.0
1773802975.2576764,False,,,,,,,,,,,,,,,,,,0.0,0.0,0.0,0.0,0.0,0.0
1773802975.267742,False,,,,,,,,,,,,,,,,,,0.0,0.0,0.0,0.0,0.0,0.0
1773802975.2780287,False,,,,,,,,,,,,,,,,,,0.0,0.0,0.0,0.0,0.0,0.0
1773802975.2880757,False,,,,,,,,,,,,,,,,,,0.0,0.0,0.0,0.0,0.0,0.0
1773802975.298115,False,,,,,,,,,,,,,,,,,,0.0,0.0,0.0,0.0,0.0,0.0
1773802975.3083427,False,,,,,,,,,,,,,,,,,,0.0,0.0,0.0,0.0,0.0,0.0
1773802975.3179011,False,,,,,,,,,,,,,,,,,,0.0,0.0,0.0,0.0,0.0,0.0
1773802975.3282378,False,,,,,,,,,,,,,,,,,,0.0,0.0,0.0,0.0,0.0,0.0
1773802975.3380399,False,,,,,,,,,,,,,,,,,,0.0,0.0,0.0,0.0,0.0,0.0
1773802975.3478022,False,,,,,,,,,,,,,,,,,,0.0,0.0,0.0,0.0,0.0,0.0
1773802975.358317,False,,,,,,,,,,,,,,,,,,0.0,0.0,0.0,0.0,0.0,0.0
1773802975.3678358,False,,,,,,,,,,,,,,,,,,0.0,0.0,0.0,0.0,0.0,0.0
1773802975.378392,False,,,,,,,,,,,,,,,,,,0.0,0.0,0.0,0.0,0.0,0.0
1773802975.388126,False,,,,,,,,,,,,,,,,,,0.0,0.0,0.0,0.0,0.0,0.0
1773802975.3979678,False,,,,,,,,,,,,,,,,,,0.0,0.0,0.0,0.0,0.0,0.0
1773802975.408002,False,,,,,,,,,,,,,,,,,,0.0,0.0,0.0,0.0,0.0,0.0
1773802975.4180982,False,,,,,,,,,,,,,,,,,,0.0,0.0,0.0,0.0,0.0,0.0
1773802975.4281344,False,,,,,,,,,,,,,,,,,,0.0,0.0,0.0,0.0,0.0,0.0
1773802975.437631,False,,,,,,,,,,,,,,,,,,0.0,0.0,0.0,0.0,0.0,0.0
1773802975.4477773,False,,,,,,,,,,,,,,,,,,0.0,0.0,0.0,0.0,0.0,0.0
1773802975.4582999,False,,,,,,,,,,,,,,,,,,0.0,0.0,0.0,0.0,0.0,0.0
1773802975.4682167,False,,,,,,,,,,,,,,,,,,0.0,0.0,0.0,0.0,0.0,0.0
1773802975.477778,False,,,,,,,,,,,,,,,,,,0.0,0.0,0.0,0.0,0.0,0.0
1773802975.4878132,False,,,,,,,,,,,,,,,,,,0.0,0.0,0.0,0.0,0.0,0.0
1773802975.4982421,False,,,,,,,,,,,,,,,,,,0.0,0.0,0.0,0.0,0.0,0.0
1773802975.507628,False,,,,,,,,,,,,,,,,,,0.0,0.0,0.0,0.0,0.0,0.0
1773802975.5178404,False,,,,,,,,,,,,,,,,,,0.0,0.0,0.0,0.0,0.0,0.0
1773802975.5278614,False,,,,,,,,,,,,,,,,,,0.0,0.0,0.0,0.0,0.0,0.0
1773802975.537933,False,,,,,,,,,,,,,,,,,,0.0,0.0,0.0,0.0,0.0,0.0
1773802975.547797,False,,,,,,,,,,,,,,,,,,0.0,0.0,0.0,0.0,0.0,0.0
1773802975.5579548,False,,,,,,,,,,,,,,,,,,0.0,0.0,0.0,0.0,0.0,0.0
1773802975.5679603,False,,,,,,,,,,,,,,,,,,0.0,0.0,0.0,0.0,0.0,0.0
1773802975.5776505,False,,,,,,,,,,,,,,,,,,0.0,0.0,0.0,0.0,0.0,0.0
1773802975.5881624,False,,,,,,,,,,,,,,,,,,0.0,0.0,0.0,0.0,0.0,0.0
1773802975.5980368,False,,,,,,,,,,,,,,,,,,0.0,0.0,0.0,0.0,0.0,0.0
1773802975.6080582,False,,,,,,,,,,,,,,,,,,0.0,0.0,0.0,0.0,0.0,0.0
1773802975.6176493,False,,,,,,,,,,,,,,,,,,0.0,0.0,0.0,0.0,0.0,0.0
1773802975.6279018,False,,,,,,,,,,,,,,,,,,0.0,0.0,0.0,0.0,0.0,0.0
1773802975.637975,False,,,,,,,,,,,,,,,,,,0.0,0.0,0.0,0.0,0.0,0.0
1773802975.6476922,False,,,,,,,,,,,,,,,,,,0.0,0.0,0.0,0.0,0.0,0.0
1773802975.657807,False,,,,,,,,,,,,,,,,,,0.0,0.0,0.0,0.0,0.0,0.0
1773802975.6678221,False,,,,,,,,,,,,,,,,,,0.0,0.0,0.0,0.0,0.0,0.0
1773802975.678039,False,,,,,,,,,,,,,,,,,,0.0,0.0,0.0,0.0,0.0,0.0
1773802975.6880734,False,,,,,,,,,,,,,,,,,,0.0,0.0,0.0,0.0,0.0,0.0
1773802975.6977966,False,,,,,,,,,,,,,,,,,,0.0,0.0,0.0,0.0,0.0,0.0
1773802975.7078454,False,,,,,,,,,,,,,,,,,,0.0,0.0,0.0,0.0,0.0,0.0
1773802975.7178807,False,,,,,,,,,,,,,,,,,,0.0,0.0,0.0,0.0,0.0,0.0
1773802975.7284043,False,,,,,,,,,,,,,,,,,,0.0,0.0,0.0,0.0,0.0,0.0
1773802975.738223,False,,,,,,,,,,,,,,,,,,0.0,0.0,0.0,0.0,0.0,0.0
1773802975.7482321,False,,,,,,,,,,,,,,,,,,0.0,0.0,0.0,0.0,0.0,0.0
1773802975.7577446,False,,,,,,,,,,,,,,,,,,0.0,0.0,0.0,0.0,0.0,0.0
1773802975.76789,False,,,,,,,,,,,,,,,,,,0.0,0.0,0.0,0.0,0.0,0.0
1773802975.7777042,False,,,,,,,,,,,,,,,,,,0.0,0.0,0.0,0.0,0.0,0.0
1773802975.7877312,False,,,,,,,,,,,,,,,,,,0.0,0.0,0.0,0.0,0.0,0.0
1773802975.7982848,False,,,,,,,,,,,,,,,,,,0.0,0.0,0.0,0.0,0.0,0.0
1773802975.8076532,False,,,,,,,,,,,,,,,,,,0.0,0.0,0.0,0.0,0.0,0.0
1773802975.81773,False,,,,,,,,,,,,,,,,,,0.0,0.0,0.0,0.0,0.0,0.0
1773802975.8277912,False,,,,,,,,,,,,,,,,,,0.0,0.0,0.0,0.0,0.0,0.0
1773802975.8377502,False,,,,,,,,,,,,,,,,,,0.0,0.0,0.0,0.0,0.0,0.0
1773802975.847811,False,,,,,,,,,,,,,,,,,,0.0,0.0,0.0,0.0,0.0,0.0
1773802975.858008,False,,,,,,,,,,,,,,,,,,0.0,0.0,0.0,0.0,0.0,0.0
1773802975.8681183,False,,,,,,,,,,,,,,,,,,0.0,0.0,0.0,0.0,0.0,0.0
1773802975.8776996,False,,,,,,,,,,,,,,,,,,0.0,0.0,0.0,0.0,0.0,0.0
1773802975.888247,False,,,,,,,,,,,,,,,,,,0.0,0.0,0.0,0.0,0.0,0.0
1773802975.8977919,False,,,,,,,,,,,,,,,,,,0.0,0.0,0.0,0.0,0.0,0.0
1773802975.907839,False,,,,,,,,,,,,,,,,,,0.0,0.0,0.0,0.0,0.0,0.0
1773802975.9180214,False,,,,,,,,,,,,,,,,,,0.0,0.0,0.0,0.0,0.0,0.0
1773802975.928059,False,,,,,,,,,,,,,,,,,,0.0,0.0,0.0,0.0,0.0,0.0
1773802975.938067,False,,,,,,,,,,,,,,,,,,0.0,0.0,0.0,0.0,0.0,0.0
1773802975.9481251,False,,,,,,,,,,,,,,,,,,0.0,0.0,0.0,0.0,0.0,0.0
1773802975.9577985,False,,,,,,,,,,,,,,,,,,0.0,0.0,0.0,0.0,0.0,0.0
1773802975.968031,False,,,,,,,,,,,,,,,,,,0.0,0.0,0.0,0.0,0.0,0.0
1773802975.9781196,False,,,,,,,,,,,,,,,,,,0.0,0.0,0.0,0.0,0.0,0.0
1773802975.9876559,False,,,,,,,,,,,,,,,,,,0.0,0.0,0.0,0.0,0.0,0.0
1773802975.9980931,False,,,,,,,,,,,,,,,,,,0.0,0.0,0.0,0.0,0.0,0.0
1773802976.0077882,False,,,,,,,,,,,,,,,,,,0.0,0.0,0.0,0.0,0.0,0.0
1773802976.0178308,False,,,,,,,,,,,,,,,,,,0.0,0.0,0.0,0.0,0.0,0.0
1773802976.0280256,False,,,,,,,,,,,,,,,,,,0.0,0.0,0.0,0.0,0.0,0.0
1773802976.0376866,False,,,,,,,,,,,,,,,,,,0.0,0.0,0.0,0.0,0.0,0.0
1773802976.0477793,False,,,,,,,,,,,,,,,,,,0.0,0.0,0.0,0.0,0.0,0.0
1773802976.057799,False,,,,,,,,,,,,,,,,,,0.0,0.0,0.0,0.0,0.0,0.0
1773802976.0678563,False,,,,,,,,,,,,,,,,,,0.0,0.0,0.0,0.0,0.0,0.0
1773802976.0779634,False,,,,,,,,,,,,,,,,,,0.0,0.0,0.0,0.0,0.0,0.0
1773802976.0880287,False,,,,,,,,,,,,,,,,,,0.0,0.0,0.0,0.0,0.0,0.0
1773802976.0980818,False,,,,,,,,,,,,,,,,,,0.0,0.0,0.0,0.0,0.0,0.0
1773802976.1077228,False,,,,,,,,,,,,,,,,,,0.0,0.0,0.0,0.0,0.0,0.0
1773802976.1178122,False,,,,,,,,,,,,,,,,,,0.0,0.0,0.0,0.0,0.0,0.0
1773802976.1279676,False,,,,,,,,,,,,,,,,,,0.0,0.0,0.0,0.0,0.0,0.0
1773802976.1381655,False,,,,,,,,,,,,,,,,,,0.0,0.0,0.0,0.0,0.0,0.0
1773802976.1479557,False,,,,,,,,,,,,,,,,,,0.0,0.0,0.0,0.0,0.0,0.0
1773802976.158131,False,,,,,,,,,,,,,,,,,,0.0,0.0,0.0,0.0,0.0,0.0
1773802976.1678157,False,,,,,,,,,,,,,,,,,,0.0,0.0,0.0,0.0,0.0,0.0
1773802976.1779912,False,,,,,,,,,,,,,,,,,,0.0,0.0,0.0,0.0,0.0,0.0
1773802976.1880937,False,,,,,,,,,,,,,,,,,,0.0,0.0,0.0,0.0,0.0,0.0
1773802976.1981425,False,,,,,,,,,,,,,,,,,,0.0,0.0,0.0,0.0,0.0,0.0
1773802976.2077603,False,,,,,,,,,,,,,,,,,,0.0,0.0,0.0,0.0,0.0,0.0
1773802976.21785,False,,,,,,,,,,,,,,,,,,0.0,0.0,0.0,0.0,0.0,0.0
1773802976.2280035,False,,,,,,,,,,,,,,,,,,0.0,0.0,0.0,0.0,0.0,0.0
1773802976.2377741,False,,,,,,,,,,,,,,,,,,0.0,0.0,0.0,0.0,0.0,0.0
1773802976.2479832,False,,,,,,,,,,,,,,,,,,0.0,0.0,0.0,0.0,0.0,0.0
1773802976.2578106,False,,,,,,,,,,,,,,,,,,0.0,0.0,0.0,0.0,0.0,0.0
1773802976.2680335,False,,,,,,,,,,,,,,,,,,0.0,0.0,0.0,0.0,0.0,0.0
1773802976.2782314,False,,,,,,,,,,,,,,,,,,0.0,0.0,0.0,0.0,0.0,0.0
1773802976.2882617,False,,,,,,,,,,,,,,,,,,0.0,0.0,0.0,0.0,0.0,0.0
1773802976.2978988,False,,,,,,,,,,,,,,,,,,0.0,0.0,0.0,0.0,0.0,0.0
1773802976.3080494,False,,,,,,,,,,,,,,,,,,0.0,0.0,0.0,0.0,0.0,0.0
1773802976.3179219,False,,,,,,,,,,,,,,,,,,0.0,0.0,0.0,0.0,0.0,0.0
1773802976.3278413,False,,,,,,,,,,,,,,,,,,0.0,0.0,0.0,0.0,0.0,0.0
1773802976.3378892,False,,,,,,,,,,,,,,,,,,0.0,0.0,0.0,0.0,0.0,0.0
1773802976.34833,False,,,,,,,,,,,,,,,,,,0.0,0.0,0.0,0.0,0.0,0.0
1773802976.3578591,False,,,,,,,,,,,,,,,,,,0.0,0.0,0.0,0.0,0.0,0.0
1773802976.3679383,False,,,,,,,,,,,,,,,,,,0.0,0.0,0.0,0.0,0.0,0.0
1773802976.377948,False,,,,,,,,,,,,,,,,,,0.0,0.0,0.0,0.0,0.0,0.0
1773802976.388137,False,,,,,,,,,,,,,,,,,,0.0,0.0,0.0,0.0,0.0,0.0
1773802976.398222,False,,,,,,,,,,,,,,,,,,0.0,0.0,0.0,0.0,0.0,0.0
1773802976.4080718,False,,,,,,,,,,,,,,,,,,0.0,0.0,0.0,0.0,0.0,0.0
1773802976.417702,False,,,,,,,,,,,,,,,,,,0.0,0.0,0.0,0.0,0.0,0.0
1773802976.4277327,False,,,,,,,,,,,,,,,,,,0.0,0.0,0.0,0.0,0.0,0.0
1773802976.437839,False,,,,,,,,,,,,,,,,,,0.0,0.0,0.0,0.0,0.0,0.0
1773802976.4480133,False,,,,,,,,,,,,,,,,,,0.0,0.0,0.0,0.0,0.0,0.0
1773802976.4580412,False,,,,,,,,,,,,,,,,,,0.0,0.0,0.0,0.0,0.0,0.0
1773802976.4680796,False,,,,,,,,,,,,,,,,,,0.0,0.0,0.0,0.0,0.0,0.0
1773802976.478102,False,,,,,,,,,,,,,,,,,,0.0,0.0,0.0,0.0,0.0,0.0
1773802976.4881291,False,,,,,,,,,,,,,,,,,,0.0,0.0,0.0,0.0,0.0,0.0
1773802976.4985602,False,,,,,,,,,,,,,,,,,,0.0,0.0,0.0,0.0,0.0,0.0
1773802976.5080945,False,,,,,,,,,,,,,,,,,,0.0,0.0,0.0,0.0,0.0,0.0
1773802976.5181239,False,,,,,,,,,,,,,,,,,,0.0,0.0,0.0,0.0,0.0,0.0
1773802976.528166,False,,,,,,,,,,,,,,,,,,0.0,0.0,0.0,0.0,0.0,0.0
1773802976.5381868,False,,,,,,,,,,,,,,,,,,0.0,0.0,0.0,0.0,0.0,0.0
1773802976.5477102,False,,,,,,,,,,,,,,,,,,0.0,0.0,0.0,0.0,0.0,0.0
1773802976.5582807,False,,,,,,,,,,,,,,,,,,0.0,0.0,0.0,0.0,0.0,0.0
1773802976.5683105,False,,,,,,,,,,,,,,,,,,0.0,0.0,0.0,0.0,0.0,0.0
1773802976.578222,False,,,,,,,,,,,,,,,,,,0.0,0.0,0.0,0.0,0.0,0.0
1773802976.587893,False,,,,,,,,,,,,,,,,,,0.0,0.0,0.0,0.0,0.0,0.0
1773802976.5980086,False,,,,,,,,,,,,,,,,,,0.0,0.0,0.0,0.0,0.0,0.0
1773802976.6082234,False,,,,,,,,,,,,,,,,,,0.0,0.0,0.0,0.0,0.0,0.0
1773802976.617908,False,,,,,,,,,,,,,,,,,,0.0,0.0,0.0,0.0,0.0,0.0
1773802976.6284409,False,,,,,,,,,,,,,,,,,,0.0,0.0,0.0,0.0,0.0,0.0
1773802976.637898,False,,,,,,,,,,,,,,,,,,0.0,0.0,0.0,0.0,0.0,0.0
1773802976.647869,False,,,,,,,,,,,,,,,,,,0.0,0.0,0.0,0.0,0.0,0.0
1773802976.6582074,False,,,,,,,,,,,,,,,,,,0.0,0.0,0.0,0.0,0.0,0.0
1773802976.6681275,False,,,,,,,,,,,,,,,,,,0.0,0.0,0.0,0.0,0.0,0.0
1773802976.6783094,False,,,,,,,,,,,,,,,,,,0.0,0.0,0.0,0.0,0.0,0.0
1773802976.6879096,False,,,,,,,,,,,,,,,,,,0.0,0.0,0.0,0.0,0.0,0.0
1773802976.6976733,False,,,,,,,,,,,,,,,,,,0.0,0.0,0.0,0.0,0.0,0.0
1773802976.7082257,False,,,,,,,,,,,,,,,,,,0.0,0.0,0.0,0.0,0.0,0.0
1773802976.7178192,False,,,,,,,,,,,,,,,,,,0.0,0.0,0.0,0.0,0.0,0.0
1773802976.7279236,False,,,,,,,,,,,,,,,,,,0.0,0.0,0.0,0.0,0.0,0.0
1773802976.7380166,False,,,,,,,,,,,,,,,,,,0.0,0.0,0.0,0.0,0.0,0.0
1773802976.748205,False,,,,,,,,,,,,,,,,,,0.0,0.0,0.0,0.0,0.0,0.0
1773802976.7580414,False,,,,,,,,,,,,,,,,,,0.0,0.0,0.0,0.0,0.0,0.0
1773802976.7680204,False,,,,,,,,,,,,,,,,,,0.0,0.0,0.0,0.0,0.0,0.0
1773802976.7778635,False,,,,,,,,,,,,,,,,,,0.0,0.0,0.0,0.0,0.0,0.0
1773802976.7878323,False,,,,,,,,,,,,,,,,,,0.0,0.0,0.0,0.0,0.0,0.0
1773802976.797772,False,,,,,,,,,,,,,,,,,,0.0,0.0,0.0,0.0,0.0,0.0
1773802976.8077147,False,,,,,,,,,,,,,,,,,,0.0,0.0,0.0,0.0,0.0,0.0
1773802976.8180788,False,,,,,,,,,,,,,,,,,,0.0,0.0,0.0,0.0,0.0,0.0
1773802976.8281357,False,,,,,,,,,,,,,,,,,,0.0,0.0,0.0,0.0,0.0,0.0
1773802976.838442,False,,,,,,,,,,,,,,,,,,0.0,0.0,0.0,0.0,0.0,0.0
1773802976.848468,False,,,,,,,,,,,,,,,,,,0.0,0.0,0.0,0.0,0.0,0.0
1773802976.8581898,False,,,,,,,,,,,,,,,,,,0.0,0.0,0.0,0.0,0.0,0.0
1773802976.8676887,False,,,,,,,,,,,,,,,,,,0.0,0.0,0.0,0.0,0.0,0.0
1773802976.8781455,False,,,,,,,,,,,,,,,,,,0.0,0.0,0.0,0.0,0.0,0.0
1773802976.8881621,False,,,,,,,,,,,,,,,,,,0.0,0.0,0.0,0.0,0.0,0.0
1773802976.898175,False,,,,,,,,,,,,,,,,,,0.0,0.0,0.0,0.0,0.0,0.0
1773802976.9077797,False,,,,,,,,,,,,,,,,,,0.0,0.0,0.0,0.0,0.0,0.0
1773802976.9180412,False,,,,,,,,,,,,,,,,,,0.0,0.0,0.0,0.0,0.0,0.0
1773802976.928238,False,,,,,,,,,,,,,,,,,,0.0,0.0,0.0,0.0,0.0,0.0
1773802976.9379725,False,,,,,,,,,,,,,,,,,,0.0,0.0,0.0,0.0,0.0,0.0
1773802976.9477885,False,,,,,,,,,,,,,,,,,,0.0,0.0,0.0,0.0,0.0,0.0
1773802976.9578393,False,,,,,,,,,,,,,,,,,,0.0,0.0,0.0,0.0,0.0,0.0
1773802976.9679606,False,,,,,,,,,,,,,,,,,,0.0,0.0,0.0,0.0,0.0,0.0
1773802976.9779968,False,,,,,,,,,,,,,,,,,,0.0,0.0,0.0,0.0,0.0,0.0
1773802976.9878447,False,,,,,,,,,,,,,,,,,,0.0,0.0,0.0,0.0,0.0,0.0
1773802976.9978988,False,,,,,,,,,,,,,,,,,,0.0,0.0,0.0,0.0,0.0,0.0
1773802977.008634,False,,,,,,,,,,,,,,,,,,0.0,0.0,0.0,0.0,0.0,0.0
1773802977.0178826,False,,,,,,,,,,,,,,,,,,0.0,0.0,0.0,0.0,0.0,0.0
1773802977.0277581,False,,,,,,,,,,,,,,,,,,0.0,0.0,0.0,0.0,0.0,0.0
1773802977.0378296,False,,,,,,,,,,,,,,,,,,0.0,0.0,0.0,0.0,0.0,0.0
1773802977.0481951,False,,,,,,,,,,,,,,,,,,0.0,0.0,0.0,0.0,0.0,0.0
1773802977.0582283,False,,,,,,,,,,,,,,,,,,0.0,0.0,0.0,0.0,0.0,0.0
1773802977.0677679,False,,,,,,,,,,,,,,,,,,0.0,0.0,0.0,0.0,0.0,0.0
1773802977.0780685,False,,,,,,,,,,,,,,,,,,0.0,0.0,0.0,0.0,0.0,0.0
1773802977.087963,False,,,,,,,,,,,,,,,,,,0.0,0.0,0.0,0.0,0.0,0.0
1773802977.0978825,False,,,,,,,,,,,,,,,,,,0.0,0.0,0.0,0.0,0.0,0.0
1773802977.1079762,False,,,,,,,,,,,,,,,,,,0.0,0.0,0.0,0.0,0.0,0.0
1773802977.1182601,False,,,,,,,,,,,,,,,,,,0.0,0.0,0.0,0.0,0.0,0.0
1773802977.1281486,False,,,,,,,,,,,,,,,,,,0.0,0.0,0.0,0.0,0.0,0.0
1773802977.1380239,False,,,,,,,,,,,,,,,,,,0.0,0.0,0.0,0.0,0.0,0.0
1773802977.1480694,False,,,,,,,,,,,,,,,,,,0.0,0.0,0.0,0.0,0.0,0.0
1773802977.1577215,False,,,,,,,,,,,,,,,,,,0.0,0.0,0.0,0.0,0.0,0.0
1773802977.1678464,False,,,,,,,,,,,,,,,,,,0.0,0.0,0.0,0.0,0.0,0.0
1773802977.1780996,False,,,,,,,,,,,,,,,,,,0.0,0.0,0.0,0.0,0.0,0.0
1773802977.187798,False,,,,,,,,,,,,,,,,,,0.0,0.0,0.0,0.0,0.0,0.0
1773802977.1981921,False,,,,,,,,,,,,,,,,,,0.0,0.0,0.0,0.0,0.0,0.0
1773802977.2082067,False,,,,,,,,,,,,,,,,,,0.0,0.0,0.0,0.0,0.0,0.0
1773802977.2178285,False,,,,,,,,,,,,,,,,,,0.0,0.0,0.0,0.0,0.0,0.0
1773802977.228382,False,,,,,,,,,,,,,,,,,,0.0,0.0,0.0,0.0,0.0,0.0
1773802977.2382033,False,,,,,,,,,,,,,,,,,,0.0,0.0,0.0,0.0,0.0,0.0
1773802977.2478247,False,,,,,,,,,,,,,,,,,,0.0,0.0,0.0,0.0,0.0,0.0
1773802977.258063,False,,,,,,,,,,,,,,,,,,0.0,0.0,0.0,0.0,0.0,0.0
1773802977.2681699,False,,,,,,,,,,,,,,,,,,0.0,0.0,0.0,0.0,0.0,0.0
1773802977.2782187,False,,,,,,,,,,,,,,,,,,0.0,0.0,0.0,0.0,0.0,0.0
1773802977.287939,False,,,,,,,,,,,,,,,,,,0.0,0.0,0.0,0.0,0.0,0.0
1773802977.2978392,False,,,,,,,,,,,,,,,,,,0.0,0.0,0.0,0.0,0.0,0.0
1773802977.3080337,False,,,,,,,,,,,,,,,,,,0.0,0.0,0.0,0.0,0.0,0.0
1773802977.3178756,False,,,,,,,,,,,,,,,,,,0.0,0.0,0.0,0.0,0.0,0.0
1773802977.3279655,False,,,,,,,,,,,,,,,,,,0.0,0.0,0.0,0.0,0.0,0.0
1773802977.3381882,False,,,,,,,,,,,,,,,,,,0.0,0.0,0.0,0.0,0.0,0.0
1773802977.3481526,False,,,,,,,,,,,,,,,,,,0.0,0.0,0.0,0.0,0.0,0.0
1773802977.357802,False,,,,,,,,,,,,,,,,,,0.0,0.0,0.0,0.0,0.0,0.0
1773802977.3678453,False,,,,,,,,,,,,,,,,,,0.0,0.0,0.0,0.0,0.0,0.0
1773802977.3778749,False,,,,,,,,,,,,,,,,,,0.0,0.0,0.0,0.0,0.0,0.0
1773802977.3879035,False,,,,,,,,,,,,,,,,,,0.0,0.0,0.0,0.0,0.0,0.0
1773802977.3979094,False,,,,,,,,,,,,,,,,,,0.0,0.0,0.0,0.0,0.0,0.0
1773802977.4078467,False,,,,,,,,,,,,,,,,,,0.0,0.0,0.0,0.0,0.0,0.0
1773802977.417896,False,,,,,,,,,,,,,,,,,,0.0,0.0,0.0,0.0,0.0,0.0
1773802977.428202,False,,,,,,,,,,,,,,,,,,0.0,0.0,0.0,0.0,0.0,0.0
1773802977.4377327,False,,,,,,,,,,,,,,,,,,0.0,0.0,0.0,0.0,0.0,0.0
1773802977.447771,False,,,,,,,,,,,,,,,,,,0.0,0.0,0.0,0.0,0.0,0.0
1773802977.4579334,False,,,,,,,,,,,,,,,,,,0.0,0.0,0.0,0.0,0.0,0.0
1773802977.468088,False,,,,,,,,,,,,,,,,,,0.0,0.0,0.0,0.0,0.0,0.0
1773802977.4778996,False,,,,,,,,,,,,,,,,,,0.0,0.0,0.0,0.0,0.0,0.0
1773802977.487905,False,,,,,,,,,,,,,,,,,,0.0,0.0,0.0,0.0,0.0,0.0
1773802977.498029,False,,,,,,,,,,,,,,,,,,0.0,0.0,0.0,0.0,0.0,0.0
1773802977.5081227,False,,,,,,,,,,,,,,,,,,0.0,0.0,0.0,0.0,0.0,0.0
1773802977.5179873,False,,,,,,,,,,,,,,,,,,0.0,0.0,0.0,0.0,0.0,0.0
1773802977.5280354,False,,,,,,,,,,,,,,,,,,0.0,0.0,0.0,0.0,0.0,0.0
1773802977.537791,False,,,,,,,,,,,,,,,,,,0.0,0.0,0.0,0.0,0.0,0.0
1773802977.5478373,False,,,,,,,,,,,,,,,,,,0.0,0.0,0.0,0.0,0.0,0.0
1773802977.558005,False,,,,,,,,,,,,,,,,,,0.0,0.0,0.0,0.0,0.0,0.0
1773802977.5679584,False,,,,,,,,,,,,,,,,,,0.0,0.0,0.0,0.0,0.0,0.0
1773802977.5779657,False,,,,,,,,,,,,,,,,,,0.0,0.0,0.0,0.0,0.0,0.0
1773802977.5881786,False,,,,,,,,,,,,,,,,,,0.0,0.0,0.0,0.0,0.0,0.0
1773802977.5983846,False,,,,,,,,,,,,,,,,,,0.0,0.0,0.0,0.0,0.0,0.0
1773802977.6079972,False,,,,,,,,,,,,,,,,,,0.0,0.0,0.0,0.0,0.0,0.0
1773802977.6177404,False,,,,,,,,,,,,,,,,,,0.0,0.0,0.0,0.0,0.0,0.0
1773802977.628048,False,,,,,,,,,,,,,,,,,,0.0,0.0,0.0,0.0,0.0,0.0
1773802977.637942,False,,,,,,,,,,,,,,,,,,0.0,0.0,0.0,0.0,0.0,0.0
1773802977.6481328,False,,,,,,,,,,,,,,,,,,0.0,0.0,0.0,0.0,0.0,0.0
1773802977.6581733,False,,,,,,,,,,,,,,,,,,0.0,0.0,0.0,0.0,0.0,0.0
1773802977.6676302,False,,,,,,,,,,,,,,,,,,0.0,0.0,0.0,0.0,0.0,0.0
1773802977.6776645,False,,,,,,,,,,,,,,,,,,0.0,0.0,0.0,0.0,0.0,0.0
1773802977.687846,False,,,,,,,,,,,,,,,,,,0.0,0.0,0.0,0.0,0.0,0.0
1773802977.698194,False,,,,,,,,,,,,,,,,,,0.0,0.0,0.0,0.0,0.0,0.0
1773802977.7082257,False,,,,,,,,,,,,,,,,,,0.0,0.0,0.0,0.0,0.0,0.0
1773802977.7182546,False,,,,,,,,,,,,,,,,,,0.0,0.0,0.0,0.0,0.0,0.0
1773802977.7278595,False,,,,,,,,,,,,,,,,,,0.0,0.0,0.0,0.0,0.0,0.0
1773802977.737675,False,,,,,,,,,,,,,,,,,,0.0,0.0,0.0,0.0,0.0,0.0
1773802977.7481966,False,,,,,,,,,,,,,,,,,,0.0,0.0,0.0,0.0,0.0,0.0
1773802977.7583103,False,,,,,,,,,,,,,,,,,,0.0,0.0,0.0,0.0,0.0,0.0
1773802977.7680569,False,,,,,,,,,,,,,,,,,,0.0,0.0,0.0,0.0,0.0,0.0
1773802977.7781065,False,,,,,,,,,,,,,,,,,,0.0,0.0,0.0,0.0,0.0,0.0
1773802977.787648,False,,,,,,,,,,,,,,,,,,0.0,0.0,0.0,0.0,0.0,0.0
1773802977.7980862,False,,,,,,,,,,,,,,,,,,0.0,0.0,0.0,0.0,0.0,0.0
1773802977.8084679,False,,,,,,,,,,,,,,,,,,0.0,0.0,0.0,0.0,0.0,0.0
1773802977.8180242,False,,,,,,,,,,,,,,,,,,0.0,0.0,0.0,0.0,0.0,0.0
1773802977.8280594,False,,,,,,,,,,,,,,,,,,0.0,0.0,0.0,0.0,0.0,0.0
1773802977.8379195,False,,,,,,,,,,,,,,,,,,0.0,0.0,0.0,0.0,0.0,0.0
1773802977.847971,False,,,,,,,,,,,,,,,,,,0.0,0.0,0.0,0.0,0.0,0.0
1773802977.8580046,False,,,,,,,,,,,,,,,,,,0.0,0.0,0.0,0.0,0.0,0.0
1773802977.868042,False,,,,,,,,,,,,,,,,,,0.0,0.0,0.0,0.0,0.0,0.0
1773802977.8780825,False,,,,,,,,,,,,,,,,,,0.0,0.0,0.0,0.0,0.0,0.0
1773802977.8877404,False,,,,,,,,,,,,,,,,,,0.0,0.0,0.0,0.0,0.0,0.0
1773802977.8982918,False,,,,,,,,,,,,,,,,,,0.0,0.0,0.0,0.0,0.0,0.0
1773802977.9077349,False,,,,,,,,,,,,,,,,,,0.0,0.0,0.0,0.0,0.0,0.0
1773802977.917851,False,,,,,,,,,,,,,,,,,,0.0,0.0,0.0,0.0,0.0,0.0
1773802977.9278874,False,,,,,,,,,,,,,,,,,,0.0,0.0,0.0,0.0,0.0,0.0
1773802977.9380195,False,,,,,,,,,,,,,,,,,,0.0,0.0,0.0,0.0,0.0,0.0
1773802977.9480262,False,,,,,,,,,,,,,,,,,,0.0,0.0,0.0,0.0,0.0,0.0
1773802977.9580731,False,,,,,,,,,,,,,,,,,,0.0,0.0,0.0,0.0,0.0,0.0
1773802977.9677396,False,,,,,,,,,,,,,,,,,,0.0,0.0,0.0,0.0,0.0,0.0
1773802977.9779718,False,,,,,,,,,,,,,,,,,,0.0,0.0,0.0,0.0,0.0,0.0
1773802977.9881763,False,,,,,,,,,,,,,,,,,,0.0,0.0,0.0,0.0,0.0,0.0
1773802977.99849,False,,,,,,,,,,,,,,,,,,0.0,0.0,0.0,0.0,0.0,0.0
1773802978.0080264,False,,,,,,,,,,,,,,,,,,0.0,0.0,0.0,0.0,0.0,0.0
1773802978.018074,False,,,,,,,,,,,,,,,,,,0.0,0.0,0.0,0.0,0.0,0.0
1773802978.0280905,False,,,,,,,,,,,,,,,,,,0.0,0.0,0.0,0.0,0.0,0.0
1773802978.037638,False,,,,,,,,,,,,,,,,,,0.0,0.0,0.0,0.0,0.0,0.0
1773802978.0482006,False,,,,,,,,,,,,,,,,,,0.0,0.0,0.0,0.0,0.0,0.0
1773802978.0582669,False,,,,,,,,,,,,,,,,,,0.0,0.0,0.0,0.0,0.0,0.0
1773802978.0676935,False,,,,,,,,,,,,,,,,,,0.0,0.0,0.0,0.0,0.0,0.0
1773802978.0778947,False,,,,,,,,,,,,,,,,,,0.0,0.0,0.0,0.0,0.0,0.0
1773802978.0879962,False,,,,,,,,,,,,,,,,,,0.0,0.0,0.0,0.0,0.0,0.0
1773802978.0980394,False,,,,,,,,,,,,,,,,,,0.0,0.0,0.0,0.0,0.0,0.0
1773802978.1081595,False,,,,,,,,,,,,,,,,,,0.0,0.0,0.0,0.0,0.0,0.0
1773802978.1179366,False,,,,,,,,,,,,,,,,,,0.0,0.0,0.0,0.0,0.0,0.0
1773802978.1279807,False,,,,,,,,,,,,,,,,,,0.0,0.0,0.0,0.0,0.0,0.0
1773802978.1380568,False,,,,,,,,,,,,,,,,,,0.0,0.0,0.0,0.0,0.0,0.0
1773802978.1481142,False,,,,,,,,,,,,,,,,,,0.0,0.0,0.0,0.0,0.0,0.0
1773802978.1576579,False,,,,,,,,,,,,,,,,,,0.0,0.0,0.0,0.0,0.0,0.0
1773802978.1682189,False,,,,,,,,,,,,,,,,,,0.0,0.0,0.0,0.0,0.0,0.0
1773802978.178037,False,,,,,,,,,,,,,,,,,,0.0,0.0,0.0,0.0,0.0,0.0
1773802978.1880786,False,,,,,,,,,,,,,,,,,,0.0,0.0,0.0,0.0,0.0,0.0
1773802978.1981323,False,,,,,,,,,,,,,,,,,,0.0,0.0,0.0,0.0,0.0,0.0
1773802978.208155,False,,,,,,,,,,,,,,,,,,0.0,0.0,0.0,0.0,0.0,0.0
1773802978.218187,False,,,,,,,,,,,,,,,,,,0.0,0.0,0.0,0.0,0.0,0.0
1773802978.2277412,False,,,,,,,,,,,,,,,,,,0.0,0.0,0.0,0.0,0.0,0.0
1773802978.2378306,False,,,,,,,,,,,,,,,,,,0.0,0.0,0.0,0.0,0.0,0.0
1773802978.2481031,False,,,,,,,,,,,,,,,,,,0.0,0.0,0.0,0.0,0.0,0.0
1773802978.2582052,False,,,,,,,,,,,,,,,,,,0.0,0.0,0.0,0.0,0.0,0.0
1773802978.267732,False,,,,,,,,,,,,,,,,,,0.0,0.0,0.0,0.0,0.0,0.0
1773802978.2778533,False,,,,,,,,,,,,,,,,,,0.0,0.0,0.0,0.0,0.0,0.0
1773802978.2881637,False,,,,,,,,,,,,,,,,,,0.0,0.0,0.0,0.0,0.0,0.0
1773802978.2977123,False,,,,,,,,,,,,,,,,,,0.0,0.0,0.0,0.0,0.0,0.0
1773802978.3079896,False,,,,,,,,,,,,,,,,,,0.0,0.0,0.0,0.0,0.0,0.0
1773802978.3180132,False,,,,,,,,,,,,,,,,,,0.0,0.0,0.0,0.0,0.0,0.0
1773802978.3276026,False,,,,,,,,,,,,,,,,,,0.0,0.0,0.0,0.0,0.0,0.0
1773802978.3378077,False,,,,,,,,,,,,,,,,,,0.0,0.0,0.0,0.0,0.0,0.0
1773802978.3478885,False,,,,,,,,,,,,,,,,,,0.0,0.0,0.0,0.0,0.0,0.0
1773802978.357937,False,,,,,,,,,,,,,,,,,,0.0,0.0,0.0,0.0,0.0,0.0
1773802978.3680627,False,,,,,,,,,,,,,,,,,,0.0,0.0,0.0,0.0,0.0,0.0
1773802978.3780744,False,,,,,,,,,,,,,,,,,,0.0,0.0,0.0,0.0,0.0,0.0
1773802978.3881867,False,,,,,,,,,,,,,,,,,,0.0,0.0,0.0,0.0,0.0,0.0
1773802978.397902,False,,,,,,,,,,,,,,,,,,0.0,0.0,0.0,0.0,0.0,0.0
1773802978.4079561,False,,,,,,,,,,,,,,,,,,0.0,0.0,0.0,0.0,0.0,0.0
1773802978.4180148,False,,,,,,,,,,,,,,,,,,0.0,0.0,0.0,0.0,0.0,0.0
1773802978.4280343,False,,,,,,,,,,,,,,,,,,0.0,0.0,0.0,0.0,0.0,0.0
1773802978.4378092,False,,,,,,,,,,,,,,,,,,0.0,0.0,0.0,0.0,0.0,0.0
1773802978.4476252,False,,,,,,,,,,,,,,,,,,0.0,0.0,0.0,0.0,0.0,0.0
1773802978.4580834,False,,,,,,,,,,,,,,,,,,0.0,0.0,0.0,0.0,0.0,0.0
1773802978.4681795,False,,,,,,,,,,,,,,,,,,0.0,0.0,0.0,0.0,0.0,0.0
1773802978.4778576,False,,,,,,,,,,,,,,,,,,0.0,0.0,0.0,0.0,0.0,0.0
1773802978.4880037,False,,,,,,,,,,,,,,,,,,0.0,0.0,0.0,0.0,0.0,0.0
1773802978.4980803,False,,,,,,,,,,,,,,,,,,0.0,0.0,0.0,0.0,0.0,0.0
1773802978.507746,False,,,,,,,,,,,,,,,,,,0.0,0.0,0.0,0.0,0.0,0.0
1773802978.517997,False,,,,,,,,,,,,,,,,,,0.0,0.0,0.0,0.0,0.0,0.0
1773802978.528035,False,,,,,,,,,,,,,,,,,,0.0,0.0,0.0,0.0,0.0,0.0
1773802978.5381095,False,,,,,,,,,,,,,,,,,,0.0,0.0,0.0,0.0,0.0,0.0
1773802978.547624,False,,,,,,,,,,,,,,,,,,0.0,0.0,0.0,0.0,0.0,0.0
1773802978.557676,False,,,,,,,,,,,,,,,,,,0.0,0.0,0.0,0.0,0.0,0.0
1773802978.5677214,False,,,,,,,,,,,,,,,,,,0.0,0.0,0.0,0.0,0.0,0.0
1773802978.5777814,False,,,,,,,,,,,,,,,,,,0.0,0.0,0.0,0.0,0.0,0.0
1773802978.5883236,False,,,,,,,,,,,,,,,,,,0.0,0.0,0.0,0.0,0.0,0.0
1773802978.5978687,False,,,,,,,,,,,,,,,,,,0.0,0.0,0.0,0.0,0.0,0.0
1773802978.6077442,False,,,,,,,,,,,,,,,,,,0.0,0.0,0.0,0.0,0.0,0.0
1773802978.6185641,False,,,,,,,,,,,,,,,,,,0.0,0.0,0.0,0.0,0.0,0.0
1773802978.6284437,False,,,,,,,,,,,,,,,,,,0.0,0.0,0.0,0.0,0.0,0.0
1773802978.6382356,False,,,,,,,,,,,,,,,,,,0.0,0.0,0.0,0.0,0.0,0.0
1773802978.6482513,False,,,,,,,,,,,,,,,,,,0.0,0.0,0.0,0.0,0.0,0.0
1773802978.6579845,False,,,,,,,,,,,,,,,,,,0.0,0.0,0.0,0.0,0.0,0.0
1773802978.667723,False,,,,,,,,,,,,,,,,,,0.0,0.0,0.0,0.0,0.0,0.0
1773802978.6777701,False,,,,,,,,,,,,,,,,,,0.0,0.0,0.0,0.0,0.0,0.0
1773802978.68799,False,,,,,,,,,,,,,,,,,,0.0,0.0,0.0,0.0,0.0,0.0
1773802978.6981528,False,,,,,,,,,,,,,,,,,,0.0,0.0,0.0,0.0,0.0,0.0
1773802978.7079136,False,,,,,,,,,,,,,,,,,,0.0,0.0,0.0,0.0,0.0,0.0
1773802978.7179346,False,,,,,,,,,,,,,,,,,,0.0,0.0,0.0,0.0,0.0,0.0
1773802978.7278802,False,,,,,,,,,,,,,,,,,,0.0,0.0,0.0,0.0,0.0,0.0
1773802978.7379572,False,,,,,,,,,,,,,,,,,,0.0,0.0,0.0,0.0,0.0,0.0
1773802978.7483585,False,,,,,,,,,,,,,,,,,,0.0,0.0,0.0,0.0,0.0,0.0
1773802978.7578955,False,,,,,,,,,,,,,,,,,,0.0,0.0,0.0,0.0,0.0,0.0
1773802978.767814,False,,,,,,,,,,,,,,,,,,0.0,0.0,0.0,0.0,0.0,0.0
1773802978.7775307,False,,,,,,,,,,,,,,,,,,0.0,0.0,0.0,0.0,0.0,0.0
1773802978.7879734,False,,,,,,,,,,,,,,,,,,0.0,0.0,0.0,0.0,0.0,0.0
1773802978.7980168,False,,,,,,,,,,,,,,,,,,0.0,0.0,0.0,0.0,0.0,0.0
1773802978.808156,False,,,,,,,,,,,,,,,,,,0.0,0.0,0.0,0.0,0.0,0.0
1773802978.8178735,False,,,,,,,,,,,,,,,,,,0.0,0.0,0.0,0.0,0.0,0.0
1773802978.8278863,False,,,,,,,,,,,,,,,,,,0.0,0.0,0.0,0.0,0.0,0.0
1773802978.8379564,False,,,,,,,,,,,,,,,,,,0.0,0.0,0.0,0.0,0.0,0.0
1773802978.8480315,False,,,,,,,,,,,,,,,,,,0.0,0.0,0.0,0.0,0.0,0.0
1773802978.8582203,False,,,,,,,,,,,,,,,,,,0.0,0.0,0.0,0.0,0.0,0.0
1773802978.868157,False,,,,,,,,,,,,,,,,,,0.0,0.0,0.0,0.0,0.0,0.0
1773802978.8779383,False,,,,,,,,,,,,,,,,,,0.0,0.0,0.0,0.0,0.0,0.0
1773802978.8878205,False,,,,,,,,,,,,,,,,,,0.0,0.0,0.0,0.0,0.0,0.0
1773802978.8978899,False,,,,,,,,,,,,,,,,,,0.0,0.0,0.0,0.0,0.0,0.0
1773802978.9083743,False,,,,,,,,,,,,,,,,,,0.0,0.0,0.0,0.0,0.0,0.0
1773802978.9179182,False,,,,,,,,,,,,,,,,,,0.0,0.0,0.0,0.0,0.0,0.0
1773802978.9279377,False,,,,,,,,,,,,,,,,,,0.0,0.0,0.0,0.0,0.0,0.0
1773802978.937965,False,,,,,,,,,,,,,,,,,,0.0,0.0,0.0,0.0,0.0,0.0
1773802978.9480991,False,,,,,,,,,,,,,,,,,,0.0,0.0,0.0,0.0,0.0,0.0
1773802978.9581466,False,,,,,,,,,,,,,,,,,,0.0,0.0,0.0,0.0,0.0,0.0
1773802978.967795,False,,,,,,,,,,,,,,,,,,0.0,0.0,0.0,0.0,0.0,0.0
1773802978.9775836,False,,,,,,,,,,,,,,,,,,0.0,0.0,0.0,0.0,0.0,0.0
1773802978.9876456,False,,,,,,,,,,,,,,,,,,0.0,0.0,0.0,0.0,0.0,0.0
1773802978.9977465,False,,,,,,,,,,,,,,,,,,0.0,0.0,0.0,0.0,0.0,0.0
1773802979.0079753,False,,,,,,,,,,,,,,,,,,0.0,0.0,0.0,0.0,0.0,0.0
1773802979.018053,False,,,,,,,,,,,,,,,,,,0.0,0.0,0.0,0.0,0.0,0.0
1773802979.0279984,False,,,,,,,,,,,,,,,,,,0.0,0.0,0.0,0.0,0.0,0.0
1773802979.037872,False,,,,,,,,,,,,,,,,,,0.0,0.0,0.0,0.0,0.0,0.0
1773802979.0479457,False,,,,,,,,,,,,,,,,,,0.0,0.0,0.0,0.0,0.0,0.0
1773802979.0580032,False,,,,,,,,,,,,,,,,,,0.0,0.0,0.0,0.0,0.0,0.0
1773802979.0680676,False,,,,,,,,,,,,,,,,,,0.0,0.0,0.0,0.0,0.0,0.0
1773802979.0775912,False,,,,,,,,,,,,,,,,,,0.0,0.0,0.0,0.0,0.0,0.0
1773802979.0882115,False,,,,,,,,,,,,,,,,,,0.0,0.0,0.0,0.0,0.0,0.0
1773802979.0978775,False,,,,,,,,,,,,,,,,,,0.0,0.0,0.0,0.0,0.0,0.0
1773802979.1080673,False,,,,,,,,,,,,,,,,,,0.0,0.0,0.0,0.0,0.0,0.0
1773802979.1183064,False,,,,,,,,,,,,,,,,,,0.0,0.0,0.0,0.0,0.0,0.0
1773802979.1283503,False,,,,,,,,,,,,,,,,,,0.0,0.0,0.0,0.0,0.0,0.0
1773802979.1379435,False,,,,,,,,,,,,,,,,,,0.0,0.0,0.0,0.0,0.0,0.0
1773802979.1477349,False,,,,,,,,,,,,,,,,,,0.0,0.0,0.0,0.0,0.0,0.0
1773802979.1577394,False,,,,,,,,,,,,,,,,,,0.0,0.0,0.0,0.0,0.0,0.0
1773802979.1677618,False,,,,,,,,,,,,,,,,,,0.0,0.0,0.0,0.0,0.0,0.0
1773802979.1778486,False,,,,,,,,,,,,,,,,,,0.0,0.0,0.0,0.0,0.0,0.0
1773802979.18767,False,,,,,,,,,,,,,,,,,,0.0,0.0,0.0,0.0,0.0,0.0
1773802979.1979408,False,,,,,,,,,,,,,,,,,,0.0,0.0,0.0,0.0,0.0,0.0
1773802979.208194,False,,,,,,,,,,,,,,,,,,0.0,0.0,0.0,0.0,0.0,0.0
1773802979.2177985,False,,,,,,,,,,,,,,,,,,0.0,0.0,0.0,0.0,0.0,0.0
1773802979.2278867,False,,,,,,,,,,,,,,,,,,0.0,0.0,0.0,0.0,0.0,0.0
1773802979.238409,False,,,,,,,,,,,,,,,,,,0.0,0.0,0.0,0.0,0.0,0.0
1773802979.2479284,False,,,,,,,,,,,,,,,,,,0.0,0.0,0.0,0.0,0.0,0.0
1773802979.2581015,False,,,,,,,,,,,,,,,,,,0.0,0.0,0.0,0.0,0.0,0.0
1773802979.2681417,False,,,,,,,,,,,,,,,,,,0.0,0.0,0.0,0.0,0.0,0.0
1773802979.2779217,False,,,,,,,,,,,,,,,,,,0.0,0.0,0.0,0.0,0.0,0.0
1773802979.2877126,False,,,,,,,,,,,,,,,,,,0.0,0.0,0.0,0.0,0.0,0.0
1773802979.2978249,False,,,,,,,,,,,,,,,,,,0.0,0.0,0.0,0.0,0.0,0.0
1773802979.3081467,False,,,,,,,,,,,,,,,,,,0.0,0.0,0.0,0.0,0.0,0.0
1773802979.318073,False,,,,,,,,,,,,,,,,,,0.0,0.0,0.0,0.0,0.0,0.0
1773802979.3276823,False,,,,,,,,,,,,,,,,,,0.0,0.0,0.0,0.0,0.0,0.0
1773802979.3379948,False,,,,,,,,,,,,,,,,,,0.0,0.0,0.0,0.0,0.0,0.0
1773802979.3478205,False,,,,,,,,,,,,,,,,,,0.0,0.0,0.0,0.0,0.0,0.0
1773802979.35794,False,,,,,,,,,,,,,,,,,,0.0,0.0,0.0,0.0,0.0,0.0
1773802979.3680587,False,,,,,,,,,,,,,,,,,,0.0,0.0,0.0,0.0,0.0,0.0
1773802979.3780797,False,,,,,,,,,,,,,,,,,,0.0,0.0,0.0,0.0,0.0,0.0
1773802979.387809,False,,,,,,,,,,,,,,,,,,0.0,0.0,0.0,0.0,0.0,0.0
1773802979.3980181,False,,,,,,,,,,,,,,,,,,0.0,0.0,0.0,0.0,0.0,0.0
1773802979.4085166,False,,,,,,,,,,,,,,,,,,0.0,0.0,0.0,0.0,0.0,0.0
1773802979.418088,False,,,,,,,,,,,,,,,,,,0.0,0.0,0.0,0.0,0.0,0.0
1773802979.4280622,False,,,,,,,,,,,,,,,,,,0.0,0.0,0.0,0.0,0.0,0.0
1773802979.4381218,False,,,,,,,,,,,,,,,,,,0.0,0.0,0.0,0.0,0.0,0.0
1773802979.448233,False,,,,,,,,,,,,,,,,,,0.0,0.0,0.0,0.0,0.0,0.0
1773802979.4577706,False,,,,,,,,,,,,,,,,,,0.0,0.0,0.0,0.0,0.0,0.0
1773802979.467777,False,,,,,,,,,,,,,,,,,,0.0,0.0,0.0,0.0,0.0,0.0
1773802979.4777596,False,,,,,,,,,,,,,,,,,,0.0,0.0,0.0,0.0,0.0,0.0
1773802979.4880643,False,,,,,,,,,,,,,,,,,,0.0,0.0,0.0,0.0,0.0,0.0
1773802979.4980638,False,,,,,,,,,,,,,,,,,,0.0,0.0,0.0,0.0,0.0,0.0
1773802979.507634,False,,,,,,,,,,,,,,,,,,0.0,0.0,0.0,0.0,0.0,0.0
1773802979.5181553,False,,,,,,,,,,,,,,,,,,0.0,0.0,0.0,0.0,0.0,0.0
1773802979.5278146,False,,,,,,,,,,,,,,,,,,0.0,0.0,0.0,0.0,0.0,0.0
1773802979.5378778,False,,,,,,,,,,,,,,,,,,0.0,0.0,0.0,0.0,0.0,0.0
1773802979.5482316,False,,,,,,,,,,,,,,,,,,0.0,0.0,0.0,0.0,0.0,0.0
1773802979.558044,False,,,,,,,,,,,,,,,,,,0.0,0.0,0.0,0.0,0.0,0.0
1773802979.5682397,False,,,,,,,,,,,,,,,,,,0.0,0.0,0.0,0.0,0.0,0.0
1773802979.5780604,False,,,,,,,,,,,,,,,,,,0.0,0.0,0.0,0.0,0.0,0.0
1773802979.5878458,False,,,,,,,,,,,,,,,,,,0.0,0.0,0.0,0.0,0.0,0.0
1773802979.5979722,False,,,,,,,,,,,,,,,,,,0.0,0.0,0.0,0.0,0.0,0.0
1773802979.6080456,False,,,,,,,,,,,,,,,,,,0.0,0.0,0.0,0.0,0.0,0.0
1773802979.618154,False,,,,,,,,,,,,,,,,,,0.0,0.0,0.0,0.0,0.0,0.0
1773802979.6278133,False,,,,,,,,,,,,,,,,,,0.0,0.0,0.0,0.0,0.0,0.0
1773802979.6379287,False,,,,,,,,,,,,,,,,,,0.0,0.0,0.0,0.0,0.0,0.0
1773802979.6479552,False,,,,,,,,,,,,,,,,,,0.0,0.0,0.0,0.0,0.0,0.0
1773802979.6577911,False,,,,,,,,,,,,,,,,,,0.0,0.0,0.0,0.0,0.0,0.0
1773802979.6678662,False,,,,,,,,,,,,,,,,,,0.0,0.0,0.0,0.0,0.0,0.0
1773802979.677955,False,,,,,,,,,,,,,,,,,,0.0,0.0,0.0,0.0,0.0,0.0
1773802979.6880765,False,,,,,,,,,,,,,,,,,,0.0,0.0,0.0,0.0,0.0,0.0
1773802979.6978679,False,,,,,,,,,,,,,,,,,,0.0,0.0,0.0,0.0,0.0,0.0
1773802979.7079062,False,,,,,,,,,,,,,,,,,,0.0,0.0,0.0,0.0,0.0,0.0
1773802979.7176254,False,,,,,,,,,,,,,,,,,,0.0,0.0,0.0,0.0,0.0,0.0
1773802979.7282398,False,,,,,,,,,,,,,,,,,,0.0,0.0,0.0,0.0,0.0,0.0
1773802979.7379265,False,,,,,,,,,,,,,,,,,,0.0,0.0,0.0,0.0,0.0,0.0
1773802979.7480936,False,,,,,,,,,,,,,,,,,,0.0,0.0,0.0,0.0,0.0,0.0
1773802979.7576702,False,,,,,,,,,,,,,,,,,,0.0,0.0,0.0,0.0,0.0,0.0
1773802979.768121,False,,,,,,,,,,,,,,,,,,0.0,0.0,0.0,0.0,0.0,0.0
1773802979.7777853,False,,,,,,,,,,,,,,,,,,0.0,0.0,0.0,0.0,0.0,0.0
1773802979.788027,False,,,,,,,,,,,,,,,,,,0.0,0.0,0.0,0.0,0.0,0.0
1773802979.7978318,False,,,,,,,,,,,,,,,,,,0.0,0.0,0.0,0.0,0.0,0.0
1773802979.8076947,False,,,,,,,,,,,,,,,,,,0.0,0.0,0.0,0.0,0.0,0.0
1773802979.8180783,False,,,,,,,,,,,,,,,,,,0.0,0.0,0.0,0.0,0.0,0.0
1773802979.8278701,False,,,,,,,,,,,,,,,,,,0.0,0.0,0.0,0.0,0.0,0.0
1773802979.8379114,False,,,,,,,,,,,,,,,,,,0.0,0.0,0.0,0.0,0.0,0.0
1773802979.8477864,False,,,,,,,,,,,,,,,,,,0.0,0.0,0.0,0.0,0.0,0.0
1773802979.8578262,False,,,,,,,,,,,,,,,,,,0.0,0.0,0.0,0.0,0.0,0.0
1773802979.8679812,False,,,,,,,,,,,,,,,,,,0.0,0.0,0.0,0.0,0.0,0.0
1773802979.8780475,False,,,,,,,,,,,,,,,,,,0.0,0.0,0.0,0.0,0.0,0.0
1773802979.8880715,False,,,,,,,,,,,,,,,,,,0.0,0.0,0.0,0.0,0.0,0.0
1773802979.8980994,False,,,,,,,,,,,,,,,,,,0.0,0.0,0.0,0.0,0.0,0.0
1773802979.907729,False,,,,,,,,,,,,,,,,,,0.0,0.0,0.0,0.0,0.0,0.0
1773802979.9180605,False,,,,,,,,,,,,,,,,,,0.0,0.0,0.0,0.0,0.0,0.0
1773802979.927639,False,,,,,,,,,,,,,,,,,,0.0,0.0,0.0,0.0,0.0,0.0
1773802979.9381819,False,,,,,,,,,,,,,,,,,,0.0,0.0,0.0,0.0,0.0,0.0
1773802979.94778,False,,,,,,,,,,,,,,,,,,0.0,0.0,0.0,0.0,0.0,0.0
1773802979.9583218,False,,,,,,,,,,,,,,,,,,0.0,0.0,0.0,0.0,0.0,0.0
1773802979.968093,False,,,,,,,,,,,,,,,,,,0.0,0.0,0.0,0.0,0.0,0.0
1773802979.9781013,False,,,,,,,,,,,,,,,,,,0.0,0.0,0.0,0.0,0.0,0.0
1773802979.9877138,False,,,,,,,,,,,,,,,,,,0.0,0.0,0.0,0.0,0.0,0.0
1773802979.997796,False,,,,,,,,,,,,,,,,,,0.0,0.0,0.0,0.0,0.0,0.0
1773802980.0078514,False,,,,,,,,,,,,,,,,,,0.0,0.0,0.0,0.0,0.0,0.0
1773802980.0177236,False,,,,,,,,,,,,,,,,,,0.0,0.0,0.0,0.0,0.0,0.0
1773802980.0277374,False,,,,,,,,,,,,,,,,,,0.0,0.0,0.0,0.0,0.0,0.0
1773802980.037746,False,,,,,,,,,,,,,,,,,,0.0,0.0,0.0,0.0,0.0,0.0
1773802980.0479016,False,,,,,,,,,,,,,,,,,,0.0,0.0,0.0,0.0,0.0,0.0
1773802980.0579445,False,,,,,,,,,,,,,,,,,,0.0,0.0,0.0,0.0,0.0,0.0
1773802980.0679915,False,,,,,,,,,,,,,,,,,,0.0,0.0,0.0,0.0,0.0,0.0
1773802980.0780263,False,,,,,,,,,,,,,,,,,,0.0,0.0,0.0,0.0,0.0,0.0
1773802980.0879462,True,0.49268594,1773802980.0805452,334.87735,295.98233,34.16141,14.076895,-0.004786247,334.87735,295.98233,480.8866,-0.004786228647870004,0.9999885459420674,-0.004786246921867132,122.87735,175.98233,-2.2362012291217543,0.0,-0.03,-0.03,0.03,0.0,0.0,0.0
1773802980.097559,True,0.49268594,1773802980.0805452,334.87735,295.98233,34.16141,14.076895,-0.004786247,334.87735,295.98233,480.8866,-0.004786228647870004,0.9999885459420674,-0.004786246921867132,122.87735,175.98233,-2.2362012291217543,0.0,-0.03,-0.03,0.03,0.0,0.0,0.0
1773802980.1081893,True,0.49268594,1773802980.0805452,334.87735,295.98233,34.16141,14.076895,-0.004786247,334.87735,295.98233,480.8866,-0.004786228647870004,0.9999885459420674,-0.004786246921867132,122.87735,175.98233,-2.2362012291217543,0.0,-0.03,-0.03,0.03,0.0,0.0,0.0
1773802980.1178367,True,0.49268594,1773802980.0805452,334.87735,295.98233,34.16141,14.076895,-0.004786247,334.87735,295.98233,480.8866,-0.004786228647870004,0.9999885459420674,-0.004786246921867132,122.87735,175.98233,-2.2362012291217543,0.0,-0.03,-0.03,0.03,0.0,0.0,0.0
1773802980.1278784,True,0.49268594,1773802980.0805452,334.87735,295.98233,34.16141,14.076895,-0.004786247,334.87735,295.98233,480.8866,-0.004786228647870004,0.9999885459420674,-0.004786246921867132,122.87735,175.98233,-2.2362012291217543,0.0,-0.03,-0.03,0.03,0.0,0.0,0.0
1773802980.1384933,True,0.49268594,1773802980.0805452,334.87735,295.98233,34.16141,14.076895,-0.004786247,334.87735,295.98233,480.8866,-0.004786228647870004,0.9999885459420674,-0.004786246921867132,122.87735,175.98233,-2.2362012291217543,0.0,-0.03,-0.03,0.03,0.0,0.0,0.0
1773802980.1481833,True,0.49268594,1773802980.0805452,334.87735,295.98233,34.16141,14.076895,-0.004786247,334.87735,295.98233,480.8866,-0.004786228647870004,0.9999885459420674,-0.004786246921867132,122.87735,175.98233,-2.2362012291217543,0.0,-0.03,-0.03,0.03,0.0,0.0,0.0
1773802980.1580572,True,0.49268594,1773802980.0805452,334.87735,295.98233,34.16141,14.076895,-0.004786247,334.87735,295.98233,480.8866,-0.004786228647870004,0.9999885459420674,-0.004786246921867132,122.87735,175.98233,-2.2362012291217543,0.0,-0.03,-0.03,0.03,0.0,0.0,0.0
1773802980.1681123,True,0.49268594,1773802980.0805452,334.87735,295.98233,34.16141,14.076895,-0.004786247,334.87735,295.98233,480.8866,-0.004786228647870004,0.9999885459420674,-0.004786246921867132,122.87735,175.98233,-2.2362012291217543,0.0,-0.03,-0.03,0.03,0.0,0.0,0.0
1773802980.17816,True,0.49268594,1773802980.0805452,334.87735,295.98233,34.16141,14.076895,-0.004786247,334.87735,295.98233,480.8866,-0.004786228647870004,0.9999885459420674,-0.004786246921867132,122.87735,175.98233,-2.2362012291217543,0.0,-0.03,-0.03,0.03,0.0,0.0,0.0
1773802980.1878114,True,0.49268594,1773802980.0805452,334.87735,295.98233,34.16141,14.076895,-0.004786247,334.87735,295.98233,480.8866,-0.004786228647870004,0.9999885459420674,-0.004786246921867132,122.87735,175.98233,-2.2362012291217543,0.0,-0.03,-0.03,0.03,0.0,0.0,0.0
1773802980.1979556,True,0.53332376,1773802980.194336,363.6969,297.08353,37.135406,15.165768,0.009165873,340.64127,296.20258,505.5767,-0.0006006367101573256,0.9999793802639926,-0.0006006490231491939,128.64127,176.20258,-2.186132947377089,0.0,-0.03,-0.03,0.03,0.0,0.0,0.0
1773802980.2078567,True,0.53332376,1773802980.194336,363.6969,297.08353,37.135406,15.165768,0.009165873,345.2524,296.37878,522.85974,0.0023292776462415492,0.9999729642893402,0.002329336408767358,133.25241,176.37878,-2.1525194435502097,0.0,-0.03,-0.03,0.03,0.0,0.0,0.0
1773802980.2180347,True,0.53332376,1773802980.194336,363.6969,297.08353,37.135406,15.165768,0.009165873,348.9413,296.51974,534.9579,0.004380217695720762,0.9999684731070836,0.004380327779001106,136.94131,176.51974,-2.1296446780545804,0.0,-0.03,-0.03,0.03,0.0,0.0,0.0
1773802980.2278428,True,0.53332376,1773802980.194336,363.6969,297.08353,37.135406,15.165768,0.009165873,351.89243,296.6325,543.42664,0.00581587573035621,0.9999653292795039,0.005816011799603432,139.89243,176.6325,-2.113937947842628,0.0,-0.03,-0.03,0.03,0.0,0.0,0.0
1773802980.2379272,True,0.53332376,1773802980.194336,363.6969,297.08353,37.135406,15.165768,0.009165873,354.25333,296.72272,549.35474,0.006820836354601024,0.9999631286001981,0.006820982071815371,142.25333,176.72272,-2.103088307546896,0.0,-0.03,-0.03,0.03,0.0,0.0,0.0
1773802980.247974,True,0.53332376,1773802980.194336,363.6969,297.08353,37.135406,15.165768,0.009165873,356.14206,296.7949,553.5044,0.007524308791572393,0.999961588124684,0.007524455817139566,144.14206,176.79489,-2.095562960848553,0.0,-0.03,-0.03,0.03,0.0,0.0,0.0
1773802980.2581947,True,0.53332376,1773802980.194336,363.6969,297.08353,37.135406,15.165768,0.009165873,357.65305,296.85263,556.4092,0.008016739497452352,0.9999605097918243,0.00801688433870433,145.65305,176.85263,-2.0903287300187072,0.0,-0.03,-0.03,0.03,0.0,0.0,0.0
1773802980.268088,True,0.53332376,1773802980.194336,363.6969,297.08353,37.135406,15.165768,0.009165873,358.86182,296.8988,558.4425,0.008361440991568323,0.9999597549588224,0.008361582636549193,146.86182,176.8988,-2.086681037819653,0.0,-0.03,-0.03,0.03,0.0,0.0,0.0
1773802980.2782953,True,0.53332376,1773802980.194336,363.6969,297.08353,37.135406,15.165768,0.009165873,359.82883,296.93576,559.86584,0.008602732037449504,0.9999592265757211,0.00860287057726675,147.82883,176.93576,-2.084135499207569,0.0,-0.03,-0.03,0.03,0.0,0.0,0.0
1773802980.2878613,True,0.53332376,1773802980.194336,363.6969,297.08353,37.135406,15.165768,0.009165873,360.60245,296.96533,560.8622,0.008771635769566329,0.9999588567075501,0.008771771693128611,148.60245,176.96533,-2.0823574757837684,0.0,-0.03,-0.03,0.03,0.0,0.0,0.0
1773802980.297936,True,0.53332376,1773802980.194336,363.6969,297.08353,37.135406,15.165768,0.009165873,361.22134,296.98898,561.5596,0.008889868382048107,0.9999585977998305,0.008890002251359283,149.22134,176.98898,-2.0811147914631016,0.0,-0.03,-0.03,0.03,0.0,0.0,0.0
1773802980.3080206,True,0.6588382,1773802980.3049781,376.13583,294.40564,36.143963,16.82716,0.016671462,364.20425,296.47232,575.55176,0.011224114784663973,0.9999293287787838,0.011224436657507634,152.20425,176.47232,-2.0565035069376627,0.0,-0.03,-0.03,0.03,0.0,0.0,0.0
1773802980.3182335,True,0.6588382,1773802980.3049781,376.13583,294.40564,36.143963,16.82716,0.016671462,366.59058,296.059,585.3463,0.01285808726649508,0.9999088404640513,0.012858550776177535,154.59058,176.05899,-2.039629005771313,0.0,-0.03,-0.03,0.03,0.0,0.0,0.0
1773802980.3281398,True,0.6588382,1773802980.3049781,376.13583,294.40564,36.143963,16.82716,0.016671462,368.49963,295.72833,592.2025,0.014001868003776854,0.9998944986437384,0.014002430160867487,156.49963,175.72833,-2.0279840142201317,0.0,-0.03,-0.03,0.03,0.0,0.0,0.0
1773802980.3380532,True,0.6588382,1773802980.3049781,376.13583,294.40564,36.143963,16.82716,0.016671462,370.0269,295.4638,597.00183,0.014802514519874098,0.9998844593695193,0.014803143628518848,158.02689,175.4638,-2.0199124500497283,0.0,-0.03,-0.03,0.03,0.0,0.0,0.0
1773802980.3481145,True,0.6588382,1773802980.3049781,376.13583,294.40564,36.143963,16.82716,0.016671462,371.2487,295.25217,600.3613,0.015362967081142168,0.9998774318775661,0.015363641388987019,159.24869,175.25217,-2.014300993718877,0.0,-0.03,-0.03,0.03,0.0,0.0,0.0
1773802980.3586814,True,0.6588382,1773802980.3049781,376.13583,294.40564,36.143963,16.82716,0.016671462,372.22614,295.08286,602.713,0.015755283874029816,0.9998725126331989,0.015755988786022277,160.22614,175.08286,-2.01039151494558,0.0,-0.03,-0.03,0.03,0.0,0.0,0.0
1773802980.3677456,True,0.8962102,1773802980.3662424,377.34692,296.7889,36.389748,16.472757,0.03327261,373.2503,295.42407,601.73096,0.021008639798584524,0.9997447141850329,0.02101091201505711,161.2503,175.42407,-2.0120222941135495,0.0,-0.03,-0.03,0.03,0.0,0.0,0.0
1773802980.3778398,True,0.8962102,1773802980.3662424,377.34692,296.7889,36.389748,16.472757,0.03327261,374.06964,295.69705,601.0435,0.02468598894577282,0.9996552552713166,0.024689484360166082,162.06964,175.69705,-2.0131652900879793,0.0,-0.03,-0.03,0.03,0.0,0.0,0.0
1773802980.3877702,True,0.8962102,1773802980.3662424,377.34692,296.7889,36.389748,16.472757,0.03327261,374.7251,295.91544,600.5623,0.027260133348804626,0.9995926340317153,0.027264485011199147,162.7251,175.91544,-2.013966310463523,0.0,-0.03,-0.03,0.03,0.0,0.0,0.0
1773802980.397845,True,0.8962102,1773802980.3662424,377.34692,296.7889,36.389748,16.472757,0.03327261,375.24948,296.09012,600.22546,0.029062034430926892,0.9995487991639943,0.02906696428308307,163.24948,176.09012,-2.014527306198172,0.0,-0.03,-0.03,0.03,0.0,0.0,0.0
1773802980.4079802,True,0.8962102,1773802980.3662424,377.34692,296.7889,36.389748,16.472757,0.03327261,375.66898,296.2299,599.9896,0.030323365188412478,0.9995181147565897,0.030328682126111093,163.66898,176.22989,-2.014920291137224,0.0,-0.03,-0.03,0.03,0.0,0.0,0.0
1773802980.418053,True,0.8962102,1773802980.3662424,377.34692,296.7889,36.389748,16.472757,0.03327261,376.00458,296.3417,599.8246,0.03120629671865239,0.9994966356714065,0.031211873476609767,164.00458,176.3417,-2.015195371901318,0.0,-0.03,-0.03,0.03,0.0,0.0,0.0
1773802980.4280958,True,0.87922794,1773802980.4247808,378.40952,297.94623,37.789013,15.853201,0.031019576,376.4856,296.6626,599.6002,0.031148788169370424,0.9995033244295173,0.031154183542787907,164.4856,176.6626,-2.0155694958563237,0.0,-0.03,-0.03,0.03,0.0,0.0,0.0
1773802980.4377534,True,0.87922794,1773802980.4247808,378.40952,297.94623,37.789013,15.853201,0.031019576,376.8704,296.9193,599.44324,0.03110853218487305,0.9995080065601949,0.031113800925082234,164.87039,176.91931,-2.015831443558654,0.0,-0.03,-0.03,0.03,0.0,0.0,0.0
1773802980.4482358,True,0.87922794,1773802980.4247808,378.40952,297.94623,37.789013,15.853201,0.031019576,377.17822,297.1247,599.3333,0.031080352995724887,0.9995112840516691,0.03108553325739334,165.17822,177.1247,-2.016014803032507,0.0,-0.03,-0.03,0.03,0.0,0.0,0.0
1773802980.4579601,True,0.87922794,1773802980.4247808,378.40952,297.94623,37.789013,15.853201,0.031019576,377.4245,297.289,599.25635,0.03106062756332117,0.9995135782957012,0.031065745970744026,165.4245,177.289,-2.016143252999631,0.0,-0.03,-0.03,0.03,0.0,0.0,0.0
1773802980.4677975,True,0.87922794,1773802980.4247808,378.40952,297.94623,37.789013,15.853201,0.031019576,377.62152,297.42044,599.2025,0.031046819760638573,0.9995151842665235,0.031051894909658047,165.62152,177.42044,-2.016232998742839,0.0,-0.03,-0.03,0.03,0.0,0.0,0.0
1773802980.4780934,True,0.87922794,1773802980.4247808,378.40952,297.94623,37.789013,15.853201,0.031019576,377.77914,297.5256,599.1648,0.031037154298760753,0.9995163084460992,0.031042199186289667,165.77914,177.5256,-2.0162960046189133,0.0,-0.03,-0.03,0.03,0.0,0.0,0.0
1773802980.4882731,True,0.8044634,1773802980.487227,379.54446,297.96295,38.187775,15.374496,0.019287206,378.13223,297.6131,595.55066,0.02751181114707808,0.9996056181933752,0.027515719295811168,166.13223,177.6131,-2.022346237904626,0.0,-0.03,-0.03,0.03,0.0,0.0,0.0
1773802980.4975445,True,0.8044634,1773802980.487227,379.54446,297.96295,38.187775,15.374496,0.019287206,378.4147,297.68307,593.0208,0.025044070940900207,0.9996681350164685,0.02504714578042886,166.4147,177.68307,-2.0266032194911565,0.0,-0.03,-0.03,0.03,0.0,0.0,0.0
1773802980.507985,True,0.8044634,1773802980.487227,379.54446,297.96295,38.187775,15.374496,0.019287206,378.6407,297.73907,591.2499,0.023316652796575698,0.9997118967926337,0.023319144567752102,166.64069,177.73907,-2.029593971346538,0.0,-0.03,-0.03,0.03,0.0,0.0,0.0
1773802980.5180242,True,0.8044634,1773802980.487227,379.54446,297.96295,38.187775,15.374496,0.019287206,378.82147,297.78387,590.01025,0.02210746009554854,0.9997425300359493,0.022109550243715567,166.82147,177.78387,-2.0316927187952545,0.0,-0.03,-0.03,0.03,0.0,0.0,0.0
1773802980.5280855,True,0.8044634,1773802980.487227,379.54446,297.96295,38.187775,15.374496,0.019287206,378.9661,297.8197,589.1425,0.02126102520482953,0.9997639733062702,0.02126283961032188,166.9661,177.8197,-2.033164558293033,0.0,-0.03,-0.03,0.03,0.0,0.0,0.0
1773802980.5381138,True,0.8044634,1773802980.487227,379.54446,297.96295,38.187775,15.374496,0.019287206,379.0818,297.84836,588.5351,0.020668520781326225,0.9997789835954949,0.020670145563017515,167.08179,177.84836,-2.034196170597175,0.0,-0.03,-0.03,0.03,0.0,0.0,0.0
1773802980.5484712,True,0.8044634,1773802980.487227,379.54446,297.96295,38.187775,15.374496,0.019287206,379.17435,297.87128,588.10986,0.02025376768487391,0.9997894907979521,0.02025526165234865,167.17435,177.87128,-2.0349188987409055,0.0,-0.03,-0.03,0.03,0.0,0.0,0.0
1773802980.5580337,True,0.8044634,1773802980.487227,379.54446,297.96295,38.187775,15.374496,0.019287206,379.24838,297.88962,587.81226,0.01996344051735729,0.9997968458396722,0.019964843945496216,167.24838,177.88962,-2.0354250395580755,0.0,-0.03,-0.03,0.03,0.0,0.0,0.0
1773802980.5683908,True,0.8044634,1773802980.487227,379.54446,297.96295,38.187775,15.374496,0.019287206,379.30762,297.9043,587.6039,0.019760211500095656,0.9998019943688763,0.019761552086096576,167.30762,177.9043,-2.0357796503809813,0.0,-0.03,-0.03,0.03,0.0,0.0,0.0
1773802980.5779028,True,0.8044634,1773802980.487227,379.54446,297.96295,38.187775,15.374496,0.019287206,379.355,297.91602,587.45807,0.019617951188012513,0.9998055983393193,0.019619248057286813,167.35501,177.91602,-2.0360277701672733,0.0,-0.03,-0.03,0.03,0.0,0.0,0.0
1773802980.5879683,True,0.8044634,1773802980.487227,379.54446,297.96295,38.187775,15.374496,0.019287206,379.3929,297.9254,587.35596,0.019518368969554313,0.9998081211186292,0.019519635374353157,167.39291,177.92542,-2.0362016276526327,0.0,-0.03,-0.03,0.03,0.0,0.0,0.0
1773802980.5977728,True,0.5471583,1773802980.5957415,392.11313,286.7099,41.40538,18.502222,0.008684725,381.93698,295.6823,640.9766,0.01626824289758301,0.9998543711880239,0.016269176807147276,169.93698,175.68231,-1.9488397127961024,0.0,-0.03,-0.03,0.03,0.0,0.0,0.0
1773802980.6078203,True,0.5471583,1773802980.5957415,392.11313,286.7099,41.40538,18.502222,0.008684725,383.97223,293.88782,678.5111,0.013993154647203097,0.9998867462366003,0.013993826075462483,171.97223,173.88782,-1.891931828927223,0.0,-0.03,-0.03,0.03,0.0,0.0,0.0
1773802980.6178575,True,0.5471583,1773802980.5957415,392.11313,286.7099,41.40538,18.502222,0.008684725,385.60043,292.45224,704.7852,0.012400592871937158,0.9999094087706037,0.012401080612058187,173.60043,172.45224,-1.8539395713832831,0.0,-0.03,-0.03,0.03,0.0,0.0,0.0
1773802980.6281276,True,0.5471583,1773802980.5957415,392.11313,286.7099,41.40538,18.502222,0.008684725,386.90298,291.30377,723.1771,0.011285799629251001,0.9999252725444061,0.011286163825863418,174.90298,171.30377,-1.8281784939226828,0.0,-0.03,-0.03,0.03,0.0,0.0,0.0
1773802980.6382477,True,0.5471583,1773802980.5957415,392.11313,286.7099,41.40538,18.502222,0.008684725,387.94504,290.385,736.05145,0.010505444359370692,0.9999363771860679,0.010505726264100464,175.94504,170.38501,-1.8105326374757378,0.0,-0.03,-0.03,0.03,0.0,0.0,0.0
1773802980.6478953,True,0.5471583,1773802980.5957415,392.11313,286.7099,41.40538,18.502222,0.008684725,388.7787,289.65,745.0635,0.009959195670454475,0.9999441504352311,0.009959422613161167,176.77869,169.65,-1.798363247968931,0.0,-0.03,-0.03,0.03,0.0,0.0,0.0
1773802980.6578996,True,0.5471583,1773802980.5957415,392.11313,286.7099,41.40538,18.502222,0.008684725,389.4456,289.06198,751.3719,0.009576821588213123,0.9999495917096453,0.009577011554555702,177.44559,169.06198,-1.7899319332461847,0.0,-0.03,-0.03,0.03,0.0,0.0,0.0
1773802980.6680033,True,0.5471583,1773802980.5957415,392.11313,286.7099,41.40538,18.502222,0.008684725,389.97913,288.59155,755.7878,0.009309159730644178,0.9999534006017352,0.009309324616484057,177.97913,168.59155,-1.7840720797091383,0.0,-0.03,-0.03,0.03,0.0,0.0,0.0
1773802980.6780329,True,0.5471583,1773802980.5957415,392.11313,286.7099,41.40538,18.502222,0.008684725,390.40594,288.2152,758.8789,0.009121796430345917,0.9999560668261982,0.00912194417708309,178.40594,168.21521,-1.7799904119358563,0.0,-0.03,-0.03,0.03,0.0,0.0,0.0
1773802980.6878512,True,0.5471583,1773802980.5957415,392.11313,286.7099,41.40538,18.502222,0.008684725,390.7474,287.91415,761.04266,0.008990642120137133,0.9999579331833224,0.008990778082118692,178.7474,167.91415,-1.7771432394874738,0.0,-0.03,-0.03,0.03,0.0,0.0,0.0
1773802980.6979053,True,0.5471583,1773802980.5957415,392.11313,286.7099,41.40538,18.502222,0.008684725,391.02057,287.6733,762.5573,0.008898834102990985,0.9999592396333092,0.008898961922625877,179.02057,167.67331,-1.775154995942589,0.0,-0.03,-0.03,0.03,0.0,0.0,0.0
1773802980.7078123,True,0.8543424,1773802980.705113,395.58975,274.30057,41.195145,20.514927,0.030807884,391.93442,284.99878,787.3247,0.01547008723667441,0.9998291101421829,0.015471496794974742,179.93442,164.99878,-1.7431919276405796,0.0,-0.03,-0.03,0.03,0.0,0.0,0.0
1773802980.7179444,True,0.8543424,1773802980.705113,395.58975,274.30057,41.195145,20.514927,0.030807884,392.6655,282.85913,804.66187,0.020069964430252808,0.9997380194983945,0.020072527529899242,180.6655,162.85913,-1.7214105701402238,0.0,-0.03,-0.03,0.03,0.0,0.0,0.0
1773802980.7280555,True,0.8543424,1773802980.705113,395.58975,274.30057,41.195145,20.514927,0.030807884,393.25037,281.14743,816.7979,0.023289878465757682,0.9996742560477425,0.023293253776118503,181.25037,161.14743,-1.706440992445723,0.0,-0.03,-0.03,0.03,0.0,0.0,0.0
1773802980.7382407,True,0.8543424,1773802980.705113,395.58975,274.30057,41.195145,20.514927,0.030807884,393.71826,279.77808,825.29315,0.025543818290611094,0.9996296216322862,0.025547723007248512,181.71826,159.77808,-1.6960939788246587,0.0,-0.03,-0.03,0.03,0.0,0.0,0.0
1773802980.7478273,True,0.8543424,1773802980.705113,395.58975,274.30057,41.195145,20.514927,0.030807884,394.09256,278.6826,831.2398,0.027121576168008484,0.9995983775414667,0.02712581807037535,182.09256,158.68259,-1.6889143848285897,0.0,-0.03,-0.03,0.03,0.0,0.0,0.0
1773802980.7581015,True,0.8543424,1773802980.705113,395.58975,274.30057,41.195145,20.514927,0.030807884,394.392,277.80618,835.40247,0.02822600668218666,0.9995765066778931,0.02823046337254556,182.392,157.80618,-1.6839190357191003,0.0,-0.03,-0.03,0.03,0.0,0.0,0.0
1773802980.7681828,True,0.7449444,1773802980.7641823,394.15994,266.86874,41.62627,17.794085,0.029378766,394.3456,275.6187,806.9922,0.028570566732300497,0.999574097200822,0.028574960238589717,182.34561,155.61871,-1.7185186692486343,0.0,-0.03,-0.03,0.03,0.0,0.0,0.0
1773802980.7778919,True,0.7449444,1773802980.7641823,394.15994,266.86874,41.62627,17.794085,0.029378766,394.3085,273.8687,787.105,0.02881175876738018,0.9995724105668722,0.0288161050012681,182.3085,153.86871,-1.7434710636088226,0.0,-0.03,-0.03,0.03,0.0,0.0,0.0
1773802980.7877553,True,0.7449444,1773802980.7641823,394.15994,266.86874,41.62627,17.794085,0.029378766,394.2788,272.46872,773.18384,0.02898059319193596,0.9995712299231074,0.02898490482642438,182.27881,152.46872,-1.7613158416247867,0.0,-0.03,-0.03,0.03,0.0,0.0,0.0
1773802980.7981877,True,0.7449444,1773802980.7641823,394.15994,266.86874,41.62627,17.794085,0.029378766,394.25507,271.34872,763.4391,0.029098777289125008,0.9995704034724722,0.02910306395880141,182.25507,151.34872,-1.7739993230955569,0.0,-0.03,-0.03,0.03,0.0,0.0,0.0
1773802980.807787,True,0.7449444,1773802980.7641823,394.15994,266.86874,41.62627,17.794085,0.029378766,394.23605,270.45273,756.6178,0.02918150615715734,0.9995698249570273,0.029185774984257187,182.23605,150.45273,-1.7829744777145249,0.0,-0.03,-0.03,0.03,0.0,0.0,0.0
1773802980.818382,True,0.7449444,1773802980.7641823,394.15994,266.86874,41.62627,17.794085,0.029378766,394.22086,269.73593,751.8429,0.029239416364779974,0.999569419996216,0.02924367252144307,182.22086,149.73593,-1.7893052817304487,0.0,-0.03,-0.03,0.03,0.0,0.0,0.0
1773802980.8279538,True,0.8312105,1773802980.826907,391.51926,265.48047,41.21512,16.980858,0.03403005,393.68054,268.88483,736.2505,0.030674636165938164,0.9995249041141852,0.030679587272733087,181.68054,148.88483,-1.8102622854453259,0.0,-0.03,-0.03,0.03,0.0,0.0,0.0
1773802980.8382668,True,0.8312105,1773802980.826907,391.51926,265.48047,41.21512,16.980858,0.03403005,393.2483,268.20395,725.3357,0.031679290026748894,0.9994937429967636,0.03168472875387478,181.24829,148.20395,-1.8251980904173193,0.0,-0.03,-0.03,0.03,0.0,0.0,0.0
1773802980.8483145,True,0.8312105,1773802980.826907,391.51926,265.48047,41.21512,16.980858,0.03403005,392.9025,267.65924,717.69543,0.032382547729316404,0.9994719302145685,0.03238832709650227,180.9025,147.65924,-1.8357873890155718,0.0,-0.03,-0.03,0.03,0.0,0.0,0.0
1773802980.858429,True,0.8312105,1773802980.826907,391.51926,265.48047,41.21512,16.980858,0.03403005,392.62585,267.22348,712.3472,0.03287482812111366,0.9994566612670319,0.03288084516393727,180.62585,147.22348,-1.8432671876471387,0.0,-0.03,-0.03,0.03,0.0,0.0,0.0
1773802980.8682828,True,0.8312105,1773802980.826907,391.51926,265.48047,41.21512,16.980858,0.03403005,392.40454,266.87488,708.6035,0.03321942439537175,0.9994459730037564,0.03322560728439979,180.40454,146.87488,-1.8485364790728818,0.0,-0.03,-0.03,0.03,0.0,0.0,0.0
1773802980.8782456,True,0.8312105,1773802980.826907,391.51926,265.48047,41.21512,16.980858,0.03403005,392.2275,266.596,705.9829,0.033460641787352405,0.9994384912194636,0.03346694045976594,180.22751,146.59601,-1.8522416684377994,0.0,-0.03,-0.03,0.03,0.0,0.0,0.0
1773802980.8882608,True,0.8068056,1773802980.8832603,386.94867,265.3953,42.486073,16.70371,0.02494479,391.17175,266.35587,707.0906,0.030905110102132854,0.9995136123133123,0.030910301136338414,179.17175,146.35587,-1.8506739007084871,0.0,-0.03,-0.03,0.03,0.0,0.0,0.0
1773802980.8983407,True,0.8068056,1773802980.8832603,386.94867,265.3953,42.486073,16.70371,0.02494479,390.32715,266.16376,707.86597,0.02911623792247917,0.9995661970790064,0.029120639772651308,178.32715,146.16376,-1.8495779523327056,0.0,-0.03,-0.03,0.03,0.0,0.0,0.0
1773802980.908285,True,0.8068056,1773802980.8832603,386.94867,265.3953,42.486073,16.70371,0.02494479,389.65146,266.01007,708.4087,0.02786402739672159,0.9996030064149922,0.027867877151253686,177.65146,146.01007,-1.8488115119654638,0.0,-0.03,-0.03,0.03,0.0,0.0,0.0
1773802980.9182587,True,0.8068056,1773802980.8832603,386.94867,265.3953,42.486073,16.70371,0.02494479,389.1109,265.88712,708.7886,0.026987480028691283,0.9996287729501824,0.02699094591946352,177.1109,145.88712,-1.8482754286998897,0.0,-0.03,-0.03,0.03,0.0,0.0,0.0
1773802980.9282947,True,0.8068056,1773802980.8832603,386.94867,265.3953,42.486073,16.70371,0.02494479,388.67847,265.78876,709.05457,0.02637389687107007,0.9996468095248154,0.02637709616965513,176.67847,145.78876,-1.8479001994800477,0.0,-0.03,-0.03,0.03,0.0,0.0,0.0
1773802980.9378195,True,0.8068056,1773802980.8832603,386.94867,265.3953,42.486073,16.70371,0.02494479,388.33252,265.71008,709.2407,0.025944388660735222,0.9996594351270586,0.02594740266693206,176.33252,145.71008,-1.8476377078657906,0.0,-0.03,-0.03,0.03,0.0,0.0,0.0
1773802980.9478164,True,0.8977587,1773802980.9449093,383.6532,266.23322,41.915245,16.714876,0.028426489,387.39667,265.8147,706.65094,0.026687870244431908,0.9996404029604912,0.02669113036903115,175.39667,145.8147,-1.8512958164661595,0.0,-0.03,-0.03,0.03,0.0,0.0,0.0
1773802980.9578705,True,0.8977587,1773802980.9449093,383.6532,266.23322,41.915245,16.714876,0.028426489,386.64798,265.8984,704.8381,0.027208307353019587,0.9996270804438939,0.027211739086714388,174.64798,145.8984,-1.8538646016827092,0.0,-0.03,-0.03,0.03,0.0,0.0,0.0
1773802980.967955,True,0.8977587,1773802980.9449093,383.6532,266.23322,41.915245,16.714876,0.028426489,386.04904,265.9654,703.5691,0.027572613329030965,0.9996177546822759,0.027576164683830187,174.04904,145.9654,-1.8556665712528817,0.0,-0.03,-0.03,0.03,0.0,0.0,0.0
1773802980.9781604,True,0.8977587,1773802980.9449093,383.6532,266.23322,41.915245,16.714876,0.028426489,385.5699,266.01898,702.6808,0.027827627512238926,0.9996112266491433,0.027831262294171336,173.56989,146.01898,-1.8569299992758088,0.0,-0.03,-0.03,0.03,0.0,0.0,0.0
1773802980.9883225,True,0.8977587,1773802980.9449093,383.6532,266.23322,41.915245,16.714876,0.028426489,385.18655,266.06183,702.059,0.028006137440484496,0.9996066570259504,0.02800983045006571,173.18655,146.06183,-1.8578151968022434,0.0,-0.03,-0.03,0.03,0.0,0.0,0.0
1773802980.997874,True,0.8977587,1773802980.9449093,383.6532,266.23322,41.915245,16.714876,0.028426489,384.8799,266.09613,701.6238,0.0281310943902564,0.9996034582897154,0.028134828068166952,172.87991,146.09613,-1.8584353589709706,0.0,-0.03,-0.03,0.03,0.0,0.0,0.0
1773802981.0079622,True,0.88303673,1773802980.999884,380.83563,267.77237,42.934273,18.808868,0.033237595,384.07104,266.4314,733.40015,0.029661208766661347,0.9995567253984914,0.029665657160876793,172.07104,146.4314,-1.8141411937308396,0.0,-0.03,-0.03,0.03,0.0,0.0,0.0
1773802981.018022,True,0.88303673,1773802980.999884,380.83563,267.77237,42.934273,18.808868,0.033237595,383.42395,266.6996,755.6436,0.03073228883014481,0.9995240123746345,0.030737240370313758,171.42395,146.69958,-1.7842628508412355,0.0,-0.03,-0.03,0.03,0.0,0.0,0.0
1773802981.0278788,True,0.88303673,1773802980.999884,380.83563,267.77237,42.934273,18.808868,0.033237595,382.9063,266.91412,771.21405,0.03148204487458323,0.9995011132579347,0.03148734848371205,170.90631,146.91412,-1.763866671688575,0.0,-0.03,-0.03,0.03,0.0,0.0,0.0
1773802981.0381238,True,0.88303673,1773802980.999884,380.83563,267.77237,42.934273,18.808868,0.033237595,382.4922,267.08575,782.1134,0.03200687410569013,0.9994850838762448,0.03201242357404632,170.49219,147.08575,-1.7498329671031063,0.0,-0.03,-0.03,0.03,0.0,0.0,0.0
1773802981.0481658,True,0.88303673,1773802980.999884,380.83563,267.77237,42.934273,18.808868,0.033237595,382.1609,267.22308,789.7429,0.032374254567464955,0.999473863309062,0.032379975668995475,170.16089,147.22308,-1.7401252050022449,0.0,-0.03,-0.03,0.03,0.0,0.0,0.0
1773802981.0581706,True,0.8613897,1773802981.0571706,380.6736,267.78183,44.784904,18.160648,0.039027285,381.86346,267.33484,796.8169,0.03436719169342021,0.9994032639697042,0.0343741670304251,169.86346,147.33484,-1.7312077500556693,0.0,-0.03,-0.03,0.03,0.0,0.0,0.0
1773802981.068129,True,0.8613897,1773802981.0571706,380.6736,267.78183,44.784904,18.160648,0.039027285,381.62552,267.42426,801.7687,0.035762247681588887,0.9993538444321538,0.03577010682896868,169.62552,147.42426,-1.7250125533951877,-0.03577010682896864,-0.03,-0.03,0.03,0.0,0.0,-0.0003577010682896864
1773802981.0783226,True,0.8613897,1773802981.0571706,380.6736,267.78183,44.784904,18.160648,0.039027285,381.43515,267.4958,805.2349,0.036738786873306964,0.9993192507558685,0.03674726417651816,169.43515,147.49579,-1.720698572898822,-0.03674726417651808,-0.03,-0.03,0.03,0.0,0.0,-0.0003674726417651808
1773802981.0880225,True,0.8613897,1773802981.0571706,380.6736,267.78183,44.784904,18.160648,0.039027285,381.28287,267.55298,807.6613,0.037422364307509615,0.9992950351824688,0.037431272911319154,169.28287,147.55298,-1.7176898299818322,-0.03743127291131909,-0.03,-0.03,0.03,0.0,0.0,-0.0003743127291131909
1773802981.0982704,True,0.8613897,1773802981.0571706,380.6736,267.78183,44.784904,18.160648,0.039027285,381.16104,267.59875,809.3598,0.03790086851145147,0.999278084281089,0.03791007793837354,169.16104,147.59875,-1.7155891246907828,-0.03791007793837364,-0.03,-0.03,0.03,0.0,0.0,-0.0003791007793837364
1773802981.1083817,True,0.8613897,1773802981.0571706,380.6736,267.78183,44.784904,18.160648,0.039027285,381.06357,267.63538,810.54877,0.03823582145421077,0.9992662186501231,0.03824524078831115,169.06357,147.63538,-1.7141211943853025,-0.03824524078831093,-0.03,-0.03,0.03,0.0,0.0,-0.0003824524078831093
1773802981.1180267,True,0.8613897,1773802981.0571706,380.6736,267.78183,44.784904,18.160648,0.039027285,380.9856,267.66467,811.38104,0.038470288514142276,0.999257912708447,0.03847985440873422,168.9856,147.66467,-1.7130948989922254,-0.03847985440873414,-0.03,-0.03,0.03,0.0,0.0,-0.00038479854408734137
1773802981.127886,True,0.89728606,1773802981.1180267,381.10342,267.19812,41.655716,17.285255,0.030145569,381.00916,267.57138,783.97565,0.03597150290678682,0.9993442359210545,0.03597957361915657,169.00916,147.57138,-1.7474547388010213,-0.03597957361915638,-0.03,-0.03,0.03,0.0,0.0,-0.0003597957361915638
1773802981.1379416,True,0.89728606,1773802981.1180267,381.10342,267.19812,41.655716,17.285255,0.030145569,381.028,267.49673,764.7919,0.034222352981638005,0.9994046621698797,0.0342293644400943,169.02802,147.49673,-1.7722289461030127,0.0,-0.03,-0.03,0.03,0.0,0.0,0.0
1773802981.1480248,True,0.89728606,1773802981.1180267,381.10342,267.19812,41.655716,17.285255,0.030145569,381.0431,267.437,751.3632,0.03299794803403383,0.9994469605440574,0.03300421848115114,169.04309,147.43701,-1.7899435349973354,0.0,-0.03,-0.03,0.03,0.0,0.0,0.0
1773802981.1579967,True,0.89728606,1773802981.1180267,381.10342,267.19812,41.655716,17.285255,0.030145569,381.05518,267.38925,741.96313,0.032140864570710914,0.9994765694059817,0.032146618820524685,169.05518,147.38925,-1.8025331396016826,0.0,-0.03,-0.03,0.03,0.0,0.0,0.0
1773802981.168215,True,0.89728606,1773802981.1180267,381.10342,267.19812,41.655716,17.285255,0.030145569,381.06482,267.35104,735.3831,0.03154090614638487,0.9994972956093288,0.03154630107104417,169.06482,147.35104,-1.811441056353096,0.0,-0.03,-0.03,0.03,0.0,0.0,0.0
1773802981.1779013,True,0.5329543,1773802981.1752524,382.2336,264.0792,43.030907,16.943302,0.015573595,381.29858,266.6967,733.4939,0.02675052386197886,0.9996117271339542,0.026754528897045847,169.29858,146.69669,-1.8140133819047803,0.0,-0.03,-0.03,0.03,0.0,0.0,0.0
1773802981.1881886,True,0.5329543,1773802981.1752524,382.2336,264.0792,43.030907,16.943302,0.015573595,381.4856,266.1732,732.17145,0.023397256262894656,0.9996918292011919,0.023400196825285977,169.4856,146.17319,-1.815817973258294,0.0,-0.03,-0.03,0.03,0.0,0.0,0.0
1773802981.19825,True,0.5329543,1773802981.1752524,382.2336,264.0792,43.030907,16.943302,0.015573595,381.6352,265.7544,731.2457,0.021049968943535714,0.9997479006482584,0.0210521663512103,169.6352,145.7544,-1.8170830909745967,0.0,-0.03,-0.03,0.03,0.0,0.0,0.0
1773802981.207762,True,0.5329543,1773802981.1752524,382.2336,264.0792,43.030907,16.943302,0.015573595,381.75488,265.41934,730.5977,0.019406867819984453,0.9997871506612048,0.019408562052618657,169.75488,145.41934,-1.8179696725426198,0.0,-0.03,-0.03,0.03,0.0,0.0,0.0
1773802981.2178044,True,0.5329543,1773802981.1752524,382.2336,264.0792,43.030907,16.943302,0.015573595,381.85062,265.1513,730.1441,0.01825669703349857,0.9998146256702674,0.018258052899882464,169.85062,145.1513,-1.8185907660258593,0.0,-0.03,-0.03,0.03,0.0,0.0,0.0
1773802981.2278953,True,0.5329543,1773802981.1752524,382.2336,264.0792,43.030907,16.943302,0.015573595,381.92722,264.9369,729.82654,0.017451577482958454,0.9998338581766112,0.017452705172332605,169.92722,144.93689,-1.8190258070428682,0.0,-0.03,-0.03,0.03,0.0,0.0,0.0
1773802981.237692,True,0.44094595,1773802981.2324357,379.10703,263.7944,40.807884,16.795494,0.020516712,381.3632,264.70837,716.4951,0.018370686102110404,0.9998205626163916,0.018371915794804364,169.36319,144.70837,-1.8374612095501812,0.0,-0.03,-0.03,0.03,0.0,0.0,0.0
1773802981.2478027,True,0.44094595,1773802981.2324357,379.10703,263.7944,40.807884,16.795494,0.020516712,380.91196,264.52557,707.16315,0.01901406213551677,0.9998112557242378,0.01901535939430645,168.91196,144.52557,-1.850571297118599,0.0,-0.03,-0.03,0.03,0.0,0.0,0.0
1773802981.2583802,True,0.44094595,1773802981.2324357,379.10703,263.7944,40.807884,16.795494,0.020516712,380.551,264.37933,700.63074,0.019464425358901225,0.9998047408997301,0.01946576770362182,168.551,144.37933,-1.859851679600843,0.0,-0.03,-0.03,0.03,0.0,0.0,0.0
1773802981.2680578,True,0.44094595,1773802981.2324357,379.10703,263.7944,40.807884,16.795494,0.020516712,380.2622,264.26233,696.0581,0.019779679615270343,0.9998001805225749,0.019781052323690915,168.2622,144.26233,-1.8663995176841093,0.0,-0.03,-0.03,0.03,0.0,0.0,0.0
1773802981.278102,True,0.44094595,1773802981.2324357,379.10703,263.7944,40.807884,16.795494,0.020516712,380.0312,264.16876,692.85724,0.020000357594728724,0.9997969882585662,0.020001750932587166,168.03119,144.16876,-1.871008706925374,0.0,-0.03,-0.03,0.03,0.0,0.0,0.0
1773802981.2878115,True,0.44094595,1773802981.2324357,379.10703,263.7944,40.807884,16.795494,0.020516712,379.84637,264.09387,690.61664,0.02015483218034959,0.9997947536737601,0.020156239639150697,167.84637,144.09387,-1.8742477781921312,0.0,-0.03,-0.03,0.03,0.0,0.0,0.0
1773802981.297743,True,0.7703789,1773802981.2893336,378.54065,263.83575,42.569973,17.944372,0.0214571,379.58524,264.04224,712.59906,0.020545018673616987,0.9997872691483662,0.020546498380935196,167.58524,144.04224,-1.8429137815166219,0.0,-0.03,-0.03,0.03,0.0,0.0,0.0
1773802981.3082328,True,0.7703789,1773802981.2893336,378.54065,263.83575,42.569973,17.944372,0.0214571,379.3763,264.00095,727.98676,0.020818149218904167,0.9997820299805905,0.020819679259515656,167.37631,144.00095,-1.8215498548773388,0.0,-0.03,-0.03,0.03,0.0,0.0,0.0
1773802981.318321,True,0.7703789,1773802981.2893336,378.54065,263.83575,42.569973,17.944372,0.0214571,379.2092,263.9679,738.7582,0.021009340600605192,0.9997783625631474,0.02101090573129434,167.2092,143.9679,-1.80686207933194,0.0,-0.03,-0.03,0.03,0.0,0.0,0.0
1773802981.328566,True,0.7703789,1773802981.2893336,378.54065,263.83575,42.569973,17.944372,0.0214571,379.0755,263.94147,746.29816,0.021143174567795908,0.9997757953709373,0.02114476418268003,167.0755,143.94147,-1.7967074616041887,0.0,-0.03,-0.03,0.03,0.0,0.0,0.0
1773802981.3380852,True,0.7703789,1773802981.2893336,378.54065,263.83575,42.569973,17.944372,0.0214571,378.96854,263.92035,751.5761,0.021236858344829412,0.9997739983363902,0.021238465057032422,166.96854,143.92035,-1.7896602230294805,0.0,-0.03,-0.03,0.03,0.0,0.0,0.0
1773802981.3478432,True,0.7703789,1773802981.2893336,378.54065,263.83575,42.569973,17.944372,0.0214571,378.88297,263.90344,755.2707,0.021302436988752865,0.9997727404122073,0.02130405564766554,166.88297,143.90344,-1.7847564514626795,0.0,-0.03,-0.03,0.03,0.0,0.0,0.0
1773802981.3580315,True,0.85123444,1773802981.3500013,379.6522,265.33945,42.39177,16.733402,0.028356269,379.03683,264.19064,741.497,0.023417446605956533,0.9997203146713395,0.023419715242546414,167.03683,144.19064,-1.8031615365173337,0.0,-0.03,-0.03,0.03,0.0,0.0,0.0
1773802981.368137,True,0.85123444,1773802981.3500013,379.6522,265.33945,42.39177,16.733402,0.028356269,379.1599,264.4204,731.85547,0.0248979533379991,0.999683616652732,0.02490068534417373,167.15991,144.42041,-1.8162496104376769,0.0,-0.03,-0.03,0.03,0.0,0.0,0.0
1773802981.3777554,True,0.85123444,1773802981.3500013,379.6522,265.33945,42.39177,16.733402,0.028356269,379.2584,264.60422,725.1064,0.025934308050428897,0.9996579280397068,0.025937364493113,167.25839,144.60422,-1.825514309694906,0.0,-0.03,-0.03,0.03,0.0,0.0,0.0
1773802981.3879006,True,0.85123444,1773802981.3500013,379.6522,265.33945,42.39177,16.733402,0.028356269,379.33716,264.75128,720.382,0.026659756349129756,0.999639946010589,0.026663038552868154,167.33716,144.75128,-1.832051052322308,0.0,-0.03,-0.03,0.03,0.0,0.0,0.0
1773802981.398228,True,0.85123444,1773802981.3500013,379.6522,265.33945,42.39177,16.733402,0.028356269,379.40018,264.86893,717.07495,0.027167570158220355,0.9996273585902067,0.027171009261654906,167.40018,144.86893,-1.8366522828550054,0.0,-0.03,-0.03,0.03,0.0,0.0,0.0
1773802981.4077868,True,0.85123444,1773802981.3500013,379.6522,265.33945,42.39177,16.733402,0.028356269,379.4506,264.96304,714.76,0.027523039824583775,0.999618547395939,0.027526588039954395,167.45059,144.96304,-1.8398858252415269,0.0,-0.03,-0.03,0.03,0.0,0.0,0.0
1773802981.4177337,True,0.90890235,1773802981.4118266,383.71472,265.49893,42.228794,17.180733,0.027460353,380.30344,265.07022,717.9885,0.02750319859811539,0.9996198796330358,0.027506717626212082,168.30344,145.07022,-1.8353790841202031,0.0,-0.03,-0.03,0.03,0.0,0.0,0.0
1773802981.4278057,True,0.90890235,1773802981.4118266,383.71472,265.49893,42.228794,17.180733,0.027460353,380.98572,265.15598,720.2484,0.02748930973958752,0.9996208121990036,0.02749280835517797,168.98572,145.15598,-1.8322364905962376,0.0,-0.03,-0.03,0.03,0.0,0.0,0.0
1773802981.4377937,True,0.90890235,1773802981.4118266,383.71472,265.49893,42.228794,17.180733,0.027460353,381.53152,265.22458,721.8304,0.02747958753861801,0.9996214649951809,0.02748307187456432,169.53152,145.22458,-1.8300424808149223,0.0,-0.03,-0.03,0.03,0.0,0.0,0.0
1773802981.4481063,True,0.90890235,1773802981.4118266,383.71472,265.49893,42.228794,17.180733,0.027460353,381.96817,265.27945,722.93774,0.027472781997939358,0.9996219219525051,0.027476256342599918,169.96817,145.27945,-1.8285095701906546,0.0,-0.03,-0.03,0.03,0.0,0.0,0.0
1773802981.458292,True,0.90890235,1773802981.4118266,383.71472,265.49893,42.228794,17.180733,0.027460353,382.3175,265.32333,723.7129,0.027468018119464296,0.9996222418226319,0.027471485472413147,170.3175,145.32333,-1.827437910650337,0.0,-0.03,-0.03,0.03,0.0,0.0,0.0
1773802981.468301,True,0.90890235,1773802981.4118266,383.71472,265.49893,42.228794,17.180733,0.027460353,382.59695,265.35846,724.2555,0.027464683404531752,0.9996224657317208,0.027468145864354813,170.59695,145.35846,-1.8266884317170398,0.0,-0.03,-0.03,0.03,0.0,0.0,0.0
1773802981.4779258,True,0.8953969,1773802981.4763818,386.02435,265.67593,43.67772,17.011877,0.028560469,383.28244,265.42197,729.89087,0.027792254269511582,0.9996133792712676,0.0277958428356952,171.28244,145.42197,-1.818937607757997,0.0,-0.03,-0.03,0.03,0.0,0.0,0.0
1773802981.4881015,True,0.8953969,1773802981.4763818,386.02435,265.67593,43.67772,17.011877,0.028560469,383.8308,265.47275,733.83563,0.028021553874997465,0.9996070187489503,0.028025230711637632,171.83081,145.47275,-1.813547619542279,0.0,-0.03,-0.03,0.03,0.0,0.0,0.0
1773802981.4979706,True,0.8953969,1773802981.4763818,386.02435,265.67593,43.67772,17.011877,0.028560469,384.26953,265.5134,736.5969,0.02818206359883758,0.9996025663833283,0.028185802207860357,172.26953,145.5134,-1.8097918031039326,0.0,-0.03,-0.03,0.03,0.0,0.0,0.0
1773802981.5081093,True,0.8953969,1773802981.4763818,386.02435,265.67593,43.67772,17.011877,0.028560469,384.62048,265.5459,738.52985,0.028294420405525662,0.9995994497273928,0.028298202241779355,172.62048,145.5459,-1.8071711904176224,0.0,-0.03,-0.03,0.03,0.0,0.0,0.0
1773802981.5177948,True,0.8953969,1773802981.4763818,386.02435,265.67593,43.67772,17.011877,0.028560469,384.90125,265.5719,739.8829,0.02837307017020732,0.9995972680682379,0.028376882257176304,172.90125,145.5719,-1.8053407939031565,0.0,-0.03,-0.03,0.03,0.0,0.0,0.0
1773802981.528294,True,0.8953969,1773802981.4763818,386.02435,265.67593,43.67772,17.011877,0.028560469,385.12585,265.5927,740.83,0.02842812500548448,0.9995957409068295,0.028431958263259997,173.12585,145.59271,-1.8040614706821214,0.0,-0.03,-0.03,0.03,0.0,0.0,0.0
1773802981.5378675,True,0.47200635,1773802981.536868,388.96487,267.9632,44.56154,19.207079,0.026680443,385.89365,266.0668,775.3501,0.027902870949980348,0.9996102480593999,0.027906503854147943,173.89365,146.0668,-1.758517985589111,0.0,-0.03,-0.03,0.03,0.0,0.0,0.0
1773802981.5480478,True,0.47200635,1773802981.536868,388.96487,267.9632,44.56154,19.207079,0.026680443,386.5079,266.44608,799.51416,0.027535193111127457,0.9996204030661993,0.027538685653836457,174.5079,146.44608,-1.7278284610785584,0.0,-0.03,-0.03,0.03,0.0,0.0,0.0
1773802981.5578158,True,0.47200635,1773802981.536868,388.96487,267.9632,44.56154,19.207079,0.026680443,386.9993,266.7495,816.429,0.027277818623930434,0.9996275115709589,0.0272812129195461,174.9993,146.74951,-1.7068927004099628,0.0,-0.03,-0.03,0.03,0.0,0.0,0.0
1773802981.5683544,True,0.47200635,1773802981.536868,388.96487,267.9632,44.56154,19.207079,0.026680443,387.39243,266.99225,828.2694,0.02709765648289252,0.9996324875242906,0.02710098202962935,175.39243,146.99225,-1.69249417635084,0.0,-0.03,-0.03,0.03,0.0,0.0,0.0
1773802981.5781574,True,0.47200635,1773802981.536868,388.96487,267.9632,44.56154,19.207079,0.026680443,387.7069,267.18643,836.5577,0.026971542984165976,0.9996359706916227,0.0269748204257554,175.70691,147.18643,-1.6825372317934064,0.0,-0.03,-0.03,0.03,0.0,0.0,0.0
1773802981.5886858,True,0.47200635,1773802981.536868,388.96487,267.9632,44.56154,19.207079,0.026680443,387.9585,267.3418,842.3595,0.026883263535057395,0.9996384089087552,0.02688650731487887,175.9585,147.3418,-1.6756258217564266,0.0,-0.03,-0.03,0.03,0.0,0.0,0.0
1773802981.598725,True,0.47200635,1773802981.536868,388.96487,267.9632,44.56154,19.207079,0.026680443,388.15976,267.4661,846.4207,0.02682146792068139,0.999640115660748,0.026824688143919338,176.15976,147.4661,-1.670816108135956,0.0,-0.03,-0.03,0.03,0.0,0.0,0.0
1773802981.6084704,True,0.47200635,1773802981.536868,388.96487,267.9632,44.56154,19.207079,0.026680443,388.32077,267.56552,849.2636,0.02677821099061819,0.9996413103871429,0.026781414727801326,176.32077,147.56552,-1.6674630359863798,0.0,-0.03,-0.03,0.03,0.0,0.0,0.0
1773802981.6180675,True,0.4640884,1773802981.6134999,391.10126,269.7183,43.45735,19.323204,0.022483062,388.87686,267.99606,846.4051,0.02548909806153082,0.9996730972533954,0.02549190994067762,176.87686,147.99606,-1.670834567054702,0.0,-0.03,-0.03,0.03,0.0,0.0,0.0
1773802981.6281462,True,0.4640884,1773802981.6134999,391.10126,269.7183,43.45735,19.323204,0.022483062,389.32175,268.3405,844.4042,0.024586719011169662,0.9996953480597721,0.024589254674409942,177.32175,148.34052,-1.6732013967710613,0.0,-0.03,-0.03,0.03,0.0,0.0,0.0
1773802981.6382515,True,0.4640884,1773802981.6134999,391.10126,269.7183,43.45735,19.323204,0.022483062,389.67764,268.61606,843.0035,0.02395505367591685,0.9997109236242359,0.02395739596225248,177.67764,148.61606,-1.6748615965599114,0.0,-0.03,-0.03,0.03,0.0,0.0,0.0
1773802981.6479964,True,0.4640884,1773802981.6134999,391.10126,269.7183,43.45735,19.323204,0.022483062,389.96237,268.83652,842.023,0.023512887941239884,0.9997218265193606,0.023515095164177716,177.96237,148.83652,-1.6760253546792567,0.0,-0.03,-0.03,0.03,0.0,0.0,0.0
1773802981.6580439,True,0.4640884,1773802981.6134999,391.10126,269.7183,43.45735,19.323204,0.022483062,390.19016,269.01288,841.3367,0.023203371926966008,0.9997294585459477,0.02320548486011894,178.19016,149.01288,-1.6768407600615527,0.0,-0.03,-0.03,0.03,0.0,0.0,0.0
1773802981.6680841,True,0.4640884,1773802981.6134999,391.10126,269.7183,43.45735,19.323204,0.022483062,390.37238,269.15396,840.85626,0.022986710716974293,0.9997348009645588,0.022988757808859856,178.37238,149.15396,-1.6774119795677156,0.0,-0.03,-0.03,0.03,0.0,0.0,0.0
1773802981.677859,True,0.79762304,1773802981.669674,396.7328,272.66986,44.30884,17.702007,0.04106554,391.64447,269.85715,823.906,0.02840689724086192,0.9995614394332493,0.028411713496396783,179.64447,149.85715,-1.6977762156077487,0.0,-0.03,-0.03,0.03,0.0,0.0,0.0
1773802981.6878536,True,0.79762304,1773802981.669674,396.7328,272.66986,44.30884,17.702007,0.04106554,392.66214,270.4197,812.04083,0.03220102780758326,0.9994400863613326,0.03220792611043306,180.66214,150.41971,-1.7122820191647017,0.0,-0.03,-0.03,0.03,0.0,0.0,0.0
1773802981.6978805,True,0.79762304,1773802981.669674,396.7328,272.66986,44.30884,17.702007,0.04106554,393.4763,270.86975,803.7352,0.0348569192042882,0.999355139210991,0.03486527743063974,181.47629,150.86975,-1.7225628183041275,0.0,-0.03,-0.03,0.03,0.0,0.0,0.0
1773802981.708014,True,0.79762304,1773802981.669674,396.7328,272.66986,44.30884,17.702007,0.04106554,394.1276,271.22977,797.92126,0.036716043181981656,0.9992956762057519,0.03672540128801791,182.1276,151.22977,-1.729822779508049,-0.036725401288018045,-0.03,-0.03,0.03,0.0,0.0,-0.00036725401288018045
1773802981.7180986,True,0.79762304,1773802981.669674,396.7328,272.66986,44.30884,17.702007,0.04106554,394.64865,271.5178,793.8515,0.038017429966367075,0.9992540521020845,0.03802746918848566,182.64865,151.51779,-1.7349362287335592,-0.038027469188485874,-0.03,-0.03,0.03,0.0,0.0,-0.00038027469188485876
1773802981.7279096,True,0.79762304,1773802981.669674,396.7328,272.66986,44.30884,17.702007,0.04106554,395.0655,271.7482,791.0027,0.03892840071543687,0.9992249152295174,0.03893890476765815,183.06549,151.7482,-1.7385313156557993,-0.038938904767658045,-0.03,-0.03,0.03,0.0,0.0,-0.0003893890476765805
1773802981.7379847,True,0.83949846,1773802981.7294557,400.5163,273.07266,44.352318,17.465427,0.021098977,396.15567,272.0131,786.0915,0.03357910396947135,0.9993906681135132,0.03358694194605885,184.15567,152.01309,-1.7447594886020494,0.0,-0.03,-0.03,0.03,0.0,0.0,0.0
1773802981.7479143,True,0.83949846,1773802981.7294557,400.5163,273.07266,44.352318,17.465427,0.021098977,397.0278,272.225,782.6537,0.029834596247295488,0.9995066951323102,0.029840460729888565,185.0278,152.225,-1.7491423454313273,0.0,-0.03,-0.03,0.03,0.0,0.0,0.0
1773802981.7580547,True,0.83949846,1773802981.7294557,400.5163,273.07266,44.352318,17.465427,0.021098977,397.72552,272.39453,780.2472,0.027213440841772386,0.9995879140454682,0.02721793658778911,185.72552,152.39453,-1.7522219353674537,0.0,-0.03,-0.03,0.03,0.0,0.0,0.0
1773802981.7684863,True,0.83949846,1773802981.7294557,400.5163,273.07266,44.352318,17.465427,0.021098977,398.2837,272.53015,778.5627,0.025378632057906216,0.9996447672846787,0.025382198299118693,186.28369,152.53015,-1.754383193201509,0.0,-0.03,-0.03,0.03,0.0,0.0,0.0
1773802981.7780485,True,0.83949846,1773802981.7294557,400.5163,273.07266,44.352318,17.465427,0.021098977,398.73022,272.63867,777.38354,0.024094265909199896,0.9996845645521262,0.024097203193161547,186.73022,152.63867,-1.7558987973853095,0.0,-0.03,-0.03,0.03,0.0,0.0,0.0
1773802981.7881382,True,0.83949846,1773802981.7294557,400.5163,273.07266,44.352318,17.465427,0.021098977,399.08746,272.72546,776.5581,0.02319520960510547,0.9997124226393392,0.02319771988297206,187.08746,152.72546,-1.7569611923407238,0.0,-0.03,-0.03,0.03,0.0,0.0,0.0
1773802981.7980974,True,0.8503697,1773802981.7920396,400.7848,273.18967,43.07595,16.997795,0.029207429,399.42694,272.8183,763.2495,0.024997629647127005,0.9996707438583735,0.025000652937077615,187.42694,152.8183,-1.7742476581124524,0.0,-0.03,-0.03,0.03,0.0,0.0,0.0
1773802981.8081367,True,0.8503697,1773802981.7920396,400.7848,273.18967,43.07595,16.997795,0.029207429,399.69852,272.89258,753.93353,0.02625932367654208,0.9996415687116975,0.02626269949641098,187.69852,152.89258,-1.7865284430303991,0.0,-0.03,-0.03,0.03,0.0,0.0,0.0
1773802981.8181915,True,0.8503697,1773802981.7920396,400.7848,273.18967,43.07595,16.997795,0.029207429,399.91577,272.952,747.41235,0.02714250949713263,0.9996211461090243,0.02714612636991305,187.91577,152.952,-1.7952156199026328,0.0,-0.03,-0.03,0.03,0.0,0.0,0.0
1773802981.8282623,True,0.8503697,1773802981.7920396,400.7848,273.18967,43.07595,16.997795,0.029207429,400.08957,272.99954,742.84753,0.02776073957154602,0.9996068502871531,0.02776452152393205,188.08957,152.99954,-1.8013418880638166,0.0,-0.03,-0.03,0.03,0.0,0.0,0.0
1773802981.8383317,True,0.8503697,1773802981.7920396,400.7848,273.18967,43.07595,16.997795,0.029207429,400.2286,273.03757,739.65216,0.02819350062363539,0.9995968432118433,0.028197396046144203,188.2286,153.03757,-1.805652608044877,0.0,-0.03,-0.03,0.03,0.0,0.0,0.0
1773802981.8480058,True,0.8503697,1773802981.7920396,400.7848,273.18967,43.07595,16.997795,0.029207429,400.33984,273.068,737.4154,0.028496433360097946,0.9995898382591264,0.028500407089094626,188.33984,153.068,-1.808681261332793,0.0,-0.03,-0.03,0.03,0.0,0.0,0.0
1773802981.8580241,True,0.8212906,1773802981.8515797,402.49258,273.08817,44.007904,17.797255,0.043746635,400.7704,273.07202,751.15674,0.033067308302185836,0.9994258673445781,0.03307423892234289,188.77039,153.07202,-1.7902183573653212,0.0,-0.03,-0.03,0.03,0.0,0.0,0.0
1773802981.8682656,True,0.8212906,1773802981.8515797,402.49258,273.08817,44.007904,17.797255,0.043746635,401.1148,273.07526,760.77563,0.036266920761647364,0.9993110877043943,0.03627600188516349,189.1148,153.07526,-1.7774941537893785,-0.036276001885163556,-0.03,-0.03,0.03,0.0,0.0,-0.0003627600188516356
1773802981.8778074,True,0.8212906,1773802981.8515797,402.49258,273.08817,44.007904,17.797255,0.043746635,401.39038,273.07785,767.50885,0.03850664948327043,0.9992307419562656,0.038517234760959404,189.39038,153.07785,-1.7686826272383362,-0.03851723476095925,-0.03,-0.03,0.03,0.0,0.0,-0.0003851723476095925
1773802981.887981,True,0.8212906,1773802981.8515797,402.49258,273.08817,44.007904,17.797255,0.043746635,401.61084,273.07993,772.2221,0.04007445958840658,0.9991744999325755,0.04008608321584718,189.61084,153.07993,-1.7625604416780827,-0.04008608321584717,-0.03,-0.03,0.03,0.0,0.0,-0.0004008608321584717
1773802981.8980308,True,0.8212906,1773802981.8515797,402.49258,273.08817,44.007904,17.797255,0.043746635,401.78717,273.08157,775.5214,0.04117192666200188,0.9991351305159925,0.04118426520892107,189.78717,153.08157,-1.7582970438862529,-0.041184265208920934,-0.03,-0.03,0.03,0.0,0.0,-0.00041184265208920934
1773802981.9085114,True,0.8212906,1773802981.8515797,402.49258,273.08817,44.007904,17.797255,0.043746635,401.92828,273.0829,777.83093,0.04194015361351859,0.9991075719243843,0.041952985117154666,189.92828,153.08289,-1.7553234523521402,-0.04195298511715473,-0.03,-0.03,0.03,0.0,0.0,-0.0004195298511715473
1773802981.9180408,True,0.3406011,1773802981.9145205,406.01276,272.41693,45.23996,16.889011,0.036025703,402.74518,272.9497,773.6991,0.040163480766943316,0.9991806437103898,0.0401747877722165,190.74518,152.9497,-1.7606496601489332,-0.040174787772216725,-0.03,-0.03,0.03,0.0,0.0,-0.00040174787772216723
1773802981.927914,True,0.3406011,1773802981.9145205,406.01276,272.41693,45.23996,16.889011,0.036025703,403.39868,272.84317,770.8068,0.038919809774340626,0.9992317939605937,0.03893005246286286,191.39868,152.84317,-1.764394844014614,-0.038930052462863074,-0.03,-0.03,0.03,0.0,0.0,-0.00038930052462863077
1773802981.9375823,True,0.3406011,1773802981.9145205,406.01276,272.41693,45.23996,16.889011,0.036025703,403.9215,272.75793,768.7822,0.038049240079518744,0.9992675991357364,0.038058741527363896,191.92151,152.75793,-1.7670248958481278,-0.03805874152736388,-0.03,-0.03,0.03,0.0,0.0,-0.0003805874152736388
1773802981.9478855,True,0.3406011,1773802981.9145205,406.01276,272.41693,45.23996,16.889011,0.036025703,404.33975,272.68973,767.365,0.03743984129314342,0.9992926627583363,0.037448826546116636,192.33975,152.68973,-1.768870135173678,-0.03744882654611681,-0.03,-0.03,0.03,0.0,0.0,-0.0003744882654611681
1773802981.9579875,True,0.3406011,1773802981.9145205,406.01276,272.41693,45.23996,16.889011,0.036025703,404.67435,272.63516,766.3729,0.0370132621426807,0.9993102072941562,0.037021887650865816,192.67435,152.63516,-1.7701638141178835,-0.03702188765086589,-0.03,-0.03,0.03,0.0,0.0,-0.0003702188765086589
1773802981.9679427,True,0.3406011,1773802981.9145205,406.01276,272.41693,45.23996,16.889011,0.036025703,404.94202,272.59152,765.6785,0.03671465673735679,0.9993224884692302,0.03672303130065706,192.94202,152.59152,-1.7710702548413257,-0.036723031300657016,-0.03,-0.03,0.03,0.0,0.0,-0.00036723031300657017
1773802981.9780643,True,0.3078969,1773802981.97047,409.42874,271.33722,43.443245,18.40232,0.024143627,405.83936,272.34067,775.81195,0.03294264412691059,0.9994383089676679,0.03294922913797537,193.83936,152.34067,-1.7579225489572678,0.0,-0.03,-0.03,0.03,0.0,0.0,0.0
1773802981.9879234,True,0.3078969,1773802981.97047,409.42874,271.33722,43.443245,18.40232,0.024143627,406.55722,272.13998,782.90533,0.030302235299598256,0.9995193833165744,0.030307523034072508,194.55722,152.13998,-1.7488208522748934,0.0,-0.03,-0.03,0.03,0.0,0.0,0.0
1773802981.9978552,True,0.3078969,1773802981.97047,409.42874,271.33722,43.443245,18.40232,0.024143627,407.13153,271.97943,787.8707,0.028453949120479622,0.9995761353608089,0.028458329790169004,195.13153,151.97943,-1.7424986413238435,0.0,-0.03,-0.03,0.03,0.0,0.0,0.0
1773802982.008097,True,0.3078969,1773802981.97047,409.42874,271.33722,43.443245,18.40232,0.024143627,407.59097,271.85098,791.3465,0.027160148795096577,0.9996158617917731,0.027163902870791908,195.59097,151.85098,-1.7380967817933122,0.0,-0.03,-0.03,0.03,0.0,0.0,0.0
1773802982.0181632,True,0.3078969,1773802981.97047,409.42874,271.33722,43.443245,18.40232,0.024143627,407.95853,271.74823,793.77954,0.026254488567328448,0.999643670293448,0.026257810810901613,195.95853,151.74823,-1.7350268672413618,0.0,-0.03,-0.03,0.03,0.0,0.0,0.0
1773802982.0282054,True,0.3078969,1773802981.97047,409.42874,271.33722,43.443245,18.40232,0.024143627,408.25256,271.66605,795.48267,0.025620526407890754,0.9996631362446204,0.025623550616125628,196.25256,151.66605,-1.7328836472649598,0.0,-0.03,-0.03,0.03,0.0,0.0,0.0
1773802982.0377336,True,0.5110961,1773802982.0357397,411.8748,269.64075,42.195335,18.323904,0.041278258,408.97702,271.261,788.79285,0.030314329484924817,0.9995086474727757,0.030319937386508632,196.97702,151.26099,-1.7413289009217985,0.0,-0.03,-0.03,0.03,0.0,0.0,0.0
1773802982.0479329,True,0.5110961,1773802982.0357397,411.8748,269.64075,42.195335,18.323904,0.041278258,409.55658,270.93695,784.11,0.033599991638848664,0.9994005053324844,0.033607488210797114,197.55658,150.93695,-1.747283346794756,0.0,-0.03,-0.03,0.03,0.0,0.0,0.0
1773802982.0579708,True,0.5110961,1773802982.0357397,411.8748,269.64075,42.195335,18.323904,0.041278258,410.02023,270.6777,780.832,0.03589995514659536,0.9993248058342805,0.03590876893565243,198.02023,150.6777,-1.7514727245873982,-0.035908768935652535,-0.03,-0.03,0.03,0.0,0.0,-0.0003590876893565254
1773802982.0680685,True,0.5110961,1773802982.0357397,411.8748,269.64075,42.195335,18.323904,0.041278258,410.39117,270.4703,778.5374,0.037509929602018044,0.9992718161855378,0.03751964794115869,198.39117,150.4703,-1.75441566358768,-0.037519647941158585,-0.03,-0.03,0.03,0.0,0.0,-0.00037519647941158585
1773802982.0781293,True,0.5110961,1773802982.0357397,411.8748,269.64075,42.195335,18.323904,0.041278258,410.68793,270.3044,776.9312,0.03863691172081392,0.9992347234314178,0.03864724948173489,198.68793,150.30441,-1.7564808603879296,-0.038647249481734924,-0.03,-0.03,0.03,0.0,0.0,-0.00038647249481734927
1773802982.0882735,True,0.5110961,1773802982.0357397,411.8748,269.64075,42.195335,18.323904,0.041278258,410.92532,270.1717,775.8069,0.03942579920397103,0.9992087585035339,0.03943656203699885,198.92532,150.17169,-1.7579290314023528,-0.03943656203699897,-0.03,-0.03,0.03,0.0,0.0,-0.0003943656203699897
1773802982.0983934,True,0.47374782,1773802982.0933068,411.78107,269.4399,43.938927,19.891964,0.032785565,411.0965,270.02533,805.2743,0.03743196688667802,0.9992849114068786,0.03744124776371934,199.0965,150.02533,-1.720649692190017,-0.037441247763719154,-0.03,-0.03,0.03,0.0,0.0,-0.00037441247763719154
1773802982.1079204,True,0.47374782,1773802982.0933068,411.78107,269.4399,43.938927,19.891964,0.032785565,411.2334,269.90823,825.9015,0.03603628426457291,0.9993382184392199,0.03604453030663047,199.2334,149.90823,-1.6953571486553596,-0.03604453030663057,-0.03,-0.03,0.03,0.0,0.0,-0.00036044530306630576
1773802982.117957,True,0.47374782,1773802982.0933068,411.78107,269.4399,43.938927,19.891964,0.032785565,411.34296,269.81458,840.3405,0.03505930642909934,0.9993755333618588,0.03506683270982009,199.34296,149.81458,-1.678025497000512,-0.03506683270982025,-0.03,-0.03,0.03,0.0,0.0,-0.0003506683270982025
1773802982.128587,True,0.47374782,1773802982.0933068,411.78107,269.4399,43.938927,19.891964,0.032785565,411.4306,269.73965,850.4478,0.034375421944267834,0.9994016538077061,0.03438244781718424,199.4306,149.73965,-1.666069628313994,0.0,-0.03,-0.03,0.03,0.0,0.0,0.0
1773802982.1381292,True,0.47374782,1773802982.0933068,411.78107,269.4399,43.938927,19.891964,0.032785565,411.50073,269.67972,857.52295,0.033896702804885784,0.9994199381197991,0.03390338046844864,199.50073,149.67972,-1.657784742410563,0.0,-0.03,-0.03,0.03,0.0,0.0,0.0
1773802982.1477625,True,0.47374782,1773802982.0933068,411.78107,269.4399,43.938927,19.891964,0.032785565,411.55682,269.63174,862.4755,0.03356159940731834,0.9994327371382643,0.03356803447806744,199.55682,149.63174,-1.6520259249820954,0.0,-0.03,-0.03,0.03,0.0,0.0,0.0
1773802982.1579242,True,0.2946435,1773802982.1563785,412.0162,270.47156,44.88305,19.975595,0.022511056,411.64868,269.7997,872.7025,0.030245865936279207,0.9995269070623829,0.03025095068536332,199.64868,149.79971,-1.6402379549561172,0.0,-0.03,-0.03,0.03,0.0,0.0,0.0
1773802982.167937,True,0.2946435,1773802982.1563785,412.0162,270.47156,44.88305,19.975595,0.022511056,411.72217,269.93408,879.86145,0.02792485250655181,0.9995928260092659,0.027928963363498666,199.72217,149.93408,-1.6320682219478946,0.0,-0.03,-0.03,0.03,0.0,0.0,0.0
1773802982.1780028,True,0.2946435,1773802982.1563785,412.0162,270.47156,44.88305,19.975595,0.022511056,411.781,270.04156,884.8727,0.026300143105742635,0.9996389692720842,0.026303573727597986,199.781,150.04156,-1.6263888943829026,0.0,-0.03,-0.03,0.03,0.0,0.0,0.0
1773802982.1877055,True,0.2946435,1773802982.1563785,412.0162,270.47156,44.88305,19.975595,0.022511056,411.82806,270.12756,888.3806,0.02516284652517621,0.999671269556057,0.025165807041233067,199.82806,150.12756,-1.6224324019598273,0.0,-0.03,-0.03,0.03,0.0,0.0,0.0
1773802982.1980512,True,0.2946435,1773802982.1563785,412.0162,270.47156,44.88305,19.975595,0.022511056,411.86572,270.19635,890.83606,0.024366738918779714,0.9996938797548378,0.024369375157353847,199.86572,150.19635,-1.6196722774017516,0.0,-0.03,-0.03,0.03,0.0,0.0,0.0
1773802982.2080965,True,0.2946435,1773802982.1563785,412.0162,270.47156,44.88305,19.975595,0.022511056,411.8958,270.2514,892.55493,0.023809463594302166,0.9997097068939844,0.023811875815867373,199.89581,150.2514,-1.6177446079283215,0.0,-0.03,-0.03,0.03,0.0,0.0,0.0
1773802982.2181933,True,0.2946435,1773802982.1563785,412.0162,270.47156,44.88305,19.975595,0.022511056,411.91992,270.29544,893.7582,0.023419370867167884,0.999720785891387,0.023421627950691,199.91992,150.29544,-1.6163974318538576,0.0,-0.03,-0.03,0.03,0.0,0.0,0.0
1773802982.2277567,True,0.3911831,1773802982.2181933,413.27823,272.49908,45.27153,18.254417,0.061306242,412.1916,270.73618,873.55237,0.03477391350329335,0.9992409583822982,0.03478629013846887,200.19159,150.73618,-1.6392646056332052,0.0,-0.03,-0.03,0.03,0.0,0.0,0.0
1773802982.2377653,True,0.3911831,1773802982.2181933,413.27823,272.49908,45.27153,18.254417,0.061306242,412.4089,271.08875,859.40826,0.042722093348581174,0.998905079125936,0.042742873154800826,200.4089,151.08875,-1.6555885851452279,-0.042742873154800964,-0.03,-0.03,0.03,0.0,0.0,-0.00042742873154800966
1773802982.2478504,True,0.3911831,1773802982.2181933,413.27823,272.49908,45.27153,18.254417,0.061306242,412.58276,271.37082,849.5074,0.04828581924028265,0.9986699636464824,0.04831250283468364,200.58276,151.37082,-1.6671760688211512,-0.0483125028346838,-0.03,-0.03,0.03,0.0,0.0,-0.000483125028346838
1773802982.2579768,True,0.3911831,1773802982.2181933,413.27823,272.49908,45.27153,18.254417,0.061306242,412.72186,271.5965,842.5768,0.052180427364473675,0.998505382810865,0.05221103977539583,200.72186,151.5965,-1.6753678583075649,-0.05221103977539565,-0.03,-0.03,0.03,0.0,0.0,-0.0005221103977539565
1773802982.2680476,True,0.3911831,1773802982.2181933,413.27823,272.49908,45.27153,18.254417,0.061306242,412.83313,271.77704,837.72534,0.054906653051407406,0.9983901762259327,0.05493984223356571,200.83313,151.77704,-1.6811423662001097,-0.05493984223356563,-0.03,-0.03,0.03,0.0,0.0,-0.0005493984223356563
1773802982.2780724,True,0.4003118,1773802982.2740529,416.17416,273.2761,47.516357,18.44298,0.052155256,413.50134,272.07684,849.31067,0.05407414142197017,0.998465190227869,0.05410440758667898,201.50134,152.07684,-1.6674076097761794,-0.05410440758667878,-0.03,-0.03,0.03,0.0,0.0,-0.0005410440758667879
1773802982.28808,True,0.4003118,1773802982.2740529,416.17416,273.2761,47.516357,18.44298,0.052155256,414.03592,272.3167,857.4204,0.053491383281364116,0.9985177000292242,0.05351963297532777,202.03592,152.31671,-1.6579043118870815,-0.0535196329753278,-0.03,-0.03,0.03,0.0,0.0,-0.000535196329753278
1773802982.2979238,True,0.4003118,1773802982.2740529,416.17416,273.2761,47.516357,18.44298,0.052155256,414.46356,272.5086,863.0973,0.053083452582939866,0.998554456890173,0.053110305518907976,202.46356,152.5086,-1.6513052331333884,-0.05311030551890816,-0.03,-0.03,0.03,0.0,0.0,-0.0005311030551890816
1773802982.3079607,True,0.4003118,1773802982.2740529,416.17416,273.2761,47.516357,18.44298,0.052155256,414.8057,272.6621,867.07104,0.05279790109404289,0.9985801866928371,0.05282378362223404,202.8057,152.66211,-1.646711730276251,-0.05282378362223383,-0.03,-0.03,0.03,0.0,0.0,-0.0005282378362223383
1773802982.317821,True,0.4003118,1773802982.2740529,416.17416,273.2761,47.516357,18.44298,0.052155256,415.0794,272.7849,869.85266,0.05259801505181501,0.998598197554702,0.052623221911816134,203.0794,152.78491,-1.6435088409406915,-0.05262322191181612,-0.03,-0.03,0.03,0.0,0.0,-0.0005262322191181612
1773802982.3283508,True,0.4003118,1773802982.2740529,416.17416,273.2761,47.516357,18.44298,0.052155256,415.29837,272.88315,871.7998,0.0524580948222555,0.9986108051580075,0.052482830496948574,203.29837,152.88315,-1.6412728604663402,-0.05248283049694846,-0.03,-0.03,0.03,0.0,0.0,-0.0005248283049694846
1773802982.3378985,True,0.4003118,1773802982.2740529,416.17416,273.2761,47.516357,18.44298,0.052155256,415.47354,272.96173,873.16284,0.05236015066156384,0.9986196304803213,0.05238455738334915,203.47354,152.96173,-1.6397106128719967,-0.05238455738334924,-0.03,-0.03,0.03,0.0,0.0,-0.0005238455738334924
1773802982.3482203,True,0.31108093,1773802982.3378985,418.97818,271.85596,46.725746,19.02536,0.05450978,416.1745,272.74057,877.90625,0.05299694276647649,0.998588154245676,0.053022128273228636,204.1745,152.74057,-1.634292858411353,-0.05302212827322883,-0.03,-0.03,0.03,0.0,0.0,-0.0005302212827322883
1773802982.357924,True,0.31108093,1773802982.3378985,418.97818,271.85596,46.725746,19.02536,0.05450978,416.73523,272.56366,881.2266,0.05344269723991535,0.9985661208814244,0.05346842616961291,204.73523,152.56366,-1.6305178422459743,-0.053468426169613004,-0.03,-0.03,0.03,0.0,0.0,-0.00053468426169613
1773802982.3680365,True,0.31108093,1773802982.3378985,418.97818,271.85596,46.725746,19.02536,0.05450978,417.18384,272.42212,883.5509,0.053754725371322545,0.9985506975264482,0.05378083374076809,205.18384,152.42212,-1.6278837770098264,-0.05378083374076814,-0.03,-0.03,0.03,0.0,0.0,-0.0005378083374076814
1773802982.3779097,True,0.31108093,1773802982.3378985,418.97818,271.85596,46.725746,19.02536,0.05450978,417.54272,272.3089,885.17786,0.05397314506330759,0.9985399011779649,0.053999518534146175,205.54272,152.3089,-1.6260440812542212,-0.053999518534145974,-0.03,-0.03,0.03,0.0,0.0,-0.0005399951853414598
1773802982.3879352,True,0.31108093,1773802982.3378985,418.97818,271.85596,46.725746,19.02536,0.05450978,417.82983,272.21832,886.3168,0.054126038847697115,0.9985323437340266,0.05415259762838203,205.82983,152.21832,-1.624758236941576,-0.05415259762838209,-0.03,-0.03,0.03,0.0,0.0,-0.000541525976283821
1773802982.3980465,True,0.3951955,1773802982.393974,420.23022,270.21582,46.79458,19.023642,0.040983148,418.30994,271.8178,887.4828,0.050179730055681424,0.9987207331138147,0.05020178981063583,206.30994,151.81781,-1.6234435185503577,-0.050201789810635944,-0.03,-0.03,0.03,0.0,0.0,-0.0005020178981063595
1773802982.4078112,True,0.3951955,1773802982.393974,420.23022,270.21582,46.79458,19.023642,0.040983148,418.694,271.4974,888.29895,0.04741731390127044,0.9988526056796664,0.04743617056454704,206.694,151.4974,-1.6225243411776522,-0.047436170564547187,-0.03,-0.03,0.03,0.0,0.0,-0.00047436170564547187
1773802982.4179935,True,0.3951955,1773802982.393974,420.23022,270.21582,46.79458,19.023642,0.040983148,419.00125,271.2411,888.87024,0.045483622593182754,0.9989449164757626,0.04550023699377727,207.00125,151.24109,-1.6218813967235612,-0.04550023699377714,-0.03,-0.03,0.03,0.0,0.0,-0.0004550023699377714
1773802982.4280715,True,0.3951955,1773802982.393974,420.23022,270.21582,46.79458,19.023642,0.040983148,419.24707,271.03604,889.27014,0.044130038677521376,0.9990095340330298,0.044145092450079915,207.24707,151.03604,-1.6214315814389106,-0.044145092450079915,-0.03,-0.03,0.03,0.0,0.0,-0.0004414509245007992
1773802982.438129,True,0.3951955,1773802982.393974,420.23022,270.21582,46.79458,19.023642,0.040983148,419.44373,270.872,889.55005,0.04318252993655841,0.999054766323117,0.04319649874615967,207.44373,150.87201,-1.6211168913898,-0.043196498746159495,-0.03,-0.03,0.03,0.0,0.0,-0.000431964987461595
1773802982.4480352,True,0.3951955,1773802982.393974,420.23022,270.21582,46.79458,19.023642,0.040983148,419.60104,270.74078,889.746,0.04251927381788433,0.9990864289261779,0.04253248787622265,207.60104,150.74078,-1.6208966521904478,-0.04253248787622255,-0.03,-0.03,0.03,0.0,0.0,-0.00042532487876222546
1773802982.4579806,True,0.3951955,1773802982.393974,420.23022,270.21582,46.79458,19.023642,0.040983148,419.7269,270.6358,889.8832,0.04205499453481248,0.9991085927483206,0.04206768294474575,207.7269,150.6358,-1.6207424683947689,-0.04206768294474594,-0.03,-0.03,0.03,0.0,0.0,-0.00042067682944745943
1773802982.4678352,True,0.3951955,1773802982.393974,420.23022,270.21582,46.79458,19.023642,0.040983148,419.82758,270.55182,889.97925,0.041729999036662184,0.9991241074238205,0.041742320929285294,207.82758,150.55182,-1.6206344936050066,-0.04174232092928509,-0.03,-0.03,0.03,0.0,0.0,-0.00041742320929285094
1773802982.4779034,True,0.3951955,1773802982.393974,420.23022,270.21582,46.79458,19.023642,0.040983148,419.9081,270.48462,890.0465,0.04150250218795697,0.9991349676966704,0.0415145682651235,207.90811,150.48462,-1.6205589257223152,-0.041514568265123675,-0.03,-0.03,0.03,0.0,0.0,-0.00041514568265123676
1773802982.4882069,True,0.3951955,1773802982.393974,420.23022,270.21582,46.79458,19.023642,0.040983148,419.97253,270.43085,890.0935,0.04134325439386333,0.9991425698876654,0.04135514178073328,207.97253,150.43085,-1.6205061898055426,-0.041355141780733184,-0.03,-0.03,0.03,0.0,0.0,-0.0004135514178073319
1773802982.497944,True,0.3951955,1773802982.393974,420.23022,270.21582,46.79458,19.023642,0.040983148,420.02408,270.38785,890.12646,0.04123178093799778,0.9991478914213618,0.04124354343314451,208.02408,150.38785,-1.6204691256539707,-0.0412435434331444,-0.03,-0.03,0.03,0.0,0.0,-0.000412435434331444
1773802982.5081608,True,0.3951955,1773802982.393974,420.23022,270.21582,46.79458,19.023642,0.040983148,420.0653,270.35345,890.14954,0.04115374951889189,0.9991516164949493,0.04116542468538432,208.0653,150.35345,-1.620443211697345,-0.04116542468538453,-0.03,-0.03,0.03,0.0,0.0,-0.0004116542468538453
1773802982.5180733,True,0.34587,1773802982.5138514,430.84714,268.10678,47.466473,19.452486,0.030214198,422.22168,269.9041,900.10693,0.03787050498259924,0.9992692072999101,0.0378800722689654,210.22168,149.90411,-1.6093190678347173,-0.03788007226896539,-0.03,-0.03,0.03,0.0,0.0,-0.00037880072268965393
1773802982.5277941,True,0.34587,1773802982.5138514,430.84714,268.10678,47.466473,19.452486,0.030214198,423.94678,269.54465,907.07715,0.035572233807194376,0.9993515208633826,0.0355802946417605,211.94678,149.54465,-1.6016051619985658,-0.03558029464176071,-0.03,-0.03,0.03,0.0,0.0,-0.0003558029464176071
1773802982.5383732,True,0.34587,1773802982.5138514,430.84714,268.10678,47.466473,19.452486,0.030214198,425.32687,269.25708,911.9563,0.03396344398441098,0.9994091403578135,0.03397045023884819,213.32687,149.25708,-1.5962406085746268,0.0,-0.03,-0.03,0.03,0.0,0.0,0.0
1773802982.548181,True,0.34587,1773802982.5138514,430.84714,268.10678,47.466473,19.452486,0.030214198,426.43094,269.02704,915.3717,0.0328372911084626,0.999449474003915,0.03284356430303491,214.43094,149.02704,-1.5925024785173703,0.0,-0.03,-0.03,0.03,0.0,0.0,0.0
1773802982.5587142,True,0.34587,1773802982.5138514,430.84714,268.10678,47.466473,19.452486,0.030214198,427.31418,268.843,917.76245,0.03204898409529873,0.9994777075561861,0.03205474844546435,215.31418,148.84299,-1.5898940623808333,0.0,-0.03,-0.03,0.03,0.0,0.0,0.0
1773802982.5684426,True,0.34587,1773802982.5138514,430.84714,268.10678,47.466473,19.452486,0.030214198,428.02078,268.69574,919.43604,0.03149716918608403,0.9994974710427759,0.03150258006003587,216.02078,148.69574,-1.5880721963517217,0.0,-0.03,-0.03,0.03,0.0,0.0,0.0
1773802982.577967,True,0.3943909,1773802982.5774515,433.4333,269.15723,48.949795,20.93338,0.034385458,429.10327,268.78802,951.0106,0.03236162304194505,0.9994708932494205,0.03236744685162188,217.10327,148.78802,-1.55430746739459,0.0,-0.03,-0.03,0.03,0.0,0.0,0.0
1773802982.5880415,True,0.3943909,1773802982.5774515,433.4333,269.15723,48.949795,20.93338,0.034385458,429.9693,268.86188,973.1128,0.032966740741047766,0.9994522887940718,0.0329728522301014,217.9693,148.86188,-1.5313326633164028,0.0,-0.03,-0.03,0.03,0.0,0.0,0.0
1773802982.5981433,True,0.3943909,1773802982.5774515,433.4333,269.15723,48.949795,20.93338,0.034385458,430.6621,268.92096,988.58435,0.03339032313041967,0.9994392656753277,0.03339663504561439,218.66211,148.92096,-1.5155587310526102,0.0,-0.03,-0.03,0.03,0.0,0.0,0.0
1773802982.608693,True,0.3943909,1773802982.5774515,433.4333,269.15723,48.949795,20.93338,0.034385458,431.21637,268.9682,999.4144,0.03368683080298,0.9994301494922069,0.033693282456807916,219.21637,148.9682,-1.5046631541312177,0.0,-0.03,-0.03,0.03,0.0,0.0,0.0
1773802982.6180205,True,0.3943909,1773802982.5774515,433.4333,269.15723,48.949795,20.93338,0.034385458,431.6598,269.006,1006.9955,0.03389438617377223,0.9994237681640221,0.03390093533801182,219.65979,149.00601,-1.4971062748251882,0.0,-0.03,-0.03,0.03,0.0,0.0,0.0
1773802982.628379,True,0.3943909,1773802982.5774515,433.4333,269.15723,48.949795,20.93338,0.034385458,432.01453,269.03625,1012.30225,0.0340396749333268,0.9994193012342929,0.03404629219349355,220.01453,149.03625,-1.491850226900977,0.0,-0.03,-0.03,0.03,0.0,0.0,0.0
1773802982.6377478,True,0.34727657,1773802982.635008,437.6534,270.4156,50.180717,21.24554,0.06281157,433.14233,269.31213,1028.4465,0.042658854908691674,0.9990019114368001,0.042675548937170606,221.14233,149.31213,-1.4760279753740264,-0.042675548937170404,-0.03,-0.03,0.03,0.0,0.0,-0.00042675548937170404
1773802982.6481733,True,0.34727657,1773802982.635008,437.6534,270.4156,50.180717,21.24554,0.06281157,434.04456,269.53284,1039.7476,0.04869228089144709,0.998709738578555,0.04871661136267073,222.04456,149.53284,-1.4650994739289596,-0.048716611362670914,-0.03,-0.03,0.03,0.0,0.0,-0.00048716611362670915
1773802982.6582386,True,0.34727657,1773802982.635008,437.6534,270.4156,50.180717,21.24554,0.06281157,434.76636,269.70938,1047.6582,0.052915679079375874,0.9985052175777835,0.05294536702038309,222.76636,149.70938,-1.4575199758624178,-0.052945367020383216,-0.03,-0.03,0.03,0.0,0.0,-0.0005294536702038321
1773802982.668291,True,0.34727657,1773802982.635008,437.6534,270.4156,50.180717,21.24554,0.06281157,435.34375,269.85062,1053.1957,0.055872057810926024,0.9983620528772434,0.05590540799871415,223.34375,149.85062,-1.4522483733385398,-0.05590540799871402,-0.03,-0.03,0.03,0.0,0.0,-0.0005590540799871402
1773802982.6778443,True,0.34727657,1773802982.635008,437.6534,270.4156,50.180717,21.24554,0.06281157,435.80566,269.96362,1057.0719,0.057941522923011135,0.9982618375868654,0.057977361389200725,223.80566,149.96362,-1.4485746536416564,-0.05797736138920051,-0.03,-0.03,0.03,0.0,0.0,-0.0005797736138920052
1773802982.6883914,True,0.34727657,1773802982.635008,437.6534,270.4156,50.180717,21.24554,0.06281157,436.17523,270.05402,1059.7853,0.0593901485014707,0.9981916868836008,0.05942768083184135,224.17523,150.05402,-1.4460110502479238,-0.05942768083184147,-0.03,-0.03,0.03,0.0,0.0,-0.0005942768083184147
1773802982.6979911,True,0.86051595,1773802982.694975,438.18777,272.81055,50.23301,21.274086,0.07604852,436.57776,270.60532,1062.4481,0.06436567639818312,0.9978670921493222,0.06441401964191523,224.57776,150.60532,-1.4435015888491332,-0.0644140196419154,-0.03,-0.03,0.03,0.0,0.0,-0.000644140196419154
1773802982.7076905,True,0.86051595,1773802982.694975,438.18777,272.81055,50.23301,21.274086,0.07604852,436.89978,271.04636,1064.3121,0.06784854592588181,0.9976398758353272,0.06790449321827326,224.89978,151.04636,-1.4417486864136075,-0.0679044932182733,-0.03,-0.03,0.03,0.0,0.0,-0.000679044932182733
1773802982.7178135,True,0.86051595,1773802982.694975,438.18777,272.81055,50.23301,21.274086,0.07604852,437.1574,271.3992,1065.617,0.0702865545952709,0.9974808244155307,0.07034778978848456,225.15741,151.3992,-1.440523455215122,-0.07034778978848477,-0.03,-0.03,0.03,0.0,0.0,-0.0007034778978848477
1773802982.7279744,True,0.86051595,1773802982.694975,438.18777,272.81055,50.23301,21.274086,0.07604852,437.36346,271.6815,1066.5303,0.07199316066384326,0.9973694884216731,0.07205806217008737,225.36346,151.68149,-1.439666767444522,-0.07205806217008748,-0.03,-0.03,0.03,0.0,0.0,-0.0007205806217008748
1773802982.7380073,True,0.86051595,1773802982.694975,438.18777,272.81055,50.23301,21.274086,0.07604852,437.52832,271.90732,1067.1696,0.07318778491184391,0.9972915532259727,0.07325522937295655,225.52832,151.90732,-1.4390675223848335,-0.0732552293729567,-0.03,-0.03,0.03,0.0,0.0,-0.000732552293729567
1773802982.7481976,True,0.86051595,1773802982.694975,438.18777,272.81055,50.23301,21.274086,0.07604852,437.66022,272.08798,1067.6171,0.07402402188544437,0.9972369985889825,0.07409323278850767,225.66022,152.08798,-1.4386482518403247,-0.07409323278850755,-0.03,-0.03,0.03,0.0,0.0,-0.0007409323278850755
1773802982.7582269,True,0.8752834,1773802982.7557156,439.23398,275.26474,48.436672,21.428297,0.058463078,437.97498,272.72333,1058.7065,0.06934574928502524,0.9975533553005991,0.06940417610878098,225.97498,152.72333,-1.4470294960540886,-0.06940417610878091,-0.03,-0.03,0.03,0.0,0.0,-0.0006940417610878092
1773802982.7684171,True,0.8752834,1773802982.7557156,439.23398,275.26474,48.436672,21.428297,0.058463078,438.22678,273.23163,1052.4692,0.06607095846473185,0.9977748049987305,0.06612177485754353,226.22678,153.23163,-1.452938330496281,-0.06612177485754334,-0.03,-0.03,0.03,0.0,0.0,-0.0006612177485754334
1773802982.7782454,True,0.8752834,1773802982.7557156,439.23398,275.26474,48.436672,21.428297,0.058463078,438.42822,273.63824,1048.103,0.06377860489052647,0.9979298197874225,0.06382410769697398,226.42822,153.63824,-1.4570955216768913,-0.06382410769697389,-0.03,-0.03,0.03,0.0,0.0,-0.0006382410769697389
1773802982.788476,True,0.8752834,1773802982.7557156,439.23398,275.26474,48.436672,21.428297,0.058463078,438.5894,273.96356,1045.0468,0.06217395738858271,0.9980383301395068,0.06221576245819166,226.58939,153.96356,-1.4600157572580643,-0.062215762458191826,-0.03,-0.03,0.03,0.0,0.0,-0.0006221576245819182
1773802982.7981033,True,0.8752834,1773802982.7557156,439.23398,275.26474,48.436672,21.428297,0.058463078,438.71832,274.22382,1042.9073,0.06105070413722208,0.9981142873859661,0.06108993662295165,226.71832,154.22382,-1.462065033793401,-0.06108993662295159,-0.03,-0.03,0.03,0.0,0.0,-0.0006108993662295159
1773802982.8079836,True,0.8752834,1773802982.7557156,439.23398,275.26474,48.436672,21.428297,0.058463078,438.82147,274.432,1041.4098,0.060264426861269635,0.9981674574584876,0.060301868066622306,226.82147,154.432,-1.4635020623890944,-0.06030186806662252,-0.03,-0.03,0.03,0.0,0.0,-0.0006030186806662252
1773802982.8182242,True,0.538071,1773802982.8146987,439.19983,277.43542,46.853493,22.22753,0.029741196,438.89716,275.03268,1041.418,0.05110614228761584,0.9985845491901766,0.051133970022116594,226.89716,155.03268,-1.4634942069745664,-0.051133970022116504,-0.03,-0.03,0.03,0.0,0.0,-0.0005113397002211651
1773802982.8279767,True,0.538071,1773802982.8146987,439.19983,277.43542,46.853493,22.22753,0.029741196,438.9577,275.51324,1041.4238,0.04469534308605819,0.998876513402359,0.0447157872316022,226.9577,155.51324,-1.4634885408122311,-0.04471578723160219,-0.03,-0.03,0.03,0.0,0.0,-0.0004471578723160219
1773802982.8380039,True,0.538071,1773802982.8146987,439.19983,277.43542,46.853493,22.22753,0.029741196,439.00613,275.89767,1041.4279,0.04020778364496783,0.9990808883508866,0.04022306680295306,227.00613,155.89767,-1.4634846775381372,-0.04022306680295307,-0.03,-0.03,0.03,0.0,0.0,-0.0004022306680295307
1773802982.8477437,True,0.538071,1773802982.8146987,439.19983,277.43542,46.853493,22.22753,0.029741196,439.0449,276.20523,1041.4307,0.03706649203620459,0.9992239508148559,0.03707827872479444,227.04489,156.20523,-1.4634819732551516,-0.03707827872479452,-0.03,-0.03,0.03,0.0,0.0,-0.0003707827872479452
1773802982.8583245,True,0.538071,1773802982.8146987,439.19983,277.43542,46.853493,22.22753,0.029741196,439.0759,276.45126,1041.4326,0.034867587910070316,0.9993240945396344,0.03487702261089249,227.0759,156.45126,-1.463480106016406,0.0,-0.03,-0.03,0.03,0.0,0.0,0.0
1773802982.8678803,True,0.538071,1773802982.8146987,439.19983,277.43542,46.853493,22.22753,0.029741196,439.10068,276.6481,1041.4341,0.03332835502177632,0.9993941951469794,0.03333620337986755,227.10068,156.6481,-1.4634786894927867,0.0,-0.03,-0.03,0.03,0.0,0.0,0.0
1773802982.8779275,True,0.538071,1773802982.8146987,439.19983,277.43542,46.853493,22.22753,0.029741196,439.1205,276.80557,1041.435,0.03225089199997053,0.9994432655721208,0.03225766388009865,227.12051,156.80557,-1.46347778806971,0.0,-0.03,-0.03,0.03,0.0,0.0,0.0
1773802982.887636,True,0.36899194,1773802982.8784444,439.6189,285.39813,50.71512,21.623844,0.039397016,439.2202,278.52408,1058.0012,0.03439167203308505,0.9993774972801353,0.03439951922659971,227.22021,158.52408,-1.4476958959235993,0.0,-0.03,-0.03,0.03,0.0,0.0,0.0
1773802982.8981116,True,0.36899194,1773802982.8784444,439.6189,285.39813,50.71512,21.623844,0.039397016,439.3,279.8989,1069.5975,0.03589021805626521,0.9993314594757453,0.03589879900770701,227.29999,159.8989,-1.436794926864013,-0.035898799007707094,-0.03,-0.03,0.03,0.0,0.0,-0.00035898799007707096
1773802982.9081602,True,0.36899194,1773802982.8784444,439.6189,285.39813,50.71512,21.623844,0.039397016,439.36377,280.99875,1077.715,0.03693920027249132,0.9992992330126723,0.03694828138123136,227.36377,160.99875,-1.429234398086012,-0.03694828138123141,-0.03,-0.03,0.03,0.0,0.0,-0.00036948281381231406
1773802982.9177272,True,0.36899194,1773802982.8784444,439.6189,285.39813,50.71512,21.623844,0.039397016,439.4148,281.87863,1083.3972,0.0376734878238496,0.9992766744885213,0.037682911006440646,227.4148,161.87863,-1.4239757418464785,-0.03768291100644072,-0.03,-0.03,0.03,0.0,0.0,-0.0003768291100644072
1773802982.9282506,True,0.36899194,1773802982.8784444,439.6189,285.39813,50.71512,21.623844,0.039397016,439.45563,282.58255,1087.3748,0.038187489109800396,0.9992608835216156,0.038197147314366846,227.45563,162.58255,-1.4203110673779822,-0.03819714731436674,-0.03,-0.03,0.03,0.0,0.0,-0.0003819714731436674
1773802982.937994,True,0.36899194,1773802982.8784444,439.6189,285.39813,50.71512,21.623844,0.039397016,439.48828,283.14566,1090.159,0.03854729000996595,0.9992498298447815,0.03855711039062108,227.48828,163.14566,-1.4177537995557088,-0.03855711039062104,-0.03,-0.03,0.03,0.0,0.0,-0.00038557110390621043
1773802982.948601,True,0.36899194,1773802982.8784444,439.6189,285.39813,50.71512,21.623844,0.039397016,439.5144,283.59616,1092.108,0.03879915064008184,0.9992420922709977,0.03880908333987252,227.5144,163.59616,-1.4159676197699853,-0.03880908333987243,-0.03,-0.03,0.03,0.0,0.0,-0.00038809083339872433
1773802982.9582171,True,0.36899194,1773802982.8784444,439.6189,285.39813,50.71512,21.623844,0.039397016,439.53534,283.95657,1093.4723,0.038975453081162965,0.9992366759693491,0.03898546379447689,227.53534,163.95657,-1.4147191588606438,-0.03898546379447687,-0.03,-0.03,0.03,0.0,0.0,-0.0003898546379447687
1773802982.9682722,True,0.36899194,1773802982.8784444,439.6189,285.39813,50.71512,21.623844,0.039397016,439.55206,284.2449,1094.4274,0.03909886478991975,0.999232884558195,0.03910892980705458,227.55206,164.2449,-1.413846113682586,-0.039108929807054604,-0.03,-0.03,0.03,0.0,0.0,-0.00039108929807054606
1773802982.9783401,True,0.36899194,1773802982.8784444,439.6189,285.39813,50.71512,21.623844,0.039397016,439.56543,284.47556,1095.0958,0.0391852529860495,0.9992302305703872,0.03919535586375752,227.56543,164.47556,-1.4132355026106351,-0.03919535586375744,-0.03,-0.03,0.03,0.0,0.0,-0.0003919535586375744
1773802982.9879541,True,0.36899194,1773802982.8784444,439.6189,285.39813,50.71512,21.623844,0.039397016,439.5761,284.66006,1095.5638,0.03924572472334033,0.9992283727789216,0.03925585402811891,227.57611,164.66006,-1.412808253750963,-0.03925585402811871,-0.03,-0.03,0.03,0.0,0.0,-0.0003925585402811871
1773802982.9980829,True,0.36899194,1773802982.8784444,439.6189,285.39813,50.71512,21.623844,0.039397016,439.58466,284.80768,1095.8914,0.03928805493944391,0.9992270723248958,0.03929820270598512,227.58466,164.80768,-1.4125093676685188,-0.03929820270598494,-0.03,-0.03,0.03,0.0,0.0,-0.0003929820270598494
1773802983.007875,True,0.36899194,1773802982.8784444,439.6189,285.39813,50.71512,21.623844,0.039397016,439.5915,284.92578,1096.1207,0.03931768609071641,0.9992261620070777,0.03932784676217573,227.59149,164.92578,-1.4123000659660816,-0.0393278467621756,-0.03,-0.03,0.03,0.0,0.0,-0.000393278467621756
1773802983.0182948,True,0.36899194,1773802982.8784444,439.6189,285.39813,50.71512,21.623844,0.039397016,439.597,285.02026,1096.2812,0.039338427896607166,0.999225524784605,0.03934859759250212,227.59698,165.02026,-1.4121536236515517,-0.03934859759250209,-0.03,-0.03,0.03,0.0,0.0,-0.00039348597592502087
1773802983.0280516,True,0.36899194,1773802982.8784444,439.6189,285.39813,50.71512,21.623844,0.039397016,439.60138,285.09586,1096.3936,0.03935294716073069,0.9992250787288741,0.03936312316930607,227.60138,165.09586,-1.4120511757177192,-0.039363123169306125,-0.03,-0.03,0.03,0.0,0.0,-0.00039363123169306125
1773802983.0382035,True,0.36899194,1773802982.8784444,439.6189,285.39813,50.71512,21.623844,0.039397016,439.60492,285.1563,1096.4722,0.03936311064561716,0.9992247664898625,0.039373291070897,227.60492,165.15631,-1.4119794989861085,-0.03937329107089704,-0.03,-0.03,0.03,0.0,0.0,-0.0003937329107089704
1773802983.04822,True,0.36899194,1773802982.8784444,439.6189,285.39813,50.71512,21.623844,0.039397016,439.60773,285.20468,1096.5272,0.03937022508503769,0.9992245479225543,0.03938040860094515,227.60773,165.20468,-1.411929291639234,-0.03938040860094505,-0.03,-0.03,0.03,0.0,0.0,-0.0003938040860094505
1773802983.0581405,True,0.36899194,1773802982.8784444,439.6189,285.39813,50.71512,21.623844,0.039397016,439.61,285.24338,1096.5658,0.03937520519263205,0.9992243949254387,0.039385390871456316,227.60999,165.24338,-1.411894129651162,-0.039385390871456316,-0.03,-0.03,0.03,0.0,0.0,-0.0003938539087145632
1773802983.0679402,True,0.36899194,1773802982.8784444,439.6189,285.39813,50.71512,21.623844,0.039397016,439.61176,285.27432,1096.5928,0.03937869126794811,0.9992242878274578,0.039388878460557934,227.61176,165.27432,-1.4118694864207768,-0.03938887846055783,-0.03,-0.03,0.03,0.0,0.0,-0.0003938887846055783
1773802983.0781188,True,0.36899194,1773802982.8784444,439.6189,285.39813,50.71512,21.623844,0.039397016,439.61322,285.2991,1096.6117,0.03938113152066935,0.9992242128588711,0.039391319772803475,227.61322,165.2991,-1.4118522426356017,-0.039391319772803524,-0.03,-0.03,0.03,0.0,0.0,-0.00039391319772803525
1773802983.0888405,False,0.36899194,1773802982.8784444,439.6189,285.39813,50.71512,21.623844,0.039397016,,,,,,,,,,,0.0,0.0,0.0,0.0,0.0,0.0
1773802983.0981417,False,0.36899194,1773802982.8784444,439.6189,285.39813,50.71512,21.623844,0.039397016,,,,,,,,,,,0.0,0.0,0.0,0.0,0.0,0.0
1773802983.1079597,False,0.36899194,1773802982.8784444,439.6189,285.39813,50.71512,21.623844,0.039397016,,,,,,,,,,,0.0,0.0,0.0,0.0,0.0,0.0
1773802983.117899,False,0.36899194,1773802982.8784444,439.6189,285.39813,50.71512,21.623844,0.039397016,,,,,,,,,,,0.0,0.0,0.0,0.0,0.0,0.0
1773802983.1281416,False,0.36899194,1773802982.8784444,439.6189,285.39813,50.71512,21.623844,0.039397016,,,,,,,,,,,0.0,0.0,0.0,0.0,0.0,0.0
1773802983.13796,False,0.36899194,1773802982.8784444,439.6189,285.39813,50.71512,21.623844,0.039397016,,,,,,,,,,,0.0,0.0,0.0,0.0,0.0,0.0
1773802983.148727,False,0.36899194,1773802982.8784444,439.6189,285.39813,50.71512,21.623844,0.039397016,,,,,,,,,,,0.0,0.0,0.0,0.0,0.0,0.0
1773802983.1583047,False,0.36899194,1773802982.8784444,439.6189,285.39813,50.71512,21.623844,0.039397016,,,,,,,,,,,0.0,0.0,0.0,0.0,0.0,0.0
1773802983.167715,True,0.50292635,1773802983.163394,473.6977,343.02518,56.698944,24.906143,0.029676406,446.4301,296.84433,1191.2738,0.036468407051612806,0.9993248553376841,0.036476858290490896,234.43011,176.84433,-1.3290542723838699,-0.03647685829049108,-0.03,-0.03,0.03,0.0,0.0,-0.00036476858290491077
1773802983.1778877,True,0.50292635,1773802983.163394,473.6977,343.02518,56.698944,24.906143,0.029676406,451.88364,306.0805,1257.5372,0.03442949992327323,0.9993953050728532,0.034436712718434605,239.88364,186.0805,-1.2749221908845654,0.0,-0.03,-0.03,0.03,0.0,0.0,0.0
1773802983.188236,True,0.50292635,1773802983.163394,473.6977,343.02518,56.698944,24.906143,0.029676406,456.24646,313.46945,1303.9216,0.03300226493343553,0.9994446198874718,0.033008610313909205,244.24646,193.46945,-1.2387010728756869,0.0,-0.03,-0.03,0.03,0.0,0.0,0.0
1773802983.1984103,True,0.50292635,1773802983.163394,473.6977,343.02518,56.698944,24.906143,0.029676406,459.7367,319.38058,1336.3907,0.032003200440549134,0.9994791402577048,0.032008941998242765,247.7367,199.38058,-1.2141048544618291,0.0,-0.03,-0.03,0.03,0.0,0.0,0.0
1773802983.2084372,True,0.50292635,1773802983.163394,473.6977,343.02518,56.698944,24.906143,0.029676406,462.5289,324.1095,1359.1191,0.03130385529552866,0.9995033045168678,0.03130917706710566,250.5289,204.1095,-1.197240581887256,0.0,-0.03,-0.03,0.03,0.0,0.0,0.0
1773802983.2179613,True,0.50292635,1773802983.163394,473.6977,343.02518,56.698944,24.906143,0.029676406,464.76266,327.89264,1375.0289,0.03081431369401433,0.999520219498282,0.03081934345655135,252.76266,207.89264,-1.1856026091840106,0.0,-0.03,-0.03,0.03,0.0,0.0,0.0
1773802983.2281017,True,0.69597626,1773802983.21951,484.57025,340.38815,53.772614,21.893423,0.023153337,468.7242,330.39175,1315.7002,0.028515400019481985,0.9995837456907837,0.02851953984686361,256.7242,210.39175,-1.2297083763077898,0.0,-0.03,-0.03,0.03,0.0,0.0,0.0
1773802983.2380457,True,0.69597626,1773802983.21951,484.57025,340.38815,53.772614,21.893423,0.023153337,471.89343,332.39105,1274.1702,0.02690616044730934,0.999628214025535,0.026909670249251633,259.89343,212.39105,-1.2617823198198284,0.0,-0.03,-0.03,0.03,0.0,0.0,0.0
1773802983.2479682,True,0.69597626,1773802983.21951,484.57025,340.38815,53.772614,21.893423,0.023153337,474.4288,333.99048,1245.0991,0.025779692746788492,0.9996593418598609,0.02578276324397637,262.4288,213.99048,-1.2848622497137643,0.0,-0.03,-0.03,0.03,0.0,0.0,0.0
1773802983.2579727,True,0.69597626,1773802983.21951,484.57025,340.38815,53.772614,21.893423,0.023153337,476.45712,335.27002,1224.7494,0.024991165356423897,0.9996811313438891,0.02499393095564456,264.45712,215.27002,-1.301341192813177,0.0,-0.03,-0.03,0.03,0.0,0.0,0.0
1773802983.2681155,True,0.69597626,1773802983.21951,484.57025,340.38815,53.772614,21.893423,0.023153337,478.07977,336.29367,1210.5046,0.02443919618316868,0.9996963839827089,0.02444175024448392,266.07977,216.29367,-1.3130400448063122,0.0,-0.03,-0.03,0.03,0.0,0.0,0.0
1773802983.277877,True,0.69597626,1773802983.21951,484.57025,340.38815,53.772614,21.893423,0.023153337,479.3779,337.11258,1200.5332,0.02405281776189003,0.9997070608298826,0.024055224882032954,267.3779,217.11258,-1.3213116456290843,0.0,-0.03,-0.03,0.03,0.0,0.0,0.0
1773802983.2880871,True,0.5462055,1773802983.2791624,492.054,337.68192,56.34095,20.578909,0.010165338,481.91312,337.22644,1188.2039,0.019886521433630136,0.9997794425986599,0.01988828587562136,269.91312,217.22644,-1.3316346068443272,0.0,-0.03,-0.03,0.03,0.0,0.0,0.0
1773802983.297917,True,0.5462055,1773802983.2791624,492.054,337.68192,56.34095,20.578909,0.010165338,483.94128,337.31754,1179.5732,0.016970114003848208,0.999830109836804,0.01697136795549002,271.94128,217.31754,-1.3389246359838085,0.0,-0.03,-0.03,0.03,0.0,0.0,0.0
1773802983.3081148,True,0.5462055,1773802983.2791624,492.054,337.68192,56.34095,20.578909,0.010165338,485.56384,337.3904,1173.5319,0.01492862880300086,0.9998655769035049,0.014929526508553,273.56384,217.39041,-1.3440594857914325,0.0,-0.03,-0.03,0.03,0.0,0.0,0.0
1773802983.3181796,True,0.5462055,1773802983.2791624,492.054,337.68192,56.34095,20.578909,0.010165338,486.86188,337.4487,1169.3029,0.013499589162407715,0.9998904038501955,0.013500248597464713,274.86188,217.4487,-1.3476696794369827,0.0,-0.03,-0.03,0.03,0.0,0.0,0.0
1773802983.3282251,True,0.5462055,1773802983.2791624,492.054,337.68192,56.34095,20.578909,0.010165338,487.9003,337.49533,1166.3425,0.012499261413992513,0.999907782712879,0.012499763122930854,275.9003,217.49533,-1.3502046153832534,0.0,-0.03,-0.03,0.03,0.0,0.0,0.0
1773802983.3381116,True,0.5462055,1773802983.2791624,492.054,337.68192,56.34095,20.578909,0.010165338,488.73105,337.53265,1164.2704,0.011799031990101874,0.9999199479167573,0.01179942897448578,276.73105,217.53265,-1.3519828095759456,0.0,-0.03,-0.03,0.03,0.0,0.0,0.0
1773802983.347857,True,0.5462055,1773802983.2791624,492.054,337.68192,56.34095,20.578909,0.010165338,489.39563,337.5625,1162.8198,0.011308871393378425,0.9999284635594722,0.011309198281842323,277.39563,217.5625,-1.3532294641657403,0.0,-0.03,-0.03,0.03,0.0,0.0,0.0
1773802983.3578093,True,0.5462055,1773802983.2791624,492.054,337.68192,56.34095,20.578909,0.010165338,489.9273,337.5864,1161.8044,0.010965758975672011,0.9999344245093726,0.010966038516708,277.9273,217.5864,-1.354103024933098,0.0,-0.03,-0.03,0.03,0.0,0.0,0.0
1773802983.3678658,True,0.5462055,1773802983.2791624,492.054,337.68192,56.34095,20.578909,0.010165338,490.35266,337.6055,1161.0938,0.010725580283277521,0.9999385971743029,0.01072582757391808,278.35266,217.6055,-1.3547148909848181,0.0,-0.03,-0.03,0.03,0.0,0.0,0.0
1773802983.3784142,True,0.5462055,1773802983.2791624,492.054,337.68192,56.34095,20.578909,0.010165338,490.69293,337.6208,1160.5962,0.010557455198601379,0.9999415180397541,0.010557680368637867,278.69293,217.62079,-1.3551436165264614,0.0,-0.03,-0.03,0.03,0.0,0.0,0.0
1773802983.3879578,True,0.5462055,1773802983.2791624,492.054,337.68192,56.34095,20.578909,0.010165338,490.96515,337.63303,1160.2479,0.01043976763932808,0.9999435626455699,0.010439977553630414,278.96515,217.63303,-1.3554436373082712,0.0,-0.03,-0.03,0.03,0.0,0.0,0.0
1773802983.3978627,True,0.40785658,1773802983.3925207,521.09045,326.65683,60.563812,26.306723,0.025564412,496.99023,335.43777,1290.1442,0.014976325504162443,0.9998624683192099,0.014977265513713022,284.99023,215.43777,-1.2493234439562741,0.0,-0.03,-0.03,0.03,0.0,0.0,0.0
1773802983.4077432,True,0.40785658,1773802983.3925207,521.09045,326.65683,60.563812,26.306723,0.025564412,501.8103,333.68158,1381.0715,0.0181519160095465,0.9998057022907578,0.018153449165167878,289.8103,213.68158,-1.1812177007118685,0.0,-0.03,-0.03,0.03,0.0,0.0,0.0
1773802983.417844,True,0.40785658,1773802983.3925207,521.09045,326.65683,60.563812,26.306723,0.025564412,505.66632,332.27664,1444.7207,0.02037482936331534,0.9997659660708413,0.020376778177435082,293.66632,212.27664,-1.136161411768904,0.0,-0.03,-0.03,0.03,0.0,0.0,0.0
1773802983.428014,True,0.40785658,1773802983.3925207,521.09045,326.65683,60.563812,26.306723,0.025564412,508.75116,331.15268,1489.2751,0.021930868710953524,0.9997381507168999,0.021933095070664994,296.75116,211.15268,-1.1057879067161214,0.0,-0.03,-0.03,0.03,0.0,0.0,0.0
1773802983.437953,True,0.40785658,1773802983.3925207,521.09045,326.65683,60.563812,26.306723,0.025564412,511.21906,330.2535,1520.4631,0.023020096254300255,0.9997186799691407,0.023022505644457084,299.21906,210.25351,-1.0850624019369821,0.0,-0.03,-0.03,0.03,0.0,0.0,0.0
1773802983.448231,True,0.40785658,1773802983.3925207,521.09045,326.65683,60.563812,26.306723,0.025564412,513.19336,329.53418,1542.2948,0.023782555534642966,0.9997050504457092,0.02378508592845411,301.19336,209.53418,-1.0708059207931528,0.0,-0.03,-0.03,0.03,0.0,0.0,0.0
1773802983.4579341,True,0.26268923,1773802983.449542,524.8202,321.17288,58.169495,25.959461,0.02126404,515.51874,327.86194,1532.621,0.02302652040108165,0.9997257139526161,0.02302876622039104,303.51874,207.86194,-1.0770980964566423,0.0,-0.03,-0.03,0.03,0.0,0.0,0.0
1773802983.4679954,True,0.26268923,1773802983.449542,524.8202,321.17288,58.169495,25.959461,0.02126404,517.379,326.52414,1525.8494,0.022497295807588726,0.9997401784074509,0.022499345297459634,305.37903,206.52414,-1.0815261373579848,0.0,-0.03,-0.03,0.03,0.0,0.0,0.0
1773802983.4778793,True,0.26268923,1773802983.449542,524.8202,321.17288,58.169495,25.959461,0.02126404,518.86725,325.45392,1521.1091,0.02212683859214368,0.9997503035258353,0.02212875224317772,306.86725,205.45392,-1.084637615028423,0.0,-0.03,-0.03,0.03,0.0,0.0,0.0
1773802983.487946,True,0.26268923,1773802983.449542,524.8202,321.17288,58.169495,25.959461,0.02126404,520.05786,324.59772,1517.791,0.021867518541332148,0.9997573911087043,0.02186933794830632,308.05786,204.59772,-1.0868214064719894,0.0,-0.03,-0.03,0.03,0.0,0.0,0.0
1773802983.498254,True,0.26268923,1773802983.449542,524.8202,321.17288,58.169495,25.959461,0.02126404,521.0103,323.91278,1515.4684,0.021685994505764077,0.9997623524167127,0.021687748376691015,309.0103,203.91278,-1.0883528675734873,0.0,-0.03,-0.03,0.03,0.0,0.0,0.0
1773802983.5080233,True,0.26268923,1773802983.449542,524.8202,321.17288,58.169495,25.959461,0.02126404,521.7723,323.3648,1513.8425,0.021558927680866424,0.9997658253323185,0.021560635897039975,309.77228,203.3648,-1.0894262609766459,0.0,-0.03,-0.03,0.03,0.0,0.0,0.0
1773802983.5181518,True,0.26268923,1773802983.449542,524.8202,321.17288,58.169495,25.959461,0.02126404,522.38184,322.92645,1512.7043,0.021469980903438067,0.9997682563732426,0.02147165727186784,310.38184,202.92645,-1.0901784022817287,0.0,-0.03,-0.03,0.03,0.0,0.0,0.0
1773802983.5278635,True,0.26268923,1773802983.449542,524.8202,321.17288,58.169495,25.959461,0.02126404,522.8695,322.57574,1511.9077,0.02140771815923822,0.9997699581018895,0.02140937228930746,310.8695,202.57574,-1.090705158166771,0.0,-0.03,-0.03,0.03,0.0,0.0,0.0
1773802983.538155,True,0.26268923,1773802983.449542,524.8202,321.17288,58.169495,25.959461,0.02126404,523.25964,322.2952,1511.35,0.021364134238298325,0.9997711493119423,0.021365772828794483,311.25964,202.2952,-1.0910741411871367,0.0,-0.03,-0.03,0.03,0.0,0.0,0.0
1773802983.5482173,True,0.26268923,1773802983.449542,524.8202,321.17288,58.169495,25.959461,0.02126404,523.5718,322.07074,1510.9596,0.0213336254936404,0.9997719831589793,0.02133525321990509,311.57178,202.07074,-1.091332483706112,0.0,-0.03,-0.03,0.03,0.0,0.0,0.0
1773802983.5577886,True,0.26268923,1773802983.449542,524.8202,321.17288,58.169495,25.959461,0.02126404,523.8215,321.89117,1510.6864,0.02131226937237985,0.9997725668519051,0.02131388950031794,311.82147,201.89117,-1.0915133010462508,0.0,-0.03,-0.03,0.03,0.0,0.0,0.0
1773802983.5677989,True,0.26268923,1773802983.449542,524.8202,321.17288,58.169495,25.959461,0.02126404,524.02124,321.74753,1510.4951,0.02129732008749747,0.9997729754369531,0.021298934899870392,312.02124,201.74753,-1.0916399015192095,0.0,-0.03,-0.03,0.03,0.0,0.0,0.0
1773802983.5780275,True,0.26268923,1773802983.449542,524.8202,321.17288,58.169495,25.959461,0.02126404,524.181,321.63263,1510.3612,0.0212868555880798,0.9997732614464867,0.021288466681160353,312.18103,201.63263,-1.0917286024226185,0.0,-0.03,-0.03,0.03,0.0,0.0,0.0
1773802983.5880497,True,0.26268923,1773802983.449542,524.8202,321.17288,58.169495,25.959461,0.02126404,524.30884,321.5407,1510.2675,0.021279530438487432,0.9997734616531604,0.021281138928850335,312.30884,201.54071,-1.091790671096965,0.0,-0.03,-0.03,0.03,0.0,0.0,0.0
1773802983.5981498,True,0.26268923,1773802983.449542,524.8202,321.17288,58.169495,25.959461,0.02126404,524.41113,321.46716,1510.2019,0.021274402833772774,0.9997736017978318,0.02127600950261945,312.41113,201.46716,-1.091834006017476,0.0,-0.03,-0.03,0.03,0.0,0.0,0.0
1773802983.608271,True,0.26268923,1773802983.449542,524.8202,321.17288,58.169495,25.959461,0.02126404,524.4929,321.40833,1510.156,0.021270813510472514,0.9997736998991018,0.0212724189044472,312.49292,201.40833,-1.0918644659071985,0.0,-0.03,-0.03,0.03,0.0,0.0,0.0
1773802983.6179135,True,0.26268923,1773802983.449542,524.8202,321.17288,58.169495,25.959461,0.02126404,524.55835,321.36127,1510.1238,0.021268300984162332,0.9997737685699908,0.021269905485819474,312.55835,201.36127,-1.0918857795013026,0.0,-0.03,-0.03,0.03,0.0,0.0,0.0
1773802983.6283107,True,0.26268923,1773802983.449542,524.8202,321.17288,58.169495,25.959461,0.02126404,524.6107,321.3236,1510.1013,0.021266542215745206,0.9997738166396131,0.02126814609282558,312.61072,201.32361,-1.091900610478561,0.0,-0.03,-0.03,0.03,0.0,0.0,0.0
1773802983.6377425,True,0.26268923,1773802983.449542,524.8202,321.17288,58.169495,25.959461,0.02126404,524.6526,321.2935,1510.0856,0.02126531107785322,0.9997738502883489,0.021266914517752162,312.6526,201.29349,-1.0919110899843332,0.0,-0.03,-0.03,0.03,0.0,0.0,0.0
1773802983.6478624,True,0.26268923,1773802983.449542,524.8202,321.17288,58.169495,25.959461,0.02126404,524.6861,321.26938,1510.0746,0.021264449281328826,0.9997738738424637,0.021266052415211706,312.6861,201.26938,-1.0919183724174262,0.0,-0.03,-0.03,0.03,0.0,0.0,0.0
1773802983.657954,False,0.26268923,1773802983.449542,524.8202,321.17288,58.169495,25.959461,0.02126404,,,,,,,,,,,0.0,0.0,0.0,0.0,0.0,0.0
1773802983.6679838,False,0.26268923,1773802983.449542,524.8202,321.17288,58.169495,25.959461,0.02126404,,,,,,,,,,,0.0,0.0,0.0,0.0,0.0,0.0
1773802983.6780133,False,0.26268923,1773802983.449542,524.8202,321.17288,58.169495,25.959461,0.02126404,,,,,,,,,,,0.0,0.0,0.0,0.0,0.0,0.0
1773802983.6881614,False,0.26268923,1773802983.449542,524.8202,321.17288,58.169495,25.959461,0.02126404,,,,,,,,,,,0.0,0.0,0.0,0.0,0.0,0.0
1773802983.6978302,False,0.26268923,1773802983.449542,524.8202,321.17288,58.169495,25.959461,0.02126404,,,,,,,,,,,0.0,0.0,0.0,0.0,0.0,0.0
1773802983.707907,False,0.26268923,1773802983.449542,524.8202,321.17288,58.169495,25.959461,0.02126404,,,,,,,,,,,0.0,0.0,0.0,0.0,0.0,0.0
1773802983.718158,False,0.26268923,1773802983.449542,524.8202,321.17288,58.169495,25.959461,0.02126404,,,,,,,,,,,0.0,0.0,0.0,0.0,0.0,0.0
1773802983.7282755,False,0.26268923,1773802983.449542,524.8202,321.17288,58.169495,25.959461,0.02126404,,,,,,,,,,,0.0,0.0,0.0,0.0,0.0,0.0
1773802983.7380645,False,0.26268923,1773802983.449542,524.8202,321.17288,58.169495,25.959461,0.02126404,,,,,,,,,,,0.0,0.0,0.0,0.0,0.0,0.0
1773802983.7477384,False,0.26268923,1773802983.449542,524.8202,321.17288,58.169495,25.959461,0.02126404,,,,,,,,,,,0.0,0.0,0.0,0.0,0.0,0.0
1773802983.757848,False,0.26268923,1773802983.449542,524.8202,321.17288,58.169495,25.959461,0.02126404,,,,,,,,,,,0.0,0.0,0.0,0.0,0.0,0.0
1773802983.7679217,False,0.26268923,1773802983.449542,524.8202,321.17288,58.169495,25.959461,0.02126404,,,,,,,,,,,0.0,0.0,0.0,0.0,0.0,0.0
1773802983.778061,False,0.26268923,1773802983.449542,524.8202,321.17288,58.169495,25.959461,0.02126404,,,,,,,,,,,0.0,0.0,0.0,0.0,0.0,0.0
1773802983.7880929,False,0.26268923,1773802983.449542,524.8202,321.17288,58.169495,25.959461,0.02126404,,,,,,,,,,,0.0,0.0,0.0,0.0,0.0,0.0
1773802983.7981813,True,0.2574149,1773802983.7966685,434.09418,231.6877,49.441757,24.9236,0.019942313,506.56772,303.35303,1426.7322,0.020867411985843853,0.9997820592869662,0.02086893074954172,294.56772,183.35303,-1.1486907754785856,0.0,-0.03,-0.03,0.03,0.0,0.0,0.0
1773802983.808036,True,0.2574149,1773802983.7966685,434.09418,231.6877,49.441757,24.9236,0.019942313,492.07303,289.01996,1368.3926,0.020589485879004374,0.9997877890981179,0.02059094552816293,280.07303,169.01996,-1.1904406074900147,0.0,-0.03,-0.03,0.03,0.0,0.0,0.0
1773802983.8180995,True,0.2574149,1773802983.7966685,434.09418,231.6877,49.441757,24.9236,0.019942313,480.47726,277.55353,1327.5548,0.020394937604216738,0.9997917999659242,0.020396355872705538,268.47726,157.55353,-1.2207386487929597,0.0,-0.03,-0.03,0.03,0.0,0.0,0.0
1773802983.8278706,True,0.2574149,1773802983.7966685,434.09418,231.6877,49.441757,24.9236,0.019942313,471.20065,268.38037,1298.9683,0.020258753811865392,0.9997946075733886,0.02026014312278806,259.20065,148.38037,-1.242507131430072,0.0,-0.03,-0.03,0.03,0.0,0.0,0.0
1773802983.8387086,True,0.2574149,1773802983.7966685,434.09418,231.6877,49.441757,24.9236,0.019942313,463.7794,261.04184,1278.9578,0.02016342515721945,0.9997965728986136,0.0201647942053445,251.77939,141.04184,-1.2580319282276238,0.0,-0.03,-0.03,0.03,0.0,0.0,0.0
1773802983.848243,True,0.2574149,1773802983.7966685,434.09418,231.6877,49.441757,24.9236,0.019942313,457.84238,255.17102,1264.9504,0.02009669509896729,0.9997979486262711,0.020098049967884127,245.84238,135.17102,-1.269044465536481,0.0,-0.03,-0.03,0.03,0.0,0.0,0.0
1773802983.8578322,True,0.49591005,1773802983.8554616,430.92004,225.15175,50.54602,22.564642,0.02723078,452.45792,249.16718,1227.6311,0.02223591117604621,0.999747343599702,0.022237864207017607,240.45792,129.16718,-1.2989910136689224,0.0,-0.03,-0.03,0.03,0.0,0.0,0.0
1773802983.8681045,True,0.49591005,1773802983.8554616,430.92004,225.15175,50.54602,22.564642,0.02723078,448.15036,244.36409,1201.5076,0.023733362430001452,0.9997119200811035,0.023735743042786524,236.15036,124.36409,-1.3205002967053394,0.0,-0.03,-0.03,0.03,0.0,0.0,0.0
1773802983.878188,True,0.49591005,1773802983.8554616,430.92004,225.15175,50.54602,22.564642,0.02723078,444.7043,240.52162,1183.2212,0.02478157830777012,0.9996871236180846,0.024784258402726737,232.70432,120.52162,-1.3358368166938457,0.0,-0.03,-0.03,0.03,0.0,0.0,0.0
1773802983.888086,True,0.49591005,1773802983.8554616,430.92004,225.15175,50.54602,22.564642,0.02723078,441.94748,237.44765,1170.4207,0.02551532942220819,0.9996697660939715,0.025518217809861604,229.94748,117.44765,-1.3467141727832979,0.0,-0.03,-0.03,0.03,0.0,0.0,0.0
1773802983.8980508,True,0.49591005,1773802983.8554616,430.92004,225.15175,50.54602,22.564642,0.02723078,439.742,234.98846,1161.4603,0.026028955202314838,0.9996576158270922,0.026031988245226966,227.742,114.988464,-1.354399269612587,0.0,-0.03,-0.03,0.03,0.0,0.0,0.0
1773802983.9077735,True,0.49591005,1773802983.8554616,430.92004,225.15175,50.54602,22.564642,0.02723078,437.97763,233.02112,1155.1881,0.026388493248389495,0.9996491106402767,0.026391626818368378,225.97763,113.02112,-1.3598141843761131,0.0,-0.03,-0.03,0.03,0.0,0.0,0.0
1773802983.917789,True,0.6366724,1773802983.9138072,422.15146,218.6902,52.63212,22.12064,0.039875075,434.8124,230.15494,1157.9084,0.03043129798061614,0.9995159058050456,0.030436634527889053,222.81241,110.15494,-1.357462101292165,0.0,-0.03,-0.03,0.03,0.0,0.0,0.0
1773802983.9278235,True,0.6366724,1773802983.9138072,422.15146,218.6902,52.63212,22.12064,0.039875075,432.28024,227.86198,1159.8127,0.03326126129317479,0.9994226624203837,0.03326819648020077,220.28024,107.861984,-1.355818789909892,0.0,-0.03,-0.03,0.03,0.0,0.0,0.0
1773802983.9378424,True,0.6366724,1773802983.9138072,422.15146,218.6902,52.63212,22.12064,0.039875075,430.2545,226.02763,1161.1458,0.03524223561196585,0.9993573920511204,0.03525028938564184,218.25449,106.02763,-1.354670192112279,-0.035250289385641675,-0.03,-0.03,0.03,0.0,0.0,-0.00035250289385641676
1773802983.9479113,True,0.6366724,1773802983.9138072,422.15146,218.6902,52.63212,22.12064,0.039875075,428.63388,224.56015,1162.0789,0.036628917635119586,0.9993117027926361,0.036637744529822054,216.63388,104.56015,-1.3538668771191669,-0.03663774452982205,-0.03,-0.03,0.03,0.0,0.0,-0.0003663774452982205
1773802983.957932,True,0.6366724,1773802983.9138072,422.15146,218.6902,52.63212,22.12064,0.039875075,427.3374,223.38615,1162.732,0.037599595051327206,0.9992797203116971,0.03760895497031919,215.3374,103.386154,-1.3533048942034933,-0.03760895497031935,-0.03,-0.03,0.03,0.0,0.0,-0.0003760895497031935
1773802983.9682207,True,0.6366724,1773802983.9138072,422.15146,218.6902,52.63212,22.12064,0.039875075,426.30023,222.44696,1163.1892,0.038279069242672534,0.9992573325750398,0.03828879714323575,214.30023,102.44696,-1.3529118899961268,-0.038288797143235964,-0.03,-0.03,0.03,0.0,0.0,-0.0003828879714323596
1773802983.977814,True,0.92708415,1773802983.971461,418.52765,216.60905,54.044136,24.184677,0.037321966,424.74573,221.27937,1206.3445,0.03798933915059735,0.9992712176810475,0.03799874587613715,212.74573,101.27937,-1.316482745813934,-0.037998745876137274,-0.03,-0.03,0.03,0.0,0.0,-0.00037998745876137273
1773802983.9881744,True,0.92708415,1773802983.971461,418.52765,216.60905,54.044136,24.184677,0.037321966,423.50214,220.3453,1236.5531,0.03778652808614473,0.9992809372552529,0.037795710976312395,211.50214,100.34531,-1.2917496678180325,-0.03779571097631251,-0.03,-0.03,0.03,0.0,0.0,-0.00037795710976312513
1773802983.997782,True,0.92708415,1773802983.971461,418.52765,216.60905,54.044136,24.184677,0.037321966,422.50726,219.59805,1257.6992,0.037644560341027894,0.9992877409571966,0.03765358704051955,210.50726,99.59805,-1.2747933716417783,-0.037653587040519465,-0.03,-0.03,0.03,0.0,0.0,-0.00037653587040519464
1773802984.0079172,True,0.92708415,1773802983.971461,418.52765,216.60905,54.044136,24.184677,0.037321966,421.71136,219.00026,1272.5015,0.03754518291944611,0.9992925035485573,0.0375541005311275,209.71136,99.00026,-1.26309273805198,-0.03755410053112751,-0.03,-0.03,0.03,0.0,0.0,-0.0003755410053112751
1773802984.0179703,True,0.92708415,1773802983.971461,418.52765,216.60905,54.044136,24.184677,0.037321966,421.07465,218.52202,1282.863,0.03747561872433886,0.9992958373625097,0.03748446009614951,209.07465,98.52202,-1.2549830815370653,-0.0374844600961497,-0.03,-0.03,0.03,0.0,0.0,-0.000374844600961497
1773802984.0281162,True,0.92708415,1773802983.971461,418.52765,216.60905,54.044136,24.184677,0.037321966,420.56525,218.13942,1290.1161,0.037426923787763786,0.9992981710322765,0.03743571185166617,208.56525,98.13942,-1.2493451697369022,-0.03743571185166639,-0.03,-0.03,0.03,0.0,0.0,-0.0003743571185166639
1773802984.03839,True,0.92708415,1773802983.971461,418.52765,216.60905,54.044136,24.184677,0.037321966,420.15775,217.83334,1295.1932,0.03739283733216123,0.9992998046011132,0.03740158811007216,208.15775,97.83334,-1.2454174696339158,-0.037401588110072215,-0.03,-0.03,0.03,0.0,0.0,-0.00037401588110072217
1773802984.0479617,True,0.92708415,1773802983.971461,418.52765,216.60905,54.044136,24.184677,0.037321966,419.83173,217.58849,1298.7473,0.037368976813239446,0.9993009480992989,0.037377701505482384,207.83173,97.588486,-1.2426771884739332,-0.037377701505482364,-0.03,-0.03,0.03,0.0,0.0,-0.00037377701505482365
1773802984.057959,True,0.92708415,1773802983.971461,418.52765,216.60905,54.044136,24.184677,0.037321966,419.57092,217.3926,1301.2351,0.0373522744499942,0.9993017485480289,0.0373609808894042,207.57092,97.39259,-1.2407635219734932,-0.03736098088940398,-0.03,-0.03,0.03,0.0,0.0,-0.00037360980889403986
1773802984.0691931,True,0.92708415,1773802983.971461,418.52765,216.60905,54.044136,24.184677,0.037321966,419.36227,217.23589,1302.9766,0.03734058279572253,0.9993023088621399,0.037349276461651246,207.36227,97.235886,-1.2394261310538324,-0.037349276461651204,-0.03,-0.03,0.03,0.0,0.0,-0.00037349276461651204
1773802984.078104,True,0.92708415,1773802983.971461,418.52765,216.60905,54.044136,24.184677,0.037321966,419.19537,217.11052,1304.1956,0.037332398637732356,0.9993027010820176,0.03734108336394205,207.19537,97.11052,-1.2384909690833326,-0.03734108336394204,-0.03,-0.03,0.03,0.0,0.0,-0.0003734108336394204
1773802984.0878181,True,0.92708415,1773802983.971461,418.52765,216.60905,54.044136,24.184677,0.037321966,419.06183,217.01022,1305.049,0.03732666972713923,0.999302975635932,0.03733534819638803,207.06183,97.01022,-1.2378368756591134,-0.03733534819638784,-0.03,-0.03,0.03,0.0,0.0,-0.0003733534819638784
1773802984.0984075,True,0.92708415,1773802983.971461,418.52765,216.60905,54.044136,24.184677,0.037321966,418.95502,216.93,1305.6462,0.03732265948972405,0.999303167823672,0.03733133357951325,206.95502,96.92999,-1.2373792749643369,-0.03733133357951335,-0.03,-0.03,0.03,0.0,0.0,-0.0003733133357951335
1773802984.1079483,True,0.92708415,1773802983.971461,418.52765,216.60905,54.044136,24.184677,0.037321966,418.86957,216.8658,1306.0643,0.037319852323533416,0.99930330235509,0.037328523347903375,206.86957,96.8658,-1.23705905848787,-0.037328523347903264,-0.03,-0.03,0.03,0.0,0.0,-0.00037328523347903266
1773802984.1181574,True,0.92708415,1773802983.971461,418.52765,216.60905,54.044136,24.184677,0.037321966,418.8012,216.81445,1306.357,0.037317887307199975,0.9993033965270827,0.03732655618587569,206.80121,96.81445,-1.2368350295451043,-0.03732655618587577,-0.03,-0.03,0.03,0.0,0.0,-0.0003732655618587577
1773802984.1280954,True,0.92708415,1773802983.971461,418.52765,216.60905,54.044136,24.184677,0.037321966,418.74652,216.77338,1306.562,0.03731651179576656,0.9993034624474775,0.03732517917250494,206.74652,96.77338,-1.2366781775559856,-0.037325179172504885,-0.03,-0.03,0.03,0.0,0.0,-0.00037325179172504886
1773802984.1381671,True,0.92708415,1773802983.971461,418.52765,216.60905,54.044136,24.184677,0.037321966,418.70276,216.74051,1306.7054,0.03731554893776318,0.9993035085917539,0.03732421526316926,206.70276,96.74051,-1.2365683547472792,-0.037324215263169425,-0.03,-0.03,0.03,0.0,0.0,-0.00037324215263169426
1773802984.1478982,True,0.92708415,1773802983.971461,418.52765,216.60905,54.044136,24.184677,0.037321966,418.66776,216.71422,1306.8058,0.037314874937160805,0.9993035408927473,0.03732354052664596,206.66776,96.71422,-1.236491588581498,-0.03732354052664588,-0.03,-0.03,0.03,0.0,0.0,-0.0003732354052664588
1773802984.1581738,True,0.49161702,1773802984.1494024,380.91183,213.22917,21.807268,51.55912,1.5654137,411.11658,216.01721,1252.0731,0.3261160665875504,0.7011272548294479,0.4353654310571984,199.11658,96.01721,-1.2792767081111196,-0.4353654310571984,-0.03,-0.03,0.03,0.0,0.0,-0.004353654310571984
1773802984.168141,True,0.49161702,1773802984.1494024,380.91183,213.22917,21.807268,51.55912,1.5654137,405.07565,215.4596,1213.7603,0.5282769007428231,0.4924038545851384,0.8205298988792641,193.07565,95.459595,-1.3103542548183402,-0.820529898879264,-0.03,-0.03,0.03,0.0,0.0,-0.00820529898879264
1773802984.178098,True,0.49161702,1773802984.1494024,380.91183,213.22917,21.807268,51.55912,1.5654137,400.2429,215.01352,1186.9412,0.669789484651514,0.34629747441412173,1.0936221789066405,188.24289,95.01352,-1.3326978261384435,-1.0936221789066405,-0.03,-0.03,0.03,0.0,0.0,-0.010936221789066405
1773802984.188059,True,0.49161702,1773802984.1494024,380.91183,213.22917,21.807268,51.55912,1.5654137,396.37668,214.65665,1168.168,0.7688482933875975,0.24402300829441007,1.2634648042257222,184.37668,94.65665,-1.348640679968481,-1.2634648042257222,-0.03,-0.03,0.03,0.0,0.0,-0.012634648042257222
1773802984.1982617,True,0.49161702,1773802984.1494024,380.91183,213.22917,21.807268,51.55912,1.5654137,393.28372,214.37115,1155.0266,0.8381894595028561,0.1724308820106119,1.367908529371568,181.28372,94.371155,-1.3599539713637279,-1.367908529371568,-0.03,-0.03,0.03,0.0,0.0,-0.01367908529371568
1773802984.2077777,True,0.49161702,1773802984.1494024,380.91183,213.22917,21.807268,51.55912,1.5654137,390.80936,214.14276,1145.8276,0.8867282757835371,0.1223163936119532,1.4337201422666956,178.80936,94.14276,-1.3679502075798646,-1.4337201422666956,-0.03,-0.03,0.03,0.0,0.0,-0.014337201422666956
1773802984.2184217,True,0.5321668,1773802984.2118807,366.3946,207.70741,19.808441,49.819252,1.5632982,385.92642,212.8557,1098.1318,0.9207013598593137,0.08787088486831132,1.475645452395223,173.92642,92.8557,-1.4104669853862717,-1.475645452395223,-0.03,-0.03,0.03,0.0,0.0,-0.01475645452395223
1773802984.2278883,True,0.5321668,1773802984.2118807,366.3946,207.70741,19.808441,49.819252,1.5632982,382.02008,211.82605,1064.7448,0.9444825187123573,0.063759028747762,1.5033917557112928,170.02008,91.82605,-1.4413422714259396,-1.5033917557112928,-0.03,-0.03,0.03,0.0,0.0,-0.015033917557112928
1773802984.2379909,True,0.5321668,1773802984.2118807,366.3946,207.70741,19.808441,49.819252,1.5632982,378.895,211.00233,1041.3738,0.9611293299094879,0.04688072946337747,1.5220582413477382,166.89499,91.002335,-1.4635366398243466,-1.5220582413477382,-0.03,-0.03,0.03,0.0,0.0,-0.015220582413477382
1773802984.2481742,True,0.5321668,1773802984.2118807,366.3946,207.70741,19.808441,49.819252,1.5632982,376.39493,210.34335,1025.0142,0.9727820977474793,0.0350659199643083,1.534764882774499,164.39493,90.34335,-1.479370974902697,-1.534764882774499,-0.03,-0.03,0.03,0.0,0.0,-0.01534764882774499
1773802984.2582386,True,0.5321668,1773802984.2118807,366.3946,207.70741,19.808441,49.819252,1.5632982,374.39487,209.81618,1013.5624,0.9809390352340732,0.026795553314959888,1.5434868910401962,162.39487,89.81618,-1.4906061467207459,-1.5434868910401962,-0.03,-0.03,0.03,0.0,0.0,-0.015434868910401963
1773802984.267776,True,0.5321668,1773802984.2118807,366.3946,207.70741,19.808441,49.819252,1.5632982,372.79483,209.39444,1005.54614,0.9866488914746889,0.021006296660415997,1.549508993741482,160.79483,89.39444,-1.4985465748676399,-1.549508993741482,-0.03,-0.03,0.03,0.0,0.0,-0.015495089937414821
1773802984.277779,True,0.7375246,1773802984.2745445,360.7577,205.22073,20.911724,50.994755,1.5570594,370.38742,208.5597,1023.7987,0.9906259190335369,0.018825353921857052,1.5517951196790494,158.38742,88.55969,-1.480557460186668,-1.5517951196790494,-0.03,-0.03,0.03,0.0,0.0,-0.015517951196790494
1773802984.2878392,True,0.7375246,1773802984.2745445,360.7577,205.22073,20.911724,50.994755,1.5570594,368.4615,207.8919,1036.5756,0.9934098383247305,0.01729869400486579,1.5533846350931095,156.46149,87.89191,-1.468154858597808,-1.5533846350931095,-0.03,-0.03,0.03,0.0,0.0,-0.015533846350931095
1773802984.2977552,True,0.7375246,1773802984.2745445,360.7577,205.22073,20.911724,50.994755,1.5570594,366.92075,207.35767,1045.5194,0.995358581828566,0.01623003206297191,1.5544920579665158,154.92075,87.357666,-1.4595635617816989,-1.5544920579665158,-0.03,-0.03,0.03,0.0,0.0,-0.015544920579665158
1773802984.3077192,True,0.7375246,1773802984.2745445,360.7577,205.22073,20.911724,50.994755,1.5570594,365.68814,206.93028,1051.78,0.9967227022812508,0.015481968703646192,1.5552647012626317,153.68814,86.93028,-1.4535933799065275,-1.5552647012626317,-0.03,-0.03,0.03,0.0,0.0,-0.015552647012626318
1773802984.3182914,True,0.7375246,1773802984.2745445,360.7577,205.22073,20.911724,50.994755,1.5570594,364.70206,206.58838,1056.1625,0.9976775865981302,0.01495832435211819,1.5558043054694917,152.70206,86.58838,-1.4494353911855695,-1.5558043054694917,-0.03,-0.03,0.03,0.0,0.0,-0.015558043054694918
1773802984.327907,True,0.7375246,1773802984.2745445,360.7577,205.22073,20.911724,50.994755,1.5570594,363.9132,206.31485,1059.2302,0.9983460056199458,0.014591773306048588,1.5561814194414687,151.91321,86.31485,-1.4465349569022496,-1.5561814194414687,-0.03,-0.03,0.03,0.0,0.0,-0.015561814194414688
1773802984.3381193,True,0.62927926,1773802984.3354652,352.0821,199.62947,21.606087,47.916565,1.5514636,361.547,204.97778,1052.048,0.9987861425543385,0.016013696883147674,1.554764541570244,149.547,84.97778,-1.4533386512170199,-1.554764541570244,-0.03,-0.03,0.03,0.0,0.0,-0.01554764541570244
1773802984.3477793,True,0.62927926,1773802984.3354652,352.0821,199.62947,21.606087,47.916565,1.5514636,359.65402,203.90811,1047.0205,0.9990942384084134,0.017009043387117034,1.5537735077634642,147.65402,83.90811,-1.4581288474667533,-1.5537735077634642,-0.03,-0.03,0.03,0.0,0.0,-0.015537735077634642
1773802984.357816,True,0.62927926,1773802984.3354652,352.0821,199.62947,21.606087,47.916565,1.5514636,358.13965,203.0524,1043.5012,0.9993099055062659,0.017705785939895587,1.5530801674626649,146.13965,83.0524,-1.4614957866228189,-1.5530801674626649,-0.03,-0.03,0.03,0.0,0.0,-0.015530801674626648
1773802984.367982,True,0.62927926,1773802984.3354652,352.0821,199.62947,21.606087,47.916565,1.5514636,356.92813,202.36783,1041.0377,0.9994608724747626,0.018193505726840573,1.5525950173802023,144.92813,82.36783,-1.463859355808972,-1.5525950173802023,-0.03,-0.03,0.03,0.0,0.0,-0.015525950173802023
1773802984.3780253,True,0.62927926,1773802984.3354652,352.0821,199.62947,21.606087,47.916565,1.5514636,355.95892,201.82016,1039.3132,0.9995665493527103,0.018534909577702062,1.5522555046008921,143.95892,81.82016,-1.4655172748065748,-1.5522555046008921,-0.03,-0.03,0.03,0.0,0.0,-0.015522555046008921
1773802984.387544,True,0.62927926,1773802984.3354652,352.0821,199.62947,21.606087,47.916565,1.5514636,355.18356,201.38202,1038.1061,0.9996405231672737,0.018773892273305108,1.5520178909045286,143.18356,81.38202,-1.4666794169946158,-1.5520178909045286,-0.03,-0.03,0.03,0.0,0.0,-0.015520178909045286
1773802984.3985178,True,0.8800975,1773802984.396692,349.4706,194.4266,23.260334,48.798553,1.5489212,354.041,199.99094,1067.1954,0.9996765910836443,0.019703731022167926,1.5510887731356093,142.04099,79.99094,-1.4390432685042585,-1.5510887731356093,-0.03,-0.03,0.03,0.0,0.0,-0.015510887731356093
1773802984.40811,True,0.8800975,1773802984.396692,349.4706,194.4266,23.260334,48.798553,1.5489212,353.12692,198.87808,1087.558,0.9997018386251038,0.0203546181463719,1.5504384507377058,141.12692,78.87808,-1.4201426071105903,-1.5504384507377058,-0.03,-0.03,0.03,0.0,0.0,-0.015504384507377058
1773802984.4178936,True,0.8800975,1773802984.396692,349.4706,194.4266,23.260334,48.798553,1.5489212,352.3957,197.9878,1101.8118,0.9997195119041253,0.020810239133314676,1.5499832548167363,140.39569,77.98779,-1.4071215113209743,-1.5499832548167363,-0.03,-0.03,0.03,0.0,0.0,-0.015499832548167364
1773802984.4281485,True,0.8800975,1773802984.396692,349.4706,194.4266,23.260334,48.798553,1.5489212,351.8107,197.27557,1111.7894,0.9997318831994404,0.021129173824174622,1.5496646323690793,139.8107,77.27557,-1.3981065623563784,-1.5496646323690793,-0.03,-0.03,0.03,0.0,0.0,-0.015496646323690792
1773802984.4378955,True,0.8800975,1773802984.396692,349.4706,194.4266,23.260334,48.798553,1.5489212,351.3427,196.70578,1118.7738,0.999740543106161,0.021352428107776586,1.5494416038969727,139.34271,76.70578,-1.3918441431876016,-1.5494416038969727,-0.03,-0.03,0.03,0.0,0.0,-0.015494416038969727
1773802984.4480963,True,0.8800975,1773802984.396692,349.4706,194.4266,23.260334,48.798553,1.5489212,350.96832,196.24994,1123.6628,0.9997466050408654,0.02150870610629796,1.549285487528331,138.96832,76.24994,-1.387483644258279,-1.549285487528331,-0.03,-0.03,0.03,0.0,0.0,-0.015492854875283311
1773802984.4578757,True,0.91121423,1773802984.4563622,348.79456,191.30183,22.047642,48.204853,1.5371846,350.53357,195.26031,1105.405,0.9996531772157172,0.02513771496158907,1.5456551888593248,138.53357,75.260315,-1.4038655633766914,-1.5456551888593248,-0.03,-0.03,0.03,0.0,0.0,-0.015456551888593248
1773802984.467891,True,0.91121423,1773802984.4563622,348.79456,191.30183,22.047642,48.204853,1.5371846,350.18576,194.46863,1092.6245,0.9995877777381135,0.027678021160292852,1.5431139647206227,138.18576,74.46863,-1.415494768835026,-1.5431139647206227,-0.03,-0.03,0.03,0.0,0.0,-0.015431139647206228
1773802984.477942,True,0.91121423,1773802984.4563622,348.79456,191.30183,22.047642,48.204853,1.5371846,349.90753,193.83527,1083.6782,0.9995419981037909,0.029456235499385496,1.5413351208046366,137.90753,73.835266,-1.423716379898311,-1.5413351208046366,-0.03,-0.03,0.03,0.0,0.0,-0.015413351208046367
1773802984.4881682,True,0.91121423,1773802984.4563622,348.79456,191.30183,22.047642,48.204853,1.5371846,349.68494,193.32858,1077.4158,0.999509952359765,0.030700985536750346,1.5400899434093656,137.68494,73.32858,-1.4295119992145529,-1.5400899434093656,-0.03,-0.03,0.03,0.0,0.0,-0.015400899434093656
1773802984.4982753,True,0.91121423,1773802984.4563622,348.79456,191.30183,22.047642,48.204853,1.5371846,349.50687,192.92325,1073.032,0.9994875203389469,0.03157231056290574,1.5392183281679448,137.50687,72.92325,-1.4335891114188146,-1.5392183281679448,-0.03,-0.03,0.03,0.0,0.0,-0.015392183281679449
1773802984.508046,True,0.91121423,1773802984.4563622,348.79456,191.30183,22.047642,48.204853,1.5371846,349.3644,192.59897,1069.9634,0.9994718179243742,0.032182238081214516,1.5386082026989303,137.36441,72.59897,-1.4364530003917966,-1.5386082026989303,-0.03,-0.03,0.03,0.0,0.0,-0.015386082026989304
1773802984.518237,True,0.91121423,1773802984.4563622,348.79456,191.30183,22.047642,48.204853,1.5371846,349.25046,192.33954,1067.8154,0.9994608262341733,0.03260918734403066,1.5381811177004374,137.25046,72.33954,-1.4384624821147416,-1.5381811177004374,-0.03,-0.03,0.03,0.0,0.0,-0.015381811177004375
1773802984.5278254,True,0.8994269,1773802984.5202546,348.5371,192.22083,23.555313,47.326725,1.536605,349.1078,192.3158,1081.9095,0.999447238427523,0.03308183058431492,1.5377082801615116,137.10779,72.315796,-1.4253497923320935,-1.5377082801615116,-0.03,-0.03,0.03,0.0,0.0,-0.015377082801615117
1773802984.538222,True,0.8994269,1773802984.5202546,348.5371,192.22083,23.555313,47.326725,1.536605,348.99365,192.29681,1091.7754,0.9994377269628678,0.03341268085251391,1.5373772950283369,136.99365,72.296814,-1.4162722092167808,-1.5373772950283369,-0.03,-0.03,0.03,0.0,0.0,-0.015373772950283368
1773802984.5483358,True,0.8994269,1773802984.5202546,348.5371,192.22083,23.555313,47.326725,1.536605,348.90234,192.28162,1098.6815,0.9994310689376091,0.03364427604025319,1.5371456060407063,136.90234,72.28162,-1.4099665771954957,-1.5371456060407063,-0.03,-0.03,0.03,0.0,0.0,-0.015371456060407063
1773802984.5578635,True,0.8994269,1773802984.5202546,348.5371,192.22083,23.555313,47.326725,1.536605,348.8293,192.26947,1103.5157,0.9994264083199282,0.033806392671670696,1.536983424061538,136.82932,72.26947,-1.4055761556358186,-1.536983424061538,-0.03,-0.03,0.03,0.0,0.0,-0.01536983424061538
1773802984.5680773,True,0.8994269,1773802984.5202546,348.5371,192.22083,23.555313,47.326725,1.536605,348.77087,192.25975,1106.8998,0.9994231458875515,0.033919874313662945,1.5368698968343788,136.77087,72.25975,-1.4025142773960768,-1.5368698968343788,-0.03,-0.03,0.03,0.0,0.0,-0.015368698968343789
1773802984.5786035,True,0.8994269,1773802984.5202546,348.5371,192.22083,23.555313,47.326725,1.536605,348.72412,192.25197,1109.2686,0.9994208621848879,0.03399931146305752,1.5367904278547297,136.72412,72.25197,-1.4003765392733694,-1.5367904278547297,-0.03,-0.03,0.03,0.0,0.0,-0.015367904278547298
1773802984.5881503,True,0.87297994,1773802984.5791087,349.10107,194.65506,23.405506,47.411106,1.5275332,348.79953,192.73259,1109.3923,0.9993138922533109,0.03677441559004832,1.5340132607417005,136.79953,72.73259,-1.4002649548990556,-1.5340132607417005,-0.03,-0.03,0.03,0.0,0.0,-0.015340132607417005
1773802984.5980752,True,0.87297994,1773802984.5791087,349.10107,194.65506,23.405506,47.411106,1.5275332,348.85986,193.1171,1109.479,0.999239013301207,0.03871698847894189,1.5320692252057113,136.85986,73.117096,-1.400186865332459,-1.5320692252057113,-0.03,-0.03,0.03,0.0,0.0,-0.015320692252057113
1773802984.6079476,True,0.87297994,1773802984.5791087,349.10107,194.65506,23.405506,47.411106,1.5275332,348.9081,193.4247,1109.5396,0.9991865980347343,0.04007678950116739,1.5307084003552323,136.90811,73.4247,-1.4001322908731653,-1.5307084003552323,-0.03,-0.03,0.03,0.0,0.0,-0.015307084003552324
1773802984.6180353,True,0.87297994,1773802984.5791087,349.10107,194.65506,23.405506,47.411106,1.5275332,348.94672,193.67078,1109.582,0.9991499073482034,0.041028650216725235,1.5297558260993627,136.94672,73.67078,-1.4000939757012592,-1.5297558260993627,-0.03,-0.03,0.03,0.0,0.0,-0.015297558260993627
1773802984.6280763,True,0.87297994,1773802984.5791087,349.10107,194.65506,23.405506,47.411106,1.5275332,348.9776,193.86765,1109.6117,0.9991242238676318,0.041694952717615724,1.529089026731257,136.9776,73.867645,-1.400067264730639,-1.529089026731257,-0.03,-0.03,0.03,0.0,0.0,-0.01529089026731257
1773802984.6378376,True,0.87297994,1773802984.5791087,349.10107,194.65506,23.405506,47.411106,1.5275332,349.00232,194.02513,1109.6324,0.9991062454312316,0.042161364468239065,1.52862226882089,137.00232,74.02513,-1.4000485916477634,-1.52862226882089,-0.03,-0.03,0.03,0.0,0.0,-0.0152862226882089
1773802984.6478133,True,0.83928514,1773802984.6390598,350.15317,198.51988,21.56984,48.556953,1.5401875,349.2325,194.92409,1090.9524,0.9992338475307465,0.038694175939758685,1.5320918210242698,137.23251,74.92409,-1.4170263443694002,-1.5320918210242698,-0.03,-0.03,0.03,0.0,0.0,-0.015320918210242698
1773802984.6580698,True,0.83928514,1773802984.6390598,350.15317,198.51988,21.56984,48.556953,1.5401875,349.41666,195.64325,1077.8765,0.999323169000407,0.03626714396982242,1.534520540017485,137.41666,75.64325,-1.4290845217803447,-1.534520540017485,-0.03,-0.03,0.03,0.0,0.0,-0.01534520540017485
1773802984.668016,True,0.83928514,1773802984.6390598,350.15317,198.51988,21.56984,48.556953,1.5401875,349.56396,196.21858,1068.7231,0.9993856940291692,0.03456822159086703,1.5362206414350665,137.56396,76.21858,-1.4376127650635666,-1.5362206414350665,-0.03,-0.03,0.03,0.0,0.0,-0.015362206414350666
1773802984.678215,True,0.83928514,1773802984.6390598,350.15317,198.51988,21.56984,48.556953,1.5401875,349.68182,196.67885,1062.3159,0.9994294615493029,0.03337897592559826,1.537410705409223,137.68182,76.67885,-1.4436260571685404,-1.537410705409223,-0.03,-0.03,0.03,0.0,0.0,-0.01537410705409223
1773802984.6879537,True,0.83928514,1773802984.6390598,350.15317,198.51988,21.56984,48.556953,1.5401875,349.7761,197.04706,1057.8308,0.9994600988133964,0.03254650395991013,1.5382437446606578,137.7761,77.04706,-1.4478570187178348,-1.5382437446606578,-0.03,-0.03,0.03,0.0,0.0,-0.015382437446606579
1773802984.6982446,True,0.89029795,1773802984.6962292,350.32715,203.39645,20.287045,47.21821,1.5334344,349.88632,198.31694,1027.8569,0.9994127063887436,0.033988525982970155,1.5368009299074061,137.88632,78.31694,-1.4766013825251085,-1.5368009299074061,-0.03,-0.03,0.03,0.0,0.0,-0.01536800929907406
1773802984.7078648,True,0.89029795,1773802984.6962292,350.32715,203.39645,20.287045,47.21821,1.5334344,349.9745,199.33284,1006.87524,0.9993795316914866,0.03499794139911217,1.535790962051626,137.97449,79.33284,-1.4972256767488863,-1.535790962051626,-0.03,-0.03,0.03,0.0,0.0,-0.01535790962051626
1773802984.718104,True,0.89029795,1773802984.6962292,350.32715,203.39645,20.287045,47.21821,1.5334344,350.045,200.14557,992.1881,0.9993563094034068,0.035704532190411586,1.535083987042086,138.04501,80.14557,-1.5119199284423022,-1.535083987042086,-0.03,-0.03,0.03,0.0,0.0,-0.01535083987042086
1773802984.7278893,True,0.89029795,1773802984.6962292,350.32715,203.39645,20.287045,47.21821,1.5334344,350.10144,200.79575,981.9071,0.9993400538017508,0.036199145744321176,1.534589106193774,138.10144,80.795746,-1.5223359752544858,-1.534589106193774,-0.03,-0.03,0.03,0.0,0.0,-0.01534589106193774
1773802984.738228,True,0.89029795,1773802984.6962292,350.32715,203.39645,20.287045,47.21821,1.5334344,350.14658,201.31589,974.7103,0.9993286748805917,0.036545375232057885,1.53424269056296,138.14658,81.31589,-1.529692345962035,-1.53424269056296,-0.03,-0.03,0.03,0.0,0.0,-0.0153424269056296
1773802984.7487822,True,0.89029795,1773802984.6962292,350.32715,203.39645,20.287045,47.21821,1.5334344,350.1827,201.73201,969.6726,0.9993207096357803,0.03678773587347358,1.5340002001448503,138.18271,81.73201,-1.5348741814447624,-1.5340002001448503,-0.03,-0.03,0.03,0.0,0.0,-0.015340002001448503
1773802984.7579074,True,0.8193577,1773802984.7543588,350.31683,206.85945,20.230322,47.04602,1.5281588,350.20953,202.75749,964.29767,0.9992518440453225,0.03853880266087078,1.5322477751327903,138.20953,82.75749,-1.5404326531918717,-1.5322477751327903,-0.03,-0.03,0.03,0.0,0.0,-0.015322477751327904
1773802984.768011,True,0.8193577,1773802984.7543588,350.31683,206.85945,20.230322,47.04602,1.5281588,350.23102,203.57788,960.5352,0.999203638132002,0.039764549412048815,1.531021074210228,138.23102,83.57788,-1.544342056012209,-1.531021074210228,-0.03,-0.03,0.03,0.0,0.0,-0.01531021074210228
1773802984.7777798,True,0.8193577,1773802984.7543588,350.31683,206.85945,20.230322,47.04602,1.5281588,350.24817,204.23419,957.9015,0.9991698939926776,0.040622572137873444,1.5301623841823122,138.24817,84.23419,-1.5470877601627142,-1.5301623841823122,-0.03,-0.03,0.03,0.0,0.0,-0.015301623841823122
1773802984.7879784,True,0.8193577,1773802984.7543588,350.31683,206.85945,20.230322,47.04602,1.5281588,350.2619,204.75925,956.05786,0.9991462730951506,0.04122318804595068,1.529561302251274,138.2619,84.75925,-1.5490142555980904,-1.529561302251274,-0.03,-0.03,0.03,0.0,0.0,-0.01529561302251274
1773802984.7979693,True,0.8193577,1773802984.7543588,350.31683,206.85945,20.230322,47.04602,1.5281588,350.2729,205.17929,954.76733,0.9991297384668817,0.04164361918160475,1.5291405457024205,138.27289,85.17929,-1.550365028132082,-1.5291405457024205,-0.03,-0.03,0.03,0.0,0.0,-0.015291405457024206
1773802984.8080614,True,0.8193577,1773802984.7543588,350.31683,206.85945,20.230322,47.04602,1.5281588,350.28168,205.51532,953.86395,0.9991181642270934,0.0419379209765626,1.5288460166040707,138.28168,85.51532,-1.5513116416495982,-1.5288460166040707,-0.03,-0.03,0.03,0.0,0.0,-0.015288460166040707
1773802984.8181708,True,0.8605086,1773802984.816115,350.14563,207.75882,21.006573,46.85322,1.536614,350.25446,205.96402,962.9725,0.9992074667009998,0.039609263485323724,1.531176390766443,138.25446,85.96402,-1.5418078757131957,-1.531176390766443,-0.03,-0.03,0.03,0.0,0.0,-0.01531176390766443
1773802984.8280356,True,0.8605086,1773802984.816115,350.14563,207.75882,21.006573,46.85322,1.536614,350.23273,206.323,969.34845,0.9992699784327344,0.03797920324145651,1.5328076625187366,138.23273,86.323,-1.5352085202182613,-1.5328076625187366,-0.03,-0.03,0.03,0.0,0.0,-0.015328076625187367
1773802984.8382225,True,0.8605086,1773802984.816115,350.14563,207.75882,21.006573,46.85322,1.536614,350.21533,206.61017,973.8116,0.9993137366449485,0.03683816107074946,1.5339495521792612,138.21533,86.61017,-1.5306148310933365,-1.5339495521792612,-0.03,-0.03,0.03,0.0,0.0,-0.015339495521792612
1773802984.8480384,True,0.8605086,1773802984.816115,350.14563,207.75882,21.006573,46.85322,1.536614,350.20142,206.8399,976.9358,0.9993443673934985,0.03603943155125453,1.534748872816499,138.20142,86.839905,-1.5274117790128294,-1.534748872816499,-0.03,-0.03,0.03,0.0,0.0,-0.015347488728164991
1773802984.858343,True,0.8605086,1773802984.816115,350.14563,207.75882,21.006573,46.85322,1.536614,350.19025,207.02368,979.12274,0.9993658089174835,0.03548032088760808,1.5353083955874829,138.19025,87.02368,-1.5251756423539522,-1.5353083955874829,-0.03,-0.03,0.03,0.0,0.0,-0.015353083955874829
1773802984.8687754,True,0.8605086,1773802984.816115,350.14563,207.75882,21.006573,46.85322,1.536614,350.18134,207.17072,980.6536,0.9993808179842729,0.03508894342305556,1.5357000604890019,138.18134,87.170715,-1.5236133507522815,-1.5357000604890019,-0.03,-0.03,0.03,0.0,0.0,-0.01535700060489002
1773802984.8780353,True,0.85545737,1773802984.8770125,345.74146,210.86873,21.492998,48.663635,1.5246034,349.29337,207.91032,1000.2357,0.9992465610659205,0.03841522060208063,1.5323710636667476,137.29337,87.910324,-1.5038417179829384,-1.5323710636667476,-0.03,-0.03,0.03,0.0,0.0,-0.015323710636667476
1773802984.8877492,True,0.85545737,1773802984.8770125,345.74146,210.86873,21.492998,48.663635,1.5246034,348.58298,208.50201,1013.94324,0.9991525812230737,0.04074361462739818,1.5300407362411652,136.58298,88.502014,-1.4902304400670199,-1.5300407362411652,-0.03,-0.03,0.03,0.0,0.0,-0.015300407362411653
1773802984.8978183,True,0.85545737,1773802984.8770125,345.74146,210.86873,21.492998,48.663635,1.5246034,348.01468,208.97537,1023.53845,0.9990867953330811,0.04237349044512046,1.528409508218978,136.01468,88.97537,-1.4808116843890873,-1.528409508218978,-0.03,-0.03,0.03,0.0,0.0,-0.01528409508218978
1773802984.9082692,True,0.85545737,1773802984.8770125,345.74146,210.86873,21.492998,48.663635,1.5246034,347.56003,209.35405,1030.2551,0.9990407452100862,0.04351440351752606,1.5272676545661394,135.56003,89.35405,-1.4742709320280545,-1.5272676545661394,-0.03,-0.03,0.03,0.0,0.0,-0.015272676545661395
1773802984.9188435,True,0.85545737,1773802984.8770125,345.74146,210.86873,21.492998,48.663635,1.5246034,347.19632,209.657,1034.9568,0.9990085101239898,0.04431304266820998,1.5264683617784214,135.19632,89.657,-1.4697177408297843,-1.5264683617784214,-0.03,-0.03,0.03,0.0,0.0,-0.015264683617784214
1773802984.9283583,True,0.85545737,1773802984.8770125,345.74146,210.86873,21.492998,48.663635,1.5246034,346.90533,209.89935,1038.2479,0.9989859455637224,0.04487209007368872,1.5259088597976476,134.90533,89.89935,-1.4665428104211728,-1.5259088597976476,-0.03,-0.03,0.03,0.0,0.0,-0.015259088597976476
1773802984.9379165,True,0.85545737,1773802984.8770125,345.74146,210.86873,21.492998,48.663635,1.5246034,346.67255,210.09323,1040.5518,0.9989701503715351,0.04526342325752384,1.525517210084062,134.67255,90.09323,-1.4643262578765488,-1.525517210084062,-0.03,-0.03,0.03,0.0,0.0,-0.01525517210084062
1773802984.9480815,True,0.63343114,1773802984.9399343,343.58612,211.96446,20.433128,47.862293,1.5281683,346.05527,210.46748,1021.7792,0.9990065744967516,0.04446892540639406,1.5263125457397684,134.05527,90.46748,-1.482532031753402,-1.5263125457397684,-0.03,-0.03,0.03,0.0,0.0,-0.015263125457397685
1773802984.9581223,True,0.63343114,1773802984.9399343,343.58612,211.96446,20.433128,47.862293,1.5281683,345.56143,210.76689,1008.6383,0.9990320713844031,0.043912776910603205,1.5268692797577774,133.56143,90.76689,-1.495476163859551,-1.5268692797577774,-0.03,-0.03,0.03,0.0,0.0,-0.015268692797577775
1773802984.9678535,True,0.63343114,1773802984.9399343,343.58612,211.96446,20.433128,47.862293,1.5281683,345.16638,211.00641,999.4397,0.9990499192057591,0.04352347296354961,1.5272589928951537,133.16638,91.00641,-1.5046378598189778,-1.5272589928951537,-0.03,-0.03,0.03,0.0,0.0,-0.015272589928951537
1773802984.9782066,True,0.63343114,1773802984.9399343,343.58612,211.96446,20.433128,47.862293,1.5281683,344.85034,211.19803,993.00073,0.9990624126807084,0.04325096020061209,1.5275317916870024,132.85034,91.19803,-1.5111012906953787,-1.5275317916870024,-0.03,-0.03,0.03,0.0,0.0,-0.015275317916870024
1773802984.988225,True,0.63343114,1773802984.9399343,343.58612,211.96446,20.433128,47.862293,1.5281683,344.5975,211.35132,988.4934,0.9990711581131728,0.043060201266555825,1.527722750617989,132.5975,91.35132,-1.5156507121463547,-1.527722750617989,-0.03,-0.03,0.03,0.0,0.0,-0.015277227506179889
1773802984.9982455,True,0.63343114,1773802984.9399343,343.58612,211.96446,20.433128,47.862293,1.5281683,344.39523,211.47395,985.33826,0.999077279915898,0.04292667001271644,1.527856421751617,132.39523,91.47395,-1.5188476942323645,-1.527856421751617,-0.03,-0.03,0.03,0.0,0.0,-0.015278564217516171
1773802985.0077624,True,0.67044413,1773802985.002252,341.47217,211.76437,19.784946,46.543987,1.5418762,343.81064,211.53204,965.99786,0.9992286485975945,0.038723498637449685,1.5320623184868112,131.81064,91.53204,-1.538671072465086,-1.5320623184868112,-0.03,-0.03,0.03,0.0,0.0,-0.015320623184868112
1773802985.0178285,True,0.67044413,1773802985.002252,341.47217,211.76437,19.784946,46.543987,1.5418762,343.34296,211.5785,952.4596,0.9993346066747821,0.03578127867476296,1.5350065126635146,131.34296,91.57851,-1.5527849884525655,-1.5350065126635146,-0.03,-0.03,0.03,0.0,0.0,-0.015350065126635146
1773802985.027872,True,0.67044413,1773802985.002252,341.47217,211.76437,19.784946,46.543987,1.5418762,342.9688,211.61568,942.9828,0.9994087773288136,0.03372172470088225,1.537067449482789,130.96881,91.61568,-1.5627846168264752,-1.537067449482789,-0.03,-0.03,0.03,0.0,0.0,-0.01537067449482789
1773802985.0380104,True,0.67044413,1773802985.002252,341.47217,211.76437,19.784946,46.543987,1.5418762,342.6695,211.64542,936.34906,0.9994606967866355,0.032280036919165755,1.5385100948317785,130.6695,91.64542,-1.5698443609304622,-1.5385100948317785,-0.03,-0.03,0.03,0.0,0.0,-0.015385100948317786
1773802985.0483766,True,0.67044413,1773802985.002252,341.47217,211.76437,19.784946,46.543987,1.5418762,342.43002,211.6692,931.70544,0.9994970404071108,0.031270855471964204,1.5395199377420763,130.43002,91.669205,-1.5748159331181817,-1.5395199377420763,-0.03,-0.03,0.03,0.0,0.0,-0.015395199377420763
1773802985.0584373,True,0.67044413,1773802985.002252,341.47217,211.76437,19.784946,46.543987,1.5418762,342.23846,211.68825,928.4549,0.9995224809414436,0.03056442845892312,1.5402268221726787,130.23846,91.68825,-1.5783108709458895,-1.5402268221726787,-0.03,-0.03,0.03,0.0,0.0,-0.015402268221726788
1773802985.067762,True,0.713609,1773802985.0597458,340.20364,211.40433,20.277668,46.220512,1.5422821,341.8315,211.63147,931.0917,0.999543785791107,0.02994820746925793,1.5408434111981852,129.83151,91.63147,-1.5754749673753858,-1.5408434111981852,-0.03,-0.03,0.03,0.0,0.0,-0.015408434111981853
1773802985.0777833,True,0.713609,1773802985.0597458,340.20364,211.40433,20.277668,46.220512,1.5422821,341.50595,211.58604,932.93744,0.9995586991858715,0.029516852776492297,1.5412750214597783,129.50595,91.586044,-1.5734945661182502,-1.5412750214597783,-0.03,-0.03,0.03,0.0,0.0,-0.015412750214597783
1773802985.0878258,True,0.713609,1773802985.0597458,340.20364,211.40433,20.277668,46.220512,1.5422821,341.2455,211.54971,934.2295,0.9995691385622066,0.029214904491556358,1.5415771475355509,129.24551,91.54971,-1.5721105577100698,-1.5415771475355509,-0.03,-0.03,0.03,0.0,0.0,-0.015415771475355508
1773802985.0978777,True,0.713609,1773802985.0597458,340.20364,211.40433,20.277668,46.220512,1.5422821,341.03717,211.52065,935.1339,0.9995764461256412,0.029003540692101197,1.541788635211772,129.03717,91.520645,-1.5711429117860594,-1.541788635211772,-0.03,-0.03,0.03,0.0,0.0,-0.01541788635211772
1773802985.107929,True,0.713609,1773802985.0597458,340.20364,211.40433,20.277668,46.220512,1.5422821,340.87048,211.49739,935.767,0.9995815614200454,0.02885558603248259,1.5419366762907474,128.87048,91.49739,-1.5704661593246367,-1.5419366762907474,-0.03,-0.03,0.03,0.0,0.0,-0.015419366762907474
1773802985.1179812,True,0.713609,1773802985.0597458,340.20364,211.40433,20.277668,46.220512,1.5422821,340.73712,211.47879,936.2102,0.9995851421261284,0.02875201777074956,1.542040304897758,128.73712,91.47879,-1.569992611849209,-1.542040304897758,-0.03,-0.03,0.03,0.0,0.0,-0.01542040304897758
1773802985.128031,True,0.713609,1773802985.0597458,340.20364,211.40433,20.277668,46.220512,1.5422821,340.63043,211.4639,936.5204,0.9995876486203864,0.028679519987536442,1.5421128448486314,128.63043,91.4639,-1.569661405193747,-1.5421128448486314,-0.03,-0.03,0.03,0.0,0.0,-0.015421128448486315
1773802985.137922,True,0.82283026,1773802985.130039,340.785,210.55685,20.962585,46.800148,1.5479938,340.66138,211.2825,949.8799,0.9996333639869994,0.026915835474151176,1.5438771235472706,128.66138,91.2825,-1.5554971049198425,-1.5438771235472706,-0.03,-0.03,0.03,0.0,0.0,-0.015438771235472706
1773802985.148114,True,0.82283026,1773802985.130039,340.785,210.55685,20.962585,46.800148,1.5479938,340.68613,211.13737,959.23157,0.9996653647436284,0.025681256314781492,1.5451121230110731,128.68613,91.137375,-1.5457001593642112,-1.5451121230110731,-0.03,-0.03,0.03,0.0,0.0,-0.015451121230110733
1773802985.158186,True,0.82283026,1773802985.130039,340.785,210.55685,20.962585,46.800148,1.5479938,340.70593,211.02127,965.7777,0.9996877652732687,0.024817050903222712,1.5459766224417641,128.70593,91.02127,-1.538898989529393,-1.5459766224417641,-0.03,-0.03,0.03,0.0,0.0,-0.015459766224417642
1773802985.1682541,True,0.82283026,1773802985.130039,340.785,210.55685,20.962585,46.800148,1.5479938,340.72177,210.92839,970.36,0.999703445644017,0.024212107115131568,1.5465817711464036,128.72177,90.92839,-1.5341655509338985,-1.5465817711464036,-0.03,-0.03,0.03,0.0,0.0,-0.015465817711464037
1773802985.177793,True,0.82283026,1773802985.130039,340.785,210.55685,20.962585,46.800148,1.5479938,340.73444,210.8541,973.5676,0.9997144219035408,0.02378864646346776,1.5470053745251824,128.73444,90.854095,-1.5308653697734667,-1.5470053745251824,-0.03,-0.03,0.03,0.0,0.0,-0.015470053745251825
1773802985.1879292,True,0.82283026,1773802985.130039,340.785,210.55685,20.962585,46.800148,1.5479938,340.74457,210.79465,975.813,0.9997221052852074,0.0234922240073031,1.5473018964459089,128.74457,90.79465,-1.5285617199049633,-1.5473018964459089,-0.03,-0.03,0.03,0.0,0.0,-0.015473018964459089
1773802985.1979527,True,0.772126,1773802985.1969528,341.55035,208.89804,20.66888,47.782154,1.5423244,340.90576,210.41534,979.3502,0.9996838845247178,0.02498497371700667,1.5458086543751346,128.90576,90.415344,-1.5249433682020286,-1.5458086543751346,-0.03,-0.03,0.03,0.0,0.0,-0.015458086543751347
1773802985.2081614,True,0.772126,1773802985.1969528,341.55035,208.89804,20.66888,47.782154,1.5423244,341.03467,210.11188,981.8263,0.999657129992375,0.026029898513799166,1.5447633829081218,129.03467,90.11188,-1.522418269059465,-1.5447633829081218,-0.03,-0.03,0.03,0.0,0.0,-0.015447633829081217
1773802985.2178054,True,0.772126,1773802985.1969528,341.55035,208.89804,20.66888,47.782154,1.5423244,341.13782,209.86911,983.55945,0.9996384018197351,0.02676134587155391,1.5440316933099405,129.13782,89.86911,-1.5206545676183427,-1.5440316933099405,-0.03,-0.03,0.03,0.0,0.0,-0.015440316933099406
1773802985.228389,True,0.772126,1773802985.1969528,341.55035,208.89804,20.66888,47.782154,1.5423244,341.22034,209.6749,984.7727,0.9996252920988871,0.027273359021982232,1.5435195112874196,129.22034,89.6749,-1.5194218180252455,-1.5435195112874196,-0.03,-0.03,0.03,0.0,0.0,-0.015435195112874197
1773802985.2380142,True,0.772126,1773802985.1969528,341.55035,208.89804,20.66888,47.782154,1.5423244,341.28638,209.51953,985.62195,0.9996161152942935,0.027631768227282062,1.5431609843795369,129.28638,89.51953,-1.5185598034272012,-1.5431609843795369,-0.03,-0.03,0.03,0.0,0.0,-0.01543160984379537
1773802985.2479808,True,0.772126,1773802985.1969528,341.55035,208.89804,20.66888,47.782154,1.5423244,341.33917,209.39523,986.21643,0.999609691531078,0.027882654670991942,1.5429100158500728,129.33917,89.39523,-1.5179568690262542,-1.5429100158500728,-0.03,-0.03,0.03,0.0,0.0,-0.01542910015850073
1773802985.258157,True,0.5280469,1773802985.2545466,348.46008,204.15613,18.080797,45.883823,1.5368907,342.76337,208.34741,939.2363,0.9995543623206722,0.029687583998012718,1.5411042357870937,130.76337,88.34741,-1.5667655714968103,-1.5411042357870937,-0.03,-0.03,0.03,0.0,0.0,-0.015411042357870938
1773802985.267774,True,0.5280469,1773802985.2545466,348.46008,204.15613,18.080797,45.883823,1.5368907,343.9027,207.50916,906.3502,0.999515631873388,0.030951034526927254,1.5398401853449746,131.90271,87.509155,-1.6024068988099793,-1.5398401853449746,-0.03,-0.03,0.03,0.0,0.0,-0.015398401853449746
1773802985.2779915,True,0.5280469,1773802985.2545466,348.46008,204.15613,18.080797,45.883823,1.5368907,344.81418,206.83855,883.32996,0.999488520560289,0.03183544989716743,1.5389553503869298,132.81418,86.83855,-1.6281338753331678,-1.5389553503869298,-0.03,-0.03,0.03,0.0,0.0,-0.015389553503869297
1773802985.288037,True,0.5280469,1773802985.2545466,348.46008,204.15613,18.080797,45.883823,1.5368907,345.54337,206.30206,867.21576,0.9994695426411198,0.03245454065633556,1.5383359669482248,133.54337,86.30206,-1.6465448545634715,-1.5383359669482248,-0.03,-0.03,0.03,0.0,0.0,-0.015383359669482248
1773802985.2981489,True,0.5280469,1773802985.2545466,348.46008,204.15613,18.080797,45.883823,1.5368907,346.1267,205.87288,855.93585,0.9994562580977013,0.032887904187753246,1.5379023993416576,134.12671,85.87288,-1.6596372100722874,-1.5379023993416576,-0.03,-0.03,0.03,0.0,0.0,-0.015379023993416577
1773802985.3078551,True,0.5280469,1773802985.2545466,348.46008,204.15613,18.080797,45.883823,1.5368907,346.59338,205.52953,848.0399,0.9994469589173085,0.03319125865974563,1.5375989025104617,134.59338,85.529526,-1.6689049595908214,-1.5375989025104617,-0.03,-0.03,0.03,0.0,0.0,-0.015375989025104618
1773802985.318231,True,0.8274859,1773802985.3143797,350.88055,202.88274,20.2048,47.367313,1.5258716,347.45084,205.00018,880.74207,0.9993101879573496,0.036706755799191616,1.5340807396131368,135.45084,85.00018,-1.6310678418754634,-1.5340807396131368,-0.03,-0.03,0.03,0.0,0.0,-0.015340807396131369
1773802985.3280191,True,0.8274859,1773802985.3143797,350.88055,202.88274,20.2048,47.367313,1.5258716,348.13678,204.5767,903.63354,0.9992144482853784,0.03916760379680381,1.5316179884408028,136.13678,84.576706,-1.6054087792942364,-1.5316179884408028,-0.03,-0.03,0.03,0.0,0.0,-0.015316179884408029
1773802985.3379533,True,0.8274859,1773802985.3143797,350.88055,202.88274,20.2048,47.367313,1.5258716,348.68555,204.23792,919.6576,0.9991474305149985,0.04089019739513235,1.5298940629559254,136.68555,84.237915,-1.587831261945094,-1.5298940629559254,-0.03,-0.03,0.03,0.0,0.0,-0.015298940629559254
1773802985.3483365,True,0.8274859,1773802985.3143797,350.88055,202.88274,20.2048,47.367313,1.5258716,349.12457,203.96689,930.87445,0.9991005180757326,0.04209601291396232,1.5286873216391024,137.12457,83.96689,-1.5757082604266914,-1.5286873216391024,-0.03,-0.03,0.03,0.0,0.0,-0.015286873216391024
1773802985.3582861,True,0.8274859,1773802985.3143797,350.88055,202.88274,20.2048,47.367313,1.5258716,349.47577,203.75006,938.72626,0.9990676793682465,0.0429400837771433,1.5278426080941534,137.47577,83.75006,-1.5673087367969465,-1.5278426080941534,-0.03,-0.03,0.03,0.0,0.0,-0.015278426080941534
1773802985.3683512,True,0.8274859,1773802985.3143797,350.88055,202.88274,20.2048,47.367313,1.5258716,349.75674,203.5766,944.22253,0.9990446922730063,0.043530933381369985,1.5272513119953062,137.75674,83.5766,-1.5614708041174319,-1.5272513119953062,-0.03,-0.03,0.03,0.0,0.0,-0.015272513119953063
1773802985.3778973,True,0.6696058,1773802985.373381,352.1586,201.26874,18.977016,45.690945,1.5374913,350.23712,203.11504,921.0791,0.9991649164642246,0.04046130790424053,1.5303233157041938,138.23712,83.115036,-1.5862867672643526,-1.5303233157041938,-0.03,-0.03,0.03,0.0,0.0,-0.015303233157041938
1773802985.3881009,True,0.6696058,1773802985.373381,352.1586,201.26874,18.977016,45.690945,1.5374913,350.62143,202.74579,904.8787,0.9992490733980773,0.03831257007024992,1.53247373665607,138.62143,82.74579,-1.604031718444803,-1.53247373665607,-0.03,-0.03,0.03,0.0,0.0,-0.0153247373665607
1773802985.397936,True,0.6696058,1773802985.373381,352.1586,201.26874,18.977016,45.690945,1.5374913,350.9289,202.4504,893.53845,0.9993079832517743,0.036808453586456485,1.5339790279759935,138.9289,82.45039,-1.6166433227403971,-1.5339790279759935,-0.03,-0.03,0.03,0.0,0.0,-0.015339790279759935
1773802985.4080145,True,0.6696058,1773802985.373381,352.1586,201.26874,18.977016,45.690945,1.5374913,351.17487,202.21407,885.6003,0.9993492201493621,0.03575557204780108,1.5350327260273786,139.17487,82.214066,-1.6255669487297926,-1.5350327260273786,-0.03,-0.03,0.03,0.0,0.0,-0.015350327260273787
1773802985.4185467,True,0.6696058,1773802985.373381,352.1586,201.26874,18.977016,45.690945,1.5374913,351.37164,202.02501,880.0435,0.9993780859776736,0.0350185549707423,1.5357703103339762,139.37164,82.02501,-1.6318613301647038,-1.5357703103339762,-0.03,-0.03,0.03,0.0,0.0,-0.015357703103339762
1773802985.4282503,True,0.6696058,1773802985.373381,352.1586,201.26874,18.977016,45.690945,1.5374913,351.52905,201.87376,876.1538,0.9993982920574916,0.03450264301680116,1.5362866167292468,139.52905,81.873764,-1.636290990463193,-1.5362866167292468,-0.03,-0.03,0.03,0.0,0.0,-0.01536286616729247
1773802985.4382858,True,0.6696058,1773802985.373381,352.1586,201.26874,18.977016,45.690945,1.5374913,351.65497,201.75276,873.431,0.9994124363133643,0.03414150464904235,1.5366480297516623,139.65497,81.75276,-1.6394034769032542,-1.5366480297516623,-0.03,-0.03,0.03,0.0,0.0,-0.015366480297516623
1773802985.4478047,True,0.25421196,1773802985.4382858,356.74075,198.85645,20.844479,47.61228,1.5360607,352.67212,201.1735,909.1377,0.9994077389557301,0.03431764861617907,1.5364718275292866,140.67212,81.17349,-1.5993361122743777,-1.5364718275292866,-0.03,-0.03,0.03,0.0,0.0,-0.015364718275292866
1773802985.457817,True,0.25421196,1773802985.4382858,356.74075,198.85645,20.844479,47.61228,1.5360607,353.48584,200.71008,934.1323,0.9994044508053861,0.034440949393174776,1.5363484862561,141.48584,80.71008,-1.5722145664951372,-1.5363484862561,-0.03,-0.03,0.03,0.0,0.0,-0.015363484862561002
1773802985.468368,True,0.25421196,1773802985.4382858,356.74075,198.85645,20.844479,47.61228,1.5360607,354.1368,200.33936,951.6286,0.9994021491001452,0.03452725993707177,1.5362621475056109,142.13681,80.339355,-1.5536578634285603,-1.5362621475056109,-0.03,-0.03,0.03,0.0,0.0,-0.015362621475056109
1773802985.4779065,True,0.25421196,1773802985.4382858,356.74075,198.85645,20.844479,47.61228,1.5360607,354.6576,200.04277,963.876,0.9994005379064768,0.034587677317799666,1.5362017104500305,142.6576,80.04277,-1.5408700726411422,-1.5362017104500305,-0.03,-0.03,0.03,0.0,0.0,-0.015362017104500305
1773802985.487964,True,0.25421196,1773802985.4382858,356.74075,198.85645,20.844479,47.61228,1.5360607,355.07422,199.80551,972.44916,0.9993994100709087,0.034629969484309193,1.5361594045455815,143.07422,79.80551,-1.5320148781234726,-1.5361594045455815,-0.03,-0.03,0.03,0.0,0.0,-0.015361594045455815
1773802985.4980032,True,0.25421196,1773802985.4382858,356.74075,198.85645,20.844479,47.61228,1.5360607,355.40753,199.61569,978.4504,0.9993986205860113,0.03465957400086586,1.5361297904294453,143.40753,79.61569,-1.5258625773633259,-1.5361297904294453,-0.03,-0.03,0.03,0.0,0.0,-0.015361297904294453
1773802985.5082915,True,0.6815496,1773802985.4995196,359.72595,198.64525,20.57355,46.35472,1.5382273,356.2712,199.4216,971.01965,0.9994199374410313,0.034030676652674854,1.5367590493313465,144.27121,79.4216,-1.53348594215459,-1.5367590493313465,-0.03,-0.03,0.03,0.0,0.0,-0.015367590493313465
1773802985.5178673,True,0.6815496,1773802985.4995196,359.72595,198.64525,20.57355,46.35472,1.5382273,356.96216,199.26633,965.8181,0.9994348592395452,0.03359044850894115,1.5371995306651975,144.96216,79.26633,-1.5388571233169304,-1.5371995306651975,-0.03,-0.03,0.03,0.0,0.0,-0.015371995306651976
1773802985.527936,True,0.6815496,1773802985.4995196,359.72595,198.64525,20.57355,46.35472,1.5382273,357.51492,199.14212,962.17706,0.999445304498505,0.03328228880832756,1.5375078675430676,145.51492,79.14212,-1.5426342106390087,-1.5375078675430676,-0.03,-0.03,0.03,0.0,0.0,-0.015375078675430675
1773802985.5378704,True,0.6815496,1773802985.4995196,359.72595,198.64525,20.57355,46.35472,1.5382273,357.95712,199.04276,959.6283,0.9994526161797768,0.033066577017898044,1.5377237032938431,145.95712,79.042755,-1.545286685997579,-1.5377237032938431,-0.03,-0.03,0.03,0.0,0.0,-0.015377237032938432
1773802985.5480244,True,0.6815496,1773802985.4995196,359.72595,198.64525,20.57355,46.35472,1.5382273,358.31088,198.96326,957.8442,0.9994577343566671,0.032915578764597386,1.537874788275679,146.31088,78.96326,-1.5471475438424176,-1.537874788275679,-0.03,-0.03,0.03,0.0,0.0,-0.01537874788275679
1773802985.5582168,True,0.7813401,1773802985.5567124,362.96848,198.63527,21.199394,45.25396,1.5507102,359.2424,198.89766,958.29785,0.999559898218483,0.029066337613015848,1.5417253836478992,147.2424,78.89766,-1.5466740626469602,-1.5417253836478992,-0.03,-0.03,0.03,0.0,0.0,-0.015417253836478993
1773802985.567776,True,0.7813401,1773802985.5567124,362.96848,198.63527,21.199394,45.25396,1.5507102,359.9876,198.84518,958.6155,0.9996314129217542,0.02637186880690877,1.5444208519470348,147.98761,78.845184,-1.546342654224257,-1.5444208519470348,-0.03,-0.03,0.03,0.0,0.0,-0.015444208519470348
1773802985.5780137,True,0.7813401,1773802985.5567124,362.96848,198.63527,21.199394,45.25396,1.5507102,360.58377,198.8032,958.83777,0.999681473214044,0.024485740642633813,1.5463076807070755,148.58377,78.80321,-1.5461107966012837,-1.5463076807070755,-0.03,-0.03,0.03,0.0,0.0,-0.015463076807070755
1773802985.5880558,True,0.7813401,1773802985.5567124,362.96848,198.63527,21.199394,45.25396,1.5507102,361.0607,198.76962,958.9934,0.9997165154186468,0.023165450927641346,1.547628452968739,149.0607,78.76962,-1.5459484932839995,-1.547628452968739,-0.03,-0.03,0.03,0.0,0.0,-0.01547628452968739
1773802985.598129,True,0.7813401,1773802985.5567124,362.96848,198.63527,21.199394,45.25396,1.5507102,361.44226,198.74275,959.1023,0.9997410449618689,0.022241248127146618,1.5485529868362005,149.44226,78.74275,-1.5458349455737725,-1.5485529868362005,-0.03,-0.03,0.03,0.0,0.0,-0.015485529868362005
1773802985.608293,True,0.7813401,1773802985.5567124,362.96848,198.63527,21.199394,45.25396,1.5507102,361.7475,198.72125,959.1786,0.9997582156421243,0.021594306166800307,1.5492001562720565,149.7475,78.72125,-1.5457553859564865,-1.5492001562720565,-0.03,-0.03,0.03,0.0,0.0,-0.015492001562720566
1773802985.6183085,True,0.7813401,1773802985.5567124,362.96848,198.63527,21.199394,45.25396,1.5507102,361.9917,198.70406,959.23193,0.9997702351183031,0.02114144679455789,1.5496531724478289,149.9917,78.704056,-1.5456998098385297,-1.5496531724478289,-0.03,-0.03,0.03,0.0,0.0,-0.015496531724478289
1773802985.6278307,True,0.61142296,1773802985.62383,365.55615,199.67447,19.005611,46.24363,1.5585976,362.7046,198.89813,935.1289,0.999816843390108,0.018458550621389756,1.5523364918594673,150.70459,78.89813,-1.5711482897915443,-1.5523364918594673,-0.03,-0.03,0.03,0.0,0.0,-0.015523364918594674
1773802985.6380332,True,0.61142296,1773802985.62383,365.55615,199.67447,19.005611,46.24363,1.5585976,363.2749,199.0534,918.2567,0.9998494691803714,0.01658052330017206,1.5542148270794232,151.2749,79.053406,-1.5893556539858362,-1.5542148270794232,-0.03,-0.03,0.03,0.0,0.0,-0.015542148270794231
1773802985.6480901,True,0.61142296,1773802985.62383,365.55615,199.67447,19.005611,46.24363,1.5585976,363.73117,199.17761,906.44617,0.9998723072335558,0.015265904175319676,1.5555296592088796,151.73117,79.17761,-1.6023010336076504,-1.5555296592088796,-0.03,-0.03,0.03,0.0,0.0,-0.015555296592088796
1773802985.6583176,True,0.61142296,1773802985.62383,365.55615,199.67447,19.005611,46.24363,1.5585976,364.0962,199.27698,898.17883,0.9998882938707849,0.014345670787923006,1.556450037641634,152.09619,79.27698,-1.6114634507355994,-1.556450037641634,-0.03,-0.03,0.03,0.0,0.0,-0.01556450037641634
1773802985.6683612,True,0.61142296,1773802985.62383,365.55615,199.67447,19.005611,46.24363,1.5585976,364.38818,199.35648,892.3917,0.9998994845168453,0.013701507416745338,1.557094299588679,152.38818,79.356476,-1.6179274844502884,-1.557094299588679,-0.03,-0.03,0.03,0.0,0.0,-0.01557094299588679
1773802985.677914,True,0.61142296,1773802985.62383,365.55615,199.67447,19.005611,46.24363,1.5585976,364.6218,199.42007,888.3407,0.9999073179690875,0.01325059305692097,1.5575452811713741,152.6218,79.420074,-1.6224773137400779,-1.5575452811713741,-0.03,-0.03,0.03,0.0,0.0,-0.015575452811713741
1773802985.687943,True,0.804981,1773802985.6844378,365.66794,200.48698,19.24836,46.0642,1.5672632,364.83105,199.63345,887.8366,0.999933250180881,0.01033533729842779,1.5604606676227755,152.83105,79.63345,-1.6230449611174966,-1.5604606676227755,-0.03,-0.03,0.03,0.0,0.0,-0.015604606676227754
1773802985.6981704,True,0.804981,1773802985.6844378,365.66794,200.48698,19.24836,46.0642,1.5672632,364.9984,199.80417,887.4837,0.9999514027291364,0.008294658267482564,1.5625014556578627,152.99841,79.80417,-1.6234425363144345,-1.5625014556578627,-0.03,-0.03,0.03,0.0,0.0,-0.015625014556578627
1773802985.7078602,True,0.804981,1773802985.6844378,365.66794,200.48698,19.24836,46.0642,1.5672632,365.13232,199.94073,887.2367,0.9999641095129153,0.006866182945820906,1.5639300053189946,153.13232,79.940735,-1.6237208498961389,-1.5639300053189946,-0.03,-0.03,0.03,0.0,0.0,-0.015639300053189947
1773802985.7180116,True,0.804981,1773802985.6844378,365.66794,200.48698,19.24836,46.0642,1.5672632,365.23944,200.04999,887.0638,0.9999730042615604,0.0058662502206577455,1.564929985501812,153.23944,80.04999,-1.623915783534475,-1.564929985501812,-0.03,-0.03,0.03,0.0,0.0,-0.01564929985501812
1773802985.7281995,True,0.804981,1773802985.6844378,365.66794,200.48698,19.24836,46.0642,1.5672632,365.32513,200.13739,886.94275,0.999979230585612,0.005166297313043534,1.565629968144689,153.32513,80.13739,-1.624052237013519,-1.565629968144689,-0.03,-0.03,0.03,0.0,0.0,-0.01565629968144689
1773802985.7378488,True,0.804981,1773802985.6844378,365.66794,200.48698,19.24836,46.0642,1.5672632,365.39368,200.2073,886.85803,0.9999835890124481,0.004676330277713586,1.566119953861388,153.39368,80.207306,-1.6241477277237557,-1.566119953861388,-0.03,-0.03,0.03,0.0,0.0,-0.01566119953861388
1773802985.7479432,True,0.804981,1773802985.6844378,365.66794,200.48698,19.24836,46.0642,1.5672632,365.44855,200.26324,886.7987,0.9999866399112334,0.004333353352982622,1.5664629426717693,153.44855,80.263245,-1.624214644700266,-1.5664629426717693,-0.03,-0.03,0.03,0.0,0.0,-0.015664629426717695
1773802985.7581654,True,0.44481298,1773802985.753165,363.6543,203.32909,48.88663,18.750595,-0.0096068075,365.08972,200.87642,895.7551,0.6971086500208303,0.30301950384102705,1.1607549041170477,153.08972,80.87642,-1.614165570860789,-1.1607549041170477,-0.03,-0.03,0.03,0.0,0.0,-0.011607549041170477
1773802985.767704,True,0.44481298,1773802985.753165,363.6543,203.32909,48.88663,18.750595,-0.0096068075,364.80264,201.36696,902.0246,0.4850940570975481,0.5120998091826582,0.7583230341709175,152.80264,81.36696,-1.6071908702246787,-0.7583230341709175,-0.03,-0.03,0.03,0.0,0.0,-0.0075832303417091755
1773802985.7780094,True,0.44481298,1773802985.753165,363.6543,203.32909,48.88663,18.750595,-0.0096068075,364.573,201.75938,906.41327,0.33668384205125057,0.6584560229217999,0.4726650824403269,152.573,81.759384,-1.6023373564636931,-0.4726650824403267,-0.03,-0.03,0.03,0.0,0.0,-0.004726650824403267
1773802985.7885711,True,0.44481298,1773802985.753165,363.6543,203.32909,48.88663,18.750595,-0.0096068075,364.38928,202.07333,909.4853,0.23279669151884233,0.7609053725391992,0.29690375880744524,152.38928,82.07333,-1.598953829314852,-0.29690375880744524,-0.03,-0.03,0.03,0.0,0.0,-0.0029690375880744523
1773802985.7986012,True,0.44481298,1773802985.753165,363.6543,203.32909,48.88663,18.750595,-0.0096068075,364.2423,202.3245,911.63574,0.16007568614615655,0.8326199172713786,0.1899378726685467,152.24231,82.32449,-1.5965921389266413,-0.18993787266854678,-0.03,-0.03,0.03,0.0,0.0,-0.0018993787266854678
1773802985.8081112,True,0.44481298,1773802985.753165,363.6543,203.32909,48.88663,18.750595,-0.0096068075,364.12473,202.52542,913.14105,0.10917098238527652,0.8828200985839042,0.12303700966802869,152.12473,82.52542,-1.5949423414918786,-0.12303700966802866,-0.03,-0.03,0.03,0.0,0.0,-0.0012303700966802866
1773802985.8177462,True,0.44481298,1773802985.753165,363.6543,203.32909,48.88663,18.750595,-0.0096068075,364.03064,202.68616,914.19476,0.0735376897526605,0.9179602255026721,0.07993917275567049,152.03064,82.68616,-1.593789071303273,-0.07993917275567064,-0.03,-0.03,0.03,0.0,0.0,-0.0007993917275567064
1773802985.8277462,True,0.34856045,1773802985.8232305,362.76114,206.999,18.776035,47.66887,1.5594751,363.77673,203.54872,908.44604,0.3514571573844613,0.6459684640546413,0.4982851166251657,151.77673,83.54872,-1.6000972047913058,-0.4982851166251656,-0.03,-0.03,0.03,0.0,0.0,-0.0049828511662516565
1773802985.8379781,True,0.34856045,1773802985.8232305,362.76114,206.999,18.776035,47.66887,1.5594751,363.5736,204.23877,904.42194,0.5460007847267219,0.45557423104101974,0.8754384000592578,151.57361,84.23877,-1.6045367171682072,-0.8754384000592577,-0.03,-0.03,0.03,0.0,0.0,-0.008754384000592577
1773802985.8480184,True,0.34856045,1773802985.8232305,362.76114,206.999,18.776035,47.66887,1.5594751,363.41113,204.79082,901.60504,0.6821813238663043,0.3222982679314847,1.1294285776741704,151.41113,84.79082,-1.607656114905705,-1.1294285776741706,-0.03,-0.03,0.03,0.0,0.0,-0.011294285776741707
1773802985.8578486,True,0.34856045,1773802985.8232305,362.76114,206.999,18.776035,47.66887,1.5594751,363.28113,205.23245,899.63324,0.7775077012640119,0.22900509375481015,1.2843585994849271,151.28113,85.23245,-1.6098455273552665,-1.2843585994849271,-0.03,-0.03,0.03,0.0,0.0,-0.012843585994849272
1773802985.8684335,True,0.34856045,1773802985.8232305,362.76114,206.999,18.776035,47.66887,1.5594751,363.17712,205.58575,898.253,0.8442361654424073,0.16369987183113796,1.379270142308191,151.17712,85.585754,-1.6113808836425105,-1.379270142308191,-0.03,-0.03,0.03,0.0,0.0,-0.01379270142308191
1773802985.8780055,True,0.34856045,1773802985.8232305,362.76114,206.999,18.776035,47.66887,1.5594751,363.09393,205.86841,897.2868,0.890946090367284,0.11798621648456742,1.4391344110103808,151.09393,85.86841,-1.61245710463137,-1.4391344110103808,-0.03,-0.03,0.03,0.0,0.0,-0.014391344110103808
1773802985.888032,True,0.34856045,1773802985.8232305,362.76114,206.999,18.776035,47.66887,1.5594751,363.0274,206.09453,896.6105,0.9236430378146977,0.08598665774196805,1.4779687612475612,151.0274,86.09453,-1.613211126640937,-1.4779687612475612,-0.03,-0.03,0.03,0.0,0.0,-0.014779687612475612
1773802985.8978674,True,0.30904043,1773802985.8915539,358.22415,210.00934,19.765352,47.503967,1.5618588,362.06677,206.8775,909.3071,0.9465381445704932,0.06287189079200926,1.5044707684600644,150.06677,86.8775,-1.5991497458240769,-1.5044707684600644,-0.03,-0.03,0.03,0.0,0.0,-0.015044707684600644
1773802985.9077826,True,0.30904043,1773802985.8915539,358.22415,210.00934,19.765352,47.503967,1.5618588,361.29825,207.50388,918.19476,0.9625647192995501,0.04669155392703812,1.5223268750287906,149.29825,87.503876,-1.5894231308865252,-1.5223268750287906,-0.03,-0.03,0.03,0.0,0.0,-0.015223268750287906
1773802985.918093,True,0.30904043,1773802985.8915539,358.22415,210.00934,19.765352,47.503967,1.5618588,360.68344,208.00497,924.41614,0.97378332160989,0.03536531812155831,1.5344948404258696,148.68344,88.004974,-1.5826703136581355,-1.5344948404258696,-0.03,-0.03,0.03,0.0,0.0,-0.015344948404258697
1773802985.9285061,True,0.30904043,1773802985.8915539,358.22415,210.00934,19.765352,47.503967,1.5618588,360.1916,208.40585,928.7711,0.9816363432271279,0.02743695305772245,1.5428533804324767,148.19159,88.40585,-1.5779703281783777,-1.5428533804324767,-0.03,-0.03,0.03,0.0,0.0,-0.015428533804324768
1773802985.938542,True,0.30904043,1773802985.8915539,358.22415,210.00934,19.765352,47.503967,1.5618588,359.79813,208.72656,931.8196,0.9871334583591944,0.021887097513037343,1.5486275797886107,147.79813,88.72656,-1.5746934469804799,-1.5486275797886107,-0.03,-0.03,0.03,0.0,0.0,-0.015486275797886107
1773802985.9480731,True,0.30904043,1773802985.8915539,358.22415,210.00934,19.765352,47.503967,1.5618588,359.48334,208.98312,933.9535,0.9909814389516409,0.01800219863175777,1.5526322946077147,147.48334,88.98312,-1.5724060312386958,-1.5526322946077147,-0.03,-0.03,0.03,0.0,0.0,-0.015526322946077148
1773802985.958155,True,0.6571569,1773802985.957152,350.5436,212.93256,19.185894,46.28575,1.5543375,357.6954,209.77303,920.1775,0.9936463742440422,0.017538963696985783,1.553147047331063,145.6954,89.773026,-1.5872661252229878,-1.553147047331063,-0.03,-0.03,0.03,0.0,0.0,-0.015531470473310629
1773802985.9677665,True,0.6571569,1773802985.957152,350.5436,212.93256,19.185894,46.28575,1.5543375,356.26508,210.40494,910.5343,0.995511828948723,0.01721469924264539,1.553505740002706,144.26508,90.40494,-1.5978010812421273,-1.553505740002706,-0.03,-0.03,0.03,0.0,0.0,-0.01553505740002706
1773802985.9781687,True,0.6571569,1773802985.957152,350.5436,212.93256,19.185894,46.28575,1.5543375,355.1208,210.91048,903.78406,0.9968176472419996,0.016987714124607114,1.5537560287133318,143.12079,90.91048,-1.6052422002141433,-1.5537560287133318,-0.03,-0.03,0.03,0.0,0.0,-0.01553756028713332
1773802985.9879785,True,0.6571569,1773802985.957152,350.5436,212.93256,19.185894,46.28575,1.5543375,354.20538,211.3149,899.05884,0.9977317200472933,0.01682882454198032,1.5539308422653015,142.20538,91.314896,-1.6104842082020876,-1.5539308422653015,-0.03,-0.03,0.03,0.0,0.0,-0.015539308422653015
1773802985.9979658,True,0.6571569,1773802985.957152,350.5436,212.93256,19.185894,46.28575,1.5543375,353.47305,211.63844,895.7512,0.9983715710109988,0.016717601834141567,1.5540530219013546,141.47305,91.63844,-1.6141699875443394,-1.5540530219013546,-0.03,-0.03,0.03,0.0,0.0,-0.015540530219013547
1773802986.0078287,True,0.6571569,1773802985.957152,350.5436,212.93256,19.185894,46.28575,1.5543375,352.88718,211.89728,893.4359,0.9988194666855927,0.01663974593865444,1.5541384548035142,140.88718,91.89728,-1.6167580725014266,-1.5541384548035142,-0.03,-0.03,0.03,0.0,0.0,-0.015541384548035142
1773802986.0179,True,0.6571569,1773802985.957152,350.5436,212.93256,19.185894,46.28575,1.5543375,352.4185,212.10434,891.8152,0.9991329936578084,0.016585246811813448,1.5541982124047449,140.41849,92.10434,-1.6185737557363884,-1.5541982124047449,-0.03,-0.03,0.03,0.0,0.0,-0.015541982124047449
1773802986.027818,True,0.783041,1773802986.0239248,349.01416,212.94675,19.916065,45.646442,1.5612516,351.7376,212.27283,896.9999,0.9993794305082219,0.014473035234445996,1.5563153167650408,139.73761,92.27283,-1.6127769301180583,-1.5563153167650408,-0.03,-0.03,0.03,0.0,0.0,-0.015563153167650407
1773802986.0382555,True,0.783041,1773802986.0239248,349.01416,212.94675,19.916065,45.646442,1.5612516,351.19293,212.40762,900.62915,0.9995519363035114,0.012994487130288779,1.5577967470085343,139.19293,92.40762,-1.6087391282678705,-1.5577967470085343,-0.03,-0.03,0.03,0.0,0.0,-0.015577967470085344
1773802986.0481517,True,0.783041,1773802986.0239248,349.01416,212.94675,19.916065,45.646442,1.5612516,350.75717,212.51546,903.1697,0.999672690360214,0.011959503457378728,1.558833478294488,138.75717,92.51546,-1.6059222697109012,-1.558833478294488,-0.03,-0.03,0.03,0.0,0.0,-0.01558833478294488
1773802986.0577867,True,0.783041,1773802986.0239248,349.01416,212.94675,19.916065,45.646442,1.5612516,350.40857,212.60173,904.948,0.9997572181999058,0.011235014886341693,1.5595590566130029,138.40857,92.60173,-1.603955171839313,-1.5595590566130029,-0.03,-0.03,0.03,0.0,0.0,-0.01559559056613003
1773802986.0685189,True,0.783041,1773802986.0239248,349.01416,212.94675,19.916065,45.646442,1.5612516,350.1297,212.67075,906.1929,0.9998163876876901,0.01072787288661577,1.5600668955224837,138.1297,92.670746,-1.6025804798501566,-1.5600668955224837,-0.03,-0.03,0.03,0.0,0.0,-0.015600668955224837
1773802986.0785406,True,0.783041,1773802986.0239248,349.01416,212.94675,19.916065,45.646442,1.5612516,349.9066,212.72595,907.06433,0.9998578063291391,0.010372873486807623,1.560422350304393,137.90659,92.72595,-1.6016192816777801,-1.560422350304393,-0.03,-0.03,0.03,0.0,0.0,-0.01560422350304393
1773802986.087644,True,0.83191496,1773802986.0810547,347.3154,212.85736,48.258617,19.871359,0.006924729,349.38834,212.75224,922.6343,0.7019778664866346,0.3072538186890338,1.1582202923399996,137.38834,92.75224,-1.584599723914897,-1.1582202923399996,-0.03,-0.03,0.03,0.0,0.0,-0.011582202923399995
1773802986.0978432,True,0.83191496,1773802986.0810547,347.3154,212.85736,48.258617,19.871359,0.006924729,348.97375,212.77327,933.5333,0.49346190859688155,0.5150704803305921,0.7639756822604082,136.97375,92.77327,-1.5728560135838,-0.7639756822604085,-0.03,-0.03,0.03,0.0,0.0,-0.007639756822604085
1773802986.1080022,True,0.83191496,1773802986.0810547,347.3154,212.85736,48.258617,19.871359,0.006924729,348.6421,212.79008,941.1626,0.3475007380740544,0.6605421434796829,0.48429650279931785,136.64209,92.790085,-1.5647167550183876,-0.4842965027993178,-0.03,-0.03,0.03,0.0,0.0,-0.004842965027993178
1773802986.1184225,True,0.83191496,1773802986.0810547,347.3154,212.85736,48.258617,19.871359,0.006924729,348.37674,212.80354,946.50305,0.24532791870807538,0.7623723076840464,0.31133074343197686,136.37674,92.80354,-1.55905845056848,-0.31133074343197675,-0.03,-0.03,0.03,0.0,0.0,-0.0031133074343197677
1773802986.1283312,True,0.83191496,1773802986.0810547,347.3154,212.85736,48.258617,19.871359,0.006924729,348.16446,212.81432,950.24146,0.17380694515189007,0.8336534226271008,0.2055438593973465,136.16446,92.814316,-1.5551165378873169,-0.20554385939734665,-0.03,-0.03,0.03,0.0,0.0,-0.0020554385939734665
1773802986.1380372,True,0.83191496,1773802986.0810547,347.3154,212.85736,48.258617,19.871359,0.006924729,347.99466,212.82292,952.8583,0.12374226366256039,0.8835502030872391,0.13914615408037406,135.99466,92.82292,-1.552366464724481,-0.139146154080374,-0.03,-0.03,0.03,0.0,0.0,-0.0013914615408037402
1773802986.14808,True,0.8466104,1773802986.142548,345.9016,212.04724,48.15802,20.12783,0.03692555,347.57605,212.6678,957.7958,0.09769473250792922,0.9182806409565221,0.10599006787343866,135.57605,92.6678,-1.5471980897416402,-0.10599006787343868,-0.03,-0.03,0.03,0.0,0.0,-0.0010599006787343867
1773802986.1580894,True,0.8466104,1773802986.142548,345.9016,212.04724,48.15802,20.12783,0.03692555,347.24118,212.5437,961.25195,0.0794614606996874,0.9425919474650202,0.08410216558446876,135.24118,92.5437,-1.5435961322581453,-0.08410216558446892,-0.03,-0.03,0.03,0.0,0.0,-0.0008410216558446893
1773802986.1680808,True,0.8466104,1773802986.142548,345.9016,212.04724,48.15802,20.12783,0.03692555,346.97327,212.44441,963.67126,0.06669817043391814,0.9596098620209688,0.06939390339319122,134.97327,92.44441,-1.5410824176811997,-0.06939390339319118,-0.03,-0.03,0.03,0.0,0.0,-0.0006939390339319118
1773802986.1787748,True,0.8466104,1773802986.142548,345.9016,212.04724,48.15802,20.12783,0.03692555,346.75894,212.36499,965.36487,0.05776386724787966,0.9715224022101328,0.05938714671234811,134.75894,92.36499,-1.5393265695956206,-0.05938714671234813,-0.03,-0.03,0.03,0.0,0.0,-0.0005938714671234813
1773802986.1883152,True,0.8466104,1773802986.142548,345.9016,212.04724,48.15802,20.12783,0.03692555,346.5875,212.30145,966.5503,0.05150985501765272,0.9798611803425477,0.05252017966564284,134.5875,92.30145,-1.5380993216244743,-0.05252017966564271,-0.03,-0.03,0.03,0.0,0.0,-0.0005252017966564271
1773802986.1978664,True,0.8466104,1773802986.142548,345.9016,212.04724,48.15802,20.12783,0.03692555,346.45032,212.25063,967.3801,0.04713204645649387,0.985698325035238,0.04777950229336379,134.45032,92.250626,-1.5372411641125021,-0.047779502293363585,-0.03,-0.03,0.03,0.0,0.0,-0.0004777950229336359
1773802986.2081943,True,0.89276004,1773802986.2016642,345.83112,211.64973,49.553757,21.17403,0.06624486,346.32648,212.13046,991.9419,0.05285135921287705,0.989330810932589,0.05337058963934072,134.32648,92.13046,-1.5121681246613417,-0.053370589639340604,-0.03,-0.03,0.03,0.0,0.0,-0.0005337058963934061
1773802986.2183256,True,0.89276004,1773802986.2016642,345.83112,211.64973,49.553757,21.17403,0.06624486,346.22742,212.03433,1009.13513,0.05685487814234527,0.9918735510607347,0.05725803648901474,134.22742,92.03433,-1.4949837278336313,-0.05725803648901495,-0.03,-0.03,0.03,0.0,0.0,-0.0005725803648901495
1773802986.2278414,True,0.89276004,1773802986.2016642,345.83112,211.64973,49.553757,21.17403,0.06624486,346.14816,211.95743,1021.1704,0.05965734139297303,0.9936534691504366,0.05996639417605641,134.14816,91.95743,-1.483127961644836,-0.059966394176056426,-0.03,-0.03,0.03,0.0,0.0,-0.0005996639417605642
1773802986.23789,True,0.89276004,1773802986.2016642,345.83112,211.64973,49.553757,21.17403,0.06624486,346.08478,211.8959,1029.5951,0.061619065668412465,0.9948994118132279,0.061855959261622094,134.08478,91.895905,-1.474911779210478,-0.06185595926162213,-0.03,-0.03,0.03,0.0,0.0,-0.0006185595926162213
1773802986.2478182,True,0.89276004,1773802986.2016642,345.83112,211.64973,49.553757,21.17403,0.06624486,346.03406,211.84668,1035.4924,0.06299227266122007,0.9957715716771819,0.06317557981419064,134.03406,91.84668,-1.469200329285379,-0.06317557981419064,-0.03,-0.03,0.03,0.0,0.0,-0.0006317557981419064
1773802986.2578893,True,0.89276004,1773802986.2016642,345.83112,211.64973,49.553757,21.17403,0.06624486,345.99347,211.80728,1039.6205,0.06395351755618539,0.9963820835819497,0.06409780910970349,133.99347,91.80728,-1.465221693423521,-0.06409780910970353,-0.03,-0.03,0.03,0.0,0.0,-0.0006409780910970354
1773802986.2676747,True,0.52641886,1773802986.2601414,335.60455,216.47029,47.42025,21.718252,0.06935271,343.91568,212.7399,1036.6998,0.06555660030026046,0.9967462779062031,0.06567600873815947,131.91568,92.7399,-1.4680349967253736,-0.06567600873815937,-0.03,-0.03,0.03,0.0,0.0,-0.0006567600873815938
1773802986.2777574,True,0.52641886,1773802986.2601414,335.60455,216.47029,47.42025,21.718252,0.06935271,342.25345,213.486,1034.6554,0.06667875822111301,0.9970012139331805,0.06677986817532969,130.25345,93.48599,-1.4700089511216354,-0.06677986817532977,-0.03,-0.03,0.03,0.0,0.0,-0.0006677986817532977
1773802986.2879372,True,0.52641886,1773802986.2601414,335.60455,216.47029,47.42025,21.718252,0.06935271,340.92368,214.08286,1033.2242,0.0674642687657098,0.9971796691520647,0.06755213720738718,128.92368,94.082855,-1.4713931321400104,-0.06755213720738729,-0.03,-0.03,0.03,0.0,0.0,-0.0006755213720738729
1773802986.2979581,True,0.52641886,1773802986.2601414,335.60455,216.47029,47.42025,21.718252,0.06935271,339.85986,214.56033,1032.2224,0.06801412614692755,0.9973045878052835,0.06809251315006357,127.85986,94.56033,-1.4723632585769866,-0.06809251315006337,-0.03,-0.03,0.03,0.0,0.0,-0.0006809251315006337
1773802986.3081722,True,0.52641886,1773802986.2601414,335.60455,216.47029,47.42025,21.718252,0.06935271,339.00882,214.94232,1031.5211,0.06839902631377998,0.9973920308625368,0.06847067210074703,127.00882,94.94232,-1.4730428619949738,-0.06847067210074709,-0.03,-0.03,0.03,0.0,0.0,-0.0006847067210074708
1773802986.3185294,True,0.52641886,1773802986.2601414,335.60455,216.47029,47.42025,21.718252,0.06935271,338.32797,215.24792,1031.0303,0.06866845643057667,0.997453241002614,0.06873533225474461,126.32797,95.247925,-1.4735188203219742,-0.06873533225474482,-0.03,-0.03,0.03,0.0,0.0,-0.0006873533225474482
1773802986.3284588,True,0.8380494,1773802986.324539,329.54822,218.73135,48.54538,20.796148,0.058689468,336.57202,215.94463,1024.5883,0.06566465386728387,0.9977007489468286,0.06572119491668962,124.57202,95.944626,-1.4797865362172695,-0.06572119491668982,-0.03,-0.03,0.03,0.0,0.0,-0.0006572119491668982
1773802986.3381348,True,0.8380494,1773802986.324539,329.54822,218.73135,48.54538,20.796148,0.058689468,335.16727,216.50198,1020.07886,0.06356199207297891,0.9978740045077787,0.06361147381304855,123.16727,96.50198,-1.4841974293085543,-0.06361147381304866,-0.03,-0.03,0.03,0.0,0.0,-0.0006361147381304865
1773802986.3481424,True,0.8380494,1773802986.324539,329.54822,218.73135,48.54538,20.796148,0.058689468,334.04346,216.94786,1016.92224,0.062090128816965434,0.997995283400444,0.0621347664500091,122.04346,96.94786,-1.487296717939719,-0.06213476645000915,-0.03,-0.03,0.03,0.0,0.0,-0.0006213476645000915
1773802986.3580482,True,0.8380494,1773802986.324539,329.54822,218.73135,48.54538,20.796148,0.058689468,333.1444,217.30457,1014.71265,0.061059824537756005,0.9980801786253095,0.06110112301856401,121.14441,97.304565,-1.4894719164742112,-0.061101123018564074,-0.03,-0.03,0.03,0.0,0.0,-0.0006110112301856408
1773802986.3681011,True,0.8380494,1773802986.324539,329.54822,218.73135,48.54538,20.796148,0.058689468,332.42517,217.58994,1013.1659,0.060338611542309406,0.9981396052827154,0.06037759932949969,120.42517,97.589935,-1.4909974153024341,-0.06037759932949971,-0.03,-0.03,0.03,0.0,0.0,-0.0006037759932949971
1773802986.3781805,True,0.8380494,1773802986.324539,329.54822,218.73135,48.54538,20.796148,0.058689468,331.8498,217.81822,1012.0832,0.05983376244549678,0.9981812039428997,0.0598711463058988,119.84979,97.81822,-1.4920666574519448,-0.05987114630589874,-0.03,-0.03,0.03,0.0,0.0,-0.0005987114630589873
1773802986.3878562,True,0.8380494,1773802986.324539,329.54822,218.73135,48.54538,20.796148,0.058689468,331.38947,218.00085,1011.3253,0.05948036807772794,0.9982103230050285,0.05951663599413966,119.389465,98.000854,-1.4928157481160031,-0.05951663599413948,-0.03,-0.03,0.03,0.0,0.0,-0.0005951663599413948
1773802986.3979924,True,0.8380494,1773802986.324539,329.54822,218.73135,48.54538,20.796148,0.058689468,331.0212,218.14696,1010.7948,0.059232992020289754,0.9982307063485187,0.05926848216544971,119.02121,98.14696,-1.4933404191218211,-0.059268482165449665,-0.03,-0.03,0.03,0.0,0.0,-0.0005926848216544966
1773802986.4081805,True,0.7958703,1773802986.3979924,325.9461,221.3408,47.06783,20.361244,0.05892269,330.00623,218.78572,995.0642,0.059129674376959485,0.9982408626021377,0.059164743361758323,118.006226,98.78572,-1.5090254116150201,-0.059164743361758365,-0.03,-0.03,0.03,0.0,0.0,-0.0005916474336175836
1773802986.4182398,True,0.7958703,1773802986.3979924,325.9461,221.3408,47.06783,20.361244,0.05892269,329.1942,219.29674,984.0528,0.05905735202662829,0.9982479719796711,0.059092126696456915,117.194214,99.29674,-1.5201531219728543,-0.059092126696457026,-0.03,-0.03,0.03,0.0,0.0,-0.0005909212669645702
1773802986.4282017,True,0.7958703,1773802986.3979924,325.9461,221.3408,47.06783,20.361244,0.05892269,328.54462,219.70555,976.34485,0.05900672638139645,0.9982529485439444,0.05904129527488743,116.54462,99.70555,-1.5280168028436274,-0.05904129527488733,-0.03,-0.03,0.03,0.0,0.0,-0.0005904129527488733
1773802986.438283,True,0.7958703,1773802986.3979924,325.9461,221.3408,47.06783,20.361244,0.05892269,328.0249,220.03261,970.9493,0.058971288429734176,0.9982564321389357,0.059005713399580405,116.0249,100.03261,-1.5335584541139158,-0.05900571339958027,-0.03,-0.03,0.03,0.0,0.0,-0.0005900571339958028
1773802986.4478228,True,0.7958703,1773802986.3979924,325.9461,221.3408,47.06783,20.361244,0.05892269,327.60913,220.29425,967.17236,0.05894648186357057,0.9982588706554296,0.058980806145619,115.60913,100.29425,-1.5374559291172247,-0.05898080614561918,-0.03,-0.03,0.03,0.0,0.0,-0.0005898080614561918
1773802986.4580169,True,0.79220724,1773802986.4538379,324.55994,222.5095,48.448845,20.955545,0.052142616,326.9993,220.7373,981.60223,0.05689823477247839,0.9983734739862578,0.05692935042762212,114.9993,100.737305,-1.5226464734494862,-0.05692935042762226,-0.03,-0.03,0.03,0.0,0.0,-0.0005692935042762226
1773802986.4680798,True,0.79220724,1773802986.4538379,324.55994,222.5095,48.448845,20.955545,0.052142616,326.51144,221.09175,991.7032,0.055464461808713866,0.9984536963178374,0.05549332521063568,114.511444,101.09175,-1.5124088094512924,-0.05549332521063555,-0.03,-0.03,0.03,0.0,0.0,-0.0005549332521063555
1773802986.4780855,True,0.79220724,1773802986.4538379,324.55994,222.5095,48.448845,20.955545,0.052142616,326.12115,221.3753,998.7738,0.054460820734078694,0.9985098519499431,0.054488108188683174,114.121155,101.375305,-1.50530431353149,-0.05448810818868299,-0.03,-0.03,0.03,0.0,0.0,-0.00054488108188683
1773802986.4881938,True,0.79220724,1773802986.4538379,324.55994,222.5095,48.448845,20.955545,0.052142616,325.80893,221.60216,1003.72327,0.053758271981834076,0.9985491608924173,0.053784457842507884,113.80893,101.60216,-1.5003610620711418,-0.05378445784250774,-0.03,-0.03,0.03,0.0,0.0,-0.0005378445784250774
1773802986.4982395,True,0.79220724,1773802986.4538379,324.55994,222.5095,48.448845,20.955545,0.052142616,325.55914,221.78363,1007.18787,0.05326648785526284,0.9985766771521492,0.05329190380144283,113.55914,101.78363,-1.496915248081163,-0.053291903801442775,-0.03,-0.03,0.03,0.0,0.0,-0.0005329190380144277
1773802986.507783,True,0.79220724,1773802986.4538379,324.55994,222.5095,48.448845,20.955545,0.052142616,325.3593,221.92882,1009.6131,0.05292223896666298,0.9985959385339613,0.05294711670960876,113.359314,101.92882,-1.4945101971152404,-0.05294711670960872,-0.03,-0.03,0.03,0.0,0.0,-0.0005294711670960872
1773802986.5178096,True,0.884762,1773802986.5133033,319.76398,226.89818,47.556267,21.459406,0.0658785,324.24023,222.9227,1012.88794,0.056794825725911574,0.998366395808123,0.056826509646273664,112.240234,102.9227,-1.4912717850191666,-0.05682650964627367,-0.03,-0.03,0.03,0.0,0.0,-0.0005682650964627368
1773802986.5278656,True,0.884762,1773802986.5133033,319.76398,226.89818,47.556267,21.459406,0.0658785,323.34497,223.7178,1015.1803,0.05950563645738559,0.9982057159000363,0.05954213423776717,111.34497,103.717804,-1.489011160012843,-0.05954213423776711,-0.03,-0.03,0.03,0.0,0.0,-0.0005954213423776711
1773802986.5380838,True,0.884762,1773802986.5133033,319.76398,226.89818,47.556267,21.459406,0.0658785,322.62878,224.35388,1016.78503,0.0614032039694174,0.9980932399643755,0.06144307087176738,110.628784,104.35388,-1.487431704964321,-0.06144307087176726,-0.03,-0.03,0.03,0.0,0.0,-0.0006144307087176726
1773802986.5486405,True,0.884762,1773802986.5133033,319.76398,226.89818,47.556267,21.459406,0.0658785,322.05582,224.86275,1017.9083,0.06273150122783966,0.998014506809413,0.06277371770677809,110.05582,104.86275,-1.4863275491282202,-0.06277371770677798,-0.03,-0.03,0.03,0.0,0.0,-0.0006277371770677798
1773802986.5581622,True,0.884762,1773802986.5133033,319.76398,226.89818,47.556267,21.459406,0.0658785,321.59744,225.26984,1018.6946,0.06366130930873524,0.9979593936009392,0.06370516325115194,109.59744,105.26984,-1.485555391132914,-0.06370516325115183,-0.03,-0.03,0.03,0.0,0.0,-0.0006370516325115183
1773802986.5679018,True,0.884762,1773802986.5133033,319.76398,226.89818,47.556267,21.459406,0.0658785,321.23074,225.5955,1019.245,0.06431217496536215,0.9979208143550076,0.06435717058172134,109.23074,105.595505,-1.485015248230666,-0.06435717058172141,-0.03,-0.03,0.03,0.0,0.0,-0.0006435717058172141
1773802986.5779407,True,0.88587093,1773802986.5754204,319.13058,228.57883,47.088722,22.015644,0.055265725,320.8107,226.19217,1024.478,0.061589801256218685,0.9980865415977025,0.06162973014937981,108.8107,106.19217,-1.4798941352624906,-0.06162973014938,-0.03,-0.03,0.03,0.0,0.0,-0.0006162973014938
1773802986.5878046,True,0.88587093,1773802986.5754204,319.13058,228.57883,47.088722,22.015644,0.055265725,320.47467,226.6695,1028.1411,0.05968413965981826,0.998202550667589,0.05972051209586251,108.47467,106.669495,-1.4763249425355145,-0.0597205120958626,-0.03,-0.03,0.03,0.0,0.0,-0.000597205120958626
1773802986.5979786,True,0.88587093,1773802986.5754204,319.13058,228.57883,47.088722,22.015644,0.055265725,320.20584,227.05136,1030.7053,0.05835017654233796,0.9982837570165095,0.058384063316935554,108.20584,107.05136,-1.473834039812252,-0.058384063316935464,-0.03,-0.03,0.03,0.0,0.0,-0.0005838406331693547
1773802986.607796,True,0.88587093,1773802986.5754204,319.13058,228.57883,47.088722,22.015644,0.055265725,319.99078,227.35687,1032.5002,0.05741640236010175,0.9983406014607539,0.05744855402464631,107.99078,107.35687,-1.4720940922997132,-0.057448554024646103,-0.03,-0.03,0.03,0.0,0.0,-0.0005744855402464611
1773802986.6180027,True,0.88587093,1773802986.5754204,319.13058,228.57883,47.088722,22.015644,0.055265725,319.81876,227.60126,1033.7568,0.056762760432536405,0.998380392571725,0.05679370091402564,107.818756,107.60126,-1.4708778370387956,-0.0567937009140258,-0.03,-0.03,0.03,0.0,0.0,-0.000567937009140258
1773802986.6285417,True,0.88587093,1773802986.5754204,319.13058,228.57883,47.088722,22.015644,0.055265725,319.68112,227.79678,1034.6364,0.05630521108324066,0.9984082463494047,0.056335305748130234,107.68112,107.79678,-1.470027357113486,-0.05633530574813017,-0.03,-0.03,0.03,0.0,0.0,-0.0005633530574813017
1773802986.6381068,True,0.90317285,1773802986.6360607,318.87653,229.84958,47.167664,21.468733,0.04013105,319.5202,228.20734,1028.0344,0.05144973179106039,0.9986442296749933,0.05147407072077881,107.5202,108.20734,-1.4764287127230589,-0.05147407072077881,-0.03,-0.03,0.03,0.0,0.0,-0.0005147407072077881
1773802986.648063,True,0.90317285,1773802986.6360607,318.87653,229.84958,47.167664,21.468733,0.04013105,319.39148,228.5358,1023.4131,0.0480508962865342,0.9988094180029053,0.04807111067109658,107.39148,108.5358,-1.4809342014772622,-0.048071110671096484,-0.03,-0.03,0.03,0.0,0.0,-0.00048071110671096487
1773802986.658138,True,0.90317285,1773802986.6360607,318.87653,229.84958,47.167664,21.468733,0.04013105,319.28848,228.79855,1020.17816,0.04567171143336587,0.9989250498324438,0.04568904072856097,107.28848,108.79855,-1.4841001457481307,-0.04568904072856084,-0.03,-0.03,0.03,0.0,0.0,-0.0004568904072856084
1773802986.6677551,True,0.90317285,1773802986.6360607,318.87653,229.84958,47.167664,21.468733,0.04013105,319.2061,229.00876,1017.9137,0.04400628203614804,0.9990059921131207,0.04402160956778472,107.206085,109.00876,-1.4863222791016084,-0.04402160956778456,-0.03,-0.03,0.03,0.0,0.0,-0.0004402160956778456
1773802986.6778598,True,0.90317285,1773802986.6360607,318.87653,229.84958,47.167664,21.468733,0.04013105,319.14017,229.17694,1016.32855,0.042840481458095554,0.9990626517095945,0.04285442222984557,107.14017,109.17694,-1.4878807157184724,-0.04285442222984548,-0.03,-0.03,0.03,0.0,0.0,-0.0004285442222984548
1773802986.687915,True,0.90317285,1773802986.6360607,318.87653,229.84958,47.167664,21.468733,0.04013105,319.08743,229.31146,1015.219,0.04202442105345881,0.9991023134271262,0.04203740015901188,107.08743,109.31146,-1.488973048430514,-0.042037400159011806,-0.03,-0.03,0.03,0.0,0.0,-0.00042037400159011806
1773802986.6983297,True,0.88073814,1773802986.6949317,319.04337,229.92662,46.959633,21.076069,0.03597009,319.0786,229.4345,1007.5706,0.04020579544320532,0.9991775631977746,0.04021719261762975,107.07861,109.434494,-1.4965353005716517,-0.04021719261762957,-0.03,-0.03,0.03,0.0,0.0,-0.0004021719261762957
1773802986.7076864,True,0.88073814,1773802986.6949317,319.04337,229.92662,46.959633,21.076069,0.03597009,319.07156,229.53291,1002.2168,0.03893275751602787,0.9992302380372284,0.038943051101802253,107.07156,109.53291,-1.5018630640753459,-0.03894305110180207,-0.03,-0.03,0.03,0.0,0.0,-0.0003894305110180207
1773802986.7182825,True,0.88073814,1773802986.6949317,319.04337,229.92662,46.959633,21.076069,0.03597009,319.06592,229.61165,998.4691,0.038041630967003665,0.9992671104248461,0.038051156451636946,107.06592,109.61165,-1.5056094330894894,-0.038051156451636814,-0.03,-0.03,0.03,0.0,0.0,-0.00038051156451636816
1773802986.7278519,True,0.88073814,1773802986.6949317,319.04337,229.92662,46.959633,21.076069,0.03597009,319.0614,229.67464,995.8457,0.037417842382686715,0.9992929210961785,0.03742683323831701,107.0614,109.67464,-1.5082403146344197,-0.03742683323831697,-0.03,-0.03,0.03,0.0,0.0,-0.0003742683323831697
1773802986.737934,True,0.88073814,1773802986.6949317,319.04337,229.92662,46.959633,21.076069,0.03597009,319.0578,229.72504,994.00934,0.036981190373664846,0.9993109885661111,0.03698980878145778,107.0578,109.72504,-1.5100860519720904,-0.03698980878145797,-0.03,-0.03,0.03,0.0,0.0,-0.0003698980878145797
1773802986.7479534,True,0.88073814,1773802986.6949317,319.04337,229.92662,46.959633,21.076069,0.03597009,319.05493,229.76535,992.7239,0.036675533967349544,0.9993236357950641,0.0366838926435422,107.05493,109.76535,-1.5113801521576438,-0.036683892643542215,-0.03,-0.03,0.03,0.0,0.0,-0.00036683892643542217
1773802986.758001,True,0.87888056,1773802986.7534666,317.2623,229.13225,47.55016,21.38063,0.027644143,318.6964,229.63873,999.9024,0.03396506028928546,0.9994119225640984,0.03397197113345759,106.69641,109.63873,-1.504175026499462,0.0,-0.03,-0.03,0.03,0.0,0.0,0.0
1773802986.768012,True,0.87888056,1773802986.7534666,317.2623,229.13225,47.55016,21.38063,0.027644143,318.4096,229.53743,1004.9274,0.0320677287146406,0.9994737233024223,0.03207361135366509,106.40961,109.53743,-1.4991620702342507,0.0,-0.03,-0.03,0.03,0.0,0.0,0.0
1773802986.7779698,True,0.87888056,1773802986.7534666,317.2623,229.13225,47.55016,21.38063,0.027644143,318.18015,229.45639,1008.44495,0.030739596612389196,0.9995169838192491,0.03074476078359359,106.180145,109.45639,-1.4956679132763633,0.0,-0.03,-0.03,0.03,0.0,0.0,0.0
1773802986.7880085,True,0.87888056,1773802986.7534666,317.2623,229.13225,47.55016,21.38063,0.027644143,317.99658,229.39156,1010.90717,0.029809904140813213,0.9995472661810278,0.029814568921726573,105.99658,109.391556,-1.493229307291962,0.0,-0.03,-0.03,0.03,0.0,0.0,0.0
1773802986.7981844,True,0.87888056,1773802986.7534666,317.2623,229.13225,47.55016,21.38063,0.027644143,317.84973,229.33969,1012.63074,0.029159119410710026,0.999568463834273,0.02916343735045196,105.84973,109.33969,-1.491525768206527,0.0,-0.03,-0.03,0.03,0.0,0.0,0.0
1773802986.807834,True,0.87888056,1773802986.7534666,317.2623,229.13225,47.55016,21.38063,0.027644143,317.73224,229.2982,1013.8372,0.028703570099637796,0.9995833021915446,0.028707646931839775,105.73224,109.2982,-1.4903350681259402,0.0,-0.03,-0.03,0.03,0.0,0.0,0.0
1773802986.818193,True,0.87888056,1773802986.7534666,317.2623,229.13225,47.55016,21.38063,0.027644143,317.63824,229.26501,1014.68176,0.028384685581887233,0.9995936890416347,0.028388594580142194,105.638245,109.265015,-1.489502381186973,0.0,-0.03,-0.03,0.03,0.0,0.0,0.0
1773802986.828325,True,0.5360793,1773802986.822208,317.96884,228.13962,47.390533,21.893085,0.023042481,317.70438,229.03995,1021.5347,0.026781412614219017,0.9996359424607002,0.02678475896473356,105.70438,109.03995,-1.4827712669501425,0.0,-0.03,-0.03,0.03,0.0,0.0,0.0
1773802986.8378487,True,0.5360793,1773802986.822208,317.96884,228.13962,47.390533,21.893085,0.023042481,317.75726,228.8599,1026.3318,0.025659121536851265,0.9996655198540461,0.025662072207231903,105.75726,108.85989,-1.4780863204411987,0.0,-0.03,-0.03,0.03,0.0,0.0,0.0
1773802986.847834,True,0.5360793,1773802986.822208,317.96884,228.13962,47.390533,21.893085,0.023042481,317.7996,228.71585,1029.6897,0.024873517782693838,0.9996862240293882,0.024876192337980274,105.79959,108.71585,-1.474819888159335,0.0,-0.03,-0.03,0.03,0.0,0.0,0.0
1773802986.8579319,True,0.5360793,1773802986.822208,317.96884,228.13962,47.390533,21.893085,0.023042481,317.83344,228.60062,1032.0403,0.02432359515478364,0.9997007169521277,0.02432607745373034,105.833435,108.60062,-1.4725397109212135,0.0,-0.03,-0.03,0.03,0.0,0.0,0.0
1773802986.86846,True,0.5360793,1773802986.822208,317.96884,228.13962,47.390533,21.893085,0.023042481,317.86053,228.50842,1033.6857,0.023938649315246502,0.9997108619980454,0.02394099774322545,105.860535,108.50842,-1.470946661777275,0.0,-0.03,-0.03,0.03,0.0,0.0,0.0
1773802986.8782237,True,0.5360793,1773802986.822208,317.96884,228.13962,47.390533,21.893085,0.023042481,317.8822,228.43468,1034.8374,0.023669187227570505,0.9997179635301877,0.023671442363885107,105.8822,108.43468,-1.4698330743277361,0.0,-0.03,-0.03,0.03,0.0,0.0,0.0
1773802986.8880343,True,0.63742185,1773802986.8792388,317.11166,227.89487,46.09433,21.447773,0.021826457,317.7281,228.32672,1020.9724,0.023115848341434,0.9997311181726831,0.02311794618333705,105.72809,108.32672,-1.4833218893952407,0.0,-0.03,-0.03,0.03,0.0,0.0,0.0
1773802986.8983605,True,0.63742185,1773802986.8792388,317.11166,227.89487,46.09433,21.447773,0.021826457,317.6048,228.24036,1011.2669,0.02272851112113845,0.9997403264224298,0.0227304990740301,105.6048,108.24036,-1.4928735008369698,0.0,-0.03,-0.03,0.03,0.0,0.0,0.0
1773802986.9082086,True,0.63742185,1773802986.8792388,317.11166,227.89487,46.09433,21.447773,0.021826457,317.50616,228.17126,1004.4731,0.022457375066931563,0.9997467721972526,0.022459286276061384,105.506165,108.171265,-1.499614310808311,0.0,-0.03,-0.03,0.03,0.0,0.0,0.0
1773802986.9183981,True,0.63742185,1773802986.8792388,317.11166,227.89487,46.09433,21.447773,0.021826457,317.42725,228.116,999.7174,0.022267579828986743,0.9997512842396286,0.022269437429728058,105.427246,108.116,-1.5043599999739348,0.0,-0.03,-0.03,0.03,0.0,0.0,0.0
1773802986.9284456,True,0.63742185,1773802986.8792388,317.11166,227.89487,46.09433,21.447773,0.021826457,317.36414,228.07178,996.3884,0.02213472316242537,0.9997544426692917,0.022136543300786342,105.364136,108.07178,-1.5076955212898402,0.0,-0.03,-0.03,0.03,0.0,0.0,0.0
1773802986.9379644,True,0.63742185,1773802986.8792388,317.11166,227.89487,46.09433,21.447773,0.021826457,317.31366,228.0364,994.0581,0.02204172349583241,0.9997566535700559,0.02204351744455067,105.31366,108.03641,-1.510037010227201,0.0,-0.03,-0.03,0.03,0.0,0.0,0.0
1773802986.9480278,True,0.29443464,1773802986.941506,313.74365,227.1518,45.231033,20.61026,0.029522203,316.59967,227.85948,975.5077,0.02428458085659915,0.9996989329242938,0.024287117852944563,104.59967,107.85948,-1.5288746386868117,0.0,-0.03,-0.03,0.03,0.0,0.0,0.0
1773802986.9578497,True,0.29443464,1773802986.941506,313.74365,227.1518,45.231033,20.61026,0.029522203,316.02847,227.71794,962.52234,0.025854581009135867,0.9996585284722603,0.025857648123750916,104.02847,107.71794,-1.5422754352694754,0.0,-0.03,-0.03,0.03,0.0,0.0,0.0
1773802986.9679637,True,0.29443464,1773802986.941506,313.74365,227.1518,45.231033,20.61026,0.029522203,315.5715,227.60472,953.4326,0.02695358111591157,0.999630245355837,0.02695701939856245,103.5715,107.60472,-1.5517639040026556,0.0,-0.03,-0.03,0.03,0.0,0.0,0.0
1773802986.9780433,True,0.29443464,1773802986.941506,313.74365,227.1518,45.231033,20.61026,0.029522203,315.20593,227.51414,947.0698,0.02772288119065456,0.9996104471743406,0.027726577683764065,103.20593,107.514145,-1.5584598459113344,0.0,-0.03,-0.03,0.03,0.0,0.0,0.0
1773802986.9880698,True,0.29443464,1773802986.941506,313.74365,227.1518,45.231033,20.61026,0.029522203,314.91348,227.44168,942.61584,0.02826139124297465,0.999596588447293,0.02826526713031406,102.91348,107.44168,-1.563173875967698,0.0,-0.03,-0.03,0.03,0.0,0.0,0.0
1773802986.9976864,True,0.29443464,1773802986.941506,313.74365,227.1518,45.231033,20.61026,0.029522203,314.6795,227.38371,939.49805,0.02863834827959872,0.9995868873383598,0.028642348885893464,102.679504,107.38371,-1.5664869620708355,0.0,-0.03,-0.03,0.03,0.0,0.0,0.0
1773802987.007929,True,0.29443464,1773802986.941506,313.74365,227.1518,45.231033,20.61026,0.029522203,314.49234,227.33733,937.3157,0.028902218205235565,0.9995800965621064,0.02890630562832833,102.49234,107.337326,-1.5688125848955714,0.0,-0.03,-0.03,0.03,0.0,0.0,0.0
1773802987.0181503,True,0.29443464,1773802986.941506,313.74365,227.1518,45.231033,20.61026,0.029522203,314.3426,227.30022,935.78796,0.029086927153181355,0.9995753430187291,0.029091075086839828,102.34259,107.30022,-1.5704437306109522,0.0,-0.03,-0.03,0.03,0.0,0.0,0.0
1773802987.0282698,True,0.29443464,1773802986.941506,313.74365,227.1518,45.231033,20.61026,0.029522203,314.2228,227.27054,934.7186,0.02921622341674341,0.9995720155383649,0.029220413571985383,102.22281,107.27054,-1.5715870890636285,0.0,-0.03,-0.03,0.03,0.0,0.0,0.0
1773802987.0383203,True,0.29443464,1773802986.941506,313.74365,227.1518,45.231033,20.61026,0.029522203,314.12698,227.2468,933.9701,0.02930673080123685,0.9995696863021102,0.029310950442354173,102.12698,107.246796,-1.5723882256970365,0.0,-0.03,-0.03,0.03,0.0,0.0,0.0
1773802987.0485263,True,0.29443464,1773802986.941506,313.74365,227.1518,45.231033,20.61026,0.029522203,314.05032,227.2278,933.44604,0.029370085970382258,0.9995680558367317,0.02937432621676717,102.05032,107.2278,-1.5729495399569762,0.0,-0.03,-0.03,0.03,0.0,0.0,0.0
1773802987.0580127,True,0.35606918,1773802987.0558295,307.25272,230.40706,46.451015,22.312986,0.031991795,312.6908,227.86365,964.35046,0.030154961534671516,0.9995441309397564,0.03015956681456029,100.690796,107.86365,-1.5403779283692314,0.0,-0.03,-0.03,0.03,0.0,0.0,0.0
1773802987.0678506,True,0.35606918,1773802987.0558295,307.25272,230.40706,46.451015,22.312986,0.031991795,311.60318,228.37234,985.9835,0.030704374429673997,0.9995273835118736,0.03070923552059642,99.60318,108.372345,-1.51819303453456,0.0,-0.03,-0.03,0.03,0.0,0.0,0.0
1773802987.0779057,True,0.35606918,1773802987.0558295,307.25272,230.40706,46.451015,22.312986,0.031991795,310.7331,228.7793,1001.1267,0.031088963456175733,0.9995156603123556,0.031094003549638004,98.73309,108.7793,-1.502951294664815,0.0,-0.03,-0.03,0.03,0.0,0.0,0.0
1773802987.0880883,True,0.35606918,1773802987.0558295,307.25272,230.40706,46.451015,22.312986,0.031991795,310.03702,229.10486,1011.7269,0.031358175774726944,0.9995074540726931,0.03136334106733536,98.03702,109.10486,-1.4924186641521888,0.0,-0.03,-0.03,0.03,0.0,0.0,0.0
1773802987.0979016,True,0.35606918,1773802987.0558295,307.25272,230.40706,46.451015,22.312986,0.031991795,309.48016,229.3653,1019.1471,0.031546624397712796,0.9995017097049292,0.03155187725518676,97.48016,109.365295,-1.485111304951049,0.0,-0.03,-0.03,0.03,0.0,0.0,0.0
1773802987.1081512,True,0.35606918,1773802987.0558295,307.25272,230.40706,46.451015,22.312986,0.031991795,309.03467,229.57364,1024.3412,0.03167853843380289,0.9994976886474947,0.031683852541842944,97.03467,109.57364,-1.4800277338862766,0.0,-0.03,-0.03,0.03,0.0,0.0,0.0
1773802987.1176875,True,0.7901462,1773802987.1096716,306.93832,232.6868,47.70367,22.066841,0.050471097,308.61542,230.19629,1032.8396,0.03730987856045662,0.9992663634092376,0.03731993476810962,96.61542,110.19629,-1.4717655270554535,-0.037319934768109686,-0.03,-0.03,0.03,0.0,0.0,-0.00037319934768109686
1773802987.127804,True,0.7901462,1773802987.1096716,306.93832,232.6868,47.70367,22.066841,0.050471097,308.28,230.6944,1038.7886,0.04125181664911424,0.9991044357424577,0.04126535483053377,96.28,110.6944,-1.4660221972300103,-0.04126535483053395,-0.03,-0.03,0.03,0.0,0.0,-0.0004126535483053395
1773802987.1381044,True,0.7901462,1773802987.1096716,306.93832,232.6868,47.70367,22.066841,0.050471097,308.01166,231.0929,1042.9528,0.04401117331117457,0.9989910863757117,0.04402715228804083,96.01166,111.092896,-1.4620215060546997,-0.04402715228804066,-0.03,-0.03,0.03,0.0,0.0,-0.0004402715228804066
1773802987.1481698,True,0.7901462,1773802987.1096716,306.93832,232.6868,47.70367,22.066841,0.050471097,307.797,231.41168,1045.8677,0.0459427229746168,0.9989117418189895,0.04596038603882213,95.797,111.41168,-1.4592305600256013,-0.04596038603882224,-0.03,-0.03,0.03,0.0,0.0,-0.0004596038603882224
1773802987.1583493,True,0.7901462,1773802987.1096716,306.93832,232.6868,47.70367,22.066841,0.050471097,307.62524,231.66672,1047.9082,0.04729480773902636,0.9988562006292838,0.047313628708108964,95.625244,111.66672,-1.4572813941832838,-0.04731362870810907,-0.03,-0.03,0.03,0.0,0.0,-0.0004731362870810907
1773802987.1680255,True,0.7901462,1773802987.1096716,306.93832,232.6868,47.70367,22.066841,0.050471097,307.48785,231.87073,1049.3365,0.04824126707411305,0.99881732179649,0.048260885232907724,95.487854,111.87073,-1.4559192798585217,-0.048260885232907835,-0.03,-0.03,0.03,0.0,0.0,-0.00048260885232907834
1773802987.17791,True,0.8595833,1773802987.1753058,306.6959,234.23766,49.013134,21.056679,0.054657243,307.32947,232.34412,1044.1517,0.050157896937628774,0.9987241246694765,0.05017981363128927,95.32947,112.34412,-1.4608725960978866,-0.05017981363128943,-0.03,-0.03,0.03,0.0,0.0,-0.0005017981363128943
1773802987.187747,True,0.8595833,1773802987.1753058,306.6959,234.23766,49.013134,21.056679,0.054657243,307.20276,232.72282,1040.5223,0.05149953784208978,0.998658886680567,0.05152305737256269,95.20276,112.722824,-1.4643545483092257,-0.051523057372562686,-0.03,-0.03,0.03,0.0,0.0,-0.0005152305737256269
1773802987.1977828,True,0.8595833,1773802987.1753058,306.6959,234.23766,49.013134,21.056679,0.054657243,307.10138,233.0258,1037.9817,0.05243868647521248,0.9986132200883304,0.05246332197635612,95.10138,113.0258,-1.466799245688176,-0.05246332197635617,-0.03,-0.03,0.03,0.0,0.0,-0.0005246332197635617
1773802987.2078686,True,0.8595833,1773802987.1753058,306.6959,234.23766,49.013134,21.056679,0.054657243,307.0203,233.26817,1036.2034,0.05309609051839837,0.9985812534737648,0.05312150322001822,95.020294,113.26817,-1.468513948028521,-0.053121503220018074,-0.03,-0.03,0.03,0.0,0.0,-0.0005312150322001807
1773802987.2182155,True,0.8595833,1773802987.1753058,306.6959,234.23766,49.013134,21.056679,0.054657243,306.9554,233.46208,1034.9585,0.053556273348628496,0.9985588768435689,0.05358222778705073,94.955414,113.46208,-1.4697160562817482,-0.053582227787050574,-0.03,-0.03,0.03,0.0,0.0,-0.0005358222778705057
1773802987.2282574,True,0.8595833,1773802987.1753058,306.6959,234.23766,49.013134,21.056679,0.054657243,306.9035,233.6172,1034.0872,0.053878401329789584,0.9985432132024317,0.05390473373388538,94.9035,113.6172,-1.470558360277526,-0.05390473373388538,-0.03,-0.03,0.03,0.0,0.0,-0.0005390473373388538
1773802987.2381277,True,0.8595833,1773802987.1753058,306.6959,234.23766,49.013134,21.056679,0.054657243,306.862,233.7413,1033.4772,0.054103890916602344,0.9985322486536357,0.05413048724250168,94.862,113.7413,-1.471148363055901,-0.05413048724250169,-0.03,-0.03,0.03,0.0,0.0,-0.0005413048724250169
1773802987.248502,True,0.8647231,1773802987.2466578,306.74796,234.79799,49.586823,21.507133,0.054793842,306.8392,233.95264,1043.3752,0.054302651961332195,0.9985223319533061,0.054329494132813905,94.8392,113.95264,-1.4616165381602262,-0.05432949413281385,-0.03,-0.03,0.03,0.0,0.0,-0.0005432949413281385
1773802987.2581985,True,0.8647231,1773802987.2466578,306.74796,234.79799,49.586823,21.507133,0.054793842,306.82095,234.1217,1050.3038,0.05444178469264309,0.9985153902630755,0.05446879874591596,94.82095,114.121704,-1.454997910943905,-0.054468798745916036,-0.03,-0.03,0.03,0.0,0.0,-0.0005446879874591604
1773802987.2679205,True,0.8647231,1773802987.2466578,306.74796,234.79799,49.586823,21.507133,0.054793842,306.80637,234.25696,1055.1538,0.054539177604560715,0.9985105310799139,0.05456631186877572,94.806366,114.25696,-1.450390856552134,-0.054566311868775585,-0.03,-0.03,0.03,0.0,0.0,-0.0005456631186877559
1773802987.2779331,True,0.8647231,1773802987.2466578,306.74796,234.79799,49.586823,21.507133,0.054793842,306.79468,234.36516,1058.5488,0.05460735264290305,0.998507129651701,0.05463457100153419,94.79468,114.36516,-1.4471784756203472,-0.05463457100153413,-0.03,-0.03,0.03,0.0,0.0,-0.0005463457100153413
1773802987.2879767,True,0.8647231,1773802987.2466578,306.74796,234.79799,49.586823,21.507133,0.054793842,306.78534,234.45172,1060.9253,0.05465507516974268,0.9985047486519518,0.05468235236798122,94.78534,114.45172,-1.4449359332694347,-0.054682352367981135,-0.03,-0.03,0.03,0.0,0.0,-0.0005468235236798113
1773802987.2974956,True,0.8647231,1773802987.2466578,306.74796,234.79799,49.586823,21.507133,0.054793842,306.77786,234.52098,1062.5889,0.05468848093853043,0.9985030819521274,0.054715799311381666,94.77786,114.52098,-1.4433691215868603,-0.05471579931138182,-0.03,-0.03,0.03,0.0,0.0,-0.0005471579931138182
1773802987.308169,True,0.8647231,1773802987.2466578,306.74796,234.79799,49.586823,21.507133,0.054793842,306.77188,234.57639,1063.7534,0.05471186497668185,0.9985019152622504,0.05473921216529042,94.77188,114.576385,-1.4422737681199262,-0.05473921216529032,-0.03,-0.03,0.03,0.0,0.0,-0.0005473921216529032
1773802987.3182273,True,0.8647231,1773802987.2466578,306.74796,234.79799,49.586823,21.507133,0.054793842,306.7671,234.62071,1064.5686,0.05472823380338785,0.9985010985793364,0.05475560115983957,94.76709,114.62071,-1.4415077276498094,-0.05475560115983935,-0.03,-0.03,0.03,0.0,0.0,-0.0005475560115983935
1773802987.3279622,True,0.6779477,1773802987.3202698,305.31006,238.65717,50.44091,21.590538,0.060739238,306.4757,235.42801,1071.9119,0.05652033294660476,0.9983975508655918,0.05655068939368263,94.47571,115.42801,-1.4346335747939096,-0.056550689393682685,-0.03,-0.03,0.03,0.0,0.0,-0.0005655068939368268
1773802987.3382442,True,0.6779477,1773802987.3202698,305.31006,238.65717,50.44091,21.590538,0.060739238,306.24258,236.07384,1077.0522,0.0577748023468566,0.9983250674659705,0.057807256314042654,94.242584,116.07384,-1.4298495056712759,-0.05780725631404282,-0.03,-0.03,0.03,0.0,0.0,-0.0005780725631404282
1773802987.347929,True,0.6779477,1773802987.3202698,305.31006,238.65717,50.44091,21.590538,0.060739238,306.0561,236.5905,1080.6505,0.05865293092703289,0.9982743290862357,0.05868685322284475,94.05609,116.5905,-1.4265141798948389,-0.058686853222844615,-0.03,-0.03,0.03,0.0,0.0,-0.0005868685322284461
1773802987.358186,True,0.6779477,1773802987.3202698,305.31006,238.65717,50.44091,21.590538,0.060739238,305.9069,237.00383,1083.1692,0.05926762093315628,0.9982388122204213,0.059302570246091514,93.90689,117.00383,-1.4241862018323126,-0.059302570246091424,-0.03,-0.03,0.03,0.0,0.0,-0.0005930257024609143
1773802987.3679802,True,0.6779477,1773802987.3202698,305.31006,238.65717,50.44091,21.590538,0.060739238,305.78754,237.3345,1084.9324,0.05969790393744266,0.9982139504143512,0.05973357147435932,93.78754,117.3345,-1.4225597554389784,-0.059733571474359426,-0.03,-0.03,0.03,0.0,0.0,-0.0005973357147435942
1773802987.3780499,True,0.6779477,1773802987.3202698,305.31006,238.65717,50.44091,21.590538,0.060739238,305.69205,237.59903,1086.1665,0.059999102040443134,0.9981965471501022,0.06003527189766618,93.69205,117.59903,-1.421422864277106,-0.06003527189766622,-0.03,-0.03,0.03,0.0,0.0,-0.0006003527189766622
1773802987.3877828,True,0.8990407,1773802987.379063,303.25137,242.24495,50.266045,23.130379,0.05594096,305.20392,238.52821,1109.1183,0.058772907621906054,0.9982682967617114,0.058806977553155435,93.20392,118.52821,-1.400512016778734,-0.05880697755315545,-0.03,-0.03,0.03,0.0,0.0,-0.0005880697755315545
1773802987.398037,True,0.8990407,1773802987.379063,303.25137,242.24495,50.266045,23.130379,0.05594096,304.81342,239.27156,1125.1846,0.05791457152893009,0.9983185214898378,0.05794717064592585,92.813416,119.27156,-1.3861303425892433,-0.057947170645925805,-0.03,-0.03,0.03,0.0,0.0,-0.0005794717064592581
1773802987.4081075,True,0.8990407,1773802987.379063,303.25137,242.24495,50.266045,23.130379,0.05594096,304.501,239.86624,1136.431,0.05731373626384692,0.9983536787995263,0.0573453061753029,92.50101,119.86624,-1.3761847132512726,-0.05734530617530309,-0.03,-0.03,0.03,0.0,0.0,-0.0005734530617530309
1773802987.4179444,True,0.8990407,1773802987.379063,303.25137,242.24495,50.266045,23.130379,0.05594096,304.2511,240.34198,1144.3035,0.05689315157828871,0.9983782889163082,0.056924001495003665,92.2511,120.34198,-1.3692812802970065,-0.05692400149500365,-0.03,-0.03,0.03,0.0,0.0,-0.0005692400149500365
1773802987.4279726,True,0.8990407,1773802987.379063,303.25137,242.24495,50.266045,23.130379,0.05594096,304.05115,240.72258,1149.8142,0.05659874229839795,0.9983955159980555,0.056629088531673526,92.05115,120.72258,-1.3644770426902544,-0.05662908853167359,-0.03,-0.03,0.03,0.0,0.0,-0.0005662908853167359
1773802987.437622,True,0.8990407,1773802987.379063,303.25137,242.24495,50.266045,23.130379,0.05594096,303.8912,241.02705,1153.6718,0.056392655802474434,0.9984075749552787,0.05642264964248431,91.891205,121.027054,-1.3611277219401792,-0.056422649642484224,-0.03,-0.03,0.03,0.0,0.0,-0.0005642264964248422
1773802987.4477832,True,0.8990407,1773802987.379063,303.25137,242.24495,50.266045,23.130379,0.05594096,303.76324,241.27063,1156.372,0.05624839525532796,0.9984160162253349,0.05627814252168932,91.763245,121.27063,-1.35878994704134,-0.05627814252168939,-0.03,-0.03,0.03,0.0,0.0,-0.0005627814252168939
1773802987.4582868,True,0.8935578,1773802987.4477832,300.58603,246.97955,50.65169,22.855858,0.06067276,303.1278,242.41241,1156.7667,0.05756453935785355,0.9983392031547982,0.05759652730739409,91.12781,122.412415,-1.3584485743627277,-0.05759652730739395,-0.03,-0.03,0.03,0.0,0.0,-0.0005759652730739396
1773802987.4679132,True,0.8935578,1773802987.4477832,300.58603,246.97955,50.65169,22.855858,0.06067276,302.61945,243.32584,1157.0431,0.058485840229621465,0.9982854340054224,0.058519398377018216,90.619446,123.325836,-1.3582096596256932,-0.05851939837701803,-0.03,-0.03,0.03,0.0,0.0,-0.0005851939837701802
1773802987.4779994,True,0.8935578,1773802987.4477832,300.58603,246.97955,50.65169,22.855858,0.06067276,302.21277,244.05658,1157.2366,0.059130750839859005,0.9982477956008593,0.059165407992948914,90.21277,124.05658,-1.3580425343880025,-0.05916540799294889,-0.03,-0.03,0.03,0.0,0.0,-0.000591654079929489
1773802987.488041,True,0.8935578,1773802987.4477832,300.58603,246.97955,50.65169,22.855858,0.06067276,301.88742,244.64117,1157.372,0.059582188267025285,0.998221448717665,0.05961761432445432,89.88742,124.641174,-1.3579254938132623,-0.05961761432445423,-0.03,-0.03,0.03,0.0,0.0,-0.0005961761432445423
1773802987.497605,True,0.8935578,1773802987.4477832,300.58603,246.97955,50.65169,22.855858,0.06067276,301.62714,245.10886,1157.4667,0.05989819446604168,0.9982030058994291,0.05993415844592417,89.62714,125.10886,-1.3578436894262769,-0.05993415844592409,-0.03,-0.03,0.03,0.0,0.0,-0.000599341584459241
1773802987.5079596,True,0.8258759,1773802987.5059605,298.4193,249.67513,53.62576,23.911469,0.06254988,300.98557,246.02211,1194.908,0.06068146672874567,0.9981554222952248,0.06071887596714822,88.985565,126.02211,-1.3260081826558032,-0.0607188759671482,-0.03,-0.03,0.03,0.0,0.0,-0.000607188759671482
1773802987.5178244,True,0.8258759,1773802987.5059605,298.4193,249.67513,53.62576,23.911469,0.06254988,300.47232,246.75272,1221.1167,0.061229757312638466,0.9981221137722818,0.061268178257498966,88.47232,126.752716,-1.3043116355117774,-0.061268178257499084,-0.03,-0.03,0.03,0.0,0.0,-0.0006126817825749908
1773802987.5277796,True,0.8258759,1773802987.5059605,298.4193,249.67513,53.62576,23.911469,0.06254988,300.0617,247.3372,1239.4629,0.06161356072136342,0.9980987978062217,0.06165268966754998,88.06171,127.337204,-1.2893992824735874,-0.061652689667549776,-0.03,-0.03,0.03,0.0,0.0,-0.0006165268966754978
1773802987.538303,True,0.8258759,1773802987.5059605,298.4193,249.67513,53.62576,23.911469,0.06254988,299.73322,247.8048,1252.3052,0.061882223107470886,0.9980824766299796,0.06192184748937008,87.733215,127.804794,-1.2790914237381696,-0.06192184748937013,-0.03,-0.03,0.03,0.0,0.0,-0.0006192184748937013
1773802987.5480833,True,0.8258759,1773802987.5059605,298.4193,249.67513,53.62576,23.911469,0.06254988,299.47043,248.17886,1261.2948,0.06207028677774611,0.9980710518066102,0.062110257859489836,87.47043,128.17886,-1.2719385512904045,-0.06211025785948987,-0.03,-0.03,0.03,0.0,0.0,-0.0006211025785948987
1773802987.5581257,True,0.8258759,1773802987.5059605,298.4193,249.67513,53.62576,23.911469,0.06254988,299.2602,248.47812,1267.5876,0.06220193134693877,0.9980630544302516,0.06224214505874794,87.26019,128.47812,-1.2669617462794223,-0.06224214505874803,-0.03,-0.03,0.03,0.0,0.0,-0.0006224214505874804
1773802987.568161,True,0.707273,1773802987.5651422,296.89175,254.9326,54.872433,24.458061,0.080151245,298.7865,249.76903,1289.9333,0.06756098824084494,0.9976810205623741,0.06761479661294191,86.7865,129.76903,-1.2494868666686108,-0.06761479661294212,-0.03,-0.03,0.03,0.0,0.0,-0.0006761479661294212
1773802987.5779018,True,0.707273,1773802987.5651422,296.89175,254.9326,54.872433,24.458061,0.080151245,298.40756,250.80176,1305.5753,0.07131232806657928,0.9974135968548599,0.07137579318283375,86.40756,130.80176,-1.237433613079626,-0.07137579318283382,-0.03,-0.03,0.03,0.0,0.0,-0.0007137579318283382
1773802987.58774,True,0.707273,1773802987.5651422,296.89175,254.9326,54.872433,24.458061,0.080151245,298.1044,251.62793,1316.5248,0.0739382659445933,0.9972264002595999,0.07400849360010679,86.1044,131.62793,-1.2290819016824492,-0.07400849360010664,-0.03,-0.03,0.03,0.0,0.0,-0.0007400849360010664
1773802987.598104,True,0.707273,1773802987.5651422,296.89175,254.9326,54.872433,24.458061,0.080151245,297.86188,252.28888,1324.1893,0.07577642245920312,0.997095362642918,0.07585136262820305,85.86188,132.28888,-1.2232769808971684,-0.07585136262820313,-0.03,-0.03,0.03,0.0,0.0,-0.0007585136262820314
1773802987.6079512,True,0.707273,1773802987.5651422,296.89175,254.9326,54.872433,24.458061,0.080151245,297.66785,252.81763,1329.5546,0.07706313201942999,0.9970036363112407,0.07714135276173374,85.66785,132.81763,-1.2192334632105395,-0.07714135276173373,-0.03,-0.03,0.03,0.0,0.0,-0.0007714135276173373
1773802987.6182277,True,0.707273,1773802987.5651422,296.89175,254.9326,54.872433,24.458061,0.080151245,297.51263,253.24063,1333.3102,0.0779638287115888,0.9969394278790664,0.07804433428021239,85.512634,133.24063,-1.2164127178561632,-0.07804433428021218,-0.03,-0.03,0.03,0.0,0.0,-0.0007804433428021218
1773802987.628255,True,0.707273,1773802987.5651422,296.89175,254.9326,54.872433,24.458061,0.080151245,297.38846,253.57904,1335.9392,0.07859431639609997,0.9968944819765444,0.07867641475779379,85.38846,133.57904,-1.2144427991660711,-0.07867641475779363,-0.03,-0.03,0.03,0.0,0.0,-0.0007867641475779363
1773802987.6378214,True,0.59673905,1773802987.6303747,294.8807,258.13538,53.202568,23.982914,0.07259753,296.8869,254.49031,1317.9432,0.0767761556485571,0.9970359242570179,0.07685273798801329,84.8869,134.49031,-1.2280050342553717,-0.07685273798801351,-0.03,-0.03,0.03,0.0,0.0,-0.0007685273798801351
1773802987.6478658,True,0.59673905,1773802987.6303747,294.8807,258.13538,53.202568,23.982914,0.07259753,296.48566,255.21933,1305.3461,0.0755034431252771,0.9971349338533495,0.07557616663439755,84.48566,135.21933,-1.2376091792694806,-0.0755761666343977,-0.03,-0.03,0.03,0.0,0.0,-0.000755761666343977
1773802987.657943,True,0.59673905,1773802987.6303747,294.8807,258.13538,53.202568,23.982914,0.07259753,296.16467,255.80254,1296.5281,0.0746125443589811,0.9972042405707815,0.07468257043732499,84.16467,135.80254,-1.2443874195176805,-0.07468257043732507,-0.03,-0.03,0.03,0.0,0.0,-0.0007468257043732507
1773802987.6681116,True,0.59673905,1773802987.6303747,294.8807,258.13538,53.202568,23.982914,0.07259753,295.9079,256.2691,1290.3555,0.07398891522257389,0.997252755272984,0.0740570558225999,83.9079,136.2691,-1.2491596322146805,-0.0740570558225997,-0.03,-0.03,0.03,0.0,0.0,-0.000740570558225997
1773802987.6781569,True,0.59673905,1773802987.6303747,294.8807,258.13538,53.202568,23.982914,0.07259753,295.70245,256.64236,1286.0347,0.07355237482708885,0.9972867155645257,0.07361919723039191,83.70245,136.64236,-1.2525137627275766,-0.0736191972303919,-0.03,-0.03,0.03,0.0,0.0,-0.000736191972303919
1773802987.687929,True,0.59673905,1773802987.6303747,294.8807,258.13538,53.202568,23.982914,0.07259753,295.53812,256.94098,1283.01,0.07324679655024932,0.997310487768605,0.07331269712268831,83.53812,136.94098,-1.2548685123026264,-0.07331269712268851,-0.03,-0.03,0.03,0.0,0.0,-0.0007331269712268851
1773802987.6979659,True,0.9054986,1773802987.6964607,292.4162,263.1327,54.896393,25.153624,0.085308865,294.91373,258.17932,1312.36,0.07683438609274879,0.9970263629613638,0.07691153166719951,82.91373,138.17932,-1.2322503963305258,-0.07691153166719955,-0.03,-0.03,0.03,0.0,0.0,-0.0007691153166719955
1773802987.7080858,True,0.9054986,1773802987.6964607,292.4162,263.1327,54.896393,25.153624,0.085308865,294.4142,259.16998,1332.905,0.07934569877249842,0.9968274755962949,0.0794307540712684,82.414215,139.16998,-1.2167166300718348,-0.07943075407126843,-0.03,-0.03,0.03,0.0,0.0,-0.0007943075407126843
1773802987.7177563,True,0.9054986,1773802987.6964607,292.4162,263.1327,54.896393,25.153624,0.085308865,294.01462,259.96252,1347.2865,0.08110361764832316,0.9966882544407467,0.08119420864232922,82.01462,139.96252,-1.2059848547099585,-0.08119420864232918,-0.03,-0.03,0.03,0.0,0.0,-0.0008119420864232918
1773802987.7279344,True,0.9054986,1773802987.6964607,292.4162,263.1327,54.896393,25.153624,0.085308865,293.69495,260.59656,1357.3535,0.08233416086140048,0.996590799631863,0.08242861949175823,81.69495,140.59656,-1.198540575435098,-0.08242861949175806,-0.03,-0.03,0.03,0.0,0.0,-0.0008242861949175806
1773802987.7379947,True,0.9054986,1773802987.6964607,292.4162,263.1327,54.896393,25.153624,0.085308865,293.4392,261.1038,1364.4004,0.0831955411105546,0.9965225812656444,0.08329270115047784,81.43921,141.10379,-1.1933623089476364,-0.08329270115047782,-0.03,-0.03,0.03,0.0,0.0,-0.0008329270115047783
1773802987.7477975,True,0.9054986,1773802987.6964607,292.4162,263.1327,54.896393,25.153624,0.085308865,293.23462,261.50958,1369.3333,0.08379850728496249,0.9964748284092915,0.08389755460239251,81.23462,141.50958,-1.1897534307833244,-0.08389755460239234,-0.03,-0.03,0.03,0.0,0.0,-0.0008389755460239235
1773802987.7578328,True,0.9054986,1773802987.6964607,292.4162,263.1327,54.896393,25.153624,0.085308865,293.07092,261.8342,1372.7863,0.08422058360704801,0.9964414014098444,0.08432094992663207,81.07092,141.8342,-1.1872349821213954,-0.08432094992663197,-0.03,-0.03,0.03,0.0,0.0,-0.0008432094992663197
1773802987.7679665,True,0.8266633,1773802987.7598424,289.8316,266.75363,54.29876,23.67849,0.07506507,292.42307,262.81808,1346.6642,0.08145278645317626,0.9966641631091434,0.08154418561487689,80.423065,142.81808,-1.206446832364829,-0.08154418561487686,-0.03,-0.03,0.03,0.0,0.0,-0.0008154418561487686
1773802987.777785,True,0.8266633,1773802987.7598424,289.8316,266.75363,54.29876,23.67849,0.07506507,291.9048,263.6052,1328.3787,0.07951532844546604,0.9968200962986526,0.07960043672722375,79.904785,143.6052,-1.220118271401234,-0.07960043672722383,-0.03,-0.03,0.03,0.0,0.0,-0.0007960043672722383
1773802987.787928,True,0.8266633,1773802987.7598424,289.8316,266.75363,54.29876,23.67849,0.07506507,291.49014,264.2349,1315.5789,0.07815910784006888,0.9969292495313091,0.07823981482342927,79.49014,144.2349,-1.2298006279873583,-0.07823981482342912,-0.03,-0.03,0.03,0.0,0.0,-0.0007823981482342913
1773802987.798212,True,0.8266633,1773802987.7598424,289.8316,266.75363,54.29876,23.67849,0.07506507,291.15845,264.73865,1306.619,0.07720975341629087,0.9970056567941686,0.0772873837523297,79.15845,144.73865,-1.2366344522637198,-0.07728738375232957,-0.03,-0.03,0.03,0.0,0.0,-0.0007728738375232958
1773802987.8084614,True,0.8266633,1773802987.7598424,289.8316,266.75363,54.29876,23.67849,0.07506507,290.89307,265.14166,1300.3472,0.07654520531964626,0.9970591418781704,0.07662068516289766,78.89307,145.14166,-1.2414461414379103,-0.07662068516289766,-0.03,-0.03,0.03,0.0,0.0,-0.0007662068516289766
1773802987.8179755,True,0.8266633,1773802987.7598424,289.8316,266.75363,54.29876,23.67849,0.07506507,290.6808,265.46405,1295.9568,0.07608002165199504,0.9970965814369716,0.07615399806660636,78.680786,145.46405,-1.2448281631026847,-0.07615399806660639,-0.03,-0.03,0.03,0.0,0.0,-0.0007615399806660639
1773802987.8277352,True,0.85986125,1773802987.8230526,288.93982,267.68945,55.9056,24.437136,0.066688284,290.33258,265.90915,1317.0216,0.07324767450571501,0.997300755114239,0.0733142856285924,78.33258,145.90915,-1.2287045555820908,-0.07331428562859221,-0.03,-0.03,0.03,0.0,0.0,-0.0007331428562859222
1773802987.8379102,True,0.85986125,1773802987.8230526,288.93982,267.68945,55.9056,24.437136,0.066688284,290.05402,266.26523,1331.767,0.07126503150331899,0.9974436766883263,0.07132647121930842,78.054016,146.26523,-1.217570815041016,-0.07132647121930846,-0.03,-0.03,0.03,0.0,0.0,-0.0007132647121930847
1773802987.848258,True,0.85986125,1773802987.8230526,288.93982,267.68945,55.9056,24.437136,0.066688284,289.83118,266.55008,1342.0887,0.06987718140164179,0.9975437217901875,0.06993500318605404,77.83118,146.55008,-1.2098502322132287,-0.06993500318605417,-0.03,-0.03,0.03,0.0,0.0,-0.0006993500318605417
1773802987.8584387,True,0.85986125,1773802987.8230526,288.93982,267.68945,55.9056,24.437136,0.066688284,289.6529,266.77795,1349.314,0.06890568633046773,0.9976137533614902,0.06896097991227529,77.65289,146.77795,-1.2044811226991876,-0.06896097991227546,-0.03,-0.03,0.03,0.0,0.0,-0.0006896097991227546
1773802987.8679683,True,0.85986125,1773802987.8230526,288.93982,267.68945,55.9056,24.437136,0.066688284,289.51028,266.96027,1354.3716,0.0682256397806459,0.997662775461402,0.06827916689864662,77.510284,146.96027,-1.200739874474949,-0.06827916689864644,-0.03,-0.03,0.03,0.0,0.0,-0.0006827916689864644
1773802987.8780148,True,0.85986125,1773802987.8230526,288.93982,267.68945,55.9056,24.437136,0.066688284,289.39618,267.1061,1357.912,0.06774960719577061,0.9976970909313405,0.06780189978866265,77.39618,147.10611,-1.198129146029221,-0.06780189978866247,-0.03,-0.03,0.03,0.0,0.0,-0.0006780189978866246
1773802987.8881018,True,0.8950175,1773802987.8805492,288.88867,269.13147,55.865643,24.541828,0.08854816,289.29468,267.51117,1361.8519,0.07395447265218563,0.9972126153985381,0.07402567604923546,77.29468,147.51117,-1.1952319096296835,-0.07402567604923549,-0.03,-0.03,0.03,0.0,0.0,-0.0007402567604923549
1773802987.8981695,True,0.8950175,1773802987.8805492,288.88867,269.13147,55.865643,24.541828,0.08854816,289.21347,267.83524,1364.6099,0.07829787847167614,0.9968734825255764,0.07838252772439026,77.21347,147.83524,-1.1932087877087232,-0.07838252772439036,-0.03,-0.03,0.03,0.0,0.0,-0.0007838252772439037
1773802987.9078686,True,0.8950175,1773802987.8805492,288.88867,269.13147,55.865643,24.541828,0.08854816,289.1485,268.09448,1366.5404,0.0813382625453195,0.9966360895145032,0.08143232333243733,77.1485,148.09448,-1.1917950828467978,-0.08143232333243722,-0.03,-0.03,0.03,0.0,0.0,-0.0008143232333243722
1773802987.9181788,True,0.8950175,1773802987.8805492,288.88867,269.13147,55.865643,24.541828,0.08854816,289.09653,268.30188,1367.8918,0.08346653139686985,0.996469914406752,0.0835671447785625,77.09653,148.30188,-1.1908066282233822,-0.08356714477856242,-0.03,-0.03,0.03,0.0,0.0,-0.0008356714477856242
1773802987.927968,True,0.8950175,1773802987.8805492,288.88867,269.13147,55.865643,24.541828,0.08854816,289.05496,268.4678,1368.8379,0.0849563195929551,0.9963535918313262,0.08506149033233414,77.05496,148.4678,-1.1901152810705915,-0.08506149033233434,-0.03,-0.03,0.03,0.0,0.0,-0.0008506149033233435
1773802987.9381144,True,0.8950175,1773802987.8805492,288.88867,269.13147,55.865643,24.541828,0.08854816,289.0217,268.60052,1369.5,0.08599917133021477,0.9962721660285281,0.08610751364455008,77.0217,148.60052,-1.1896317006344308,-0.08610751364455016,-0.03,-0.03,0.03,0.0,0.0,-0.0008610751364455016
1773802987.948252,True,0.9306469,1773802987.9467466,289.8137,269.7687,55.04269,23.268303,0.07869703,289.1801,268.83417,1342.875,0.0837841680302829,0.9964620121153498,0.08388433948986927,77.180115,148.83417,-1.209264533738087,-0.0838843394898694,-0.03,-0.03,0.03,0.0,0.0,-0.000838843394898694
1773802987.957653,True,0.9306469,1773802987.9467466,289.8137,269.7687,55.04269,23.268303,0.07869703,289.30682,269.0211,1324.2375,0.08223366572033057,0.9965949043761251,0.08232812577785417,77.30682,149.02109,-1.2232405216971867,-0.08232812577785431,-0.03,-0.03,0.03,0.0,0.0,-0.0008232812577785431
1773802987.9680588,True,0.9306469,1773802987.9467466,289.8137,269.7687,55.04269,23.268303,0.07869703,289.4082,269.17062,1311.1913,0.08114831410336396,0.9966879289586676,0.08123878487268177,77.4082,149.17062,-1.2331412792856826,-0.08123878487268188,-0.03,-0.03,0.03,0.0,0.0,-0.0008123878487268188
1773802987.97776,True,0.9306469,1773802987.9467466,289.8137,269.7687,55.04269,23.268303,0.07869703,289.48932,269.29025,1302.0588,0.08038856797148732,0.9967530461664476,0.08047625210290982,77.48932,149.29025,-1.2401307033534015,-0.08047625210290965,-0.03,-0.03,0.03,0.0,0.0,-0.0008047625210290965
1773802987.9878035,True,0.9306469,1773802987.9467466,289.8137,269.7687,55.04269,23.268303,0.07869703,289.5542,269.38596,1295.6661,0.07985674567917367,0.9967986282118935,0.07994248258755736,77.5542,149.38596,-1.2450524375120053,-0.07994248258755743,-0.03,-0.03,0.03,0.0,0.0,-0.0007994248258755743
1773802987.9978275,True,0.9306469,1773802987.9467466,289.8137,269.7687,55.04269,23.268303,0.07869703,289.60608,269.46252,1291.1913,0.07948447007455411,0.9968305356437057,0.07956884579303151,77.60608,149.46252,-1.2485121317598369,-0.0795688457930317,-0.03,-0.03,0.03,0.0,0.0,-0.000795688457930317
1773802988.007905,True,0.9306469,1773802987.9467466,289.8137,269.7687,55.04269,23.268303,0.07869703,289.64758,269.52377,1288.0588,0.07922387715132043,0.9968528708459743,0.07930730101603779,77.64758,149.52377,-1.250941069757822,-0.07930730101603789,-0.03,-0.03,0.03,0.0,0.0,-0.0007930730101603789
1773802988.0181189,True,0.3227221,1773802988.0150137,291.21255,268.5798,54.04959,23.363459,0.0691091,289.96057,269.335,1280.4768,0.07617294359854472,0.9970808845862514,0.07624784620448098,77.96057,149.33499,-1.2568448931672287,-0.0762478462044811,-0.03,-0.03,0.03,0.0,0.0,-0.0007624784620448111
1773802988.0279157,True,0.3227221,1773802988.0150137,291.21255,268.5798,54.04959,23.363459,0.0691091,290.21097,269.18396,1275.1694,0.07403729011160172,0.9972404942044455,0.07410620604058368,78.21097,149.18396,-1.260998385766072,-0.07410620604058371,-0.03,-0.03,0.03,0.0,0.0,-0.0007410620604058371
1773802988.0381603,True,0.3227221,1773802988.0150137,291.21255,268.5798,54.04959,23.363459,0.0691091,290.4113,269.06314,1271.4542,0.07254233267074163,0.9973522209371813,0.07260705943598755,78.411285,149.06314,-1.263916076717084,-0.07260705943598733,-0.03,-0.03,0.03,0.0,0.0,-0.0007260705943598734
1773802988.04819,True,0.3227221,1773802988.0150137,291.21255,268.5798,54.04959,23.363459,0.0691091,290.57153,268.9665,1268.8535,0.07149586246213956,0.9974304296500964,0.07155766173394788,78.57153,148.96649,-1.2659636008392416,-0.07155766173394795,-0.03,-0.03,0.03,0.0,0.0,-0.0007155766173394796
1773802988.057762,True,0.3227221,1773802988.0150137,291.21255,268.5798,54.04959,23.363459,0.0691091,290.69974,268.88916,1267.0331,0.07076333331611812,0.997485175749137,0.07082308718801755,78.69974,148.88916,-1.267399429776694,-0.07082308718801755,-0.03,-0.03,0.03,0.0,0.0,-0.0007082308718801755
1773802988.0680356,True,0.3227221,1773802988.0150137,291.21255,268.5798,54.04959,23.363459,0.0691091,290.8023,268.8273,1265.7588,0.07025056291390311,0.9975234980184653,0.07030888738204812,78.80231,148.8273,-1.2684055791695354,-0.0703088873820481,-0.03,-0.03,0.03,0.0,0.0,-0.0007030888738204811
1773802988.0780182,True,0.3227221,1773802988.0150137,291.21255,268.5798,54.04959,23.363459,0.0691091,290.88437,268.7778,1264.8667,0.0698916236323526,0.9975503236069951,0.06994894885091142,78.88437,148.7778,-1.2691106244055785,-0.0699489488509113,-0.03,-0.03,0.03,0.0,0.0,-0.000699489488509113
1773802988.088189,True,0.3227221,1773802988.0150137,291.21255,268.5798,54.04959,23.363459,0.0691091,290.95,268.73822,1264.2423,0.06964036613526724,0.997569101518966,0.06969699259017344,78.95001,148.73822,-1.269604409573677,-0.06969699259017359,-0.03,-0.03,0.03,0.0,0.0,-0.0006969699259017359
1773802988.0982656,True,0.3227221,1773802988.0150137,291.21255,268.5798,54.04959,23.363459,0.0691091,291.00253,268.70654,1263.8052,0.06946448588730748,0.9975822460573457,0.06952062357592322,79.00253,148.70654,-1.269950289216952,-0.06952062357592315,-0.03,-0.03,0.03,0.0,0.0,-0.0006952062357592314
1773802988.108137,True,0.3227221,1773802988.0150137,291.21255,268.5798,54.04959,23.363459,0.0691091,291.04456,268.6812,1263.4993,0.06934136971373565,0.9975914472342114,0.06939716545320637,79.044556,148.68121,-1.2701923700263211,-0.06939716545320618,-0.03,-0.03,0.03,0.0,0.0,-0.0006939716545320618
1773802988.1181788,True,0.3227221,1773802988.0150137,291.21255,268.5798,54.04959,23.363459,0.0691091,291.07816,268.66095,1263.2852,0.06925518839223538,0.9975978880580175,0.06931074486139621,79.078156,148.66095,-1.270361787156433,-0.06931074486139632,-0.03,-0.03,0.03,0.0,0.0,-0.0006931074486139632
1773802988.1281903,True,0.3227221,1773802988.0150137,291.21255,268.5798,54.04959,23.363459,0.0691091,291.10504,268.6447,1263.1353,0.06919486146718519,0.9976023966346818,0.06925025049403492,79.10504,148.64471,-1.2704804811657522,-0.0692502504940351,-0.03,-0.03,0.03,0.0,0.0,-0.000692502504940351
1773802988.137994,True,0.3227221,1773802988.0150137,291.21255,268.5798,54.04959,23.363459,0.0691091,291.12656,268.63174,1263.0303,0.06915263261965006,0.9976055526383467,0.06920790446014059,79.12656,148.63174,-1.2705636178281923,-0.06920790446014058,-0.03,-0.03,0.03,0.0,0.0,-0.0006920790446014058
1773802988.1480222,True,0.3227221,1773802988.0150137,291.21255,268.5798,54.04959,23.363459,0.0691091,291.14377,268.62137,1262.9568,0.06912307242637546,0.9976077618409122,0.06917826224790548,79.14377,148.62137,-1.2706218069858697,-0.06917826224790558,-0.03,-0.03,0.03,0.0,0.0,-0.0006917826224790558
1773802988.1581879,True,0.3227221,1773802988.0150137,291.21255,268.5798,54.04959,23.363459,0.0691091,291.15753,268.61307,1262.9054,0.06910238029108325,0.997609308282708,0.06915751270500377,79.15753,148.61307,-1.270662477695791,-0.06915751270500392,-0.03,-0.03,0.03,0.0,0.0,-0.0006915751270500393
1773802988.16814,True,0.3227221,1773802988.0150137,291.21255,268.5798,54.04959,23.363459,0.0691091,291.16855,268.6064,1262.8694,0.0690878957963787,0.997610390791965,0.06914298802775848,79.16855,148.60641,-1.2706909375574589,-0.06914298802775853,-0.03,-0.03,0.03,0.0,0.0,-0.0006914298802775853
1773802988.178126,True,0.3227221,1773802988.0150137,291.21255,268.5798,54.04959,23.363459,0.0691091,291.17737,268.6011,1262.8442,0.0690777566500855,0.997611148548445,0.06913282075505564,79.17737,148.6011,-1.270710902421423,-0.06913282075505567,-0.03,-0.03,0.03,0.0,0.0,-0.0006913282075505567
1773802988.1878521,True,0.3227221,1773802988.0150137,291.21255,268.5798,54.04959,23.363459,0.0691091,291.18442,268.59686,1262.8267,0.06907065924768027,0.997611678977981,0.06912570366483572,79.18442,148.59686,-1.2707248143441905,-0.06912570366483584,-0.03,-0.03,0.03,0.0,0.0,-0.0006912570366483584
1773802988.198033,True,0.3227221,1773802988.0150137,291.21255,268.5798,54.04959,23.363459,0.0691091,291.19006,268.59344,1262.8142,0.06906569106599661,0.9976120502786562,0.06912072170201154,79.19006,148.59344,-1.2707346908648496,-0.06912072170201133,-0.03,-0.03,0.03,0.0,0.0,-0.0006912072170201134
1773802988.2079048,True,0.3227221,1773802988.0150137,291.21255,268.5798,54.04959,23.363459,0.0691091,291.19458,268.59073,1262.8055,0.06906221333881805,0.9976123101891288,0.06911723432819636,79.19458,148.59073,-1.2707414876669116,-0.06911723432819628,-0.03,-0.03,0.03,0.0,0.0,-0.0006911723432819627
1773802988.217939,False,0.3227221,1773802988.0150137,291.21255,268.5798,54.04959,23.363459,0.0691091,,,,,,,,,,,0.0,0.0,0.0,0.0,0.0,0.0
1773802988.2279854,False,0.3227221,1773802988.0150137,291.21255,268.5798,54.04959,23.363459,0.0691091,,,,,,,,,,,0.0,0.0,0.0,0.0,0.0,0.0
1773802988.2381546,False,0.3227221,1773802988.0150137,291.21255,268.5798,54.04959,23.363459,0.0691091,,,,,,,,,,,0.0,0.0,0.0,0.0,0.0,0.0
1773802988.248206,False,0.3227221,1773802988.0150137,291.21255,268.5798,54.04959,23.363459,0.0691091,,,,,,,,,,,0.0,0.0,0.0,0.0,0.0,0.0
1773802988.2577784,False,0.3227221,1773802988.0150137,291.21255,268.5798,54.04959,23.363459,0.0691091,,,,,,,,,,,0.0,0.0,0.0,0.0,0.0,0.0
1773802988.268171,False,0.3227221,1773802988.0150137,291.21255,268.5798,54.04959,23.363459,0.0691091,,,,,,,,,,,0.0,0.0,0.0,0.0,0.0,0.0
1773802988.2777169,False,0.3227221,1773802988.0150137,291.21255,268.5798,54.04959,23.363459,0.0691091,,,,,,,,,,,0.0,0.0,0.0,0.0,0.0,0.0
1773802988.2878337,False,0.3227221,1773802988.0150137,291.21255,268.5798,54.04959,23.363459,0.0691091,,,,,,,,,,,0.0,0.0,0.0,0.0,0.0,0.0
1773802988.2978673,False,0.3227221,1773802988.0150137,291.21255,268.5798,54.04959,23.363459,0.0691091,,,,,,,,,,,0.0,0.0,0.0,0.0,0.0,0.0
1773802988.3076673,False,0.3227221,1773802988.0150137,291.21255,268.5798,54.04959,23.363459,0.0691091,,,,,,,,,,,0.0,0.0,0.0,0.0,0.0,0.0
1773802988.3178003,False,0.3227221,1773802988.0150137,291.21255,268.5798,54.04959,23.363459,0.0691091,,,,,,,,,,,0.0,0.0,0.0,0.0,0.0,0.0
1773802988.3278098,False,0.3227221,1773802988.0150137,291.21255,268.5798,54.04959,23.363459,0.0691091,,,,,,,,,,,0.0,0.0,0.0,0.0,0.0,0.0
1773802988.3379323,False,0.3227221,1773802988.0150137,291.21255,268.5798,54.04959,23.363459,0.0691091,,,,,,,,,,,0.0,0.0,0.0,0.0,0.0,0.0
1773802988.347964,False,0.3227221,1773802988.0150137,291.21255,268.5798,54.04959,23.363459,0.0691091,,,,,,,,,,,0.0,0.0,0.0,0.0,0.0,0.0
1773802988.357659,False,0.3227221,1773802988.0150137,291.21255,268.5798,54.04959,23.363459,0.0691091,,,,,,,,,,,0.0,0.0,0.0,0.0,0.0,0.0
1773802988.368149,False,0.3227221,1773802988.0150137,291.21255,268.5798,54.04959,23.363459,0.0691091,,,,,,,,,,,0.0,0.0,0.0,0.0,0.0,0.0
1773802988.3778117,False,0.3227221,1773802988.0150137,291.21255,268.5798,54.04959,23.363459,0.0691091,,,,,,,,,,,0.0,0.0,0.0,0.0,0.0,0.0
1773802988.3886957,False,0.3227221,1773802988.0150137,291.21255,268.5798,54.04959,23.363459,0.0691091,,,,,,,,,,,0.0,0.0,0.0,0.0,0.0,0.0
1773802988.3977413,False,0.3227221,1773802988.0150137,291.21255,268.5798,54.04959,23.363459,0.0691091,,,,,,,,,,,0.0,0.0,0.0,0.0,0.0,0.0
1773802988.4077685,False,0.3227221,1773802988.0150137,291.21255,268.5798,54.04959,23.363459,0.0691091,,,,,,,,,,,0.0,0.0,0.0,0.0,0.0,0.0
1773802988.4176953,False,0.3227221,1773802988.0150137,291.21255,268.5798,54.04959,23.363459,0.0691091,,,,,,,,,,,0.0,0.0,0.0,0.0,0.0,0.0
1773802988.4277544,False,0.3227221,1773802988.0150137,291.21255,268.5798,54.04959,23.363459,0.0691091,,,,,,,,,,,0.0,0.0,0.0,0.0,0.0,0.0
1773802988.4381075,False,0.3227221,1773802988.0150137,291.21255,268.5798,54.04959,23.363459,0.0691091,,,,,,,,,,,0.0,0.0,0.0,0.0,0.0,0.0
1773802988.4477139,False,0.3227221,1773802988.0150137,291.21255,268.5798,54.04959,23.363459,0.0691091,,,,,,,,,,,0.0,0.0,0.0,0.0,0.0,0.0
1773802988.4577513,False,0.3227221,1773802988.0150137,291.21255,268.5798,54.04959,23.363459,0.0691091,,,,,,,,,,,0.0,0.0,0.0,0.0,0.0,0.0
1773802988.4677804,False,0.3227221,1773802988.0150137,291.21255,268.5798,54.04959,23.363459,0.0691091,,,,,,,,,,,0.0,0.0,0.0,0.0,0.0,0.0
1773802988.4776971,False,0.3227221,1773802988.0150137,291.21255,268.5798,54.04959,23.363459,0.0691091,,,,,,,,,,,0.0,0.0,0.0,0.0,0.0,0.0
1773802988.4878807,False,0.3227221,1773802988.0150137,291.21255,268.5798,54.04959,23.363459,0.0691091,,,,,,,,,,,0.0,0.0,0.0,0.0,0.0,0.0
1773802988.4977763,False,0.3227221,1773802988.0150137,291.21255,268.5798,54.04959,23.363459,0.0691091,,,,,,,,,,,0.0,0.0,0.0,0.0,0.0,0.0
1773802988.5078099,False,0.3227221,1773802988.0150137,291.21255,268.5798,54.04959,23.363459,0.0691091,,,,,,,,,,,0.0,0.0,0.0,0.0,0.0,0.0
1773802988.5179412,False,0.3227221,1773802988.0150137,291.21255,268.5798,54.04959,23.363459,0.0691091,,,,,,,,,,,0.0,0.0,0.0,0.0,0.0,0.0
1773802988.527725,False,0.3227221,1773802988.0150137,291.21255,268.5798,54.04959,23.363459,0.0691091,,,,,,,,,,,0.0,0.0,0.0,0.0,0.0,0.0
1773802988.5377052,False,0.3227221,1773802988.0150137,291.21255,268.5798,54.04959,23.363459,0.0691091,,,,,,,,,,,0.0,0.0,0.0,0.0,0.0,0.0
1773802988.547732,False,0.3227221,1773802988.0150137,291.21255,268.5798,54.04959,23.363459,0.0691091,,,,,,,,,,,0.0,0.0,0.0,0.0,0.0,0.0
1773802988.5579164,False,0.3227221,1773802988.0150137,291.21255,268.5798,54.04959,23.363459,0.0691091,,,,,,,,,,,0.0,0.0,0.0,0.0,0.0,0.0
1773802988.5680003,False,0.3227221,1773802988.0150137,291.21255,268.5798,54.04959,23.363459,0.0691091,,,,,,,,,,,0.0,0.0,0.0,0.0,0.0,0.0
1773802988.577706,False,0.3227221,1773802988.0150137,291.21255,268.5798,54.04959,23.363459,0.0691091,,,,,,,,,,,0.0,0.0,0.0,0.0,0.0,0.0
1773802988.5877311,False,0.3227221,1773802988.0150137,291.21255,268.5798,54.04959,23.363459,0.0691091,,,,,,,,,,,0.0,0.0,0.0,0.0,0.0,0.0
1773802988.5979595,False,0.3227221,1773802988.0150137,291.21255,268.5798,54.04959,23.363459,0.0691091,,,,,,,,,,,0.0,0.0,0.0,0.0,0.0,0.0
1773802988.6080134,False,0.3227221,1773802988.0150137,291.21255,268.5798,54.04959,23.363459,0.0691091,,,,,,,,,,,0.0,0.0,0.0,0.0,0.0,0.0
1773802988.6180377,False,0.3227221,1773802988.0150137,291.21255,268.5798,54.04959,23.363459,0.0691091,,,,,,,,,,,0.0,0.0,0.0,0.0,0.0,0.0
1773802988.6280673,False,0.3227221,1773802988.0150137,291.21255,268.5798,54.04959,23.363459,0.0691091,,,,,,,,,,,0.0,0.0,0.0,0.0,0.0,0.0
1773802988.6376295,False,0.3227221,1773802988.0150137,291.21255,268.5798,54.04959,23.363459,0.0691091,,,,,,,,,,,0.0,0.0,0.0,0.0,0.0,0.0
1773802988.648061,False,0.3227221,1773802988.0150137,291.21255,268.5798,54.04959,23.363459,0.0691091,,,,,,,,,,,0.0,0.0,0.0,0.0,0.0,0.0
1773802988.6576061,False,0.3227221,1773802988.0150137,291.21255,268.5798,54.04959,23.363459,0.0691091,,,,,,,,,,,0.0,0.0,0.0,0.0,0.0,0.0
1773802988.6679535,False,0.3227221,1773802988.0150137,291.21255,268.5798,54.04959,23.363459,0.0691091,,,,,,,,,,,0.0,0.0,0.0,0.0,0.0,0.0
1773802988.677979,False,0.3227221,1773802988.0150137,291.21255,268.5798,54.04959,23.363459,0.0691091,,,,,,,,,,,0.0,0.0,0.0,0.0,0.0,0.0
1773802988.6880372,False,0.3227221,1773802988.0150137,291.21255,268.5798,54.04959,23.363459,0.0691091,,,,,,,,,,,0.0,0.0,0.0,0.0,0.0,0.0
1773802988.6977086,False,0.3227221,1773802988.0150137,291.21255,268.5798,54.04959,23.363459,0.0691091,,,,,,,,,,,0.0,0.0,0.0,0.0,0.0,0.0
1773802988.7077923,False,0.3227221,1773802988.0150137,291.21255,268.5798,54.04959,23.363459,0.0691091,,,,,,,,,,,0.0,0.0,0.0,0.0,0.0,0.0
1773802988.7180538,False,0.3227221,1773802988.0150137,291.21255,268.5798,54.04959,23.363459,0.0691091,,,,,,,,,,,0.0,0.0,0.0,0.0,0.0,0.0
1773802988.7280877,False,0.3227221,1773802988.0150137,291.21255,268.5798,54.04959,23.363459,0.0691091,,,,,,,,,,,0.0,0.0,0.0,0.0,0.0,0.0
1773802988.7376401,False,0.3227221,1773802988.0150137,291.21255,268.5798,54.04959,23.363459,0.0691091,,,,,,,,,,,0.0,0.0,0.0,0.0,0.0,0.0
1773802988.7479494,False,0.3227221,1773802988.0150137,291.21255,268.5798,54.04959,23.363459,0.0691091,,,,,,,,,,,0.0,0.0,0.0,0.0,0.0,0.0
1773802988.7581325,False,0.3227221,1773802988.0150137,291.21255,268.5798,54.04959,23.363459,0.0691091,,,,,,,,,,,0.0,0.0,0.0,0.0,0.0,0.0
1773802988.7678435,False,0.3227221,1773802988.0150137,291.21255,268.5798,54.04959,23.363459,0.0691091,,,,,,,,,,,0.0,0.0,0.0,0.0,0.0,0.0
1773802988.7778277,False,0.3227221,1773802988.0150137,291.21255,268.5798,54.04959,23.363459,0.0691091,,,,,,,,,,,0.0,0.0,0.0,0.0,0.0,0.0
1773802988.7885416,False,0.3227221,1773802988.0150137,291.21255,268.5798,54.04959,23.363459,0.0691091,,,,,,,,,,,0.0,0.0,0.0,0.0,0.0,0.0
1773802988.7980614,False,0.3227221,1773802988.0150137,291.21255,268.5798,54.04959,23.363459,0.0691091,,,,,,,,,,,0.0,0.0,0.0,0.0,0.0,0.0
1773802988.8079782,False,0.3227221,1773802988.0150137,291.21255,268.5798,54.04959,23.363459,0.0691091,,,,,,,,,,,0.0,0.0,0.0,0.0,0.0,0.0
1773802988.8179955,False,0.3227221,1773802988.0150137,291.21255,268.5798,54.04959,23.363459,0.0691091,,,,,,,,,,,0.0,0.0,0.0,0.0,0.0,0.0
1773802988.8277657,False,0.3227221,1773802988.0150137,291.21255,268.5798,54.04959,23.363459,0.0691091,,,,,,,,,,,0.0,0.0,0.0,0.0,0.0,0.0
1773802988.83787,False,0.3227221,1773802988.0150137,291.21255,268.5798,54.04959,23.363459,0.0691091,,,,,,,,,,,0.0,0.0,0.0,0.0,0.0,0.0
1773802988.8481402,False,0.3227221,1773802988.0150137,291.21255,268.5798,54.04959,23.363459,0.0691091,,,,,,,,,,,0.0,0.0,0.0,0.0,0.0,0.0
1773802988.8582308,False,0.3227221,1773802988.0150137,291.21255,268.5798,54.04959,23.363459,0.0691091,,,,,,,,,,,0.0,0.0,0.0,0.0,0.0,0.0
1773802988.8680878,False,0.3227221,1773802988.0150137,291.21255,268.5798,54.04959,23.363459,0.0691091,,,,,,,,,,,0.0,0.0,0.0,0.0,0.0,0.0
1773802988.8776786,False,0.3227221,1773802988.0150137,291.21255,268.5798,54.04959,23.363459,0.0691091,,,,,,,,,,,0.0,0.0,0.0,0.0,0.0,0.0
1773802988.8878703,False,0.3227221,1773802988.0150137,291.21255,268.5798,54.04959,23.363459,0.0691091,,,,,,,,,,,0.0,0.0,0.0,0.0,0.0,0.0
1773802988.8979053,False,0.3227221,1773802988.0150137,291.21255,268.5798,54.04959,23.363459,0.0691091,,,,,,,,,,,0.0,0.0,0.0,0.0,0.0,0.0
1773802988.908068,False,0.3227221,1773802988.0150137,291.21255,268.5798,54.04959,23.363459,0.0691091,,,,,,,,,,,0.0,0.0,0.0,0.0,0.0,0.0
1773802988.9181933,False,0.3227221,1773802988.0150137,291.21255,268.5798,54.04959,23.363459,0.0691091,,,,,,,,,,,0.0,0.0,0.0,0.0,0.0,0.0
1773802988.9282436,False,0.3227221,1773802988.0150137,291.21255,268.5798,54.04959,23.363459,0.0691091,,,,,,,,,,,0.0,0.0,0.0,0.0,0.0,0.0
1773802988.937887,False,0.3227221,1773802988.0150137,291.21255,268.5798,54.04959,23.363459,0.0691091,,,,,,,,,,,0.0,0.0,0.0,0.0,0.0,0.0
1773802988.9481144,False,0.3227221,1773802988.0150137,291.21255,268.5798,54.04959,23.363459,0.0691091,,,,,,,,,,,0.0,0.0,0.0,0.0,0.0,0.0
1773802988.9581232,False,0.3227221,1773802988.0150137,291.21255,268.5798,54.04959,23.363459,0.0691091,,,,,,,,,,,0.0,0.0,0.0,0.0,0.0,0.0
1773802988.9681578,False,0.3227221,1773802988.0150137,291.21255,268.5798,54.04959,23.363459,0.0691091,,,,,,,,,,,0.0,0.0,0.0,0.0,0.0,0.0
1773802988.977628,False,0.3227221,1773802988.0150137,291.21255,268.5798,54.04959,23.363459,0.0691091,,,,,,,,,,,0.0,0.0,0.0,0.0,0.0,0.0
1773802988.9877126,False,0.3227221,1773802988.0150137,291.21255,268.5798,54.04959,23.363459,0.0691091,,,,,,,,,,,0.0,0.0,0.0,0.0,0.0,0.0
1773802988.9981804,False,0.3227221,1773802988.0150137,291.21255,268.5798,54.04959,23.363459,0.0691091,,,,,,,,,,,0.0,0.0,0.0,0.0,0.0,0.0
1773802989.0078652,False,0.3227221,1773802988.0150137,291.21255,268.5798,54.04959,23.363459,0.0691091,,,,,,,,,,,0.0,0.0,0.0,0.0,0.0,0.0
1773802989.0181627,False,0.3227221,1773802988.0150137,291.21255,268.5798,54.04959,23.363459,0.0691091,,,,,,,,,,,0.0,0.0,0.0,0.0,0.0,0.0
1773802989.028074,False,0.3227221,1773802988.0150137,291.21255,268.5798,54.04959,23.363459,0.0691091,,,,,,,,,,,0.0,0.0,0.0,0.0,0.0,0.0
1773802989.0378678,False,0.3227221,1773802988.0150137,291.21255,268.5798,54.04959,23.363459,0.0691091,,,,,,,,,,,0.0,0.0,0.0,0.0,0.0,0.0
1773802989.0479512,False,0.3227221,1773802988.0150137,291.21255,268.5798,54.04959,23.363459,0.0691091,,,,,,,,,,,0.0,0.0,0.0,0.0,0.0,0.0
1773802989.0580454,False,0.3227221,1773802988.0150137,291.21255,268.5798,54.04959,23.363459,0.0691091,,,,,,,,,,,0.0,0.0,0.0,0.0,0.0,0.0
1773802989.0680149,False,0.3227221,1773802988.0150137,291.21255,268.5798,54.04959,23.363459,0.0691091,,,,,,,,,,,0.0,0.0,0.0,0.0,0.0,0.0
1773802989.0780602,False,0.3227221,1773802988.0150137,291.21255,268.5798,54.04959,23.363459,0.0691091,,,,,,,,,,,0.0,0.0,0.0,0.0,0.0,0.0
1773802989.088095,False,0.3227221,1773802988.0150137,291.21255,268.5798,54.04959,23.363459,0.0691091,,,,,,,,,,,0.0,0.0,0.0,0.0,0.0,0.0
1773802989.0979044,False,0.3227221,1773802988.0150137,291.21255,268.5798,54.04959,23.363459,0.0691091,,,,,,,,,,,0.0,0.0,0.0,0.0,0.0,0.0
1773802989.1077724,False,0.3227221,1773802988.0150137,291.21255,268.5798,54.04959,23.363459,0.0691091,,,,,,,,,,,0.0,0.0,0.0,0.0,0.0,0.0
1773802989.1179788,False,0.3227221,1773802988.0150137,291.21255,268.5798,54.04959,23.363459,0.0691091,,,,,,,,,,,0.0,0.0,0.0,0.0,0.0,0.0
1773802989.128066,False,0.3227221,1773802988.0150137,291.21255,268.5798,54.04959,23.363459,0.0691091,,,,,,,,,,,0.0,0.0,0.0,0.0,0.0,0.0
1773802989.137674,False,0.3227221,1773802988.0150137,291.21255,268.5798,54.04959,23.363459,0.0691091,,,,,,,,,,,0.0,0.0,0.0,0.0,0.0,0.0
1773802989.1477017,False,0.3227221,1773802988.0150137,291.21255,268.5798,54.04959,23.363459,0.0691091,,,,,,,,,,,0.0,0.0,0.0,0.0,0.0,0.0
1773802989.157761,False,0.3227221,1773802988.0150137,291.21255,268.5798,54.04959,23.363459,0.0691091,,,,,,,,,,,0.0,0.0,0.0,0.0,0.0,0.0
1773802989.1679418,False,0.3227221,1773802988.0150137,291.21255,268.5798,54.04959,23.363459,0.0691091,,,,,,,,,,,0.0,0.0,0.0,0.0,0.0,0.0
1773802989.1781428,False,0.3227221,1773802988.0150137,291.21255,268.5798,54.04959,23.363459,0.0691091,,,,,,,,,,,0.0,0.0,0.0,0.0,0.0,0.0
1773802989.1876693,False,0.3227221,1773802988.0150137,291.21255,268.5798,54.04959,23.363459,0.0691091,,,,,,,,,,,0.0,0.0,0.0,0.0,0.0,0.0
1773802989.197766,False,0.3227221,1773802988.0150137,291.21255,268.5798,54.04959,23.363459,0.0691091,,,,,,,,,,,0.0,0.0,0.0,0.0,0.0,0.0
1773802989.2080095,False,0.3227221,1773802988.0150137,291.21255,268.5798,54.04959,23.363459,0.0691091,,,,,,,,,,,0.0,0.0,0.0,0.0,0.0,0.0
1773802989.2179346,False,0.3227221,1773802988.0150137,291.21255,268.5798,54.04959,23.363459,0.0691091,,,,,,,,,,,0.0,0.0,0.0,0.0,0.0,0.0
1773802989.2279797,False,0.3227221,1773802988.0150137,291.21255,268.5798,54.04959,23.363459,0.0691091,,,,,,,,,,,0.0,0.0,0.0,0.0,0.0,0.0
1773802989.2379777,False,0.3227221,1773802988.0150137,291.21255,268.5798,54.04959,23.363459,0.0691091,,,,,,,,,,,0.0,0.0,0.0,0.0,0.0,0.0
1773802989.2475927,False,0.3227221,1773802988.0150137,291.21255,268.5798,54.04959,23.363459,0.0691091,,,,,,,,,,,0.0,0.0,0.0,0.0,0.0,0.0
1773802989.2576191,False,0.3227221,1773802988.0150137,291.21255,268.5798,54.04959,23.363459,0.0691091,,,,,,,,,,,0.0,0.0,0.0,0.0,0.0,0.0
1773802989.2678325,False,0.3227221,1773802988.0150137,291.21255,268.5798,54.04959,23.363459,0.0691091,,,,,,,,,,,0.0,0.0,0.0,0.0,0.0,0.0
1773802989.2778635,False,0.3227221,1773802988.0150137,291.21255,268.5798,54.04959,23.363459,0.0691091,,,,,,,,,,,0.0,0.0,0.0,0.0,0.0,0.0
1773802989.2879696,False,0.3227221,1773802988.0150137,291.21255,268.5798,54.04959,23.363459,0.0691091,,,,,,,,,,,0.0,0.0,0.0,0.0,0.0,0.0
1773802989.2978702,False,0.3227221,1773802988.0150137,291.21255,268.5798,54.04959,23.363459,0.0691091,,,,,,,,,,,0.0,0.0,0.0,0.0,0.0,0.0
1773802989.307915,False,0.3227221,1773802988.0150137,291.21255,268.5798,54.04959,23.363459,0.0691091,,,,,,,,,,,0.0,0.0,0.0,0.0,0.0,0.0
1773802989.3177028,False,0.3227221,1773802988.0150137,291.21255,268.5798,54.04959,23.363459,0.0691091,,,,,,,,,,,0.0,0.0,0.0,0.0,0.0,0.0
1773802989.3283308,False,0.3227221,1773802988.0150137,291.21255,268.5798,54.04959,23.363459,0.0691091,,,,,,,,,,,0.0,0.0,0.0,0.0,0.0,0.0
1773802989.3378537,False,0.3227221,1773802988.0150137,291.21255,268.5798,54.04959,23.363459,0.0691091,,,,,,,,,,,0.0,0.0,0.0,0.0,0.0,0.0
1773802989.3480105,False,0.3227221,1773802988.0150137,291.21255,268.5798,54.04959,23.363459,0.0691091,,,,,,,,,,,0.0,0.0,0.0,0.0,0.0,0.0
1773802989.3580406,False,0.3227221,1773802988.0150137,291.21255,268.5798,54.04959,23.363459,0.0691091,,,,,,,,,,,0.0,0.0,0.0,0.0,0.0,0.0
1773802989.3678212,False,0.3227221,1773802988.0150137,291.21255,268.5798,54.04959,23.363459,0.0691091,,,,,,,,,,,0.0,0.0,0.0,0.0,0.0,0.0
1773802989.377854,False,0.3227221,1773802988.0150137,291.21255,268.5798,54.04959,23.363459,0.0691091,,,,,,,,,,,0.0,0.0,0.0,0.0,0.0,0.0
1773802989.3878992,False,0.3227221,1773802988.0150137,291.21255,268.5798,54.04959,23.363459,0.0691091,,,,,,,,,,,0.0,0.0,0.0,0.0,0.0,0.0
1773802989.3979912,False,0.3227221,1773802988.0150137,291.21255,268.5798,54.04959,23.363459,0.0691091,,,,,,,,,,,0.0,0.0,0.0,0.0,0.0,0.0
1773802989.4080284,False,0.3227221,1773802988.0150137,291.21255,268.5798,54.04959,23.363459,0.0691091,,,,,,,,,,,0.0,0.0,0.0,0.0,0.0,0.0
1773802989.4177825,False,0.3227221,1773802988.0150137,291.21255,268.5798,54.04959,23.363459,0.0691091,,,,,,,,,,,0.0,0.0,0.0,0.0,0.0,0.0
1773802989.4277737,False,0.3227221,1773802988.0150137,291.21255,268.5798,54.04959,23.363459,0.0691091,,,,,,,,,,,0.0,0.0,0.0,0.0,0.0,0.0
1773802989.437824,False,0.3227221,1773802988.0150137,291.21255,268.5798,54.04959,23.363459,0.0691091,,,,,,,,,,,0.0,0.0,0.0,0.0,0.0,0.0
1773802989.4478812,False,0.3227221,1773802988.0150137,291.21255,268.5798,54.04959,23.363459,0.0691091,,,,,,,,,,,0.0,0.0,0.0,0.0,0.0,0.0
1773802989.4577394,False,0.3227221,1773802988.0150137,291.21255,268.5798,54.04959,23.363459,0.0691091,,,,,,,,,,,0.0,0.0,0.0,0.0,0.0,0.0
1773802989.4678245,False,0.3227221,1773802988.0150137,291.21255,268.5798,54.04959,23.363459,0.0691091,,,,,,,,,,,0.0,0.0,0.0,0.0,0.0,0.0
1773802989.4778574,False,0.3227221,1773802988.0150137,291.21255,268.5798,54.04959,23.363459,0.0691091,,,,,,,,,,,0.0,0.0,0.0,0.0,0.0,0.0
1773802989.4877946,False,0.3227221,1773802988.0150137,291.21255,268.5798,54.04959,23.363459,0.0691091,,,,,,,,,,,0.0,0.0,0.0,0.0,0.0,0.0
1773802989.4980102,False,0.3227221,1773802988.0150137,291.21255,268.5798,54.04959,23.363459,0.0691091,,,,,,,,,,,0.0,0.0,0.0,0.0,0.0,0.0
1773802989.5080478,False,0.3227221,1773802988.0150137,291.21255,268.5798,54.04959,23.363459,0.0691091,,,,,,,,,,,0.0,0.0,0.0,0.0,0.0,0.0
1773802989.5178335,False,0.3227221,1773802988.0150137,291.21255,268.5798,54.04959,23.363459,0.0691091,,,,,,,,,,,0.0,0.0,0.0,0.0,0.0,0.0
1773802989.5277061,False,0.3227221,1773802988.0150137,291.21255,268.5798,54.04959,23.363459,0.0691091,,,,,,,,,,,0.0,0.0,0.0,0.0,0.0,0.0
1773802989.5378392,False,0.3227221,1773802988.0150137,291.21255,268.5798,54.04959,23.363459,0.0691091,,,,,,,,,,,0.0,0.0,0.0,0.0,0.0,0.0
1773802989.5479286,False,0.3227221,1773802988.0150137,291.21255,268.5798,54.04959,23.363459,0.0691091,,,,,,,,,,,0.0,0.0,0.0,0.0,0.0,0.0
1773802989.5579586,False,0.3227221,1773802988.0150137,291.21255,268.5798,54.04959,23.363459,0.0691091,,,,,,,,,,,0.0,0.0,0.0,0.0,0.0,0.0
1773802989.568177,False,0.3227221,1773802988.0150137,291.21255,268.5798,54.04959,23.363459,0.0691091,,,,,,,,,,,0.0,0.0,0.0,0.0,0.0,0.0
1773802989.5781457,False,0.3227221,1773802988.0150137,291.21255,268.5798,54.04959,23.363459,0.0691091,,,,,,,,,,,0.0,0.0,0.0,0.0,0.0,0.0
1773802989.5881085,False,0.3227221,1773802988.0150137,291.21255,268.5798,54.04959,23.363459,0.0691091,,,,,,,,,,,0.0,0.0,0.0,0.0,0.0,0.0
1773802989.598388,False,0.3227221,1773802988.0150137,291.21255,268.5798,54.04959,23.363459,0.0691091,,,,,,,,,,,0.0,0.0,0.0,0.0,0.0,0.0
1773802989.607929,False,0.3227221,1773802988.0150137,291.21255,268.5798,54.04959,23.363459,0.0691091,,,,,,,,,,,0.0,0.0,0.0,0.0,0.0,0.0
1773802989.6179962,False,0.3227221,1773802988.0150137,291.21255,268.5798,54.04959,23.363459,0.0691091,,,,,,,,,,,0.0,0.0,0.0,0.0,0.0,0.0
1773802989.6277897,False,0.3227221,1773802988.0150137,291.21255,268.5798,54.04959,23.363459,0.0691091,,,,,,,,,,,0.0,0.0,0.0,0.0,0.0,0.0
1773802989.6379611,False,0.3227221,1773802988.0150137,291.21255,268.5798,54.04959,23.363459,0.0691091,,,,,,,,,,,0.0,0.0,0.0,0.0,0.0,0.0
1773802989.6481373,False,0.3227221,1773802988.0150137,291.21255,268.5798,54.04959,23.363459,0.0691091,,,,,,,,,,,0.0,0.0,0.0,0.0,0.0,0.0
1773802989.6579053,False,0.3227221,1773802988.0150137,291.21255,268.5798,54.04959,23.363459,0.0691091,,,,,,,,,,,0.0,0.0,0.0,0.0,0.0,0.0
1773802989.6679242,False,0.3227221,1773802988.0150137,291.21255,268.5798,54.04959,23.363459,0.0691091,,,,,,,,,,,0.0,0.0,0.0,0.0,0.0,0.0
1773802989.6782959,False,0.3227221,1773802988.0150137,291.21255,268.5798,54.04959,23.363459,0.0691091,,,,,,,,,,,0.0,0.0,0.0,0.0,0.0,0.0
1773802989.687608,False,0.3227221,1773802988.0150137,291.21255,268.5798,54.04959,23.363459,0.0691091,,,,,,,,,,,0.0,0.0,0.0,0.0,0.0,0.0
1773802989.6977675,False,0.3227221,1773802988.0150137,291.21255,268.5798,54.04959,23.363459,0.0691091,,,,,,,,,,,0.0,0.0,0.0,0.0,0.0,0.0
1773802989.708071,False,0.3227221,1773802988.0150137,291.21255,268.5798,54.04959,23.363459,0.0691091,,,,,,,,,,,0.0,0.0,0.0,0.0,0.0,0.0
1773802989.7182238,False,0.3227221,1773802988.0150137,291.21255,268.5798,54.04959,23.363459,0.0691091,,,,,,,,,,,0.0,0.0,0.0,0.0,0.0,0.0
1773802989.7277522,False,0.3227221,1773802988.0150137,291.21255,268.5798,54.04959,23.363459,0.0691091,,,,,,,,,,,0.0,0.0,0.0,0.0,0.0,0.0
1773802989.7379477,False,0.3227221,1773802988.0150137,291.21255,268.5798,54.04959,23.363459,0.0691091,,,,,,,,,,,0.0,0.0,0.0,0.0,0.0,0.0
1773802989.7484171,False,0.3227221,1773802988.0150137,291.21255,268.5798,54.04959,23.363459,0.0691091,,,,,,,,,,,0.0,0.0,0.0,0.0,0.0,0.0
1773802989.757986,False,0.3227221,1773802988.0150137,291.21255,268.5798,54.04959,23.363459,0.0691091,,,,,,,,,,,0.0,0.0,0.0,0.0,0.0,0.0
1773802989.7680063,False,0.3227221,1773802988.0150137,291.21255,268.5798,54.04959,23.363459,0.0691091,,,,,,,,,,,0.0,0.0,0.0,0.0,0.0,0.0
1773802989.7781372,False,0.3227221,1773802988.0150137,291.21255,268.5798,54.04959,23.363459,0.0691091,,,,,,,,,,,0.0,0.0,0.0,0.0,0.0,0.0
1773802989.787653,False,0.3227221,1773802988.0150137,291.21255,268.5798,54.04959,23.363459,0.0691091,,,,,,,,,,,0.0,0.0,0.0,0.0,0.0,0.0
1773802989.7982054,False,0.3227221,1773802988.0150137,291.21255,268.5798,54.04959,23.363459,0.0691091,,,,,,,,,,,0.0,0.0,0.0,0.0,0.0,0.0
1773802989.8081255,False,0.3227221,1773802988.0150137,291.21255,268.5798,54.04959,23.363459,0.0691091,,,,,,,,,,,0.0,0.0,0.0,0.0,0.0,0.0
1773802989.8179696,False,0.3227221,1773802988.0150137,291.21255,268.5798,54.04959,23.363459,0.0691091,,,,,,,,,,,0.0,0.0,0.0,0.0,0.0,0.0
1773802989.8278043,False,0.3227221,1773802988.0150137,291.21255,268.5798,54.04959,23.363459,0.0691091,,,,,,,,,,,0.0,0.0,0.0,0.0,0.0,0.0
1773802989.837849,False,0.3227221,1773802988.0150137,291.21255,268.5798,54.04959,23.363459,0.0691091,,,,,,,,,,,0.0,0.0,0.0,0.0,0.0,0.0
1773802989.8478887,False,0.3227221,1773802988.0150137,291.21255,268.5798,54.04959,23.363459,0.0691091,,,,,,,,,,,0.0,0.0,0.0,0.0,0.0,0.0
1773802989.8579679,False,0.3227221,1773802988.0150137,291.21255,268.5798,54.04959,23.363459,0.0691091,,,,,,,,,,,0.0,0.0,0.0,0.0,0.0,0.0
1773802989.868,False,0.3227221,1773802988.0150137,291.21255,268.5798,54.04959,23.363459,0.0691091,,,,,,,,,,,0.0,0.0,0.0,0.0,0.0,0.0
1773802989.8778355,False,0.3227221,1773802988.0150137,291.21255,268.5798,54.04959,23.363459,0.0691091,,,,,,,,,,,0.0,0.0,0.0,0.0,0.0,0.0
1773802989.8878603,False,0.3227221,1773802988.0150137,291.21255,268.5798,54.04959,23.363459,0.0691091,,,,,,,,,,,0.0,0.0,0.0,0.0,0.0,0.0
1773802989.897914,False,0.3227221,1773802988.0150137,291.21255,268.5798,54.04959,23.363459,0.0691091,,,,,,,,,,,0.0,0.0,0.0,0.0,0.0,0.0
1773802989.9079921,False,0.3227221,1773802988.0150137,291.21255,268.5798,54.04959,23.363459,0.0691091,,,,,,,,,,,0.0,0.0,0.0,0.0,0.0,0.0
1773802989.9180279,False,0.3227221,1773802988.0150137,291.21255,268.5798,54.04959,23.363459,0.0691091,,,,,,,,,,,0.0,0.0,0.0,0.0,0.0,0.0
1773802989.9280643,False,0.3227221,1773802988.0150137,291.21255,268.5798,54.04959,23.363459,0.0691091,,,,,,,,,,,0.0,0.0,0.0,0.0,0.0,0.0
1773802989.9378805,False,0.3227221,1773802988.0150137,291.21255,268.5798,54.04959,23.363459,0.0691091,,,,,,,,,,,0.0,0.0,0.0,0.0,0.0,0.0
1773802989.9485574,False,0.3227221,1773802988.0150137,291.21255,268.5798,54.04959,23.363459,0.0691091,,,,,,,,,,,0.0,0.0,0.0,0.0,0.0,0.0
1773802989.9580922,False,0.3227221,1773802988.0150137,291.21255,268.5798,54.04959,23.363459,0.0691091,,,,,,,,,,,0.0,0.0,0.0,0.0,0.0,0.0
1773802989.968118,False,0.3227221,1773802988.0150137,291.21255,268.5798,54.04959,23.363459,0.0691091,,,,,,,,,,,0.0,0.0,0.0,0.0,0.0,0.0
1773802989.9781542,False,0.3227221,1773802988.0150137,291.21255,268.5798,54.04959,23.363459,0.0691091,,,,,,,,,,,0.0,0.0,0.0,0.0,0.0,0.0
1773802989.9880018,False,0.3227221,1773802988.0150137,291.21255,268.5798,54.04959,23.363459,0.0691091,,,,,,,,,,,0.0,0.0,0.0,0.0,0.0,0.0
1773802989.9979844,False,0.3227221,1773802988.0150137,291.21255,268.5798,54.04959,23.363459,0.0691091,,,,,,,,,,,0.0,0.0,0.0,0.0,0.0,0.0
1773802990.0082114,False,0.3227221,1773802988.0150137,291.21255,268.5798,54.04959,23.363459,0.0691091,,,,,,,,,,,0.0,0.0,0.0,0.0,0.0,0.0
1773802990.0185547,False,0.3227221,1773802988.0150137,291.21255,268.5798,54.04959,23.363459,0.0691091,,,,,,,,,,,0.0,0.0,0.0,0.0,0.0,0.0
1773802990.0281012,False,0.3227221,1773802988.0150137,291.21255,268.5798,54.04959,23.363459,0.0691091,,,,,,,,,,,0.0,0.0,0.0,0.0,0.0,0.0
1773802990.0381308,False,0.3227221,1773802988.0150137,291.21255,268.5798,54.04959,23.363459,0.0691091,,,,,,,,,,,0.0,0.0,0.0,0.0,0.0,0.0
1773802990.0478377,False,0.3227221,1773802988.0150137,291.21255,268.5798,54.04959,23.363459,0.0691091,,,,,,,,,,,0.0,0.0,0.0,0.0,0.0,0.0
1773802990.0575411,False,0.3227221,1773802988.0150137,291.21255,268.5798,54.04959,23.363459,0.0691091,,,,,,,,,,,0.0,0.0,0.0,0.0,0.0,0.0
1773802990.0678477,False,0.3227221,1773802988.0150137,291.21255,268.5798,54.04959,23.363459,0.0691091,,,,,,,,,,,0.0,0.0,0.0,0.0,0.0,0.0
1773802990.0778763,False,0.3227221,1773802988.0150137,291.21255,268.5798,54.04959,23.363459,0.0691091,,,,,,,,,,,0.0,0.0,0.0,0.0,0.0,0.0
1773802990.0877485,False,0.3227221,1773802988.0150137,291.21255,268.5798,54.04959,23.363459,0.0691091,,,,,,,,,,,0.0,0.0,0.0,0.0,0.0,0.0
1773802990.0978951,False,0.3227221,1773802988.0150137,291.21255,268.5798,54.04959,23.363459,0.0691091,,,,,,,,,,,0.0,0.0,0.0,0.0,0.0,0.0
1773802990.1080842,False,0.3227221,1773802988.0150137,291.21255,268.5798,54.04959,23.363459,0.0691091,,,,,,,,,,,0.0,0.0,0.0,0.0,0.0,0.0
1773802990.1176782,False,0.3227221,1773802988.0150137,291.21255,268.5798,54.04959,23.363459,0.0691091,,,,,,,,,,,0.0,0.0,0.0,0.0,0.0,0.0
1773802990.1285386,False,0.3227221,1773802988.0150137,291.21255,268.5798,54.04959,23.363459,0.0691091,,,,,,,,,,,0.0,0.0,0.0,0.0,0.0,0.0
1773802990.1377058,False,0.3227221,1773802988.0150137,291.21255,268.5798,54.04959,23.363459,0.0691091,,,,,,,,,,,0.0,0.0,0.0,0.0,0.0,0.0
1773802990.1479435,False,0.3227221,1773802988.0150137,291.21255,268.5798,54.04959,23.363459,0.0691091,,,,,,,,,,,0.0,0.0,0.0,0.0,0.0,0.0
1773802990.15782,False,0.3227221,1773802988.0150137,291.21255,268.5798,54.04959,23.363459,0.0691091,,,,,,,,,,,0.0,0.0,0.0,0.0,0.0,0.0
1773802990.1679366,False,0.3227221,1773802988.0150137,291.21255,268.5798,54.04959,23.363459,0.0691091,,,,,,,,,,,0.0,0.0,0.0,0.0,0.0,0.0
1773802990.1780403,False,0.3227221,1773802988.0150137,291.21255,268.5798,54.04959,23.363459,0.0691091,,,,,,,,,,,0.0,0.0,0.0,0.0,0.0,0.0
1773802990.188218,False,0.3227221,1773802988.0150137,291.21255,268.5798,54.04959,23.363459,0.0691091,,,,,,,,,,,0.0,0.0,0.0,0.0,0.0,0.0
1773802990.1987717,False,0.3227221,1773802988.0150137,291.21255,268.5798,54.04959,23.363459,0.0691091,,,,,,,,,,,0.0,0.0,0.0,0.0,0.0,0.0
1773802990.2080383,False,0.3227221,1773802988.0150137,291.21255,268.5798,54.04959,23.363459,0.0691091,,,,,,,,,,,0.0,0.0,0.0,0.0,0.0,0.0
1773802990.2186058,False,0.3227221,1773802988.0150137,291.21255,268.5798,54.04959,23.363459,0.0691091,,,,,,,,,,,0.0,0.0,0.0,0.0,0.0,0.0
1773802990.2291744,False,0.3227221,1773802988.0150137,291.21255,268.5798,54.04959,23.363459,0.0691091,,,,,,,,,,,0.0,0.0,0.0,0.0,0.0,0.0
1773802990.2382174,False,0.3227221,1773802988.0150137,291.21255,268.5798,54.04959,23.363459,0.0691091,,,,,,,,,,,0.0,0.0,0.0,0.0,0.0,0.0
1773802990.2482703,False,0.3227221,1773802988.0150137,291.21255,268.5798,54.04959,23.363459,0.0691091,,,,,,,,,,,0.0,0.0,0.0,0.0,0.0,0.0
1773802990.258062,False,0.3227221,1773802988.0150137,291.21255,268.5798,54.04959,23.363459,0.0691091,,,,,,,,,,,0.0,0.0,0.0,0.0,0.0,0.0
1773802990.2679176,False,0.3227221,1773802988.0150137,291.21255,268.5798,54.04959,23.363459,0.0691091,,,,,,,,,,,0.0,0.0,0.0,0.0,0.0,0.0
1773802990.2782972,False,0.3227221,1773802988.0150137,291.21255,268.5798,54.04959,23.363459,0.0691091,,,,,,,,,,,0.0,0.0,0.0,0.0,0.0,0.0
1773802990.287823,False,0.3227221,1773802988.0150137,291.21255,268.5798,54.04959,23.363459,0.0691091,,,,,,,,,,,0.0,0.0,0.0,0.0,0.0,0.0
1773802990.2977746,False,0.3227221,1773802988.0150137,291.21255,268.5798,54.04959,23.363459,0.0691091,,,,,,,,,,,0.0,0.0,0.0,0.0,0.0,0.0
1773802990.3083658,False,0.3227221,1773802988.0150137,291.21255,268.5798,54.04959,23.363459,0.0691091,,,,,,,,,,,0.0,0.0,0.0,0.0,0.0,0.0
1773802990.3179026,False,0.3227221,1773802988.0150137,291.21255,268.5798,54.04959,23.363459,0.0691091,,,,,,,,,,,0.0,0.0,0.0,0.0,0.0,0.0
1773802990.327728,False,0.3227221,1773802988.0150137,291.21255,268.5798,54.04959,23.363459,0.0691091,,,,,,,,,,,0.0,0.0,0.0,0.0,0.0,0.0
1773802990.3377867,False,0.3227221,1773802988.0150137,291.21255,268.5798,54.04959,23.363459,0.0691091,,,,,,,,,,,0.0,0.0,0.0,0.0,0.0,0.0
1773802990.3481042,False,0.3227221,1773802988.0150137,291.21255,268.5798,54.04959,23.363459,0.0691091,,,,,,,,,,,0.0,0.0,0.0,0.0,0.0,0.0
1773802990.3582256,False,0.3227221,1773802988.0150137,291.21255,268.5798,54.04959,23.363459,0.0691091,,,,,,,,,,,0.0,0.0,0.0,0.0,0.0,0.0
1773802990.368366,False,0.3227221,1773802988.0150137,291.21255,268.5798,54.04959,23.363459,0.0691091,,,,,,,,,,,0.0,0.0,0.0,0.0,0.0,0.0
1773802990.3778844,False,0.3227221,1773802988.0150137,291.21255,268.5798,54.04959,23.363459,0.0691091,,,,,,,,,,,0.0,0.0,0.0,0.0,0.0,0.0
1773802990.388016,False,0.3227221,1773802988.0150137,291.21255,268.5798,54.04959,23.363459,0.0691091,,,,,,,,,,,0.0,0.0,0.0,0.0,0.0,0.0
1773802990.3977103,False,0.3227221,1773802988.0150137,291.21255,268.5798,54.04959,23.363459,0.0691091,,,,,,,,,,,0.0,0.0,0.0,0.0,0.0,0.0
1773802990.4080644,False,0.3227221,1773802988.0150137,291.21255,268.5798,54.04959,23.363459,0.0691091,,,,,,,,,,,0.0,0.0,0.0,0.0,0.0,0.0
1773802990.4177077,False,0.3227221,1773802988.0150137,291.21255,268.5798,54.04959,23.363459,0.0691091,,,,,,,,,,,0.0,0.0,0.0,0.0,0.0,0.0
1773802990.4282477,False,0.3227221,1773802988.0150137,291.21255,268.5798,54.04959,23.363459,0.0691091,,,,,,,,,,,0.0,0.0,0.0,0.0,0.0,0.0
1773802990.4379122,False,0.3227221,1773802988.0150137,291.21255,268.5798,54.04959,23.363459,0.0691091,,,,,,,,,,,0.0,0.0,0.0,0.0,0.0,0.0
1773802990.4477758,False,0.3227221,1773802988.0150137,291.21255,268.5798,54.04959,23.363459,0.0691091,,,,,,,,,,,0.0,0.0,0.0,0.0,0.0,0.0
1773802990.4578116,False,0.3227221,1773802988.0150137,291.21255,268.5798,54.04959,23.363459,0.0691091,,,,,,,,,,,0.0,0.0,0.0,0.0,0.0,0.0
1773802990.4681256,False,0.3227221,1773802988.0150137,291.21255,268.5798,54.04959,23.363459,0.0691091,,,,,,,,,,,0.0,0.0,0.0,0.0,0.0,0.0
1773802990.4778502,False,0.3227221,1773802988.0150137,291.21255,268.5798,54.04959,23.363459,0.0691091,,,,,,,,,,,0.0,0.0,0.0,0.0,0.0,0.0
1773802990.4879506,False,0.3227221,1773802988.0150137,291.21255,268.5798,54.04959,23.363459,0.0691091,,,,,,,,,,,0.0,0.0,0.0,0.0,0.0,0.0
1773802990.4978232,False,0.3227221,1773802988.0150137,291.21255,268.5798,54.04959,23.363459,0.0691091,,,,,,,,,,,0.0,0.0,0.0,0.0,0.0,0.0
1773802990.5078757,False,0.3227221,1773802988.0150137,291.21255,268.5798,54.04959,23.363459,0.0691091,,,,,,,,,,,0.0,0.0,0.0,0.0,0.0,0.0
1773802990.5181222,False,0.3227221,1773802988.0150137,291.21255,268.5798,54.04959,23.363459,0.0691091,,,,,,,,,,,0.0,0.0,0.0,0.0,0.0,0.0
1773802990.5278418,False,0.3227221,1773802988.0150137,291.21255,268.5798,54.04959,23.363459,0.0691091,,,,,,,,,,,0.0,0.0,0.0,0.0,0.0,0.0
1773802990.5383863,False,0.3227221,1773802988.0150137,291.21255,268.5798,54.04959,23.363459,0.0691091,,,,,,,,,,,0.0,0.0,0.0,0.0,0.0,0.0
1773802990.5483315,False,0.3227221,1773802988.0150137,291.21255,268.5798,54.04959,23.363459,0.0691091,,,,,,,,,,,0.0,0.0,0.0,0.0,0.0,0.0
1773802990.5578468,False,0.3227221,1773802988.0150137,291.21255,268.5798,54.04959,23.363459,0.0691091,,,,,,,,,,,0.0,0.0,0.0,0.0,0.0,0.0
1773802990.5678458,False,0.3227221,1773802988.0150137,291.21255,268.5798,54.04959,23.363459,0.0691091,,,,,,,,,,,0.0,0.0,0.0,0.0,0.0,0.0
1773802990.5778682,False,0.3227221,1773802988.0150137,291.21255,268.5798,54.04959,23.363459,0.0691091,,,,,,,,,,,0.0,0.0,0.0,0.0,0.0,0.0
1773802990.5882568,False,0.3227221,1773802988.0150137,291.21255,268.5798,54.04959,23.363459,0.0691091,,,,,,,,,,,0.0,0.0,0.0,0.0,0.0,0.0
1773802990.5978317,False,0.3227221,1773802988.0150137,291.21255,268.5798,54.04959,23.363459,0.0691091,,,,,,,,,,,0.0,0.0,0.0,0.0,0.0,0.0
1773802990.6079535,False,0.3227221,1773802988.0150137,291.21255,268.5798,54.04959,23.363459,0.0691091,,,,,,,,,,,0.0,0.0,0.0,0.0,0.0,0.0
1773802990.6216886,False,0.3227221,1773802988.0150137,291.21255,268.5798,54.04959,23.363459,0.0691091,,,,,,,,,,,0.0,0.0,0.0,0.0,0.0,0.0
1773802990.6312487,False,0.3227221,1773802988.0150137,291.21255,268.5798,54.04959,23.363459,0.0691091,,,,,,,,,,,0.0,0.0,0.0,0.0,0.0,0.0
1773802990.637776,False,0.3227221,1773802988.0150137,291.21255,268.5798,54.04959,23.363459,0.0691091,,,,,,,,,,,0.0,0.0,0.0,0.0,0.0,0.0
